Format Version,1.23,Take Name,astro_optitrack_cuk_001,Take Notes,,Capture Frame Rate,120.000000,Export Frame Rate,120.000000,Capture Start Time,2026-08-21 06.43.07.396 PM,Capture Start Frame,746709,Total Frames in Take,2851,Total Exported Frames,2851,Rotation Type,Quaternion,Length Units,Millimeters,Coordinate Space,Global

,Type,Marker,Marker,Marker,Marker,Marker,Marker
,Name,Unlabeled 1269,Unlabeled 1269,Unlabeled 1269,Unlabeled 1270,Unlabeled 1270,Unlabeled 1270
,ID,"462DFAED4DF9D7011F1","462DFAED4DF9D7011F1","462DFAED4DF9D7011F1","525DFAED4DF9D7011F1","525DFAED4DF9D7011F1","525DFAED4DF9D7011F1"
,,Position,Position,Position,Position,Position,Position
Frame,Time (Seconds),X,Y,Z,X,Y,Z
0,0.000000,-9.084138,144.314301,210.520935,,,
1,0.008000,-9.122204,144.328033,210.538849,,,
2,0.017000,-9.081795,144.336853,210.546951,,,
3,0.025000,-9.073047,144.362091,210.541794,,,
4,0.033000,-9.051654,144.369278,210.549362,,,
5,0.042000,-9.091294,144.342087,210.520630,,,
6,0.050000,-9.098591,144.328583,210.518417,,,
7,0.058000,-9.091339,144.334259,210.526276,,,
8,0.067000,-9.079519,144.350403,210.526276,,,
9,0.075000,-9.098243,144.377716,210.534897,,,
10,0.083000,-9.056429,144.352219,210.534378,,,
11,0.092000,-9.084971,144.350525,210.527634,,,
12,0.100000,-9.102422,144.332092,210.522644,,,
13,0.108000,-9.121059,144.349777,210.530579,,,
14,0.117000,-9.098096,144.365860,210.547394,,,
15,0.125000,-9.095944,144.354004,210.510666,,,
16,0.133000,-9.072994,144.357895,210.517960,,,
17,0.142000,-9.088313,144.360672,210.528152,,,
18,0.150000,-9.082224,144.371063,210.525391,,,
19,0.158000,-9.074998,144.368256,210.528122,,,
20,0.167000,-9.082428,144.372757,210.536560,,,
21,0.175000,-9.107565,144.354828,210.510162,,,
22,0.183000,-9.114824,144.333084,210.505432,,,
23,0.192000,-9.105862,144.349731,210.537048,,,
24,0.200000,-9.098047,144.354752,210.525925,,,
25,0.208000,-9.079123,144.346512,210.537003,,,
26,0.217000,-9.062827,144.375656,210.542480,,,
27,0.225000,-9.100354,144.332581,210.502426,,,
28,0.233000,-9.133766,144.316681,210.503403,,,
29,0.242000,-9.117384,144.322556,210.539062,,,
30,0.250000,-9.093053,144.345444,210.543045,,,
31,0.258000,-9.045385,144.373428,210.547104,,,
32,0.267000,-9.058006,144.365280,210.526016,,,
33,0.275000,-9.083523,144.359818,210.521606,,,
34,0.283000,-9.105639,144.365906,210.525040,,,
35,0.292000,-9.128181,144.337891,210.518204,,,
36,0.300000,-9.044912,144.360886,210.525955,,,
37,0.308000,-9.064282,144.383850,210.536423,,,
38,0.317000,-9.055253,144.373505,210.528809,,,
39,0.325000,-9.063137,144.332779,210.518555,,,
40,0.333000,-9.076374,144.355408,210.541183,,,
41,0.342000,-9.066792,144.367691,210.533997,,,
42,0.350000,-9.062087,144.358765,210.525253,,,
43,0.358000,-9.021064,144.348999,210.529251,,,
44,0.367000,-9.061386,144.358688,210.543671,,,
45,0.375000,-9.086097,144.352356,210.555145,,,
46,0.383000,-9.077574,144.357162,210.566345,,,
47,0.392000,-9.071616,144.338684,210.545822,,,
48,0.400000,-9.065172,144.316696,210.521133,,,
49,0.408000,-9.067235,144.319824,210.515442,,,
50,0.417000,-9.118998,144.358261,210.523590,,,
51,0.425000,-9.063173,144.364670,210.538239,,,
52,0.433000,-9.075088,144.389984,210.536880,,,
53,0.442000,-9.072483,144.347977,210.517075,,,
54,0.450000,-9.055869,144.336273,210.529846,,,
55,0.458000,-9.070558,144.346970,210.534134,,,
56,0.467000,-9.050713,144.318512,210.552368,,,
57,0.475000,-9.078892,144.341537,210.544571,,,
58,0.483000,-9.076293,144.337921,210.543747,,,
59,0.492000,-9.008050,144.342178,210.553543,,,
60,0.500000,-9.055233,144.345383,210.541733,,,
61,0.508000,-9.040686,144.354187,210.560318,,,
62,0.517000,-9.036067,144.352356,210.544678,,,
63,0.525000,-9.051119,144.335968,210.552338,,,
64,0.533000,-9.065313,144.307114,210.526520,,,
65,0.542000,-9.078388,144.332291,210.533386,,,
66,0.550000,-9.099878,144.309677,210.509277,,,
67,0.558000,-9.114574,144.306290,210.505737,,,
68,0.567000,-9.087812,144.333603,210.561508,,,
69,0.575000,-9.087956,144.358490,210.542068,,,
70,0.583000,-9.080551,144.326828,210.530273,,,
71,0.592000,-9.068683,144.318817,210.530823,,,
72,0.600000,-9.097238,144.324203,210.542435,,,
73,0.608000,-9.101550,144.322922,210.537491,,,
74,0.617000,-9.104675,144.353409,210.541611,,,
75,0.625000,-9.097668,144.329483,210.491425,,,
76,0.633000,-9.091963,144.339615,210.474686,,,
77,0.642000,-9.062163,144.341522,210.496582,,,
78,0.650000,-9.063907,144.333527,210.524414,,,
79,0.658000,-9.095681,144.359024,210.530472,,,
80,0.667000,-9.085377,144.340729,210.496902,,,
81,0.675000,-9.081994,144.355209,210.535950,,,
82,0.683000,-9.068870,144.332916,210.538773,,,
83,0.692000,-9.067271,144.343185,210.550491,,,
84,0.700000,-9.105071,144.351746,210.546509,,,
85,0.708000,-9.082772,144.330704,210.527847,,,
86,0.717000,-9.057977,144.352600,210.538055,,,
87,0.725000,-9.067442,144.337830,210.521713,,,
88,0.733000,-9.100911,144.346741,210.518631,,,
89,0.742000,-9.121193,144.324402,210.513275,,,
90,0.750000,-9.104935,144.325699,210.522690,,,
91,0.758000,-9.102926,144.330963,210.529160,,,
92,0.767000,-9.082825,144.315155,210.497635,,,
93,0.775000,-9.075983,144.316772,210.515671,,,
94,0.783000,-9.128146,144.305664,210.494934,,,
95,0.792000,-9.163465,144.350250,210.529877,,,
96,0.800000,-9.092644,144.361603,210.537048,,,
97,0.808000,-9.063550,144.363617,210.530365,,,
98,0.817000,-9.050216,144.349686,210.529236,,,
99,0.825000,-9.091371,144.361816,210.543182,,,
100,0.833000,-9.094748,144.326477,210.536819,,,
101,0.842000,-9.103106,144.327606,210.538116,,,
102,0.850000,-9.062312,144.359940,210.533646,,,
103,0.858000,-9.075584,144.358887,210.497665,,,
104,0.867000,-9.065520,144.356232,210.511841,,,
105,0.875000,-9.123635,144.337540,210.531189,,,
106,0.883000,-9.136933,144.331406,210.533463,,,
107,0.892000,-9.090911,144.346207,210.522964,,,
108,0.900000,-9.075405,144.350067,210.528381,,,
109,0.908000,-9.038301,144.351089,210.526474,,,
110,0.917000,-9.063007,144.365692,210.538010,,,
111,0.925000,-9.092670,144.369110,210.544052,,,
112,0.933000,-9.096308,144.345474,210.523712,,,
113,0.942000,-9.098406,144.323761,210.516846,,,
114,0.950000,-9.077175,144.329453,210.537369,,,
115,0.958000,-9.060977,144.328598,210.546631,,,
116,0.967000,-9.065642,144.290848,210.554138,,,
117,0.975000,-9.119351,144.312881,210.556808,,,
118,0.983000,-9.060306,144.332626,210.545349,,,
119,0.992000,-9.072323,144.358398,210.524490,,,
120,1.000000,-9.101553,144.342758,210.520462,,,
121,1.008000,-9.070560,144.328629,210.517883,,,
122,1.017000,-9.099950,144.334167,210.533020,,,
123,1.025000,-9.062716,144.333740,210.514343,,,
124,1.033000,-9.061457,144.341217,210.518204,,,
125,1.042000,-9.069105,144.333481,210.526352,,,
126,1.050000,-9.071599,144.341080,210.524261,,,
127,1.058000,-9.077724,144.342773,210.543610,,,
128,1.067000,-9.095904,144.331314,210.537262,,,
129,1.075000,-9.042252,144.338989,210.546982,,,
130,1.083000,-9.056597,144.306290,210.521484,,,
131,1.092000,-9.066691,144.328781,210.527649,,,
132,1.100000,-9.076481,144.337997,210.535477,,,
133,1.108000,-9.095377,144.332397,210.538910,,,
134,1.117000,-9.030169,144.354782,210.576050,,,
135,1.125000,-9.024355,144.337418,210.524094,,,
136,1.133000,-9.038567,144.348282,210.533325,,,
137,1.142000,-9.076354,144.324310,210.535751,,,
138,1.150000,-9.118715,144.325363,210.524689,,,
139,1.158000,-9.101889,144.358002,210.533447,,,
140,1.167000,-9.069917,144.335129,210.524155,,,
141,1.175000,-9.048973,144.345215,210.557266,,,
142,1.183000,-9.054461,144.337723,210.542709,,,
143,1.192000,-9.075330,144.356033,210.550522,,,
144,1.200000,-9.063170,144.320786,210.532440,,,
145,1.208000,-9.060932,144.335739,210.557159,,,
146,1.217000,-9.014258,144.324005,210.541016,,,
147,1.225000,-9.061410,144.342972,210.544830,,,
148,1.233000,-9.103474,144.354095,210.538010,,,
149,1.242000,-9.074812,144.340500,210.557602,,,
150,1.250000,-9.072959,144.366241,210.539261,,,
151,1.258000,-9.042957,144.355331,210.559143,,,
152,1.267000,-9.021301,144.345886,210.546509,,,
153,1.275000,-9.057114,144.349136,210.536072,,,
154,1.283000,-9.092217,144.336807,210.554688,,,
155,1.292000,-9.095362,144.337158,210.550247,,,
156,1.300000,-9.081898,144.346237,210.522400,,,
157,1.308000,-9.078885,144.338776,210.520798,,,
158,1.317000,-9.047421,144.334381,210.528000,,,
159,1.325000,-9.080263,144.321960,210.530899,,,
160,1.333000,-9.090334,144.326599,210.516266,,,
161,1.342000,-9.085671,144.318573,210.517883,,,
162,1.350000,-9.077327,144.328064,210.522232,,,
163,1.358000,-9.060345,144.348541,210.542358,,,
164,1.367000,-9.075578,144.350098,210.529068,,,
165,1.375000,-9.071856,144.346970,210.525742,,,
166,1.383000,-9.108087,144.353073,210.523911,,,
167,1.392000,-9.090973,144.354523,210.533691,,,
168,1.400000,-9.075352,144.335251,210.535599,,,
169,1.408000,-9.090446,144.343216,210.545212,,,
170,1.417000,-9.053744,144.312943,210.529160,,,
171,1.425000,-9.081071,144.329788,210.545746,,,
172,1.433000,-9.089630,144.339630,210.559708,,,
173,1.442000,-9.088442,144.349060,210.557999,,,
174,1.450000,-9.094893,144.312408,210.525833,,,
175,1.458000,-9.059913,144.317139,210.536713,,,
176,1.467000,-9.046361,144.313477,210.538239,,,
177,1.475000,-9.082140,144.305725,210.536591,,,
178,1.483000,-9.100244,144.323914,210.554184,,,
179,1.492000,-9.086415,144.292465,210.515213,,,
180,1.500000,-9.072924,144.288818,210.521408,,,
181,1.508000,-9.089381,144.312408,210.522232,,,
182,1.517000,-9.085643,144.319397,210.535263,,,
183,1.525000,-9.056972,144.309921,210.544464,,,
184,1.533000,-9.072803,144.312485,210.541245,,,
185,1.542000,-9.100945,144.323471,210.535706,,,
186,1.550000,-9.055556,144.329514,210.560699,,,
187,1.558000,-9.083517,144.340393,210.550888,,,
188,1.567000,-9.052254,144.358795,210.590515,,,
189,1.575000,-9.062411,144.325958,210.552872,,,
190,1.583000,-9.082388,144.298050,210.518570,,,
191,1.592000,-9.119806,144.308594,210.515274,,,
192,1.600000,-9.075579,144.307343,210.547195,,,
193,1.608000,-9.020322,144.345718,210.566544,,,
194,1.617000,-9.013075,144.349152,210.550262,,,
195,1.625000,-9.059973,144.333069,210.546249,,,
196,1.633000,-9.117535,144.324631,210.545609,,,
197,1.642000,-9.098848,144.339554,210.541992,,,
198,1.650000,-9.051115,144.324478,210.551300,,,
199,1.658000,-9.030231,144.329391,210.556427,,,
200,1.667000,-9.053424,144.309830,210.537109,,,
201,1.675000,-9.064406,144.335175,210.534714,,,
202,1.683000,-9.059546,144.350769,210.549591,,,
203,1.692000,-9.078570,144.356094,210.567245,,,
204,1.700000,-9.070014,144.318588,210.558594,,,
205,1.708000,-9.083528,144.323364,210.541565,,,
206,1.717000,-9.099734,144.336716,210.508209,,,
207,1.725000,-9.048476,144.344849,210.554703,,,
208,1.733000,-9.068117,144.353638,210.565720,,,
209,1.742000,-9.074708,144.334457,210.528030,,,
210,1.750000,-9.082047,144.333481,210.522888,,,
211,1.758000,-9.059274,144.346603,210.542709,,,
212,1.767000,-9.036984,144.342422,210.531937,,,
213,1.775000,-9.059309,144.344803,210.545776,,,
214,1.783000,-9.046498,144.332443,210.546631,,,
215,1.792000,-9.061165,144.338104,210.555206,,,
216,1.800000,-9.089728,144.338898,210.518448,,,
217,1.808000,-9.084848,144.357544,210.529251,,,
218,1.817000,-9.034746,144.335983,210.547150,,,
219,1.825000,-9.044933,144.350876,210.562531,,,
220,1.833000,-9.065400,144.355789,210.544159,,,
221,1.842000,-9.066728,144.320267,210.536057,,,
222,1.850000,-9.096848,144.340881,210.549850,,,
223,1.858000,-9.051627,144.332062,210.549362,,,
224,1.867000,-9.067341,144.345825,210.563614,,,
225,1.875000,-9.082903,144.347290,210.532089,,,
226,1.883000,-9.075210,144.354477,210.527039,,,
227,1.892000,-9.038403,144.376511,210.531036,,,
228,1.900000,-9.030142,144.329544,210.532669,,,
229,1.908000,-9.055491,144.339066,210.544708,,,
230,1.917000,-9.075047,144.330368,210.552872,,,
231,1.925000,-9.080844,144.322891,210.531616,,,
232,1.933000,-9.078122,144.365555,210.565598,,,
233,1.942000,-9.044822,144.304108,210.538452,,,
234,1.950000,-9.122724,144.309418,210.505280,,,
235,1.958000,-9.110794,144.283081,210.504593,,,
236,1.967000,-9.092365,144.301529,210.511520,,,
237,1.975000,-9.087497,144.340973,210.548080,,,
238,1.983000,-9.051821,144.335342,210.544617,,,
239,1.992000,-9.067250,144.311356,210.523148,,,
240,2.000000,-9.111454,144.323303,210.519989,,,
241,2.008000,-9.097902,144.353882,210.534271,,,
242,2.017000,-9.070952,144.359863,210.525314,,,
243,2.025000,-9.082264,144.334137,210.528381,,,
244,2.033000,-9.067171,144.300217,210.514877,,,
245,2.042000,-9.087365,144.329346,210.520950,,,
246,2.050000,-9.072609,144.332382,210.516800,,,
247,2.058000,-9.061584,144.337860,210.533264,,,
248,2.067000,-9.076138,144.369019,210.529800,,,
249,2.075000,-9.070279,144.354996,210.508926,,,
250,2.083000,-9.093151,144.373856,210.513275,,,
251,2.092000,-9.086258,144.347656,210.522842,,,
252,2.100000,-9.064008,144.349609,210.530167,,,
253,2.108000,-9.065281,144.352905,210.526215,,,
254,2.117000,-9.082111,144.363190,210.526062,,,
255,2.125000,-9.078245,144.371552,210.512421,,,
256,2.133000,-9.082829,144.363022,210.529312,,,
257,2.142000,-9.115721,144.375336,210.535324,,,
258,2.150000,-9.096004,144.322754,210.514755,,,
259,2.158000,-9.093314,144.347931,210.515961,,,
260,2.167000,-9.106947,144.327301,210.488159,,,
261,2.175000,-9.079248,144.332870,210.535858,,,
262,2.183000,-9.070708,144.347885,210.550522,,,
263,2.192000,-9.085670,144.367249,210.562531,,,
264,2.200000,-9.076505,144.345932,210.529114,,,
265,2.208000,-9.067805,144.360703,210.523849,,,
266,2.217000,-9.085442,144.342316,210.500244,,,
267,2.225000,-9.086405,144.369766,210.535370,,,
268,2.233000,-9.093016,144.320145,210.542221,,,
269,2.242000,-9.090191,144.312653,210.530701,,,
270,2.250000,-9.124743,144.336426,210.503998,,,
271,2.258000,-9.091790,144.333481,210.508896,,,
272,2.267000,-9.011425,144.327408,210.534164,,,
273,2.275000,-9.045024,144.349304,210.554184,,,
274,2.283000,-9.082596,144.347916,210.525543,,,
275,2.292000,-9.110763,144.366852,210.540787,,,
276,2.300000,-9.065778,144.356201,210.536667,,,
277,2.308000,-9.035382,144.357635,210.558060,,,
278,2.317000,-9.044399,144.350403,210.546844,,,
279,2.325000,-9.108483,144.345276,210.510712,,,
280,2.333000,-9.091248,144.344147,210.529602,,,
281,2.342000,-9.020877,144.345108,210.525375,,,
282,2.350000,-9.022799,144.379364,210.563248,,,
283,2.358000,-9.017652,144.358002,210.529861,,,
284,2.367000,-9.093556,144.338684,210.519821,,,
285,2.375000,-9.101686,144.338974,210.526642,,,
286,2.383000,-9.043421,144.334656,210.530273,,,
287,2.392000,-9.064817,144.364609,210.529083,,,
288,2.400000,-9.029900,144.355560,210.526764,,,
289,2.408000,-9.067173,144.344940,210.543518,,,
290,2.417000,-9.057897,144.344604,210.551727,,,
291,2.425000,-9.065570,144.361801,210.537048,,,
292,2.433000,-9.042717,144.335617,210.527206,,,
293,2.442000,-9.050825,144.343948,210.539902,,,
294,2.450000,-9.034440,144.362915,210.651123,,,
295,2.458000,-8.995002,144.332993,210.897247,,,
296,2.467000,-9.045762,144.304977,211.244461,,,
297,2.475000,-9.126795,144.346313,211.726791,,,
298,2.483000,-9.139829,144.387192,212.276855,,,
299,2.492000,-9.125886,144.404083,212.942734,,,
300,2.500000,-9.282572,144.530594,213.726471,,,
301,2.508000,-9.417023,144.583298,214.648621,,,
302,2.517000,-9.422276,144.553299,215.720932,,,
303,2.525000,-9.463063,144.444580,216.936432,,,
304,2.533000,-9.530233,144.394791,218.163422,,,
305,2.542000,-9.666368,144.468445,219.557693,,,
306,2.550000,-9.738532,144.495056,220.957504,,,
307,2.558000,-9.744628,144.553040,222.470581,,,
308,2.567000,-9.873926,144.686447,224.061249,,,
309,2.575000,-10.053887,144.781769,225.643173,,,
310,2.583000,-10.103060,144.879501,227.400864,,,
311,2.592000,-10.249642,145.031296,229.169098,,,
312,2.600000,-10.402295,145.166077,231.043655,,,
313,2.608000,-10.452841,145.128876,233.013428,,,
314,2.617000,-10.693984,145.242096,235.029922,,,
315,2.625000,-10.755508,145.286163,237.133957,,,
316,2.633000,-10.978782,145.372711,239.409744,,,
317,2.642000,-11.084094,145.342590,241.694839,,,
318,2.650000,-11.412875,145.522125,244.120865,,,
319,2.658000,-11.443200,145.494217,246.448486,,,
320,2.667000,-11.690022,145.713486,248.950821,,,
321,2.675000,-11.741045,145.849426,251.586594,,,
322,2.683000,-11.992026,145.965271,254.436172,,,
323,2.692000,-12.184561,145.906586,257.331085,,,
324,2.700000,-12.259107,145.871567,260.244873,,,
325,2.708000,-12.575294,146.001114,263.280609,,,
326,2.717000,-12.677088,146.089294,266.278900,,,
327,2.725000,-12.804461,146.206009,269.217346,,,
328,2.733000,-13.027824,146.461884,272.259857,,,
329,2.742000,-13.219588,146.640152,275.385376,,,
330,2.750000,-13.291737,146.608490,278.442902,,,
331,2.758000,-13.555267,146.608383,281.644684,,,
332,2.767000,-13.889808,146.679245,285.048218,,,
333,2.775000,-13.948500,146.776978,288.197021,,,
334,2.783000,-14.160802,146.857986,291.354492,,,
335,2.792000,-14.486204,147.075058,294.719147,,,
336,2.800000,-14.646967,147.138794,298.028381,,,
337,2.808000,-14.822712,147.163345,301.502869,,,
338,2.817000,-15.150385,147.382385,305.029053,,,
339,2.825000,-15.306652,147.504288,308.407135,,,
340,2.833000,-15.462406,147.638733,311.887604,,,
341,2.842000,-15.724405,147.753876,315.390778,,,
342,2.850000,-15.974183,147.951889,318.943787,,,
343,2.858000,-16.150299,148.141891,322.441345,,,
344,2.867000,-16.278231,148.159439,326.078033,,,
345,2.875000,-16.526543,148.190384,329.731781,,,
346,2.883000,-16.773285,148.359619,333.333862,,,
347,2.892000,-16.875381,148.423248,336.793579,,,
348,2.900000,-17.192379,148.585556,340.474396,,,
349,2.908000,-17.568680,148.874924,344.290497,,,
350,2.917000,-17.707426,148.790222,348.013306,,,
351,2.925000,-17.892452,148.827301,351.869690,,,
352,2.933000,-17.992992,149.061066,355.550995,,,
353,2.942000,-18.363157,149.310883,359.184875,,,
354,2.950000,-18.701536,149.434143,362.945221,,,
355,2.958000,-19.019157,149.480362,366.790344,,,
356,2.967000,-19.134100,149.498383,370.663910,,,
357,2.975000,-19.309216,149.730927,374.536163,,,
358,2.983000,-19.573555,149.867676,378.309082,,,
359,2.992000,-19.896364,149.878250,382.109985,,,
360,3.000000,-20.118567,150.138535,385.986328,,,
361,3.008000,-20.399910,150.350891,389.911377,,,
362,3.017000,-20.561310,150.370422,393.872040,,,
363,3.025000,-20.801504,150.456268,397.769379,,,
364,3.033000,-21.031132,150.565155,401.641846,,,
365,3.042000,-21.245798,150.778229,405.594238,,,
366,3.050000,-21.703497,150.953064,409.495697,,,
367,3.058000,-22.028889,150.952393,413.459839,,,
368,3.067000,-22.234457,151.106644,417.395416,,,
369,3.075000,-22.479912,151.329269,421.247833,,,
370,3.083000,-22.791735,151.467743,425.182831,,,
371,3.092000,-23.196478,151.627075,429.185852,,,
372,3.100000,-23.511332,151.653839,433.305847,,,
373,3.108000,-23.643866,151.796936,437.493744,,,
374,3.117000,-23.952650,151.992630,441.393127,,,
375,3.125000,-24.287550,152.144180,445.301727,,,
376,3.133000,-24.667070,152.307983,449.370850,,,
377,3.142000,-24.983135,152.513000,453.395111,,,
378,3.150000,-25.232191,152.600525,457.477631,,,
379,3.158000,-25.585194,152.631027,461.563812,,,
380,3.167000,-25.909374,152.805054,465.582245,,,
381,3.175000,-26.200550,152.974930,469.590057,,,
382,3.183000,-26.494072,153.121902,473.756348,,,
383,3.192000,-26.791513,153.210281,478.071228,,,
384,3.200000,-27.091295,153.274277,482.191071,,,
385,3.208000,-27.431732,153.339417,486.086853,,,
386,3.217000,-27.793737,153.632889,490.203491,,,
387,3.225000,-28.266489,153.853012,494.326355,,,
388,3.233000,-28.621222,153.893661,498.439728,,,
389,3.242000,-28.966820,154.039841,502.633881,,,
390,3.250000,-29.349529,154.221313,506.827820,,,
391,3.258000,-29.684040,154.438965,510.978271,,,
392,3.267000,-30.076031,154.483414,515.067627,,,
393,3.275000,-30.540785,154.583954,519.356995,,,
394,3.283000,-30.932806,154.696579,523.752625,,,
395,3.292000,-31.267288,154.892395,527.846313,,,
396,3.300000,-31.552635,155.050339,531.807190,,,
397,3.308000,-31.995163,155.255310,535.923279,,,
398,3.317000,-32.402664,155.349625,540.150330,,,
399,3.325000,-32.809071,155.486847,544.434937,,,
400,3.333000,-33.235840,155.657745,548.495605,,,
401,3.342000,-33.613621,155.851181,552.318787,,,
402,3.350000,-33.902668,156.048447,556.053406,,,
403,3.358000,-34.385811,156.260788,559.936523,,,
404,3.367000,-34.903862,156.429657,563.887268,,,
405,3.375000,-35.440079,156.696732,567.580994,,,
406,3.383000,-35.993690,156.855042,571.124207,,,
407,3.392000,-36.508179,157.164154,574.605286,,,
408,3.400000,-36.886402,157.357407,577.819946,,,
409,3.408000,-37.593903,157.621277,581.014221,,,
410,3.417000,-38.253891,157.890244,584.239136,,,
411,3.425000,-38.836887,158.194748,587.288086,,,
412,3.433000,-39.372368,158.407135,590.165588,,,
413,3.442000,-39.961445,158.642929,592.911255,,,
414,3.450000,-40.844284,158.889465,595.656616,,,
415,3.458000,-41.752377,159.268127,598.316162,,,
416,3.467000,-42.563480,159.593674,600.631409,,,
417,3.475000,-43.364101,159.885071,602.912109,,,
418,3.483000,-44.194885,160.102905,604.990173,,,
419,3.492000,-45.143196,160.191910,606.969666,,,
420,3.500000,-46.171383,160.254501,608.718811,,,
421,3.508000,-47.535709,160.381454,610.403259,,,
422,3.517000,-48.957588,160.389252,611.860413,,,
423,3.525000,-50.385712,160.442627,613.268188,,,
424,3.533000,-51.661865,160.371567,614.487671,,,
425,3.542000,-53.012569,160.329071,615.464539,,,
426,3.550000,-54.456646,160.295044,616.498596,,,
427,3.558000,-56.015656,160.186447,617.492859,,,
428,3.567000,-57.682526,160.288391,618.223511,,,
429,3.575000,-59.141628,160.306213,618.782410,,,
430,3.583000,-60.460693,160.341583,619.332214,,,
431,3.592000,-61.771683,160.343979,619.726868,,,
432,3.600000,-63.054531,160.275375,620.056091,,,
433,3.608000,-64.356888,160.323059,620.218567,,,
434,3.617000,-65.704895,160.367188,620.294617,,,
435,3.625000,-67.026108,160.366501,620.421814,,,
436,3.633000,-68.252357,160.298187,620.413940,,,
437,3.642000,-69.423164,160.133804,620.278015,,,
438,3.650000,-70.642006,160.059738,620.054993,,,
439,3.658000,-71.939041,160.019958,619.646545,,,
440,3.667000,-73.191345,159.968384,619.303467,,,
441,3.675000,-74.414383,159.927673,618.904663,,,
442,3.683000,-75.575027,159.827240,618.343079,,,
443,3.692000,-76.753120,159.588638,617.760010,,,
444,3.700000,-77.897552,159.331497,617.109924,,,
445,3.708000,-79.010956,159.065292,616.318054,,,
446,3.717000,-80.047096,158.974487,615.455139,,,
447,3.725000,-80.729553,158.923019,614.521118,,,
448,3.733000,-81.378815,158.848099,613.430603,,,
449,3.742000,-81.966743,158.736511,612.302490,,,
450,3.750000,-82.607376,158.597717,611.186951,,,
451,3.758000,-83.378517,158.401718,609.976685,,,
452,3.767000,-84.004272,158.179321,608.784363,,,
453,3.775000,-84.417183,157.947037,607.476135,,,
454,3.783000,-84.810577,157.726547,606.144104,,,
455,3.792000,-85.240883,157.587891,604.815430,,,
456,3.800000,-85.490974,157.338120,603.570312,,,
457,3.808000,-85.624268,157.049484,602.185120,,,
458,3.817000,-85.798935,156.906479,600.755066,,,
459,3.825000,-85.784081,156.956528,599.480957,,,
460,3.833000,-85.747437,156.979462,598.280884,,,
461,3.842000,-85.802963,156.932373,597.080200,,,
462,3.850000,-85.878349,156.843597,595.902710,,,
463,3.858000,-85.865730,156.688522,594.717285,,,
464,3.867000,-85.843826,156.659225,593.662659,,,
465,3.875000,-85.803963,156.630157,592.588623,,,
466,3.883000,-85.840530,156.577316,591.554932,,,
467,3.892000,-85.891853,156.568604,590.525085,,,
468,3.900000,-86.003891,156.536819,589.483887,,,
469,3.908000,-86.059570,156.469513,588.498108,,,
470,3.917000,-86.136787,156.407150,587.536194,,,
471,3.925000,-86.221008,156.418518,586.651428,,,
472,3.933000,-86.361168,156.426926,585.696350,,,
473,3.942000,-86.541824,156.400879,584.797058,,,
474,3.950000,-86.646698,156.310043,583.906494,,,
475,3.958000,-86.768173,156.305038,583.001221,,,
476,3.967000,-86.750885,156.240082,582.050293,,,
477,3.975000,-86.781319,156.265076,581.119446,,,
478,3.983000,-86.928169,156.284302,580.155090,,,
479,3.992000,-87.132996,156.238235,579.266541,,,
480,4.000000,-87.359489,156.155502,578.360229,,,
481,4.008000,-87.610474,156.161041,577.485168,,,
482,4.017000,-88.143280,156.183533,576.630920,,,
483,4.025000,-88.959244,156.144821,575.817383,,,
484,4.033000,-89.866653,156.096848,575.168457,,,
485,4.042000,-90.806877,155.995071,574.566223,,,
486,4.050000,-91.916229,155.897400,573.975586,,,
487,4.058000,-93.205765,155.897705,573.428101,,,
488,4.067000,-94.482338,155.913971,572.917847,,,
489,4.075000,-95.792900,155.962082,572.457031,,,
490,4.083000,-97.088654,155.872208,571.968750,,,
491,4.092000,-98.487869,155.733231,571.526794,,,
492,4.100000,-99.995834,155.646713,571.098145,,,
493,4.108000,-101.591301,155.712097,570.584961,,,
494,4.117000,-103.263031,155.769333,570.158325,,,
495,4.125000,-104.972931,155.773178,569.698608,,,
496,4.133000,-106.640045,155.656723,569.273254,,,
497,4.142000,-108.527657,155.625244,568.791626,,,
498,4.150000,-110.500961,155.715363,568.303650,,,
499,4.158000,-112.525383,155.728806,567.770630,,,
500,4.167000,-114.626068,155.683441,567.310669,,,
501,4.175000,-116.634872,155.493622,566.854797,,,
502,4.183000,-119.070694,155.625687,566.304810,,,
503,4.192000,-121.340164,155.680420,565.774170,,,
504,4.200000,-123.528694,155.572556,565.209900,,,
505,4.208000,-125.844818,155.545593,564.657959,,,
506,4.217000,-128.288132,155.593979,564.070862,,,
507,4.225000,-130.881454,155.650696,563.473511,,,
508,4.233000,-133.323090,155.525269,562.954834,,,
509,4.242000,-136.083557,155.463684,562.297791,,,
510,4.250000,-138.886719,155.558014,561.677124,,,
511,4.258000,-141.393463,155.339905,561.015259,,,
512,4.267000,-144.289703,155.244263,560.306519,,,
513,4.275000,-147.412643,155.434235,559.658875,,,
514,4.283000,-150.130005,155.316788,558.884583,,,
515,4.292000,-153.098648,155.314835,558.194946,,,
516,4.300000,-156.160263,155.329330,557.422668,,,
517,4.308000,-159.129349,155.282349,556.724915,,,
518,4.317000,-162.238968,155.196198,555.971863,,,
519,4.325000,-165.403412,155.243469,555.207275,,,
520,4.333000,-168.379318,155.217773,554.465820,,,
521,4.342000,-171.452713,155.197739,553.712097,,,
522,4.350000,-174.586502,155.254578,552.936279,,,
523,4.358000,-177.670822,155.210602,552.118835,,,
524,4.367000,-180.886551,155.157104,551.417603,,,
525,4.375000,-184.215851,154.994308,550.651123,,,
526,4.383000,-187.620728,154.968216,549.880005,,,
527,4.392000,-191.005341,155.031204,549.122131,,,
528,4.400000,-194.342560,155.003540,548.242310,,,
529,4.408000,-197.720551,154.925949,547.345947,,,
530,4.417000,-201.082611,154.968719,546.505920,,,
531,4.425000,-204.394699,154.923401,545.636841,,,
532,4.433000,-207.913712,154.907654,544.810364,,,
533,4.442000,-211.436981,154.961365,543.976868,,,
534,4.450000,-214.838730,154.885391,543.160217,,,
535,4.458000,-218.275742,154.900879,542.318970,,,
536,4.467000,-221.670074,154.869858,541.416138,,,
537,4.475000,-225.078506,154.743530,540.595093,,,
538,4.483000,-228.831360,154.689133,539.708252,,,
539,4.492000,-232.518707,154.798798,538.992065,,,
540,4.500000,-235.929016,154.759354,538.068542,,,
541,4.508000,-239.372894,154.636932,537.165405,,,
542,4.517000,-243.026474,154.593857,536.248535,,,
543,4.525000,-246.687180,154.670715,535.323059,,,
544,4.533000,-250.235733,154.659149,534.409851,,,
545,4.542000,-253.817352,154.636230,533.494507,,,
546,4.550000,-257.457611,154.696640,532.594727,,,
547,4.558000,-260.823730,154.563049,531.683716,,,
548,4.567000,-264.436890,154.611359,530.771851,,,
549,4.575000,-268.058685,154.499603,529.950500,,,
550,4.583000,-271.834442,154.483322,529.053162,,,
551,4.592000,-275.422913,154.580002,528.163940,,,
552,4.600000,-278.665375,154.424286,527.176270,,,
553,4.608000,-282.344910,154.532150,526.388794,,,
554,4.617000,-286.004791,154.459213,525.508667,,,
555,4.625000,-289.476257,154.419403,524.701355,,,
556,4.633000,-292.989868,154.521484,523.896606,,,
557,4.642000,-296.226135,154.498779,523.118896,,,
558,4.650000,-299.535980,154.587143,522.367371,,,
559,4.658000,-302.618042,154.672226,521.644714,,,
560,4.667000,-305.729736,154.686859,521.077942,,,
561,4.675000,-309.012054,154.712234,520.543762,,,
562,4.683000,-312.196808,154.726990,520.086548,,,
563,4.692000,-315.130127,154.692123,519.685486,,,
564,4.700000,-317.920105,154.589554,519.356873,,,
565,4.708000,-320.976379,154.640533,519.087036,,,
566,4.717000,-323.994965,154.690521,518.861023,,,
567,4.725000,-326.747284,154.672958,518.701721,,,
568,4.733000,-329.163239,154.653809,518.609070,,,
569,4.742000,-331.819122,154.659668,518.548035,,,
570,4.750000,-334.539612,154.690979,518.534546,,,
571,4.758000,-337.034637,154.631439,518.576477,,,
572,4.767000,-339.554077,154.758606,518.709045,,,
573,4.775000,-341.901306,154.796341,518.997009,,,
574,4.783000,-344.464874,154.778503,519.278992,,,
575,4.792000,-346.970367,154.687851,519.607605,,,
576,4.800000,-349.445831,154.594543,520.014465,,,
577,4.808000,-351.833618,154.498795,520.514160,,,
578,4.817000,-354.244446,154.468918,521.030396,,,
579,4.825000,-356.420074,154.367294,521.402344,,,
580,4.833000,-358.710388,154.477814,521.905273,,,
581,4.842000,-360.994385,154.444611,522.412476,,,
582,4.850000,-363.285461,154.469116,522.969543,,,
583,4.858000,-365.489777,154.492554,523.545105,,,
584,4.867000,-367.794617,154.569305,524.104431,,,
585,4.875000,-370.001312,154.530609,524.689697,,,
586,4.883000,-372.338898,154.668427,525.461365,,,
587,4.892000,-374.561829,154.630768,526.157471,,,
588,4.900000,-376.934998,154.730484,526.831848,,,
589,4.908000,-379.151459,154.699982,527.535645,,,
590,4.917000,-381.610626,154.727249,528.386597,,,
591,4.925000,-383.934265,154.671997,529.031372,,,
592,4.933000,-386.224976,154.756180,529.717773,,,
593,4.942000,-388.399536,154.762115,530.573730,,,
594,4.950000,-390.880157,154.816437,531.351318,,,
595,4.958000,-393.121948,154.786896,532.064941,,,
596,4.967000,-395.430389,154.890228,532.983643,,,
597,4.975000,-397.726257,154.829803,533.820740,,,
598,4.983000,-400.153778,154.796585,534.555237,,,
599,4.992000,-402.738464,154.963867,535.631470,,,
600,5.000000,-405.150909,154.938187,536.515259,,,
601,5.008000,-407.588989,154.952118,537.329956,,,
602,5.017000,-410.069305,155.081177,538.286072,,,
603,5.025000,-412.658203,155.170105,539.237427,,,
604,5.033000,-415.169403,155.131424,540.181824,,,
605,5.042000,-417.760406,155.123901,541.032654,,,
606,5.050000,-420.509399,155.179398,542.006653,,,
607,5.058000,-423.191315,155.174500,543.009155,,,
608,5.067000,-425.822571,155.101868,543.932617,,,
609,5.075000,-428.789703,155.111130,545.071716,,,
610,5.083000,-431.740967,155.082520,546.084656,,,
611,5.092000,-434.591492,155.035278,546.875427,,,
612,5.100000,-437.608643,155.225952,547.973999,,,
613,5.108000,-440.575287,155.327545,548.967834,,,
614,5.117000,-443.353607,155.199509,549.843811,,,
615,5.125000,-446.544708,155.414261,550.957825,,,
616,5.133000,-449.627563,155.434097,551.914795,,,
617,5.142000,-452.664917,155.409927,552.897949,,,
618,5.150000,-455.852997,155.448639,553.971802,,,
619,5.158000,-459.032074,155.441360,554.981384,,,
620,5.167000,-462.329620,155.509262,556.000000,,,
621,5.175000,-465.475983,155.508682,556.954285,,,
622,5.183000,-468.599182,155.531509,557.941101,,,
623,5.192000,-471.974792,155.580109,559.120544,,,
624,5.200000,-475.309479,155.476517,560.242371,,,
625,5.208000,-478.755310,155.434906,561.199890,,,
626,5.217000,-482.337585,155.666153,562.286682,,,
627,5.225000,-485.511017,155.601013,563.247986,,,
628,5.233000,-488.860352,155.732071,564.265625,,,
629,5.242000,-492.347443,155.869598,565.333679,,,
630,5.250000,-495.744354,155.786072,566.381531,,,
631,5.258000,-499.510590,155.835022,567.488586,,,
632,5.267000,-503.051697,155.842087,568.451111,,,
633,5.275000,-506.410645,155.830734,569.500244,,,
634,5.283000,-510.119965,155.997925,570.499756,,,
635,5.292000,-513.601257,155.880768,571.594055,,,
636,5.300000,-517.345154,155.809082,572.777771,,,
637,5.308000,-521.100037,155.961899,573.932007,,,
638,5.317000,-524.602173,155.905518,575.036743,,,
639,5.325000,-528.332520,156.028442,576.114624,,,
640,5.333000,-531.909424,156.138016,577.178162,,,
641,5.342000,-535.523499,156.176620,578.364807,,,
642,5.350000,-539.184814,156.145889,579.427612,,,
643,5.358000,-542.892944,156.146271,580.543457,,,
644,5.367000,-546.651855,156.261826,581.585571,,,
645,5.375000,-550.244690,156.230972,582.641846,,,
646,5.383000,-553.950500,156.220062,583.787354,,,
647,5.392000,-557.662537,156.239197,584.950562,,,
648,5.400000,-561.340393,156.140305,586.101196,,,
649,5.408000,-565.269897,156.430161,587.254578,,,
650,5.417000,-568.818298,156.359024,588.244385,,,
651,5.425000,-572.442078,156.405106,589.305908,,,
652,5.433000,-576.004456,156.583542,590.488770,,,
653,5.442000,-579.481140,156.505386,591.532227,,,
654,5.450000,-583.177002,156.557175,592.712219,,,
655,5.458000,-587.036194,156.645721,593.838928,,,
656,5.467000,-590.472412,156.551132,594.949219,,,
657,5.475000,-594.065857,156.620300,595.994690,,,
658,5.483000,-597.655151,156.620010,597.290466,,,
659,5.492000,-601.386841,156.618912,598.532715,,,
660,5.500000,-605.081238,156.574265,599.675476,,,
661,5.508000,-608.720215,156.653000,600.761658,,,
662,5.517000,-612.280090,156.869980,601.705444,,,
663,5.525000,-615.723389,156.919449,602.802246,,,
664,5.533000,-619.227844,156.838852,604.100952,,,
665,5.542000,-623.061951,156.946198,605.261475,,,
666,5.550000,-626.531860,156.850479,606.407410,,,
667,5.558000,-630.013000,156.819717,607.466675,,,
668,5.567000,-633.513733,157.019348,608.700073,,,
669,5.575000,-636.931396,156.984497,609.853210,,,
670,5.583000,-640.488464,156.969193,611.142517,,,
671,5.592000,-644.031494,156.876709,612.473389,,,
672,5.600000,-647.535583,156.821381,613.704285,,,
673,5.608000,-651.236938,157.023315,614.952393,,,
674,5.617000,-654.595215,157.032928,616.076050,,,
675,5.625000,-658.053528,157.110046,617.294556,,,
676,5.633000,-661.582336,157.197845,618.623230,,,
677,5.642000,-665.070618,157.177704,619.743042,,,
678,5.650000,-668.647156,157.279556,621.096497,,,
679,5.658000,-672.150635,157.276947,622.285522,,,
680,5.667000,-675.565796,157.185471,623.535339,,,
681,5.675000,-679.182068,157.380371,624.845459,,,
682,5.683000,-682.559753,157.320404,626.110718,,,
683,5.692000,-685.993469,157.398804,627.523010,,,
684,5.700000,-689.392090,157.428604,628.696594,,,
685,5.708000,-692.705627,157.401505,630.024231,,,
686,5.717000,-695.986755,157.427155,631.365723,,,
687,5.725000,-699.278748,157.584442,632.648682,,,
688,5.733000,-702.339172,157.453491,634.068298,,,
689,5.742000,-705.391235,157.502213,635.468994,,,
690,5.750000,-708.740784,157.684799,636.841248,,,
691,5.758000,-711.794739,157.623627,638.195801,,,
692,5.767000,-714.681885,157.569397,639.642151,,,
693,5.775000,-717.891846,157.705627,641.108826,,,
694,5.783000,-720.861572,157.735733,642.601440,,,
695,5.792000,-723.720032,157.738052,644.109314,,,
696,5.800000,-726.668457,157.870407,645.611084,,,
697,5.808000,-729.623840,157.928467,647.136658,,,
698,5.817000,-732.398743,157.924728,648.721252,,,
699,5.825000,-735.139343,157.963684,650.231018,,,
700,5.833000,-737.994385,157.964874,651.852234,,,
701,5.842000,-740.739685,157.944183,653.543335,,,
702,5.850000,-743.378906,157.844574,655.223938,,,
703,5.858000,-745.985107,157.922806,656.777344,,,
704,5.867000,-748.652832,157.977142,658.373413,,,
705,5.875000,-751.148193,157.954636,660.064392,,,
706,5.883000,-753.618347,158.147217,661.722656,,,
707,5.892000,-756.272522,158.330963,663.361633,,,
708,5.900000,-758.928284,158.334961,665.036316,,,
709,5.908000,-761.533813,158.237427,666.643250,,,
710,5.917000,-764.034180,158.356491,668.259216,,,
711,5.925000,-766.726807,158.527237,669.947144,,,
712,5.933000,-769.287231,158.462555,671.619995,,,
713,5.942000,-771.798950,158.369980,673.370850,,,
714,5.950000,-774.471313,158.478424,675.025269,,,
715,5.958000,-777.044312,158.614914,676.757080,,,
716,5.967000,-779.363708,158.546005,678.446472,,,
717,5.975000,-781.689941,158.534210,680.123474,,,
718,5.983000,-784.228455,158.784927,681.934692,,,
719,5.992000,-786.655334,158.786606,683.701416,,,
720,6.000000,-789.133484,158.772141,685.673035,,,
721,6.008000,-791.512024,158.680130,687.441162,,,
722,6.017000,-793.927795,158.676346,689.293701,,,
723,6.025000,-796.292419,158.801620,691.156982,,,
724,6.033000,-798.644043,158.883759,693.080994,,,
725,6.042000,-800.856018,158.940063,694.957764,,,
726,6.050000,-803.047913,158.884705,696.753113,,,
727,6.058000,-805.613770,159.105194,698.744812,,,
728,6.067000,-807.905579,159.074005,700.512878,,,
729,6.075000,-810.183350,159.097275,702.578552,,,
730,6.083000,-812.343628,159.093552,704.497009,,,
731,6.092000,-814.795532,159.288132,706.565979,,,
732,6.100000,-817.166504,159.256577,708.536560,,,
733,6.108000,-819.457214,159.187668,710.538940,,,
734,6.117000,-821.650085,159.213898,712.565735,,,
735,6.125000,-824.059998,159.479294,714.748230,,,
736,6.133000,-826.302185,159.567139,716.744873,,,
737,6.142000,-828.477722,159.552780,718.826111,,,
738,6.150000,-830.734863,159.516052,720.873962,,,
739,6.158000,-833.122742,159.564926,723.079712,,,
740,6.167000,-835.384521,159.551437,725.197083,,,
741,6.175000,-837.618042,159.568466,727.595459,,,
742,6.183000,-839.854614,159.668350,729.796082,,,
743,6.192000,-842.083740,159.718353,732.027161,,,
744,6.200000,-844.390564,159.816895,734.117859,,,
745,6.208000,-846.743225,159.858322,736.391968,,,
746,6.217000,-849.061401,159.911606,738.673218,,,
747,6.225000,-851.168396,159.908920,740.881592,,,
748,6.233000,-853.398987,160.109253,743.190430,,,
749,6.242000,-855.678162,160.220337,745.497742,,,
750,6.250000,-857.982971,160.235519,747.783081,,,
751,6.258000,-860.296875,160.293869,750.137390,,,
752,6.267000,-862.598450,160.315567,752.392883,,,
753,6.275000,-864.985168,160.455093,754.609741,,,
754,6.283000,-867.347839,160.459671,757.101257,,,
755,6.292000,-869.654175,160.559082,759.507812,,,
756,6.300000,-871.849548,160.577560,761.989502,,,
757,6.308000,-874.202698,160.663742,764.340088,,,
758,6.317000,-876.619202,160.649689,766.854919,,,
759,6.325000,-878.980347,160.636642,769.254517,,,
760,6.333000,-881.197937,160.654953,771.754517,,,
761,6.342000,-883.465454,160.907715,774.183289,,,
762,6.350000,-885.741089,161.139740,776.502625,,,
763,6.358000,-888.019470,161.120071,778.908386,,,
764,6.367000,-890.336426,161.228271,781.277039,,,
765,6.375000,-892.906433,161.346115,783.770020,,,
766,6.383000,-895.355286,161.365356,786.265625,,,
767,6.392000,-897.724243,161.322083,788.954285,,,
768,6.400000,-899.931274,161.443634,791.375977,,,
769,6.408000,-902.169312,161.631104,793.721558,,,
770,6.417000,-904.537231,161.711899,796.103516,,,
771,6.425000,-906.936096,161.735153,798.633362,,,
772,6.433000,-909.305420,161.627747,801.273926,,,
773,6.442000,-911.557617,161.666473,803.773010,,,
774,6.450000,-914.014221,161.871323,806.245605,,,
775,6.458000,-916.388428,162.097473,808.588074,,,
776,6.467000,-918.621521,162.200623,810.997192,,,
777,6.475000,-920.964661,162.196854,813.337402,,,
778,6.483000,-923.639709,162.298538,815.864014,,,
779,6.492000,-926.323059,162.280563,818.672607,,,
780,6.500000,-928.832520,162.322983,821.336304,,,
781,6.508000,-931.206055,162.420486,823.960510,,,
782,6.517000,-933.682495,162.649292,826.462891,,,
783,6.525000,-936.192627,162.546356,828.915527,,,
784,6.533000,-938.794922,162.552765,831.538086,,,
785,6.542000,-941.283386,162.569199,834.284790,,,
786,6.550000,-943.975952,162.717438,837.040527,,,
787,6.558000,-946.678833,162.922379,839.686707,,,
788,6.567000,-949.072327,163.102875,842.131287,,,
789,6.575000,-951.606079,163.117950,844.633362,,,
790,6.583000,-954.398926,163.107376,847.230896,,,
791,6.592000,-957.146667,163.075455,849.999756,,,
792,6.600000,-959.788940,163.145126,852.650269,,,
793,6.608000,-962.441040,163.268890,855.388062,,,
794,6.617000,-965.174194,163.450821,858.159668,,,
795,6.625000,-967.782837,163.426804,860.798157,,,
796,6.633000,-970.503113,163.535675,863.543640,,,
797,6.642000,-973.229919,163.571396,866.257202,,,
798,6.650000,-976.023865,163.649765,868.917847,,,
799,6.658000,-978.658264,163.781799,871.760681,,,
800,6.667000,-981.195007,163.884705,874.477051,,,
801,6.675000,-984.023987,163.953278,877.231079,,,
802,6.683000,-986.921387,164.050461,879.842529,,,
803,6.692000,-989.685913,164.075195,882.461670,,,
804,6.700000,-992.462341,164.169937,885.286377,,,
805,6.708000,-995.249084,164.369156,888.097290,,,
806,6.717000,-997.947876,164.370575,890.799255,,,
807,6.725000,-1000.670654,164.447922,893.492920,,,
808,6.733000,-1003.591431,164.570923,896.268738,,,
809,6.742000,-1006.465698,164.538361,899.181824,,,
810,6.750000,-1009.291382,164.662918,902.042053,,,
811,6.758000,-1012.024414,164.826614,904.802673,,,
812,6.767000,-1014.966492,165.039215,907.489502,,,
813,6.775000,-1017.956482,165.054672,910.288086,,,
814,6.783000,-1020.795227,165.046967,913.034485,,,
815,6.792000,-1023.675537,165.132706,915.793640,,,
816,6.800000,-1026.636475,165.342529,918.535522,,,
817,6.808000,-1029.467041,165.451477,921.314392,,,
818,6.817000,-1032.286743,165.512711,924.044556,,,
819,6.825000,-1035.257080,165.687424,926.825073,,,
820,6.833000,-1038.218018,165.612793,929.781982,,,
821,6.842000,-1041.253784,165.659348,932.598816,,,
822,6.850000,-1044.348999,165.998917,935.200195,,,
823,6.858000,-1047.448608,166.084793,937.935120,,,
824,6.867000,-1050.424072,166.146637,940.752441,,,
825,6.875000,-1053.191406,166.139999,943.491089,,,
826,6.883000,-1056.123169,166.319870,946.286499,,,
827,6.892000,-1059.087769,166.538040,949.013489,,,
828,6.900000,-1062.010010,166.575027,951.851624,,,
829,6.908000,-1065.072266,166.630936,954.718506,,,
830,6.917000,-1068.208130,166.727676,957.533325,,,
831,6.925000,-1071.122070,166.666199,960.468384,,,
832,6.933000,-1073.884399,166.855194,963.229065,,,
833,6.942000,-1076.678833,167.130035,965.880005,,,
834,6.950000,-1079.349487,167.126617,968.661133,,,
835,6.958000,-1081.942993,167.242050,971.375061,,,
836,6.967000,-1084.703003,167.387650,974.090271,,,
837,6.975000,-1087.487671,167.393707,976.922241,,,
838,6.983000,-1090.235840,167.594925,979.684570,,,
839,6.992000,-1092.903687,167.700684,982.349854,,,
840,7.000000,-1095.550171,167.749222,985.097900,,,
841,7.008000,-1098.246094,167.928101,987.894409,,,
842,7.017000,-1100.942627,167.987946,990.603455,,,
843,7.025000,-1103.469604,167.961426,993.440247,,,
844,7.033000,-1105.940674,168.147827,996.132629,,,
845,7.042000,-1108.367554,168.283890,998.606323,,,
846,7.050000,-1110.705688,168.302811,1001.218811,,,
847,7.058000,-1113.035034,168.336716,1003.867493,,,
848,7.067000,-1115.427490,168.519897,1006.618713,,,
849,7.075000,-1117.803223,168.666138,1009.208435,,,
850,7.083000,-1120.153931,168.669098,1011.854675,,,
851,7.092000,-1122.387939,168.827637,1014.466187,,,
852,7.100000,-1124.463623,168.874649,1017.059326,,,
853,7.108000,-1126.779419,169.092026,1019.698486,,,
854,7.117000,-1128.985352,169.273270,1022.233459,,,
855,7.125000,-1130.966309,169.185120,1024.967285,,,
856,7.133000,-1132.973633,169.313324,1027.473022,,,
857,7.142000,-1134.970459,169.322983,1030.016846,,,
858,7.150000,-1137.000366,169.384506,1032.632446,,,
859,7.158000,-1138.989746,169.505493,1035.247437,,,
860,7.167000,-1140.899048,169.561050,1037.891113,,,
861,7.175000,-1142.755493,169.671173,1040.381104,,,
862,7.183000,-1144.451172,169.739090,1042.854858,,,
863,7.192000,-1146.194458,169.879547,1045.387817,,,
864,7.200000,-1147.955322,170.016876,1048.016235,,,
865,7.208000,-1149.702026,170.205353,1050.587891,,,
866,7.217000,-1151.346313,170.231659,1053.242920,,,
867,7.225000,-1152.996094,170.344879,1055.771851,,,
868,7.233000,-1154.657227,170.358414,1058.384521,,,
869,7.242000,-1156.163696,170.446030,1060.910522,,,
870,7.250000,-1157.822266,170.644989,1063.491943,,,
871,7.258000,-1159.286133,170.701645,1066.107666,,,
872,7.267000,-1160.776733,170.774750,1068.692993,,,
873,7.275000,-1162.351562,170.832748,1071.295410,,,
874,7.283000,-1163.820190,170.960327,1073.873169,,,
875,7.292000,-1165.199829,171.063324,1076.461548,,,
876,7.300000,-1166.687012,171.225281,1079.103760,,,
877,7.308000,-1168.131714,171.214249,1081.804321,,,
878,7.317000,-1169.603882,171.390884,1084.450562,,,
879,7.325000,-1170.918945,171.410629,1087.206787,,,
880,7.333000,-1172.147827,171.466751,1089.783936,,,
881,7.342000,-1173.351685,171.479202,1092.262939,,,
882,7.350000,-1174.518066,171.480835,1094.827393,,,
883,7.358000,-1175.685059,171.689621,1097.370728,,,
884,7.367000,-1176.820679,171.794907,1099.911133,,,
885,7.375000,-1177.957764,171.913071,1102.547607,,,
886,7.383000,-1179.069092,172.050537,1105.177856,,,
887,7.392000,-1180.166992,172.134796,1107.794189,,,
888,7.400000,-1181.203247,172.298355,1110.375732,,,
889,7.408000,-1182.178467,172.388977,1112.951416,,,
890,7.417000,-1183.243042,172.472488,1115.600098,,,
891,7.425000,-1184.267090,172.600006,1118.278442,,,
892,7.433000,-1185.124512,172.671707,1120.747437,,,
893,7.442000,-1186.095459,172.779526,1123.260864,,,
894,7.450000,-1186.918457,172.861115,1125.856323,,,
895,7.458000,-1187.755737,172.999817,1128.282471,,,
896,7.467000,-1188.445190,173.081848,1130.684692,,,
897,7.475000,-1189.187256,173.154297,1133.214355,,,
898,7.483000,-1189.869141,173.323669,1135.613159,,,
899,7.492000,-1190.321533,173.293213,1138.142334,,,
900,7.500000,-1190.939575,173.476761,1140.696411,,,
901,7.508000,-1191.434814,173.573990,1143.181763,,,
902,7.517000,-1191.981445,173.682648,1145.626221,,,
903,7.525000,-1192.524658,173.757843,1148.046753,,,
904,7.533000,-1193.017578,173.763550,1150.333984,,,
905,7.542000,-1193.487183,173.850876,1152.635254,,,
906,7.550000,-1193.868042,173.846344,1154.994385,,,
907,7.558000,-1194.089600,173.913345,1157.257202,,,
908,7.567000,-1194.340210,174.002869,1159.596436,,,
909,7.575000,-1194.502686,174.133286,1161.943726,,,
910,7.583000,-1194.643677,174.153519,1164.325928,,,
911,7.592000,-1194.833618,174.267136,1166.573608,,,
912,7.600000,-1194.812500,174.340424,1168.856934,,,
913,7.608000,-1194.853638,174.447723,1171.208496,,,
914,7.617000,-1194.858398,174.642822,1173.393555,,,
915,7.625000,-1194.797485,174.706665,1175.620483,,,
916,7.633000,-1194.795044,174.727768,1177.753296,,,
917,7.642000,-1194.689697,174.752823,1180.075317,,,
918,7.650000,-1194.442871,174.856873,1182.217773,,,
919,7.658000,-1194.283936,174.948898,1184.239868,,,
920,7.667000,-1194.002808,174.963745,1186.235718,,,
921,7.675000,-1193.741699,175.010025,1188.277954,,,
922,7.683000,-1193.337036,175.106888,1190.271484,,,
923,7.692000,-1192.915039,175.145615,1192.396240,,,
924,7.700000,-1192.366699,175.288101,1194.483765,,,
925,7.708000,-1191.964233,175.341873,1196.385986,,,
926,7.717000,-1191.467285,175.418869,1198.336060,,,
927,7.725000,-1190.740967,175.537445,1200.454834,,,
928,7.733000,-1190.255737,175.624222,1202.383789,,,
929,7.742000,-1189.709229,175.710846,1204.122803,,,
930,7.750000,-1189.000610,175.776825,1206.091675,,,
931,7.758000,-1188.262817,175.866989,1208.004395,,,
932,7.767000,-1187.557373,175.910614,1209.825928,,,
933,7.775000,-1186.919312,175.964920,1211.624146,,,
934,7.783000,-1186.130615,175.970596,1213.360962,,,
935,7.792000,-1185.219971,176.097351,1215.275269,,,
936,7.800000,-1184.455444,176.167038,1217.136353,,,
937,7.808000,-1183.675171,176.175919,1218.863403,,,
938,7.817000,-1182.826904,176.217606,1220.708130,,,
939,7.825000,-1181.980225,176.283569,1222.443726,,,
940,7.833000,-1181.115601,176.387589,1224.180176,,,
941,7.842000,-1180.262573,176.454803,1226.063110,,,
942,7.850000,-1179.266113,176.504028,1227.787109,,,
943,7.858000,-1178.325562,176.605316,1229.490845,,,
944,7.867000,-1177.551514,176.629868,1231.197510,,,
945,7.875000,-1176.486816,176.704712,1232.882202,,,
946,7.883000,-1175.561646,176.830338,1234.616821,,,
947,7.892000,-1174.800049,176.898926,1236.336060,,,
948,7.900000,-1173.877563,176.990738,1237.903931,,,
949,7.908000,-1172.870361,177.116577,1239.428955,,,
950,7.917000,-1171.862061,177.176346,1241.091431,,,
951,7.925000,-1170.912842,177.166656,1242.666260,,,
952,7.933000,-1169.924438,177.286346,1244.039185,,,
953,7.942000,-1168.809204,177.320099,1245.577271,,,
954,7.950000,-1167.746582,177.266144,1247.153687,,,
955,7.958000,-1166.697021,177.420135,1248.575073,,,
956,7.967000,-1165.607178,177.489105,1249.887329,,,
957,7.975000,-1164.480591,177.504898,1251.263428,,,
958,7.983000,-1163.456055,177.528442,1252.600464,,,
959,7.992000,-1162.373169,177.664459,1253.968750,,,
960,8.000000,-1160.873047,177.469711,1255.108643,,,
961,8.008000,-1159.638062,177.318817,1256.373901,,,
962,8.017000,-1158.556885,177.351379,1257.627319,,,
963,8.025000,-1157.354736,177.453995,1258.994873,,,
964,8.033000,-1156.110596,177.481659,1260.302124,,,
965,8.042000,-1154.797363,177.567200,1261.597656,,,
966,8.050000,-1153.441040,177.603516,1262.860229,,,
967,8.058000,-1152.022583,177.704666,1264.250244,,,
968,8.067000,-1150.757568,177.750427,1265.644287,,,
969,8.075000,-1149.342896,177.792130,1267.140259,,,
970,8.083000,-1147.828125,177.885498,1268.604004,,,
971,8.092000,-1146.427490,177.869736,1270.139648,,,
972,8.100000,-1145.137573,177.954544,1271.817383,,,
973,8.108000,-1143.715210,178.054398,1273.509888,,,
974,8.117000,-1142.276611,178.067719,1275.238892,,,
975,8.125000,-1140.946899,178.153427,1277.028809,,,
976,8.133000,-1139.542603,178.296173,1278.914795,,,
977,8.142000,-1138.132690,178.347198,1280.761597,,,
978,8.150000,-1136.613037,178.418564,1282.703369,,,
979,8.158000,-1135.187622,178.453751,1284.736816,,,
980,8.167000,-1133.651001,178.499100,1286.757202,,,
981,8.175000,-1132.132812,178.638458,1288.885986,,,
982,8.183000,-1130.646729,178.643219,1291.079346,,,
983,8.192000,-1128.978394,178.794846,1293.295776,,,
984,8.200000,-1127.485474,178.837067,1295.520142,,,
985,8.208000,-1125.823486,178.992203,1297.751343,,,
986,8.217000,-1124.197510,179.125763,1300.141602,,,
987,8.225000,-1122.545898,179.152115,1302.708008,,,
988,8.233000,-1120.784668,179.323929,1305.208374,,,
989,8.242000,-1119.203247,179.401321,1307.692261,,,
990,8.250000,-1117.320312,179.397842,1310.295166,,,
991,8.258000,-1115.573364,179.563004,1312.849121,,,
992,8.267000,-1113.992065,179.638428,1315.383057,,,
993,8.275000,-1112.238037,179.708618,1318.029907,,,
994,8.283000,-1110.479370,179.807022,1320.744141,,,
995,8.292000,-1108.747925,179.979126,1323.371094,,,
996,8.300000,-1106.870361,180.072647,1326.109863,,,
997,8.308000,-1105.115234,180.125244,1328.828979,,,
998,8.317000,-1103.325317,180.284180,1331.566284,,,
999,8.325000,-1101.495972,180.423111,1334.402710,,,
1000,8.333000,-1099.651123,180.578934,1337.160645,,,
1001,8.342000,-1097.803589,180.711823,1340.132568,,,
1002,8.350000,-1095.797852,180.761948,1343.015869,,,
1003,8.358000,-1093.866943,180.773773,1345.999390,,,
1004,8.367000,-1091.941895,180.858261,1348.876099,,,
1005,8.375000,-1090.097168,180.988617,1351.808838,,,
1006,8.383000,-1088.131714,181.087723,1354.782471,,,
1007,8.392000,-1086.187134,181.251465,1357.807251,,,
1008,8.400000,-1084.167725,181.337540,1360.744507,,,
1009,8.408000,-1082.178955,181.469254,1363.787354,,,
1010,8.417000,-1080.230225,181.562439,1366.780518,,,
1011,8.425000,-1078.262451,181.710419,1369.815308,,,
1012,8.433000,-1076.269653,181.967316,1372.833984,,,
1013,8.442000,-1074.245117,181.965363,1376.108032,,,
1014,8.450000,-1072.134888,182.036804,1379.281982,,,
1015,8.458000,-1070.111206,182.159607,1382.413208,,,
1016,8.467000,-1068.035400,182.217300,1385.581055,,,
1017,8.475000,-1066.057861,182.321442,1388.711060,,,
1018,8.483000,-1064.052368,182.503250,1391.832031,,,
1019,8.492000,-1061.918945,182.623245,1395.016357,,,
1020,8.500000,-1059.899902,182.735901,1398.214966,,,
1021,8.508000,-1057.824829,182.874588,1401.410278,,,
1022,8.517000,-1055.771851,182.968262,1404.693970,,,
1023,8.525000,-1053.760376,183.088501,1407.781616,,,
1024,8.533000,-1051.730225,183.266144,1411.030029,,,
1025,8.542000,-1049.497070,183.305847,1414.426147,,,
1026,8.550000,-1047.361816,183.353729,1417.683105,,,
1027,8.558000,-1045.229004,183.496857,1420.932983,,,
1028,8.567000,-1043.066895,183.565475,1424.229736,,,
1029,8.575000,-1040.999146,183.762039,1427.496826,,,
1030,8.583000,-1038.937012,183.964264,1430.733521,,,
1031,8.592000,-1036.854126,184.056213,1434.026367,,,
1032,8.600000,-1034.653076,184.098053,1437.399658,,,
1033,8.608000,-1032.417847,184.208755,1440.722412,,,
1034,8.617000,-1030.483765,184.270355,1443.997803,,,
1035,8.625000,-1028.197388,184.455231,1447.309692,,,
1036,8.633000,-1026.028198,184.601196,1450.718750,,,
1037,8.642000,-1023.941895,184.669891,1454.142700,,,
1038,8.650000,-1021.879333,184.870804,1457.524780,,,
1039,8.658000,-1019.732483,184.965271,1460.854370,,,
1040,8.667000,-1017.526978,185.101166,1464.225830,,,
1041,8.675000,-1015.443298,185.221954,1467.553345,,,
1042,8.683000,-1013.329041,185.327896,1470.830688,,,
1043,8.692000,-1011.206360,185.383057,1474.207764,,,
1044,8.700000,-1008.920044,185.462433,1477.572754,,,
1045,8.708000,-1006.879700,185.591721,1481.026367,,,
1046,8.717000,-1004.758850,185.853516,1484.333252,,,
1047,8.725000,-1002.662048,186.009308,1487.704102,,,
1048,8.733000,-1000.518677,186.111374,1491.136841,,,
1049,8.742000,-998.239075,186.204514,1494.581543,,,
1050,8.750000,-996.034058,186.233704,1498.064941,,,
1051,8.758000,-993.856812,186.489441,1501.407715,,,
1052,8.767000,-991.848267,186.595291,1504.784790,,,
1053,8.775000,-989.716309,186.650299,1508.213989,,,
1054,8.783000,-987.559753,186.715378,1511.607666,,,
1055,8.792000,-985.396790,186.789108,1514.984131,,,
1056,8.800000,-983.174011,186.945831,1518.405640,,,
1057,8.808000,-981.122986,187.209885,1521.703247,,,
1058,8.817000,-979.022949,187.401535,1525.059937,,,
1059,8.825000,-976.852600,187.409927,1528.577148,,,
1060,8.833000,-974.633606,187.503082,1532.013794,,,
1061,8.842000,-972.473022,187.600037,1535.479492,,,
1062,8.850000,-970.267456,187.708939,1538.941650,,,
1063,8.858000,-968.204285,187.790359,1542.365356,,,
1064,8.867000,-965.991516,187.873322,1545.829956,,,
1065,8.875000,-963.876343,187.966110,1549.163452,,,
1066,8.883000,-961.856873,188.094376,1552.652710,,,
1067,8.892000,-959.676025,188.392654,1555.960571,,,
1068,8.900000,-957.666077,188.565643,1559.411255,,,
1069,8.908000,-955.465942,188.641464,1562.883545,,,
1070,8.917000,-953.404846,188.731201,1566.333740,,,
1071,8.925000,-951.276001,188.800323,1569.798462,,,
1072,8.933000,-949.093445,188.878998,1573.273926,,,
1073,8.942000,-946.948181,189.016541,1576.724609,,,
1074,8.950000,-944.815125,189.032120,1580.216431,,,
1075,8.958000,-942.652771,189.154129,1583.644897,,,
1076,8.967000,-940.577576,189.223450,1586.993774,,,
1077,8.975000,-938.411682,189.429001,1590.415527,,,
1078,8.983000,-936.426208,189.664490,1593.865967,,,
1079,8.992000,-934.314697,189.825089,1597.353638,,,
1080,9.000000,-932.185547,189.917557,1600.808350,,,
1081,9.008000,-930.082092,189.991531,1604.307007,,,
1082,9.017000,-927.896484,190.028992,1607.830933,,,
1083,9.025000,-925.784851,190.223389,1611.212891,,,
1084,9.033000,-923.770142,190.251984,1614.704224,,,
1085,9.042000,-921.457031,190.331467,1618.243042,,,
1086,9.050000,-919.300781,190.470352,1621.722778,,,
1087,9.058000,-917.443726,190.718338,1625.117310,,,
1088,9.067000,-915.255798,190.896820,1628.597778,,,
1089,9.075000,-913.023438,191.038910,1632.177368,,,
1090,9.083000,-910.947815,191.189301,1635.679443,,,
1091,9.092000,-908.903931,191.224319,1639.207886,,,
1092,9.100000,-906.740417,191.332001,1642.736938,,,
1093,9.108000,-904.723389,191.479401,1646.330200,,,
1094,9.117000,-902.625916,191.539642,1649.932739,,,
1095,9.125000,-900.445312,191.559372,1653.489746,,,
1096,9.133000,-898.312622,191.733185,1656.971313,,,
1097,9.142000,-896.354248,191.896347,1660.377930,,,
1098,9.150000,-894.249268,192.060760,1663.973511,,,
1099,9.158000,-892.170593,192.283508,1667.559937,,,
1100,9.167000,-890.053345,192.460709,1671.030396,,,
1101,9.175000,-887.952148,192.574310,1674.548828,,,
1102,9.183000,-885.937500,192.683258,1678.190186,,,
1103,9.192000,-883.864563,192.836899,1681.844360,,,
1104,9.200000,-881.780823,192.939743,1685.436646,,,
1105,9.208000,-879.621826,192.955063,1689.107056,,,
1106,9.217000,-877.463013,192.988541,1692.663940,,,
1107,9.225000,-875.454895,193.210068,1696.155518,,,
1108,9.233000,-873.426636,193.504501,1699.620483,,,
1109,9.242000,-871.368713,193.590088,1703.184204,,,
1110,9.250000,-869.286255,193.776016,1706.790649,,,
1111,9.258000,-867.274597,193.964798,1710.396240,,,
1112,9.267000,-865.216797,194.054596,1713.977539,,,
1113,9.275000,-863.196899,194.197739,1717.531860,,,
1114,9.283000,-861.124817,194.388626,1721.057861,,,
1115,9.292000,-859.043030,194.405594,1724.640381,,,
1116,9.300000,-856.800720,194.440018,1728.230225,,,
1117,9.308000,-854.720581,194.548965,1731.688477,,,
1118,9.317000,-852.677856,194.682755,1735.066162,,,
1119,9.325000,-850.626648,194.897125,1738.582031,,,
1120,9.333000,-848.523132,195.064957,1742.015869,,,
1121,9.342000,-846.372253,195.259796,1745.347534,,,
1122,9.350000,-844.366638,195.390121,1748.727539,,,
1123,9.358000,-842.223877,195.494537,1752.124268,,,
1124,9.367000,-840.187561,195.658966,1755.418579,,,
1125,9.375000,-838.121216,195.830826,1758.789062,,,
1126,9.383000,-835.997253,195.891357,1762.098755,,,
1127,9.392000,-833.891357,195.903732,1765.298218,,,
1128,9.400000,-831.658569,195.935196,1768.533936,,,
1129,9.408000,-829.591431,196.094330,1771.746094,,,
1130,9.417000,-827.509338,196.283783,1774.915527,,,
1131,9.425000,-825.357971,196.530930,1777.996216,,,
1132,9.433000,-823.289734,196.664993,1781.124023,,,
1133,9.442000,-821.142944,196.726547,1784.248657,,,
1134,9.450000,-818.974670,196.804413,1787.360107,,,
1135,9.458000,-816.791565,196.869720,1790.469238,,,
1136,9.467000,-814.587585,197.013580,1793.681885,,,
1137,9.475000,-812.368042,197.237656,1796.742310,,,
1138,9.483000,-810.222107,197.391937,1799.832397,,,
1139,9.492000,-808.000244,197.495056,1802.922119,,,
1140,9.500000,-805.790588,197.568634,1805.947021,,,
1141,9.508000,-803.537231,197.552612,1808.989502,,,
1142,9.517000,-801.212402,197.589157,1812.030640,,,
1143,9.525000,-799.121338,197.787827,1814.978882,,,
1144,9.533000,-796.832458,197.965302,1817.863281,,,
1145,9.542000,-794.548706,198.082397,1820.798706,,,
1146,9.550000,-792.326416,198.330170,1823.724731,,,
1147,9.558000,-790.056213,198.448990,1826.760986,,,
1148,9.567000,-787.709778,198.514755,1829.719238,,,
1149,9.575000,-785.521118,198.503983,1832.562988,,,
1150,9.583000,-783.283264,198.595749,1835.576904,,,
1151,9.592000,-781.002136,198.846741,1838.567261,,,
1152,9.600000,-778.808716,198.904694,1841.419800,,,
1153,9.608000,-776.387207,199.061279,1844.272583,,,
1154,9.617000,-774.064636,199.217484,1847.239380,,,
1155,9.625000,-771.820129,199.304581,1850.180298,,,
1156,9.633000,-769.449219,199.421524,1852.994141,,,
1157,9.642000,-767.080261,199.499298,1855.881470,,,
1158,9.650000,-764.794678,199.477554,1858.815430,,,
1159,9.658000,-762.363037,199.691971,1861.643311,,,
1160,9.667000,-760.143921,199.861572,1864.450073,,,
1161,9.675000,-757.730774,199.918747,1867.286499,,,
1162,9.683000,-755.380981,199.988998,1870.217041,,,
1163,9.692000,-753.081116,200.145401,1873.065308,,,
1164,9.700000,-750.753601,200.179901,1875.892334,,,
1165,9.708000,-748.280212,200.337448,1878.739136,,,
1166,9.717000,-745.909180,200.418106,1881.572998,,,
1167,9.725000,-743.431824,200.655792,1884.365967,,,
1168,9.733000,-740.977966,200.868652,1887.193237,,,
1169,9.742000,-738.631470,200.794037,1890.047241,,,
1170,9.750000,-736.073730,200.816208,1892.861206,,,
1171,9.758000,-733.684998,200.846008,1895.702515,,,
1172,9.767000,-731.472534,201.050201,1898.507080,,,
1173,9.775000,-729.088623,201.211517,1901.230225,,,
1174,9.783000,-726.539368,201.299393,1903.970947,,,
1175,9.792000,-724.217407,201.375473,1906.675781,,,
1176,9.800000,-721.765503,201.518234,1909.525391,,,
1177,9.808000,-719.274658,201.624405,1912.371216,,,
1178,9.817000,-716.926208,201.662964,1915.078003,,,
1179,9.825000,-714.455261,201.913086,1917.814087,,,
1180,9.833000,-711.978149,202.039780,1920.619995,,,
1181,9.842000,-709.487183,202.077988,1923.430908,,,
1182,9.850000,-706.879822,202.091751,1926.228027,,,
1183,9.858000,-704.340515,202.156754,1929.045898,,,
1184,9.867000,-701.976135,202.269257,1931.781128,,,
1185,9.875000,-699.536316,202.441086,1934.422974,,,
1186,9.883000,-697.013306,202.495438,1937.219727,,,
1187,9.892000,-694.545166,202.748154,1939.940308,,,
1188,9.900000,-692.003540,202.812012,1942.634033,,,
1189,9.908000,-689.412292,202.851913,1945.393921,,,
1190,9.917000,-686.872253,202.977783,1948.091675,,,
1191,9.925000,-684.327209,203.238113,1950.754150,,,
1192,9.933000,-681.762817,203.414825,1953.451660,,,
1193,9.942000,-679.149658,203.473145,1956.211060,,,
1194,9.950000,-676.502502,203.450439,1959.018799,,,
1195,9.958000,-673.914246,203.427109,1961.829224,,,
1196,9.967000,-671.230591,203.614624,1964.530029,,,
1197,9.975000,-668.747986,203.711807,1967.224976,,,
1198,9.983000,-666.090210,203.922043,1969.876343,,,
1199,9.992000,-663.585510,204.036423,1972.630859,,,
1200,10.000000,-661.039978,204.131577,1975.400391,,,
1201,10.008000,-658.475891,204.220505,1978.067505,,,
1202,10.017000,-655.907776,204.335541,1980.658081,,,
1203,10.025000,-653.251648,204.451904,1983.346069,,,
1204,10.033000,-650.670105,204.710510,1985.971680,,,
1205,10.042000,-648.132996,204.789612,1988.617920,,,
1206,10.050000,-645.550476,204.791473,1991.360352,,,
1207,10.058000,-642.807861,204.834671,1994.057129,,,
1208,10.067000,-640.159790,204.862076,1996.669922,,,
1209,10.075000,-637.543579,204.923996,1999.206543,,,
1210,10.083000,-634.938599,205.164413,2001.791016,,,
1211,10.092000,-632.413757,205.418411,2004.395996,,,
1212,10.100000,-629.741028,205.381866,2006.997070,,,
1213,10.108000,-627.001770,205.473770,2009.719116,,,
1214,10.117000,-624.346619,205.653931,2012.349121,,,
1215,10.125000,-621.597900,205.806946,2015.005371,,,
1216,10.133000,-618.944336,205.827820,2017.545898,,,
1217,10.142000,-616.426636,205.851013,2020.105835,,,
1218,10.150000,-613.859619,206.046005,2022.687866,,,
1219,10.158000,-611.104797,206.139725,2025.236328,,,
1220,10.167000,-608.267822,206.120590,2027.818726,,,
1221,10.175000,-605.395325,206.112595,2030.505371,,,
1222,10.183000,-602.757874,206.275177,2033.132812,,,
1223,10.192000,-600.044434,206.310257,2035.666992,,,
1224,10.200000,-597.356323,206.526566,2038.165771,,,
1225,10.208000,-594.648743,206.670135,2040.729004,,,
1226,10.217000,-591.900696,206.784668,2043.244873,,,
1227,10.225000,-589.129700,206.823349,2045.828369,,,
1228,10.233000,-586.365845,206.931259,2048.324707,,,
1229,10.242000,-583.729004,207.004730,2050.811279,,,
1230,10.250000,-580.911621,207.092194,2053.260986,,,
1231,10.258000,-578.192261,207.344025,2055.696289,,,
1232,10.267000,-575.345947,207.399521,2058.089111,,,
1233,10.275000,-572.540466,207.387283,2060.689453,,,
1234,10.283000,-569.631226,207.274399,2063.230469,,,
1235,10.292000,-566.735291,207.499954,2065.691650,,,
1236,10.300000,-564.017090,207.630341,2068.096680,,,
1237,10.308000,-561.199280,207.734482,2070.541992,,,
1238,10.317000,-558.420593,207.832520,2073.027588,,,
1239,10.325000,-555.560303,207.915955,2075.508789,,,
1240,10.333000,-552.706665,208.121582,2077.893066,,,
1241,10.342000,-549.852539,208.120697,2080.159180,,,
1242,10.350000,-547.038635,208.168686,2082.613525,,,
1243,10.358000,-544.139771,208.290298,2085.045898,,,
1244,10.367000,-541.300171,208.547165,2087.531494,,,
1245,10.375000,-538.422729,208.640610,2089.915771,,,
1246,10.383000,-535.336792,208.631989,2092.376465,,,
1247,10.392000,-532.471436,208.646805,2094.679199,,,
1248,10.400000,-529.626404,208.569763,2097.077393,,,
1249,10.408000,-526.609680,208.648636,2099.494385,,,
1250,10.417000,-523.857971,208.906265,2101.729492,,,
1251,10.425000,-520.949097,209.071335,2104.069580,,,
1252,10.433000,-518.008911,209.089874,2106.366211,,,
1253,10.442000,-515.251465,209.147934,2108.632568,,,
1254,10.450000,-512.190491,209.247879,2111.020996,,,
1255,10.458000,-509.208435,209.431686,2113.462402,,,
1256,10.467000,-506.386932,209.505676,2115.704590,,,
1257,10.475000,-503.576996,209.467560,2117.919434,,,
1258,10.483000,-500.564941,209.660080,2120.155762,,,
1259,10.492000,-497.670197,209.750854,2122.447510,,,
1260,10.500000,-494.621277,209.750641,2124.716797,,,
1261,10.508000,-491.560211,209.733322,2127.040283,,,
1262,10.517000,-488.700775,209.813782,2129.244141,,,
1263,10.525000,-485.718231,209.975220,2131.452637,,,
1264,10.533000,-482.738739,210.168106,2133.658447,,,
1265,10.542000,-479.916962,210.144516,2135.761963,,,
1266,10.550000,-476.918518,210.131500,2138.013916,,,
1267,10.558000,-473.996765,210.280594,2140.245850,,,
1268,10.567000,-470.953186,210.354874,2142.527344,,,
1269,10.575000,-467.985657,210.534317,2144.668213,,,
1270,10.583000,-465.103851,210.534653,2146.809814,,,
1271,10.592000,-462.117584,210.596848,2149.014893,,,
1272,10.600000,-459.078308,210.748932,2151.185059,,,
1273,10.608000,-456.078918,210.769485,2153.384277,,,
1274,10.617000,-453.096008,210.847473,2155.456299,,,
1275,10.625000,-450.165436,210.788528,2157.608643,,,
1276,10.633000,-447.034912,210.979630,2159.642090,,,
1277,10.642000,-444.096863,211.060013,2161.729248,,,
1278,10.650000,-440.997620,210.978241,2163.855713,,,
1279,10.658000,-438.032043,211.220535,2165.866455,,,
1280,10.667000,-435.121460,211.266083,2167.904053,,,
1281,10.675000,-431.932007,211.334305,2170.033203,,,
1282,10.683000,-428.845062,211.405060,2172.109131,,,
1283,10.692000,-425.878082,211.452988,2174.216309,,,
1284,10.700000,-422.885101,211.484619,2176.341309,,,
1285,10.708000,-419.837463,211.685059,2178.313721,,,
1286,10.717000,-416.698792,211.823196,2180.430420,,,
1287,10.725000,-413.630402,211.702408,2182.397217,,,
1288,10.733000,-410.448120,211.797394,2184.435547,,,
1289,10.742000,-407.319824,211.814865,2186.437744,,,
1290,10.750000,-404.184265,211.946564,2188.406982,,,
1291,10.758000,-401.070160,212.020187,2190.397217,,,
1292,10.767000,-398.029999,212.077576,2192.398926,,,
1293,10.775000,-394.837738,212.104294,2194.343018,,,
1294,10.783000,-391.686737,212.303589,2196.371094,,,
1295,10.792000,-388.550049,212.389267,2198.305420,,,
1296,10.800000,-385.385742,212.308594,2200.353027,,,
1297,10.808000,-382.160736,212.469055,2202.307129,,,
1298,10.817000,-379.066101,212.573837,2204.220703,,,
1299,10.825000,-375.810791,212.650986,2206.202637,,,
1300,10.833000,-372.642120,212.772064,2208.100098,,,
1301,10.842000,-369.372742,212.665466,2210.066895,,,
1302,10.850000,-365.935333,212.774750,2212.002441,,,
1303,10.858000,-362.742096,212.737656,2213.844727,,,
1304,10.867000,-359.635590,212.854950,2215.884277,,,
1305,10.875000,-356.440552,213.031204,2217.691650,,,
1306,10.883000,-353.216553,213.100647,2219.643555,,,
1307,10.892000,-350.016937,213.170074,2221.598633,,,
1308,10.900000,-346.778900,213.180008,2223.467041,,,
1309,10.908000,-343.504456,213.226486,2225.423096,,,
1310,10.917000,-340.385559,213.411819,2227.177979,,,
1311,10.925000,-337.226624,213.529556,2229.006592,,,
1312,10.933000,-334.005829,213.526230,2230.915527,,,
1313,10.942000,-330.674622,213.554428,2232.738525,,,
1314,10.950000,-327.316681,213.696014,2234.684082,,,
1315,10.958000,-324.034332,213.645798,2236.429932,,,
1316,10.967000,-320.800110,213.634430,2238.241211,,,
1317,10.975000,-317.587921,213.693588,2240.068359,,,
1318,10.983000,-314.380127,213.898514,2241.795410,,,
1319,10.992000,-311.188965,213.906479,2243.623047,,,
1320,11.000000,-308.006012,213.922699,2245.406006,,,
1321,11.008000,-304.699524,214.106079,2247.025391,,,
1322,11.017000,-301.413391,214.172409,2248.816162,,,
1323,11.025000,-298.288574,214.176849,2250.495605,,,
1324,11.033000,-295.007721,214.298615,2252.235596,,,
1325,11.042000,-291.731201,214.401855,2253.968018,,,
1326,11.050000,-288.315918,214.464752,2255.681152,,,
1327,11.058000,-285.141602,214.487000,2257.347412,,,
1328,11.067000,-281.889832,214.468399,2259.046143,,,
1329,11.075000,-278.433472,214.481659,2260.668213,,,
1330,11.083000,-275.175110,214.529358,2262.368164,,,
1331,11.092000,-271.899109,214.651932,2264.039307,,,
1332,11.100000,-268.709656,214.702454,2265.628662,,,
1333,11.108000,-265.316772,214.923111,2267.358154,,,
1334,11.117000,-262.046539,214.995605,2268.929688,,,
1335,11.125000,-258.796875,214.889221,2270.493652,,,
1336,11.133000,-255.470993,215.021652,2272.147217,,,
1337,11.142000,-252.122665,215.138031,2273.729248,,,
1338,11.150000,-248.853607,215.162369,2275.340332,,,
1339,11.158000,-245.562485,215.230774,2276.944580,,,
1340,11.167000,-242.198776,215.319244,2278.484375,,,
1341,11.175000,-238.843887,215.371231,2280.034424,,,
1342,11.183000,-235.463089,215.279907,2281.595947,,,
1343,11.192000,-232.073914,215.156937,2283.094727,,,
1344,11.200000,-228.648788,215.400177,2284.580322,,,
1345,11.208000,-225.432678,215.611008,2286.064941,,,
1346,11.217000,-222.027725,215.620316,2287.562744,,,
1347,11.225000,-218.635223,215.626770,2289.092773,,,
1348,11.233000,-215.122131,215.750412,2290.579590,,,
1349,11.242000,-211.776794,215.722076,2292.129639,,,
1350,11.250000,-208.376022,215.818542,2293.604004,,,
1351,11.258000,-204.874084,215.918732,2295.104492,,,
1352,11.267000,-201.552933,215.964996,2296.614014,,,
1353,11.275000,-198.115143,216.084198,2298.109863,,,
1354,11.283000,-194.771515,216.018524,2299.539795,-168.898788,186.703522,2422.523193
1355,11.292000,-191.101532,216.140686,2300.938721,-166.248138,188.520981,2423.353027
1356,11.300000,-187.650543,216.218628,2302.326416,-162.243225,185.353607,2423.048340
1357,11.308000,-184.394882,216.199631,2303.736572,-158.291779,184.862305,2424.988281
1358,11.317000,-181.027222,216.363846,2305.148926,-154.323227,185.088806,2426.717041
1359,11.325000,-177.615616,216.392212,2306.477051,-150.309723,184.954498,2429.296875
1360,11.333000,-174.139267,216.296341,2307.848389,-147.082260,185.771103,2430.170898
1361,11.342000,-170.810349,216.481354,2309.257812,-144.602432,185.098068,2424.326416
1362,11.350000,-167.331223,216.578415,2310.604736,-141.764664,185.843185,2425.353516
1363,11.358000,-163.865952,216.552658,2311.984375,,,
1364,11.367000,-160.405548,216.606415,2313.435059,,,
1365,11.375000,-156.970215,216.747131,2314.695801,,,
1366,11.383000,-153.563171,216.726593,2316.133545,,,
1367,11.392000,-150.146545,216.824356,2317.402100,,,
1368,11.400000,-146.669983,216.887100,2318.700439,,,
1369,11.408000,-143.272614,217.030685,2320.015137,,,
1370,11.417000,-139.903229,217.136551,2321.330078,,,
1371,11.425000,-136.557373,217.099258,2322.576660,,,
1372,11.433000,-132.996613,217.058289,2323.839600,,,
1373,11.442000,-129.367981,217.120285,2325.125977,,,
1374,11.450000,-126.037659,217.138458,2326.324707,,,
1375,11.458000,-122.797272,217.112274,2327.584473,,,
1376,11.467000,-119.347191,217.296158,2328.800537,,,
1377,11.475000,-115.834198,217.359787,2330.035156,,,
1378,11.483000,-112.428589,217.243271,2331.310547,,,
1379,11.492000,-108.977127,217.377640,2332.536133,,,
1380,11.500000,-105.611313,217.612000,2333.722168,,,
1381,11.508000,-102.166283,217.591293,2334.900635,,,
1382,11.517000,-98.753891,217.628723,2336.060303,,,
1383,11.525000,-95.272278,217.699921,2337.308105,,,
1384,11.533000,-91.785286,217.702789,2338.450928,,,
1385,11.542000,-88.357285,217.682159,2339.607178,,,
1386,11.550000,-84.992622,217.733337,2340.797119,,,
1387,11.558000,-81.530258,217.769638,2341.985840,,,
1388,11.567000,-78.066727,217.797684,2343.091553,,,
1389,11.575000,-74.708527,217.772064,2344.233154,,,
1390,11.583000,-71.329102,217.776642,2345.271484,,,
1391,11.592000,-67.743233,217.918488,2346.485107,,,
1392,11.600000,-64.341446,217.949387,2347.489014,,,
1393,11.608000,-60.854614,217.886261,2348.504150,,,
1394,11.617000,-57.466728,218.060410,2349.590820,,,
1395,11.625000,-54.090221,218.080185,2350.795654,,,
1396,11.633000,-50.646847,217.959824,2351.822021,,,
1397,11.642000,-46.975800,218.009048,2352.903320,,,
1398,11.650000,-43.476353,218.137024,2353.816406,,,
1399,11.658000,-40.044243,218.136063,2354.952148,,,
1400,11.667000,-36.579929,218.105911,2356.020264,,,
1401,11.675000,-33.142029,218.208603,2357.092529,,,
1402,11.683000,-29.755011,218.213455,2358.047363,,,
1403,11.692000,-26.231451,218.245010,2359.070801,,,
1404,11.700000,-22.719873,218.326141,2359.912842,,,
1405,11.708000,-19.138206,218.218765,2360.844971,,,
1406,11.717000,-15.687732,218.276733,2361.861816,,,
1407,11.725000,-12.274164,218.434479,2362.832520,,,
1408,11.733000,-8.797541,218.429459,2363.788818,,,
1409,11.742000,-5.069386,218.436874,2364.677734,,,
1410,11.750000,-1.578932,218.529922,2365.575195,,,
1411,11.758000,1.960342,218.568985,2366.620117,,,
1412,11.767000,5.510349,218.493622,2367.580322,,,
1413,11.775000,8.878188,218.616714,2368.609619,,,
1414,11.783000,12.289092,218.751038,2369.534424,,,
1415,11.792000,15.892798,218.780380,2370.342773,,,
1416,11.800000,19.486490,218.753189,2371.230957,,,
1417,11.808000,23.012983,218.806091,2372.182373,,,
1418,11.817000,26.390240,218.957870,2373.096436,,,
1419,11.825000,29.758368,218.884857,2373.866455,,,
1420,11.833000,33.501366,218.755280,2374.704102,,,
1421,11.842000,37.323704,218.853683,2375.459717,,,
1422,11.850000,40.828480,218.983398,2376.277100,,,
1423,11.858000,44.142685,218.997604,2377.201660,,,
1424,11.867000,47.666195,218.944260,2378.177490,,,
1425,11.875000,51.208565,219.100250,2379.012695,,,
1426,11.883000,54.587208,219.160492,2379.861328,,,
1427,11.892000,58.063671,219.077118,2380.677490,,,
1428,11.900000,61.777382,219.249710,2381.543457,,,
1429,11.908000,65.174141,219.353699,2382.199707,,,
1430,11.917000,68.585213,219.273163,2383.074707,,,
1431,11.925000,72.177032,219.254776,2383.926025,,,
1432,11.933000,75.623390,219.293777,2384.724609,,,
1433,11.942000,79.189774,219.337234,2385.401367,,,
1434,11.950000,82.690399,219.267365,2386.112305,,,
1435,11.958000,86.226028,219.285934,2386.966797,,,
1436,11.967000,89.839401,219.253235,2387.629639,,,
1437,11.975000,93.231361,219.383621,2388.500244,,,
1438,11.983000,96.747818,219.404022,2389.292725,,,
1439,11.992000,100.258873,219.512558,2390.031982,,,
1440,12.000000,103.771759,219.558090,2390.733643,,,
1441,12.008000,107.390099,219.533722,2391.427979,,,
1442,12.017000,110.753052,219.701202,2392.202881,,,
1443,12.025000,114.222542,219.768250,2393.016846,,,
1444,12.033000,117.844429,219.608093,2393.687256,,,
1445,12.042000,121.385155,219.636734,2394.398438,,,
1446,12.050000,124.854416,219.717621,2395.076904,,,
1447,12.058000,128.514526,219.602646,2395.765625,,,
1448,12.067000,132.164673,219.578110,2396.393799,,,
1449,12.075000,135.639633,219.655716,2397.004395,,,
1450,12.083000,139.137100,219.724960,2397.724609,,,
1451,12.092000,142.673340,219.706100,2398.310547,,,
1452,12.100000,146.362015,219.760605,2399.023926,,,
1453,12.108000,149.872482,219.789307,2399.557617,,,
1454,12.117000,153.592422,219.813980,2400.186279,,,
1455,12.125000,157.202881,219.761154,2400.836182,,,
1456,12.133000,160.890808,219.829666,2401.477783,,,
1457,12.142000,164.524399,219.904114,2402.060547,,,
1458,12.150000,168.170822,219.929993,2402.683105,,,
1459,12.158000,171.946930,219.820908,2403.282715,,,
1460,12.167000,175.566071,219.830811,2403.782959,,,
1461,12.175000,179.319366,219.706451,2404.367432,,,
1462,12.183000,183.026962,219.761444,2404.841064,,,
1463,12.192000,186.748184,219.934357,2405.448486,,,
1464,12.200000,190.424942,219.935730,2405.983154,,,
1465,12.208000,194.041702,219.947403,2406.477783,,,
1466,12.217000,197.588852,220.074844,2406.995361,,,
1467,12.225000,201.275040,220.069458,2407.417480,,,
1468,12.233000,204.961456,219.966660,2407.954346,,,
1469,12.242000,208.653763,220.084045,2408.363525,,,
1470,12.250000,212.237320,220.130356,2408.773438,,,
1471,12.258000,215.764267,220.061920,2409.182861,,,
1472,12.267000,219.323547,220.125580,2409.573486,,,
1473,12.275000,222.957855,220.090607,2409.903564,,,
1474,12.283000,226.497910,220.170883,2410.151611,,,
1475,12.292000,229.950211,220.124893,2410.420654,,,
1476,12.300000,233.383560,220.124786,2410.634033,,,
1477,12.308000,236.767227,220.036331,2410.739258,,,
1478,12.317000,240.231049,220.068878,2410.862793,,,
1479,12.325000,243.394562,220.060776,2410.945557,,,
1480,12.333000,246.855103,220.096893,2410.954834,,,
1481,12.342000,250.257339,220.115845,2411.034912,,,
1482,12.350000,253.556488,220.074066,2411.137939,,,
1483,12.358000,256.928558,220.119583,2411.126465,,,
1484,12.367000,260.292847,220.044556,2411.118652,,,
1485,12.375000,263.636932,220.106155,2411.093994,,,
1486,12.383000,266.965881,220.102539,2411.077637,,,
1487,12.392000,270.540070,220.108017,2411.026367,,,
1488,12.400000,273.778931,220.139328,2410.954102,,,
1489,12.408000,277.073334,220.150772,2410.840820,,,
1490,12.417000,280.401947,220.144745,2410.697021,,,
1491,12.425000,283.640015,220.172501,2410.508789,,,
1492,12.433000,286.828125,220.064835,2410.266602,,,
1493,12.442000,290.088837,219.993286,2409.999512,,,
1494,12.450000,293.363129,219.982758,2409.660645,,,
1495,12.458000,296.641327,219.980438,2409.306152,,,
1496,12.467000,299.685150,219.847351,2408.947266,,,
1497,12.475000,302.865692,219.874512,2408.483643,,,
1498,12.483000,306.026184,219.950394,2408.137207,,,
1499,12.492000,309.222931,219.904602,2407.768311,,,
1500,12.500000,312.450623,219.966171,2407.265869,,,
1501,12.508000,315.483551,219.849991,2406.784912,,,
1502,12.517000,318.625763,219.891998,2406.384033,,,
1503,12.525000,321.716003,219.925415,2405.841553,,,
1504,12.533000,324.866669,219.893860,2405.256592,,,
1505,12.542000,327.938782,219.916046,2404.636230,,,
1506,12.550000,331.066956,219.788132,2403.928223,,,
1507,12.558000,334.253632,219.793976,2403.357910,,,
1508,12.567000,337.453125,219.805710,2402.694824,,,
1509,12.575000,340.663269,219.782913,2402.104492,,,
1510,12.583000,343.786713,219.764389,2401.392578,,,
1511,12.592000,346.896729,219.777267,2400.657959,,,
1512,12.600000,350.046448,219.837509,2399.915039,,,
1513,12.608000,353.177795,219.764923,2399.199219,,,
1514,12.617000,356.326385,219.696365,2398.329346,,,
1515,12.625000,359.426880,219.648697,2397.565186,,,
1516,12.633000,362.425018,219.570999,2396.686279,,,
1517,12.642000,365.487549,219.538849,2395.703613,,,
1518,12.650000,368.329590,219.523056,2394.781006,,,
1519,12.658000,371.200989,219.340302,2393.858887,,,
1520,12.667000,374.178406,219.342316,2392.791504,,,
1521,12.675000,377.116699,219.380676,2391.864990,,,
1522,12.683000,380.141693,219.335190,2390.841064,,,
1523,12.692000,383.009064,219.268173,2389.883545,,,
1524,12.700000,385.887512,219.270920,2388.802734,,,
1525,12.708000,388.856079,219.283432,2387.771484,,,
1526,12.717000,391.723846,219.228775,2386.680420,,,
1527,12.725000,394.757263,219.250397,2385.631348,,,
1528,12.733000,397.683594,219.136429,2384.567871,,,
1529,12.742000,400.642181,219.121521,2383.306641,,,
1530,12.750000,403.492462,219.001770,2382.184082,,,
1531,12.758000,406.394287,218.928482,2380.919189,,,
1532,12.767000,409.267944,219.074585,2379.755371,,,
1533,12.775000,412.112610,219.038712,2378.491943,,,
1534,12.783000,415.143585,218.923553,2377.162354,,,
1535,12.792000,418.056641,218.930695,2375.902344,,,
1536,12.800000,421.043152,218.842911,2374.585938,,,
1537,12.808000,423.973572,218.770660,2373.252686,,,
1538,12.817000,426.809174,218.732666,2371.906738,,,
1539,12.825000,429.684540,218.617645,2370.572754,,,
1540,12.833000,432.669586,218.571213,2369.066406,,,
1541,12.842000,435.376923,218.478973,2367.593262,,,
1542,12.850000,438.184906,218.305527,2366.169678,,,
1543,12.858000,440.850830,218.364151,2364.681641,,,
1544,12.867000,443.593964,218.419235,2363.187988,,,
1545,12.875000,446.286530,218.323456,2361.666992,,,
1546,12.883000,448.970917,218.316650,2360.092773,,,
1547,12.892000,451.634583,218.288422,2358.494873,,,
1548,12.900000,454.246521,218.241852,2356.940186,,,
1549,12.908000,457.005920,218.163406,2355.342773,,,
1550,12.917000,459.724518,218.031815,2353.683350,,,
1551,12.925000,462.516876,218.043762,2352.018311,,,
1552,12.933000,465.235931,217.964325,2350.477783,,,
1553,12.942000,467.897278,217.872971,2348.759277,,,
1554,12.950000,470.516846,217.794846,2347.123779,,,
1555,12.958000,473.122314,217.754135,2345.395020,,,
1556,12.967000,475.682098,217.779755,2343.655762,,,
1557,12.975000,478.302490,217.660706,2341.839844,,,
1558,12.983000,480.880249,217.646820,2339.992676,,,
1559,12.992000,483.531677,217.687363,2338.031494,,,
1560,13.000000,486.073456,217.621597,2336.126465,,,
1561,13.008000,488.555725,217.438766,2334.280762,,,
1562,13.017000,491.097504,217.288666,2332.328857,,,
1563,13.025000,493.762329,217.199951,2330.410889,,,
1564,13.033000,496.287231,217.141479,2328.415771,,,
1565,13.042000,498.766571,217.029037,2326.463135,,,
1566,13.050000,501.144409,216.917770,2324.576172,,,
1567,13.058000,503.654907,217.034637,2322.560303,,,
1568,13.067000,506.143219,217.010391,2320.636719,,,
1569,13.075000,508.534302,216.910004,2318.621582,,,
1570,13.083000,510.907349,216.846573,2316.642334,,,
1571,13.092000,513.270264,216.745926,2314.628662,,,
1572,13.100000,515.648865,216.752289,2312.517334,,,
1573,13.108000,517.922913,216.626175,2310.408936,,,
1574,13.117000,520.195068,216.502335,2308.333496,,,
1575,13.125000,522.479431,216.358612,2306.314697,,,
1576,13.133000,524.918579,216.336304,2304.133301,,,
1577,13.142000,527.289062,216.316132,2302.072266,,,
1578,13.150000,529.516418,216.240677,2299.909424,,,
1579,13.158000,531.725830,216.186523,2297.814697,,,
1580,13.167000,534.029602,216.178818,2295.708252,,,
1581,13.175000,536.283936,216.129410,2293.519043,,,
1582,13.183000,538.450378,215.964951,2291.366943,,,
1583,13.192000,540.621399,215.840271,2289.152344,,,
1584,13.200000,542.731934,215.753616,2286.760498,,,
1585,13.208000,544.780029,215.651642,2284.502197,,,
1586,13.217000,546.784424,215.584991,2282.227295,,,
1587,13.225000,548.784180,215.472183,2279.926514,,,
1588,13.233000,550.779907,215.399109,2277.661621,,,
1589,13.242000,552.801758,215.348358,2275.295898,,,
1590,13.250000,554.810242,215.167618,2272.976807,,,
1591,13.258000,556.880981,215.195114,2270.577637,,,
1592,13.267000,558.800110,215.114685,2268.287109,,,
1593,13.275000,560.736206,215.049988,2266.050049,,,
1594,13.283000,562.632385,215.037048,2263.626953,,,
1595,13.292000,564.647461,214.972168,2261.214111,,,
1596,13.300000,566.515198,214.861206,2258.863037,,,
1597,13.308000,568.352478,214.864395,2256.372559,,,
1598,13.317000,570.226501,214.751343,2254.035400,,,
1599,13.325000,572.033508,214.737595,2251.649414,,,
1600,13.333000,573.874756,214.672333,2249.213623,,,
1601,13.342000,575.564636,214.634399,2246.744873,,,
1602,13.350000,577.329956,214.551605,2244.383789,,,
1603,13.358000,579.054199,214.399536,2241.855713,,,
1604,13.367000,580.881592,214.236252,2239.184570,,,
1605,13.375000,582.590820,214.252533,2236.602051,,,
1606,13.383000,584.277893,214.252228,2234.229248,,,
1607,13.392000,585.927429,214.069016,2231.833740,,,
1608,13.400000,587.502747,213.965576,2229.140381,,,
1609,13.408000,589.189026,213.841431,2226.337891,,,
1610,13.417000,590.848450,213.810287,2223.856201,,,
1611,13.425000,592.438965,213.797165,2221.350342,,,
1612,13.433000,593.936462,213.693527,2218.877441,,,
1613,13.442000,595.403687,213.651718,2216.230713,,,
1614,13.450000,596.959473,213.568481,2213.621338,,,
1615,13.458000,598.504822,213.516098,2210.996094,,,
1616,13.467000,600.010437,213.502319,2208.588379,,,
1617,13.475000,601.456970,213.414093,2205.904785,,,
1618,13.483000,602.854797,213.242996,2203.123291,,,
1619,13.492000,604.316467,213.175858,2200.404541,,,
1620,13.500000,605.711670,213.046646,2197.844238,,,
1621,13.508000,607.088623,212.953613,2195.306396,,,
1622,13.517000,608.419556,212.900284,2192.564453,,,
1623,13.525000,609.823608,212.789780,2189.778809,,,
1624,13.533000,611.136536,212.711670,2187.139160,,,
1625,13.542000,612.519714,212.640747,2184.482178,,,
1626,13.550000,613.837158,212.564499,2181.980225,,,
1627,13.558000,615.044739,212.555893,2179.214355,,,
1628,13.567000,616.265808,212.500443,2176.514160,,,
1629,13.575000,617.514282,212.390427,2173.721680,,,
1630,13.583000,618.780334,212.261429,2171.061768,,,
1631,13.592000,619.929443,212.145660,2168.301514,,,
1632,13.600000,621.021667,211.933182,2165.590576,,,
1633,13.608000,622.089722,211.855225,2162.577148,,,
1634,13.617000,623.290833,211.795441,2159.798828,,,
1635,13.625000,624.464966,211.796112,2157.214844,,,
1636,13.633000,625.623718,211.686234,2154.510986,,,
1637,13.642000,626.591675,211.616272,2151.675293,,,
1638,13.650000,627.776672,211.474411,2148.800781,,,
1639,13.658000,628.766541,211.391174,2145.999023,,,
1640,13.667000,629.860291,211.371506,2143.290527,,,
1641,13.675000,630.940125,211.294785,2140.477051,,,
1642,13.683000,631.870911,211.161789,2137.553223,,,
1643,13.692000,632.965332,211.116684,2134.673340,,,
1644,13.700000,633.903625,211.083618,2131.834717,,,
1645,13.708000,634.857605,210.929596,2128.999512,,,
1646,13.717000,635.786743,210.712860,2125.987305,,,
1647,13.725000,636.775879,210.643280,2122.967773,,,
1648,13.733000,637.798950,210.519043,2120.224121,,,
1649,13.742000,638.736389,210.479950,2117.330322,,,
1650,13.750000,639.561401,210.365829,2114.396240,,,
1651,13.758000,640.506226,210.283844,2111.418213,,,
1652,13.767000,641.402710,210.200439,2108.455322,,,
1653,13.775000,642.228088,210.080109,2105.591309,,,
1654,13.783000,643.073181,209.965652,2102.586426,,,
1655,13.792000,643.880859,209.899445,2099.550781,,,
1656,13.800000,644.731506,209.782211,2096.627197,,,
1657,13.808000,645.590881,209.773666,2093.619629,,,
1658,13.817000,646.268982,209.759705,2090.609131,,,
1659,13.825000,647.154480,209.591431,2087.659912,,,
1660,13.833000,647.788330,209.474396,2084.572510,,,
1661,13.842000,648.607300,209.383682,2081.651611,,,
1662,13.850000,649.292603,209.276596,2078.547119,,,
1663,13.858000,650.009155,209.105820,2075.627441,,,
1664,13.867000,650.707275,209.011490,2072.562256,,,
1665,13.875000,651.347900,208.939835,2069.501221,,,
1666,13.883000,652.045471,208.901001,2066.508301,,,
1667,13.892000,652.660278,208.818130,2063.388184,,,
1668,13.900000,653.284851,208.734756,2060.294189,,,
1669,13.908000,653.887390,208.651428,2057.145752,,,
1670,13.917000,654.459351,208.527756,2054.031982,,,
1671,13.925000,655.085510,208.398056,2050.873779,,,
1672,13.933000,655.598450,208.306107,2047.770508,,,
1673,13.942000,656.223938,208.167084,2044.703003,,,
1674,13.950000,656.726929,208.008530,2041.492676,,,
1675,13.958000,657.309387,207.904160,2038.398682,,,
1676,13.967000,657.836426,207.884216,2035.339600,,,
1677,13.975000,658.348145,207.760208,2032.362427,,,
1678,13.983000,658.712280,207.631775,2029.242554,,,
1679,13.992000,659.188599,207.621414,2026.150513,,,
1680,14.000000,659.575562,207.458450,2023.331909,,,
1681,14.008000,659.841919,207.384674,2020.230103,,,
1682,14.017000,660.163269,207.320114,2017.246704,,,
1683,14.025000,660.409912,207.236725,2014.216919,,,
1684,14.033000,660.614197,207.083664,2011.227661,,,
1685,14.042000,660.826721,206.974777,2008.328857,,,
1686,14.050000,661.033142,206.944214,2005.357544,,,
1687,14.058000,661.202576,206.824966,2002.474487,,,
1688,14.067000,661.288818,206.779343,1999.424561,,,
1689,14.075000,661.501465,206.652328,1996.570801,,,
1690,14.083000,661.481934,206.592407,1993.583862,,,
1691,14.092000,661.623474,206.512894,1990.593018,,,
1692,14.100000,661.558289,206.337082,1987.587524,,,
1693,14.108000,661.569397,206.201523,1984.554810,,,
1694,14.117000,661.505920,206.041550,1981.602661,,,
1695,14.125000,661.460571,205.892639,1978.548096,,,
1696,14.133000,661.410095,205.831192,1975.548096,,,
1697,14.142000,661.254578,205.729843,1972.628174,,,
1698,14.150000,661.093018,205.658279,1969.714233,,,
1699,14.158000,660.854248,205.661041,1966.763306,,,
1700,14.167000,660.731140,205.510941,1963.947388,,,
1701,14.175000,660.448975,205.402054,1960.972778,,,
1702,14.183000,660.305786,205.272583,1958.032471,,,
1703,14.192000,660.013611,205.211960,1955.101074,,,
1704,14.200000,659.824341,205.163773,1952.240112,,,
1705,14.208000,659.509216,205.155777,1949.266602,,,
1706,14.217000,659.165039,204.988419,1946.403198,,,
1707,14.225000,658.746704,204.887589,1943.377930,,,
1708,14.233000,658.385864,204.756409,1940.408691,,,
1709,14.242000,658.039490,204.635422,1937.376953,,,
1710,14.250000,657.566528,204.630402,1934.365845,,,
1711,14.258000,657.142883,204.474136,1931.390991,,,
1712,14.267000,656.618713,204.390747,1928.449341,,,
1713,14.275000,656.146423,204.265182,1925.463989,,,
1714,14.283000,655.546143,204.164932,1922.428101,,,
1715,14.292000,654.967712,204.082047,1919.509888,,,
1716,14.300000,654.373962,204.045731,1916.433105,,,
1717,14.308000,653.755493,203.861603,1913.428589,,,
1718,14.317000,653.093384,203.781387,1910.368408,,,
1719,14.325000,652.372131,203.611496,1907.319946,,,
1720,14.333000,651.711975,203.492920,1904.289307,,,
1721,14.342000,650.951538,203.304398,1901.334473,,,
1722,14.350000,650.191956,203.212997,1898.343384,,,
1723,14.358000,649.413330,203.153854,1895.345215,,,
1724,14.367000,648.542419,203.035141,1892.505859,,,
1725,14.375000,647.744019,202.896576,1889.611938,,,
1726,14.383000,646.818420,202.862518,1886.811035,,,
1727,14.392000,645.925171,202.818359,1883.965576,,,
1728,14.400000,645.012939,202.646835,1881.137207,,,
1729,14.408000,644.037781,202.494995,1878.294800,,,
1730,14.417000,643.080261,202.458008,1875.479614,,,
1731,14.425000,642.112732,202.401489,1872.732910,,,
1732,14.433000,641.066833,202.388351,1869.713501,,,
1733,14.442000,640.053650,202.205811,1866.941895,,,
1734,14.450000,639.020569,202.065964,1864.032227,,,
1735,14.458000,637.903259,201.957733,1861.325439,,,
1736,14.467000,636.881042,201.873352,1858.476074,,,
1737,14.475000,635.705078,201.713211,1855.788208,,,
1738,14.483000,634.572632,201.659943,1852.973267,,,
1739,14.492000,633.361755,201.500610,1850.266846,,,
1740,14.500000,632.215576,201.461548,1847.543335,,,
1741,14.508000,631.007874,201.456146,1844.800415,,,
1742,14.517000,629.640259,201.340881,1842.131836,,,
1743,14.525000,628.400269,201.164017,1839.469604,,,
1744,14.533000,627.043823,201.075836,1836.765503,,,
1745,14.542000,625.632874,200.987091,1834.065186,,,
1746,14.550000,624.324707,200.839157,1831.314819,,,
1747,14.558000,622.866394,200.632324,1828.702271,,,
1748,14.567000,621.363953,200.461670,1826.004517,,,
1749,14.575000,620.002563,200.451904,1823.423950,,,
1750,14.583000,618.472351,200.280853,1820.932129,,,
1751,14.592000,617.047119,200.160797,1818.324585,,,
1752,14.600000,615.499817,200.124756,1815.809937,,,
1753,14.608000,613.996765,200.102402,1813.350830,,,
1754,14.617000,612.467834,200.057617,1810.769287,,,
1755,14.625000,610.906738,199.952118,1808.391724,,,
1756,14.633000,609.276733,199.835617,1805.949097,,,
1757,14.642000,607.680237,199.803284,1803.416138,,,
1758,14.650000,606.019958,199.778687,1800.986206,,,
1759,14.658000,604.366821,199.625534,1798.645752,,,
1760,14.667000,602.624268,199.441208,1796.186646,,,
1761,14.675000,600.851379,199.377563,1793.793457,,,
1762,14.683000,599.181824,199.288651,1791.327271,,,
1763,14.692000,597.355286,199.102295,1788.942871,,,
1764,14.700000,595.561279,199.059006,1786.530029,,,
1765,14.708000,593.721924,198.999619,1784.213135,,,
1766,14.717000,591.896851,198.952835,1781.662231,,,
1767,14.725000,590.049866,198.875580,1779.456543,,,
1768,14.733000,588.126770,198.781876,1777.053711,,,
1769,14.742000,586.287109,198.781357,1774.630127,,,
1770,14.750000,584.297241,198.713043,1772.273193,,,
1771,14.758000,582.332458,198.505768,1770.066895,,,
1772,14.767000,580.274597,198.413803,1767.806519,,,
1773,14.775000,578.327148,198.345367,1765.589844,,,
1774,14.783000,576.194092,198.201569,1763.352295,,,
1775,14.792000,574.094666,197.997574,1761.165527,,,
1776,14.800000,572.059814,197.964935,1758.847290,,,
1777,14.808000,570.033020,197.961380,1756.663330,,,
1778,14.817000,567.858337,197.826614,1754.515137,,,
1779,14.825000,565.821960,197.712662,1752.432495,,,
1780,14.833000,563.802368,197.684937,1750.377686,,,
1781,14.842000,561.659180,197.578445,1748.257080,,,
1782,14.850000,559.416443,197.526901,1746.217896,,,
1783,14.858000,557.262085,197.435059,1744.280151,,,
1784,14.867000,555.212402,197.320831,1742.354004,,,
1785,14.875000,553.027039,197.234695,1740.384033,,,
1786,14.883000,550.843445,197.178848,1738.455322,,,
1787,14.892000,548.583618,197.144226,1736.564087,,,
1788,14.900000,546.268433,197.079544,1734.671631,,,
1789,14.908000,543.943176,196.921524,1732.688477,,,
1790,14.917000,541.670044,196.796890,1730.809204,,,
1791,14.925000,539.328857,196.755463,1728.951904,,,
1792,14.933000,537.000488,196.681763,1727.151367,,,
1793,14.942000,534.691040,196.644363,1725.317383,,,
1794,14.950000,532.353088,196.668686,1723.480103,,,
1795,14.958000,530.070618,196.539185,1721.623169,,,
1796,14.967000,527.570557,196.443024,1719.940186,,,
1797,14.975000,525.169922,196.351242,1718.296265,,,
1798,14.983000,522.720581,196.307663,1716.619873,,,
1799,14.992000,520.441833,196.191986,1714.922363,,,
1800,15.000000,517.918640,196.202179,1713.250732,,,
1801,15.008000,515.475891,196.213364,1711.606812,,,
1802,15.017000,513.041382,196.204575,1709.980469,,,
1803,15.025000,510.587921,196.197556,1708.418579,,,
1804,15.033000,508.114563,196.014465,1706.941284,,,
1805,15.042000,505.465271,195.846115,1705.386353,,,
1806,15.050000,502.884796,195.847916,1703.929932,,,
1807,15.058000,500.472656,195.844604,1702.465332,,,
1808,15.067000,498.119659,195.876816,1700.986694,,,
1809,15.075000,495.723358,195.753891,1699.514526,,,
1810,15.083000,493.062531,195.663147,1698.126099,,,
1811,15.092000,490.585480,195.642380,1696.796631,,,
1812,15.100000,488.192139,195.623703,1695.432251,,,
1813,15.108000,485.645752,195.660263,1694.199341,,,
1814,15.117000,483.104950,195.529739,1692.964355,,,
1815,15.125000,480.592346,195.539322,1691.796265,,,
1816,15.133000,478.037537,195.488831,1690.615723,,,
1817,15.142000,475.398712,195.465332,1689.441162,,,
1818,15.150000,472.769012,195.338318,1688.247559,,,
1819,15.158000,470.096649,195.312103,1687.157227,,,
1820,15.167000,467.320007,195.252930,1685.995850,,,
1821,15.175000,464.672424,195.219925,1684.869629,,,
1822,15.183000,462.174652,195.185532,1683.761597,,,
1823,15.192000,459.579254,195.195450,1682.773560,,,
1824,15.200000,456.890503,195.044006,1681.684692,,,
1825,15.208000,454.144745,195.019531,1680.618530,,,
1826,15.217000,451.362549,195.048035,1679.660645,,,
1827,15.225000,448.691162,194.970734,1678.674194,,,
1828,15.233000,446.131195,194.935959,1677.677246,,,
1829,15.242000,443.507599,194.963135,1676.745728,,,
1830,15.250000,440.765350,194.998322,1675.876709,,,
1831,15.258000,438.065399,194.900436,1675.010620,,,
1832,15.267000,435.441925,194.850266,1674.142456,,,
1833,15.275000,432.781769,194.806625,1673.320068,,,
1834,15.283000,429.963165,194.724243,1672.467529,,,
1835,15.292000,427.234253,194.689270,1671.634766,,,
1836,15.300000,424.594269,194.662567,1670.872681,,,
1837,15.308000,421.893677,194.682419,1670.130005,,,
1838,15.317000,419.131866,194.656876,1669.447632,,,
1839,15.325000,416.284943,194.472000,1668.752319,,,
1840,15.333000,413.403809,194.491409,1667.984985,,,
1841,15.342000,410.767242,194.558350,1667.280884,,,
1842,15.350000,408.117584,194.513641,1666.638184,,,
1843,15.358000,405.184662,194.448334,1666.079224,,,
1844,15.367000,402.355316,194.401932,1665.488159,,,
1845,15.375000,399.691254,194.393677,1664.889282,,,
1846,15.383000,397.013153,194.435455,1664.332031,,,
1847,15.392000,394.192474,194.464310,1663.795654,,,
1848,15.400000,391.248444,194.318985,1663.376465,,,
1849,15.408000,388.310486,194.167328,1662.946655,,,
1850,15.417000,385.475769,194.150482,1662.504272,,,
1851,15.425000,382.831787,194.202408,1662.043701,,,
1852,15.433000,379.987396,194.185577,1661.643555,,,
1853,15.442000,376.981171,194.087845,1661.280273,,,
1854,15.450000,374.072968,194.100601,1660.924683,,,
1855,15.458000,371.329163,194.136169,1660.562378,,,
1856,15.467000,368.449036,194.101120,1660.304321,,,
1857,15.475000,365.437958,194.020569,1660.044800,,,
1858,15.483000,362.570770,194.033676,1659.778442,,,
1859,15.492000,359.784821,194.093765,1659.499268,,,
1860,15.500000,356.913208,194.089279,1659.281982,,,
1861,15.508000,354.031738,194.081985,1659.106445,,,
1862,15.517000,351.169434,194.082687,1658.916748,,,
1863,15.525000,348.223999,194.014542,1658.807007,,,
1864,15.533000,345.177917,193.951004,1658.734497,,,
1865,15.542000,342.256165,193.946442,1658.592285,,,
1866,15.550000,339.454529,194.009399,1658.543579,,,
1867,15.558000,336.446655,193.978439,1658.545410,,,
1868,15.567000,333.458221,193.945450,1658.502930,,,
1869,15.575000,330.528442,193.936615,1658.477783,,,
1870,15.583000,327.566925,193.918335,1658.527588,,,
1871,15.592000,324.521423,193.872910,1658.671997,,,
1872,15.600000,321.526001,193.821213,1658.776733,,,
1873,15.608000,318.601288,193.859665,1658.890015,,,
1874,15.617000,315.629700,193.954941,1658.992676,,,
1875,15.625000,312.726715,193.978149,1659.176514,,,
1876,15.633000,309.816254,193.990219,1659.418335,,,
1877,15.642000,306.801239,193.980911,1659.676270,,,
1878,15.650000,303.855682,193.859726,1659.903320,,,
1879,15.658000,300.979736,193.956070,1660.173950,,,
1880,15.667000,298.066162,193.924759,1660.454834,,,
1881,15.675000,295.189514,193.924042,1660.783081,,,
1882,15.683000,292.300049,193.974548,1661.105713,,,
1883,15.692000,289.312164,193.970078,1661.420166,,,
1884,15.700000,286.378540,194.005630,1661.774292,,,
1885,15.708000,283.449005,193.949982,1662.171509,,,
1886,15.717000,280.566956,194.013077,1662.622314,,,
1887,15.725000,277.677948,194.018478,1663.052368,,,
1888,15.733000,274.719635,193.976440,1663.566650,,,
1889,15.742000,271.847656,194.065735,1664.017944,,,
1890,15.750000,269.030701,194.149841,1664.578735,,,
1891,15.758000,266.128113,194.141525,1665.149902,,,
1892,15.767000,263.246521,194.155975,1665.750977,,,
1893,15.775000,260.397919,194.173599,1666.316895,,,
1894,15.783000,257.559998,194.244247,1666.895630,,,
1895,15.792000,254.762970,194.245682,1667.553589,,,
1896,15.800000,251.915817,194.179977,1668.263306,,,
1897,15.808000,249.086716,194.164871,1668.990356,,,
1898,15.817000,246.272873,194.180725,1669.738037,,,
1899,15.825000,243.445663,194.236313,1670.492310,,,
1900,15.833000,240.677551,194.233109,1671.239990,,,
1901,15.842000,238.031494,194.274994,1672.068604,,,
1902,15.850000,235.246216,194.303574,1672.935669,,,
1903,15.858000,232.571564,194.422729,1673.815186,,,
1904,15.867000,229.905304,194.490189,1674.711182,,,
1905,15.875000,227.249939,194.448456,1675.605713,,,
1906,15.883000,224.532547,194.486984,1676.518433,,,
1907,15.892000,221.867020,194.559677,1677.486694,,,
1908,15.900000,219.232361,194.598343,1678.499878,,,
1909,15.908000,216.617157,194.641312,1679.523804,,,
1910,15.917000,214.086929,194.742493,1680.502686,,,
1911,15.925000,211.549576,194.751663,1681.458984,,,
1912,15.933000,209.001862,194.779266,1682.463013,,,
1913,15.942000,206.448257,194.921036,1683.585693,,,
1914,15.950000,203.930710,194.918427,1684.758789,,,
1915,15.958000,201.476273,194.908859,1685.897339,,,
1916,15.967000,199.146622,195.020752,1686.986450,,,
1917,15.975000,196.776505,195.094971,1688.128906,,,
1918,15.983000,194.332657,195.139694,1689.354858,,,
1919,15.992000,191.875122,195.195663,1690.693604,,,
1920,16.000000,189.644547,195.340103,1692.045532,,,
1921,16.008000,187.377838,195.398102,1693.308228,,,
1922,16.017000,185.167648,195.442734,1694.588501,,,
1923,16.025000,182.903442,195.349655,1695.932373,,,
1924,16.033000,180.719025,195.385345,1697.238159,,,
1925,16.042000,178.655884,195.567795,1698.532837,,,
1926,16.050000,176.709930,195.668900,1699.812500,,,
1927,16.058000,174.751663,195.640381,1701.240479,,,
1928,16.067000,172.673645,195.551147,1702.777344,,,
1929,16.075000,170.844421,195.722153,1704.283203,,,
1930,16.083000,169.027176,195.784149,1705.721680,,,
1931,16.092000,167.257187,195.810562,1707.242676,,,
1932,16.100000,165.596970,195.839752,1708.816040,,,
1933,16.108000,163.863281,195.908188,1710.386230,,,
1934,16.117000,162.248917,196.024048,1711.945923,,,
1935,16.125000,160.708252,196.068130,1713.527466,,,
1936,16.133000,159.185211,196.136887,1715.119385,,,
1937,16.142000,157.750732,196.245544,1716.783203,,,
1938,16.150000,156.242676,196.350189,1718.420532,,,
1939,16.158000,154.819702,196.365387,1720.016968,,,
1940,16.167000,153.419830,196.369156,1721.656250,,,
1941,16.175000,152.038513,196.323517,1723.370361,,,
1942,16.183000,150.723495,196.383301,1725.079590,,,
1943,16.192000,149.522003,196.535706,1726.757690,,,
1944,16.200000,148.374115,196.609833,1728.536743,,,
1945,16.208000,147.212479,196.655472,1730.362671,,,
1946,16.217000,146.048294,196.681274,1732.160522,,,
1947,16.225000,144.926804,196.696182,1733.921021,,,
1948,16.233000,144.006134,196.777237,1735.691650,,,
1949,16.242000,143.018066,196.762054,1737.563354,,,
1950,16.250000,142.044998,196.828934,1739.496338,,,
1951,16.258000,141.007324,196.946442,1741.409912,,,
1952,16.267000,140.048340,197.116302,1743.337891,,,
1953,16.275000,139.113800,197.112900,1745.302856,,,
1954,16.283000,138.344528,197.211319,1747.362061,,,
1955,16.292000,137.323135,197.267029,1749.374756,,,
1956,16.300000,136.437057,197.384766,1751.292114,,,
1957,16.308000,135.647385,197.444763,1753.235352,,,
1958,16.317000,134.811798,197.478668,1755.287476,,,
1959,16.325000,134.000473,197.561356,1757.281006,,,
1960,16.333000,133.153488,197.663010,1759.263550,,,
1961,16.342000,132.384354,197.744797,1761.228882,,,
1962,16.350000,131.665436,197.778366,1763.303345,,,
1963,16.358000,130.984665,197.859116,1765.350952,,,
1964,16.367000,130.288025,197.880981,1767.296631,,,
1965,16.375000,129.573990,197.909653,1769.328003,,,
1966,16.383000,129.020142,197.944214,1771.462769,,,
1967,16.392000,128.384628,198.084702,1773.603516,,,
1968,16.400000,127.768326,198.214188,1775.714478,,,
1969,16.408000,127.201828,198.299805,1777.918579,,,
1970,16.417000,126.676453,198.325256,1780.107178,,,
1971,16.425000,126.141426,198.441528,1782.214844,,,
1972,16.433000,125.732376,198.465271,1784.414185,,,
1973,16.442000,125.321213,198.577560,1786.719116,,,
1974,16.450000,124.957596,198.664627,1788.884155,,,
1975,16.458000,124.549126,198.682449,1791.047485,,,
1976,16.467000,124.312675,198.738739,1793.342773,,,
1977,16.475000,123.995735,198.890060,1795.559692,,,
1978,16.483000,123.696587,198.972336,1797.810791,,,
1979,16.492000,123.524696,198.950180,1800.099243,,,
1980,16.500000,123.350204,199.089294,1802.341064,,,
1981,16.508000,123.071678,199.167084,1804.609863,,,
1982,16.517000,122.935799,199.279373,1806.974731,,,
1983,16.525000,122.741348,199.277100,1809.194580,,,
1984,16.533000,122.721062,199.354385,1811.371094,,,
1985,16.542000,122.754921,199.330032,1813.750977,,,
1986,16.550000,122.671883,199.500183,1815.991211,,,
1987,16.558000,122.577560,199.501602,1818.216431,,,
1988,16.567000,122.725769,199.599655,1820.595947,,,
1989,16.575000,122.594223,199.697662,1822.811646,,,
1990,16.583000,122.668373,199.761566,1825.218018,,,
1991,16.592000,122.732834,199.847931,1827.600464,,,
1992,16.600000,122.638214,199.890823,1829.983276,,,
1993,16.608000,122.706200,199.973862,1832.462769,,,
1994,16.617000,122.733437,200.085739,1835.024780,,,
1995,16.625000,122.647713,200.158585,1837.583130,,,
1996,16.633000,122.555641,200.293121,1840.189697,,,
1997,16.642000,122.465248,200.449722,1842.658813,,,
1998,16.650000,122.465775,200.460632,1845.423828,,,
1999,16.658000,122.305740,200.556610,1848.111450,,,
2000,16.667000,122.157394,200.623062,1850.743408,,,
2001,16.675000,122.079155,200.781021,1853.552856,,,
2002,16.683000,121.902344,200.917068,1856.271118,,,
2003,16.692000,121.775772,200.926666,1859.127686,,,
2004,16.700000,121.592934,201.088608,1861.969116,,,
2005,16.708000,121.488235,201.196213,1864.889038,,,
2006,16.717000,121.334610,201.236938,1867.819580,,,
2007,16.725000,121.175552,201.352844,1870.781250,,,
2008,16.733000,121.020157,201.488770,1873.800903,,,
2009,16.742000,120.878494,201.642456,1876.819580,,,
2010,16.750000,120.652451,201.779572,1879.782349,,,
2011,16.758000,120.511665,201.904587,1882.815063,,,
2012,16.767000,120.343094,201.972824,1886.052002,,,
2013,16.775000,120.156006,202.066864,1889.215332,,,
2014,16.783000,120.005180,202.042542,1892.519409,,,
2015,16.792000,119.683426,202.178848,1895.671631,,,
2016,16.800000,119.600563,202.413239,1898.916870,,,
2017,16.808000,119.269783,202.506516,1902.105835,,,
2018,16.817000,119.034431,202.525101,1905.429077,,,
2019,16.825000,118.790993,202.752502,1908.754761,,,
2020,16.833000,118.521873,202.932922,1912.053711,,,
2021,16.842000,118.184998,202.997772,1915.403564,,,
2022,16.850000,118.034042,203.164261,1918.824951,,,
2023,16.858000,117.632309,203.347473,1922.133057,,,
2024,16.867000,117.464455,203.490982,1925.553711,,,
2025,16.875000,117.153915,203.589005,1928.995239,,,
2026,16.883000,116.911751,203.661331,1932.601318,,,
2027,16.892000,116.757866,203.663818,1936.139893,,,
2028,16.900000,116.541183,203.732452,1939.656128,,,
2029,16.908000,116.243881,204.010361,1943.150024,,,
2030,16.917000,115.881805,204.150284,1946.576904,,,
2031,16.925000,115.608887,204.223816,1950.230225,,,
2032,16.933000,115.336891,204.452744,1953.848999,,,
2033,16.942000,115.077919,204.559784,1957.408447,,,
2034,16.950000,114.769066,204.649246,1961.017822,,,
2035,16.958000,114.509796,204.817108,1964.627441,,,
2036,16.967000,114.182755,205.032364,1968.177490,,,
2037,16.975000,113.902580,205.069992,1971.831543,,,
2038,16.983000,113.602188,205.156494,1975.631470,,,
2039,16.992000,113.449776,205.232651,1979.389648,,,
2040,17.000000,113.065460,205.349976,1983.087769,,,
2041,17.008000,112.820213,205.561066,1986.685791,,,
2042,17.017000,112.397789,205.709854,1990.312622,,,
2043,17.025000,112.123360,205.751236,1994.086670,,,
2044,17.033000,111.946457,205.928680,1997.888794,,,
2045,17.042000,111.566521,206.037170,2001.656494,,,
2046,17.050000,111.210930,206.204453,2005.398315,,,
2047,17.058000,110.893379,206.444702,2009.074951,,,
2048,17.067000,110.534744,206.582993,2012.783813,,,
2049,17.075000,110.187302,206.601852,2016.516724,,,
2050,17.083000,110.016075,206.699921,2020.387207,,,
2051,17.092000,109.876984,206.675354,2024.335571,,,
2052,17.100000,109.399216,206.885330,2028.126465,,,
2053,17.108000,109.072472,207.166580,2031.726318,,,
2054,17.117000,108.664391,207.180191,2035.513916,,,
2055,17.125000,108.351967,207.314163,2039.399170,,,
2056,17.133000,108.074219,207.525757,2043.246460,,,
2057,17.142000,107.715858,207.659592,2047.039062,,,
2058,17.150000,107.454483,207.806610,2050.860596,,,
2059,17.158000,106.983444,207.993881,2054.534668,,,
2060,17.167000,106.622108,208.127274,2058.319580,,,
2061,17.175000,106.349556,208.130402,2062.305664,,,
2062,17.183000,106.198898,208.117432,2066.279541,,,
2063,17.192000,105.661781,208.400925,2070.130371,,,
2064,17.200000,105.364532,208.678192,2073.790283,,,
2065,17.208000,105.001259,208.630798,2077.695068,,,
2066,17.217000,104.692429,208.732925,2081.739746,,,
2067,17.225000,104.328949,209.008255,2085.656006,,,
2068,17.233000,103.927567,209.102051,2089.497070,,,
2069,17.242000,103.518188,209.293137,2093.407227,,,
2070,17.250000,103.213974,209.446289,2097.326660,,,
2071,17.258000,102.915222,209.479080,2101.350830,,,
2072,17.267000,102.595955,209.500534,2105.372803,,,
2073,17.275000,102.250603,209.652313,2109.267334,,,
2074,17.283000,101.764778,209.932846,2113.076904,,,
2075,17.292000,101.424080,210.073563,2117.075928,,,
2076,17.300000,100.932358,210.104324,2121.122314,,,
2077,17.308000,100.475510,210.375137,2125.047607,,,
2078,17.317000,100.065178,210.424377,2128.950439,,,
2079,17.325000,99.703079,210.583435,2132.927002,,,
2080,17.333000,99.278664,210.724121,2136.991455,,,
2081,17.342000,98.940880,210.917740,2140.986328,,,
2082,17.350000,98.592598,211.002029,2145.046387,,,
2083,17.358000,98.199600,211.097092,2149.127197,,,
2084,17.367000,97.802521,211.207092,2153.056152,,,
2085,17.375000,97.340721,211.548996,2156.987305,,,
2086,17.383000,96.933937,211.672470,2161.045898,,,
2087,17.392000,96.493896,211.639343,2165.270508,,,
2088,17.400000,96.018799,211.959366,2169.281006,,,
2089,17.408000,95.532768,212.117859,2173.269287,,,
2090,17.417000,95.073936,212.167099,2177.350342,,,
2091,17.425000,94.669243,212.242630,2181.536377,,,
2092,17.433000,94.317970,212.324860,2185.822754,,,
2093,17.442000,93.832603,212.523438,2189.818115,,,
2094,17.450000,93.437950,212.679245,2193.768799,,,
2095,17.458000,93.046005,212.936646,2197.831787,,,
2096,17.467000,92.629326,213.128693,2201.838867,,,
2097,17.475000,92.124489,213.172287,2205.970947,,,
2098,17.483000,91.632828,213.315781,2210.124512,,,
2099,17.492000,91.179466,213.443268,2214.224121,,,
2100,17.500000,90.644463,213.606277,2218.292236,,,
2101,17.508000,90.082405,213.780106,2222.418457,,,
2102,17.517000,89.701729,213.805206,2226.613281,,,
2103,17.525000,89.268677,213.893707,2230.883789,,,
2104,17.533000,88.775436,214.104584,2234.846191,,,
2105,17.542000,88.271301,214.268127,2238.972412,,,
2106,17.550000,87.797119,214.432083,2243.129639,,,
2107,17.558000,87.415657,214.605011,2247.186768,,,
2108,17.567000,87.056725,214.764832,2251.176758,,,
2109,17.575000,86.719948,214.930710,2255.139648,,,
2110,17.583000,86.352142,215.051758,2259.018555,,,
2111,17.592000,86.068527,215.167297,2262.950439,,,
2112,17.600000,85.774582,215.361618,2266.776367,,,
2113,17.608000,85.554306,215.529495,2270.549561,,,
2114,17.617000,85.326218,215.549438,2274.367188,,,
2115,17.625000,85.278961,215.596039,2278.067627,,,
2116,17.633000,85.225136,215.721237,2281.776123,,,
2117,17.642000,85.152176,215.901001,2285.294189,,,
2118,17.650000,85.123695,216.105270,2288.804688,,,
2119,17.658000,85.133598,216.273788,2292.438477,,,
2120,17.667000,85.231354,216.377274,2295.875732,,,
2121,17.675000,85.246567,216.459702,2299.263916,,,
2122,17.683000,85.396507,216.538605,2302.860840,,,
2123,17.692000,85.468529,216.678589,2306.348877,,,
2124,17.700000,85.634354,216.871338,2309.650879,,,
2125,17.708000,85.800354,216.887436,2313.025391,,,
2126,17.717000,85.965279,217.045456,2316.317139,,,
2127,17.725000,86.282333,217.193451,2319.578613,,,
2128,17.733000,86.552711,217.315842,2323.017090,,,
2129,17.742000,86.934250,217.424316,2326.335205,,,
2130,17.750000,87.300224,217.462814,2329.589844,,,
2131,17.758000,87.721436,217.537704,2332.872070,,,
2132,17.767000,88.178551,217.617462,2336.203369,,,
2133,17.775000,88.617706,217.750153,2339.452148,,,
2134,17.783000,89.089523,217.827606,2342.714111,,,
2135,17.792000,89.583626,218.009918,2346.072754,,,
2136,17.800000,89.992828,218.213699,2349.229492,,,
2137,17.808000,90.558372,218.254227,2352.567383,,,
2138,17.817000,91.070778,218.314926,2355.760986,,,
2139,17.825000,91.637520,218.460480,2358.986572,,,
2140,17.833000,92.265045,218.524353,2362.245850,,,
2141,17.842000,92.783424,218.619354,2365.557373,,,
2142,17.850000,93.487450,218.759750,2368.815186,,,
2143,17.858000,94.163147,218.764526,2371.947510,,,
2144,17.867000,94.832672,218.965866,2375.202393,,,
2145,17.875000,95.480896,219.046921,2378.493164,,,
2146,17.883000,96.328156,219.229950,2381.760986,,,
2147,17.892000,97.013229,219.368362,2385.013672,,,
2148,17.900000,97.794861,219.303604,2388.166992,,,
2149,17.908000,98.657394,219.427628,2391.586670,,,
2150,17.917000,99.390312,219.530594,2394.908691,,,
2151,17.925000,100.198349,219.572815,2398.263184,,,
2152,17.933000,101.080147,219.539734,2401.639404,,,
2153,17.942000,101.880028,219.707550,2405.083008,,,
2154,17.950000,102.659309,219.872849,2408.436035,,,
2155,17.958000,103.363319,220.055344,2411.778320,,,
2156,17.967000,104.209160,220.247696,2415.131836,,,
2157,17.975000,104.998329,220.372955,2418.503662,,,
2158,17.983000,105.869156,220.594864,2421.932129,,,
2159,17.992000,106.713432,220.721466,2425.418213,,,
2160,18.000000,107.497864,220.737488,2428.870850,,,
2161,18.008000,108.237877,220.956909,2432.327148,,,
2162,18.017000,109.153320,221.080017,2435.837158,,,
2163,18.025000,109.942856,221.208328,2439.368408,,,
2164,18.033000,110.692337,221.398392,2442.677979,,,
2165,18.042000,111.476883,221.436539,2446.115234,,,
2166,18.050000,112.293083,221.668732,2449.701660,,,
2167,18.058000,113.155952,221.823257,2453.111328,,,
2168,18.067000,113.931641,221.778183,2456.583252,,,
2169,18.075000,114.756706,222.116272,2460.127686,,,
2170,18.083000,115.553635,222.344467,2463.569824,,,
2171,18.092000,116.324585,222.384048,2467.115479,,,
2172,18.100000,117.060684,222.458191,2470.725586,,,
2173,18.108000,117.913795,222.612900,2474.278564,,,
2174,18.117000,118.700317,222.726013,2477.900391,,,
2175,18.125000,119.506371,222.912064,2481.494141,,,
2176,18.133000,120.211357,223.156189,2485.012207,,,
2177,18.142000,120.970139,223.277740,2488.611084,,,
2178,18.150000,121.786980,223.351028,2492.258789,,,
2179,18.158000,122.601044,223.503860,2495.839355,,,
2180,18.167000,123.443260,223.578003,2499.362061,,,
2181,18.175000,124.158859,223.686081,2503.134277,,,
2182,18.183000,125.035439,223.999649,2506.634766,,,
2183,18.192000,125.700157,224.100876,2510.212891,,,
2184,18.200000,126.513870,224.092300,2513.982178,,,
2185,18.208000,127.397346,224.281418,2517.745605,,,
2186,18.217000,128.218781,224.503662,2521.399414,,,
2187,18.225000,128.985413,224.626160,2525.117188,,,
2188,18.233000,129.738052,224.702820,2528.815186,,,
2189,18.242000,130.587952,224.872498,2532.496338,,,
2190,18.250000,131.396545,224.946854,2536.231689,,,
2191,18.258000,132.215820,225.082352,2539.893066,,,
2192,18.267000,132.962463,225.166565,2543.472168,,,
2193,18.275000,133.799347,225.389542,2547.201904,,,
2194,18.283000,134.516724,225.645569,2550.716309,,,
2195,18.292000,135.168060,225.713196,2554.316406,,,
2196,18.300000,135.986343,225.963379,2557.935059,,,
2197,18.308000,136.770447,226.272186,2561.331055,,,
2198,18.317000,137.494415,226.542206,2564.553955,,,
2199,18.325000,138.161499,226.825073,2567.614990,,,
2200,18.333000,138.997894,227.144348,2570.603027,,,
2201,18.342000,139.726440,227.524246,2573.375000,,,
2202,18.350000,140.619843,227.957657,2575.967041,,,
2203,18.358000,141.424271,228.340134,2578.477051,,,
2204,18.367000,142.402634,228.670975,2580.834717,,,
2205,18.375000,143.358734,228.910095,2582.928467,,,
2206,18.383000,144.051849,229.288986,2584.887207,,,
2207,18.392000,144.520462,229.659683,2586.510742,,,
2208,18.400000,145.206467,229.875793,2588.088867,,,
2209,18.408000,145.755630,230.164474,2589.406494,,,
2210,18.417000,146.133331,230.458603,2590.422852,,,
2211,18.425000,146.405792,230.618790,2591.443604,,,
2212,18.433000,146.518143,230.755371,2592.328369,,,
2213,18.442000,146.567352,230.806808,2592.995361,,,
2214,18.450000,146.668228,230.888748,2593.323730,,,
2215,18.458000,146.689911,230.891815,2593.426758,,,
2216,18.467000,146.671967,230.888855,2593.362061,,,
2217,18.475000,146.613770,230.827606,2593.127197,,,
2218,18.483000,146.460861,230.743759,2592.734375,,,
2219,18.492000,146.278946,230.638779,2592.195801,,,
2220,18.500000,146.082764,230.538849,2591.551758,,,
2221,18.508000,145.841751,230.391235,2590.834473,,,
2222,18.517000,145.630981,230.261658,2590.044922,,,
2223,18.525000,145.442551,230.038574,2589.204834,,,
2224,18.533000,145.248978,229.862213,2588.245361,,,
2225,18.542000,144.985809,229.651459,2587.143555,,,
2226,18.550000,144.702423,229.389694,2585.969727,,,
2227,18.558000,144.480026,229.150269,2584.779053,,,
2228,18.567000,144.183594,228.869461,2583.517090,,,
2229,18.575000,143.752930,228.536072,2582.179932,,,
2230,18.583000,143.319763,228.244339,2580.766113,,,
2231,18.592000,142.913727,227.932541,2579.333984,,,
2232,18.600000,142.425018,227.541077,2577.759033,,,
2233,18.608000,141.923248,227.184891,2576.078857,,,
2234,18.617000,141.529297,226.776077,2574.505371,,,
2235,18.625000,141.103348,226.329773,2572.845215,,,
2236,18.633000,140.607117,226.025970,2571.151855,,,
2237,18.642000,140.035965,226.337646,2570.012451,,,
2238,18.650000,139.716354,226.596832,2568.973145,,,
2239,18.658000,139.281876,226.491928,2568.096680,,,
2240,18.667000,138.927689,226.322403,2567.495850,,,
2241,18.675000,138.820389,226.040512,2567.167236,,,
2242,18.683000,138.905441,225.952942,2566.838867,,,
2243,18.692000,138.919586,226.038162,2566.324463,,,
2244,18.700000,138.835098,226.096252,2565.778076,,,
2245,18.708000,138.870850,226.106384,2565.190430,,,
2246,18.717000,138.835617,226.201981,2564.417480,,,
2247,18.725000,138.806320,226.275742,2563.543701,,,
2248,18.733000,138.654083,226.536087,2562.562500,,,
2249,18.742000,138.416397,226.710953,2561.422363,,,
2250,18.750000,138.181992,226.694626,2560.272949,,,
2251,18.758000,137.963043,226.857712,2558.883545,,,
2252,18.767000,137.649155,226.919662,2557.427002,,,
2253,18.775000,137.249939,226.971527,2555.848389,,,
2254,18.783000,136.770508,227.080292,2554.095947,,,
2255,18.792000,136.260483,227.209534,2552.248779,,,
2256,18.800000,135.671768,227.223419,2550.222656,,,
2257,18.808000,135.067276,227.260635,2548.105713,,,
2258,18.817000,134.581757,227.205170,2545.852783,,,
2259,18.825000,133.964905,227.085373,2543.431885,,,
2260,18.833000,133.384827,226.903305,2540.982666,,,
2261,18.842000,132.625839,226.802399,2538.312744,,,
2262,18.850000,131.959366,226.682510,2535.638672,,,
2263,18.858000,131.105469,226.549988,2532.667480,,,
2264,18.867000,130.342407,226.403030,2529.739990,,,
2265,18.875000,129.547455,226.234238,2526.741211,,,
2266,18.883000,128.678391,226.075119,2523.557861,,,
2267,18.892000,127.882645,225.891296,2520.420898,,,
2268,18.900000,127.043350,225.729340,2517.081543,,,
2269,18.908000,126.133125,225.476318,2513.804443,,,
2270,18.917000,125.241158,225.332474,2510.374512,,,
2271,18.925000,124.253189,225.197250,2506.803223,,,
2272,18.933000,123.355827,224.930130,2503.233887,,,
2273,18.942000,122.397263,224.660416,2499.611572,,,
2274,18.950000,121.264511,224.463043,2495.983154,,,
2275,18.958000,120.265953,224.166962,2492.350586,,,
2276,18.967000,119.255890,223.944824,2488.590332,,,
2277,18.975000,118.038574,223.693680,2484.705078,,,
2278,18.983000,116.892380,223.316452,2480.799316,,,
2279,18.992000,115.873360,222.976898,2476.842285,,,
2280,19.000000,114.838486,222.667770,2472.865967,,,
2281,19.008000,113.724068,222.436554,2468.818115,,,
2282,19.017000,112.399872,222.251480,2464.752686,,,
2283,19.025000,111.153336,222.094528,2460.775879,,,
2284,19.033000,109.893913,221.973495,2456.886963,,,
2285,19.042000,108.695374,221.897919,2452.933594,,,
2286,19.050000,107.520973,221.663818,2449.231689,,,
2287,19.058000,106.434570,221.546631,2445.642090,,,
2288,19.067000,105.339935,221.522675,2441.945068,,,
2289,19.075000,104.114082,221.349411,2438.277832,,,
2290,19.083000,103.083206,221.229538,2434.679932,,,
2291,19.092000,102.128838,221.026474,2430.942627,,,
2292,19.100000,101.037109,220.831146,2427.270264,,,
2293,19.108000,99.960022,220.662750,2423.469238,,,
2294,19.117000,98.920593,220.421326,2419.658203,,,
2295,19.125000,97.918190,220.281235,2415.752686,,,
2296,19.133000,96.772148,220.189240,2411.906006,,,
2297,19.142000,95.629745,220.147934,2407.905762,,,
2298,19.150000,94.478951,220.024796,2404.060791,,,
2299,19.158000,93.286293,219.888138,2400.316895,,,
2300,19.167000,92.158638,219.584930,2396.509766,,,
2301,19.175000,90.951752,219.506790,2392.777100,,,
2302,19.183000,89.765907,219.450928,2388.776367,,,
2303,19.192000,88.792450,219.447418,2384.782227,,,
2304,19.200000,87.583458,219.292816,2380.924316,,,
2305,19.208000,86.405334,218.921585,2377.099365,,,
2306,19.217000,85.183273,218.802948,2373.215576,,,
2307,19.225000,83.948105,218.876312,2369.119141,,,
2308,19.233000,82.783150,218.897675,2365.033691,,,
2309,19.242000,81.577324,218.777023,2360.927002,,,
2310,19.250000,80.359589,218.666260,2357.009033,,,
2311,19.258000,79.172340,218.410141,2353.179199,,,
2312,19.267000,77.881477,218.067307,2349.264404,,,
2313,19.275000,76.556816,217.996735,2345.175781,,,
2314,19.283000,75.606186,217.925568,2341.152832,,,
2315,19.292000,74.453514,217.896713,2337.177002,,,
2316,19.300000,73.184158,217.724670,2333.203125,,,
2317,19.308000,71.978981,217.360397,2329.209229,,,
2318,19.317000,70.745140,217.453995,2325.189941,,,
2319,19.325000,69.603912,217.484100,2321.123535,,,
2320,19.333000,68.403198,217.281387,2317.052246,,,
2321,19.342000,67.209236,216.988968,2312.949463,,,
2322,19.350000,65.828743,216.651489,2308.941895,,,
2323,19.358000,64.681038,216.685837,2305.041504,,,
2324,19.367000,63.439777,216.637604,2301.129150,,,
2325,19.375000,62.159733,216.335419,2297.187500,,,
2326,19.383000,60.869843,216.186920,2293.129883,,,
2327,19.392000,59.600075,216.051773,2288.914795,,,
2328,19.400000,58.234165,215.935150,2284.710938,,,
2329,19.408000,57.048397,215.987793,2280.436035,,,
2330,19.417000,55.783005,215.927322,2276.281494,,,
2331,19.425000,54.530830,215.573593,2272.150635,,,
2332,19.433000,53.101440,215.343750,2268.126221,,,
2333,19.442000,51.899273,215.281372,2264.011963,,,
2334,19.450000,50.607441,215.107224,2259.913818,,,
2335,19.458000,49.296150,214.836685,2255.895996,,,
2336,19.467000,48.012962,214.619522,2251.777100,,,
2337,19.475000,46.642094,214.614014,2247.833984,,,
2338,19.483000,45.288746,214.620743,2243.884766,,,
2339,19.492000,43.811562,214.527267,2239.831787,,,
2340,19.500000,42.617119,214.286423,2235.786865,,,
2341,19.508000,41.265041,214.093231,2231.775146,,,
2342,19.517000,40.003147,213.957642,2227.565918,,,
2343,19.525000,38.607346,213.829437,2223.323242,,,
2344,19.533000,37.259579,213.636719,2219.055420,,,
2345,19.542000,35.971458,213.451630,2214.856689,,,
2346,19.550000,34.645725,213.276306,2210.558105,,,
2347,19.558000,33.313992,213.114746,2206.386719,,,
2348,19.567000,31.888685,213.149887,2202.318115,,,
2349,19.575000,30.626242,213.150452,2198.136475,,,
2350,19.583000,29.365103,212.863159,2194.119385,,,
2351,19.592000,27.884048,212.582916,2190.139648,,,
2352,19.600000,26.701651,212.432526,2186.069580,,,
2353,19.608000,25.317698,212.429291,2181.922607,,,
2354,19.617000,23.907463,212.275909,2177.827881,,,
2355,19.625000,22.369572,212.031540,2173.782959,,,
2356,19.633000,21.065876,211.870926,2169.656494,,,
2357,19.642000,19.613363,211.785599,2165.499268,,,
2358,19.650000,18.115047,211.711411,2161.315186,,,
2359,19.658000,16.569527,211.570404,2157.213867,,,
2360,19.667000,15.207751,211.453537,2153.119385,,,
2361,19.675000,13.771628,211.249741,2149.311035,,,
2362,19.683000,12.344040,211.180817,2145.305664,,,
2363,19.692000,10.920182,211.055420,2141.118408,,,
2364,19.700000,9.408077,210.858414,2137.044189,,,
2365,19.708000,8.050271,210.654846,2132.945068,,,
2366,19.717000,6.623949,210.624237,2128.809570,,,
2367,19.725000,5.316443,210.468704,2124.686035,,,
2368,19.733000,3.695842,210.329514,2120.635498,,,
2369,19.742000,2.142347,210.254166,2116.492920,,,
2370,19.750000,0.586280,210.020538,2112.303223,,,
2371,19.758000,-0.880821,209.912674,2108.291260,,,
2372,19.767000,-2.252787,209.863007,2104.312988,,,
2373,19.775000,-3.597383,209.598099,2100.302002,,,
2374,19.783000,-5.137863,209.464279,2096.275391,,,
2375,19.792000,-6.691114,209.366608,2092.114502,,,
2376,19.800000,-8.193755,209.234604,2087.915771,,,
2377,19.808000,-9.504736,209.152328,2083.743408,,,
2378,19.817000,-11.010708,208.904495,2079.712402,,,
2379,19.825000,-12.542539,208.709854,2075.661133,,,
2380,19.833000,-14.028770,208.695374,2071.499268,,,
2381,19.842000,-15.645651,208.623596,2067.483887,,,
2382,19.850000,-17.048796,208.407104,2063.411865,,,
2383,19.858000,-18.476948,208.246201,2059.397949,,,
2384,19.867000,-19.998196,208.202988,2055.288574,,,
2385,19.875000,-21.570131,208.002167,2051.102783,,,
2386,19.883000,-22.994211,207.856461,2046.967773,,,
2387,19.892000,-24.341076,207.753662,2042.943970,,,
2388,19.900000,-25.783838,207.599197,2038.812866,,,
2389,19.908000,-27.348864,207.427322,2034.841064,,,
2390,19.917000,-28.808475,207.286362,2030.701416,,,
2391,19.925000,-30.293438,207.039749,2026.736206,,,
2392,19.933000,-31.725540,206.966919,2022.711792,,,
2393,19.942000,-33.214527,206.846161,2018.523438,,,
2394,19.950000,-34.805359,206.702866,2014.404053,,,
2395,19.958000,-36.408798,206.544052,2010.317993,,,
2396,19.967000,-37.941319,206.394562,2006.195068,,,
2397,19.975000,-39.315029,206.217972,2002.125977,,,
2398,19.983000,-40.823105,206.083725,1998.062744,,,
2399,19.992000,-42.369102,205.930313,1994.005859,,,
2400,20.000000,-43.937477,205.816528,1989.981567,,,
2401,20.008000,-45.428455,205.594391,1986.012329,,,
2402,20.017000,-46.982063,205.586365,1981.954712,,,
2403,20.025000,-48.414768,205.465836,1977.920654,,,
2404,20.033000,-49.929638,205.194656,1973.909424,,,
2405,20.042000,-51.439747,205.001328,1969.794434,,,
2406,20.050000,-53.075066,204.910690,1965.703369,,,
2407,20.058000,-54.588478,204.711166,1961.539917,,,
2408,20.067000,-56.039371,204.498505,1957.467041,,,
2409,20.075000,-57.677643,204.404739,1953.491211,,,
2410,20.083000,-59.116722,204.317993,1949.420898,,,
2411,20.092000,-60.812000,204.167130,1945.368042,,,
2412,20.100000,-62.413185,203.990829,1941.311157,,,
2413,20.108000,-63.914494,203.739166,1937.244873,,,
2414,20.117000,-65.471939,203.714722,1933.229858,,,
2415,20.125000,-67.078613,203.567413,1929.171875,,,
2416,20.133000,-68.681999,203.350098,1925.062500,,,
2417,20.142000,-70.233925,203.308044,1920.844971,,,
2418,20.150000,-71.774597,203.123398,1916.670654,,,
2419,20.158000,-73.238647,202.928345,1912.750122,,,
2420,20.167000,-74.724304,202.875717,1908.755005,,,
2421,20.175000,-76.387062,202.806808,1904.563232,,,
2422,20.183000,-78.038353,202.718857,1900.363159,,,
2423,20.192000,-79.649483,202.500458,1896.455078,,,
2424,20.200000,-81.131958,202.216583,1892.503418,,,
2425,20.208000,-82.668472,202.229782,1888.355469,,,
2426,20.217000,-84.359978,202.050125,1884.137207,,,
2427,20.225000,-85.954491,201.814468,1880.001343,,,
2428,20.233000,-87.383347,201.580368,1875.956299,,,
2429,20.242000,-89.003433,201.487701,1871.911377,,,
2430,20.250000,-90.626945,201.526688,1867.868042,,,
2431,20.258000,-92.233124,201.325882,1863.816895,,,
2432,20.267000,-93.940842,201.026566,1859.711304,,,
2433,20.275000,-95.515053,200.918442,1855.538818,,,
2434,20.283000,-97.066315,200.751175,1851.537720,,,
2435,20.292000,-98.643135,200.624039,1847.475952,,,
2436,20.300000,-100.289856,200.432907,1843.335327,,,
2437,20.308000,-101.960480,200.277893,1839.066162,,,
2438,20.317000,-103.561104,200.208740,1835.071411,,,
2439,20.325000,-105.208664,200.113647,1830.884155,,,
2440,20.333000,-106.915230,199.753372,1826.772461,,,
2441,20.342000,-108.460663,199.729034,1822.748047,,,
2442,20.350000,-110.146935,199.655289,1818.637573,,,
2443,20.358000,-111.740479,199.438019,1814.775391,,,
2444,20.367000,-113.312279,199.256393,1810.755005,,,
2445,20.375000,-114.987518,199.136688,1806.629639,,,
2446,20.383000,-116.673843,199.035873,1802.585815,,,
2447,20.392000,-118.335869,198.843338,1798.525513,,,
2448,20.400000,-119.871590,198.770477,1794.392578,,,
2449,20.408000,-121.571320,198.661621,1790.295898,,,
2450,20.417000,-123.418510,198.428009,1786.286743,,,
2451,20.425000,-124.945496,198.391769,1782.294434,,,
2452,20.433000,-126.643242,198.239655,1778.391968,,,
2453,20.442000,-128.203003,198.028595,1774.617920,,,
2454,20.450000,-129.774353,197.979370,1770.626831,,,
2455,20.458000,-131.482529,197.811478,1766.745728,,,
2456,20.467000,-132.928787,197.575272,1762.862183,,,
2457,20.475000,-134.553070,197.395920,1759.035156,,,
2458,20.483000,-136.205200,197.351562,1755.216187,,,
2459,20.492000,-137.865143,197.277313,1751.392822,,,
2460,20.500000,-139.492691,197.006516,1747.785767,,,
2461,20.508000,-141.108734,196.764236,1744.242432,,,
2462,20.517000,-142.681137,196.789215,1740.860962,,,
2463,20.525000,-144.380493,196.733627,1737.442505,,,
2464,20.533000,-145.901764,196.506317,1734.207642,,,
2465,20.542000,-147.291718,196.481232,1731.146362,,,
2466,20.550000,-148.618271,196.368576,1728.198608,,,
2467,20.558000,-149.989792,196.248123,1725.334473,,,
2468,20.567000,-150.992065,196.109756,1722.780762,,,
2469,20.575000,-152.035873,196.082703,1720.271362,,,
2470,20.583000,-152.977173,195.925934,1718.006104,,,
2471,20.592000,-153.829041,195.937622,1715.645508,,,
2472,20.600000,-154.563843,195.795074,1713.732666,,,
2473,20.608000,-155.281876,195.841858,1711.817993,,,
2474,20.617000,-155.941696,195.748993,1710.014404,,,
2475,20.625000,-156.616318,195.557175,1708.358398,,,
2476,20.633000,-157.172577,195.520523,1706.828857,,,
2477,20.642000,-157.668060,195.425049,1705.434326,,,
2478,20.650000,-158.119949,195.317307,1704.202271,,,
2479,20.658000,-158.472443,195.283508,1703.150146,,,
2480,20.667000,-158.773102,195.298721,1702.232910,,,
2481,20.675000,-159.032364,195.305557,1701.519409,,,
2482,20.683000,-159.300812,195.291779,1700.957764,,,
2483,20.692000,-159.592285,195.301849,1700.429199,,,
2484,20.700000,-159.797180,195.281769,1699.941284,,,
2485,20.708000,-159.971252,195.226776,1699.518433,,,
2486,20.717000,-160.118530,195.209595,1699.115356,,,
2487,20.725000,-160.229034,195.216385,1698.791382,,,
2488,20.733000,-160.317337,195.209045,1698.506226,,,
2489,20.742000,-160.401718,195.190552,1698.231812,,,
2490,20.750000,-160.490997,195.159836,1697.942261,,,
2491,20.758000,-160.590805,195.126953,1697.708130,,,
2492,20.767000,-160.701233,195.135483,1697.579956,,,
2493,20.775000,-160.735046,195.119064,1697.533569,,,
2494,20.783000,-160.678268,195.112106,1697.549683,,,
2495,20.792000,-160.672989,195.106415,1697.600098,,,
2496,20.800000,-160.647598,195.108002,1697.661011,,,
2497,20.808000,-160.588104,195.119247,1697.682495,,,
2498,20.817000,-160.563248,195.146866,1697.674316,,,
2499,20.825000,-160.584061,195.120773,1697.692017,,,
2500,20.833000,-160.596878,195.115387,1697.681274,,,
2501,20.842000,-160.631104,195.121826,1697.637817,,,
2502,20.850000,-160.649338,195.124664,1697.625366,,,
2503,20.858000,-160.647552,195.134995,1697.632812,,,
2504,20.867000,-160.643661,195.122665,1697.643555,,,
2505,20.875000,-160.607971,195.130234,1697.657593,,,
2506,20.883000,-160.609879,195.127563,1697.665527,,,
2507,20.892000,-160.599091,195.116653,1697.677124,,,
2508,20.900000,-160.607529,195.110291,1697.674072,,,
2509,20.908000,-160.612518,195.130493,1697.675537,,,
2510,20.917000,-160.616806,195.129456,1697.673462,,,
2511,20.925000,-160.630814,195.122223,1697.636475,,,
2512,20.933000,-160.628799,195.121964,1697.635010,,,
2513,20.942000,-160.624847,195.133469,1697.649780,,,
2514,20.950000,-160.618011,195.126450,1697.671753,,,
2515,20.958000,-160.608902,195.116440,1697.657104,,,
2516,20.967000,-160.601456,195.103363,1697.659180,,,
2517,20.975000,-160.618256,195.108490,1697.662964,,,
2518,20.983000,-160.632996,195.111465,1697.673462,,,
2519,20.992000,-160.620544,195.117081,1697.656128,,,
2520,21.000000,-160.653839,195.113541,1697.641602,,,
2521,21.008000,-160.644791,195.096710,1697.645996,,,
2522,21.017000,-160.633392,195.125397,1697.654419,,,
2523,21.025000,-160.645065,195.111389,1697.689697,,,
2524,21.033000,-160.622513,195.103226,1697.683960,,,
2525,21.042000,-160.610031,195.106171,1697.661987,,,
2526,21.050000,-160.621750,195.113022,1697.678345,,,
2527,21.058000,-160.636185,195.098282,1697.675293,,,
2528,21.067000,-160.627258,195.112762,1697.659424,,,
2529,21.075000,-160.633545,195.112137,1697.675659,,,
2530,21.083000,-160.632568,195.128296,1697.680054,,,
2531,21.092000,-160.629425,195.121872,1697.674194,,,
2532,21.100000,-160.634949,195.121170,1697.673218,,,
2533,21.108000,-160.635910,195.120300,1697.674194,,,
2534,21.117000,-160.641418,195.119904,1697.685669,,,
2535,21.125000,-160.656540,195.114700,1697.675781,,,
2536,21.133000,-160.637268,195.116470,1697.677124,,,
2537,21.142000,-160.654861,195.136734,1697.672729,,,
2538,21.150000,-160.652130,195.122269,1697.673706,,,
2539,21.158000,-160.631912,195.122360,1697.681396,,,
2540,21.167000,-160.628220,195.128235,1697.662720,,,
2541,21.175000,-160.625031,195.142075,1697.655640,,,
2542,21.183000,-160.619751,195.115997,1697.663330,,,
2543,21.192000,-160.626816,195.097382,1697.654907,,,
2544,21.200000,-160.624649,195.116287,1697.656128,,,
2545,21.208000,-160.632385,195.117111,1697.658569,,,
2546,21.217000,-160.634506,195.127396,1697.661865,,,
2547,21.225000,-160.622513,195.129105,1697.648193,,,
2548,21.233000,-160.624390,195.110977,1697.640137,,,
2549,21.242000,-160.614471,195.115875,1697.656616,,,
2550,21.250000,-160.634308,195.113403,1697.642822,,,
2551,21.258000,-160.631180,195.116440,1697.656738,,,
2552,21.267000,-160.620560,195.119598,1697.641479,,,
2553,21.275000,-160.638687,195.121750,1697.646606,,,
2554,21.283000,-160.625061,195.115829,1697.657471,,,
2555,21.292000,-160.637711,195.135681,1697.662842,,,
2556,21.300000,-160.628891,195.133987,1697.650757,,,
2557,21.308000,-160.644623,195.116135,1697.646362,,,
2558,21.317000,-160.626404,195.103989,1697.649536,,,
2559,21.325000,-160.628021,195.114563,1697.643799,,,
2560,21.333000,-160.633896,195.115723,1697.649658,,,
2561,21.342000,-160.623535,195.119736,1697.654663,,,
2562,21.350000,-160.635162,195.134201,1697.644897,,,
2563,21.358000,-160.625092,195.115250,1697.652222,,,
2564,21.367000,-160.616165,195.102554,1697.656128,,,
2565,21.375000,-160.626358,195.110840,1697.651611,,,
2566,21.383000,-160.625519,195.105011,1697.638916,,,
2567,21.392000,-160.626297,195.112183,1697.643311,,,
2568,21.400000,-160.629669,195.124832,1697.661255,,,
2569,21.408000,-160.632141,195.128876,1697.653687,,,
2570,21.417000,-160.625076,195.136719,1697.647095,,,
2571,21.425000,-160.634399,195.126434,1697.644653,,,
2572,21.433000,-160.632675,195.104294,1697.648071,,,
2573,21.442000,-160.629303,195.101349,1697.652710,,,
2574,21.450000,-160.625076,195.124390,1697.647095,,,
2575,21.458000,-160.616074,195.129745,1697.639038,,,
2576,21.467000,-160.607712,195.146439,1697.640747,,,
2577,21.475000,-160.621078,195.134842,1697.655762,,,
2578,21.483000,-160.625015,195.129471,1697.649292,,,
2579,21.492000,-160.617325,195.105804,1697.662842,,,
2580,21.500000,-160.616119,195.117004,1697.656250,,,
2581,21.508000,-160.618927,195.090622,1697.653564,,,
2582,21.517000,-160.621185,195.099945,1697.656738,,,
2583,21.525000,-160.619583,195.119843,1697.664062,,,
2584,21.533000,-160.623093,195.131287,1697.650269,,,
2585,21.542000,-160.634598,195.111771,1697.664185,,,
2586,21.550000,-160.625809,195.098572,1697.655396,,,
2587,21.558000,-160.620941,195.101654,1697.656250,,,
2588,21.567000,-160.627472,195.113693,1697.672607,,,
2589,21.575000,-160.632034,195.120468,1697.659546,,,
2590,21.583000,-160.621033,195.131744,1697.661255,,,
2591,21.592000,-160.637207,195.109055,1697.676880,,,
2592,21.600000,-160.622559,195.124756,1697.649902,,,
2593,21.608000,-160.637848,195.116180,1697.670410,,,
2594,21.617000,-160.635284,195.124115,1697.669922,,,
2595,21.625000,-160.623535,195.119263,1697.675537,,,
2596,21.633000,-160.620560,195.113968,1697.666382,,,
2597,21.642000,-160.606735,195.121643,1697.658691,,,
2598,21.650000,-160.620224,195.112823,1697.677368,,,
2599,21.658000,-160.614807,195.128784,1697.669556,,,
2600,21.667000,-160.605515,195.119354,1697.689697,,,
2601,21.675000,-160.619308,195.123978,1697.675293,,,
2602,21.683000,-160.617310,195.120178,1697.670288,,,
2603,21.692000,-160.626129,195.127182,1697.680176,,,
2604,21.700000,-160.622360,195.140671,1697.665649,,,
2605,21.708000,-160.611191,195.137466,1697.659912,,,
2606,21.717000,-160.614960,195.136826,1697.647217,,,
2607,21.725000,-160.631531,195.136047,1697.681885,,,
2608,21.733000,-160.611145,195.153107,1697.680908,,,
2609,21.742000,-160.619095,195.150024,1697.663330,,,
2610,21.750000,-160.620071,195.118668,1697.662842,,,
2611,21.758000,-160.611069,195.121368,1697.672241,,,
2612,21.767000,-160.609085,195.137634,1697.696167,,,
2613,21.775000,-160.613708,195.153671,1697.688843,,,
2614,21.783000,-160.605484,195.163483,1697.683472,,,
2615,21.792000,-160.614807,195.134186,1697.679932,,,
2616,21.800000,-160.598251,195.115372,1697.659302,,,
2617,21.808000,-160.613693,195.133286,1697.685913,,,
2618,21.817000,-160.609573,195.139038,1697.685913,,,
2619,21.825000,-160.622940,195.130005,1697.685669,,,
2620,21.833000,-160.629623,195.139389,1697.675659,,,
2621,21.842000,-160.618973,195.130905,1697.674194,,,
2622,21.850000,-160.635422,195.137741,1697.672363,,,
2623,21.858000,-160.610245,195.142288,1697.675781,,,
2624,21.867000,-160.618515,195.124329,1697.669189,,,
2625,21.875000,-160.621262,195.118576,1697.654785,,,
2626,21.883000,-160.603531,195.131546,1697.666748,,,
2627,21.892000,-160.624512,195.126526,1697.682617,,,
2628,21.900000,-160.603073,195.123566,1697.673706,,,
2629,21.908000,-160.602737,195.129013,1697.666992,,,
2630,21.917000,-160.602829,195.149521,1697.661621,,,
2631,21.925000,-160.618683,195.129593,1697.674072,,,
2632,21.933000,-160.616852,195.139175,1697.666504,,,
2633,21.942000,-160.604080,195.138443,1697.678955,,,
2634,21.950000,-160.614334,195.123123,1697.677368,,,
2635,21.958000,-160.599716,195.135712,1697.652710,,,
2636,21.967000,-160.596405,195.139099,1697.661621,,,
2637,21.975000,-160.615570,195.131439,1697.678223,,,
2638,21.983000,-160.622009,195.134384,1697.679199,,,
2639,21.992000,-160.617844,195.130661,1697.659058,,,
2640,22.000000,-160.606354,195.117065,1697.653076,,,
2641,22.008000,-160.610535,195.123505,1697.651855,,,
2642,22.017000,-160.621109,195.135025,1697.662842,,,
2643,22.025000,-160.625153,195.138580,1697.687744,,,
2644,22.033000,-160.625412,195.134552,1697.687012,,,
2645,22.042000,-160.618179,195.122818,1697.666382,,,
2646,22.050000,-160.603134,195.126144,1697.658691,,,
2647,22.058000,-160.608292,195.117859,1697.670532,,,
2648,22.067000,-160.605804,195.126450,1697.683350,,,
2649,22.075000,-160.617508,195.130432,1697.683960,,,
2650,22.083000,-160.608612,195.133087,1697.659424,,,
2651,22.092000,-160.610580,195.139893,1697.669922,,,
2652,22.100000,-160.626419,195.124832,1697.700195,,,
2653,22.108000,-160.616516,195.119919,1697.684814,,,
2654,22.117000,-160.614304,195.131454,1697.686401,,,
2655,22.125000,-160.625412,195.142059,1697.663086,,,
2656,22.133000,-160.605469,195.135529,1697.673828,,,
2657,22.142000,-160.610931,195.130753,1697.686279,,,
2658,22.150000,-160.618393,195.130280,1697.683716,,,
2659,22.158000,-160.618515,195.133514,1697.671631,,,
2660,22.167000,-160.617722,195.126480,1697.664429,,,
2661,22.175000,-160.626862,195.121460,1697.683350,,,
2662,22.183000,-160.617966,195.131775,1697.680054,,,
2663,22.192000,-160.621750,195.141068,1697.672729,,,
2664,22.200000,-160.612289,195.153549,1697.669800,,,
2665,22.208000,-160.617493,195.139053,1697.671143,,,
2666,22.217000,-160.618713,195.148773,1697.678101,,,
2667,22.225000,-160.610519,195.143753,1697.684204,,,
2668,22.233000,-160.629562,195.131622,1697.673096,,,
2669,22.242000,-160.621124,195.129669,1697.663696,,,
2670,22.250000,-160.608200,195.134048,1697.655518,,,
2671,22.258000,-160.605286,195.115540,1697.679810,,,
2672,22.267000,-160.616104,195.127167,1697.673950,,,
2673,22.275000,-160.620026,195.142899,1697.673462,,,
2674,22.283000,-160.624054,195.125183,1697.679199,,,
2675,22.292000,-160.632065,195.131378,1697.684082,,,
2676,22.300000,-160.638550,195.140305,1697.679321,,,
2677,22.308000,-160.618652,195.129837,1697.669189,,,
2678,22.317000,-160.627945,195.118774,1697.689941,,,
2679,22.325000,-160.630859,195.115234,1697.687378,,,
2680,22.333000,-160.620575,195.120453,1697.674927,,,
2681,22.342000,-160.628677,195.131485,1697.686401,,,
2682,22.350000,-160.634506,195.146622,1697.673706,,,
2683,22.358000,-160.626343,195.142349,1697.684937,,,
2684,22.367000,-160.628967,195.112335,1697.678711,,,
2685,22.375000,-160.613190,195.115753,1697.667969,,,
2686,22.383000,-160.599365,195.140015,1697.659058,,,
2687,22.392000,-160.627686,195.129578,1697.673706,,,
2688,22.400000,-160.618042,195.133911,1697.673828,,,
2689,22.408000,-160.616852,195.118790,1697.675049,,,
2690,22.417000,-160.618408,195.125702,1697.672852,,,
2691,22.425000,-160.633881,195.140579,1697.667480,,,
2692,22.433000,-160.636215,195.138519,1697.667358,,,
2693,22.442000,-160.623703,195.147354,1697.669556,,,
2694,22.450000,-160.617508,195.125565,1697.654053,,,
2695,22.458000,-160.613129,195.130188,1697.664429,,,
2696,22.467000,-160.610336,195.130386,1697.654053,,,
2697,22.475000,-160.621429,195.112274,1697.675415,,,
2698,22.483000,-160.614746,195.120392,1697.668701,,,
2699,22.492000,-160.600418,195.104370,1697.672974,,,
2700,22.500000,-160.614166,195.136292,1697.657104,,,
2701,22.508000,-160.611954,195.130112,1697.665771,,,
2702,22.517000,-160.614456,195.138641,1697.653198,,,
2703,22.525000,-160.626694,195.111755,1697.660767,,,
2704,22.533000,-160.620026,195.100143,1697.658569,,,
2705,22.542000,-160.609833,195.106781,1697.656494,,,
2706,22.550000,-160.613174,195.116440,1697.658691,,,
2707,22.558000,-160.619690,195.128647,1697.677856,,,
2708,22.567000,-160.614685,195.141068,1697.681641,,,
2709,22.575000,-160.604736,195.126892,1697.655518,,,
2710,22.583000,-160.616119,195.103958,1697.652954,,,
2711,22.592000,-160.611099,195.109741,1697.649780,,,
2712,22.600000,-160.621490,195.124283,1697.657104,,,
2713,22.608000,-160.631607,195.107285,1697.671387,,,
2714,22.617000,-160.602753,195.126144,1697.651123,,,
2715,22.625000,-160.618912,195.129608,1697.662476,,,
2716,22.633000,-160.610428,195.117310,1697.663086,,,
2717,22.642000,-160.621674,195.129898,1697.657715,,,
2718,22.650000,-160.617142,195.123322,1697.670654,,,
2719,22.658000,-160.613770,195.102295,1697.641479,,,
2720,22.667000,-160.633102,195.115799,1697.652344,,,
2721,22.675000,-160.630203,195.133957,1697.660156,,,
2722,22.683000,-160.623093,195.125168,1697.664917,,,
2723,22.692000,-160.620819,195.119781,1697.667114,,,
2724,22.700000,-160.616333,195.127167,1697.648193,,,
2725,22.708000,-160.638763,195.119232,1697.659058,,,
2726,22.717000,-160.628159,195.111359,1697.666992,,,
2727,22.725000,-160.612854,195.121384,1697.668213,,,
2728,22.733000,-160.623230,195.123291,1697.661377,,,
2729,22.742000,-160.626251,195.121292,1697.665039,,,
2730,22.750000,-160.618835,195.136261,1697.667847,,,
2731,22.758000,-160.632294,195.127319,1697.676758,,,
2732,22.767000,-160.619339,195.133530,1697.652100,,,
2733,22.775000,-160.632675,195.127411,1697.659302,,,
2734,22.783000,-160.633240,195.112686,1697.672119,,,
2735,22.792000,-160.626160,195.128799,1697.672119,,,
2736,22.800000,-160.616516,195.121216,1697.665039,,,
2737,22.808000,-160.633545,195.127914,1697.666748,,,
2738,22.817000,-160.636169,195.125473,1697.658691,,,
2739,22.825000,-160.620544,195.124161,1697.656982,,,
2740,22.833000,-160.625610,195.125290,1697.653687,,,
2741,22.842000,-160.649597,195.118530,1697.679199,,,
2742,22.850000,-160.634155,195.134369,1697.679688,,,
2743,22.858000,-160.643723,195.119934,1697.677002,,,
2744,22.867000,-160.626633,195.116302,1697.674805,,,
2745,22.875000,-160.647781,195.126724,1697.674805,,,
2746,22.883000,-160.627609,195.117218,1697.671997,,,
2747,22.892000,-160.634613,195.124573,1697.685791,,,
2748,22.900000,-160.633423,195.129562,1697.665649,,,
2749,22.908000,-160.628555,195.111053,1697.657959,,,
2750,22.917000,-160.627686,195.128113,1697.653931,,,
2751,22.925000,-160.616333,195.116638,1697.674683,,,
2752,22.933000,-160.626373,195.136581,1697.656982,,,
2753,22.942000,-160.623779,195.118896,1697.677612,,,
2754,22.950000,-160.621841,195.099884,1697.675049,,,
2755,22.958000,-160.627960,195.097916,1697.655640,,,
2756,22.967000,-160.637207,195.106644,1697.663940,,,
2757,22.975000,-160.639191,195.109818,1697.664551,,,
2758,22.983000,-160.622971,195.100296,1697.653320,,,
2759,22.992000,-160.611282,195.113571,1697.647827,,,
2760,23.000000,-160.627975,195.122253,1697.678223,,,
2761,23.008000,-160.623016,195.134354,1697.683350,,,
2762,23.017000,-160.631927,195.116409,1697.672485,,,
2763,23.025000,-160.627747,195.105270,1697.658081,,,
2764,23.033000,-160.629257,195.102036,1697.655029,,,
2765,23.042000,-160.609375,195.100510,1697.643188,,,
2766,23.050000,-160.610168,195.111526,1697.666016,,,
2767,23.058000,-160.614212,195.119019,1697.666748,,,
2768,23.067000,-160.619461,195.120514,1697.670654,,,
2769,23.075000,-160.617874,195.094070,1697.664795,,,
2770,23.083000,-160.609238,195.073471,1697.655396,,,
2771,23.092000,-160.621918,195.095734,1697.660278,,,
2772,23.100000,-160.614883,195.115997,1697.661011,,,
2773,23.108000,-160.613953,195.103592,1697.655884,,,
2774,23.117000,-160.618729,195.093262,1697.660400,,,
2775,23.125000,-160.617142,195.104752,1697.647949,,,
2776,23.133000,-160.628525,195.101669,1697.672607,,,
2777,23.142000,-160.638489,195.100052,1697.673584,,,
2778,23.150000,-160.627304,195.114105,1697.653442,,,
2779,23.158000,-160.614120,195.095749,1697.657959,,,
2780,23.167000,-160.607635,195.100739,1697.643433,,,
2781,23.175000,-160.629898,195.130646,1697.663696,,,
2782,23.183000,-160.628983,195.129074,1697.655762,,,
2783,23.192000,-160.614471,195.113342,1697.654541,,,
2784,23.200000,-160.613617,195.090424,1697.642700,,,
2785,23.208000,-160.617905,195.102249,1697.650635,,,
2786,23.217000,-160.614944,195.110245,1697.667114,,,
2787,23.225000,-160.615707,195.101913,1697.675903,,,
2788,23.233000,-160.616333,195.127930,1697.662231,,,
2789,23.242000,-160.614334,195.118958,1697.660889,,,
2790,23.250000,-160.603516,195.109619,1697.660767,,,
2791,23.258000,-160.619843,195.102768,1697.664795,,,
2792,23.267000,-160.632889,195.083954,1697.678345,,,
2793,23.275000,-160.612061,195.107285,1697.657104,,,
2794,23.283000,-160.605255,195.110626,1697.666748,,,
2795,23.292000,-160.614990,195.129837,1697.654663,,,
2796,23.300000,-160.626022,195.115723,1697.651611,,,
2797,23.308000,-160.617203,195.122665,1697.670532,,,
2798,23.317000,-160.610153,195.113083,1697.668335,,,
2799,23.325000,-160.624756,195.097015,1697.660034,,,
2800,23.333000,-160.610855,195.109512,1697.651123,,,
2801,23.342000,-160.624924,195.101471,1697.651001,,,
2802,23.350000,-160.625046,195.109756,1697.658447,,,
2803,23.358000,-160.611191,195.111160,1697.655884,,,
2804,23.367000,-160.609543,195.111435,1697.651489,,,
2805,23.375000,-160.613312,195.101730,1697.650757,,,
2806,23.383000,-160.625687,195.070511,1697.649902,,,
2807,23.392000,-160.626556,195.099014,1697.667358,,,
2808,23.400000,-160.622604,195.107468,1697.669312,,,
2809,23.408000,-160.623444,195.097046,1697.663208,,,
2810,23.417000,-160.608734,195.090454,1697.648682,,,
2811,23.425000,-160.611145,195.116287,1697.647583,,,
2812,23.433000,-160.627182,195.109222,1697.661011,,,
2813,23.442000,-160.621140,195.089630,1697.674438,,,
2814,23.450000,-160.617676,195.088745,1697.659180,,,
2815,23.458000,-160.621048,195.106552,1697.640015,,,
2816,23.467000,-160.613632,195.113052,1697.651489,,,
2817,23.475000,-160.616791,195.132416,1697.657837,,,
2818,23.483000,-160.634247,195.123932,1697.658936,,,
2819,23.492000,-160.609940,195.095840,1697.659546,,,
2820,23.500000,-160.621628,195.088959,1697.665039,,,
2821,23.508000,-160.643570,195.087555,1697.651733,,,
2822,23.517000,-160.635239,195.087311,1697.651123,,,
2823,23.525000,-160.627670,195.104218,1697.656372,,,
2824,23.533000,-160.607727,195.097092,1697.656494,,,
2825,23.542000,-160.614334,195.067062,1697.655396,,,
2826,23.550000,-160.620834,195.067886,1697.643921,,,
2827,23.558000,-160.627411,195.071747,1697.657104,,,
2828,23.567000,-160.639404,195.083313,1697.652344,,,
2829,23.575000,-160.626953,195.068604,1697.656860,,,
2830,23.583000,-160.620956,195.088150,1697.649048,,,
2831,23.592000,-160.608490,195.092377,1697.652222,,,
2832,23.600000,-160.620667,195.099136,1697.671997,,,
2833,23.608000,-160.620056,195.097488,1697.675049,,,
2834,23.617000,-160.624374,195.086487,1697.652954,,,
2835,23.625000,-160.629730,195.094971,1697.643921,,,
2836,23.633000,-160.627380,195.105331,1697.662964,,,
2837,23.642000,-160.632355,195.095245,1697.668579,,,
2838,23.650000,-160.627487,195.103806,1697.662598,,,
2839,23.658000,-160.622360,195.102051,1697.634766,,,
2840,23.667000,-160.628372,195.093094,1697.643433,,,
2841,23.675000,-160.616089,195.112976,1697.665771,,,
2842,23.683000,-160.615158,195.096420,1697.661987,,,
2843,23.692000,-160.615829,195.083160,1697.656616,,,
2844,23.700000,-160.620316,195.084091,1697.652954,,,
2845,23.708000,-160.604813,195.082916,1697.647827,,,
2846,23.717000,-160.613724,195.110886,1697.670044,,,
2847,23.725000,-160.623672,195.135361,1697.682373,,,
2848,23.733000,-160.627686,195.098984,1697.674561,,,
2849,23.742000,-160.617569,195.091537,1697.634644,,,
2850,23.750000,-160.635437,195.085190,1697.647827,,,
