[0.100s] DEBUG:colcon:Command line arguments: ['/usr/bin/colcon', 'build']
[0.101s] DEBUG:colcon:Parsed command line arguments: Namespace(log_base=None, log_level=None, verb_name='build', build_base='build', install_base='install', merge_install=False, symlink_install=False, test_result_base=None, continue_on_error=False, executor='parallel', parallel_workers=24, event_handlers=None, ignore_user_meta=False, metas=['./colcon.meta'], base_paths=['.'], packages_ignore=None, packages_ignore_regex=None, paths=None, packages_up_to=None, packages_up_to_regex=None, packages_above=None, packages_above_and_dependencies=None, packages_above_depth=None, packages_select_by_dep=None, packages_skip_by_dep=None, packages_skip_up_to=None, packages_select_build_failed=False, packages_skip_build_finished=False, packages_select_test_failures=False, packages_skip_test_passed=False, packages_select=None, packages_skip=None, packages_select_regex=None, packages_skip_regex=None, packages_start=None, packages_end=None, allow_overriding=[], cmake_args=None, cmake_target=None, cmake_target_skip_unavailable=False, cmake_clean_cache=False, cmake_clean_first=False, cmake_force_configure=False, ament_cmake_args=None, catkin_cmake_args=None, catkin_skip_building_tests=False, mixin_files=None, mixin=None, verb_parser=<colcon_mixin.mixin.mixin_argument.MixinArgumentDecorator object at 0x7a38c953afe0>, verb_extension=<colcon_core.verb.build.BuildVerb object at 0x7a38c953a620>, main=<bound method BuildVerb.main of <colcon_core.verb.build.BuildVerb object at 0x7a38c953a620>>, mixin_verb=('build',))
[0.241s] Level 1:colcon.colcon_core.package_discovery:discover_packages(colcon_meta) check parameters
[0.241s] Level 1:colcon.colcon_core.package_discovery:discover_packages(recursive) check parameters
[0.241s] Level 1:colcon.colcon_core.package_discovery:discover_packages(ignore) check parameters
[0.241s] Level 1:colcon.colcon_core.package_discovery:discover_packages(path) check parameters
[0.241s] Level 1:colcon.colcon_core.package_discovery:discover_packages(colcon_meta) discover
[0.241s] Level 1:colcon.colcon_core.package_discovery:discover_packages(recursive) discover
[0.241s] INFO:colcon.colcon_core.package_discovery:Crawling recursively for packages in '/home/tona/astro_ws_pas'
[0.241s] Level 1:colcon.colcon_core.package_identification:_identify(.) by extensions ['ignore', 'ignore_ament_install']
[0.241s] Level 1:colcon.colcon_core.package_identification:_identify(.) by extension 'ignore'
[0.241s] Level 1:colcon.colcon_core.package_identification:_identify(.) by extension 'ignore_ament_install'
[0.241s] Level 1:colcon.colcon_core.package_identification:_identify(.) by extensions ['colcon_pkg']
[0.241s] Level 1:colcon.colcon_core.package_identification:_identify(.) by extension 'colcon_pkg'
[0.241s] Level 1:colcon.colcon_core.package_identification:_identify(.) by extensions ['colcon_meta']
[0.241s] Level 1:colcon.colcon_core.package_identification:_identify(.) by extension 'colcon_meta'
[0.241s] Level 1:colcon.colcon_core.package_identification:_identify(.) by extensions ['ros']
[0.241s] Level 1:colcon.colcon_core.package_identification:_identify(.) by extension 'ros'
[0.253s] Level 1:colcon.colcon_core.package_identification:_identify(.) by extensions ['cmake', 'python']
[0.253s] Level 1:colcon.colcon_core.package_identification:_identify(.) by extension 'cmake'
[0.253s] Level 1:colcon.colcon_core.package_identification:_identify(.) by extension 'python'
[0.253s] Level 1:colcon.colcon_core.package_identification:_identify(.) by extensions ['python_setup_py']
[0.253s] Level 1:colcon.colcon_core.package_identification:_identify(.) by extension 'python_setup_py'
[0.253s] Level 1:colcon.colcon_core.package_identification:_identify(bags) by extensions ['ignore', 'ignore_ament_install']
[0.253s] Level 1:colcon.colcon_core.package_identification:_identify(bags) by extension 'ignore'
[0.253s] Level 1:colcon.colcon_core.package_identification:_identify(bags) by extension 'ignore_ament_install'
[0.253s] Level 1:colcon.colcon_core.package_identification:_identify(bags) by extensions ['colcon_pkg']
[0.253s] Level 1:colcon.colcon_core.package_identification:_identify(bags) by extension 'colcon_pkg'
[0.253s] Level 1:colcon.colcon_core.package_identification:_identify(bags) by extensions ['colcon_meta']
[0.253s] Level 1:colcon.colcon_core.package_identification:_identify(bags) by extension 'colcon_meta'
[0.253s] Level 1:colcon.colcon_core.package_identification:_identify(bags) by extensions ['ros']
[0.253s] Level 1:colcon.colcon_core.package_identification:_identify(bags) by extension 'ros'
[0.253s] Level 1:colcon.colcon_core.package_identification:_identify(bags) by extensions ['cmake', 'python']
[0.253s] Level 1:colcon.colcon_core.package_identification:_identify(bags) by extension 'cmake'
[0.253s] Level 1:colcon.colcon_core.package_identification:_identify(bags) by extension 'python'
[0.253s] Level 1:colcon.colcon_core.package_identification:_identify(bags) by extensions ['python_setup_py']
[0.253s] Level 1:colcon.colcon_core.package_identification:_identify(bags) by extension 'python_setup_py'
[0.253s] Level 1:colcon.colcon_core.package_identification:_identify(bags/bag_duga_putanja) by extensions ['ignore', 'ignore_ament_install']
[0.253s] Level 1:colcon.colcon_core.package_identification:_identify(bags/bag_duga_putanja) by extension 'ignore'
[0.254s] Level 1:colcon.colcon_core.package_identification:_identify(bags/bag_duga_putanja) by extension 'ignore_ament_install'
[0.254s] Level 1:colcon.colcon_core.package_identification:_identify(bags/bag_duga_putanja) by extensions ['colcon_pkg']
[0.254s] Level 1:colcon.colcon_core.package_identification:_identify(bags/bag_duga_putanja) by extension 'colcon_pkg'
[0.254s] Level 1:colcon.colcon_core.package_identification:_identify(bags/bag_duga_putanja) by extensions ['colcon_meta']
[0.254s] Level 1:colcon.colcon_core.package_identification:_identify(bags/bag_duga_putanja) by extension 'colcon_meta'
[0.254s] Level 1:colcon.colcon_core.package_identification:_identify(bags/bag_duga_putanja) by extensions ['ros']
[0.254s] Level 1:colcon.colcon_core.package_identification:_identify(bags/bag_duga_putanja) by extension 'ros'
[0.254s] Level 1:colcon.colcon_core.package_identification:_identify(bags/bag_duga_putanja) by extensions ['cmake', 'python']
[0.254s] Level 1:colcon.colcon_core.package_identification:_identify(bags/bag_duga_putanja) by extension 'cmake'
[0.254s] Level 1:colcon.colcon_core.package_identification:_identify(bags/bag_duga_putanja) by extension 'python'
[0.254s] Level 1:colcon.colcon_core.package_identification:_identify(bags/bag_duga_putanja) by extensions ['python_setup_py']
[0.254s] Level 1:colcon.colcon_core.package_identification:_identify(bags/bag_duga_putanja) by extension 'python_setup_py'
[0.254s] Level 1:colcon.colcon_core.package_identification:_identify(bags/bag_duga_putanja_opt) by extensions ['ignore', 'ignore_ament_install']
[0.254s] Level 1:colcon.colcon_core.package_identification:_identify(bags/bag_duga_putanja_opt) by extension 'ignore'
[0.254s] Level 1:colcon.colcon_core.package_identification:_identify(bags/bag_duga_putanja_opt) by extension 'ignore_ament_install'
[0.254s] Level 1:colcon.colcon_core.package_identification:_identify(bags/bag_duga_putanja_opt) by extensions ['colcon_pkg']
[0.254s] Level 1:colcon.colcon_core.package_identification:_identify(bags/bag_duga_putanja_opt) by extension 'colcon_pkg'
[0.254s] Level 1:colcon.colcon_core.package_identification:_identify(bags/bag_duga_putanja_opt) by extensions ['colcon_meta']
[0.254s] Level 1:colcon.colcon_core.package_identification:_identify(bags/bag_duga_putanja_opt) by extension 'colcon_meta'
[0.254s] Level 1:colcon.colcon_core.package_identification:_identify(bags/bag_duga_putanja_opt) by extensions ['ros']
[0.254s] Level 1:colcon.colcon_core.package_identification:_identify(bags/bag_duga_putanja_opt) by extension 'ros'
[0.254s] Level 1:colcon.colcon_core.package_identification:_identify(bags/bag_duga_putanja_opt) by extensions ['cmake', 'python']
[0.254s] Level 1:colcon.colcon_core.package_identification:_identify(bags/bag_duga_putanja_opt) by extension 'cmake'
[0.254s] Level 1:colcon.colcon_core.package_identification:_identify(bags/bag_duga_putanja_opt) by extension 'python'
[0.254s] Level 1:colcon.colcon_core.package_identification:_identify(bags/bag_duga_putanja_opt) by extensions ['python_setup_py']
[0.254s] Level 1:colcon.colcon_core.package_identification:_identify(bags/bag_duga_putanja_opt) by extension 'python_setup_py'
[0.254s] Level 1:colcon.colcon_core.package_identification:_identify(bags/bag_naprijed) by extensions ['ignore', 'ignore_ament_install']
[0.254s] Level 1:colcon.colcon_core.package_identification:_identify(bags/bag_naprijed) by extension 'ignore'
[0.254s] Level 1:colcon.colcon_core.package_identification:_identify(bags/bag_naprijed) by extension 'ignore_ament_install'
[0.254s] Level 1:colcon.colcon_core.package_identification:_identify(bags/bag_naprijed) by extensions ['colcon_pkg']
[0.254s] Level 1:colcon.colcon_core.package_identification:_identify(bags/bag_naprijed) by extension 'colcon_pkg'
[0.254s] Level 1:colcon.colcon_core.package_identification:_identify(bags/bag_naprijed) by extensions ['colcon_meta']
[0.254s] Level 1:colcon.colcon_core.package_identification:_identify(bags/bag_naprijed) by extension 'colcon_meta'
[0.254s] Level 1:colcon.colcon_core.package_identification:_identify(bags/bag_naprijed) by extensions ['ros']
[0.254s] Level 1:colcon.colcon_core.package_identification:_identify(bags/bag_naprijed) by extension 'ros'
[0.254s] Level 1:colcon.colcon_core.package_identification:_identify(bags/bag_naprijed) by extensions ['cmake', 'python']
[0.254s] Level 1:colcon.colcon_core.package_identification:_identify(bags/bag_naprijed) by extension 'cmake'
[0.254s] Level 1:colcon.colcon_core.package_identification:_identify(bags/bag_naprijed) by extension 'python'
[0.254s] Level 1:colcon.colcon_core.package_identification:_identify(bags/bag_naprijed) by extensions ['python_setup_py']
[0.254s] Level 1:colcon.colcon_core.package_identification:_identify(bags/bag_naprijed) by extension 'python_setup_py'
[0.254s] Level 1:colcon.colcon_core.package_identification:_identify(bags/bag_naprijed_opt) by extensions ['ignore', 'ignore_ament_install']
[0.254s] Level 1:colcon.colcon_core.package_identification:_identify(bags/bag_naprijed_opt) by extension 'ignore'
[0.254s] Level 1:colcon.colcon_core.package_identification:_identify(bags/bag_naprijed_opt) by extension 'ignore_ament_install'
[0.254s] Level 1:colcon.colcon_core.package_identification:_identify(bags/bag_naprijed_opt) by extensions ['colcon_pkg']
[0.254s] Level 1:colcon.colcon_core.package_identification:_identify(bags/bag_naprijed_opt) by extension 'colcon_pkg'
[0.254s] Level 1:colcon.colcon_core.package_identification:_identify(bags/bag_naprijed_opt) by extensions ['colcon_meta']
[0.254s] Level 1:colcon.colcon_core.package_identification:_identify(bags/bag_naprijed_opt) by extension 'colcon_meta'
[0.254s] Level 1:colcon.colcon_core.package_identification:_identify(bags/bag_naprijed_opt) by extensions ['ros']
[0.255s] Level 1:colcon.colcon_core.package_identification:_identify(bags/bag_naprijed_opt) by extension 'ros'
[0.255s] Level 1:colcon.colcon_core.package_identification:_identify(bags/bag_naprijed_opt) by extensions ['cmake', 'python']
[0.255s] Level 1:colcon.colcon_core.package_identification:_identify(bags/bag_naprijed_opt) by extension 'cmake'
[0.255s] Level 1:colcon.colcon_core.package_identification:_identify(bags/bag_naprijed_opt) by extension 'python'
[0.255s] Level 1:colcon.colcon_core.package_identification:_identify(bags/bag_naprijed_opt) by extensions ['python_setup_py']
[0.255s] Level 1:colcon.colcon_core.package_identification:_identify(bags/bag_naprijed_opt) by extension 'python_setup_py'
[0.255s] Level 1:colcon.colcon_core.package_identification:_identify(bags/bag_nazad) by extensions ['ignore', 'ignore_ament_install']
[0.255s] Level 1:colcon.colcon_core.package_identification:_identify(bags/bag_nazad) by extension 'ignore'
[0.255s] Level 1:colcon.colcon_core.package_identification:_identify(bags/bag_nazad) by extension 'ignore_ament_install'
[0.255s] Level 1:colcon.colcon_core.package_identification:_identify(bags/bag_nazad) by extensions ['colcon_pkg']
[0.255s] Level 1:colcon.colcon_core.package_identification:_identify(bags/bag_nazad) by extension 'colcon_pkg'
[0.255s] Level 1:colcon.colcon_core.package_identification:_identify(bags/bag_nazad) by extensions ['colcon_meta']
[0.255s] Level 1:colcon.colcon_core.package_identification:_identify(bags/bag_nazad) by extension 'colcon_meta'
[0.255s] Level 1:colcon.colcon_core.package_identification:_identify(bags/bag_nazad) by extensions ['ros']
[0.255s] Level 1:colcon.colcon_core.package_identification:_identify(bags/bag_nazad) by extension 'ros'
[0.255s] Level 1:colcon.colcon_core.package_identification:_identify(bags/bag_nazad) by extensions ['cmake', 'python']
[0.255s] Level 1:colcon.colcon_core.package_identification:_identify(bags/bag_nazad) by extension 'cmake'
[0.255s] Level 1:colcon.colcon_core.package_identification:_identify(bags/bag_nazad) by extension 'python'
[0.255s] Level 1:colcon.colcon_core.package_identification:_identify(bags/bag_nazad) by extensions ['python_setup_py']
[0.255s] Level 1:colcon.colcon_core.package_identification:_identify(bags/bag_nazad) by extension 'python_setup_py'
[0.255s] Level 1:colcon.colcon_core.package_identification:_identify(bags/bag_nazad_opt) by extensions ['ignore', 'ignore_ament_install']
[0.255s] Level 1:colcon.colcon_core.package_identification:_identify(bags/bag_nazad_opt) by extension 'ignore'
[0.255s] Level 1:colcon.colcon_core.package_identification:_identify(bags/bag_nazad_opt) by extension 'ignore_ament_install'
[0.255s] Level 1:colcon.colcon_core.package_identification:_identify(bags/bag_nazad_opt) by extensions ['colcon_pkg']
[0.255s] Level 1:colcon.colcon_core.package_identification:_identify(bags/bag_nazad_opt) by extension 'colcon_pkg'
[0.255s] Level 1:colcon.colcon_core.package_identification:_identify(bags/bag_nazad_opt) by extensions ['colcon_meta']
[0.255s] Level 1:colcon.colcon_core.package_identification:_identify(bags/bag_nazad_opt) by extension 'colcon_meta'
[0.255s] Level 1:colcon.colcon_core.package_identification:_identify(bags/bag_nazad_opt) by extensions ['ros']
[0.255s] Level 1:colcon.colcon_core.package_identification:_identify(bags/bag_nazad_opt) by extension 'ros'
[0.255s] Level 1:colcon.colcon_core.package_identification:_identify(bags/bag_nazad_opt) by extensions ['cmake', 'python']
[0.255s] Level 1:colcon.colcon_core.package_identification:_identify(bags/bag_nazad_opt) by extension 'cmake'
[0.255s] Level 1:colcon.colcon_core.package_identification:_identify(bags/bag_nazad_opt) by extension 'python'
[0.255s] Level 1:colcon.colcon_core.package_identification:_identify(bags/bag_nazad_opt) by extensions ['python_setup_py']
[0.255s] Level 1:colcon.colcon_core.package_identification:_identify(bags/bag_nazad_opt) by extension 'python_setup_py'
[0.255s] Level 1:colcon.colcon_core.package_identification:_identify(bags/bag_osmica_sporo) by extensions ['ignore', 'ignore_ament_install']
[0.255s] Level 1:colcon.colcon_core.package_identification:_identify(bags/bag_osmica_sporo) by extension 'ignore'
[0.255s] Level 1:colcon.colcon_core.package_identification:_identify(bags/bag_osmica_sporo) by extension 'ignore_ament_install'
[0.255s] Level 1:colcon.colcon_core.package_identification:_identify(bags/bag_osmica_sporo) by extensions ['colcon_pkg']
[0.255s] Level 1:colcon.colcon_core.package_identification:_identify(bags/bag_osmica_sporo) by extension 'colcon_pkg'
[0.255s] Level 1:colcon.colcon_core.package_identification:_identify(bags/bag_osmica_sporo) by extensions ['colcon_meta']
[0.255s] Level 1:colcon.colcon_core.package_identification:_identify(bags/bag_osmica_sporo) by extension 'colcon_meta'
[0.255s] Level 1:colcon.colcon_core.package_identification:_identify(bags/bag_osmica_sporo) by extensions ['ros']
[0.255s] Level 1:colcon.colcon_core.package_identification:_identify(bags/bag_osmica_sporo) by extension 'ros'
[0.255s] Level 1:colcon.colcon_core.package_identification:_identify(bags/bag_osmica_sporo) by extensions ['cmake', 'python']
[0.255s] Level 1:colcon.colcon_core.package_identification:_identify(bags/bag_osmica_sporo) by extension 'cmake'
[0.255s] Level 1:colcon.colcon_core.package_identification:_identify(bags/bag_osmica_sporo) by extension 'python'
[0.255s] Level 1:colcon.colcon_core.package_identification:_identify(bags/bag_osmica_sporo) by extensions ['python_setup_py']
[0.255s] Level 1:colcon.colcon_core.package_identification:_identify(bags/bag_osmica_sporo) by extension 'python_setup_py'
[0.255s] Level 1:colcon.colcon_core.package_identification:_identify(bags/bag_osmica_sporo_opt) by extensions ['ignore', 'ignore_ament_install']
[0.256s] Level 1:colcon.colcon_core.package_identification:_identify(bags/bag_osmica_sporo_opt) by extension 'ignore'
[0.256s] Level 1:colcon.colcon_core.package_identification:_identify(bags/bag_osmica_sporo_opt) by extension 'ignore_ament_install'
[0.256s] Level 1:colcon.colcon_core.package_identification:_identify(bags/bag_osmica_sporo_opt) by extensions ['colcon_pkg']
[0.256s] Level 1:colcon.colcon_core.package_identification:_identify(bags/bag_osmica_sporo_opt) by extension 'colcon_pkg'
[0.256s] Level 1:colcon.colcon_core.package_identification:_identify(bags/bag_osmica_sporo_opt) by extensions ['colcon_meta']
[0.256s] Level 1:colcon.colcon_core.package_identification:_identify(bags/bag_osmica_sporo_opt) by extension 'colcon_meta'
[0.256s] Level 1:colcon.colcon_core.package_identification:_identify(bags/bag_osmica_sporo_opt) by extensions ['ros']
[0.256s] Level 1:colcon.colcon_core.package_identification:_identify(bags/bag_osmica_sporo_opt) by extension 'ros'
[0.256s] Level 1:colcon.colcon_core.package_identification:_identify(bags/bag_osmica_sporo_opt) by extensions ['cmake', 'python']
[0.256s] Level 1:colcon.colcon_core.package_identification:_identify(bags/bag_osmica_sporo_opt) by extension 'cmake'
[0.256s] Level 1:colcon.colcon_core.package_identification:_identify(bags/bag_osmica_sporo_opt) by extension 'python'
[0.256s] Level 1:colcon.colcon_core.package_identification:_identify(bags/bag_osmica_sporo_opt) by extensions ['python_setup_py']
[0.256s] Level 1:colcon.colcon_core.package_identification:_identify(bags/bag_osmica_sporo_opt) by extension 'python_setup_py'
[0.256s] Level 1:colcon.colcon_core.package_identification:_identify(bags/bag_trajek_sporo) by extensions ['ignore', 'ignore_ament_install']
[0.256s] Level 1:colcon.colcon_core.package_identification:_identify(bags/bag_trajek_sporo) by extension 'ignore'
[0.256s] Level 1:colcon.colcon_core.package_identification:_identify(bags/bag_trajek_sporo) by extension 'ignore_ament_install'
[0.256s] Level 1:colcon.colcon_core.package_identification:_identify(bags/bag_trajek_sporo) by extensions ['colcon_pkg']
[0.256s] Level 1:colcon.colcon_core.package_identification:_identify(bags/bag_trajek_sporo) by extension 'colcon_pkg'
[0.256s] Level 1:colcon.colcon_core.package_identification:_identify(bags/bag_trajek_sporo) by extensions ['colcon_meta']
[0.256s] Level 1:colcon.colcon_core.package_identification:_identify(bags/bag_trajek_sporo) by extension 'colcon_meta'
[0.256s] Level 1:colcon.colcon_core.package_identification:_identify(bags/bag_trajek_sporo) by extensions ['ros']
[0.256s] Level 1:colcon.colcon_core.package_identification:_identify(bags/bag_trajek_sporo) by extension 'ros'
[0.256s] Level 1:colcon.colcon_core.package_identification:_identify(bags/bag_trajek_sporo) by extensions ['cmake', 'python']
[0.256s] Level 1:colcon.colcon_core.package_identification:_identify(bags/bag_trajek_sporo) by extension 'cmake'
[0.256s] Level 1:colcon.colcon_core.package_identification:_identify(bags/bag_trajek_sporo) by extension 'python'
[0.256s] Level 1:colcon.colcon_core.package_identification:_identify(bags/bag_trajek_sporo) by extensions ['python_setup_py']
[0.256s] Level 1:colcon.colcon_core.package_identification:_identify(bags/bag_trajek_sporo) by extension 'python_setup_py'
[0.256s] Level 1:colcon.colcon_core.package_identification:_identify(bags/bag_trajek_sporo_opt) by extensions ['ignore', 'ignore_ament_install']
[0.256s] Level 1:colcon.colcon_core.package_identification:_identify(bags/bag_trajek_sporo_opt) by extension 'ignore'
[0.261s] Level 1:colcon.colcon_core.package_identification:_identify(bags/bag_trajek_sporo_opt) by extension 'ignore_ament_install'
[0.261s] Level 1:colcon.colcon_core.package_identification:_identify(bags/bag_trajek_sporo_opt) by extensions ['colcon_pkg']
[0.261s] Level 1:colcon.colcon_core.package_identification:_identify(bags/bag_trajek_sporo_opt) by extension 'colcon_pkg'
[0.261s] Level 1:colcon.colcon_core.package_identification:_identify(bags/bag_trajek_sporo_opt) by extensions ['colcon_meta']
[0.261s] Level 1:colcon.colcon_core.package_identification:_identify(bags/bag_trajek_sporo_opt) by extension 'colcon_meta'
[0.262s] Level 1:colcon.colcon_core.package_identification:_identify(bags/bag_trajek_sporo_opt) by extensions ['ros']
[0.262s] Level 1:colcon.colcon_core.package_identification:_identify(bags/bag_trajek_sporo_opt) by extension 'ros'
[0.262s] Level 1:colcon.colcon_core.package_identification:_identify(bags/bag_trajek_sporo_opt) by extensions ['cmake', 'python']
[0.262s] Level 1:colcon.colcon_core.package_identification:_identify(bags/bag_trajek_sporo_opt) by extension 'cmake'
[0.262s] Level 1:colcon.colcon_core.package_identification:_identify(bags/bag_trajek_sporo_opt) by extension 'python'
[0.262s] Level 1:colcon.colcon_core.package_identification:_identify(bags/bag_trajek_sporo_opt) by extensions ['python_setup_py']
[0.262s] Level 1:colcon.colcon_core.package_identification:_identify(bags/bag_trajek_sporo_opt) by extension 'python_setup_py'
[0.262s] Level 1:colcon.colcon_core.package_identification:_identify(bags/test_bag) by extensions ['ignore', 'ignore_ament_install']
[0.262s] Level 1:colcon.colcon_core.package_identification:_identify(bags/test_bag) by extension 'ignore'
[0.262s] Level 1:colcon.colcon_core.package_identification:_identify(bags/test_bag) by extension 'ignore_ament_install'
[0.262s] Level 1:colcon.colcon_core.package_identification:_identify(bags/test_bag) by extensions ['colcon_pkg']
[0.262s] Level 1:colcon.colcon_core.package_identification:_identify(bags/test_bag) by extension 'colcon_pkg'
[0.262s] Level 1:colcon.colcon_core.package_identification:_identify(bags/test_bag) by extensions ['colcon_meta']
[0.262s] Level 1:colcon.colcon_core.package_identification:_identify(bags/test_bag) by extension 'colcon_meta'
[0.262s] Level 1:colcon.colcon_core.package_identification:_identify(bags/test_bag) by extensions ['ros']
[0.262s] Level 1:colcon.colcon_core.package_identification:_identify(bags/test_bag) by extension 'ros'
[0.262s] Level 1:colcon.colcon_core.package_identification:_identify(bags/test_bag) by extensions ['cmake', 'python']
[0.262s] Level 1:colcon.colcon_core.package_identification:_identify(bags/test_bag) by extension 'cmake'
[0.262s] Level 1:colcon.colcon_core.package_identification:_identify(bags/test_bag) by extension 'python'
[0.262s] Level 1:colcon.colcon_core.package_identification:_identify(bags/test_bag) by extensions ['python_setup_py']
[0.262s] Level 1:colcon.colcon_core.package_identification:_identify(bags/test_bag) by extension 'python_setup_py'
[0.263s] Level 1:colcon.colcon_core.package_identification:_identify(bags/test_bag_opt) by extensions ['ignore', 'ignore_ament_install']
[0.263s] Level 1:colcon.colcon_core.package_identification:_identify(bags/test_bag_opt) by extension 'ignore'
[0.263s] Level 1:colcon.colcon_core.package_identification:_identify(bags/test_bag_opt) by extension 'ignore_ament_install'
[0.263s] Level 1:colcon.colcon_core.package_identification:_identify(bags/test_bag_opt) by extensions ['colcon_pkg']
[0.263s] Level 1:colcon.colcon_core.package_identification:_identify(bags/test_bag_opt) by extension 'colcon_pkg'
[0.263s] Level 1:colcon.colcon_core.package_identification:_identify(bags/test_bag_opt) by extensions ['colcon_meta']
[0.263s] Level 1:colcon.colcon_core.package_identification:_identify(bags/test_bag_opt) by extension 'colcon_meta'
[0.263s] Level 1:colcon.colcon_core.package_identification:_identify(bags/test_bag_opt) by extensions ['ros']
[0.263s] Level 1:colcon.colcon_core.package_identification:_identify(bags/test_bag_opt) by extension 'ros'
[0.263s] Level 1:colcon.colcon_core.package_identification:_identify(bags/test_bag_opt) by extensions ['cmake', 'python']
[0.263s] Level 1:colcon.colcon_core.package_identification:_identify(bags/test_bag_opt) by extension 'cmake'
[0.263s] Level 1:colcon.colcon_core.package_identification:_identify(bags/test_bag_opt) by extension 'python'
[0.263s] Level 1:colcon.colcon_core.package_identification:_identify(bags/test_bag_opt) by extensions ['python_setup_py']
[0.263s] Level 1:colcon.colcon_core.package_identification:_identify(bags/test_bag_opt) by extension 'python_setup_py'
[0.263s] Level 1:colcon.colcon_core.package_identification:_identify(build) by extensions ['ignore', 'ignore_ament_install']
[0.263s] Level 1:colcon.colcon_core.package_identification:_identify(build) by extension 'ignore'
[0.263s] Level 1:colcon.colcon_core.package_identification:_identify(build) ignored
[0.263s] Level 1:colcon.colcon_core.package_identification:_identify(install) by extensions ['ignore', 'ignore_ament_install']
[0.263s] Level 1:colcon.colcon_core.package_identification:_identify(install) by extension 'ignore'
[0.263s] Level 1:colcon.colcon_core.package_identification:_identify(install) ignored
[0.263s] Level 1:colcon.colcon_core.package_identification:_identify(log) by extensions ['ignore', 'ignore_ament_install']
[0.264s] Level 1:colcon.colcon_core.package_identification:_identify(log) by extension 'ignore'
[0.264s] Level 1:colcon.colcon_core.package_identification:_identify(log) ignored
[0.264s] Level 1:colcon.colcon_core.package_identification:_identify(optimizer_output) by extensions ['ignore', 'ignore_ament_install']
[0.264s] Level 1:colcon.colcon_core.package_identification:_identify(optimizer_output) by extension 'ignore'
[0.264s] Level 1:colcon.colcon_core.package_identification:_identify(optimizer_output) by extension 'ignore_ament_install'
[0.264s] Level 1:colcon.colcon_core.package_identification:_identify(optimizer_output) by extensions ['colcon_pkg']
[0.264s] Level 1:colcon.colcon_core.package_identification:_identify(optimizer_output) by extension 'colcon_pkg'
[0.264s] Level 1:colcon.colcon_core.package_identification:_identify(optimizer_output) by extensions ['colcon_meta']
[0.264s] Level 1:colcon.colcon_core.package_identification:_identify(optimizer_output) by extension 'colcon_meta'
[0.264s] Level 1:colcon.colcon_core.package_identification:_identify(optimizer_output) by extensions ['ros']
[0.264s] Level 1:colcon.colcon_core.package_identification:_identify(optimizer_output) by extension 'ros'
[0.264s] Level 1:colcon.colcon_core.package_identification:_identify(optimizer_output) by extensions ['cmake', 'python']
[0.264s] Level 1:colcon.colcon_core.package_identification:_identify(optimizer_output) by extension 'cmake'
[0.264s] Level 1:colcon.colcon_core.package_identification:_identify(optimizer_output) by extension 'python'
[0.264s] Level 1:colcon.colcon_core.package_identification:_identify(optimizer_output) by extensions ['python_setup_py']
[0.264s] Level 1:colcon.colcon_core.package_identification:_identify(optimizer_output) by extension 'python_setup_py'
[0.264s] Level 1:colcon.colcon_core.package_identification:_identify(results) by extensions ['ignore', 'ignore_ament_install']
[0.264s] Level 1:colcon.colcon_core.package_identification:_identify(results) by extension 'ignore'
[0.264s] Level 1:colcon.colcon_core.package_identification:_identify(results) by extension 'ignore_ament_install'
[0.264s] Level 1:colcon.colcon_core.package_identification:_identify(results) by extensions ['colcon_pkg']
[0.264s] Level 1:colcon.colcon_core.package_identification:_identify(results) by extension 'colcon_pkg'
[0.264s] Level 1:colcon.colcon_core.package_identification:_identify(results) by extensions ['colcon_meta']
[0.264s] Level 1:colcon.colcon_core.package_identification:_identify(results) by extension 'colcon_meta'
[0.264s] Level 1:colcon.colcon_core.package_identification:_identify(results) by extensions ['ros']
[0.264s] Level 1:colcon.colcon_core.package_identification:_identify(results) by extension 'ros'
[0.264s] Level 1:colcon.colcon_core.package_identification:_identify(results) by extensions ['cmake', 'python']
[0.264s] Level 1:colcon.colcon_core.package_identification:_identify(results) by extension 'cmake'
[0.264s] Level 1:colcon.colcon_core.package_identification:_identify(results) by extension 'python'
[0.264s] Level 1:colcon.colcon_core.package_identification:_identify(results) by extensions ['python_setup_py']
[0.264s] Level 1:colcon.colcon_core.package_identification:_identify(results) by extension 'python_setup_py'
[0.264s] Level 1:colcon.colcon_core.package_identification:_identify(rosbag2_2026_09_02-16_50_30) by extensions ['ignore', 'ignore_ament_install']
[0.264s] Level 1:colcon.colcon_core.package_identification:_identify(rosbag2_2026_09_02-16_50_30) by extension 'ignore'
[0.264s] Level 1:colcon.colcon_core.package_identification:_identify(rosbag2_2026_09_02-16_50_30) by extension 'ignore_ament_install'
[0.264s] Level 1:colcon.colcon_core.package_identification:_identify(rosbag2_2026_09_02-16_50_30) by extensions ['colcon_pkg']
[0.264s] Level 1:colcon.colcon_core.package_identification:_identify(rosbag2_2026_09_02-16_50_30) by extension 'colcon_pkg'
[0.264s] Level 1:colcon.colcon_core.package_identification:_identify(rosbag2_2026_09_02-16_50_30) by extensions ['colcon_meta']
[0.264s] Level 1:colcon.colcon_core.package_identification:_identify(rosbag2_2026_09_02-16_50_30) by extension 'colcon_meta'
[0.264s] Level 1:colcon.colcon_core.package_identification:_identify(rosbag2_2026_09_02-16_50_30) by extensions ['ros']
[0.264s] Level 1:colcon.colcon_core.package_identification:_identify(rosbag2_2026_09_02-16_50_30) by extension 'ros'
[0.264s] Level 1:colcon.colcon_core.package_identification:_identify(rosbag2_2026_09_02-16_50_30) by extensions ['cmake', 'python']
[0.265s] Level 1:colcon.colcon_core.package_identification:_identify(rosbag2_2026_09_02-16_50_30) by extension 'cmake'
[0.265s] Level 1:colcon.colcon_core.package_identification:_identify(rosbag2_2026_09_02-16_50_30) by extension 'python'
[0.265s] Level 1:colcon.colcon_core.package_identification:_identify(rosbag2_2026_09_02-16_50_30) by extensions ['python_setup_py']
[0.265s] Level 1:colcon.colcon_core.package_identification:_identify(rosbag2_2026_09_02-16_50_30) by extension 'python_setup_py'
[0.265s] Level 1:colcon.colcon_core.package_identification:_identify(rosbag2_2026_09_02-16_51_46) by extensions ['ignore', 'ignore_ament_install']
[0.265s] Level 1:colcon.colcon_core.package_identification:_identify(rosbag2_2026_09_02-16_51_46) by extension 'ignore'
[0.265s] Level 1:colcon.colcon_core.package_identification:_identify(rosbag2_2026_09_02-16_51_46) by extension 'ignore_ament_install'
[0.265s] Level 1:colcon.colcon_core.package_identification:_identify(rosbag2_2026_09_02-16_51_46) by extensions ['colcon_pkg']
[0.265s] Level 1:colcon.colcon_core.package_identification:_identify(rosbag2_2026_09_02-16_51_46) by extension 'colcon_pkg'
[0.265s] Level 1:colcon.colcon_core.package_identification:_identify(rosbag2_2026_09_02-16_51_46) by extensions ['colcon_meta']
[0.265s] Level 1:colcon.colcon_core.package_identification:_identify(rosbag2_2026_09_02-16_51_46) by extension 'colcon_meta'
[0.265s] Level 1:colcon.colcon_core.package_identification:_identify(rosbag2_2026_09_02-16_51_46) by extensions ['ros']
[0.265s] Level 1:colcon.colcon_core.package_identification:_identify(rosbag2_2026_09_02-16_51_46) by extension 'ros'
[0.265s] Level 1:colcon.colcon_core.package_identification:_identify(rosbag2_2026_09_02-16_51_46) by extensions ['cmake', 'python']
[0.265s] Level 1:colcon.colcon_core.package_identification:_identify(rosbag2_2026_09_02-16_51_46) by extension 'cmake'
[0.265s] Level 1:colcon.colcon_core.package_identification:_identify(rosbag2_2026_09_02-16_51_46) by extension 'python'
[0.265s] Level 1:colcon.colcon_core.package_identification:_identify(rosbag2_2026_09_02-16_51_46) by extensions ['python_setup_py']
[0.265s] Level 1:colcon.colcon_core.package_identification:_identify(rosbag2_2026_09_02-16_51_46) by extension 'python_setup_py'
[0.265s] Level 1:colcon.colcon_core.package_identification:_identify(rosbag2_2026_09_02-16_52_20) by extensions ['ignore', 'ignore_ament_install']
[0.265s] Level 1:colcon.colcon_core.package_identification:_identify(rosbag2_2026_09_02-16_52_20) by extension 'ignore'
[0.265s] Level 1:colcon.colcon_core.package_identification:_identify(rosbag2_2026_09_02-16_52_20) by extension 'ignore_ament_install'
[0.265s] Level 1:colcon.colcon_core.package_identification:_identify(rosbag2_2026_09_02-16_52_20) by extensions ['colcon_pkg']
[0.265s] Level 1:colcon.colcon_core.package_identification:_identify(rosbag2_2026_09_02-16_52_20) by extension 'colcon_pkg'
[0.265s] Level 1:colcon.colcon_core.package_identification:_identify(rosbag2_2026_09_02-16_52_20) by extensions ['colcon_meta']
[0.265s] Level 1:colcon.colcon_core.package_identification:_identify(rosbag2_2026_09_02-16_52_20) by extension 'colcon_meta'
[0.265s] Level 1:colcon.colcon_core.package_identification:_identify(rosbag2_2026_09_02-16_52_20) by extensions ['ros']
[0.265s] Level 1:colcon.colcon_core.package_identification:_identify(rosbag2_2026_09_02-16_52_20) by extension 'ros'
[0.265s] Level 1:colcon.colcon_core.package_identification:_identify(rosbag2_2026_09_02-16_52_20) by extensions ['cmake', 'python']
[0.265s] Level 1:colcon.colcon_core.package_identification:_identify(rosbag2_2026_09_02-16_52_20) by extension 'cmake'
[0.265s] Level 1:colcon.colcon_core.package_identification:_identify(rosbag2_2026_09_02-16_52_20) by extension 'python'
[0.265s] Level 1:colcon.colcon_core.package_identification:_identify(rosbag2_2026_09_02-16_52_20) by extensions ['python_setup_py']
[0.265s] Level 1:colcon.colcon_core.package_identification:_identify(rosbag2_2026_09_02-16_52_20) by extension 'python_setup_py'
[0.265s] Level 1:colcon.colcon_core.package_identification:_identify(rosbag2_2026_09_02-16_52_51) by extensions ['ignore', 'ignore_ament_install']
[0.265s] Level 1:colcon.colcon_core.package_identification:_identify(rosbag2_2026_09_02-16_52_51) by extension 'ignore'
[0.265s] Level 1:colcon.colcon_core.package_identification:_identify(rosbag2_2026_09_02-16_52_51) by extension 'ignore_ament_install'
[0.265s] Level 1:colcon.colcon_core.package_identification:_identify(rosbag2_2026_09_02-16_52_51) by extensions ['colcon_pkg']
[0.265s] Level 1:colcon.colcon_core.package_identification:_identify(rosbag2_2026_09_02-16_52_51) by extension 'colcon_pkg'
[0.265s] Level 1:colcon.colcon_core.package_identification:_identify(rosbag2_2026_09_02-16_52_51) by extensions ['colcon_meta']
[0.265s] Level 1:colcon.colcon_core.package_identification:_identify(rosbag2_2026_09_02-16_52_51) by extension 'colcon_meta'
[0.265s] Level 1:colcon.colcon_core.package_identification:_identify(rosbag2_2026_09_02-16_52_51) by extensions ['ros']
[0.265s] Level 1:colcon.colcon_core.package_identification:_identify(rosbag2_2026_09_02-16_52_51) by extension 'ros'
[0.265s] Level 1:colcon.colcon_core.package_identification:_identify(rosbag2_2026_09_02-16_52_51) by extensions ['cmake', 'python']
[0.265s] Level 1:colcon.colcon_core.package_identification:_identify(rosbag2_2026_09_02-16_52_51) by extension 'cmake'
[0.265s] Level 1:colcon.colcon_core.package_identification:_identify(rosbag2_2026_09_02-16_52_51) by extension 'python'
[0.265s] Level 1:colcon.colcon_core.package_identification:_identify(rosbag2_2026_09_02-16_52_51) by extensions ['python_setup_py']
[0.265s] Level 1:colcon.colcon_core.package_identification:_identify(rosbag2_2026_09_02-16_52_51) by extension 'python_setup_py'
[0.266s] Level 1:colcon.colcon_core.package_identification:_identify(rosbag2_2026_09_02-16_53_34) by extensions ['ignore', 'ignore_ament_install']
[0.266s] Level 1:colcon.colcon_core.package_identification:_identify(rosbag2_2026_09_02-16_53_34) by extension 'ignore'
[0.266s] Level 1:colcon.colcon_core.package_identification:_identify(rosbag2_2026_09_02-16_53_34) by extension 'ignore_ament_install'
[0.266s] Level 1:colcon.colcon_core.package_identification:_identify(rosbag2_2026_09_02-16_53_34) by extensions ['colcon_pkg']
[0.266s] Level 1:colcon.colcon_core.package_identification:_identify(rosbag2_2026_09_02-16_53_34) by extension 'colcon_pkg'
[0.266s] Level 1:colcon.colcon_core.package_identification:_identify(rosbag2_2026_09_02-16_53_34) by extensions ['colcon_meta']
[0.266s] Level 1:colcon.colcon_core.package_identification:_identify(rosbag2_2026_09_02-16_53_34) by extension 'colcon_meta'
[0.266s] Level 1:colcon.colcon_core.package_identification:_identify(rosbag2_2026_09_02-16_53_34) by extensions ['ros']
[0.266s] Level 1:colcon.colcon_core.package_identification:_identify(rosbag2_2026_09_02-16_53_34) by extension 'ros'
[0.266s] Level 1:colcon.colcon_core.package_identification:_identify(rosbag2_2026_09_02-16_53_34) by extensions ['cmake', 'python']
[0.266s] Level 1:colcon.colcon_core.package_identification:_identify(rosbag2_2026_09_02-16_53_34) by extension 'cmake'
[0.266s] Level 1:colcon.colcon_core.package_identification:_identify(rosbag2_2026_09_02-16_53_34) by extension 'python'
[0.266s] Level 1:colcon.colcon_core.package_identification:_identify(rosbag2_2026_09_02-16_53_34) by extensions ['python_setup_py']
[0.266s] Level 1:colcon.colcon_core.package_identification:_identify(rosbag2_2026_09_02-16_53_34) by extension 'python_setup_py'
[0.266s] Level 1:colcon.colcon_core.package_identification:_identify(src) by extensions ['ignore', 'ignore_ament_install']
[0.266s] Level 1:colcon.colcon_core.package_identification:_identify(src) by extension 'ignore'
[0.266s] Level 1:colcon.colcon_core.package_identification:_identify(src) by extension 'ignore_ament_install'
[0.266s] Level 1:colcon.colcon_core.package_identification:_identify(src) by extensions ['colcon_pkg']
[0.266s] Level 1:colcon.colcon_core.package_identification:_identify(src) by extension 'colcon_pkg'
[0.266s] Level 1:colcon.colcon_core.package_identification:_identify(src) by extensions ['colcon_meta']
[0.266s] Level 1:colcon.colcon_core.package_identification:_identify(src) by extension 'colcon_meta'
[0.266s] Level 1:colcon.colcon_core.package_identification:_identify(src) by extensions ['ros']
[0.266s] Level 1:colcon.colcon_core.package_identification:_identify(src) by extension 'ros'
[0.266s] Level 1:colcon.colcon_core.package_identification:_identify(src) by extensions ['cmake', 'python']
[0.266s] Level 1:colcon.colcon_core.package_identification:_identify(src) by extension 'cmake'
[0.266s] Level 1:colcon.colcon_core.package_identification:_identify(src) by extension 'python'
[0.266s] Level 1:colcon.colcon_core.package_identification:_identify(src) by extensions ['python_setup_py']
[0.266s] Level 1:colcon.colcon_core.package_identification:_identify(src) by extension 'python_setup_py'
[0.266s] Level 1:colcon.colcon_core.package_identification:_identify(src/ASTRO) by extensions ['ignore', 'ignore_ament_install']
[0.266s] Level 1:colcon.colcon_core.package_identification:_identify(src/ASTRO) by extension 'ignore'
[0.266s] Level 1:colcon.colcon_core.package_identification:_identify(src/ASTRO) by extension 'ignore_ament_install'
[0.266s] Level 1:colcon.colcon_core.package_identification:_identify(src/ASTRO) by extensions ['colcon_pkg']
[0.266s] Level 1:colcon.colcon_core.package_identification:_identify(src/ASTRO) by extension 'colcon_pkg'
[0.266s] Level 1:colcon.colcon_core.package_identification:_identify(src/ASTRO) by extensions ['colcon_meta']
[0.266s] Level 1:colcon.colcon_core.package_identification:_identify(src/ASTRO) by extension 'colcon_meta'
[0.266s] Level 1:colcon.colcon_core.package_identification:_identify(src/ASTRO) by extensions ['ros']
[0.266s] Level 1:colcon.colcon_core.package_identification:_identify(src/ASTRO) by extension 'ros'
[0.266s] Level 1:colcon.colcon_core.package_identification:_identify(src/ASTRO) by extensions ['cmake', 'python']
[0.266s] Level 1:colcon.colcon_core.package_identification:_identify(src/ASTRO) by extension 'cmake'
[0.266s] Level 1:colcon.colcon_core.package_identification:_identify(src/ASTRO) by extension 'python'
[0.266s] Level 1:colcon.colcon_core.package_identification:_identify(src/ASTRO) by extensions ['python_setup_py']
[0.266s] Level 1:colcon.colcon_core.package_identification:_identify(src/ASTRO) by extension 'python_setup_py'
[0.266s] Level 1:colcon.colcon_core.package_identification:_identify(src/ASTRO/astro) by extensions ['ignore', 'ignore_ament_install']
[0.266s] Level 1:colcon.colcon_core.package_identification:_identify(src/ASTRO/astro) by extension 'ignore'
[0.266s] Level 1:colcon.colcon_core.package_identification:_identify(src/ASTRO/astro) by extension 'ignore_ament_install'
[0.266s] Level 1:colcon.colcon_core.package_identification:_identify(src/ASTRO/astro) by extensions ['colcon_pkg']
[0.266s] Level 1:colcon.colcon_core.package_identification:_identify(src/ASTRO/astro) by extension 'colcon_pkg'
[0.267s] Level 1:colcon.colcon_core.package_identification:_identify(src/ASTRO/astro) by extensions ['colcon_meta']
[0.267s] Level 1:colcon.colcon_core.package_identification:_identify(src/ASTRO/astro) by extension 'colcon_meta'
[0.267s] Level 1:colcon.colcon_core.package_identification:_identify(src/ASTRO/astro) by extensions ['ros']
[0.267s] Level 1:colcon.colcon_core.package_identification:_identify(src/ASTRO/astro) by extension 'ros'
[0.269s] DEBUG:colcon.colcon_core.package_identification:Package 'src/ASTRO/astro' with type 'ros.ament_cmake' and name 'astro'
[0.269s] Level 1:colcon.colcon_core.package_identification:_identify(src/ASTRO/astro_navigation) by extensions ['ignore', 'ignore_ament_install']
[0.269s] Level 1:colcon.colcon_core.package_identification:_identify(src/ASTRO/astro_navigation) by extension 'ignore'
[0.269s] Level 1:colcon.colcon_core.package_identification:_identify(src/ASTRO/astro_navigation) by extension 'ignore_ament_install'
[0.269s] Level 1:colcon.colcon_core.package_identification:_identify(src/ASTRO/astro_navigation) by extensions ['colcon_pkg']
[0.269s] Level 1:colcon.colcon_core.package_identification:_identify(src/ASTRO/astro_navigation) by extension 'colcon_pkg'
[0.269s] Level 1:colcon.colcon_core.package_identification:_identify(src/ASTRO/astro_navigation) by extensions ['colcon_meta']
[0.269s] Level 1:colcon.colcon_core.package_identification:_identify(src/ASTRO/astro_navigation) by extension 'colcon_meta'
[0.269s] Level 1:colcon.colcon_core.package_identification:_identify(src/ASTRO/astro_navigation) by extensions ['ros']
[0.269s] Level 1:colcon.colcon_core.package_identification:_identify(src/ASTRO/astro_navigation) by extension 'ros'
[0.269s] DEBUG:colcon.colcon_core.package_identification:Package 'src/ASTRO/astro_navigation' with type 'ros.ament_cmake' and name 'astro_navigation'
[0.269s] Level 1:colcon.colcon_core.package_identification:_identify(src/ASTRO/astro_serial_cpp) by extensions ['ignore', 'ignore_ament_install']
[0.269s] Level 1:colcon.colcon_core.package_identification:_identify(src/ASTRO/astro_serial_cpp) by extension 'ignore'
[0.269s] Level 1:colcon.colcon_core.package_identification:_identify(src/ASTRO/astro_serial_cpp) by extension 'ignore_ament_install'
[0.269s] Level 1:colcon.colcon_core.package_identification:_identify(src/ASTRO/astro_serial_cpp) by extensions ['colcon_pkg']
[0.269s] Level 1:colcon.colcon_core.package_identification:_identify(src/ASTRO/astro_serial_cpp) by extension 'colcon_pkg'
[0.269s] Level 1:colcon.colcon_core.package_identification:_identify(src/ASTRO/astro_serial_cpp) by extensions ['colcon_meta']
[0.270s] Level 1:colcon.colcon_core.package_identification:_identify(src/ASTRO/astro_serial_cpp) by extension 'colcon_meta'
[0.270s] Level 1:colcon.colcon_core.package_identification:_identify(src/ASTRO/astro_serial_cpp) by extensions ['ros']
[0.270s] Level 1:colcon.colcon_core.package_identification:_identify(src/ASTRO/astro_serial_cpp) by extension 'ros'
[0.270s] DEBUG:colcon.colcon_core.package_identification:Package 'src/ASTRO/astro_serial_cpp' with type 'ros.ament_cmake' and name 'astro_serial_cpp'
[0.270s] Level 1:colcon.colcon_core.package_identification:_identify(src/ASTRO/astro_slam) by extensions ['ignore', 'ignore_ament_install']
[0.270s] Level 1:colcon.colcon_core.package_identification:_identify(src/ASTRO/astro_slam) by extension 'ignore'
[0.270s] Level 1:colcon.colcon_core.package_identification:_identify(src/ASTRO/astro_slam) by extension 'ignore_ament_install'
[0.270s] Level 1:colcon.colcon_core.package_identification:_identify(src/ASTRO/astro_slam) by extensions ['colcon_pkg']
[0.270s] Level 1:colcon.colcon_core.package_identification:_identify(src/ASTRO/astro_slam) by extension 'colcon_pkg'
[0.270s] Level 1:colcon.colcon_core.package_identification:_identify(src/ASTRO/astro_slam) by extensions ['colcon_meta']
[0.270s] Level 1:colcon.colcon_core.package_identification:_identify(src/ASTRO/astro_slam) by extension 'colcon_meta'
[0.270s] Level 1:colcon.colcon_core.package_identification:_identify(src/ASTRO/astro_slam) by extensions ['ros']
[0.270s] Level 1:colcon.colcon_core.package_identification:_identify(src/ASTRO/astro_slam) by extension 'ros'
[0.270s] DEBUG:colcon.colcon_core.package_identification:Package 'src/ASTRO/astro_slam' with type 'ros.ament_python' and name 'astro_slam'
[0.270s] Level 1:colcon.colcon_core.package_identification:_identify(src/ASTRO/build) by extensions ['ignore', 'ignore_ament_install']
[0.270s] Level 1:colcon.colcon_core.package_identification:_identify(src/ASTRO/build) by extension 'ignore'
[0.270s] Level 1:colcon.colcon_core.package_identification:_identify(src/ASTRO/build) ignored
[0.270s] Level 1:colcon.colcon_core.package_identification:_identify(src/ASTRO/install) by extensions ['ignore', 'ignore_ament_install']
[0.270s] Level 1:colcon.colcon_core.package_identification:_identify(src/ASTRO/install) by extension 'ignore'
[0.270s] Level 1:colcon.colcon_core.package_identification:_identify(src/ASTRO/install) ignored
[0.271s] Level 1:colcon.colcon_core.package_identification:_identify(src/ASTRO/log) by extensions ['ignore', 'ignore_ament_install']
[0.271s] Level 1:colcon.colcon_core.package_identification:_identify(src/ASTRO/log) by extension 'ignore'
[0.271s] Level 1:colcon.colcon_core.package_identification:_identify(src/ASTRO/log) ignored
[0.271s] Level 1:colcon.colcon_core.package_identification:_identify(worlds) by extensions ['ignore', 'ignore_ament_install']
[0.271s] Level 1:colcon.colcon_core.package_identification:_identify(worlds) by extension 'ignore'
[0.271s] Level 1:colcon.colcon_core.package_identification:_identify(worlds) by extension 'ignore_ament_install'
[0.271s] Level 1:colcon.colcon_core.package_identification:_identify(worlds) by extensions ['colcon_pkg']
[0.271s] Level 1:colcon.colcon_core.package_identification:_identify(worlds) by extension 'colcon_pkg'
[0.271s] Level 1:colcon.colcon_core.package_identification:_identify(worlds) by extensions ['colcon_meta']
[0.271s] Level 1:colcon.colcon_core.package_identification:_identify(worlds) by extension 'colcon_meta'
[0.271s] Level 1:colcon.colcon_core.package_identification:_identify(worlds) by extensions ['ros']
[0.271s] Level 1:colcon.colcon_core.package_identification:_identify(worlds) by extension 'ros'
[0.271s] Level 1:colcon.colcon_core.package_identification:_identify(worlds) by extensions ['cmake', 'python']
[0.271s] Level 1:colcon.colcon_core.package_identification:_identify(worlds) by extension 'cmake'
[0.271s] Level 1:colcon.colcon_core.package_identification:_identify(worlds) by extension 'python'
[0.271s] Level 1:colcon.colcon_core.package_identification:_identify(worlds) by extensions ['python_setup_py']
[0.271s] Level 1:colcon.colcon_core.package_identification:_identify(worlds) by extension 'python_setup_py'
[0.271s] Level 1:colcon.colcon_core.package_identification:_identify(worlds/01 CRTA_detailed) by extensions ['ignore', 'ignore_ament_install']
[0.271s] Level 1:colcon.colcon_core.package_identification:_identify(worlds/01 CRTA_detailed) by extension 'ignore'
[0.271s] Level 1:colcon.colcon_core.package_identification:_identify(worlds/01 CRTA_detailed) by extension 'ignore_ament_install'
[0.271s] Level 1:colcon.colcon_core.package_identification:_identify(worlds/01 CRTA_detailed) by extensions ['colcon_pkg']
[0.271s] Level 1:colcon.colcon_core.package_identification:_identify(worlds/01 CRTA_detailed) by extension 'colcon_pkg'
[0.271s] Level 1:colcon.colcon_core.package_identification:_identify(worlds/01 CRTA_detailed) by extensions ['colcon_meta']
[0.271s] Level 1:colcon.colcon_core.package_identification:_identify(worlds/01 CRTA_detailed) by extension 'colcon_meta'
[0.271s] Level 1:colcon.colcon_core.package_identification:_identify(worlds/01 CRTA_detailed) by extensions ['ros']
[0.271s] Level 1:colcon.colcon_core.package_identification:_identify(worlds/01 CRTA_detailed) by extension 'ros'
[0.271s] Level 1:colcon.colcon_core.package_identification:_identify(worlds/01 CRTA_detailed) by extensions ['cmake', 'python']
[0.271s] Level 1:colcon.colcon_core.package_identification:_identify(worlds/01 CRTA_detailed) by extension 'cmake'
[0.271s] Level 1:colcon.colcon_core.package_identification:_identify(worlds/01 CRTA_detailed) by extension 'python'
[0.271s] Level 1:colcon.colcon_core.package_identification:_identify(worlds/01 CRTA_detailed) by extensions ['python_setup_py']
[0.271s] Level 1:colcon.colcon_core.package_identification:_identify(worlds/01 CRTA_detailed) by extension 'python_setup_py'
[0.271s] Level 1:colcon.colcon_core.package_identification:_identify(worlds/01 CRTA_detailed/crta_namjesteno) by extensions ['ignore', 'ignore_ament_install']
[0.271s] Level 1:colcon.colcon_core.package_identification:_identify(worlds/01 CRTA_detailed/crta_namjesteno) by extension 'ignore'
[0.271s] Level 1:colcon.colcon_core.package_identification:_identify(worlds/01 CRTA_detailed/crta_namjesteno) by extension 'ignore_ament_install'
[0.271s] Level 1:colcon.colcon_core.package_identification:_identify(worlds/01 CRTA_detailed/crta_namjesteno) by extensions ['colcon_pkg']
[0.271s] Level 1:colcon.colcon_core.package_identification:_identify(worlds/01 CRTA_detailed/crta_namjesteno) by extension 'colcon_pkg'
[0.271s] Level 1:colcon.colcon_core.package_identification:_identify(worlds/01 CRTA_detailed/crta_namjesteno) by extensions ['colcon_meta']
[0.271s] Level 1:colcon.colcon_core.package_identification:_identify(worlds/01 CRTA_detailed/crta_namjesteno) by extension 'colcon_meta'
[0.271s] Level 1:colcon.colcon_core.package_identification:_identify(worlds/01 CRTA_detailed/crta_namjesteno) by extensions ['ros']
[0.271s] Level 1:colcon.colcon_core.package_identification:_identify(worlds/01 CRTA_detailed/crta_namjesteno) by extension 'ros'
[0.271s] Level 1:colcon.colcon_core.package_identification:_identify(worlds/01 CRTA_detailed/crta_namjesteno) by extensions ['cmake', 'python']
[0.271s] Level 1:colcon.colcon_core.package_identification:_identify(worlds/01 CRTA_detailed/crta_namjesteno) by extension 'cmake'
[0.271s] Level 1:colcon.colcon_core.package_identification:_identify(worlds/01 CRTA_detailed/crta_namjesteno) by extension 'python'
[0.271s] Level 1:colcon.colcon_core.package_identification:_identify(worlds/01 CRTA_detailed/crta_namjesteno) by extensions ['python_setup_py']
[0.271s] Level 1:colcon.colcon_core.package_identification:_identify(worlds/01 CRTA_detailed/crta_namjesteno) by extension 'python_setup_py'
[0.271s] Level 1:colcon.colcon_core.package_identification:_identify(worlds/01 CRTA_detailed/crta_namjesteno/models) by extensions ['ignore', 'ignore_ament_install']
[0.272s] Level 1:colcon.colcon_core.package_identification:_identify(worlds/01 CRTA_detailed/crta_namjesteno/models) by extension 'ignore'
[0.272s] Level 1:colcon.colcon_core.package_identification:_identify(worlds/01 CRTA_detailed/crta_namjesteno/models) by extension 'ignore_ament_install'
[0.272s] Level 1:colcon.colcon_core.package_identification:_identify(worlds/01 CRTA_detailed/crta_namjesteno/models) by extensions ['colcon_pkg']
[0.272s] Level 1:colcon.colcon_core.package_identification:_identify(worlds/01 CRTA_detailed/crta_namjesteno/models) by extension 'colcon_pkg'
[0.272s] Level 1:colcon.colcon_core.package_identification:_identify(worlds/01 CRTA_detailed/crta_namjesteno/models) by extensions ['colcon_meta']
[0.272s] Level 1:colcon.colcon_core.package_identification:_identify(worlds/01 CRTA_detailed/crta_namjesteno/models) by extension 'colcon_meta'
[0.272s] Level 1:colcon.colcon_core.package_identification:_identify(worlds/01 CRTA_detailed/crta_namjesteno/models) by extensions ['ros']
[0.272s] Level 1:colcon.colcon_core.package_identification:_identify(worlds/01 CRTA_detailed/crta_namjesteno/models) by extension 'ros'
[0.272s] Level 1:colcon.colcon_core.package_identification:_identify(worlds/01 CRTA_detailed/crta_namjesteno/models) by extensions ['cmake', 'python']
[0.272s] Level 1:colcon.colcon_core.package_identification:_identify(worlds/01 CRTA_detailed/crta_namjesteno/models) by extension 'cmake'
[0.272s] Level 1:colcon.colcon_core.package_identification:_identify(worlds/01 CRTA_detailed/crta_namjesteno/models) by extension 'python'
[0.272s] Level 1:colcon.colcon_core.package_identification:_identify(worlds/01 CRTA_detailed/crta_namjesteno/models) by extensions ['python_setup_py']
[0.272s] Level 1:colcon.colcon_core.package_identification:_identify(worlds/01 CRTA_detailed/crta_namjesteno/models) by extension 'python_setup_py'
[0.272s] Level 1:colcon.colcon_core.package_identification:_identify(worlds/01 CRTA_detailed/crta_namjesteno/models/map) by extensions ['ignore', 'ignore_ament_install']
[0.272s] Level 1:colcon.colcon_core.package_identification:_identify(worlds/01 CRTA_detailed/crta_namjesteno/models/map) by extension 'ignore'
[0.272s] Level 1:colcon.colcon_core.package_identification:_identify(worlds/01 CRTA_detailed/crta_namjesteno/models/map) by extension 'ignore_ament_install'
[0.272s] Level 1:colcon.colcon_core.package_identification:_identify(worlds/01 CRTA_detailed/crta_namjesteno/models/map) by extensions ['colcon_pkg']
[0.272s] Level 1:colcon.colcon_core.package_identification:_identify(worlds/01 CRTA_detailed/crta_namjesteno/models/map) by extension 'colcon_pkg'
[0.272s] Level 1:colcon.colcon_core.package_identification:_identify(worlds/01 CRTA_detailed/crta_namjesteno/models/map) by extensions ['colcon_meta']
[0.272s] Level 1:colcon.colcon_core.package_identification:_identify(worlds/01 CRTA_detailed/crta_namjesteno/models/map) by extension 'colcon_meta'
[0.272s] Level 1:colcon.colcon_core.package_identification:_identify(worlds/01 CRTA_detailed/crta_namjesteno/models/map) by extensions ['ros']
[0.272s] Level 1:colcon.colcon_core.package_identification:_identify(worlds/01 CRTA_detailed/crta_namjesteno/models/map) by extension 'ros'
[0.272s] Level 1:colcon.colcon_core.package_identification:_identify(worlds/01 CRTA_detailed/crta_namjesteno/models/map) by extensions ['cmake', 'python']
[0.272s] Level 1:colcon.colcon_core.package_identification:_identify(worlds/01 CRTA_detailed/crta_namjesteno/models/map) by extension 'cmake'
[0.272s] Level 1:colcon.colcon_core.package_identification:_identify(worlds/01 CRTA_detailed/crta_namjesteno/models/map) by extension 'python'
[0.272s] Level 1:colcon.colcon_core.package_identification:_identify(worlds/01 CRTA_detailed/crta_namjesteno/models/map) by extensions ['python_setup_py']
[0.272s] Level 1:colcon.colcon_core.package_identification:_identify(worlds/01 CRTA_detailed/crta_namjesteno/models/map) by extension 'python_setup_py'
[0.272s] Level 1:colcon.colcon_core.package_identification:_identify(worlds/01 CRTA_detailed/crta_namjesteno/models/mesh) by extensions ['ignore', 'ignore_ament_install']
[0.272s] Level 1:colcon.colcon_core.package_identification:_identify(worlds/01 CRTA_detailed/crta_namjesteno/models/mesh) by extension 'ignore'
[0.272s] Level 1:colcon.colcon_core.package_identification:_identify(worlds/01 CRTA_detailed/crta_namjesteno/models/mesh) by extension 'ignore_ament_install'
[0.279s] Level 1:colcon.colcon_core.package_identification:_identify(worlds/01 CRTA_detailed/crta_namjesteno/models/mesh) by extensions ['colcon_pkg']
[0.279s] Level 1:colcon.colcon_core.package_identification:_identify(worlds/01 CRTA_detailed/crta_namjesteno/models/mesh) by extension 'colcon_pkg'
[0.279s] Level 1:colcon.colcon_core.package_identification:_identify(worlds/01 CRTA_detailed/crta_namjesteno/models/mesh) by extensions ['colcon_meta']
[0.279s] Level 1:colcon.colcon_core.package_identification:_identify(worlds/01 CRTA_detailed/crta_namjesteno/models/mesh) by extension 'colcon_meta'
[0.279s] Level 1:colcon.colcon_core.package_identification:_identify(worlds/01 CRTA_detailed/crta_namjesteno/models/mesh) by extensions ['ros']
[0.279s] Level 1:colcon.colcon_core.package_identification:_identify(worlds/01 CRTA_detailed/crta_namjesteno/models/mesh) by extension 'ros'
[0.279s] Level 1:colcon.colcon_core.package_identification:_identify(worlds/01 CRTA_detailed/crta_namjesteno/models/mesh) by extensions ['cmake', 'python']
[0.279s] Level 1:colcon.colcon_core.package_identification:_identify(worlds/01 CRTA_detailed/crta_namjesteno/models/mesh) by extension 'cmake'
[0.279s] Level 1:colcon.colcon_core.package_identification:_identify(worlds/01 CRTA_detailed/crta_namjesteno/models/mesh) by extension 'python'
[0.279s] Level 1:colcon.colcon_core.package_identification:_identify(worlds/01 CRTA_detailed/crta_namjesteno/models/mesh) by extensions ['python_setup_py']
[0.279s] Level 1:colcon.colcon_core.package_identification:_identify(worlds/01 CRTA_detailed/crta_namjesteno/models/mesh) by extension 'python_setup_py'
[0.280s] Level 1:colcon.colcon_core.package_identification:_identify(worlds/01 CRTA_detailed/crta_namjesteno/worlds) by extensions ['ignore', 'ignore_ament_install']
[0.280s] Level 1:colcon.colcon_core.package_identification:_identify(worlds/01 CRTA_detailed/crta_namjesteno/worlds) by extension 'ignore'
[0.280s] Level 1:colcon.colcon_core.package_identification:_identify(worlds/01 CRTA_detailed/crta_namjesteno/worlds) by extension 'ignore_ament_install'
[0.280s] Level 1:colcon.colcon_core.package_identification:_identify(worlds/01 CRTA_detailed/crta_namjesteno/worlds) by extensions ['colcon_pkg']
[0.280s] Level 1:colcon.colcon_core.package_identification:_identify(worlds/01 CRTA_detailed/crta_namjesteno/worlds) by extension 'colcon_pkg'
[0.280s] Level 1:colcon.colcon_core.package_identification:_identify(worlds/01 CRTA_detailed/crta_namjesteno/worlds) by extensions ['colcon_meta']
[0.280s] Level 1:colcon.colcon_core.package_identification:_identify(worlds/01 CRTA_detailed/crta_namjesteno/worlds) by extension 'colcon_meta'
[0.280s] Level 1:colcon.colcon_core.package_identification:_identify(worlds/01 CRTA_detailed/crta_namjesteno/worlds) by extensions ['ros']
[0.280s] Level 1:colcon.colcon_core.package_identification:_identify(worlds/01 CRTA_detailed/crta_namjesteno/worlds) by extension 'ros'
[0.280s] Level 1:colcon.colcon_core.package_identification:_identify(worlds/01 CRTA_detailed/crta_namjesteno/worlds) by extensions ['cmake', 'python']
[0.280s] Level 1:colcon.colcon_core.package_identification:_identify(worlds/01 CRTA_detailed/crta_namjesteno/worlds) by extension 'cmake'
[0.280s] Level 1:colcon.colcon_core.package_identification:_identify(worlds/01 CRTA_detailed/crta_namjesteno/worlds) by extension 'python'
[0.280s] Level 1:colcon.colcon_core.package_identification:_identify(worlds/01 CRTA_detailed/crta_namjesteno/worlds) by extensions ['python_setup_py']
[0.280s] Level 1:colcon.colcon_core.package_identification:_identify(worlds/01 CRTA_detailed/crta_namjesteno/worlds) by extension 'python_setup_py'
[0.280s] Level 1:colcon.colcon_core.package_identification:_identify(worlds/02 CRTA_simplified) by extensions ['ignore', 'ignore_ament_install']
[0.280s] Level 1:colcon.colcon_core.package_identification:_identify(worlds/02 CRTA_simplified) by extension 'ignore'
[0.280s] Level 1:colcon.colcon_core.package_identification:_identify(worlds/02 CRTA_simplified) by extension 'ignore_ament_install'
[0.280s] Level 1:colcon.colcon_core.package_identification:_identify(worlds/02 CRTA_simplified) by extensions ['colcon_pkg']
[0.280s] Level 1:colcon.colcon_core.package_identification:_identify(worlds/02 CRTA_simplified) by extension 'colcon_pkg'
[0.280s] Level 1:colcon.colcon_core.package_identification:_identify(worlds/02 CRTA_simplified) by extensions ['colcon_meta']
[0.280s] Level 1:colcon.colcon_core.package_identification:_identify(worlds/02 CRTA_simplified) by extension 'colcon_meta'
[0.280s] Level 1:colcon.colcon_core.package_identification:_identify(worlds/02 CRTA_simplified) by extensions ['ros']
[0.280s] Level 1:colcon.colcon_core.package_identification:_identify(worlds/02 CRTA_simplified) by extension 'ros'
[0.280s] Level 1:colcon.colcon_core.package_identification:_identify(worlds/02 CRTA_simplified) by extensions ['cmake', 'python']
[0.280s] Level 1:colcon.colcon_core.package_identification:_identify(worlds/02 CRTA_simplified) by extension 'cmake'
[0.280s] Level 1:colcon.colcon_core.package_identification:_identify(worlds/02 CRTA_simplified) by extension 'python'
[0.280s] Level 1:colcon.colcon_core.package_identification:_identify(worlds/02 CRTA_simplified) by extensions ['python_setup_py']
[0.280s] Level 1:colcon.colcon_core.package_identification:_identify(worlds/02 CRTA_simplified) by extension 'python_setup_py'
[0.280s] Level 1:colcon.colcon_core.package_identification:_identify(worlds/02 CRTA_simplified/crta_pojednostavljeno) by extensions ['ignore', 'ignore_ament_install']
[0.280s] Level 1:colcon.colcon_core.package_identification:_identify(worlds/02 CRTA_simplified/crta_pojednostavljeno) by extension 'ignore'
[0.280s] Level 1:colcon.colcon_core.package_identification:_identify(worlds/02 CRTA_simplified/crta_pojednostavljeno) by extension 'ignore_ament_install'
[0.280s] Level 1:colcon.colcon_core.package_identification:_identify(worlds/02 CRTA_simplified/crta_pojednostavljeno) by extensions ['colcon_pkg']
[0.280s] Level 1:colcon.colcon_core.package_identification:_identify(worlds/02 CRTA_simplified/crta_pojednostavljeno) by extension 'colcon_pkg'
[0.280s] Level 1:colcon.colcon_core.package_identification:_identify(worlds/02 CRTA_simplified/crta_pojednostavljeno) by extensions ['colcon_meta']
[0.280s] Level 1:colcon.colcon_core.package_identification:_identify(worlds/02 CRTA_simplified/crta_pojednostavljeno) by extension 'colcon_meta'
[0.281s] Level 1:colcon.colcon_core.package_identification:_identify(worlds/02 CRTA_simplified/crta_pojednostavljeno) by extensions ['ros']
[0.281s] Level 1:colcon.colcon_core.package_identification:_identify(worlds/02 CRTA_simplified/crta_pojednostavljeno) by extension 'ros'
[0.281s] Level 1:colcon.colcon_core.package_identification:_identify(worlds/02 CRTA_simplified/crta_pojednostavljeno) by extensions ['cmake', 'python']
[0.281s] Level 1:colcon.colcon_core.package_identification:_identify(worlds/02 CRTA_simplified/crta_pojednostavljeno) by extension 'cmake'
[0.281s] Level 1:colcon.colcon_core.package_identification:_identify(worlds/02 CRTA_simplified/crta_pojednostavljeno) by extension 'python'
[0.281s] Level 1:colcon.colcon_core.package_identification:_identify(worlds/02 CRTA_simplified/crta_pojednostavljeno) by extensions ['python_setup_py']
[0.281s] Level 1:colcon.colcon_core.package_identification:_identify(worlds/02 CRTA_simplified/crta_pojednostavljeno) by extension 'python_setup_py'
[0.281s] Level 1:colcon.colcon_core.package_identification:_identify(worlds/02 CRTA_simplified/crta_pojednostavljeno/CRTA_v4) by extensions ['ignore', 'ignore_ament_install']
[0.281s] Level 1:colcon.colcon_core.package_identification:_identify(worlds/02 CRTA_simplified/crta_pojednostavljeno/CRTA_v4) by extension 'ignore'
[0.281s] Level 1:colcon.colcon_core.package_identification:_identify(worlds/02 CRTA_simplified/crta_pojednostavljeno/CRTA_v4) by extension 'ignore_ament_install'
[0.281s] Level 1:colcon.colcon_core.package_identification:_identify(worlds/02 CRTA_simplified/crta_pojednostavljeno/CRTA_v4) by extensions ['colcon_pkg']
[0.281s] Level 1:colcon.colcon_core.package_identification:_identify(worlds/02 CRTA_simplified/crta_pojednostavljeno/CRTA_v4) by extension 'colcon_pkg'
[0.281s] Level 1:colcon.colcon_core.package_identification:_identify(worlds/02 CRTA_simplified/crta_pojednostavljeno/CRTA_v4) by extensions ['colcon_meta']
[0.281s] Level 1:colcon.colcon_core.package_identification:_identify(worlds/02 CRTA_simplified/crta_pojednostavljeno/CRTA_v4) by extension 'colcon_meta'
[0.281s] Level 1:colcon.colcon_core.package_identification:_identify(worlds/02 CRTA_simplified/crta_pojednostavljeno/CRTA_v4) by extensions ['ros']
[0.281s] Level 1:colcon.colcon_core.package_identification:_identify(worlds/02 CRTA_simplified/crta_pojednostavljeno/CRTA_v4) by extension 'ros'
[0.281s] Level 1:colcon.colcon_core.package_identification:_identify(worlds/02 CRTA_simplified/crta_pojednostavljeno/CRTA_v4) by extensions ['cmake', 'python']
[0.281s] Level 1:colcon.colcon_core.package_identification:_identify(worlds/02 CRTA_simplified/crta_pojednostavljeno/CRTA_v4) by extension 'cmake'
[0.281s] Level 1:colcon.colcon_core.package_identification:_identify(worlds/02 CRTA_simplified/crta_pojednostavljeno/CRTA_v4) by extension 'python'
[0.281s] Level 1:colcon.colcon_core.package_identification:_identify(worlds/02 CRTA_simplified/crta_pojednostavljeno/CRTA_v4) by extensions ['python_setup_py']
[0.281s] Level 1:colcon.colcon_core.package_identification:_identify(worlds/02 CRTA_simplified/crta_pojednostavljeno/CRTA_v4) by extension 'python_setup_py'
[0.281s] Level 1:colcon.colcon_core.package_identification:_identify(worlds/02 CRTA_simplified/crta_pojednostavljeno/CRTA_v4/map) by extensions ['ignore', 'ignore_ament_install']
[0.281s] Level 1:colcon.colcon_core.package_identification:_identify(worlds/02 CRTA_simplified/crta_pojednostavljeno/CRTA_v4/map) by extension 'ignore'
[0.281s] Level 1:colcon.colcon_core.package_identification:_identify(worlds/02 CRTA_simplified/crta_pojednostavljeno/CRTA_v4/map) by extension 'ignore_ament_install'
[0.281s] Level 1:colcon.colcon_core.package_identification:_identify(worlds/02 CRTA_simplified/crta_pojednostavljeno/CRTA_v4/map) by extensions ['colcon_pkg']
[0.281s] Level 1:colcon.colcon_core.package_identification:_identify(worlds/02 CRTA_simplified/crta_pojednostavljeno/CRTA_v4/map) by extension 'colcon_pkg'
[0.281s] Level 1:colcon.colcon_core.package_identification:_identify(worlds/02 CRTA_simplified/crta_pojednostavljeno/CRTA_v4/map) by extensions ['colcon_meta']
[0.281s] Level 1:colcon.colcon_core.package_identification:_identify(worlds/02 CRTA_simplified/crta_pojednostavljeno/CRTA_v4/map) by extension 'colcon_meta'
[0.281s] Level 1:colcon.colcon_core.package_identification:_identify(worlds/02 CRTA_simplified/crta_pojednostavljeno/CRTA_v4/map) by extensions ['ros']
[0.281s] Level 1:colcon.colcon_core.package_identification:_identify(worlds/02 CRTA_simplified/crta_pojednostavljeno/CRTA_v4/map) by extension 'ros'
[0.281s] Level 1:colcon.colcon_core.package_identification:_identify(worlds/02 CRTA_simplified/crta_pojednostavljeno/CRTA_v4/map) by extensions ['cmake', 'python']
[0.281s] Level 1:colcon.colcon_core.package_identification:_identify(worlds/02 CRTA_simplified/crta_pojednostavljeno/CRTA_v4/map) by extension 'cmake'
[0.281s] Level 1:colcon.colcon_core.package_identification:_identify(worlds/02 CRTA_simplified/crta_pojednostavljeno/CRTA_v4/map) by extension 'python'
[0.281s] Level 1:colcon.colcon_core.package_identification:_identify(worlds/02 CRTA_simplified/crta_pojednostavljeno/CRTA_v4/map) by extensions ['python_setup_py']
[0.281s] Level 1:colcon.colcon_core.package_identification:_identify(worlds/02 CRTA_simplified/crta_pojednostavljeno/CRTA_v4/map) by extension 'python_setup_py'
[0.281s] Level 1:colcon.colcon_core.package_identification:_identify(worlds/02 CRTA_simplified/crta_pojednostavljeno/CRTA_v4/mesh) by extensions ['ignore', 'ignore_ament_install']
[0.282s] Level 1:colcon.colcon_core.package_identification:_identify(worlds/02 CRTA_simplified/crta_pojednostavljeno/CRTA_v4/mesh) by extension 'ignore'
[0.282s] Level 1:colcon.colcon_core.package_identification:_identify(worlds/02 CRTA_simplified/crta_pojednostavljeno/CRTA_v4/mesh) by extension 'ignore_ament_install'
[0.282s] Level 1:colcon.colcon_core.package_identification:_identify(worlds/02 CRTA_simplified/crta_pojednostavljeno/CRTA_v4/mesh) by extensions ['colcon_pkg']
[0.282s] Level 1:colcon.colcon_core.package_identification:_identify(worlds/02 CRTA_simplified/crta_pojednostavljeno/CRTA_v4/mesh) by extension 'colcon_pkg'
[0.282s] Level 1:colcon.colcon_core.package_identification:_identify(worlds/02 CRTA_simplified/crta_pojednostavljeno/CRTA_v4/mesh) by extensions ['colcon_meta']
[0.282s] Level 1:colcon.colcon_core.package_identification:_identify(worlds/02 CRTA_simplified/crta_pojednostavljeno/CRTA_v4/mesh) by extension 'colcon_meta'
[0.282s] Level 1:colcon.colcon_core.package_identification:_identify(worlds/02 CRTA_simplified/crta_pojednostavljeno/CRTA_v4/mesh) by extensions ['ros']
[0.282s] Level 1:colcon.colcon_core.package_identification:_identify(worlds/02 CRTA_simplified/crta_pojednostavljeno/CRTA_v4/mesh) by extension 'ros'
[0.282s] Level 1:colcon.colcon_core.package_identification:_identify(worlds/02 CRTA_simplified/crta_pojednostavljeno/CRTA_v4/mesh) by extensions ['cmake', 'python']
[0.282s] Level 1:colcon.colcon_core.package_identification:_identify(worlds/02 CRTA_simplified/crta_pojednostavljeno/CRTA_v4/mesh) by extension 'cmake'
[0.282s] Level 1:colcon.colcon_core.package_identification:_identify(worlds/02 CRTA_simplified/crta_pojednostavljeno/CRTA_v4/mesh) by extension 'python'
[0.282s] Level 1:colcon.colcon_core.package_identification:_identify(worlds/02 CRTA_simplified/crta_pojednostavljeno/CRTA_v4/mesh) by extensions ['python_setup_py']
[0.282s] Level 1:colcon.colcon_core.package_identification:_identify(worlds/02 CRTA_simplified/crta_pojednostavljeno/CRTA_v4/mesh) by extension 'python_setup_py'
[0.282s] Level 1:colcon.colcon_core.package_identification:_identify(worlds/02 CRTA_simplified/crta_pojednostavljeno/worlds) by extensions ['ignore', 'ignore_ament_install']
[0.282s] Level 1:colcon.colcon_core.package_identification:_identify(worlds/02 CRTA_simplified/crta_pojednostavljeno/worlds) by extension 'ignore'
[0.283s] Level 1:colcon.colcon_core.package_identification:_identify(worlds/02 CRTA_simplified/crta_pojednostavljeno/worlds) by extension 'ignore_ament_install'
[0.283s] Level 1:colcon.colcon_core.package_identification:_identify(worlds/02 CRTA_simplified/crta_pojednostavljeno/worlds) by extensions ['colcon_pkg']
[0.283s] Level 1:colcon.colcon_core.package_identification:_identify(worlds/02 CRTA_simplified/crta_pojednostavljeno/worlds) by extension 'colcon_pkg'
[0.283s] Level 1:colcon.colcon_core.package_identification:_identify(worlds/02 CRTA_simplified/crta_pojednostavljeno/worlds) by extensions ['colcon_meta']
[0.283s] Level 1:colcon.colcon_core.package_identification:_identify(worlds/02 CRTA_simplified/crta_pojednostavljeno/worlds) by extension 'colcon_meta'
[0.283s] Level 1:colcon.colcon_core.package_identification:_identify(worlds/02 CRTA_simplified/crta_pojednostavljeno/worlds) by extensions ['ros']
[0.283s] Level 1:colcon.colcon_core.package_identification:_identify(worlds/02 CRTA_simplified/crta_pojednostavljeno/worlds) by extension 'ros'
[0.283s] Level 1:colcon.colcon_core.package_identification:_identify(worlds/02 CRTA_simplified/crta_pojednostavljeno/worlds) by extensions ['cmake', 'python']
[0.283s] Level 1:colcon.colcon_core.package_identification:_identify(worlds/02 CRTA_simplified/crta_pojednostavljeno/worlds) by extension 'cmake'
[0.283s] Level 1:colcon.colcon_core.package_identification:_identify(worlds/02 CRTA_simplified/crta_pojednostavljeno/worlds) by extension 'python'
[0.283s] Level 1:colcon.colcon_core.package_identification:_identify(worlds/02 CRTA_simplified/crta_pojednostavljeno/worlds) by extensions ['python_setup_py']
[0.283s] Level 1:colcon.colcon_core.package_identification:_identify(worlds/02 CRTA_simplified/crta_pojednostavljeno/worlds) by extension 'python_setup_py'
[0.283s] Level 1:colcon.colcon_core.package_discovery:discover_packages(recursive) using defaults
[0.283s] Level 1:colcon.colcon_core.package_discovery:discover_packages(ignore) discover
[0.283s] Level 1:colcon.colcon_core.package_discovery:discover_packages(ignore) using defaults
[0.283s] Level 1:colcon.colcon_core.package_discovery:discover_packages(path) discover
[0.283s] Level 1:colcon.colcon_core.package_discovery:discover_packages(path) using defaults
[0.311s] Level 1:colcon.colcon_core.package_discovery:discover_packages(prefix_path) check parameters
[0.311s] Level 1:colcon.colcon_core.package_discovery:discover_packages(prefix_path) discover
[0.313s] DEBUG:colcon.colcon_installed_package_information.package_discovery:Found 2 installed packages in /home/tona/astro_ws/install
[0.313s] DEBUG:colcon.colcon_installed_package_information.package_discovery:Found 4 installed packages in /home/tona/astro_ws_pas/install
[0.314s] DEBUG:colcon.colcon_installed_package_information.package_discovery:Found 389 installed packages in /opt/ros/humble
[0.315s] Level 1:colcon.colcon_core.package_discovery:discover_packages(prefix_path) using defaults
[0.354s] Level 5:colcon.colcon_core.verb:set package 'astro' build argument 'cmake_args' from command line to 'None'
[0.354s] Level 5:colcon.colcon_core.verb:set package 'astro' build argument 'cmake_target' from command line to 'None'
[0.354s] Level 5:colcon.colcon_core.verb:set package 'astro' build argument 'cmake_target_skip_unavailable' from command line to 'False'
[0.354s] Level 5:colcon.colcon_core.verb:set package 'astro' build argument 'cmake_clean_cache' from command line to 'False'
[0.354s] Level 5:colcon.colcon_core.verb:set package 'astro' build argument 'cmake_clean_first' from command line to 'False'
[0.354s] Level 5:colcon.colcon_core.verb:set package 'astro' build argument 'cmake_force_configure' from command line to 'False'
[0.354s] Level 5:colcon.colcon_core.verb:set package 'astro' build argument 'ament_cmake_args' from command line to 'None'
[0.354s] Level 5:colcon.colcon_core.verb:set package 'astro' build argument 'catkin_cmake_args' from command line to 'None'
[0.354s] Level 5:colcon.colcon_core.verb:set package 'astro' build argument 'catkin_skip_building_tests' from command line to 'False'
[0.354s] DEBUG:colcon.colcon_core.verb:Building package 'astro' with the following arguments: {'ament_cmake_args': None, 'build_base': '/home/tona/astro_ws_pas/build/astro', 'catkin_cmake_args': None, 'catkin_skip_building_tests': False, 'cmake_args': None, 'cmake_clean_cache': False, 'cmake_clean_first': False, 'cmake_force_configure': False, 'cmake_target': None, 'cmake_target_skip_unavailable': False, 'install_base': '/home/tona/astro_ws_pas/install/astro', 'merge_install': False, 'path': '/home/tona/astro_ws_pas/src/ASTRO/astro', 'symlink_install': False, 'test_result_base': None}
[0.354s] Level 5:colcon.colcon_core.verb:set package 'astro_navigation' build argument 'cmake_args' from command line to 'None'
[0.354s] Level 5:colcon.colcon_core.verb:set package 'astro_navigation' build argument 'cmake_target' from command line to 'None'
[0.354s] Level 5:colcon.colcon_core.verb:set package 'astro_navigation' build argument 'cmake_target_skip_unavailable' from command line to 'False'
[0.354s] Level 5:colcon.colcon_core.verb:set package 'astro_navigation' build argument 'cmake_clean_cache' from command line to 'False'
[0.354s] Level 5:colcon.colcon_core.verb:set package 'astro_navigation' build argument 'cmake_clean_first' from command line to 'False'
[0.354s] Level 5:colcon.colcon_core.verb:set package 'astro_navigation' build argument 'cmake_force_configure' from command line to 'False'
[0.354s] Level 5:colcon.colcon_core.verb:set package 'astro_navigation' build argument 'ament_cmake_args' from command line to 'None'
[0.354s] Level 5:colcon.colcon_core.verb:set package 'astro_navigation' build argument 'catkin_cmake_args' from command line to 'None'
[0.354s] Level 5:colcon.colcon_core.verb:set package 'astro_navigation' build argument 'catkin_skip_building_tests' from command line to 'False'
[0.354s] DEBUG:colcon.colcon_core.verb:Building package 'astro_navigation' with the following arguments: {'ament_cmake_args': None, 'build_base': '/home/tona/astro_ws_pas/build/astro_navigation', 'catkin_cmake_args': None, 'catkin_skip_building_tests': False, 'cmake_args': None, 'cmake_clean_cache': False, 'cmake_clean_first': False, 'cmake_force_configure': False, 'cmake_target': None, 'cmake_target_skip_unavailable': False, 'install_base': '/home/tona/astro_ws_pas/install/astro_navigation', 'merge_install': False, 'path': '/home/tona/astro_ws_pas/src/ASTRO/astro_navigation', 'symlink_install': False, 'test_result_base': None}
[0.355s] Level 5:colcon.colcon_core.verb:set package 'astro_serial_cpp' build argument 'cmake_args' from command line to 'None'
[0.355s] Level 5:colcon.colcon_core.verb:set package 'astro_serial_cpp' build argument 'cmake_target' from command line to 'None'
[0.355s] Level 5:colcon.colcon_core.verb:set package 'astro_serial_cpp' build argument 'cmake_target_skip_unavailable' from command line to 'False'
[0.355s] Level 5:colcon.colcon_core.verb:set package 'astro_serial_cpp' build argument 'cmake_clean_cache' from command line to 'False'
[0.355s] Level 5:colcon.colcon_core.verb:set package 'astro_serial_cpp' build argument 'cmake_clean_first' from command line to 'False'
[0.355s] Level 5:colcon.colcon_core.verb:set package 'astro_serial_cpp' build argument 'cmake_force_configure' from command line to 'False'
[0.355s] Level 5:colcon.colcon_core.verb:set package 'astro_serial_cpp' build argument 'ament_cmake_args' from command line to 'None'
[0.355s] Level 5:colcon.colcon_core.verb:set package 'astro_serial_cpp' build argument 'catkin_cmake_args' from command line to 'None'
[0.355s] Level 5:colcon.colcon_core.verb:set package 'astro_serial_cpp' build argument 'catkin_skip_building_tests' from command line to 'False'
[0.355s] DEBUG:colcon.colcon_core.verb:Building package 'astro_serial_cpp' with the following arguments: {'ament_cmake_args': None, 'build_base': '/home/tona/astro_ws_pas/build/astro_serial_cpp', 'catkin_cmake_args': None, 'catkin_skip_building_tests': False, 'cmake_args': None, 'cmake_clean_cache': False, 'cmake_clean_first': False, 'cmake_force_configure': False, 'cmake_target': None, 'cmake_target_skip_unavailable': False, 'install_base': '/home/tona/astro_ws_pas/install/astro_serial_cpp', 'merge_install': False, 'path': '/home/tona/astro_ws_pas/src/ASTRO/astro_serial_cpp', 'symlink_install': False, 'test_result_base': None}
[0.355s] Level 5:colcon.colcon_core.verb:set package 'astro_slam' build argument 'cmake_args' from command line to 'None'
[0.355s] Level 5:colcon.colcon_core.verb:set package 'astro_slam' build argument 'cmake_target' from command line to 'None'
[0.355s] Level 5:colcon.colcon_core.verb:set package 'astro_slam' build argument 'cmake_target_skip_unavailable' from command line to 'False'
[0.355s] Level 5:colcon.colcon_core.verb:set package 'astro_slam' build argument 'cmake_clean_cache' from command line to 'False'
[0.355s] Level 5:colcon.colcon_core.verb:set package 'astro_slam' build argument 'cmake_clean_first' from command line to 'False'
[0.355s] Level 5:colcon.colcon_core.verb:set package 'astro_slam' build argument 'cmake_force_configure' from command line to 'False'
[0.355s] Level 5:colcon.colcon_core.verb:set package 'astro_slam' build argument 'ament_cmake_args' from command line to 'None'
[0.355s] Level 5:colcon.colcon_core.verb:set package 'astro_slam' build argument 'catkin_cmake_args' from command line to 'None'
[0.355s] Level 5:colcon.colcon_core.verb:set package 'astro_slam' build argument 'catkin_skip_building_tests' from command line to 'False'
[0.355s] DEBUG:colcon.colcon_core.verb:Building package 'astro_slam' with the following arguments: {'ament_cmake_args': None, 'build_base': '/home/tona/astro_ws_pas/build/astro_slam', 'catkin_cmake_args': None, 'catkin_skip_building_tests': False, 'cmake_args': None, 'cmake_clean_cache': False, 'cmake_clean_first': False, 'cmake_force_configure': False, 'cmake_target': None, 'cmake_target_skip_unavailable': False, 'install_base': '/home/tona/astro_ws_pas/install/astro_slam', 'merge_install': False, 'path': '/home/tona/astro_ws_pas/src/ASTRO/astro_slam', 'symlink_install': False, 'test_result_base': None}
[0.355s] INFO:colcon.colcon_core.executor:Executing jobs using 'parallel' executor
[0.356s] DEBUG:colcon.colcon_parallel_executor.executor.parallel:run_until_complete
[0.356s] INFO:colcon.colcon_ros.task.ament_cmake.build:Building ROS package in '/home/tona/astro_ws_pas/src/ASTRO/astro' with build type 'ament_cmake'
[0.356s] INFO:colcon.colcon_cmake.task.cmake.build:Building CMake package in '/home/tona/astro_ws_pas/src/ASTRO/astro'
[0.357s] INFO:colcon.colcon_core.plugin_system:Skipping extension 'colcon_core.shell.bat': Not used on non-Windows systems
[0.357s] INFO:colcon.colcon_core.shell:Skip shell extension 'powershell' for command environment: Not usable outside of PowerShell
[0.357s] DEBUG:colcon.colcon_core.shell:Skip shell extension 'dsv' for command environment
[0.360s] INFO:colcon.colcon_ros.task.ament_cmake.build:Building ROS package in '/home/tona/astro_ws_pas/src/ASTRO/astro_navigation' with build type 'ament_cmake'
[0.360s] INFO:colcon.colcon_cmake.task.cmake.build:Building CMake package in '/home/tona/astro_ws_pas/src/ASTRO/astro_navigation'
[0.360s] INFO:colcon.colcon_core.shell:Skip shell extension 'powershell' for command environment: Not usable outside of PowerShell
[0.360s] DEBUG:colcon.colcon_core.shell:Skip shell extension 'dsv' for command environment
[0.362s] INFO:colcon.colcon_ros.task.ament_cmake.build:Building ROS package in '/home/tona/astro_ws_pas/src/ASTRO/astro_serial_cpp' with build type 'ament_cmake'
[0.362s] INFO:colcon.colcon_cmake.task.cmake.build:Building CMake package in '/home/tona/astro_ws_pas/src/ASTRO/astro_serial_cpp'
[0.365s] INFO:colcon.colcon_core.shell:Skip shell extension 'powershell' for command environment: Not usable outside of PowerShell
[0.365s] DEBUG:colcon.colcon_core.shell:Skip shell extension 'dsv' for command environment
[0.370s] INFO:colcon.colcon_ros.task.ament_python.build:Building ROS package in '/home/tona/astro_ws_pas/src/ASTRO/astro_slam' with build type 'ament_python'
[0.370s] Level 1:colcon.colcon_core.shell:create_environment_hook('astro_slam', 'ament_prefix_path')
[0.370s] INFO:colcon.colcon_core.shell:Creating environment hook '/home/tona/astro_ws_pas/install/astro_slam/share/astro_slam/hook/ament_prefix_path.ps1'
[0.371s] INFO:colcon.colcon_core.shell:Creating environment descriptor '/home/tona/astro_ws_pas/install/astro_slam/share/astro_slam/hook/ament_prefix_path.dsv'
[0.371s] INFO:colcon.colcon_core.shell:Creating environment hook '/home/tona/astro_ws_pas/install/astro_slam/share/astro_slam/hook/ament_prefix_path.sh'
[0.371s] INFO:colcon.colcon_core.shell:Skip shell extension 'powershell' for command environment: Not usable outside of PowerShell
[0.371s] DEBUG:colcon.colcon_core.shell:Skip shell extension 'dsv' for command environment
[0.381s] DEBUG:colcon.colcon_core.event_handler.log_command:Invoking command in '/home/tona/astro_ws_pas/build/astro': CMAKE_PREFIX_PATH=${CMAKE_PREFIX_PATH}:/home/tona/astro_ws_pas/install/astro_slam:/opt/ros/humble /usr/bin/cmake --build /home/tona/astro_ws_pas/build/astro -- -j24 -l24
[0.384s] DEBUG:colcon.colcon_core.event_handler.log_command:Invoking command in '/home/tona/astro_ws_pas/build/astro_navigation': CMAKE_PREFIX_PATH=${CMAKE_PREFIX_PATH}:/home/tona/astro_ws_pas/install/astro_slam:/opt/ros/humble /usr/bin/cmake --build /home/tona/astro_ws_pas/build/astro_navigation -- -j24 -l24
[0.385s] DEBUG:colcon.colcon_core.event_handler.log_command:Invoking command in '/home/tona/astro_ws_pas/build/astro_serial_cpp': CMAKE_PREFIX_PATH=${CMAKE_PREFIX_PATH}:/home/tona/astro_ws_pas/install/astro_slam:/opt/ros/humble /usr/bin/cmake --build /home/tona/astro_ws_pas/build/astro_serial_cpp -- -j24 -l24
[0.617s] INFO:colcon.colcon_core.task.python.build:Building Python package in '/home/tona/astro_ws_pas/src/ASTRO/astro_slam'
[0.618s] INFO:colcon.colcon_core.shell:Skip shell extension 'powershell' for command environment: Not usable outside of PowerShell
[0.618s] DEBUG:colcon.colcon_core.shell:Skip shell extension 'dsv' for command environment
[0.627s] DEBUG:colcon.colcon_core.event_handler.log_command:Invoked command in '/home/tona/astro_ws_pas/build/astro' returned '0': CMAKE_PREFIX_PATH=${CMAKE_PREFIX_PATH}:/home/tona/astro_ws_pas/install/astro_slam:/opt/ros/humble /usr/bin/cmake --build /home/tona/astro_ws_pas/build/astro -- -j24 -l24
[0.641s] DEBUG:colcon.colcon_core.event_handler.log_command:Invoking command in '/home/tona/astro_ws_pas/build/astro': CMAKE_PREFIX_PATH=${CMAKE_PREFIX_PATH}:/home/tona/astro_ws_pas/install/astro_slam:/opt/ros/humble /usr/bin/cmake --install /home/tona/astro_ws_pas/build/astro
[0.643s] DEBUG:colcon.colcon_core.event_handler.log_command:Invoked command in '/home/tona/astro_ws_pas/build/astro_serial_cpp' returned '0': CMAKE_PREFIX_PATH=${CMAKE_PREFIX_PATH}:/home/tona/astro_ws_pas/install/astro_slam:/opt/ros/humble /usr/bin/cmake --build /home/tona/astro_ws_pas/build/astro_serial_cpp -- -j24 -l24
[0.643s] DEBUG:colcon.colcon_core.event_handler.log_command:Invoking command in '/home/tona/astro_ws_pas/build/astro_serial_cpp': CMAKE_PREFIX_PATH=${CMAKE_PREFIX_PATH}:/home/tona/astro_ws_pas/install/astro_slam:/opt/ros/humble /usr/bin/cmake --install /home/tona/astro_ws_pas/build/astro_serial_cpp
[0.645s] DEBUG:colcon.colcon_core.event_handler.log_command:Invoked command in '/home/tona/astro_ws_pas/build/astro_navigation' returned '0': CMAKE_PREFIX_PATH=${CMAKE_PREFIX_PATH}:/home/tona/astro_ws_pas/install/astro_slam:/opt/ros/humble /usr/bin/cmake --build /home/tona/astro_ws_pas/build/astro_navigation -- -j24 -l24
[0.652s] DEBUG:colcon.colcon_core.event_handler.log_command:Invoking command in '/home/tona/astro_ws_pas/build/astro_navigation': CMAKE_PREFIX_PATH=${CMAKE_PREFIX_PATH}:/home/tona/astro_ws_pas/install/astro_slam:/opt/ros/humble /usr/bin/cmake --install /home/tona/astro_ws_pas/build/astro_navigation
[0.671s] Level 1:colcon.colcon_core.environment:create_environment_scripts_only(astro_serial_cpp)
[0.672s] DEBUG:colcon.colcon_core.event_handler.log_command:Invoked command in '/home/tona/astro_ws_pas/build/astro_serial_cpp' returned '0': CMAKE_PREFIX_PATH=${CMAKE_PREFIX_PATH}:/home/tona/astro_ws_pas/install/astro_slam:/opt/ros/humble /usr/bin/cmake --install /home/tona/astro_ws_pas/build/astro_serial_cpp
[0.674s] Level 1:colcon.colcon_core.environment:checking '/home/tona/astro_ws_pas/install/astro_serial_cpp' for CMake module files
[0.674s] Level 1:colcon.colcon_core.environment:checking '/home/tona/astro_ws_pas/install/astro_serial_cpp' for CMake config files
[0.675s] Level 1:colcon.colcon_core.shell:create_environment_hook('astro_serial_cpp', 'cmake_prefix_path')
[0.675s] INFO:colcon.colcon_core.shell:Creating environment hook '/home/tona/astro_ws_pas/install/astro_serial_cpp/share/astro_serial_cpp/hook/cmake_prefix_path.ps1'
[0.675s] INFO:colcon.colcon_core.shell:Creating environment descriptor '/home/tona/astro_ws_pas/install/astro_serial_cpp/share/astro_serial_cpp/hook/cmake_prefix_path.dsv'
[0.675s] INFO:colcon.colcon_core.shell:Creating environment hook '/home/tona/astro_ws_pas/install/astro_serial_cpp/share/astro_serial_cpp/hook/cmake_prefix_path.sh'
[0.680s] Level 1:colcon.colcon_core.environment:checking '/home/tona/astro_ws_pas/install/astro_serial_cpp/lib'
[0.680s] Level 1:colcon.colcon_core.environment:checking '/home/tona/astro_ws_pas/install/astro_serial_cpp/bin'
[0.680s] Level 1:colcon.colcon_core.environment:checking '/home/tona/astro_ws_pas/install/astro_serial_cpp/lib/pkgconfig/astro_serial_cpp.pc'
[0.681s] Level 1:colcon.colcon_core.environment:checking '/home/tona/astro_ws_pas/install/astro_serial_cpp/lib/python3.10/site-packages'
[0.681s] Level 1:colcon.colcon_core.environment:checking '/home/tona/astro_ws_pas/install/astro_serial_cpp/bin'
[0.681s] INFO:colcon.colcon_core.shell:Creating package script '/home/tona/astro_ws_pas/install/astro_serial_cpp/share/astro_serial_cpp/package.ps1'
[0.682s] INFO:colcon.colcon_core.shell:Creating package descriptor '/home/tona/astro_ws_pas/install/astro_serial_cpp/share/astro_serial_cpp/package.dsv'
[0.683s] INFO:colcon.colcon_core.shell:Creating package script '/home/tona/astro_ws_pas/install/astro_serial_cpp/share/astro_serial_cpp/package.sh'
[0.683s] INFO:colcon.colcon_core.shell:Creating package script '/home/tona/astro_ws_pas/install/astro_serial_cpp/share/astro_serial_cpp/package.bash'
[0.684s] INFO:colcon.colcon_core.shell:Creating package script '/home/tona/astro_ws_pas/install/astro_serial_cpp/share/astro_serial_cpp/package.zsh'
[0.684s] Level 1:colcon.colcon_core.environment:create_file_with_runtime_dependencies(/home/tona/astro_ws_pas/install/astro_serial_cpp/share/colcon-core/packages/astro_serial_cpp)
[0.684s] Level 1:colcon.colcon_core.environment:create_environment_scripts_only(astro_serial_cpp)
[0.685s] Level 1:colcon.colcon_core.environment:checking '/home/tona/astro_ws_pas/install/astro_serial_cpp' for CMake module files
[0.685s] Level 1:colcon.colcon_core.environment:checking '/home/tona/astro_ws_pas/install/astro_serial_cpp' for CMake config files
[0.685s] Level 1:colcon.colcon_core.shell:create_environment_hook('astro_serial_cpp', 'cmake_prefix_path')
[0.685s] INFO:colcon.colcon_core.shell:Creating environment hook '/home/tona/astro_ws_pas/install/astro_serial_cpp/share/astro_serial_cpp/hook/cmake_prefix_path.ps1'
[0.685s] INFO:colcon.colcon_core.shell:Creating environment descriptor '/home/tona/astro_ws_pas/install/astro_serial_cpp/share/astro_serial_cpp/hook/cmake_prefix_path.dsv'
[0.686s] INFO:colcon.colcon_core.shell:Creating environment hook '/home/tona/astro_ws_pas/install/astro_serial_cpp/share/astro_serial_cpp/hook/cmake_prefix_path.sh'
[0.686s] Level 1:colcon.colcon_core.environment:checking '/home/tona/astro_ws_pas/install/astro_serial_cpp/lib'
[0.686s] Level 1:colcon.colcon_core.environment:checking '/home/tona/astro_ws_pas/install/astro_serial_cpp/bin'
[0.686s] Level 1:colcon.colcon_core.environment:checking '/home/tona/astro_ws_pas/install/astro_serial_cpp/lib/pkgconfig/astro_serial_cpp.pc'
[0.686s] Level 1:colcon.colcon_core.environment:checking '/home/tona/astro_ws_pas/install/astro_serial_cpp/lib/python3.10/site-packages'
[0.686s] Level 1:colcon.colcon_core.environment:checking '/home/tona/astro_ws_pas/install/astro_serial_cpp/bin'
[0.686s] INFO:colcon.colcon_core.shell:Creating package script '/home/tona/astro_ws_pas/install/astro_serial_cpp/share/astro_serial_cpp/package.ps1'
[0.687s] INFO:colcon.colcon_core.shell:Creating package descriptor '/home/tona/astro_ws_pas/install/astro_serial_cpp/share/astro_serial_cpp/package.dsv'
[0.687s] INFO:colcon.colcon_core.shell:Creating package script '/home/tona/astro_ws_pas/install/astro_serial_cpp/share/astro_serial_cpp/package.sh'
[0.687s] INFO:colcon.colcon_core.shell:Creating package script '/home/tona/astro_ws_pas/install/astro_serial_cpp/share/astro_serial_cpp/package.bash'
[0.687s] INFO:colcon.colcon_core.shell:Creating package script '/home/tona/astro_ws_pas/install/astro_serial_cpp/share/astro_serial_cpp/package.zsh'
[0.688s] Level 1:colcon.colcon_core.environment:create_file_with_runtime_dependencies(/home/tona/astro_ws_pas/install/astro_serial_cpp/share/colcon-core/packages/astro_serial_cpp)
[0.688s] Level 1:colcon.colcon_core.environment:create_environment_scripts_only(astro)
[0.688s] Level 1:colcon.colcon_core.environment:checking '/home/tona/astro_ws_pas/install/astro' for CMake module files
[0.693s] DEBUG:colcon.colcon_core.event_handler.log_command:Invoked command in '/home/tona/astro_ws_pas/build/astro' returned '0': CMAKE_PREFIX_PATH=${CMAKE_PREFIX_PATH}:/home/tona/astro_ws_pas/install/astro_slam:/opt/ros/humble /usr/bin/cmake --install /home/tona/astro_ws_pas/build/astro
[0.693s] Level 1:colcon.colcon_core.environment:checking '/home/tona/astro_ws_pas/install/astro' for CMake config files
[0.694s] Level 1:colcon.colcon_core.shell:create_environment_hook('astro', 'cmake_prefix_path')
[0.694s] INFO:colcon.colcon_core.shell:Creating environment hook '/home/tona/astro_ws_pas/install/astro/share/astro/hook/cmake_prefix_path.ps1'
[0.695s] INFO:colcon.colcon_core.shell:Creating environment descriptor '/home/tona/astro_ws_pas/install/astro/share/astro/hook/cmake_prefix_path.dsv'
[0.695s] INFO:colcon.colcon_core.shell:Creating environment hook '/home/tona/astro_ws_pas/install/astro/share/astro/hook/cmake_prefix_path.sh'
[0.695s] Level 1:colcon.colcon_core.environment:checking '/home/tona/astro_ws_pas/install/astro/lib'
[0.695s] Level 1:colcon.colcon_core.environment:checking '/home/tona/astro_ws_pas/install/astro/bin'
[0.695s] Level 1:colcon.colcon_core.environment:checking '/home/tona/astro_ws_pas/install/astro/lib/pkgconfig/astro.pc'
[0.696s] Level 1:colcon.colcon_core.environment:checking '/home/tona/astro_ws_pas/install/astro/lib/python3.10/site-packages'
[0.696s] Level 1:colcon.colcon_core.environment:checking '/home/tona/astro_ws_pas/install/astro/bin'
[0.696s] INFO:colcon.colcon_core.shell:Creating package script '/home/tona/astro_ws_pas/install/astro/share/astro/package.ps1'
[0.696s] INFO:colcon.colcon_core.shell:Creating package descriptor '/home/tona/astro_ws_pas/install/astro/share/astro/package.dsv'
[0.697s] INFO:colcon.colcon_core.shell:Creating package script '/home/tona/astro_ws_pas/install/astro/share/astro/package.sh'
[0.697s] INFO:colcon.colcon_core.shell:Creating package script '/home/tona/astro_ws_pas/install/astro/share/astro/package.bash'
[0.697s] INFO:colcon.colcon_core.shell:Creating package script '/home/tona/astro_ws_pas/install/astro/share/astro/package.zsh'
[0.697s] Level 1:colcon.colcon_core.environment:create_file_with_runtime_dependencies(/home/tona/astro_ws_pas/install/astro/share/colcon-core/packages/astro)
[0.698s] Level 1:colcon.colcon_core.environment:create_environment_scripts_only(astro)
[0.698s] Level 1:colcon.colcon_core.environment:checking '/home/tona/astro_ws_pas/install/astro' for CMake module files
[0.698s] Level 1:colcon.colcon_core.environment:checking '/home/tona/astro_ws_pas/install/astro' for CMake config files
[0.698s] Level 1:colcon.colcon_core.shell:create_environment_hook('astro', 'cmake_prefix_path')
[0.699s] INFO:colcon.colcon_core.shell:Creating environment hook '/home/tona/astro_ws_pas/install/astro/share/astro/hook/cmake_prefix_path.ps1'
[0.699s] INFO:colcon.colcon_core.shell:Creating environment descriptor '/home/tona/astro_ws_pas/install/astro/share/astro/hook/cmake_prefix_path.dsv'
[0.699s] INFO:colcon.colcon_core.shell:Creating environment hook '/home/tona/astro_ws_pas/install/astro/share/astro/hook/cmake_prefix_path.sh'
[0.699s] Level 1:colcon.colcon_core.environment:checking '/home/tona/astro_ws_pas/install/astro/lib'
[0.699s] Level 1:colcon.colcon_core.environment:checking '/home/tona/astro_ws_pas/install/astro/bin'
[0.699s] Level 1:colcon.colcon_core.environment:checking '/home/tona/astro_ws_pas/install/astro/lib/pkgconfig/astro.pc'
[0.699s] Level 1:colcon.colcon_core.environment:checking '/home/tona/astro_ws_pas/install/astro/lib/python3.10/site-packages'
[0.700s] Level 1:colcon.colcon_core.environment:checking '/home/tona/astro_ws_pas/install/astro/bin'
[0.700s] INFO:colcon.colcon_core.shell:Creating package script '/home/tona/astro_ws_pas/install/astro/share/astro/package.ps1'
[0.700s] INFO:colcon.colcon_core.shell:Creating package descriptor '/home/tona/astro_ws_pas/install/astro/share/astro/package.dsv'
[0.700s] INFO:colcon.colcon_core.shell:Creating package script '/home/tona/astro_ws_pas/install/astro/share/astro/package.sh'
[0.701s] INFO:colcon.colcon_core.shell:Creating package script '/home/tona/astro_ws_pas/install/astro/share/astro/package.bash'
[0.701s] INFO:colcon.colcon_core.shell:Creating package script '/home/tona/astro_ws_pas/install/astro/share/astro/package.zsh'
[0.701s] Level 1:colcon.colcon_core.environment:create_file_with_runtime_dependencies(/home/tona/astro_ws_pas/install/astro/share/colcon-core/packages/astro)
[0.701s] Level 1:colcon.colcon_core.environment:create_environment_scripts_only(astro_navigation)
[0.701s] Level 1:colcon.colcon_core.environment:checking '/home/tona/astro_ws_pas/install/astro_navigation' for CMake module files
[0.702s] Level 1:colcon.colcon_core.environment:checking '/home/tona/astro_ws_pas/install/astro_navigation' for CMake config files
[0.702s] DEBUG:colcon.colcon_core.event_handler.log_command:Invoked command in '/home/tona/astro_ws_pas/build/astro_navigation' returned '0': CMAKE_PREFIX_PATH=${CMAKE_PREFIX_PATH}:/home/tona/astro_ws_pas/install/astro_slam:/opt/ros/humble /usr/bin/cmake --install /home/tona/astro_ws_pas/build/astro_navigation
[0.702s] Level 1:colcon.colcon_core.shell:create_environment_hook('astro_navigation', 'cmake_prefix_path')
[0.703s] INFO:colcon.colcon_core.shell:Creating environment hook '/home/tona/astro_ws_pas/install/astro_navigation/share/astro_navigation/hook/cmake_prefix_path.ps1'
[0.703s] INFO:colcon.colcon_core.shell:Creating environment descriptor '/home/tona/astro_ws_pas/install/astro_navigation/share/astro_navigation/hook/cmake_prefix_path.dsv'
[0.703s] INFO:colcon.colcon_core.shell:Creating environment hook '/home/tona/astro_ws_pas/install/astro_navigation/share/astro_navigation/hook/cmake_prefix_path.sh'
[0.703s] Level 1:colcon.colcon_core.environment:checking '/home/tona/astro_ws_pas/install/astro_navigation/bin'
[0.703s] Level 1:colcon.colcon_core.environment:checking '/home/tona/astro_ws_pas/install/astro_navigation/lib/pkgconfig/astro_navigation.pc'
[0.703s] Level 1:colcon.colcon_core.environment:checking '/home/tona/astro_ws_pas/install/astro_navigation/lib/python3.10/site-packages'
[0.704s] Level 1:colcon.colcon_core.environment:checking '/home/tona/astro_ws_pas/install/astro_navigation/bin'
[0.704s] INFO:colcon.colcon_core.shell:Creating package script '/home/tona/astro_ws_pas/install/astro_navigation/share/astro_navigation/package.ps1'
[0.704s] INFO:colcon.colcon_core.shell:Creating package descriptor '/home/tona/astro_ws_pas/install/astro_navigation/share/astro_navigation/package.dsv'
[0.704s] INFO:colcon.colcon_core.shell:Creating package script '/home/tona/astro_ws_pas/install/astro_navigation/share/astro_navigation/package.sh'
[0.704s] INFO:colcon.colcon_core.shell:Creating package script '/home/tona/astro_ws_pas/install/astro_navigation/share/astro_navigation/package.bash'
[0.705s] INFO:colcon.colcon_core.shell:Creating package script '/home/tona/astro_ws_pas/install/astro_navigation/share/astro_navigation/package.zsh'
[0.705s] Level 1:colcon.colcon_core.environment:create_file_with_runtime_dependencies(/home/tona/astro_ws_pas/install/astro_navigation/share/colcon-core/packages/astro_navigation)
[0.705s] Level 1:colcon.colcon_core.environment:create_environment_scripts_only(astro_navigation)
[0.705s] Level 1:colcon.colcon_core.environment:checking '/home/tona/astro_ws_pas/install/astro_navigation' for CMake module files
[0.705s] Level 1:colcon.colcon_core.environment:checking '/home/tona/astro_ws_pas/install/astro_navigation' for CMake config files
[0.705s] Level 1:colcon.colcon_core.shell:create_environment_hook('astro_navigation', 'cmake_prefix_path')
[0.706s] INFO:colcon.colcon_core.shell:Creating environment hook '/home/tona/astro_ws_pas/install/astro_navigation/share/astro_navigation/hook/cmake_prefix_path.ps1'
[0.710s] INFO:colcon.colcon_core.shell:Creating environment descriptor '/home/tona/astro_ws_pas/install/astro_navigation/share/astro_navigation/hook/cmake_prefix_path.dsv'
[0.710s] INFO:colcon.colcon_core.shell:Creating environment hook '/home/tona/astro_ws_pas/install/astro_navigation/share/astro_navigation/hook/cmake_prefix_path.sh'
[0.711s] Level 1:colcon.colcon_core.environment:checking '/home/tona/astro_ws_pas/install/astro_navigation/bin'
[0.711s] Level 1:colcon.colcon_core.environment:checking '/home/tona/astro_ws_pas/install/astro_navigation/lib/pkgconfig/astro_navigation.pc'
[0.711s] Level 1:colcon.colcon_core.environment:checking '/home/tona/astro_ws_pas/install/astro_navigation/lib/python3.10/site-packages'
[0.712s] Level 1:colcon.colcon_core.environment:checking '/home/tona/astro_ws_pas/install/astro_navigation/bin'
[0.712s] INFO:colcon.colcon_core.shell:Creating package script '/home/tona/astro_ws_pas/install/astro_navigation/share/astro_navigation/package.ps1'
[0.712s] INFO:colcon.colcon_core.shell:Creating package descriptor '/home/tona/astro_ws_pas/install/astro_navigation/share/astro_navigation/package.dsv'
[0.713s] INFO:colcon.colcon_core.shell:Creating package script '/home/tona/astro_ws_pas/install/astro_navigation/share/astro_navigation/package.sh'
[0.713s] INFO:colcon.colcon_core.shell:Creating package script '/home/tona/astro_ws_pas/install/astro_navigation/share/astro_navigation/package.bash'
[0.713s] INFO:colcon.colcon_core.shell:Creating package script '/home/tona/astro_ws_pas/install/astro_navigation/share/astro_navigation/package.zsh'
[0.713s] Level 1:colcon.colcon_core.environment:create_file_with_runtime_dependencies(/home/tona/astro_ws_pas/install/astro_navigation/share/colcon-core/packages/astro_navigation)
[0.878s] DEBUG:colcon.colcon_core.task.python.build:Available setuptools commands: compile_catalog, install_data, egg_info, install_lib, update_catalog, bdist_rpm, easy_install, bdist_wheel, install, install_headers, build_clib, install_egg_info, sdist, develop, symlink_data, upload, build, build_ext, install_scripts, register, build_py, bdist_egg, build_scripts, init_catalog, setopt, clean, alias, check, bdist, dist_info, test, upload_docs, bdist_dumb, extract_messages, saveopts, rotate
[0.879s] DEBUG:colcon.colcon_core.event_handler.log_command:Invoking command in '/home/tona/astro_ws_pas/src/ASTRO/astro_slam': PYTHONPATH=/home/tona/astro_ws_pas/build/astro_slam/prefix_override:/usr/lib/python3/dist-packages/colcon_core/task/python/colcon_distutils_commands:/home/tona/astro_ws_pas/install/astro_slam/lib/python3.10/site-packages:${PYTHONPATH} /usr/bin/python3 -W ignore:setup.py install is deprecated -W ignore:easy_install command is deprecated setup.py egg_info --egg-base ../../../build/astro_slam build --build-base /home/tona/astro_ws_pas/build/astro_slam/build install --record /home/tona/astro_ws_pas/build/astro_slam/install.log --install-scripts $base/lib/astro_slam --single-version-externally-managed install_data
[0.990s] Level 1:colcon.colcon_core.environment:checking '/home/tona/astro_ws_pas/install/astro_slam' for CMake module files
[0.990s] DEBUG:colcon.colcon_core.event_handler.log_command:Invoked command in '/home/tona/astro_ws_pas/src/ASTRO/astro_slam' returned '0': PYTHONPATH=/home/tona/astro_ws_pas/build/astro_slam/prefix_override:/usr/lib/python3/dist-packages/colcon_core/task/python/colcon_distutils_commands:/home/tona/astro_ws_pas/install/astro_slam/lib/python3.10/site-packages:${PYTHONPATH} /usr/bin/python3 -W ignore:setup.py install is deprecated -W ignore:easy_install command is deprecated setup.py egg_info --egg-base ../../../build/astro_slam build --build-base /home/tona/astro_ws_pas/build/astro_slam/build install --record /home/tona/astro_ws_pas/build/astro_slam/install.log --install-scripts $base/lib/astro_slam --single-version-externally-managed install_data
[0.990s] Level 1:colcon.colcon_core.environment:checking '/home/tona/astro_ws_pas/install/astro_slam' for CMake config files
[0.990s] Level 1:colcon.colcon_core.environment:checking '/home/tona/astro_ws_pas/install/astro_slam/lib'
[0.990s] Level 1:colcon.colcon_core.environment:checking '/home/tona/astro_ws_pas/install/astro_slam/bin'
[0.990s] Level 1:colcon.colcon_core.environment:checking '/home/tona/astro_ws_pas/install/astro_slam/lib/pkgconfig/astro_slam.pc'
[0.991s] Level 1:colcon.colcon_core.environment:checking '/home/tona/astro_ws_pas/install/astro_slam/lib/python3.10/site-packages'
[0.991s] Level 1:colcon.colcon_core.shell:create_environment_hook('astro_slam', 'pythonpath')
[0.991s] INFO:colcon.colcon_core.shell:Creating environment hook '/home/tona/astro_ws_pas/install/astro_slam/share/astro_slam/hook/pythonpath.ps1'
[0.991s] INFO:colcon.colcon_core.shell:Creating environment descriptor '/home/tona/astro_ws_pas/install/astro_slam/share/astro_slam/hook/pythonpath.dsv'
[0.991s] INFO:colcon.colcon_core.shell:Creating environment hook '/home/tona/astro_ws_pas/install/astro_slam/share/astro_slam/hook/pythonpath.sh'
[0.991s] Level 1:colcon.colcon_core.environment:checking '/home/tona/astro_ws_pas/install/astro_slam/bin'
[0.991s] Level 1:colcon.colcon_core.environment:create_environment_scripts_only(astro_slam)
[0.992s] INFO:colcon.colcon_core.shell:Creating package script '/home/tona/astro_ws_pas/install/astro_slam/share/astro_slam/package.ps1'
[0.992s] INFO:colcon.colcon_core.shell:Creating package descriptor '/home/tona/astro_ws_pas/install/astro_slam/share/astro_slam/package.dsv'
[0.992s] INFO:colcon.colcon_core.shell:Creating package script '/home/tona/astro_ws_pas/install/astro_slam/share/astro_slam/package.sh'
[0.992s] INFO:colcon.colcon_core.shell:Creating package script '/home/tona/astro_ws_pas/install/astro_slam/share/astro_slam/package.bash'
[0.992s] INFO:colcon.colcon_core.shell:Creating package script '/home/tona/astro_ws_pas/install/astro_slam/share/astro_slam/package.zsh'
[0.992s] Level 1:colcon.colcon_core.environment:create_file_with_runtime_dependencies(/home/tona/astro_ws_pas/install/astro_slam/share/colcon-core/packages/astro_slam)
[0.992s] DEBUG:colcon.colcon_parallel_executor.executor.parallel:closing loop
[0.993s] DEBUG:colcon.colcon_parallel_executor.executor.parallel:loop closed
[0.993s] DEBUG:colcon.colcon_parallel_executor.executor.parallel:run_until_complete finished with '0'
[0.993s] DEBUG:colcon.colcon_core.event_reactor:joining thread
[0.995s] INFO:colcon.colcon_core.plugin_system:Skipping extension 'colcon_notification.desktop_notification.terminal_notifier': Not used on non-Darwin systems
[0.995s] INFO:colcon.colcon_core.plugin_system:Skipping extension 'colcon_notification.desktop_notification.win32': Not used on non-Windows systems
[0.995s] INFO:colcon.colcon_notification.desktop_notification:Sending desktop notification using 'notify2'
[1.001s] DEBUG:colcon.colcon_core.event_reactor:joined thread
[1.001s] INFO:colcon.colcon_core.shell:Creating prefix script '/home/tona/astro_ws_pas/install/local_setup.ps1'
[1.002s] INFO:colcon.colcon_core.shell:Creating prefix util module '/home/tona/astro_ws_pas/install/_local_setup_util_ps1.py'
[1.002s] INFO:colcon.colcon_core.shell:Creating prefix chain script '/home/tona/astro_ws_pas/install/setup.ps1'
[1.003s] INFO:colcon.colcon_core.shell:Creating prefix script '/home/tona/astro_ws_pas/install/local_setup.sh'
[1.003s] INFO:colcon.colcon_core.shell:Creating prefix util module '/home/tona/astro_ws_pas/install/_local_setup_util_sh.py'
[1.003s] INFO:colcon.colcon_core.shell:Creating prefix chain script '/home/tona/astro_ws_pas/install/setup.sh'
[1.003s] INFO:colcon.colcon_core.shell:Creating prefix script '/home/tona/astro_ws_pas/install/local_setup.bash'
[1.004s] INFO:colcon.colcon_core.shell:Creating prefix chain script '/home/tona/astro_ws_pas/install/setup.bash'
[1.004s] INFO:colcon.colcon_core.shell:Creating prefix script '/home/tona/astro_ws_pas/install/local_setup.zsh'
[1.004s] INFO:colcon.colcon_core.shell:Creating prefix chain script '/home/tona/astro_ws_pas/install/setup.zsh'
