time_s,x_m,y_m,yaw_rad,target_x_m,target_y_m,target_error_m,linear_velocity_m_s,angular_velocity_rad_s
0.002175,-0.191820,-0.049102,0.135529,-0.039239,0.084878,0.203056,0.075000,1.000000
0.022305,-0.191820,-0.049102,0.135529,-0.039239,0.084878,0.203056,0.075000,1.000000
0.055455,-0.191769,-0.049095,0.136196,-0.039239,0.084878,0.203012,0.075000,1.000000
0.089035,-0.191225,-0.049020,0.141811,-0.039239,0.084878,0.202555,0.075000,1.000000
0.120643,-0.189681,-0.048793,0.161467,-0.039239,0.084878,0.201248,0.075000,1.000000
0.153855,-0.186553,-0.048260,0.195038,-0.033606,0.089762,0.206017,0.075000,1.000000
0.187012,-0.183032,-0.047530,0.234340,-0.033606,0.089762,0.202922,0.075000,1.000000
0.220624,-0.181409,-0.047142,0.254983,-0.033606,0.089762,0.201467,0.075000,1.000000
0.253708,-0.178284,-0.046298,0.297894,-0.027974,0.094638,0.206049,0.075000,1.000000
0.287519,-0.175372,-0.045372,0.339987,-0.027974,0.094638,0.203295,0.075000,1.000000
0.320396,-0.174002,-0.044887,0.360464,-0.027974,0.094638,0.201968,0.075000,0.968994
0.353624,-0.171206,-0.043807,0.400309,-0.022345,0.099505,0.206635,0.075000,0.866199
0.387058,-0.168430,-0.042597,0.441382,-0.022345,0.099505,0.203798,0.075000,0.795459
0.420672,-0.167013,-0.041927,0.460364,-0.022345,0.099505,0.202316,0.075000,0.762669
0.453637,-0.164222,-0.040516,0.496389,-0.016718,0.104362,0.206754,0.075000,0.668389
0.487040,-0.161529,-0.039030,0.528871,-0.016718,0.104362,0.203793,0.075000,0.610807
0.520518,-0.160222,-0.038266,0.544584,-0.016718,0.104362,0.202327,0.075000,0.582023
0.553614,-0.157615,-0.036672,0.572180,-0.011093,0.109210,0.206762,0.075000,0.506538
0.589964,-0.155116,-0.035037,0.598129,-0.011093,0.109210,0.203838,0.075000,0.458554
0.620339,-0.153824,-0.034157,0.610088,-0.011093,0.109210,0.202302,0.075000,0.436480
0.654832,-0.151447,-0.032479,0.632003,-0.005470,0.114049,0.206833,0.075000,0.373863
0.687300,-0.150124,-0.031511,0.644312,-0.005470,0.114049,0.205213,0.075000,0.350137
0.720448,-0.148325,-0.030147,0.660883,-0.005470,0.114049,0.202978,0.075000,0.317342
0.754625,-0.146245,-0.028517,0.678714,-0.005470,0.114049,0.200356,0.075000,0.281414
0.787330,-0.145022,-0.027532,0.689782,0.000151,0.118878,0.206182,0.075000,0.241751
0.820405,-0.143104,-0.025936,0.703806,0.000151,0.118878,0.203698,0.075000,0.213293
0.853926,-0.142015,-0.025012,0.711127,0.000151,0.118878,0.202276,0.075000,0.198271
0.887194,-0.140963,-0.024106,0.718177,0.000151,0.118878,0.200892,0.075000,0.183517
0.925109,-0.140963,-0.024106,0.718177,0.000151,0.118878,0.200892,0.075000,0.183517
0.980081,-0.140963,-0.024106,0.718177,0.000151,0.118878,0.200892,0.075000,0.183517
0.987906,-0.134688,-0.018458,0.749830,0.011385,0.128504,0.207207,0.075000,0.093125
1.020631,-0.132549,-0.016460,0.757796,0.011385,0.128504,0.204282,0.075000,0.076270
1.053689,-0.130497,-0.014511,0.765842,0.011385,0.128504,0.201454,0.075000,0.058397
1.088090,-0.129379,-0.013436,0.768064,0.016998,0.133301,0.207263,0.075000,0.044769
1.121612,-0.127005,-0.011138,0.771787,0.016998,0.133301,0.203959,0.075000,0.037073
1.154173,-0.125050,-0.009235,0.774017,0.016998,0.133301,0.201231,0.075000,0.032527
1.187375,-0.122863,-0.007095,0.775617,0.022609,0.138086,0.205522,0.075000,0.021361
1.220860,-0.121782,-0.006035,0.776691,0.022609,0.138086,0.204008,0.075000,0.019049
1.254393,-0.119761,-0.004047,0.778172,0.022609,0.138086,0.201174,0.075000,0.015895
1.287017,-0.117644,-0.001960,0.779105,0.028217,0.142861,0.205544,0.075000,0.006601
1.320636,-0.116573,-0.000902,0.779566,0.028217,0.142861,0.204038,0.075000,0.005570
1.353753,-0.114400,0.001245,0.779674,0.028217,0.142861,0.200984,0.075000,0.005471
1.390176,-0.112278,0.003344,0.779917,0.033822,0.147623,0.205332,0.075000,-0.001923
1.420770,-0.111155,0.004455,0.779648,0.033822,0.147623,0.203753,0.075000,-0.001292
1.454313,-0.110076,0.005522,0.779918,0.033822,0.147623,0.202236,0.075000,-0.001978
1.487435,-0.106937,0.008628,0.780322,0.039424,0.152374,0.205145,0.075000,-0.009603
1.520437,-0.105829,0.009725,0.780051,0.039424,0.152374,0.203585,0.075000,-0.009085
1.553811,-0.103702,0.011829,0.779972,0.039424,0.152374,0.200594,0.075000,-0.009162
1.587382,-0.102628,0.012892,0.779999,0.045024,0.157112,0.206399,0.075000,-0.015403
1.620378,-0.100515,0.014982,0.779523,0.045024,0.157112,0.203427,0.075000,-0.014689
1.653674,-0.098374,0.017098,0.778903,0.045024,0.157112,0.200417,0.075000,-0.013583
1.687365,-0.097267,0.018191,0.778492,0.050621,0.161837,0.206167,0.075000,-0.018529
1.725125,-0.096030,0.019411,0.778753,0.050621,0.161837,0.204430,0.075000,-0.019483
1.755224,-0.093017,0.022381,0.777402,0.050621,0.161837,0.200199,0.075000,-0.016917
1.787035,-0.090888,0.024476,0.776740,0.056214,0.166550,0.204510,0.075000,-0.021338
1.821623,-0.089829,0.025517,0.776337,0.056214,0.166550,0.203024,0.075000,-0.020659
1.853865,-0.087676,0.027630,0.775333,0.056214,0.166550,0.200009,0.075000,-0.018769
1.887008,-0.086660,0.028626,0.774902,0.061805,0.171250,0.205872,0.075000,-0.023236
1.921185,-0.085587,0.029677,0.774175,0.061805,0.171250,0.204370,0.075000,-0.021801
1.953975,-0.085587,0.029677,0.774175,0.061805,0.171250,0.204370,0.075000,-0.021801
1.987355,-0.085587,0.029677,0.774175,0.061805,0.171250,0.204370,0.075000,-0.021801
2.057877,-0.084273,0.030961,0.773621,0.061805,0.171250,0.202533,0.075000,-0.020830
2.087213,-0.075719,0.039287,0.768992,0.072977,0.180608,0.205140,0.075000,-0.021980
2.120775,-0.073890,0.041057,0.768571,0.072977,0.180608,0.202594,0.075000,-0.021494
2.153676,-0.071723,0.043151,0.767625,0.078558,0.185266,0.206836,0.075000,-0.024527
2.187245,-0.070439,0.044391,0.767791,0.078558,0.185266,0.205051,0.075000,-0.025361
2.220783,-0.068487,0.046275,0.767220,0.078558,0.185266,0.202338,0.075000,-0.024630
2.253630,-0.066288,0.048393,0.765890,0.084135,0.189910,0.206529,0.075000,-0.026609
2.287283,-0.065218,0.049422,0.765425,0.084135,0.189910,0.205045,0.075000,-0.025860
2.320355,-0.063057,0.051499,0.764474,0.084135,0.189910,0.202047,0.075000,-0.024279
2.353678,-0.060790,0.053670,0.762660,0.089710,0.194540,0.206141,0.075000,-0.024986
2.388823,-0.059693,0.054719,0.762226,0.089710,0.194540,0.204624,0.075000,-0.024298
2.420711,-0.057605,0.056712,0.761400,0.089710,0.194540,0.201738,0.075000,-0.022950
2.456984,-0.055527,0.058692,0.761725,0.095280,0.199154,0.206089,0.075000,-0.028706
2.490290,-0.054247,0.059914,0.761494,0.095280,0.199154,0.204319,0.075000,-0.028640
2.520588,-0.052246,0.061820,0.760291,0.095280,0.199154,0.201556,0.075000,-0.026437
2.554364,-0.049963,0.063988,0.758050,0.100848,0.203753,0.205616,0.075000,-0.025888
2.587317,-0.048634,0.065247,0.757326,0.100848,0.203753,0.203786,0.075000,-0.024581
2.623555,-0.046675,0.067098,0.756788,0.100848,0.203753,0.201090,0.075000,-0.023903
2.653764,-0.044590,0.069068,0.756424,0.106411,0.208337,0.205419,0.075000,-0.027794
2.687269,-0.043542,0.070056,0.756155,0.106411,0.208337,0.203979,0.075000,-0.027529
2.720578,-0.041101,0.072357,0.754267,0.106411,0.208337,0.200625,0.075000,-0.023738
2.754049,-0.039130,0.074209,0.753799,0.111971,0.212905,0.205106,0.075000,-0.027247
2.787394,-0.038011,0.075259,0.753140,0.111971,0.212905,0.203571,0.075000,-0.026042
2.820740,-0.035863,0.077273,0.752118,0.111971,0.212905,0.200627,0.075000,-0.024265
2.853675,-0.034745,0.078319,0.751225,0.117527,0.217457,0.206268,0.075000,-0.026335
2.887292,-0.034745,0.078319,0.751225,0.117527,0.217457,0.206268,0.075000,-0.026335
2.920715,-0.034745,0.078319,0.751225,0.117527,0.217457,0.206268,0.075000,-0.026335
2.978110,-0.034745,0.078319,0.751225,0.117527,0.217457,0.206268,0.075000,-0.026335
2.989691,-0.027085,0.085455,0.749030,0.123079,0.221993,0.202958,0.075000,-0.027399
3.023500,-0.024815,0.087564,0.747393,0.128628,0.226513,0.207006,0.075000,-0.027834
3.053658,-0.022541,0.089669,0.745211,0.128628,0.226513,0.203907,0.075000,-0.023320
3.087003,-0.020365,0.091677,0.744434,0.128628,0.226513,0.200947,0.075000,-0.022076
3.120599,-0.019201,0.092749,0.743671,0.134172,0.231015,0.206496,0.075000,-0.024276
3.153751,-0.017016,0.094759,0.743763,0.134172,0.231015,0.203528,0.075000,-0.025217
3.187072,-0.014847,0.096755,0.743575,0.134172,0.231015,0.200580,0.075000,-0.025495
3.220539,-0.013737,0.097776,0.742849,0.139712,0.235501,0.206191,0.075000,-0.027644
3.253793,-0.011491,0.099838,0.742362,0.139712,0.235501,0.203142,0.075000,-0.027278
3.287131,-0.009258,0.101886,0.741204,0.139712,0.235501,0.200112,0.075000,-0.025206
3.321221,-0.008076,0.102967,0.739999,0.145248,0.239969,0.205616,0.075000,-0.026172
3.353855,-0.005918,0.104937,0.739471,0.145248,0.239969,0.202694,0.075000,-0.025626
3.387075,-0.003749,0.106916,0.739123,0.150780,0.244419,0.206849,0.075000,-0.028905
3.420391,-0.002613,0.107951,0.738387,0.150780,0.244419,0.205312,0.075000,-0.027547
3.456292,-0.000388,0.109974,0.737056,0.150780,0.244419,0.202305,0.075000,-0.025071
3.490055,0.000972,0.111209,0.736662,0.150780,0.244419,0.200468,0.075000,-0.024550
3.520731,0.002921,0.112976,0.736059,0.156308,0.248852,0.204914,0.075000,-0.027144
3.554324,0.004447,0.114358,0.734957,0.156308,0.248852,0.202855,0.075000,-0.024983
3.587174,0.007241,0.116879,0.731920,0.161831,0.253266,0.206154,0.075000,-0.021830
3.620699,0.008344,0.117871,0.730494,0.161831,0.253266,0.204671,0.075000,-0.018664
3.653847,0.009930,0.119292,0.729805,0.161831,0.253266,0.202541,0.075000,-0.017359
3.687053,0.012823,0.121878,0.729521,0.167350,0.257662,0.205708,0.075000,-0.020895
3.720705,0.013989,0.122921,0.729059,0.167350,0.257662,0.204144,0.075000,-0.020087
3.753692,0.016304,0.124988,0.728955,0.167350,0.257662,0.201041,0.075000,-0.020450
3.791488,0.018616,0.127053,0.729260,0.172864,0.262039,0.204973,0.075000,-0.025280
3.820744,0.019739,0.128057,0.728988,0.172864,0.262039,0.203466,0.075000,-0.024987
3.853776,0.022065,0.130133,0.727188,0.172864,0.262039,0.200349,0.075000,-0.021260
3.890268,0.022065,0.130133,0.727188,0.172864,0.262039,0.200349,0.075000,-0.021260
3.920791,0.022065,0.130133,0.727188,0.172864,0.262039,0.200349,0.075000,-0.021260
4.014499,0.022065,0.130133,0.727188,0.172864,0.262039,0.200349,0.075000,-0.021260
4.022541,0.031048,0.138108,0.724100,0.183879,0.270736,0.202355,0.075000,-0.023122
4.056330,0.033277,0.140079,0.723567,0.189380,0.275056,0.206366,0.075000,-0.025725
4.087611,0.035504,0.142045,0.722941,0.189380,0.275056,0.203396,0.075000,-0.024938
4.120707,0.036686,0.143089,0.721781,0.189380,0.275056,0.201818,0.075000,-0.022456
4.153722,0.038975,0.145102,0.720803,0.194876,0.279356,0.205740,0.075000,-0.023987
4.187422,0.041273,0.147120,0.719826,0.194876,0.279356,0.202682,0.075000,-0.022302
4.220631,0.042362,0.148074,0.719638,0.194876,0.279356,0.201234,0.075000,-0.022157
4.255505,0.044570,0.150009,0.718418,0.200366,0.283635,0.205252,0.075000,-0.023072
4.286996,0.046846,0.151997,0.717460,0.200366,0.283635,0.202230,0.075000,-0.021387
4.320493,0.047958,0.152968,0.717406,0.200366,0.283635,0.200754,0.075000,-0.021567
4.353644,0.050268,0.154982,0.715840,0.205852,0.287895,0.204627,0.075000,-0.021659
4.387068,0.051425,0.155988,0.715128,0.205852,0.287895,0.203095,0.075000,-0.020233
4.420682,0.053629,0.157901,0.714724,0.205852,0.287895,0.200175,0.075000,-0.019814
4.453712,0.055864,0.159840,0.714477,0.211333,0.292134,0.204138,0.075000,-0.023132
4.487110,0.058079,0.161761,0.713718,0.211333,0.292134,0.201206,0.075000,-0.021917
4.522284,0.059211,0.162741,0.713553,0.216809,0.296352,0.206613,0.075000,-0.025025
4.553800,0.061430,0.164662,0.713149,0.216809,0.296352,0.203678,0.075000,-0.024757
4.586993,0.063729,0.166649,0.711934,0.216809,0.296352,0.200640,0.075000,-0.022477
4.620676,0.064851,0.167618,0.711020,0.222280,0.300549,0.206045,0.075000,-0.023764
4.653734,0.067104,0.169557,0.709709,0.222280,0.300549,0.203072,0.075000,-0.021226
4.686934,0.069369,0.171502,0.708981,0.222280,0.300549,0.200087,0.075000,-0.020040
4.720354,0.070482,0.172457,0.709008,0.227746,0.304725,0.205491,0.075000,-0.023670
4.753986,0.072708,0.174366,0.707919,0.227746,0.304725,0.202559,0.075000,-0.021665
4.789449,0.073812,0.175311,0.707454,0.227746,0.304725,0.201106,0.075000,-0.020823
4.820445,0.076074,0.177244,0.706884,0.233206,0.308879,0.204984,0.075000,-0.023306
4.857414,0.077216,0.178220,0.706111,0.233206,0.308879,0.203482,0.075000,-0.021752
4.892388,0.078401,0.179231,0.705461,0.233206,0.308879,0.201924,0.075000,-0.020481
4.921060,0.078401,0.179231,0.705461,0.233206,0.308879,0.201924,0.075000,-0.020481
4.968232,0.080029,0.180617,0.704504,0.238661,0.313012,0.206622,0.075000,-0.021819
4.987312,0.085205,0.185013,0.703498,0.244111,0.317122,0.206649,0.075000,-0.023998
5.024779,0.087420,0.186890,0.702502,0.244111,0.317122,0.203746,0.075000,-0.022230
5.054597,0.088513,0.187816,0.702069,0.244111,0.317122,0.202313,0.075000,-0.021477
5.087316,0.090963,0.189888,0.701994,0.249555,0.321210,0.205905,0.075000,-0.025201
5.120679,0.093084,0.191681,0.701138,0.249555,0.321210,0.203128,0.075000,-0.023791
5.153767,0.095395,0.193631,0.699594,0.249555,0.321210,0.200104,0.075000,-0.020643
5.186963,0.097594,0.195481,0.698378,0.254993,0.325276,0.204013,0.075000,-0.021570
5.220545,0.098738,0.196441,0.697623,0.254993,0.325276,0.202520,0.075000,-0.020026
5.253745,0.099880,0.197398,0.697028,0.254993,0.325276,0.201030,0.075000,-0.018845
5.287103,0.102120,0.199273,0.696330,0.260426,0.329319,0.204873,0.075000,-0.021050
5.320573,0.102120,0.199273,0.696330,0.260426,0.329319,0.204873,0.075000,-0.021050
5.353889,0.102120,0.199273,0.696330,0.260426,0.329319,0.204873,0.075000,-0.021050
5.389190,0.105533,0.202127,0.695808,0.260426,0.329319,0.200424,0.075000,-0.020695
5.420578,0.105533,0.202127,0.695808,0.260426,0.329319,0.200424,0.075000,-0.020695
5.453808,0.105533,0.202127,0.695808,0.260426,0.329319,0.200424,0.075000,-0.020695
5.489798,0.105533,0.202127,0.695808,0.260426,0.329319,0.200424,0.075000,-0.020695
5.520756,0.105533,0.202127,0.695808,0.260426,0.329319,0.200424,0.075000,-0.020695
5.553875,0.117145,0.211779,0.691470,0.276691,0.341309,0.205506,0.075000,-0.023204
5.586976,0.119453,0.213689,0.689947,0.276691,0.341309,0.202511,0.075000,-0.020122
5.620593,0.119453,0.213689,0.689947,0.276691,0.341309,0.202511,0.075000,-0.020122
5.653661,0.122950,0.216573,0.688936,0.282100,0.345258,0.204667,0.075000,-0.021947
5.687311,0.125304,0.218510,0.688045,0.282100,0.345258,0.201619,0.075000,-0.020400
5.725595,0.127589,0.220389,0.687686,0.287504,0.349184,0.205331,0.075000,-0.023527
5.758093,0.129902,0.222289,0.687498,0.287504,0.349184,0.202338,0.075000,-0.023760
5.787001,0.132141,0.224127,0.687274,0.292901,0.353085,0.206093,0.075000,-0.027188
5.825132,0.133361,0.225128,0.685818,0.292901,0.353085,0.204515,0.075000,-0.024048
5.853977,0.134527,0.226082,0.685049,0.292901,0.353085,0.203008,0.075000,-0.022514
5.887414,0.134527,0.226082,0.685049,0.292901,0.353085,0.203008,0.075000,-0.022514
5.920605,0.134527,0.226082,0.685049,0.292901,0.353085,0.203008,0.075000,-0.022514
5.980732,0.135946,0.227242,0.684480,0.292901,0.353085,0.201175,0.075000,-0.021512
5.986996,0.142623,0.232683,0.682715,0.303678,0.360814,0.205806,0.075000,-0.025946
6.020551,0.145019,0.234631,0.682045,0.303678,0.360814,0.202720,0.075000,-0.025082
6.053757,0.147331,0.236508,0.681105,0.309057,0.364642,0.206334,0.075000,-0.026860
6.087118,0.149708,0.238433,0.679431,0.309057,0.364642,0.203275,0.075000,-0.023543
6.124816,0.150889,0.239387,0.678646,0.309057,0.364642,0.201757,0.075000,-0.021953
6.153659,0.153186,0.241238,0.677701,0.314430,0.368444,0.205380,0.075000,-0.023768
6.186941,0.155468,0.243074,0.677104,0.314430,0.368444,0.202451,0.075000,-0.022981
6.220426,0.156616,0.243997,0.676781,0.314430,0.368444,0.200978,0.075000,-0.022514
6.253662,0.158947,0.245869,0.676412,0.319796,0.372221,0.204541,0.075000,-0.025805
6.286976,0.161263,0.247729,0.676390,0.319796,0.372221,0.201571,0.075000,-0.026521
6.320456,0.162466,0.248694,0.675738,0.319796,0.372221,0.200029,0.075000,-0.025301
6.356377,0.164914,0.250655,0.673763,0.325156,0.375972,0.203425,0.075000,-0.024731
6.387152,0.167348,0.252597,0.672514,0.325156,0.375972,0.200311,0.075000,-0.022380
6.421969,0.168556,0.253559,0.671896,0.330509,0.379698,0.205280,0.075000,-0.024792
6.456808,0.170986,0.255490,0.669936,0.330509,0.379698,0.202176,0.075000,-0.020694
6.492773,0.172378,0.256593,0.669804,0.330509,0.379698,0.200400,0.075000,-0.020735
6.521723,0.174454,0.258236,0.669067,0.335855,0.383397,0.204244,0.075000,-0.023178
6.555431,0.175632,0.259168,0.668877,0.335855,0.383397,0.202742,0.075000,-0.023054
6.588477,0.176836,0.260120,0.668177,0.335855,0.383397,0.201207,0.075000,-0.021668
6.620673,0.180408,0.262935,0.666294,0.341195,0.387071,0.203131,0.075000,-0.021736
6.654368,0.182772,0.264793,0.665332,0.341195,0.387071,0.200124,0.075000,-0.019984
6.687324,0.184229,0.265937,0.664704,0.346528,0.390717,0.204722,0.075000,-0.022611
6.720747,0.186246,0.267516,0.663240,0.346528,0.390717,0.202161,0.075000,-0.019562
6.755743,0.188448,0.269235,0.661503,0.351854,0.394338,0.205796,0.075000,-0.019674
6.787330,0.189826,0.270308,0.661147,0.351854,0.394338,0.204050,0.075000,-0.019139
6.820540,0.191966,0.271972,0.660507,0.351854,0.394338,0.201339,0.075000,-0.018063
6.853662,0.193138,0.272882,0.660614,0.357173,0.397931,0.206264,0.075000,-0.022474
6.887161,0.194890,0.274244,0.660385,0.357173,0.397931,0.204045,0.075000,-0.022404
6.920443,0.194890,0.274244,0.660385,0.357173,0.397931,0.204045,0.075000,-0.022404
6.999071,0.196074,0.275164,0.660412,0.357173,0.397931,0.202545,0.075000,-0.022803
7.020477,0.204701,0.281854,0.657645,0.367791,0.405036,0.204383,0.075000,-0.026317
7.057318,0.206572,0.283299,0.657504,0.367791,0.405036,0.202019,0.075000,-0.026588
7.089470,0.208045,0.284436,0.656690,0.367791,0.405036,0.200157,0.075000,-0.025051
7.120438,0.210123,0.286038,0.655916,0.373089,0.408548,0.203878,0.075000,-0.027690
7.155826,0.212436,0.287817,0.655158,0.373089,0.408548,0.200960,0.075000,-0.026609
7.191647,0.213877,0.288924,0.654314,0.378379,0.412032,0.205467,0.075000,-0.028860
7.224276,0.216112,0.290637,0.652629,0.378379,0.412032,0.202651,0.075000,-0.025496
7.254032,0.218420,0.292400,0.651854,0.383663,0.415488,0.206048,0.075000,-0.028223
7.287094,0.220769,0.294192,0.650832,0.383663,0.415488,0.203094,0.075000,-0.026529
7.320742,0.221986,0.295119,0.650347,0.383663,0.415488,0.201563,0.075000,-0.025729
7.355043,0.224307,0.296885,0.649899,0.388939,0.418916,0.204927,0.075000,-0.029349
7.389048,0.225743,0.297976,0.648852,0.388939,0.418916,0.203123,0.075000,-0.027297
7.424772,0.227936,0.299637,0.647124,0.388939,0.418916,0.200373,0.075000,-0.023724
7.458771,0.230358,0.301466,0.645958,0.394207,0.422315,0.203595,0.075000,-0.025700
7.492211,0.232731,0.303254,0.644672,0.394207,0.422315,0.200624,0.075000,-0.023256
7.528772,0.233969,0.304185,0.643680,0.399468,0.425686,0.205310,0.075000,-0.025331
7.554565,0.235146,0.305068,0.643090,0.399468,0.425686,0.203839,0.075000,-0.024251
7.587012,0.238690,0.307723,0.642505,0.404722,0.429028,0.205625,0.075000,-0.028026
7.621397,0.239892,0.308623,0.641835,0.404722,0.429028,0.204124,0.075000,-0.026800
7.658357,0.242338,0.310450,0.640492,0.404722,0.429028,0.201070,0.075000,-0.024269
7.687150,0.244721,0.312225,0.639502,0.409967,0.432342,0.204290,0.075000,-0.026809
7.725453,0.245917,0.313115,0.639502,0.409967,0.432342,0.202799,0.075000,-0.027205
7.758781,0.247152,0.314033,0.639230,0.409967,0.432342,0.201260,0.075000,-0.026945
7.787066,0.250869,0.316792,0.636526,0.415205,0.435626,0.202800,0.075000,-0.025769
7.821500,0.252058,0.317670,0.636095,0.415205,0.435626,0.201322,0.075000,-0.025078
7.858596,0.253291,0.318581,0.635230,0.420436,0.438881,0.205935,0.075000,-0.027629
7.887410,0.255667,0.320332,0.634824,0.420436,0.438881,0.202984,0.075000,-0.027435
7.920755,0.255667,0.320332,0.634824,0.420436,0.438881,0.202984,0.075000,-0.027435
7.958345,0.255667,0.320332,0.634824,0.420436,0.438881,0.202984,0.075000,-0.027435
7.996240,0.255667,0.320332,0.634824,0.420436,0.438881,0.202984,0.075000,-0.027435
8.022190,0.262904,0.325644,0.630998,0.425658,0.442107,0.200131,0.075000,-0.024723
8.057602,0.266506,0.328272,0.628978,0.430872,0.445303,0.201773,0.075000,-0.025367
8.088286,0.268223,0.329521,0.627876,0.436079,0.448469,0.205729,0.075000,-0.027660
8.120707,0.270209,0.330962,0.626573,0.436079,0.448469,0.203274,0.075000,-0.025118
8.153817,0.272561,0.332664,0.626257,0.436079,0.448469,0.200372,0.075000,-0.025057
8.187020,0.274792,0.334278,0.626258,0.441277,0.451605,0.203674,0.075000,-0.030351
8.220785,0.275987,0.335143,0.625566,0.441277,0.451605,0.202198,0.075000,-0.029084
8.253682,0.278446,0.336918,0.624404,0.446467,0.454711,0.205198,0.075000,-0.031591
8.287494,0.279777,0.337877,0.623285,0.446467,0.454711,0.203558,0.075000,-0.029353
8.321723,0.282258,0.339658,0.621540,0.446467,0.454711,0.200503,0.075000,-0.025881
8.354830,0.284638,0.341361,0.620212,0.451649,0.457786,0.203586,0.075000,-0.028069
8.388558,0.286970,0.343027,0.619475,0.451649,0.457786,0.200720,0.075000,-0.027036
8.422761,0.288155,0.343872,0.618937,0.456822,0.460831,0.205252,0.075000,-0.030771
8.453691,0.290626,0.345630,0.617506,0.456822,0.460831,0.202219,0.075000,-0.028148
8.486986,0.293063,0.347361,0.616533,0.461987,0.463845,0.205192,0.075000,-0.031288
8.520662,0.294372,0.348288,0.615669,0.461987,0.463845,0.203589,0.075000,-0.029662
8.553749,0.296802,0.350006,0.614959,0.461987,0.463845,0.200613,0.075000,-0.028772
8.587683,0.298017,0.350864,0.614419,0.467144,0.466829,0.205065,0.075000,-0.032619
8.622953,0.300468,0.352593,0.613262,0.467144,0.466829,0.202066,0.075000,-0.030718
8.655004,0.301720,0.353474,0.612560,0.467144,0.466829,0.200535,0.075000,-0.029440
8.686989,0.305449,0.356091,0.610659,0.472292,0.469781,0.201896,0.075000,-0.030982
8.720613,0.306611,0.356904,0.610138,0.472292,0.469781,0.200478,0.075000,-0.030125
8.756295,0.309088,0.358635,0.608814,0.477431,0.472702,0.203349,0.075000,-0.032671
8.790515,0.310590,0.359682,0.608135,0.477431,0.472702,0.201518,0.075000,-0.031583
8.823380,0.312876,0.361273,0.606533,0.482561,0.475592,0.204602,0.075000,-0.033407
8.856358,0.315382,0.363010,0.604917,0.482561,0.475592,0.201553,0.075000,-0.030407
8.888239,0.315382,0.363010,0.604917,0.482561,0.475592,0.201553,0.075000,-0.030407
8.953709,0.315382,0.363010,0.604917,0.482561,0.475592,0.201553,0.075000,-0.030407
8.986965,0.323841,0.368841,0.601249,0.492796,0.481276,0.202947,0.075000,-0.034674
9.024537,0.325071,0.369685,0.600818,0.492796,0.481276,0.201455,0.075000,-0.034121
9.053775,0.327575,0.371400,0.599370,0.497900,0.484071,0.204219,0.075000,-0.036606
9.087360,0.330086,0.373115,0.598042,0.497900,0.484071,0.201179,0.075000,-0.034412
9.122576,0.331321,0.373956,0.597158,0.502995,0.486833,0.205459,0.075000,-0.037780
9.153813,0.333789,0.375634,0.596373,0.502995,0.486833,0.202475,0.075000,-0.036957
9.187053,0.335292,0.376654,0.596080,0.502995,0.486833,0.200659,0.075000,-0.036900
9.220603,0.337601,0.378219,0.594310,0.508081,0.489563,0.203620,0.075000,-0.038666
9.253632,0.340093,0.379903,0.592789,0.508081,0.489563,0.200612,0.075000,-0.036032
9.287039,0.341459,0.380823,0.591054,0.513158,0.492261,0.204692,0.075000,-0.037517
9.320639,0.343973,0.382508,0.589362,0.513158,0.492261,0.201666,0.075000,-0.034439
9.356973,0.346327,0.384082,0.589073,0.518226,0.494926,0.204537,0.075000,-0.039956
9.390008,0.347856,0.385104,0.587866,0.518226,0.494926,0.202699,0.075000,-0.037706
9.424149,0.350127,0.386616,0.586416,0.523284,0.497559,0.205650,0.075000,-0.040359
9.454267,0.351441,0.387489,0.585319,0.523284,0.497559,0.204072,0.075000,-0.038300
9.487563,0.354208,0.389322,0.584604,0.523284,0.497559,0.200753,0.075000,-0.037784
9.521246,0.356526,0.390855,0.582832,0.528333,0.500159,0.203629,0.075000,-0.039817
9.554016,0.357817,0.391706,0.581796,0.528333,0.500159,0.202083,0.075000,-0.037867
9.587280,0.360666,0.393578,0.579967,0.533372,0.502726,0.204305,0.075000,-0.040038
9.622757,0.363164,0.395213,0.578851,0.533372,0.502726,0.201320,0.075000,-0.038452
9.656361,0.365352,0.396643,0.577987,0.538402,0.505259,0.204313,0.075000,-0.042770
9.689239,0.367099,0.397783,0.577035,0.538402,0.505259,0.202228,0.075000,-0.041302
9.720755,0.369384,0.399269,0.575715,0.543422,0.507760,0.205085,0.075000,-0.044580
9.753826,0.371775,0.400819,0.573196,0.543422,0.507760,0.202235,0.075000,-0.039599
9.787269,0.374266,0.402426,0.571666,0.548433,0.510227,0.204829,0.075000,-0.042538
9.820566,0.376024,0.403557,0.570650,0.548433,0.510227,0.202740,0.075000,-0.040914
9.853704,0.378028,0.404842,0.569083,0.548433,0.510227,0.200359,0.075000,-0.037972
9.887159,0.378028,0.404842,0.569083,0.548433,0.510227,0.200359,0.075000,-0.037972
9.922123,0.378028,0.404842,0.569083,0.548433,0.510227,0.200359,0.075000,-0.037972
9.982380,0.378028,0.404842,0.569083,0.548433,0.510227,0.200359,0.075000,-0.037972
9.986852,0.386646,0.410312,0.561721,0.558425,0.515061,0.201198,0.075000,-0.035118
10.020380,0.388162,0.411266,0.561333,0.563406,0.517427,0.204892,0.075000,-0.040663
10.053595,0.390502,0.412736,0.560445,0.563406,0.517427,0.202129,0.075000,-0.039578
10.086975,0.391796,0.413549,0.560224,0.563406,0.517427,0.200601,0.075000,-0.039633
10.120679,0.394450,0.415212,0.559179,0.568377,0.519760,0.202931,0.075000,-0.044231
10.157240,0.397055,0.416842,0.557611,0.573338,0.522058,0.205296,0.075000,-0.047494
10.189373,0.398342,0.417645,0.556957,0.573338,0.522058,0.203779,0.075000,-0.046599
10.223780,0.400875,0.419221,0.555721,0.573338,0.522058,0.200796,0.075000,-0.044905
10.255458,0.403387,0.420779,0.554505,0.578289,0.524323,0.203253,0.075000,-0.049157
10.287191,0.405998,0.422395,0.552485,0.578289,0.524323,0.200183,0.075000,-0.045616
10.320542,0.407288,0.423190,0.551324,0.583230,0.526553,0.204057,0.075000,-0.049396
10.353695,0.409920,0.424807,0.548790,0.583230,0.526553,0.200969,0.075000,-0.044603
10.387308,0.411232,0.425609,0.547844,0.588160,0.528748,0.204796,0.075000,-0.048973
10.420339,0.413801,0.427175,0.545664,0.588160,0.528748,0.201787,0.075000,-0.045025
10.453722,0.416295,0.428688,0.544038,0.593080,0.530909,0.204211,0.075000,-0.048436
10.487045,0.418826,0.430217,0.542327,0.593080,0.530909,0.201255,0.075000,-0.045602
10.522673,0.418826,0.430217,0.542327,0.593080,0.530909,0.201255,0.075000,-0.045602
10.556135,0.422634,0.432509,0.540090,0.597990,0.533036,0.202127,0.075000,-0.048367
10.587307,0.425227,0.434061,0.537667,0.602889,0.535128,0.204397,0.075000,-0.050030
10.620783,0.426452,0.434792,0.536665,0.602889,0.535128,0.202971,0.075000,-0.048267
10.653844,0.428926,0.436263,0.535523,0.602889,0.535128,0.200093,0.075000,-0.046805
10.687138,0.430271,0.437061,0.534267,0.607777,0.537184,0.203797,0.075000,-0.050774
10.720678,0.432900,0.438615,0.531767,0.607777,0.537184,0.200743,0.075000,-0.046084
10.753977,0.435467,0.440123,0.529535,0.612655,0.539206,0.203011,0.075000,-0.048408
10.787090,0.438011,0.441611,0.528210,0.612655,0.539206,0.200063,0.075000,-0.046524
10.820688,0.439267,0.442344,0.527726,0.617522,0.541193,0.203829,0.075000,-0.052502
10.853980,0.440558,0.443096,0.526834,0.617522,0.541193,0.202335,0.075000,-0.051076
10.887405,0.441851,0.443848,0.525987,0.617522,0.541193,0.200839,0.075000,-0.049731
10.921111,0.441851,0.443848,0.525987,0.617522,0.541193,0.200839,0.075000,-0.049731
10.957063,0.441851,0.443848,0.525987,0.617522,0.541193,0.200839,0.075000,-0.049731
11.001073,0.443178,0.444619,0.524779,0.622378,0.543145,0.204500,0.075000,-0.053983
11.023334,0.452705,0.450099,0.518332,0.632058,0.546943,0.203829,0.075000,-0.056983
11.055025,0.454776,0.451280,0.516791,0.632058,0.546943,0.201445,0.075000,-0.054502
11.087878,0.456335,0.452166,0.515585,0.636882,0.548788,0.204776,0.075000,-0.059084
11.123787,0.458685,0.453496,0.513621,0.636882,0.548788,0.202076,0.075000,-0.055797
11.157801,0.461268,0.454951,0.511159,0.641694,0.550599,0.204211,0.075000,-0.058034
11.189428,0.462901,0.455867,0.509779,0.641694,0.550599,0.202338,0.075000,-0.055704
11.222823,0.465279,0.457194,0.507892,0.646495,0.552373,0.204691,0.075000,-0.059281
11.255297,0.467820,0.458608,0.505896,0.646495,0.552373,0.201783,0.075000,-0.056041
11.287583,0.469463,0.459517,0.503958,0.651285,0.554112,0.204957,0.075000,-0.059115
11.322076,0.471769,0.460787,0.501911,0.651285,0.554112,0.202325,0.075000,-0.055591
11.353931,0.474386,0.462222,0.500158,0.656063,0.555815,0.204368,0.075000,-0.059832
11.387083,0.476999,0.463648,0.497609,0.656063,0.555815,0.201392,0.075000,-0.055263
11.420724,0.478307,0.464359,0.496144,0.660830,0.557482,0.204906,0.075000,-0.059463
11.454027,0.480866,0.465743,0.493961,0.660830,0.557482,0.201998,0.075000,-0.055772
11.487042,0.483612,0.467219,0.491625,0.665586,0.559113,0.203860,0.075000,-0.058848
11.520812,0.484853,0.467883,0.491069,0.665586,0.559113,0.202453,0.075000,-0.058295
11.553651,0.487549,0.469323,0.488294,0.670329,0.560708,0.204352,0.075000,-0.060356
11.587151,0.489199,0.470200,0.485913,0.670329,0.560708,0.202484,0.075000,-0.055595
11.620534,0.491650,0.471492,0.482715,0.675062,0.562267,0.204646,0.075000,-0.056517
11.653623,0.494139,0.472795,0.481088,0.675062,0.562267,0.201838,0.075000,-0.054059
11.686974,0.496774,0.474169,0.479017,0.679782,0.563789,0.203774,0.075000,-0.057989
11.720353,0.498167,0.474892,0.477458,0.679782,0.563789,0.202205,0.075000,-0.055040
11.755774,0.500802,0.476254,0.475601,0.684491,0.565276,0.204124,0.075000,-0.059570
11.787460,0.502392,0.477073,0.474884,0.684491,0.565276,0.202336,0.075000,-0.058856
11.820417,0.504788,0.478304,0.472993,0.689188,0.566726,0.204503,0.075000,-0.063236
11.856476,0.504788,0.478304,0.472993,0.689188,0.566726,0.204503,0.075000,-0.063236
11.888480,0.507516,0.479697,0.469785,0.689188,0.566726,0.201442,0.075000,-0.057188
11.923077,0.507516,0.479697,0.469785,0.689188,0.566726,0.201442,0.075000,-0.057188
11.976153,0.508829,0.480363,0.468825,0.693872,0.568140,0.204807,0.075000,-0.063236
11.991471,0.515438,0.483697,0.463464,0.698545,0.569517,0.202221,0.075000,-0.062252
12.024254,0.518132,0.485041,0.460050,0.703206,0.570857,0.204002,0.075000,-0.063400
12.055602,0.519562,0.485749,0.458438,0.703206,0.570857,0.202406,0.075000,-0.060423
12.091319,0.523782,0.487824,0.454556,0.707854,0.572161,0.202473,0.075000,-0.061544
12.120727,0.525040,0.488438,0.454179,0.707854,0.572161,0.201074,0.075000,-0.061466
12.153612,0.526935,0.489364,0.452420,0.712491,0.573428,0.203710,0.075000,-0.066355
12.186997,0.529642,0.490678,0.449716,0.712491,0.573428,0.200702,0.075000,-0.061604
12.220261,0.531869,0.491751,0.447778,0.717114,0.574659,0.202953,0.075000,-0.066404
12.253853,0.533759,0.492659,0.445928,0.717114,0.574659,0.200856,0.075000,-0.063193
12.287072,0.537284,0.494338,0.441629,0.721726,0.575853,0.201652,0.075000,-0.063189
12.320783,0.538619,0.494969,0.440456,0.721726,0.575853,0.200176,0.075000,-0.061197
12.357134,0.541320,0.496241,0.438148,0.726325,0.577010,0.201868,0.075000,-0.065658
12.387279,0.543250,0.497145,0.436589,0.730911,0.578130,0.204390,0.075000,-0.071386
12.420717,0.545430,0.498161,0.434553,0.730911,0.578130,0.201986,0.075000,-0.068047
12.453646,0.548148,0.499421,0.432099,0.735485,0.579213,0.203622,0.075000,-0.072281
12.486933,0.550956,0.500713,0.429282,0.735485,0.579213,0.200532,0.075000,-0.067480
12.520737,0.552354,0.501353,0.427825,0.740046,0.580259,0.203603,0.075000,-0.073308
12.553754,0.555085,0.502596,0.425071,0.740046,0.580259,0.200605,0.075000,-0.068628
12.587065,0.557793,0.503820,0.421706,0.744594,0.581269,0.202220,0.075000,-0.070882
12.620769,0.559177,0.504440,0.419889,0.744594,0.581269,0.200704,0.075000,-0.067432
12.653798,0.561895,0.505653,0.417831,0.749129,0.582241,0.202293,0.075000,-0.073021
12.687038,0.564666,0.506881,0.414792,0.753652,0.583176,0.203805,0.075000,-0.076263
12.720724,0.566060,0.507494,0.413522,0.753652,0.583176,0.202283,0.075000,-0.074277
12.759155,0.568872,0.508726,0.410740,0.758161,0.584074,0.203734,0.075000,-0.078298
12.787426,0.570240,0.509322,0.409794,0.758161,0.584074,0.202242,0.075000,-0.077122
12.821712,0.572991,0.510516,0.407718,0.762657,0.584935,0.203743,0.075000,-0.082949
12.857246,0.574368,0.511110,0.405913,0.762657,0.584935,0.202244,0.075000,-0.079722
12.890133,0.576255,0.511922,0.404004,0.762657,0.584935,0.200191,0.075000,-0.076601
12.921088,0.576255,0.511922,0.404004,0.762657,0.584935,0.200191,0.075000,-0.076601
13.006978,0.577345,0.512387,0.402949,0.767140,0.585759,0.203484,0.075000,-0.083685
13.020613,0.586754,0.516351,0.392090,0.776066,0.587294,0.202168,0.075000,-0.082952
13.053806,0.589490,0.517481,0.389739,0.780509,0.588007,0.203622,0.075000,-0.088521
13.087061,0.592325,0.518643,0.386386,0.780509,0.588007,0.200560,0.075000,-0.082862
13.123320,0.593667,0.519189,0.384702,0.784938,0.588681,0.203504,0.075000,-0.088954
13.154550,0.596403,0.520295,0.381693,0.784938,0.588681,0.200555,0.075000,-0.084064
13.187049,0.598060,0.520960,0.379862,0.789354,0.589319,0.203142,0.075000,-0.090195
13.226137,0.600623,0.521980,0.376240,0.789354,0.589319,0.200385,0.075000,-0.083631
13.255319,0.601946,0.522503,0.374550,0.793756,0.589919,0.203313,0.075000,-0.089899
13.287973,0.604967,0.523687,0.369095,0.793756,0.589919,0.200070,0.075000,-0.079165
13.320756,0.607347,0.524604,0.365393,0.798144,0.590482,0.201851,0.075000,-0.081564
13.358017,0.610132,0.525668,0.362467,0.802519,0.591008,0.203180,0.075000,-0.086268
13.389970,0.611882,0.526332,0.360255,0.802519,0.591008,0.201309,0.075000,-0.082388
13.424806,0.614494,0.527313,0.357787,0.806880,0.591496,0.202810,0.075000,-0.088199
13.454936,0.617415,0.528403,0.354404,0.811226,0.591947,0.203962,0.075000,-0.092103
13.487658,0.619139,0.529041,0.353067,0.811226,0.591947,0.202126,0.075000,-0.090479
13.523012,0.621647,0.529964,0.350845,0.815559,0.592361,0.203704,0.075000,-0.096996
13.553806,0.624482,0.530999,0.347182,0.815559,0.592361,0.200688,0.075000,-0.090778
13.588874,0.625917,0.531518,0.345141,0.819878,0.592738,0.203393,0.075000,-0.096848
13.622596,0.628768,0.532540,0.341462,0.819878,0.592738,0.200366,0.075000,-0.090584
13.655839,0.631580,0.533536,0.338454,0.824182,0.593077,0.201595,0.075000,-0.095795
13.687463,0.633262,0.534128,0.336371,0.828472,0.593379,0.204004,0.075000,-0.102139
13.720676,0.635727,0.534988,0.333502,0.828472,0.593379,0.201395,0.075000,-0.097662
13.753856,0.638497,0.535945,0.329618,0.832748,0.593643,0.202639,0.075000,-0.100862
13.787309,0.640015,0.536464,0.327285,0.832748,0.593643,0.201036,0.075000,-0.096678
13.823671,0.642924,0.537448,0.322664,0.837009,0.593871,0.202120,0.075000,-0.098309
13.853814,0.644299,0.537908,0.320948,0.837009,0.593871,0.200672,0.075000,-0.095462
13.887135,0.644299,0.537908,0.320948,0.837009,0.593871,0.200672,0.075000,-0.095462
13.920605,0.644299,0.537908,0.320948,0.837009,0.593871,0.200672,0.075000,-0.095462
13.977946,0.644299,0.537908,0.320948,0.837009,0.593871,0.200672,0.075000,-0.095462
13.986824,0.654267,0.541156,0.307414,0.849706,0.594329,0.202542,0.075000,-0.103092
14.020601,0.657155,0.542070,0.302968,0.853908,0.594408,0.203596,0.075000,-0.105528
14.053657,0.659966,0.542946,0.298814,0.853908,0.594408,0.200654,0.075000,-0.098270
14.086924,0.662697,0.543785,0.295447,0.858096,0.594449,0.201861,0.075000,-0.103388
14.120662,0.664139,0.544224,0.293399,0.858096,0.594449,0.200355,0.075000,-0.099842
14.153608,0.667043,0.545099,0.289448,0.862270,0.594453,0.201368,0.075000,-0.103840
14.189620,0.668748,0.545607,0.286751,0.866428,0.594420,0.203617,0.075000,-0.109638
14.223705,0.671186,0.546324,0.283854,0.866428,0.594420,0.201078,0.075000,-0.105204
14.254267,0.674211,0.547202,0.278941,0.870571,0.594350,0.201941,0.075000,-0.107160
14.287213,0.677087,0.548023,0.275014,0.874699,0.594243,0.202945,0.075000,-0.111449
14.322450,0.678492,0.548419,0.273179,0.874699,0.594243,0.201487,0.075000,-0.108518
14.353917,0.681445,0.549242,0.268160,0.878811,0.594099,0.202400,0.075000,-0.110342
14.390548,0.684325,0.550030,0.263999,0.882909,0.593917,0.203375,0.075000,-0.114265
14.423149,0.685716,0.550406,0.262337,0.882909,0.593917,0.201936,0.075000,-0.111788
14.455555,0.688640,0.551189,0.257961,0.886991,0.593699,0.202855,0.075000,-0.115395
14.488972,0.690409,0.551655,0.254665,0.886991,0.593699,0.201027,0.075000,-0.109314
14.520735,0.693009,0.552329,0.250409,0.891058,0.593444,0.202272,0.075000,-0.112961
14.553597,0.695810,0.553043,0.246601,0.895109,0.593152,0.203295,0.075000,-0.118010
14.590485,0.698706,0.553769,0.242385,0.895109,0.593152,0.200312,0.075000,-0.111004
14.620439,0.700227,0.554145,0.239763,0.899144,0.592824,0.202643,0.075000,-0.117681
14.653672,0.703103,0.554845,0.234788,0.903164,0.592458,0.203566,0.075000,-0.120177
14.687572,0.704551,0.555191,0.232170,0.903164,0.592458,0.202079,0.075000,-0.115483
14.720455,0.707440,0.555871,0.227834,0.907168,0.592056,0.202980,0.075000,-0.119683
14.755676,0.710523,0.556582,0.222242,0.911157,0.591618,0.203669,0.075000,-0.121130
14.786965,0.713367,0.557221,0.217772,0.911157,0.591618,0.200758,0.075000,-0.113507
14.820592,0.713367,0.557221,0.217772,0.911157,0.591618,0.200758,0.075000,-0.113507
14.853714,0.716962,0.558011,0.211089,0.915129,0.591142,0.200917,0.075000,-0.113028
14.887175,0.717856,0.558203,0.209268,0.915129,0.591142,0.200004,0.075000,-0.109516
14.920574,0.717856,0.558203,0.209268,0.915129,0.591142,0.200004,0.075000,-0.109516
14.983219,0.717856,0.558203,0.209268,0.915129,0.591142,0.200004,0.075000,-0.109516
14.986855,0.728094,0.560305,0.193199,0.926950,0.589497,0.200987,0.075000,-0.117965
15.021418,0.729778,0.560634,0.191145,0.930858,0.588876,0.203054,0.075000,-0.127015
15.053836,0.732454,0.561150,0.187214,0.930858,0.588876,0.200332,0.075000,-0.120663
15.091416,0.734003,0.561443,0.184542,0.934750,0.588219,0.202525,0.075000,-0.128179
15.120981,0.736882,0.561977,0.180578,0.938625,0.587526,0.203354,0.075000,-0.134207
15.153963,0.739737,0.562495,0.174992,0.938625,0.587526,0.200458,0.075000,-0.124152
15.190058,0.741125,0.562740,0.172788,0.942484,0.586796,0.202791,0.075000,-0.132789
15.222308,0.744087,0.563253,0.167174,0.946327,0.586031,0.203519,0.075000,-0.135101
15.255733,0.747078,0.563753,0.161367,0.946327,0.586031,0.200490,0.075000,-0.124697
15.287285,0.748859,0.564043,0.158145,0.950153,0.585229,0.202405,0.075000,-0.131558
15.322507,0.751534,0.564467,0.153239,0.953962,0.584392,0.203406,0.075000,-0.135434
15.353934,0.754547,0.564928,0.147904,0.953962,0.584392,0.200362,0.075000,-0.126235
15.387300,0.756039,0.565150,0.145553,0.957754,0.583519,0.202550,0.075000,-0.135063
15.420679,0.758998,0.565580,0.140684,0.961530,0.582610,0.203246,0.075000,-0.139653
15.453688,0.761848,0.565981,0.136093,0.961530,0.582610,0.200373,0.075000,-0.132207
15.491493,0.763280,0.566177,0.133719,0.965289,0.581665,0.202602,0.075000,-0.141074
15.520434,0.766716,0.566633,0.127106,0.969031,0.580686,0.202802,0.075000,-0.142329
15.553631,0.769426,0.566977,0.122366,0.969031,0.580686,0.200075,0.075000,-0.134372
15.587241,0.770914,0.567160,0.119654,0.972755,0.579670,0.202229,0.075000,-0.142710
15.620658,0.773901,0.567514,0.113780,0.976463,0.578620,0.202866,0.075000,-0.145359
15.653600,0.776736,0.567835,0.108830,0.976463,0.578620,0.200018,0.075000,-0.137139
15.687016,0.779642,0.568150,0.104389,0.980153,0.577534,0.200730,0.075000,-0.143458
15.720417,0.781150,0.568308,0.101611,0.983827,0.576413,0.202838,0.075000,-0.151858
15.756476,0.784130,0.568608,0.096049,0.987482,0.575257,0.203461,0.075000,-0.155620
15.790224,0.785972,0.568786,0.092397,0.987482,0.575257,0.201614,0.075000,-0.149444
15.824235,0.788721,0.569037,0.086751,0.991121,0.574066,0.202462,0.075000,-0.152792
15.854300,0.790168,0.569162,0.083878,0.991121,0.574066,0.201013,0.075000,-0.147872
15.887476,0.791583,0.569281,0.081477,0.994742,0.572840,0.203190,0.075000,-0.157289
15.922604,0.791583,0.569281,0.081477,0.994742,0.572840,0.203190,0.075000,-0.157289
15.971372,0.793654,0.569451,0.077766,0.994742,0.572840,0.201117,0.075000,-0.151342
15.990891,0.800343,0.569939,0.064604,1.001931,0.570284,0.201588,0.075000,-0.155885
16.022675,0.803397,0.570132,0.058318,1.005498,0.568955,0.202105,0.075000,-0.158572
16.055722,0.806388,0.570302,0.052026,1.009049,0.567591,0.202679,0.075000,-0.161226
16.087265,0.809451,0.570457,0.046217,1.012581,0.566193,0.203175,0.075000,-0.165260
16.121964,0.810919,0.570525,0.043492,1.012581,0.566193,0.201709,0.075000,-0.160932
16.153719,0.813813,0.570647,0.037474,1.016095,0.564761,0.202368,0.075000,-0.164342
16.186998,0.816911,0.570758,0.030307,1.019591,0.563295,0.202818,0.075000,-0.165326
16.220596,0.818507,0.570806,0.026744,1.019591,0.563295,0.201225,0.075000,-0.159118
16.253604,0.821463,0.570882,0.021424,1.023070,0.561795,0.201812,0.075000,-0.164557
16.287296,0.824419,0.570941,0.015349,1.026530,0.560261,0.202392,0.075000,-0.168213
16.320781,0.825868,0.570963,0.011899,1.026530,0.560261,0.200947,0.075000,-0.162077
16.354112,0.828001,0.570989,0.006613,1.029971,0.558694,0.202344,0.075000,-0.166454
16.387017,0.831812,0.571003,-0.001686,1.033395,0.557093,0.202062,0.075000,-0.166186
16.420525,0.833356,0.571001,-0.004966,1.033395,0.557093,0.200522,0.075000,-0.160587
16.453903,0.835482,0.570990,-0.009429,1.036800,0.555459,0.201916,0.075000,-0.167185
16.487146,0.839419,0.570941,-0.018708,1.040186,0.553792,0.201498,0.075000,-0.164904
16.523148,0.840885,0.570914,-0.021454,1.040186,0.553792,0.200035,0.075000,-0.160477
16.553737,0.843952,0.570843,-0.027832,1.043554,0.552091,0.200481,0.075000,-0.164083
16.589728,0.846315,0.570777,-0.032074,1.046903,0.550358,0.201625,0.075000,-0.171896
16.622782,0.848407,0.570709,-0.036192,1.050234,0.548592,0.203035,0.075000,-0.179498
16.655021,0.851334,0.570598,-0.042431,1.050234,0.548592,0.200114,0.075000,-0.169174
16.687221,0.854382,0.570464,-0.050232,1.053546,0.546794,0.200566,0.075000,-0.169546
16.720775,0.855875,0.570389,-0.053342,1.056839,0.544962,0.202566,0.075000,-0.178827
16.753682,0.858911,0.570222,-0.059502,1.060113,0.543099,0.203022,0.075000,-0.183298
16.786972,0.861924,0.570038,-0.066625,1.060113,0.543099,0.200012,0.075000,-0.171032
16.820468,0.863444,0.569936,-0.070148,1.063368,0.541203,0.201979,0.075000,-0.179547
16.853601,0.864936,0.569831,-0.073800,1.063368,0.541203,0.200487,0.075000,-0.173142
16.886971,0.867920,0.569605,-0.081018,1.066604,0.539276,0.200986,0.075000,-0.175150
16.922357,0.869416,0.569483,-0.084739,1.069821,0.537316,0.202970,0.075000,-0.183147
16.956760,0.869416,0.569483,-0.084739,1.069821,0.537316,0.202970,0.075000,-0.183147
16.987183,0.869416,0.569483,-0.084739,1.069821,0.537316,0.202970,0.075000,-0.183147
17.054108,0.869416,0.569483,-0.084739,1.069821,0.537316,0.202970,0.075000,-0.183147
17.086949,0.884355,0.567980,-0.120107,1.082496,0.529163,0.201908,0.075000,-0.181474
17.120589,0.885870,0.567797,-0.123927,1.082496,0.529163,0.200385,0.075000,-0.174734
17.153663,0.888816,0.567424,-0.131540,1.085616,0.527047,0.200899,0.075000,-0.176116
17.187184,0.891779,0.567025,-0.140420,1.088716,0.524899,0.201393,0.075000,-0.174417
17.220652,0.893185,0.566827,-0.144316,1.091797,0.522721,0.203451,0.075000,-0.182201
17.253658,0.896051,0.566404,-0.151908,1.091797,0.522721,0.200561,0.075000,-0.168539
17.287260,0.896051,0.566404,-0.151908,1.091797,0.522721,0.200561,0.075000,-0.168539
17.320620,0.900567,0.565696,-0.162055,1.097900,0.518274,0.202951,0.075000,-0.181628
17.353652,0.903591,0.565198,-0.168769,1.100921,0.516005,0.203369,0.075000,-0.185553
17.388999,0.905156,0.564931,-0.172073,1.100921,0.516005,0.201786,0.075000,-0.180310
17.423849,0.908253,0.564387,-0.178841,1.103922,0.513706,0.202127,0.075000,-0.184377
17.454600,0.911337,0.563824,-0.186364,1.106904,0.511377,0.202478,0.075000,-0.186632
17.487455,0.913199,0.563473,-0.190757,1.106904,0.511377,0.200588,0.075000,-0.179244
17.522024,0.915840,0.562959,-0.196660,1.109865,0.509018,0.201383,0.075000,-0.184797
17.553754,0.918825,0.562358,-0.204495,1.112807,0.506630,0.201828,0.075000,-0.186254
17.589543,0.920276,0.562057,-0.208549,1.112807,0.506630,0.200350,0.075000,-0.178922
17.623131,0.923291,0.561413,-0.215992,1.115728,0.504213,0.200758,0.075000,-0.181479
17.656672,0.926205,0.560768,-0.222995,1.118628,0.501767,0.201266,0.075000,-0.184974
17.687115,0.929114,0.560104,-0.229659,1.121509,0.499292,0.201777,0.075000,-0.189344
17.720875,0.930614,0.559753,-0.233624,1.121509,0.499292,0.200241,0.075000,-0.182389
17.753743,0.933483,0.559066,-0.241041,1.124369,0.496788,0.200788,0.075000,-0.184926
17.787292,0.935201,0.558644,-0.245945,1.127208,0.494255,0.202516,0.075000,-0.191435
17.820643,0.937780,0.557992,-0.252607,1.130027,0.491694,0.203358,0.075000,-0.195204
17.854076,0.939250,0.557612,-0.256282,1.130027,0.491694,0.201844,0.075000,-0.189068
17.887049,0.942192,0.556836,-0.263498,1.132825,0.489105,0.202307,0.075000,-0.192294
17.920521,0.942192,0.556836,-0.263498,1.132825,0.489105,0.202307,0.075000,-0.192294
17.953865,0.942192,0.556836,-0.263498,1.132825,0.489105,0.202307,0.075000,-0.192294
18.008110,0.943683,0.556434,-0.267667,1.132825,0.489105,0.200768,0.075000,-0.184903
18.020580,0.952223,0.554002,-0.290364,1.141095,0.481172,0.202427,0.075000,-0.191663
18.053649,0.955121,0.553131,-0.297562,1.143810,0.478473,0.202922,0.075000,-0.194965
18.087104,0.957126,0.552517,-0.302860,1.143810,0.478473,0.200832,0.075000,-0.185894
18.120622,0.959487,0.551775,-0.309934,1.146503,0.475746,0.201880,0.075000,-0.188526
18.153883,0.961422,0.551155,-0.315423,1.149176,0.472993,0.203374,0.075000,-0.194162
18.187088,0.963642,0.550427,-0.321332,1.149176,0.472993,0.201045,0.075000,-0.183994
18.220571,0.967022,0.549294,-0.330249,1.151828,0.470213,0.201015,0.075000,-0.184116
18.253923,0.968505,0.548785,-0.334171,1.154458,0.467406,0.202981,0.075000,-0.192803
18.287051,0.971016,0.547909,-0.340644,1.154458,0.467406,0.200329,0.075000,-0.181783
18.320901,0.972186,0.547495,-0.343894,1.157067,0.464573,0.202626,0.075000,-0.191592
18.353849,0.976344,0.545988,-0.355420,1.159655,0.461714,0.201755,0.075000,-0.186924
18.391003,0.977720,0.545477,-0.359110,1.159655,0.461714,0.200291,0.075000,-0.180478
18.422703,0.980757,0.544331,-0.366903,1.162222,0.458830,0.200599,0.075000,-0.182835
18.456268,0.983248,0.543369,-0.373338,1.164767,0.455919,0.201486,0.075000,-0.187477
18.487541,0.986139,0.542230,-0.381605,1.167290,0.452983,0.201942,0.075000,-0.188382
18.520425,0.987511,0.541680,-0.385321,1.167290,0.452983,0.200468,0.075000,-0.181919
18.553633,0.990276,0.540553,-0.392855,1.169792,0.450023,0.201051,0.075000,-0.184438
18.590341,0.993052,0.539397,-0.400126,1.172272,0.447037,0.201619,0.075000,-0.187611
18.624059,0.994461,0.538801,-0.403738,1.172272,0.447037,0.200094,0.075000,-0.181481
18.658376,0.997199,0.537626,-0.410695,1.174730,0.444026,0.200694,0.075000,-0.185436
18.686950,0.999983,0.536408,-0.419151,1.177167,0.440991,0.201242,0.075000,-0.185764
18.720926,1.001313,0.535816,-0.422546,1.179581,0.437932,0.203374,0.075000,-0.195474
18.753670,1.004029,0.534588,-0.429596,1.179581,0.437932,0.200402,0.075000,-0.183710
18.786993,1.006728,0.533346,-0.436831,1.181974,0.434848,0.201030,0.075000,-0.186909
18.820487,1.008324,0.532601,-0.441043,1.184345,0.431741,0.202870,0.075000,-0.195208
18.853885,1.009408,0.532089,-0.443957,1.184345,0.431741,0.201675,0.075000,-0.190324
18.887017,1.011320,0.531179,-0.449282,1.186693,0.428610,0.203165,0.075000,-0.196512
18.920555,1.013475,0.530136,-0.455618,1.186693,0.428610,0.200779,0.075000,-0.185435
18.957010,1.015163,0.529309,-0.461294,1.189020,0.425456,0.202514,0.075000,-0.190354
18.990389,1.015163,0.529309,-0.461294,1.189020,0.425456,0.202514,0.075000,-0.190354
19.040100,1.016251,0.528768,-0.464481,1.189020,0.425456,0.201302,0.075000,-0.184758
19.054152,1.022800,0.525428,-0.482513,1.193606,0.419078,0.201208,0.075000,-0.184670
19.087503,1.025713,0.523894,-0.491268,1.195865,0.415855,0.201554,0.075000,-0.184536
19.122830,1.028103,0.522610,-0.498498,1.198103,0.412610,0.202484,0.075000,-0.187016
19.158384,1.030761,0.521155,-0.506645,1.200317,0.409343,0.203104,0.075000,-0.187755
19.190203,1.032280,0.520313,-0.510537,1.200317,0.409343,0.201373,0.075000,-0.181361
19.223818,1.034632,0.518991,-0.517112,1.202509,0.406053,0.202331,0.075000,-0.185367
19.254785,1.037220,0.517512,-0.525290,1.204679,0.402742,0.203014,0.075000,-0.185875
19.287556,1.038742,0.516630,-0.529669,1.204679,0.402742,0.201260,0.075000,-0.178279
19.320610,1.041075,0.515259,-0.536711,1.206826,0.399410,0.202224,0.075000,-0.181069
19.353723,1.043679,0.513702,-0.544040,1.208950,0.396056,0.202867,0.075000,-0.183661
19.387215,1.044939,0.512940,-0.547307,1.208950,0.396056,0.201399,0.075000,-0.178260
19.423404,1.047500,0.511374,-0.554260,1.211052,0.392682,0.202082,0.075000,-0.181739
19.453648,1.050106,0.509754,-0.562336,1.213130,0.389286,0.202705,0.075000,-0.182506
19.487227,1.051421,0.508925,-0.566515,1.213130,0.389286,0.201155,0.075000,-0.174971
19.520539,1.053897,0.507343,-0.574248,1.215186,0.385871,0.201915,0.075000,-0.176304
19.553609,1.056426,0.505700,-0.581634,1.217219,0.382435,0.202604,0.075000,-0.178554
19.587227,1.057709,0.504857,-0.585347,1.217219,0.382435,0.201074,0.075000,-0.172072
19.620617,1.060171,0.503218,-0.592659,1.219228,0.378979,0.201828,0.075000,-0.174386
19.653608,1.062662,0.501535,-0.599823,1.221215,0.375503,0.202541,0.075000,-0.177072
19.687074,1.065080,0.499875,-0.606437,1.223178,0.372008,0.203335,0.075000,-0.180903
19.720451,1.066593,0.498825,-0.610463,1.223178,0.372008,0.201498,0.075000,-0.174254
19.753631,1.068853,0.497239,-0.616519,1.225118,0.368494,0.202470,0.075000,-0.179175
19.790432,1.070102,0.496354,-0.620131,1.225118,0.368494,0.200944,0.075000,-0.172945
19.820466,1.072524,0.494618,-0.627298,1.227035,0.364961,0.201704,0.075000,-0.175501
19.854419,1.072524,0.494618,-0.627298,1.227035,0.364961,0.201704,0.075000,-0.175501
19.887410,1.074925,0.492871,-0.634658,1.228929,0.361409,0.202483,0.075000,-0.177482
19.920623,1.074925,0.492871,-0.634658,1.228929,0.361409,0.202483,0.075000,-0.177482
19.991017,1.076632,0.491614,-0.639556,1.228929,0.361409,0.200369,0.075000,-0.169053
20.020548,1.084570,0.485593,-0.661265,1.234469,0.350644,0.201695,0.075000,-0.177588
20.053851,1.087192,0.483548,-0.667339,1.236269,0.347021,0.202147,0.075000,-0.183234
20.087508,1.088643,0.482405,-0.671076,1.236269,0.347021,0.200305,0.075000,-0.177315
20.120742,1.091634,0.480021,-0.678113,1.238045,0.343379,0.200267,0.075000,-0.181565
20.153781,1.094322,0.477850,-0.684921,1.239797,0.339721,0.200606,0.075000,-0.185715
20.187003,1.096799,0.475820,-0.692054,1.241525,0.336046,0.201202,0.075000,-0.188524
20.220531,1.097995,0.474828,-0.695600,1.243230,0.332354,0.203450,0.075000,-0.196892
20.253627,1.100275,0.472919,-0.702955,1.243230,0.332354,0.200486,0.075000,-0.184413
20.287012,1.102572,0.470964,-0.710774,1.244911,0.328647,0.201282,0.075000,-0.185020
20.322964,1.103705,0.469989,-0.714497,1.246568,0.324923,0.203602,0.075000,-0.192715
20.356766,1.105970,0.468018,-0.721884,1.246568,0.324923,0.200609,0.075000,-0.180085
20.389565,1.107306,0.466841,-0.726231,1.248201,0.321183,0.202652,0.075000,-0.186816
20.425215,1.109333,0.465035,-0.733131,1.249810,0.317428,0.203769,0.075000,-0.188787
20.454126,1.110432,0.464045,-0.736851,1.249810,0.317428,0.202294,0.075000,-0.182381
20.487540,1.113756,0.461007,-0.747771,1.251394,0.313657,0.201634,0.075000,-0.177622
20.524530,1.114845,0.459997,-0.751489,1.251394,0.313657,0.200152,0.075000,-0.170997
20.554052,1.115968,0.458947,-0.755464,1.252955,0.309872,0.202457,0.075000,-0.178079
20.590595,1.118383,0.456665,-0.763082,1.254491,0.306072,0.202987,0.075000,-0.179152
20.624620,1.120318,0.454808,-0.769398,1.254491,0.306072,0.200312,0.075000,-0.168188
20.654160,1.121397,0.453763,-0.772905,1.256004,0.302257,0.202665,0.075000,-0.176227
20.687584,1.124608,0.450610,-0.783593,1.257491,0.298429,0.202032,0.075000,-0.171608
20.722786,1.125674,0.449547,-0.786981,1.257491,0.298429,0.200531,0.075000,-0.165761
20.758017,1.127789,0.447418,-0.794037,1.258955,0.294586,0.201400,0.075000,-0.167459
20.790753,1.129031,0.446155,-0.798082,1.260394,0.290730,0.203502,0.075000,-0.174348
20.823369,1.130917,0.444214,-0.804401,1.260394,0.290730,0.200802,0.075000,-0.163319
20.854463,1.131949,0.443142,-0.807638,1.261808,0.286861,0.203193,0.075000,-0.171710
20.887239,1.132990,0.442054,-0.810721,1.261808,0.286861,0.201691,0.075000,-0.166652
20.920741,1.135469,0.439435,-0.819107,1.263198,0.282979,0.201974,0.075000,-0.165821
20.953884,1.135469,0.439435,-0.819107,1.263198,0.282979,0.201974,0.075000,-0.165821
20.987321,1.135469,0.439435,-0.819107,1.263198,0.282979,0.201974,0.075000,-0.165821
21.029794,1.136090,0.438771,-0.821187,1.263198,0.282979,0.201067,0.075000,-0.162160
21.053725,1.143171,0.431008,-0.844830,1.267221,0.271257,0.202260,0.075000,-0.162320
21.086907,1.145164,0.428756,-0.851368,1.268512,0.267325,0.203161,0.075000,-0.164693
21.120707,1.146152,0.427628,-0.854396,1.268512,0.267325,0.201666,0.075000,-0.159651
21.153667,1.148103,0.425383,-0.860724,1.269779,0.263382,0.202606,0.075000,-0.162463
21.186900,1.150048,0.423113,-0.867267,1.271020,0.259428,0.203536,0.075000,-0.164635
21.220470,1.151012,0.421976,-0.870367,1.271020,0.259428,0.202050,0.075000,-0.159413
21.253777,1.152928,0.419698,-0.876758,1.272237,0.255462,0.202998,0.075000,-0.161900
21.286917,1.154839,0.417394,-0.883327,1.272237,0.255462,0.200010,0.075000,-0.150325
21.320631,1.155783,0.416244,-0.886545,1.273429,0.251486,0.202449,0.075000,-0.158338
21.353672,1.157698,0.413888,-0.893002,1.274596,0.247499,0.203348,0.075000,-0.160581
21.389939,1.158649,0.412708,-0.896042,1.274596,0.247499,0.201836,0.075000,-0.155481
21.421148,1.160518,0.410364,-0.902353,1.275738,0.243502,0.202777,0.075000,-0.157980
21.454983,1.162359,0.408025,-0.908457,1.276855,0.239495,0.203743,0.075000,-0.160841
21.487413,1.164224,0.405626,-0.914798,1.276855,0.239495,0.200712,0.075000,-0.149916
21.521313,1.165132,0.404446,-0.918054,1.277946,0.235479,0.203167,0.075000,-0.157515
21.553807,1.166930,0.402088,-0.924305,1.277946,0.235479,0.200208,0.075000,-0.146576
21.591063,1.167849,0.400870,-0.927326,1.279012,0.231453,0.202631,0.075000,-0.154818
21.623207,1.169662,0.398446,-0.933787,1.280054,0.227418,0.203560,0.075000,-0.156676
21.654426,1.171441,0.396034,-0.939670,1.280054,0.227418,0.200569,0.075000,-0.146693
21.687413,1.171441,0.396034,-0.939670,1.280054,0.227418,0.200569,0.075000,-0.146693
21.724084,1.174075,0.392406,-0.948898,1.281069,0.223374,0.200049,0.075000,-0.143831
21.753764,1.175802,0.389989,-0.954883,1.282060,0.219322,0.201042,0.075000,-0.146746
21.787243,1.176690,0.388735,-0.957988,1.283025,0.215262,0.203470,0.075000,-0.154464
21.820528,1.178750,0.385793,-0.964961,1.283965,0.211194,0.203850,0.075000,-0.155650
21.853626,1.180106,0.383831,-0.969375,1.283965,0.211194,0.201471,0.075000,-0.148386
21.887432,1.180956,0.382592,-0.972413,1.284879,0.207118,0.203939,0.075000,-0.156046
21.920954,1.180956,0.382592,-0.972413,1.284879,0.207118,0.203939,0.075000,-0.156046
21.953995,1.180956,0.382592,-0.972413,1.284879,0.207118,0.203939,0.075000,-0.156046
21.987305,1.180956,0.382592,-0.972413,1.284879,0.207118,0.203939,0.075000,-0.156046
22.020708,1.180956,0.382592,-0.972413,1.284879,0.207118,0.203939,0.075000,-0.156046
22.081178,1.181813,0.381336,-0.975410,1.284879,0.207118,0.202422,0.075000,-0.151005
22.086958,1.189265,0.370041,-1.003208,1.287468,0.194847,0.200840,0.075000,-0.141051
22.120503,1.191189,0.367011,-1.010606,1.288280,0.190744,0.201238,0.075000,-0.140856
22.153681,1.192440,0.365012,-1.015520,1.289066,0.186634,0.202868,0.075000,-0.144918
22.187280,1.193238,0.363727,-1.018461,1.289066,0.186634,0.201358,0.075000,-0.139809
22.220622,1.194816,0.361159,-1.024072,1.289827,0.182519,0.202334,0.075000,-0.143040
22.254178,1.196379,0.358583,-1.029765,1.290561,0.178398,0.203315,0.075000,-0.145973
22.287343,1.197152,0.357296,-1.032487,1.290561,0.178398,0.201817,0.075000,-0.141415
22.321198,1.198836,0.354466,-1.039093,1.291270,0.174271,0.202520,0.075000,-0.142462
22.353965,1.200190,0.352158,-1.044323,1.291953,0.170140,0.203841,0.075000,-0.145899
22.391456,1.201089,0.350610,-1.047682,1.291953,0.170140,0.202054,0.075000,-0.140192
22.424705,1.202596,0.347989,-1.053313,1.292610,0.166004,0.203030,0.075000,-0.143118
22.454682,1.203915,0.345665,-1.058450,1.292610,0.166004,0.200362,0.075000,-0.134117
22.487888,1.204804,0.344085,-1.061990,1.293241,0.161863,0.202549,0.075000,-0.140547
22.520550,1.206415,0.341187,-1.068141,1.293846,0.157718,0.203236,0.075000,-0.142481
22.553731,1.207582,0.339060,-1.072368,1.293846,0.157718,0.200814,0.075000,-0.135401
22.587463,1.208432,0.337498,-1.075761,1.294425,0.153570,0.203038,0.075000,-0.141995
22.620398,1.209998,0.334586,-1.082048,1.294978,0.149418,0.203737,0.075000,-0.143464
22.653619,1.211126,0.332461,-1.086017,1.294978,0.149418,0.201336,0.075000,-0.137040
22.686919,1.212515,0.329814,-1.091839,1.295505,0.145262,0.202352,0.075000,-0.139206
22.720585,1.213202,0.328490,-1.094584,1.295505,0.145262,0.200863,0.075000,-0.134455
22.753612,1.214551,0.325868,-1.099941,1.296005,0.141104,0.201922,0.075000,-0.137686
22.786958,1.215901,0.323207,-1.105687,1.296480,0.136943,0.202946,0.075000,-0.139901
22.820624,1.216575,0.321865,-1.108342,1.296480,0.136943,0.201447,0.075000,-0.135410
22.853613,1.217907,0.319183,-1.113963,1.296928,0.132780,0.202461,0.075000,-0.137912
22.887126,1.217907,0.319183,-1.113963,1.296928,0.132780,0.202461,0.075000,-0.137912
22.920522,1.217907,0.319183,-1.113963,1.296928,0.132780,0.202461,0.075000,-0.137912
22.975633,1.218569,0.317835,-1.116666,1.296928,0.132780,0.200961,0.075000,-0.133263
22.989769,1.221832,0.311056,-1.130271,1.297746,0.124447,0.201460,0.075000,-0.134364
23.023260,1.223100,0.308355,-1.136040,1.298115,0.120278,0.202485,0.075000,-0.136341
23.053977,1.224371,0.305608,-1.141869,1.298458,0.116108,0.203468,0.075000,-0.138130
23.087219,1.225611,0.302888,-1.147050,1.298458,0.116108,0.200483,0.075000,-0.129327
23.122345,1.226232,0.301512,-1.149588,1.298774,0.111937,0.202980,0.075000,-0.137236
23.158461,1.227444,0.298801,-1.154802,1.298774,0.111937,0.200016,0.075000,-0.128286
23.191878,1.228664,0.296030,-1.160492,1.299064,0.107765,0.200997,0.075000,-0.130441
23.221486,1.229264,0.294651,-1.162964,1.299328,0.103593,0.203500,0.075000,-0.138363
23.254331,1.230439,0.291923,-1.168203,1.299328,0.103593,0.200533,0.075000,-0.129404
23.287609,1.231147,0.290261,-1.171552,1.299565,0.099421,0.202734,0.075000,-0.135596
23.320744,1.231612,0.289159,-1.173754,1.299565,0.099421,0.201539,0.075000,-0.131752
23.353792,1.233337,0.285016,-1.181508,1.299775,0.095249,0.201060,0.075000,-0.130547
23.387087,1.234480,0.282218,-1.186855,1.299959,0.091078,0.202045,0.075000,-0.133322
23.420640,1.235041,0.280831,-1.189481,1.299959,0.091078,0.200550,0.075000,-0.128778
23.453662,1.236165,0.278018,-1.194704,1.300117,0.086908,0.201527,0.075000,-0.131864
23.486958,1.237262,0.275230,-1.200144,1.300247,0.082738,0.202534,0.075000,-0.134286
23.523209,1.237816,0.273804,-1.202974,1.300247,0.082738,0.201007,0.075000,-0.129305
23.554138,1.238889,0.271009,-1.208132,1.300351,0.078570,0.202016,0.075000,-0.132397
23.587414,1.239405,0.269650,-1.210564,1.300351,0.078570,0.200564,0.075000,-0.128267
23.622465,1.240491,0.266753,-1.215794,1.300428,0.074404,0.201471,0.075000,-0.131302
23.654223,1.241499,0.264025,-1.220855,1.300479,0.070239,0.202562,0.075000,-0.134436
23.690410,1.242009,0.262625,-1.223403,1.300479,0.070239,0.201075,0.075000,-0.130106
23.721096,1.243032,0.259789,-1.228651,1.300503,0.066077,0.202057,0.075000,-0.132908
23.753659,1.244041,0.256945,-1.234044,1.300500,0.061918,0.203035,0.075000,-0.135288
23.790604,1.244526,0.255559,-1.236646,1.300500,0.061918,0.201568,0.075000,-0.130819
23.820533,1.245499,0.252744,-1.241963,1.300470,0.057761,0.202584,0.075000,-0.133312
23.855203,1.245975,0.251348,-1.244597,1.300470,0.057761,0.201111,0.075000,-0.128733
23.887572,1.247111,0.247974,-1.250724,1.300413,0.053607,0.201542,0.075000,-0.129988
23.920544,1.247865,0.245691,-1.254954,1.300329,0.049457,0.203126,0.075000,-0.134330
23.954523,1.247865,0.245691,-1.254954,1.300329,0.049457,0.203126,0.075000,-0.134330
24.021005,1.247865,0.245691,-1.254954,1.300329,0.049457,0.203126,0.075000,-0.134330
24.053744,1.250602,0.237129,-1.270872,1.300081,0.041168,0.202111,0.075000,-0.130064
24.090506,1.251575,0.233967,-1.276532,1.299916,0.037030,0.202784,0.075000,-0.131993
24.120773,1.251918,0.232836,-1.278616,1.299916,0.037030,0.201604,0.075000,-0.128381
24.157661,1.253222,0.228458,-1.286539,1.299725,0.032896,0.201015,0.075000,-0.126310
24.187204,1.254052,0.225605,-1.291772,1.299506,0.028767,0.202018,0.075000,-0.128838
24.220481,1.254461,0.224177,-1.294385,1.299506,0.028767,0.200534,0.075000,-0.124247
24.253638,1.255269,0.221316,-1.299233,1.299261,0.024643,0.201533,0.075000,-0.127731
24.287225,1.255675,0.219860,-1.301922,1.299261,0.024643,0.200024,0.075000,-0.122954
24.321205,1.256472,0.216954,-1.306684,1.298988,0.020525,0.200978,0.075000,-0.126710
24.353683,1.257255,0.214046,-1.312013,1.298688,0.016412,0.201930,0.075000,-0.129016
24.386982,1.257712,0.212317,-1.314865,1.298688,0.016412,0.200144,0.075000,-0.124214
24.420358,1.258473,0.209397,-1.319933,1.298361,0.012306,0.201088,0.075000,-0.127189
24.454590,1.259131,0.206816,-1.324398,1.298007,0.008205,0.202380,0.075000,-0.131133
24.486892,1.259865,0.203885,-1.329736,1.297626,0.004111,0.203312,0.075000,-0.133335
24.520429,1.260219,0.202445,-1.332297,1.297626,0.004111,0.201831,0.075000,-0.128964
24.553646,1.260923,0.199535,-1.337543,1.297218,0.000024,0.202786,0.075000,-0.131363
24.589400,1.261403,0.197515,-1.341065,1.297218,0.000024,0.200713,0.075000,-0.125329
24.620526,1.261946,0.195179,-1.345063,1.296782,-0.004056,0.202258,0.075000,-0.130063
24.654458,1.262426,0.193092,-1.348837,1.296782,-0.004056,0.200119,0.075000,-0.123440
24.687238,1.263281,0.189263,-1.355731,1.296319,-0.008129,0.200138,0.075000,-0.122942
24.724035,1.263609,0.187764,-1.358386,1.295829,-0.012194,0.202537,0.075000,-0.129912
24.753769,1.264240,0.184816,-1.363475,1.295312,-0.016251,0.203454,0.075000,-0.132651
24.789723,1.264546,0.183362,-1.365835,1.295312,-0.016251,0.201970,0.075000,-0.128773
24.823179,1.265160,0.180392,-1.370724,1.294767,-0.020300,0.202864,0.075000,-0.132054
24.854503,1.265459,0.178918,-1.373400,1.294767,-0.020300,0.201362,0.075000,-0.127397
24.887466,1.265752,0.177453,-1.375846,1.294195,-0.024340,0.203787,0.075000,-0.134683
24.920709,1.266329,0.174508,-1.381125,1.294195,-0.024340,0.200791,0.075000,-0.125557
24.953903,1.266899,0.171535,-1.383808,1.293596,-0.028372,0.201682,0.075000,-0.134371
24.987031,1.267171,0.170095,-1.385296,1.293596,-0.028372,0.200218,0.075000,-0.132634
25.020657,1.267171,0.170095,-1.385296,1.293596,-0.028372,0.200218,0.075000,-0.132634
25.053793,1.267171,0.170095,-1.385296,1.293596,-0.028372,0.200218,0.075000,-0.132634
25.128369,1.267534,0.168162,-1.388295,1.292969,-0.032394,0.202162,0.075000,-0.139302
25.154366,1.269711,0.155722,-1.408214,1.290925,-0.044405,0.201248,0.075000,-0.141473
25.188554,1.270078,0.153481,-1.411699,1.290189,-0.048389,0.202869,0.075000,-0.147308
25.220366,1.270541,0.150574,-1.417547,1.289425,-0.052362,0.203813,0.075000,-0.148237
25.256296,1.270742,0.149274,-1.420447,1.289425,-0.052362,0.202500,0.075000,-0.143017
25.287047,1.271220,0.146081,-1.427584,1.288634,-0.056325,0.203154,0.075000,-0.141163
25.320380,1.271650,0.143066,-1.433320,1.288634,-0.056325,0.200113,0.075000,-0.131120
25.353644,1.271976,0.140694,-1.437638,1.287815,-0.060277,0.201595,0.075000,-0.135120
25.392446,1.272116,0.139645,-1.440802,1.287815,-0.060277,0.200537,0.075000,-0.128673
25.424450,1.272378,0.137609,-1.448337,1.286969,-0.064217,0.202353,0.075000,-0.124210
25.453630,1.272709,0.134901,-1.452528,1.286096,-0.068146,0.203488,0.075000,-0.128772
25.487177,1.272889,0.133384,-1.454615,1.286096,-0.068146,0.201962,0.075000,-0.125563
25.520720,1.273279,0.130015,-1.458199,1.285195,-0.072064,0.202429,0.075000,-0.132573
25.553917,1.273654,0.126672,-1.463215,1.284267,-0.075969,0.202919,0.075000,-0.136085
25.591789,1.274008,0.123351,-1.468734,1.283311,-0.079862,0.203426,0.075000,-0.138341
25.621409,1.274177,0.121702,-1.471833,1.283311,-0.079862,0.201771,0.075000,-0.132954
25.654501,1.274473,0.118676,-1.477145,1.282327,-0.083743,0.202571,0.075000,-0.135363
25.687662,1.274635,0.116956,-1.480485,1.282327,-0.083743,0.200847,0.075000,-0.129396
25.720388,1.274867,0.114357,-1.485372,1.281316,-0.087611,0.202071,0.075000,-0.132320
25.753733,1.275102,0.111573,-1.490742,1.280278,-0.091465,0.203104,0.075000,-0.134268
25.787235,1.275258,0.109630,-1.494664,1.280278,-0.091465,0.201158,0.075000,-0.127144
25.820403,1.275435,0.107271,-1.498679,1.279212,-0.095307,0.202613,0.075000,-0.131906
25.854200,1.275539,0.105831,-1.500750,1.279212,-0.095307,0.201172,0.075000,-0.128664
25.887462,1.275643,0.104355,-1.502800,1.278118,-0.099135,0.203504,0.075000,-0.137108
25.922948,1.275969,0.099374,-1.511843,1.276997,-0.102949,0.202325,0.075000,-0.133064
25.953837,1.275969,0.099374,-1.511843,1.276997,-0.102949,0.202325,0.075000,-0.133064
25.987259,1.275969,0.099374,-1.511843,1.276997,-0.102949,0.202325,0.075000,-0.133064
26.020592,1.275969,0.099374,-1.511843,1.276997,-0.102949,0.202325,0.075000,-0.133064
26.053878,1.275969,0.099374,-1.511843,1.276997,-0.102949,0.202325,0.075000,-0.133064
26.087191,1.275969,0.099374,-1.511843,1.276997,-0.102949,0.202325,0.075000,-0.133064
26.149220,1.275969,0.099374,-1.511843,1.276997,-0.102949,0.202325,0.075000,-0.133064
26.153517,1.276752,0.081820,-1.543448,1.270978,-0.121803,0.203704,0.075000,-0.136644
26.189503,1.276808,0.079756,-1.546653,1.270978,-0.121803,0.201643,0.075000,-0.131518
26.223560,1.276865,0.077313,-1.551277,1.269691,-0.125529,0.202968,0.075000,-0.135104
26.254252,1.276916,0.074496,-1.556506,1.269691,-0.125529,0.200155,0.075000,-0.125839
26.287489,1.276937,0.073024,-1.559076,1.268377,-0.129239,0.202444,0.075000,-0.133348
26.322182,1.276968,0.070025,-1.564398,1.267035,-0.132933,0.203201,0.075000,-0.136005
26.353738,1.276984,0.067014,-1.569125,1.267035,-0.132933,0.200194,0.075000,-0.128285
26.389624,1.276986,0.065532,-1.571553,1.265666,-0.136611,0.202460,0.075000,-0.136222
26.422636,1.276980,0.062470,-1.577272,1.264269,-0.140273,0.203141,0.075000,-0.138099
26.455366,1.276970,0.060986,-1.580394,1.264269,-0.140273,0.201659,0.075000,-0.132407
26.487390,1.276934,0.057767,-1.587136,1.262844,-0.143919,0.202177,0.075000,-0.132014
26.520675,1.276886,0.055064,-1.592250,1.261392,-0.147547,0.203202,0.075000,-0.134944
26.553744,1.276818,0.052031,-1.597418,1.261392,-0.147547,0.200174,0.075000,-0.126128
26.587043,1.276772,0.050320,-1.600581,1.259912,-0.151159,0.202183,0.075000,-0.132738
26.620365,1.276679,0.047346,-1.606145,1.258405,-0.154753,0.202924,0.075000,-0.135030
26.653725,1.276581,0.044623,-1.610610,1.258405,-0.154753,0.200203,0.075000,-0.127558
26.687614,1.276507,0.042775,-1.614171,1.256870,-0.158330,0.202061,0.075000,-0.133462
26.720368,1.276372,0.039776,-1.620262,1.255308,-0.161888,0.202762,0.075000,-0.134599
26.753664,1.276232,0.036992,-1.624896,1.253718,-0.165429,0.203669,0.075000,-0.139045
26.786925,1.276076,0.034179,-1.630225,1.253718,-0.165429,0.200857,0.075000,-0.129679
26.820521,1.275948,0.032023,-1.633253,1.252100,-0.168952,0.202385,0.075000,-0.137417
26.854662,1.275890,0.031099,-1.634443,1.252100,-0.168952,0.201461,0.075000,-0.135731
26.887138,1.275699,0.028144,-1.639050,1.250455,-0.172456,0.202182,0.075000,-0.140712
26.920629,1.275699,0.028144,-1.639050,1.250455,-0.172456,0.202182,0.075000,-0.140712
26.998248,1.275699,0.028144,-1.639050,1.250455,-0.172456,0.202182,0.075000,-0.140712
27.020419,1.274903,0.017738,-1.657652,1.245354,-0.182856,0.202758,0.075000,-0.146391
27.054785,1.274641,0.014768,-1.663087,1.243599,-0.186284,0.203434,0.075000,-0.149583
27.087492,1.274475,0.012983,-1.666615,1.243599,-0.186284,0.201645,0.075000,-0.143517
27.120788,1.274210,0.010268,-1.672269,1.241816,-0.189692,0.202567,0.075000,-0.145889
27.153733,1.273898,0.007234,-1.677476,1.240005,-0.193081,0.203161,0.075000,-0.149867
27.186983,1.273576,0.004264,-1.683278,1.240005,-0.193081,0.200179,0.075000,-0.139845
27.220429,1.273403,0.002732,-1.686757,1.238167,-0.196449,0.202273,0.075000,-0.146080
27.254080,1.273060,-0.000176,-1.693013,1.236302,-0.199797,0.202977,0.075000,-0.147428
27.290381,1.272699,-0.003079,-1.698996,1.236302,-0.199797,0.200058,0.075000,-0.136777
27.321039,1.272501,-0.004613,-1.701771,1.234409,-0.203125,0.202134,0.075000,-0.144898
27.356746,1.272103,-0.007606,-1.707813,1.232488,-0.206432,0.202734,0.075000,-0.147032
27.387147,1.271695,-0.010539,-1.713070,1.230540,-0.209718,0.203387,0.075000,-0.151048
27.420294,1.271482,-0.012028,-1.716220,1.230540,-0.209718,0.201885,0.075000,-0.145517
27.453615,1.271047,-0.014975,-1.721862,1.228565,-0.212983,0.202514,0.075000,-0.148730
27.487203,1.270820,-0.016466,-1.724678,1.228565,-0.212983,0.201009,0.075000,-0.143972
27.520858,1.270349,-0.019477,-1.730214,1.226562,-0.216227,0.201563,0.075000,-0.147663
27.554514,1.269868,-0.022449,-1.735166,1.224532,-0.219449,0.202149,0.075000,-0.152818
27.587793,1.269393,-0.025282,-1.741662,1.222474,-0.222649,0.202867,0.075000,-0.154007
27.620885,1.269144,-0.026725,-1.744966,1.222474,-0.222649,0.201406,0.075000,-0.148064
27.653863,1.268621,-0.029680,-1.750296,1.220389,-0.225827,0.201990,0.075000,-0.152414
27.687605,1.268074,-0.032673,-1.755742,1.218277,-0.228983,0.202527,0.075000,-0.156612
27.720792,1.267792,-0.034179,-1.758799,1.218277,-0.228983,0.200999,0.075000,-0.151414
27.753781,1.267215,-0.037194,-1.764279,1.216137,-0.232117,0.201504,0.075000,-0.155717
27.790054,1.266640,-0.040110,-1.769610,1.213970,-0.235228,0.202102,0.075000,-0.160305
27.820472,1.266322,-0.041689,-1.772737,1.213970,-0.235228,0.200495,0.075000,-0.155102
27.854786,1.266009,-0.043217,-1.775886,1.211776,-0.238317,0.202497,0.075000,-0.162953
27.887722,1.265387,-0.046184,-1.782057,1.209554,-0.241382,0.203026,0.075000,-0.165703
27.923105,1.265072,-0.047654,-1.785623,1.209554,-0.241382,0.201526,0.075000,-0.159352
27.954005,1.265072,-0.047654,-1.785623,1.209554,-0.241382,0.201526,0.075000,-0.159352
27.987411,1.265072,-0.047654,-1.785623,1.209554,-0.241382,0.201526,0.075000,-0.159352
28.037608,1.264678,-0.049460,-1.789818,1.207305,-0.244424,0.203230,0.075000,-0.165142
28.056157,1.262270,-0.059813,-1.812032,1.200394,-0.253409,0.203244,0.075000,-0.167447
28.088593,1.261916,-0.061254,-1.814771,1.200394,-0.253409,0.201763,0.075000,-0.163143
28.121611,1.261253,-0.063900,-1.820660,1.198036,-0.256357,0.202574,0.075000,-0.166499
28.156003,1.260532,-0.066710,-1.826580,1.195651,-0.259280,0.203207,0.075000,-0.170114
28.187542,1.260090,-0.068398,-1.830264,1.195651,-0.259280,0.201466,0.075000,-0.163945
28.220766,1.259388,-0.071028,-1.836584,1.193238,-0.262179,0.202274,0.075000,-0.166408
28.253727,1.258606,-0.073882,-1.842732,1.190799,-0.265054,0.202841,0.075000,-0.169736
28.287286,1.258200,-0.075337,-1.846297,1.190799,-0.265054,0.201334,0.075000,-0.163453
28.320476,1.257303,-0.078483,-1.854512,1.188332,-0.267904,0.201586,0.075000,-0.162295
28.353653,1.256549,-0.081058,-1.860378,1.185839,-0.270728,0.202423,0.075000,-0.166023
28.387052,1.256117,-0.082507,-1.863552,1.185839,-0.270728,0.200914,0.075000,-0.160645
28.420864,1.255216,-0.085477,-1.870738,1.183318,-0.273528,0.201328,0.075000,-0.161917
28.453628,1.254339,-0.088301,-1.877558,1.180770,-0.276303,0.201883,0.075000,-0.163930
28.486900,1.253408,-0.091218,-1.884966,1.178195,-0.279052,0.202333,0.075000,-0.164706
28.520585,1.252933,-0.092681,-1.888473,1.178195,-0.279052,0.200799,0.075000,-0.158520
28.557462,1.251968,-0.095607,-1.894121,1.175594,-0.281776,0.201226,0.075000,-0.163825
28.589679,1.251273,-0.097680,-1.898564,1.172965,-0.284474,0.202544,0.075000,-0.170692
28.622920,1.250477,-0.100013,-1.903456,1.172965,-0.284474,0.200085,0.075000,-0.162681
28.655217,1.249504,-0.102817,-1.909025,1.170309,-0.287146,0.200622,0.075000,-0.168258
28.687428,1.248509,-0.105633,-1.915495,1.167627,-0.289792,0.201138,0.075000,-0.171720
28.721495,1.248006,-0.107033,-1.918429,1.164917,-0.292412,0.203147,0.075000,-0.181308
28.753847,1.246976,-0.109862,-1.925326,1.164917,-0.292412,0.200145,0.075000,-0.169550
28.789262,1.246253,-0.111815,-1.930287,1.162181,-0.295005,0.201560,0.075000,-0.175404
28.822761,1.245469,-0.113893,-1.936725,1.159418,-0.297572,0.202836,0.075000,-0.177798
28.855404,1.244996,-0.115127,-1.940428,1.159418,-0.297572,0.201518,0.075000,-0.170967
28.887093,1.243958,-0.117791,-1.947562,1.156629,-0.300112,0.202157,0.075000,-0.172825
28.921990,1.243958,-0.117791,-1.947562,1.156629,-0.300112,0.202157,0.075000,-0.172825
28.958122,1.243958,-0.117791,-1.947562,1.156629,-0.300112,0.202157,0.075000,-0.172825
28.999266,1.243958,-0.117791,-1.947562,1.156629,-0.300112,0.202157,0.075000,-0.172825
29.020482,1.239821,-0.127959,-1.971251,1.148099,-0.307570,0.201676,0.075000,-0.177591
29.053842,1.238987,-0.129931,-1.976014,1.145203,-0.310002,0.203029,0.075000,-0.184390
29.087129,1.238008,-0.132205,-1.981600,1.145203,-0.310002,0.200561,0.075000,-0.175030
29.124524,1.236802,-0.134961,-1.988495,1.142280,-0.312406,0.201050,0.075000,-0.178289
29.153730,1.235627,-0.137595,-1.995730,1.139330,-0.314782,0.201664,0.075000,-0.180546
29.187056,1.234900,-0.139200,-2.000139,1.136354,-0.317131,0.203398,0.075000,-0.187743
29.220278,1.233792,-0.141609,-2.006796,1.136354,-0.317131,0.200754,0.075000,-0.176132
29.253778,1.233156,-0.142975,-2.010621,1.133352,-0.319452,0.202743,0.075000,-0.184470
29.287081,1.231674,-0.146107,-2.019747,1.130323,-0.321744,0.202782,0.075000,-0.183328
29.320656,1.230485,-0.148564,-2.026452,1.130323,-0.321744,0.200059,0.075000,-0.171580
29.353755,1.229166,-0.151245,-2.033592,1.127267,-0.324009,0.200577,0.075000,-0.174604
29.387196,1.227832,-0.153907,-2.041109,1.124186,-0.326245,0.201104,0.075000,-0.176734
29.420637,1.227180,-0.155190,-2.044199,1.121078,-0.328453,0.203169,0.075000,-0.187019
29.453745,1.225829,-0.157815,-2.051102,1.121078,-0.328453,0.200225,0.075000,-0.175307
29.487732,1.224997,-0.159413,-2.055109,1.117943,-0.330632,0.201932,0.075000,-0.184199
29.522992,1.223763,-0.161750,-2.061084,1.114783,-0.332783,0.202803,0.075000,-0.189720
29.555996,1.222323,-0.164436,-2.068421,1.111596,-0.334904,0.203273,0.075000,-0.192723
29.591430,1.220898,-0.167048,-2.075418,1.111596,-0.334904,0.200307,0.075000,-0.180990
29.623334,1.220171,-0.168365,-2.079076,1.108384,-0.336997,0.202319,0.075000,-0.190390
29.656431,1.218692,-0.171008,-2.086869,1.105145,-0.339061,0.202817,0.075000,-0.192424
29.687547,1.217942,-0.172330,-2.090781,1.105145,-0.339061,0.201302,0.075000,-0.185643
29.721247,1.216467,-0.174894,-2.098166,1.101880,-0.341095,0.201874,0.075000,-0.188654
29.753735,1.214896,-0.177579,-2.106659,1.098589,-0.343100,0.202298,0.075000,-0.189277
29.786999,1.213341,-0.180186,-2.114754,1.095272,-0.345076,0.202802,0.075000,-0.190779
29.823508,1.212554,-0.181486,-2.119066,1.095272,-0.345076,0.201287,0.075000,-0.182982
29.853911,1.211756,-0.182793,-2.123311,1.091929,-0.347022,0.203297,0.075000,-0.191216
29.887264,1.211756,-0.182793,-2.123311,1.091929,-0.347022,0.203297,0.075000,-0.191216
29.920513,1.209420,-0.186552,-2.134304,1.088560,-0.348938,0.202426,0.075000,-0.188329
29.953765,1.209420,-0.186552,-2.134304,1.088560,-0.348938,0.202426,0.075000,-0.188329
29.987231,1.209420,-0.186552,-2.134304,1.088560,-0.348938,0.202426,0.075000,-0.188329
30.041293,1.209420,-0.186552,-2.134304,1.088560,-0.348938,0.202426,0.075000,-0.188329
30.053512,1.203718,-0.195357,-2.160139,1.078300,-0.354508,0.202630,0.075000,-0.192445
30.087005,1.202065,-0.197821,-2.167493,1.074828,-0.356305,0.203239,0.075000,-0.196054
30.120401,1.200368,-0.200310,-2.175264,1.074828,-0.356305,0.200236,0.075000,-0.182558
30.157742,1.198679,-0.202746,-2.183321,1.071331,-0.358071,0.200856,0.075000,-0.184596
30.190066,1.197666,-0.204188,-2.187815,1.067808,-0.359807,0.202683,0.075000,-0.193166
30.224189,1.196091,-0.206400,-2.194553,1.064260,-0.361513,0.203567,0.075000,-0.197954
30.254226,1.194319,-0.208854,-2.201696,1.064260,-0.361513,0.200549,0.075000,-0.186134
30.287828,1.192484,-0.211356,-2.209758,1.060686,-0.363188,0.201057,0.075000,-0.188617
30.322955,1.191572,-0.212584,-2.214181,1.057087,-0.364833,0.203140,0.075000,-0.197039
30.358266,1.189816,-0.214916,-2.222099,1.057087,-0.364833,0.200230,0.075000,-0.183023
30.390710,1.188602,-0.216508,-2.227283,1.053463,-0.366447,0.201853,0.075000,-0.190656
30.422857,1.187120,-0.218427,-2.233447,1.049813,-0.368030,0.203063,0.075000,-0.196565
30.454574,1.185270,-0.220789,-2.239875,1.049813,-0.368030,0.200071,0.075000,-0.186411
30.487675,1.184158,-0.222196,-2.244106,1.046138,-0.369583,0.201921,0.075000,-0.196112
30.521449,1.182465,-0.224311,-2.251368,1.042438,-0.371104,0.202869,0.075000,-0.200007
30.553701,1.180610,-0.226597,-2.258837,1.038713,-0.372595,0.203593,0.075000,-0.203880
30.587238,1.179652,-0.227761,-2.262718,1.038713,-0.372595,0.202091,0.075000,-0.197355
30.620622,1.177700,-0.230108,-2.270683,1.034962,-0.374054,0.202717,0.075000,-0.200293
30.653634,1.175798,-0.232359,-2.278081,1.031187,-0.375483,0.203462,0.075000,-0.204429
30.687333,1.174807,-0.233518,-2.282510,1.031187,-0.375483,0.201942,0.075000,-0.196588
30.722541,1.172817,-0.235817,-2.290840,1.027387,-0.376880,0.202605,0.075000,-0.198680
30.754647,1.171845,-0.236924,-2.294870,1.027387,-0.376880,0.201136,0.075000,-0.191605
30.787554,1.169587,-0.239466,-2.304246,1.023562,-0.378246,0.201453,0.075000,-0.191866
30.820647,1.167731,-0.241517,-2.311971,1.019712,-0.379580,0.202413,0.075000,-0.194965
30.853987,1.166738,-0.242601,-2.315595,1.019712,-0.379580,0.200948,0.075000,-0.188828
30.887472,1.165738,-0.243687,-2.319020,1.015837,-0.380884,0.203207,0.075000,-0.200053
30.924044,1.165738,-0.243687,-2.319020,1.015837,-0.380884,0.203207,0.075000,-0.200053
30.973207,1.164750,-0.244751,-2.322923,1.015837,-0.380884,0.201760,0.075000,-0.193291
30.989792,1.159755,-0.250010,-2.341326,1.008014,-0.383395,0.202032,0.075000,-0.195699
31.024214,1.157247,-0.252583,-2.350282,1.004066,-0.384604,0.202223,0.075000,-0.197519
31.055622,1.155523,-0.254322,-2.356329,1.000093,-0.385781,0.203568,0.075000,-0.204191
31.087634,1.153361,-0.256477,-2.364237,1.000093,-0.385781,0.200526,0.075000,-0.190716
31.120626,1.151880,-0.257934,-2.369235,0.996095,-0.386926,0.202257,0.075000,-0.199447
31.153760,1.150138,-0.259625,-2.375959,0.992073,-0.388039,0.203654,0.075000,-0.204446
31.188475,1.149051,-0.260670,-2.379894,0.992073,-0.388039,0.202151,0.075000,-0.197796
31.224218,1.146885,-0.262728,-2.388077,0.988027,-0.389121,0.203005,0.075000,-0.200365
31.255762,1.144656,-0.264810,-2.397166,0.983957,-0.390171,0.203812,0.075000,-0.200789
31.290806,1.143342,-0.266020,-2.402821,0.983957,-0.390171,0.202032,0.075000,-0.190392
31.322157,1.141360,-0.267818,-2.410762,0.979862,-0.391188,0.203228,0.075000,-0.192889
31.354034,1.139114,-0.269824,-2.418741,0.979862,-0.391188,0.200225,0.075000,-0.178785
31.387476,1.137795,-0.270988,-2.422629,0.975744,-0.392174,0.202353,0.075000,-0.189711
31.420909,1.135756,-0.272766,-2.428821,0.971601,-0.393128,0.203553,0.075000,-0.196532
31.453694,1.133458,-0.274746,-2.436071,0.971601,-0.393128,0.200529,0.075000,-0.184426
31.486887,1.131220,-0.276646,-2.443615,0.967435,-0.394050,0.201518,0.075000,-0.188517
31.520732,1.130069,-0.277611,-2.447501,0.967435,-0.394050,0.200020,0.075000,-0.181664
31.553963,1.127712,-0.279565,-2.454908,0.963244,-0.394940,0.200901,0.075000,-0.186358
31.587047,1.125413,-0.281443,-2.462012,0.959030,-0.395798,0.201893,0.075000,-0.191567
31.620498,1.124275,-0.282362,-2.465512,0.959030,-0.395798,0.200433,0.075000,-0.185662
31.653648,1.122635,-0.283678,-2.470423,0.954792,-0.396624,0.202307,0.075000,-0.194670
31.687028,1.120516,-0.285356,-2.477100,0.950530,-0.397417,0.203600,0.075000,-0.200292
31.720444,1.118389,-0.287016,-2.483956,0.950530,-0.397417,0.200911,0.075000,-0.188624
31.758810,1.116007,-0.288849,-2.491690,0.946245,-0.398179,0.201921,0.075000,-0.192324
31.789969,1.114398,-0.290072,-2.497430,0.941936,-0.398908,0.203932,0.075000,-0.198896
31.823753,1.113694,-0.290601,-2.499895,0.941936,-0.398908,0.203055,0.075000,-0.194567
31.855275,1.111396,-0.292311,-2.507638,0.941936,-0.398908,0.200199,0.075000,-0.180805
31.887253,1.109071,-0.294014,-2.515012,0.937604,-0.399605,0.201371,0.075000,-0.185103
31.921364,1.109071,-0.294014,-2.515012,0.937604,-0.399605,0.201371,0.075000,-0.185103
32.002574,1.109071,-0.294014,-2.515012,0.937604,-0.399605,0.201371,0.075000,-0.185103
32.023908,1.100452,-0.300110,-2.540982,0.924467,-0.401502,0.203104,0.075000,-0.191620
32.056668,1.098043,-0.301753,-2.548784,0.924467,-0.401502,0.200196,0.075000,-0.177723
32.087316,1.096558,-0.302753,-2.553438,0.920042,-0.402070,0.202538,0.075000,-0.186576
32.120615,1.094210,-0.304313,-2.560531,0.915594,-0.402606,0.203876,0.075000,-0.191061
32.153722,1.091667,-0.305977,-2.567705,0.915594,-0.402606,0.200846,0.075000,-0.178997
32.187271,1.090101,-0.306989,-2.572328,0.911122,-0.403110,0.203156,0.075000,-0.187890
32.220552,1.087789,-0.308462,-2.579186,0.911122,-0.403110,0.200423,0.075000,-0.175931
32.253736,1.085128,-0.310133,-2.587256,0.906628,-0.403581,0.201481,0.075000,-0.178648
32.287136,1.084124,-0.310754,-2.590532,0.906628,-0.403581,0.200303,0.075000,-0.172598
32.320448,1.081613,-0.312290,-2.598135,0.902111,-0.404020,0.201582,0.075000,-0.176035
32.353714,1.079123,-0.313789,-2.604489,0.897571,-0.404426,0.202919,0.075000,-0.182336
32.387021,1.077635,-0.314675,-2.608994,0.897571,-0.404426,0.201193,0.075000,-0.174313
32.420523,1.075113,-0.316155,-2.616169,0.893009,-0.404801,0.202534,0.075000,-0.178592
32.453613,1.072776,-0.317506,-2.622250,0.888424,-0.405143,0.204122,0.075000,-0.184972
32.487085,1.071183,-0.318416,-2.626194,0.888424,-0.405143,0.202293,0.075000,-0.178611
32.520607,1.068815,-0.319754,-2.631996,0.883816,-0.405453,0.203884,0.075000,-0.185675
32.553640,1.066132,-0.321246,-2.639083,0.883816,-0.405453,0.200823,0.075000,-0.173715
32.587371,1.064586,-0.322096,-2.643776,0.879186,-0.405730,0.203391,0.075000,-0.181864
32.624371,1.061980,-0.323506,-2.651654,0.879186,-0.405730,0.200436,0.075000,-0.167589
32.655488,1.060904,-0.324080,-2.654838,0.874534,-0.405976,0.203570,0.075000,-0.178473
32.687123,1.058220,-0.325494,-2.663079,0.874534,-0.405976,0.200544,0.075000,-0.163337
32.720866,1.055553,-0.326871,-2.670519,0.869859,-0.406189,0.201925,0.075000,-0.166740
32.755902,1.054231,-0.327544,-2.673851,0.869859,-0.406189,0.200445,0.075000,-0.160915
32.791401,1.051543,-0.328896,-2.681254,0.865162,-0.406370,0.201842,0.075000,-0.164343
32.824377,1.048646,-0.330326,-2.687814,0.860444,-0.406519,0.203041,0.075000,-0.170036
32.856999,1.048646,-0.330326,-2.687814,0.860444,-0.406519,0.203041,0.075000,-0.170036
32.888031,1.047565,-0.330854,-2.690023,0.860444,-0.406519,0.201840,0.075000,-0.166605
32.920199,1.041976,-0.333532,-2.702289,0.855703,-0.406635,0.200105,0.075000,-0.163103
32.953792,1.041976,-0.333532,-2.702289,0.855703,-0.406635,0.200105,0.075000,-0.163103
32.987353,1.041976,-0.333532,-2.702289,0.855703,-0.406635,0.200105,0.075000,-0.163103
33.023349,1.041976,-0.333532,-2.702289,0.855703,-0.406635,0.200105,0.075000,-0.163103
33.054707,1.041976,-0.333532,-2.702289,0.855703,-0.406635,0.200105,0.075000,-0.163103
33.106641,1.040141,-0.334395,-2.707565,0.850940,-0.406720,0.202554,0.075000,-0.169949
33.120937,1.029248,-0.339286,-2.734417,0.836521,-0.406781,0.204204,0.075000,-0.172026
33.153661,1.025712,-0.340799,-2.743195,0.836521,-0.406781,0.200366,0.075000,-0.156684
33.186981,1.024049,-0.341499,-2.746519,0.831672,-0.406737,0.203137,0.075000,-0.167562
33.220627,1.021456,-0.342577,-2.751598,0.831672,-0.406737,0.200336,0.075000,-0.159590
33.253683,1.018728,-0.343693,-2.758707,0.826801,-0.406661,0.201992,0.075000,-0.162924
33.287077,1.017358,-0.344245,-2.762223,0.826801,-0.406661,0.200519,0.075000,-0.156580
33.320473,1.014660,-0.345315,-2.769089,0.821909,-0.406554,0.202245,0.075000,-0.160291
33.353623,1.012409,-0.346195,-2.775397,0.816995,-0.406414,0.204482,0.075000,-0.164356
33.390147,1.010146,-0.347060,-2.781416,0.816995,-0.406414,0.202065,0.075000,-0.153415
33.423760,1.007579,-0.348023,-2.786873,0.812060,-0.406243,0.204003,0.075000,-0.159951
33.455834,1.004728,-0.349074,-2.793344,0.812060,-0.406243,0.200970,0.075000,-0.148686
33.487525,1.003071,-0.349675,-2.796871,0.807105,-0.406040,0.203911,0.075000,-0.158432
33.521462,1.000570,-0.350570,-2.801627,0.807105,-0.406040,0.201260,0.075000,-0.150805
33.557812,0.998607,-0.351264,-2.805861,0.802128,-0.405805,0.203909,0.075000,-0.159172
33.591030,0.996101,-0.352135,-2.811284,0.802128,-0.405805,0.201262,0.075000,-0.149900
33.624214,0.993597,-0.352990,-2.816905,0.797130,-0.405538,0.203374,0.075000,-0.155614
33.654416,0.990802,-0.353925,-2.823762,0.797130,-0.405538,0.200431,0.075000,-0.143080
33.687501,0.988818,-0.354578,-2.827852,0.792111,-0.405240,0.203125,0.075000,-0.151700
33.720489,0.986493,-0.355330,-2.832057,0.792111,-0.405240,0.200687,0.075000,-0.144922
33.753751,0.983527,-0.356275,-2.836994,0.787072,-0.404910,0.202386,0.075000,-0.152860
33.787358,0.980634,-0.357180,-2.842462,0.782012,-0.404549,0.204192,0.075000,-0.159092
33.820719,0.979201,-0.357622,-2.845563,0.782012,-0.404549,0.202695,0.075000,-0.153816
33.853654,0.976370,-0.358481,-2.852123,0.776932,-0.404156,0.204602,0.075000,-0.157105
33.887166,0.974995,-0.358890,-2.855405,0.776932,-0.404156,0.203170,0.075000,-0.151264
33.920821,0.974995,-0.358890,-2.855405,0.776932,-0.404156,0.203170,0.075000,-0.151264
33.980466,0.973558,-0.359313,-2.858502,0.776932,-0.404156,0.201675,0.075000,-0.145852
33.986828,0.967765,-0.360968,-2.871677,0.771831,-0.403732,0.200547,0.075000,-0.137131
34.020712,0.964921,-0.361751,-2.878187,0.766710,-0.403276,0.202514,0.075000,-0.140386
34.053619,0.961906,-0.362559,-2.884163,0.761568,-0.402789,0.204337,0.075000,-0.144907
34.087032,0.960407,-0.362954,-2.886383,0.761568,-0.402789,0.202790,0.075000,-0.141662
34.120475,0.957473,-0.363716,-2.891740,0.756407,-0.402271,0.204730,0.075000,-0.147411
34.157043,0.954532,-0.364463,-2.897671,0.756407,-0.402271,0.201701,0.075000,-0.137161
34.188834,0.952635,-0.364935,-2.901672,0.751225,-0.401722,0.204742,0.075000,-0.144644
34.220312,0.950025,-0.365570,-2.906793,0.751225,-0.401722,0.202060,0.075000,-0.135821
34.255379,0.947385,-0.366199,-2.911826,0.746024,-0.401142,0.204371,0.075000,-0.141681
34.287732,0.944469,-0.366877,-2.917298,0.746024,-0.401142,0.201382,0.075000,-0.132308
34.320506,0.942994,-0.367214,-2.920206,0.740802,-0.400531,0.204918,0.075000,-0.141622
34.353734,0.940097,-0.367862,-2.926152,0.740802,-0.400531,0.201954,0.075000,-0.131063
34.387417,0.938652,-0.368178,-2.929116,0.740802,-0.400531,0.200478,0.075000,-0.125619
34.420459,0.935749,-0.368800,-2.934689,0.735561,-0.399889,0.202588,0.075000,-0.130343
34.453673,0.932833,-0.369409,-2.939731,0.730300,-0.399216,0.204714,0.075000,-0.136066
34.489469,0.931379,-0.369706,-2.941949,0.730300,-0.399216,0.203233,0.075000,-0.132611
34.520964,0.928386,-0.370308,-2.947000,0.730300,-0.399216,0.200184,0.075000,-0.124034
34.554018,0.925245,-0.370923,-2.952398,0.725020,-0.398512,0.202117,0.075000,-0.129243
34.587224,0.923703,-0.371218,-2.954894,0.725020,-0.398512,0.200549,0.075000,-0.125056
34.620682,0.920700,-0.371782,-2.960318,0.719720,-0.397778,0.202654,0.075000,-0.129821
34.653673,0.917822,-0.372305,-2.966353,0.714401,-0.397013,0.204915,0.075000,-0.132599
34.687373,0.914902,-0.372818,-2.971302,0.714401,-0.397013,0.201955,0.075000,-0.124232
34.722142,0.913492,-0.373061,-2.973880,0.714401,-0.397013,0.200526,0.075000,-0.119589
34.753926,0.910403,-0.373581,-2.979444,0.709063,-0.396218,0.202608,0.075000,-0.123802
34.788583,0.908959,-0.373817,-2.981803,0.709063,-0.396218,0.201147,0.075000,-0.119750
34.823007,0.906027,-0.374286,-2.986443,0.703706,-0.395392,0.203420,0.075000,-0.125808
34.856297,0.904517,-0.374522,-2.988781,0.703706,-0.395392,0.201893,0.075000,-0.121933
34.888951,0.902984,-0.374758,-2.991154,0.703706,-0.395392,0.200344,0.075000,-0.117913
34.920828,0.902984,-0.374758,-2.991154,0.703706,-0.395392,0.200344,0.075000,-0.117913
34.953793,0.902984,-0.374758,-2.991154,0.703706,-0.395392,0.200344,0.075000,-0.117913
35.009052,0.901500,-0.374983,-2.993570,0.698329,-0.394536,0.204110,0.075000,-0.127519
35.020310,0.891132,-0.376459,-3.009765,0.687520,-0.392734,0.204261,0.075000,-0.127395
35.054325,0.888090,-0.376858,-3.015187,0.687520,-0.392734,0.201198,0.075000,-0.117796
35.087543,0.886215,-0.377096,-3.018304,0.682087,-0.391787,0.204656,0.075000,-0.125626
35.123173,0.883308,-0.377453,-3.023480,0.682087,-0.391787,0.201731,0.075000,-0.116440
35.158061,0.880595,-0.377771,-3.028894,0.676636,-0.390811,0.204376,0.075000,-0.119466
35.191148,0.878403,-0.378019,-3.033296,0.676636,-0.390811,0.202173,0.075000,-0.111212
35.221657,0.875843,-0.378295,-3.037222,0.671166,-0.389805,0.205001,0.075000,-0.117503
35.254526,0.874052,-0.378483,-3.039757,0.671166,-0.389805,0.203202,0.075000,-0.113362
35.288530,0.871372,-0.378754,-3.043828,0.671166,-0.389805,0.200511,0.075000,-0.106254
35.320634,0.868383,-0.379045,-3.047574,0.665677,-0.388770,0.202939,0.075000,-0.113489
35.353882,0.865557,-0.379309,-3.051655,0.665677,-0.388770,0.200103,0.075000,-0.106509
35.387202,0.863464,-0.379497,-3.054496,0.660171,-0.387705,0.203458,0.075000,-0.114837
35.420547,0.860425,-0.379760,-3.059161,0.660171,-0.387705,0.200411,0.075000,-0.106702
35.453719,0.858072,-0.379952,-3.063720,0.654646,-0.386610,0.203534,0.075000,-0.110890
35.487865,0.855047,-0.380184,-3.069077,0.654646,-0.386610,0.200504,0.075000,-0.100865
35.520551,0.853609,-0.380288,-3.071158,0.649104,-0.385486,0.204571,0.075000,-0.110005
35.553599,0.850596,-0.380498,-3.075299,0.649104,-0.385486,0.201554,0.075000,-0.103028
35.586955,0.847587,-0.380695,-3.079284,0.643543,-0.384333,0.204076,0.075000,-0.108945
35.620523,0.846047,-0.380791,-3.081380,0.643543,-0.384333,0.202535,0.075000,-0.105440
35.653617,0.843145,-0.380964,-3.085227,0.637964,-0.383151,0.205192,0.075000,-0.111333
35.686884,0.840074,-0.381133,-3.089281,0.637964,-0.383151,0.202120,0.075000,-0.104684
35.720331,0.838597,-0.381211,-3.090821,0.637964,-0.383151,0.200642,0.075000,-0.102398
35.757095,0.835571,-0.381362,-3.094845,0.632368,-0.381940,0.203203,0.075000,-0.107997
35.789744,0.832630,-0.381496,-3.099898,0.632368,-0.381940,0.200262,0.075000,-0.098548
35.820505,0.831185,-0.381557,-3.101983,0.626755,-0.380700,0.204432,0.075000,-0.107096
35.855628,0.829701,-0.381615,-3.103544,0.626755,-0.380700,0.202949,0.075000,-0.104824
35.887441,0.826761,-0.381725,-3.106947,0.626755,-0.380700,0.200009,0.075000,-0.099398
35.923576,0.826761,-0.381725,-3.106947,0.626755,-0.380700,0.200009,0.075000,-0.099398
35.980049,0.825271,-0.381776,-3.108893,0.621123,-0.379431,0.204161,0.075000,-0.108183
35.987161,0.819409,-0.381949,-3.117878,0.615475,-0.378134,0.203970,0.075000,-0.103959
36.022949,0.816020,-0.382026,-3.121694,0.615475,-0.378134,0.200583,0.075000,-0.097952
36.054984,0.813279,-0.382079,-3.124403,0.609809,-0.376808,0.203538,0.075000,-0.105818
36.087388,0.810252,-0.382128,-3.128953,0.609809,-0.376808,0.200513,0.075000,-0.097661
36.121081,0.808722,-0.382147,-3.131034,0.604126,-0.375454,0.204705,0.075000,-0.105637
36.153615,0.805689,-0.382176,-3.135344,0.604126,-0.375454,0.201675,0.075000,-0.098126
36.187242,0.803892,-0.382188,-3.137965,0.598426,-0.374071,0.205627,0.075000,-0.104790
36.220652,0.801127,-0.382195,3.141227,0.598426,-0.374071,0.202864,0.075000,-0.097798
36.254012,0.798198,-0.382191,3.137405,0.592709,-0.372661,0.205710,0.075000,-0.102434
36.287564,0.796477,-0.382184,3.135011,0.592709,-0.372661,0.203990,0.075000,-0.098307
36.320960,0.793681,-0.382163,3.131588,0.592709,-0.372661,0.201197,0.075000,-0.092530
36.353655,0.790529,-0.382129,3.127639,0.586975,-0.371223,0.203846,0.075000,-0.097040
36.387058,0.787675,-0.382086,3.122974,0.586975,-0.371223,0.200994,0.075000,-0.088178
36.420714,0.787675,-0.382086,3.122974,0.586975,-0.371223,0.200994,0.075000,-0.088178
36.453685,0.782882,-0.381987,3.117529,0.581224,-0.369757,0.202028,0.075000,-0.090346
36.487010,0.781100,-0.381944,3.115636,0.581224,-0.369757,0.200247,0.075000,-0.087237
36.520568,0.778393,-0.381872,3.111929,0.575457,-0.368263,0.203392,0.075000,-0.091668
36.553670,0.775713,-0.381790,3.108230,0.575457,-0.368263,0.200712,0.075000,-0.084892
36.587296,0.773913,-0.381730,3.106234,0.569674,-0.366742,0.204788,0.075000,-0.092503
36.620529,0.770504,-0.381606,3.101864,0.569674,-0.366742,0.201379,0.075000,-0.084778
36.655393,0.769546,-0.381568,3.100510,0.569674,-0.366742,0.200422,0.075000,-0.082216
36.690636,0.766301,-0.381432,3.096749,0.563874,-0.365193,0.203077,0.075000,-0.086661
36.720830,0.763647,-0.381310,3.092722,0.563874,-0.365193,0.200422,0.075000,-0.078901
36.753985,0.760573,-0.381157,3.089251,0.558058,-0.363617,0.203273,0.075000,-0.083744
36.791931,0.758435,-0.381045,3.087573,0.558058,-0.363617,0.201133,0.075000,-0.081365
36.821611,0.755700,-0.380896,3.085460,0.552226,-0.362014,0.204348,0.075000,-0.089040
36.854113,0.755700,-0.380896,3.085460,0.552226,-0.362014,0.204348,0.075000,-0.089040
36.887189,0.751457,-0.380651,3.080487,0.552226,-0.362014,0.200100,0.075000,-0.080354
36.920886,0.748454,-0.380465,3.077532,0.546378,-0.360385,0.203071,0.075000,-0.086115
36.953968,0.748454,-0.380465,3.077532,0.546378,-0.360385,0.203071,0.075000,-0.086115
36.987183,0.748454,-0.380465,3.077532,0.546378,-0.360385,0.203071,0.075000,-0.086115
37.020546,0.748454,-0.380465,3.077532,0.546378,-0.360385,0.203071,0.075000,-0.086115
37.054257,0.748454,-0.380465,3.077532,0.546378,-0.360385,0.203071,0.075000,-0.086115
37.105832,0.746940,-0.380367,3.075920,0.546378,-0.360385,0.201555,0.075000,-0.083419
37.120905,0.733342,-0.379375,3.059924,0.528739,-0.355335,0.206010,0.075000,-0.085635
37.153608,0.730256,-0.379120,3.056103,0.528739,-0.355335,0.202916,0.075000,-0.078827
37.187020,0.727253,-0.378860,3.052025,0.522828,-0.353600,0.205979,0.075000,-0.081007
37.221550,0.725743,-0.378724,3.050369,0.522828,-0.353600,0.204465,0.075000,-0.078164
37.254343,0.722784,-0.378452,3.047243,0.522828,-0.353600,0.201494,0.075000,-0.072708
37.287012,0.721034,-0.378286,3.045357,0.516902,-0.351838,0.205838,0.075000,-0.079205
37.320313,0.718356,-0.378026,3.042832,0.516902,-0.351838,0.203149,0.075000,-0.075081
37.356734,0.715447,-0.377736,3.040408,0.516902,-0.351838,0.200227,0.075000,-0.071219
37.390293,0.713677,-0.377556,3.038703,0.510961,-0.350050,0.204574,0.075000,-0.078140
37.423283,0.710897,-0.377267,3.035805,0.510961,-0.350050,0.201780,0.075000,-0.073115
37.454064,0.707938,-0.376951,3.032836,0.505004,-0.348236,0.204955,0.075000,-0.077584
37.487504,0.704962,-0.376624,3.030020,0.505004,-0.348236,0.201963,0.075000,-0.072907
37.521719,0.703496,-0.376460,3.028807,0.505004,-0.348236,0.200488,0.075000,-0.070960
37.557974,0.700482,-0.376116,3.025926,0.499032,-0.346397,0.203630,0.075000,-0.075627
37.591307,0.698750,-0.375915,3.024266,0.499032,-0.346397,0.201887,0.075000,-0.072829
37.623892,0.696023,-0.375592,3.021838,0.493046,-0.344532,0.205339,0.075000,-0.078122
37.654158,0.694541,-0.375413,3.020407,0.493046,-0.344532,0.203847,0.075000,-0.075761
37.687562,0.691334,-0.375021,3.017396,0.493046,-0.344532,0.200619,0.075000,-0.070688
37.720696,0.688599,-0.374677,3.014619,0.487045,-0.342642,0.204084,0.075000,-0.075075
37.753840,0.685515,-0.374281,3.010586,0.487045,-0.342642,0.200976,0.075000,-0.067353
37.787345,0.683751,-0.374048,3.008805,0.481029,-0.340727,0.205443,0.075000,-0.073308
37.820564,0.682530,-0.373885,3.007466,0.481029,-0.340727,0.204211,0.075000,-0.070915
37.853773,0.679520,-0.373477,3.004577,0.481029,-0.340727,0.201174,0.075000,-0.065870
37.887204,0.676573,-0.373068,3.001727,0.474999,-0.338787,0.204468,0.075000,-0.069906
37.920612,0.676573,-0.373068,3.001727,0.474999,-0.338787,0.204468,0.075000,-0.069906
37.953945,0.676573,-0.373068,3.001727,0.474999,-0.338787,0.204468,0.075000,-0.069906
38.021237,0.674577,-0.372787,3.000162,0.474999,-0.338787,0.202454,0.075000,-0.067440
38.053738,0.663092,-0.371095,2.989106,0.462895,-0.334833,0.203455,0.075000,-0.065622
38.087149,0.660964,-0.370768,2.987269,0.462895,-0.334833,0.201303,0.075000,-0.062470
38.120989,0.658630,-0.370404,2.985153,0.456822,-0.332819,0.205278,0.075000,-0.067442
38.153657,0.655731,-0.369945,2.982448,0.456822,-0.332819,0.202345,0.075000,-0.062705
38.190228,0.654314,-0.369717,2.981537,0.456822,-0.332819,0.200910,0.075000,-0.061336
38.224821,0.651437,-0.369251,2.979454,0.450735,-0.330781,0.204356,0.075000,-0.066647
38.254421,0.648498,-0.368769,2.977078,0.450735,-0.330781,0.201379,0.075000,-0.062713
38.287448,0.645496,-0.368268,2.973543,0.444634,-0.328719,0.204718,0.075000,-0.064370
38.320788,0.644036,-0.368020,2.971932,0.444634,-0.328719,0.203238,0.075000,-0.061349
38.353826,0.641118,-0.367519,2.969204,0.444634,-0.328719,0.200279,0.075000,-0.056347
38.387385,0.639649,-0.367263,2.967936,0.438519,-0.326633,0.205192,0.075000,-0.062538
38.420717,0.636706,-0.366745,2.965350,0.438519,-0.326633,0.202205,0.075000,-0.057986
38.453957,0.633775,-0.366221,2.963436,0.432391,-0.324524,0.205656,0.075000,-0.063236
38.494024,0.632280,-0.365952,2.962409,0.432391,-0.324524,0.204137,0.075000,-0.061666
38.524147,0.628747,-0.365309,2.959349,0.432391,-0.324524,0.200547,0.075000,-0.056231
38.557566,0.626105,-0.364821,2.956920,0.426249,-0.322391,0.204310,0.075000,-0.060013
38.587015,0.623434,-0.364320,2.954630,0.426249,-0.322391,0.201593,0.075000,-0.055940
38.620547,0.621912,-0.364032,2.953424,0.426249,-0.322391,0.200045,0.075000,-0.053795
38.653669,0.618938,-0.363464,2.950998,0.420094,-0.320235,0.203489,0.075000,-0.057685
38.686906,0.615997,-0.362895,2.948398,0.420094,-0.320235,0.200494,0.075000,-0.052917
38.722572,0.614489,-0.362600,2.946912,0.413925,-0.318055,0.205450,0.075000,-0.058085
38.754321,0.611485,-0.362006,2.944116,0.413925,-0.318055,0.202389,0.075000,-0.052925
38.787499,0.609657,-0.361640,2.942310,0.413925,-0.318055,0.200526,0.075000,-0.049412
38.820728,0.606886,-0.361079,2.940167,0.407744,-0.315853,0.204213,0.075000,-0.053589
38.853609,0.603956,-0.360479,2.937881,0.407744,-0.315853,0.201223,0.075000,-0.049490
38.887066,0.602548,-0.360188,2.936909,0.401549,-0.313628,0.206321,0.075000,-0.055594
38.920602,0.602548,-0.360188,2.936909,0.401549,-0.313628,0.206321,0.075000,-0.055594
38.957228,0.602548,-0.360188,2.936909,0.401549,-0.313628,0.206321,0.075000,-0.055594
39.003522,0.601150,-0.359897,2.936023,0.401549,-0.313628,0.204893,0.075000,-0.054208
39.020548,0.592647,-0.358105,2.930458,0.395342,-0.311381,0.202761,0.075000,-0.052750
39.054877,0.589756,-0.357484,2.928302,0.389122,-0.309111,0.206383,0.075000,-0.056425
39.087419,0.588031,-0.357110,2.927021,0.389122,-0.309111,0.204618,0.075000,-0.054275
39.123372,0.585278,-0.356509,2.924826,0.389122,-0.309111,0.201801,0.075000,-0.050345
39.158287,0.582377,-0.355868,2.922563,0.382889,-0.306819,0.205429,0.075000,-0.053692
39.189242,0.580308,-0.355408,2.921070,0.382889,-0.306819,0.203310,0.075000,-0.051144
39.224070,0.577948,-0.354877,2.919402,0.382889,-0.306819,0.200891,0.075000,-0.048220
39.254223,0.575069,-0.354225,2.917431,0.376644,-0.304506,0.204559,0.075000,-0.052192
39.287461,0.573606,-0.353892,2.916485,0.376644,-0.304506,0.203059,0.075000,-0.050639
39.320566,0.570553,-0.353191,2.914485,0.370387,-0.302170,0.206567,0.075000,-0.054384
39.353708,0.567476,-0.352478,2.912126,0.370387,-0.302170,0.203409,0.075000,-0.050268
39.387329,0.565989,-0.352131,2.911194,0.370387,-0.302170,0.201882,0.075000,-0.048723
39.420685,0.563061,-0.351442,2.908972,0.364117,-0.299814,0.205534,0.075000,-0.051794
39.453646,0.560087,-0.350737,2.907221,0.364117,-0.299814,0.202478,0.075000,-0.049032
39.487082,0.558061,-0.350253,2.905909,0.364117,-0.299814,0.200396,0.075000,-0.046782
39.520347,0.555463,-0.349628,2.904406,0.357835,-0.297435,0.204403,0.075000,-0.051400
39.553663,0.552882,-0.349003,2.902918,0.357835,-0.297435,0.201748,0.075000,-0.049063
39.586995,0.550215,-0.348353,2.900685,0.351542,-0.295036,0.205703,0.075000,-0.051715
39.620413,0.548567,-0.347948,2.899626,0.351542,-0.295036,0.204007,0.075000,-0.049984
39.653762,0.545929,-0.347296,2.897553,0.351542,-0.295036,0.201290,0.075000,-0.046177
39.687124,0.544158,-0.346854,2.896044,0.345236,-0.292616,0.206183,0.075000,-0.050054
39.720572,0.541493,-0.346185,2.894038,0.345236,-0.292616,0.203436,0.075000,-0.046468
39.753746,0.538495,-0.345426,2.892132,0.345236,-0.292616,0.200345,0.075000,-0.043140
39.787449,0.535492,-0.344660,2.890318,0.338919,-0.290176,0.203983,0.075000,-0.046834
39.820485,0.534056,-0.344291,2.889396,0.338919,-0.290176,0.202502,0.075000,-0.045245
39.854245,0.531218,-0.343558,2.887645,0.332591,-0.287715,0.206328,0.075000,-0.048768
39.887371,0.531218,-0.343558,2.887645,0.332591,-0.287715,0.206328,0.075000,-0.048768
39.967100,0.529734,-0.343173,2.886559,0.332591,-0.287715,0.204795,0.075000,-0.046851
39.991110,0.522295,-0.341214,2.881157,0.326251,-0.285233,0.203880,0.075000,-0.043444
40.024039,0.519358,-0.340430,2.879535,0.326251,-0.285233,0.200841,0.075000,-0.040715
40.054443,0.516507,-0.339664,2.877348,0.319900,-0.282732,0.204684,0.075000,-0.043034
40.087867,0.514837,-0.339212,2.876161,0.319900,-0.282732,0.202954,0.075000,-0.040848
40.120360,0.512236,-0.338504,2.874610,0.319900,-0.282732,0.200259,0.075000,-0.038068
40.153687,0.509386,-0.337724,2.873656,0.313537,-0.280211,0.204119,0.075000,-0.043338
40.187181,0.507665,-0.337251,2.872733,0.313537,-0.280211,0.202334,0.075000,-0.041825
40.220519,0.504995,-0.336514,2.870744,0.307164,-0.277670,0.206397,0.075000,-0.044238
40.254025,0.502145,-0.335722,2.869079,0.307164,-0.277670,0.203440,0.075000,-0.041428
40.287493,0.500442,-0.335246,2.868023,0.307164,-0.277670,0.201671,0.075000,-0.039540
40.322462,0.497834,-0.334513,2.866848,0.300780,-0.275110,0.205813,0.075000,-0.043832
40.353898,0.496390,-0.334106,2.866090,0.300780,-0.275110,0.204313,0.075000,-0.042623
40.386943,0.492955,-0.333132,2.864105,0.300780,-0.275110,0.200743,0.075000,-0.039183
40.420597,0.492070,-0.332880,2.863555,0.294385,-0.272531,0.206691,0.075000,-0.044159
40.453659,0.487737,-0.331640,2.860828,0.294385,-0.272531,0.202185,0.075000,-0.039358
40.486960,0.486004,-0.331140,2.859515,0.294385,-0.272531,0.200381,0.075000,-0.036795
40.520611,0.483418,-0.330389,2.857970,0.287980,-0.269933,0.204576,0.075000,-0.040020
40.553818,0.482029,-0.329984,2.856943,0.287980,-0.269933,0.203128,0.075000,-0.038065
40.590147,0.478879,-0.329061,2.855501,0.281564,-0.267317,0.206750,0.075000,-0.041540
40.624072,0.476229,-0.328280,2.854125,0.281564,-0.267317,0.203988,0.075000,-0.039288
40.654717,0.474772,-0.327850,2.853314,0.281564,-0.267317,0.202469,0.075000,-0.037878
40.687462,0.472775,-0.327257,2.852306,0.281564,-0.267317,0.200386,0.075000,-0.036155
40.722758,0.468921,-0.326107,2.850102,0.275138,-0.264682,0.203285,0.075000,-0.038051
40.753833,0.466017,-0.325235,2.848451,0.275138,-0.264682,0.200254,0.075000,-0.035076
40.791314,0.464289,-0.324713,2.847393,0.268701,-0.262028,0.205387,0.075000,-0.038833
40.824706,0.461688,-0.323924,2.846030,0.268701,-0.262028,0.202669,0.075000,-0.036505
40.856175,0.458768,-0.323034,2.844542,0.262255,-0.259357,0.206573,0.075000,-0.039464
40.888786,0.457366,-0.322604,2.843869,0.262255,-0.259357,0.205106,0.075000,-0.038390
40.920823,0.454449,-0.321707,2.841604,0.262255,-0.259357,0.202055,0.075000,-0.033929
40.954071,0.453057,-0.321277,2.840672,0.262255,-0.259357,0.200598,0.075000,-0.032101
40.987544,0.451583,-0.320819,2.839961,0.255799,-0.256668,0.206026,0.075000,-0.036418
41.020475,0.451583,-0.320819,2.839961,0.255799,-0.256668,0.206026,0.075000,-0.036418
41.053846,0.451583,-0.320819,2.839961,0.255799,-0.256668,0.206026,0.075000,-0.036418
41.087161,0.451583,-0.320819,2.839961,0.255799,-0.256668,0.206026,0.075000,-0.036418
41.123268,0.450193,-0.320387,2.839369,0.255799,-0.256668,0.204571,0.075000,-0.035491
41.153605,0.437061,-0.316248,2.833012,0.242857,-0.251238,0.204796,0.075000,-0.035272
41.187174,0.435402,-0.315719,2.832115,0.242857,-0.251238,0.203055,0.075000,-0.033670
41.220504,0.432583,-0.314817,2.831001,0.242857,-0.251238,0.200096,0.075000,-0.031882
41.253792,0.430265,-0.314072,2.829870,0.236372,-0.248497,0.204682,0.075000,-0.035191
41.287094,0.428834,-0.313611,2.829118,0.236372,-0.248497,0.203179,0.075000,-0.033862
41.320401,0.425966,-0.312684,2.827734,0.236372,-0.248497,0.200165,0.075000,-0.031418
41.356874,0.423091,-0.311749,2.826206,0.229878,-0.245739,0.204179,0.075000,-0.033852
41.389307,0.421386,-0.311193,2.825759,0.229878,-0.245739,0.202385,0.075000,-0.033351
41.424206,0.418795,-0.310345,2.824628,0.223374,-0.242965,0.206711,0.075000,-0.036444
41.454282,0.415972,-0.309418,2.823518,0.223374,-0.242965,0.203740,0.075000,-0.034780
41.487537,0.413143,-0.308486,2.822197,0.223374,-0.242965,0.200762,0.075000,-0.032519
41.520302,0.411749,-0.308025,2.821146,0.216862,-0.240174,0.206361,0.075000,-0.035330
41.555658,0.408827,-0.307053,2.819173,0.216862,-0.240174,0.203282,0.075000,-0.031540
41.589198,0.407121,-0.306483,2.818183,0.216862,-0.240174,0.201483,0.075000,-0.029649
41.623744,0.404489,-0.305601,2.817229,0.210340,-0.237367,0.205790,0.075000,-0.033045
41.653686,0.401568,-0.304617,2.815822,0.210340,-0.237367,0.202708,0.075000,-0.030572
41.687107,0.399903,-0.304055,2.815023,0.210340,-0.237367,0.200951,0.075000,-0.029122
41.722158,0.397386,-0.303201,2.813785,0.203810,-0.234545,0.205391,0.075000,-0.031709
41.757727,0.394636,-0.302265,2.812757,0.203810,-0.234545,0.202486,0.075000,-0.030078
41.787244,0.392694,-0.301603,2.812346,0.203810,-0.234545,0.200434,0.075000,-0.029673
41.820510,0.390405,-0.300820,2.811447,0.197271,-0.231706,0.205129,0.075000,-0.032924
41.853802,0.390405,-0.300820,2.811447,0.197271,-0.231706,0.205129,0.075000,-0.032924
41.887196,0.387588,-0.299854,2.810364,0.197271,-0.231706,0.202151,0.075000,-0.031214
41.922704,0.387588,-0.299854,2.810364,0.197271,-0.231706,0.202151,0.075000,-0.031214
41.973822,0.385895,-0.299272,2.809980,0.197271,-0.231706,0.200360,0.075000,-0.030816
41.987287,0.377767,-0.296460,2.806661,0.184168,-0.225984,0.206029,0.075000,-0.034428
42.020875,0.376389,-0.295980,2.806067,0.184168,-0.225984,0.204569,0.075000,-0.033470
42.054254,0.374475,-0.295313,2.805507,0.184168,-0.225984,0.202543,0.075000,-0.032759
42.087480,0.372001,-0.294448,2.804216,0.177604,-0.223100,0.207076,0.075000,-0.034719
42.121573,0.369514,-0.293575,2.802916,0.177604,-0.223100,0.204442,0.075000,-0.032431
42.153780,0.366740,-0.292597,2.801711,0.177604,-0.223100,0.201500,0.075000,-0.030385
42.190380,0.363946,-0.291608,2.800600,0.171032,-0.220202,0.205705,0.075000,-0.032846
42.223842,0.362573,-0.291121,2.799871,0.171032,-0.220202,0.204249,0.075000,-0.031532
42.253965,0.359805,-0.290135,2.798653,0.171032,-0.220202,0.201311,0.075000,-0.029421
42.287500,0.357029,-0.289143,2.797517,0.164452,-0.217289,0.205546,0.075000,-0.031727
42.322601,0.355612,-0.288635,2.796681,0.164452,-0.217289,0.204041,0.075000,-0.030148
42.358145,0.352684,-0.287583,2.795546,0.164452,-0.217289,0.200930,0.075000,-0.028253
42.391515,0.351237,-0.287061,2.795276,0.157864,-0.214363,0.206587,0.075000,-0.032153
42.422292,0.348480,-0.286065,2.794115,0.157864,-0.214363,0.203656,0.075000,-0.030224
42.455649,0.345643,-0.285037,2.792839,0.157864,-0.214363,0.200638,0.075000,-0.027952
42.487880,0.344242,-0.284527,2.792191,0.151269,-0.211422,0.206357,0.075000,-0.030840
42.520769,0.341470,-0.283516,2.791243,0.151269,-0.211422,0.203407,0.075000,-0.029403
42.553779,0.338716,-0.282509,2.790241,0.151269,-0.211422,0.200474,0.075000,-0.027761
42.587194,0.335913,-0.281481,2.788863,0.144666,-0.208467,0.204710,0.075000,-0.029234
42.620637,0.334504,-0.280963,2.788350,0.144666,-0.208467,0.203210,0.075000,-0.028405
42.653677,0.331765,-0.279952,2.787178,0.144666,-0.208467,0.200290,0.075000,-0.026305
42.687139,0.330418,-0.279453,2.786857,0.138055,-0.205500,0.206089,0.075000,-0.029826
42.720469,0.327554,-0.278392,2.785852,0.138055,-0.205500,0.203034,0.075000,-0.028245
42.753613,0.324697,-0.277329,2.784770,0.131438,-0.202519,0.207234,0.075000,-0.030194
42.787082,0.323305,-0.276810,2.784231,0.131438,-0.202519,0.205748,0.075000,-0.029322
42.820433,0.320576,-0.275791,2.783256,0.131438,-0.202519,0.202835,0.075000,-0.027762
42.853751,0.319168,-0.275264,2.782525,0.131438,-0.202519,0.201331,0.075000,-0.026363
42.886990,0.315700,-0.273960,2.780666,0.124814,-0.199525,0.204886,0.075000,-0.026554
42.920639,0.314833,-0.273632,2.780353,0.124814,-0.199525,0.203959,0.075000,-0.026030
42.957600,0.314833,-0.273632,2.780353,0.124814,-0.199525,0.203959,0.075000,-0.026030
42.989158,0.314833,-0.273632,2.780353,0.124814,-0.199525,0.203959,0.075000,-0.026030
43.045115,0.313417,-0.273097,2.779951,0.124814,-0.199525,0.202445,0.075000,-0.025425
43.055623,0.303506,-0.269325,2.775527,0.111544,-0.193499,0.206395,0.075000,-0.024533
43.087672,0.301579,-0.268586,2.774743,0.111544,-0.193499,0.204332,0.075000,-0.023113
43.121564,0.299297,-0.267709,2.773549,0.111544,-0.193499,0.201887,0.075000,-0.020710
43.153773,0.296558,-0.266652,2.772727,0.104899,-0.190468,0.206245,0.075000,-0.022986
43.189815,0.294699,-0.265933,2.772355,0.104899,-0.190468,0.204252,0.075000,-0.022526
43.221853,0.292430,-0.265055,2.771557,0.104899,-0.190468,0.201820,0.075000,-0.021090
43.255281,0.289582,-0.263949,2.770583,0.098248,-0.187425,0.206070,0.075000,-0.022936
43.288039,0.287976,-0.263324,2.770009,0.098248,-0.187425,0.204346,0.075000,-0.021921
43.320356,0.285460,-0.262343,2.769159,0.098248,-0.187425,0.201646,0.075000,-0.020397
43.353704,0.282604,-0.261226,2.767806,0.091590,-0.184371,0.205895,0.075000,-0.021251
43.387321,0.281188,-0.260671,2.767508,0.091590,-0.184371,0.204375,0.075000,-0.020839
43.420498,0.278428,-0.259588,2.766856,0.091590,-0.184371,0.201410,0.075000,-0.019838
43.454007,0.275739,-0.258529,2.765637,0.084926,-0.181305,0.205847,0.075000,-0.020907
43.491223,0.274349,-0.257980,2.765314,0.084926,-0.181305,0.204353,0.075000,-0.020422
43.522324,0.271577,-0.256885,2.764529,0.084926,-0.181305,0.201373,0.075000,-0.019076
43.555637,0.270248,-0.256358,2.764069,0.078257,-0.178228,0.207280,0.075000,-0.021608
43.587265,0.267175,-0.255139,2.763085,0.078257,-0.178228,0.203975,0.075000,-0.019894
43.620763,0.264504,-0.254076,2.762143,0.078257,-0.178228,0.201100,0.075000,-0.018117
43.653610,0.261704,-0.252959,2.761301,0.071581,-0.175140,0.205432,0.075000,-0.019990
43.687080,0.260092,-0.252315,2.760916,0.071581,-0.175140,0.203697,0.075000,-0.019386
43.720634,0.257373,-0.251226,2.760096,0.071581,-0.175140,0.200768,0.075000,-0.017904
43.753716,0.254945,-0.250251,2.759350,0.064899,-0.172042,0.205509,0.075000,-0.019861
43.787421,0.253297,-0.249589,2.758905,0.064899,-0.172042,0.203734,0.075000,-0.019118
43.820675,0.250475,-0.248452,2.757792,0.064899,-0.172042,0.200691,0.075000,-0.016918
43.855939,0.249307,-0.247980,2.757373,0.058212,-0.168933,0.206798,0.075000,-0.019346
43.886997,0.247891,-0.247407,2.756830,0.058212,-0.168933,0.205271,0.075000,-0.018312
43.924295,0.247891,-0.247407,2.756830,0.058212,-0.168933,0.205271,0.075000,-0.018312
43.997120,0.246510,-0.246848,2.756370,0.058212,-0.168933,0.203781,0.075000,-0.017451
44.023279,0.236263,-0.242681,2.753964,0.051519,-0.165814,0.200097,0.075000,-0.016638
44.055684,0.233969,-0.241744,2.753038,0.044821,-0.162685,0.205005,0.075000,-0.017922
44.087412,0.232356,-0.241083,2.752910,0.044821,-0.162685,0.203262,0.075000,-0.017915
44.120650,0.229984,-0.240112,2.752682,0.044821,-0.162685,0.200699,0.075000,-0.017806
44.153779,0.227118,-0.238937,2.751779,0.038118,-0.159547,0.204997,0.075000,-0.019166
44.187349,0.224185,-0.237731,2.750349,0.038118,-0.159547,0.201826,0.075000,-0.016221
44.220613,0.222821,-0.237168,2.750590,0.038118,-0.159547,0.200350,0.075000,-0.017064
44.253673,0.220071,-0.236035,2.750521,0.031410,-0.156400,0.204779,0.075000,-0.020375
44.289111,0.218629,-0.235440,2.749925,0.031410,-0.156400,0.203220,0.075000,-0.019222
44.320418,0.215864,-0.234297,2.748797,0.031410,-0.156400,0.200228,0.075000,-0.016968
44.353576,0.213060,-0.233134,2.747227,0.024697,-0.153244,0.204604,0.075000,-0.016539
44.387202,0.213060,-0.233134,2.747227,0.024697,-0.153244,0.204604,0.075000,-0.016539
44.420613,0.213060,-0.233134,2.747227,0.024697,-0.153244,0.204604,0.075000,-0.016539
44.453903,0.213060,-0.233134,2.747227,0.024697,-0.153244,0.204604,0.075000,-0.016539
44.487233,0.213060,-0.233134,2.747227,0.024697,-0.153244,0.204604,0.075000,-0.016539
44.520671,0.203428,-0.229105,2.743873,0.017979,-0.150078,0.201585,0.075000,-0.012684
44.557240,0.203428,-0.229105,2.743873,0.017979,-0.150078,0.201585,0.075000,-0.012684
44.589265,0.203428,-0.229105,2.743873,0.017979,-0.150078,0.201585,0.075000,-0.012684
44.623160,0.203428,-0.229105,2.743873,0.017979,-0.150078,0.201585,0.075000,-0.012684
44.654079,0.193662,-0.224993,2.741919,0.004530,-0.143723,0.205854,0.075000,-0.014986
44.687556,0.191740,-0.224181,2.741064,0.004530,-0.143723,0.203767,0.075000,-0.013194
44.722767,0.191740,-0.224181,2.741064,0.004530,-0.143723,0.203767,0.075000,-0.013194
44.754068,0.191740,-0.224181,2.741064,0.004530,-0.143723,0.203767,0.075000,-0.013194
44.790335,0.191740,-0.224181,2.741064,0.004530,-0.143723,0.203767,0.075000,-0.013194
44.822624,0.181202,-0.219707,2.739372,-0.008937,-0.137336,0.207215,0.075000,-0.015893
44.853944,0.181202,-0.219707,2.739372,-0.008937,-0.137336,0.207215,0.075000,-0.015893
44.887876,0.181202,-0.219707,2.739372,-0.008937,-0.137336,0.207215,0.075000,-0.015893
44.920730,0.181202,-0.219707,2.739372,-0.008937,-0.137336,0.207215,0.075000,-0.015893
44.953885,0.179856,-0.219134,2.739210,-0.008937,-0.137336,0.205752,0.075000,-0.015725
44.987234,0.171609,-0.215623,2.738129,-0.015676,-0.134131,0.204247,0.075000,-0.017010
45.020717,0.171609,-0.215623,2.738129,-0.015676,-0.134131,0.204247,0.075000,-0.017010
45.053808,0.171609,-0.215623,2.738129,-0.015676,-0.134131,0.204247,0.075000,-0.017010
45.087219,0.171609,-0.215623,2.738129,-0.015676,-0.134131,0.204247,0.075000,-0.017010
45.121975,0.169751,-0.214830,2.738614,-0.015676,-0.134131,0.202226,0.075000,-0.018549
45.154183,0.160782,-0.211009,2.738555,-0.029166,-0.127701,0.207414,0.075000,-0.024794
45.187522,0.160782,-0.211009,2.738555,-0.029166,-0.127701,0.207414,0.075000,-0.024794
45.220873,0.160782,-0.211009,2.738555,-0.029166,-0.127701,0.207414,0.075000,-0.024794
45.254413,0.160782,-0.211009,2.738555,-0.029166,-0.127701,0.207414,0.075000,-0.024794
45.289265,0.150697,-0.206680,2.733154,-0.035917,-0.124475,0.203918,0.075000,-0.015923
45.320720,0.150697,-0.206680,2.733154,-0.035917,-0.124475,0.203918,0.075000,-0.015923
45.353911,0.150697,-0.206680,2.733154,-0.035917,-0.124475,0.203918,0.075000,-0.015923
45.389632,0.150697,-0.206680,2.733154,-0.035917,-0.124475,0.203918,0.075000,-0.015923
45.423079,0.150697,-0.206680,2.733154,-0.035917,-0.124475,0.203918,0.075000,-0.015923
45.454803,0.150697,-0.206680,2.733154,-0.035917,-0.124475,0.203918,0.075000,-0.015923
45.487423,0.150697,-0.206680,2.733154,-0.035917,-0.124475,0.203918,0.075000,-0.015923
45.546047,0.150697,-0.206680,2.733154,-0.035917,-0.124475,0.203918,0.075000,-0.015923
45.553579,0.129980,-0.197607,2.723207,-0.056188,-0.114762,0.203768,0.075000,-0.000744
45.588674,0.128183,-0.196808,2.722945,-0.056188,-0.114762,0.201802,0.075000,-0.000111
45.620371,0.125499,-0.195613,2.721988,-0.062951,-0.111513,0.206364,0.075000,-0.000344
45.653588,0.122915,-0.194459,2.720627,-0.062951,-0.111513,0.203534,0.075000,0.003000
45.687007,0.121366,-0.193765,2.720819,-0.062951,-0.111513,0.201837,0.075000,0.002575
45.721755,0.118943,-0.192681,2.721436,-0.069717,-0.108259,0.206688,0.075000,-0.001456
45.756165,0.116377,-0.191536,2.723377,-0.069717,-0.108259,0.203878,0.075000,-0.006270
45.787213,0.114372,-0.190645,2.720552,-0.069717,-0.108259,0.201683,0.075000,0.000598
45.820497,0.111706,-0.189450,2.719767,-0.076486,-0.105000,0.206271,0.075000,0.000042
45.853849,0.110157,-0.188755,2.718812,-0.076486,-0.105000,0.204574,0.075000,0.002377
45.887108,0.107382,-0.187506,2.719110,-0.076486,-0.105000,0.201531,0.075000,0.001707
45.920618,0.107382,-0.187506,2.719110,-0.076486,-0.105000,0.201531,0.075000,0.001707
45.987117,0.106043,-0.186904,2.718763,-0.076486,-0.105000,0.200062,0.075000,0.002599
46.020650,0.098513,-0.183514,2.718868,-0.090031,-0.098468,0.206837,0.075000,-0.002457
46.053692,0.095850,-0.182315,2.718122,-0.090031,-0.098468,0.203916,0.075000,-0.000695
46.087111,0.094552,-0.181730,2.718446,-0.090031,-0.098468,0.202493,0.075000,-0.001504
46.120374,0.091708,-0.180449,2.718092,-0.096807,-0.095195,0.206896,0.075000,-0.002936
46.157068,0.089098,-0.179275,2.720153,-0.096807,-0.095195,0.204034,0.075000,-0.008088
46.189181,0.087501,-0.178559,2.720342,-0.096807,-0.095195,0.202284,0.075000,-0.008697
46.224511,0.084869,-0.177379,2.719268,-0.103585,-0.091919,0.206926,0.075000,-0.008262
46.254244,0.083371,-0.176706,2.718753,-0.103585,-0.091919,0.205283,0.075000,-0.007140
46.287580,0.080432,-0.175384,2.720208,-0.103585,-0.091919,0.202060,0.075000,-0.010980
46.323714,0.078070,-0.174326,2.720440,-0.110364,-0.088639,0.207002,0.075000,-0.013597
46.358188,0.075231,-0.173053,2.719437,-0.110364,-0.088639,0.203891,0.075000,-0.011541
46.390485,0.073134,-0.172111,2.718206,-0.110364,-0.088639,0.201591,0.075000,-0.008754
46.423010,0.070848,-0.171083,2.718583,-0.117146,-0.085356,0.206618,0.075000,-0.011680
46.454028,0.067838,-0.169724,2.716667,-0.117146,-0.085356,0.203315,0.075000,-0.007321
46.487396,0.065049,-0.168463,2.716448,-0.117146,-0.085356,0.200255,0.075000,-0.007006
46.520915,0.063824,-0.167909,2.716529,-0.123929,-0.082070,0.206445,0.075000,-0.009086
46.553743,0.061282,-0.166758,2.715607,-0.123929,-0.082070,0.203655,0.075000,-0.007075
46.587503,0.059150,-0.165790,2.714458,-0.123929,-0.082070,0.201314,0.075000,-0.004386
46.620458,0.056714,-0.164682,2.714166,-0.130714,-0.078781,0.206175,0.075000,-0.005620
46.653741,0.054413,-0.163633,2.712863,-0.130714,-0.078781,0.203647,0.075000,-0.002562
46.686857,0.051646,-0.162368,2.711945,-0.130714,-0.078781,0.200604,0.075000,-0.000347
46.720282,0.050193,-0.161703,2.711185,-0.137500,-0.075490,0.206547,0.075000,-0.000428
46.753622,0.047670,-0.160545,2.712641,-0.137500,-0.075490,0.203771,0.075000,-0.004024
46.787239,0.046349,-0.159941,2.712776,-0.137500,-0.075490,0.202318,0.075000,-0.004415
46.820371,0.043378,-0.158582,2.711875,-0.144288,-0.072196,0.206594,0.075000,-0.004071
46.853636,0.042225,-0.158053,2.711560,-0.144288,-0.072196,0.205325,0.075000,-0.003356
46.886990,0.039412,-0.156761,2.710704,-0.144288,-0.072196,0.202230,0.075000,-0.001327
46.920600,0.036819,-0.155570,2.711838,-0.151076,-0.068900,0.206921,0.075000,-0.005866
46.953753,0.034067,-0.154310,2.711990,-0.151076,-0.068900,0.203895,0.075000,-0.006433
46.987187,0.032472,-0.153580,2.710400,-0.151076,-0.068900,0.202140,0.075000,-0.002614
47.020491,0.029583,-0.152251,2.710453,-0.157865,-0.065603,0.206506,0.075000,-0.004486
47.053860,0.029583,-0.152251,2.710453,-0.157865,-0.065603,0.206506,0.075000,-0.004486
47.087298,0.029583,-0.152251,2.710453,-0.157865,-0.065603,0.206506,0.075000,-0.004486
47.152105,0.028020,-0.151532,2.711146,-0.157865,-0.065603,0.204786,0.075000,-0.006254
47.153569,0.023145,-0.149298,2.711874,-0.164655,-0.062304,0.206971,0.075000,-0.009845
47.191794,0.018139,-0.146997,2.710958,-0.164655,-0.062304,0.201461,0.075000,-0.008043
47.222676,0.016202,-0.146108,2.710835,-0.171446,-0.059005,0.206879,0.075000,-0.009253
47.256480,0.013642,-0.144932,2.711372,-0.171446,-0.059005,0.204061,0.075000,-0.010834
47.288948,0.012054,-0.144204,2.711628,-0.171446,-0.059005,0.202315,0.075000,-0.011654
47.320363,0.009742,-0.143144,2.712739,-0.178237,-0.055704,0.207321,0.075000,-0.015753
47.353586,0.007122,-0.141946,2.712995,-0.178237,-0.055704,0.204439,0.075000,-0.016831
47.387214,0.004156,-0.140590,2.711538,-0.178237,-0.055704,0.201179,0.075000,-0.013752
47.424931,0.002463,-0.139814,2.709347,-0.185029,-0.052403,0.206867,0.075000,-0.009686
47.457812,-0.000255,-0.138560,2.709209,-0.185029,-0.052403,0.203873,0.075000,-0.009631
47.489304,-0.001908,-0.137797,2.708129,-0.185029,-0.052403,0.202053,0.075000,-0.007132
47.522471,-0.004144,-0.136762,2.709490,-0.191820,-0.049102,0.207139,0.075000,-0.011748
47.553640,-0.006680,-0.135595,2.709993,-0.191820,-0.049102,0.204348,0.075000,-0.013331
47.587266,-0.006680,-0.135595,2.709993,-0.191820,-0.049102,0.204348,0.075000,-0.013331
47.620616,-0.010816,-0.133687,2.708995,-0.198612,-0.045800,0.207343,0.075000,-0.012341
47.653712,-0.012699,-0.132818,2.709588,-0.198612,-0.045800,0.205269,0.075000,-0.014037
47.687237,-0.013575,-0.132414,2.709807,-0.198612,-0.045800,0.204304,0.075000,-0.014704
47.720444,-0.017892,-0.130420,2.708226,-0.205403,-0.042499,0.207100,0.075000,-0.012265
47.753714,-0.019675,-0.129595,2.707782,-0.205403,-0.042499,0.205136,0.075000,-0.011417
47.790492,-0.021884,-0.128571,2.707437,-0.205403,-0.042499,0.202701,0.075000,-0.010842
47.820334,-0.024475,-0.127371,2.708461,-0.212194,-0.039199,0.207395,0.075000,-0.014431
47.854135,-0.025816,-0.126751,2.708407,-0.212194,-0.039199,0.205918,0.075000,-0.014506
47.887727,-0.028463,-0.125525,2.708192,-0.212194,-0.039199,0.203001,0.075000,-0.014384
47.921132,-0.028463,-0.125525,2.708192,-0.212194,-0.039199,0.203001,0.075000,-0.014384
47.953871,-0.028463,-0.125525,2.708192,-0.212194,-0.039199,0.203001,0.075000,-0.014384
48.002614,-0.028463,-0.125525,2.708192,-0.212194,-0.039199,0.203001,0.075000,-0.014384
48.023440,-0.038134,-0.121035,2.705487,-0.225775,-0.032600,0.207436,0.075000,-0.010409
48.056196,-0.040923,-0.119735,2.704657,-0.225775,-0.032600,0.204359,0.075000,-0.008695
48.087596,-0.042547,-0.118977,2.704370,-0.225775,-0.032600,0.202566,0.075000,-0.008139
48.120588,-0.045043,-0.117811,2.705146,-0.232564,-0.029303,0.207359,0.075000,-0.010951
48.153857,-0.047717,-0.116563,2.704194,-0.232564,-0.029303,0.204408,0.075000,-0.008939
48.187174,-0.049351,-0.115799,2.703788,-0.232564,-0.029303,0.202605,0.075000,-0.008096
48.222735,-0.052322,-0.114406,2.702777,-0.239352,-0.026007,0.206868,0.075000,-0.006549
48.253761,-0.054422,-0.113420,2.703163,-0.239352,-0.026007,0.204548,0.075000,-0.007634
48.287295,-0.055859,-0.112746,2.702619,-0.239352,-0.026007,0.202962,0.075000,-0.006414
48.320678,-0.058611,-0.111452,2.701398,-0.246140,-0.022714,0.207464,0.075000,-0.004302
48.353678,-0.061370,-0.110152,2.700133,-0.246140,-0.022714,0.204415,0.075000,-0.001323
48.387061,-0.062777,-0.109487,2.701397,-0.246140,-0.022714,0.202858,0.075000,-0.004458
48.420659,-0.065105,-0.108390,2.702010,-0.246140,-0.022714,0.200285,0.075000,-0.006103
48.453632,-0.068064,-0.106997,2.699951,-0.252926,-0.019422,0.204556,0.075000,-0.001882
48.488230,-0.069430,-0.106351,2.699573,-0.252926,-0.019422,0.203045,0.075000,-0.000979
48.520523,-0.072028,-0.105122,2.700706,-0.252926,-0.019422,0.200171,0.075000,-0.003846
48.556820,-0.074836,-0.103797,2.700117,-0.259711,-0.016133,0.204606,0.075000,-0.003179
48.589094,-0.076399,-0.103058,2.700086,-0.259711,-0.016133,0.202877,0.075000,-0.003157
48.623657,-0.079050,-0.101806,2.699114,-0.266494,-0.012847,0.207483,0.075000,-0.001524
48.656018,-0.082237,-0.100292,2.696178,-0.266494,-0.012847,0.203954,0.075000,0.005664
48.687481,-0.084933,-0.099005,2.696702,-0.266494,-0.012847,0.200966,0.075000,0.004520
48.720391,-0.086045,-0.098475,2.697754,-0.273276,-0.009564,0.207269,0.075000,0.001189
48.753722,-0.088673,-0.097225,2.697499,-0.273276,-0.009564,0.204358,0.075000,0.001849
48.787025,-0.089897,-0.096643,2.697930,-0.273276,-0.009564,0.203003,0.075000,0.000813
48.820376,-0.092417,-0.095445,2.698443,-0.273276,-0.009564,0.200214,0.075000,-0.000447
48.853775,-0.093765,-0.094806,2.698253,-0.280055,-0.006284,0.206253,0.075000,-0.000618
48.887152,-0.096420,-0.093547,2.699276,-0.280055,-0.006284,0.203314,0.075000,-0.003179
48.920713,-0.096420,-0.093547,2.699276,-0.280055,-0.006284,0.203314,0.075000,-0.003179
48.986165,-0.097871,-0.092860,2.698898,-0.280055,-0.006284,0.201709,0.075000,-0.002292
48.986913,-0.099592,-0.092044,2.698326,-0.286833,-0.003008,0.207333,0.075000,-0.001452
49.020569,-0.104777,-0.089582,2.698246,-0.286833,-0.003008,0.201593,0.075000,-0.001338
49.053750,-0.108799,-0.087670,2.698081,-0.293609,0.000264,0.204664,0.075000,-0.001461
49.087087,-0.110262,-0.086975,2.699002,-0.293609,0.000264,0.203044,0.075000,-0.003752
49.121193,-0.112940,-0.085704,2.697097,-0.293609,0.000264,0.200080,0.075000,0.000922
49.154179,-0.115623,-0.084427,2.697470,-0.300383,0.003533,0.204629,0.075000,-0.000492
49.188027,-0.117142,-0.083704,2.698422,-0.300383,0.003533,0.202947,0.075000,-0.002845
49.221406,-0.119725,-0.082478,2.697493,-0.300383,0.003533,0.200087,0.075000,-0.000611
49.253685,-0.122427,-0.081192,2.697923,-0.307154,0.006797,0.204612,0.075000,-0.002087
49.292394,-0.123954,-0.080467,2.696691,-0.307154,0.006797,0.202921,0.075000,0.000913
49.322670,-0.126613,-0.079199,2.697527,-0.313923,0.010056,0.207489,0.075000,-0.001477
49.353784,-0.129391,-0.077877,2.696546,-0.313923,0.010056,0.204412,0.075000,0.000882
49.391148,-0.130879,-0.077167,2.697278,-0.313923,0.010056,0.202763,0.075000,-0.000908
49.423865,-0.133242,-0.076042,2.697754,-0.313923,0.010056,0.200146,0.075000,-0.002122
49.454504,-0.136224,-0.074623,2.695675,-0.320689,0.013310,0.204352,0.075000,0.002663
49.487815,-0.137783,-0.073878,2.695995,-0.320689,0.013310,0.202624,0.075000,0.001920
49.523455,-0.140204,-0.072722,2.695490,-0.327452,0.016559,0.207444,0.075000,0.002847
49.558844,-0.142731,-0.071514,2.695955,-0.327452,0.016559,0.204643,0.075000,0.001785
49.587310,-0.145275,-0.070299,2.697223,-0.327452,0.016559,0.201824,0.075000,-0.001315
49.622931,-0.146718,-0.069612,2.696681,-0.327452,0.016559,0.200225,0.075000,0.000020
49.655665,-0.149576,-0.068250,2.696013,-0.334212,0.019802,0.204558,0.075000,0.001428
49.687531,-0.151083,-0.067531,2.696904,-0.334212,0.019802,0.202888,0.075000,-0.000744
49.720765,-0.153465,-0.066397,2.698498,-0.334212,0.019802,0.200249,0.075000,-0.004759
49.753866,-0.156768,-0.064825,2.694069,-0.340970,0.023040,0.204084,0.075000,0.005973
49.787243,-0.158181,-0.064147,2.694096,-0.340970,0.023040,0.202518,0.075000,0.006000
49.822151,-0.160839,-0.062873,2.695157,-0.347724,0.026272,0.207057,0.075000,0.003269
49.853712,-0.162040,-0.062298,2.696430,-0.347724,0.026272,0.205726,0.075000,0.000217
49.887213,-0.163286,-0.061704,2.696430,-0.347724,0.026272,0.204345,0.075000,0.000220
49.920689,-0.163286,-0.061704,2.696430,-0.347724,0.026272,0.204345,0.075000,0.000220
49.968637,-0.163286,-0.061704,2.696430,-0.347724,0.026272,0.204345,0.075000,0.000220
49.986914,-0.173105,-0.057014,2.693725,-0.354474,0.029497,0.200945,0.075000,0.006957
50.020704,-0.174408,-0.056388,2.694480,-0.361221,0.032716,0.206975,0.075000,0.004971
50.053615,-0.177443,-0.054931,2.692002,-0.361221,0.032716,0.203609,0.075000,0.011241
50.087009,-0.178762,-0.054295,2.691921,-0.361221,0.032716,0.202144,0.075000,0.011605
50.120546,-0.181398,-0.053021,2.691126,-0.367964,0.035928,0.206685,0.075000,0.013492
50.153868,-0.183096,-0.052200,2.691497,-0.367964,0.035928,0.204800,0.075000,0.012837
50.189998,-0.185708,-0.050938,2.691821,-0.367964,0.035928,0.201899,0.075000,0.012396
50.222167,-0.187925,-0.049868,2.692088,-0.374703,0.039133,0.206899,0.075000,0.011674
50.254173,-0.187925,-0.049868,2.692088,-0.374703,0.039133,0.206899,0.075000,0.011674
50.287378,-0.192169,-0.047822,2.693378,-0.374703,0.039133,0.202187,0.075000,0.009016
50.321828,-0.194789,-0.046564,2.693440,-0.381439,0.042330,0.206737,0.075000,0.008894
50.353777,-0.197736,-0.045147,2.693795,-0.381439,0.042330,0.203467,0.075000,0.008310
50.390118,-0.199138,-0.044474,2.693902,-0.381439,0.042330,0.201912,0.075000,0.008172
50.423947,-0.201926,-0.043133,2.693413,-0.388170,0.045520,0.206267,0.075000,0.009484
50.454258,-0.203252,-0.042496,2.693794,-0.388170,0.045520,0.204796,0.075000,0.008691
50.487422,-0.206168,-0.041094,2.692760,-0.388170,0.045520,0.201560,0.075000,0.011544
50.523688,-0.208581,-0.039932,2.692417,-0.394897,0.048702,0.206324,0.075000,0.012461
50.557353,-0.209873,-0.039309,2.692579,-0.394897,0.048702,0.204889,0.075000,0.012240
50.587028,-0.212738,-0.037931,2.693376,-0.394897,0.048702,0.201710,0.075000,0.010633
50.620841,-0.215174,-0.036759,2.693899,-0.401619,0.051875,0.206441,0.075000,0.009509
50.653930,-0.217922,-0.035441,2.694978,-0.401619,0.051875,0.203393,0.075000,0.007135
50.691595,-0.219332,-0.034765,2.694978,-0.401619,0.051875,0.201829,0.075000,0.007246
50.721627,-0.222012,-0.033483,2.695790,-0.408337,0.055040,0.206284,0.075000,0.005509
50.753726,-0.224735,-0.032181,2.695332,-0.408337,0.055040,0.203267,0.075000,0.006801
50.787088,-0.226605,-0.031286,2.695370,-0.408337,0.055040,0.201193,0.075000,0.006849
50.820698,-0.228962,-0.030160,2.694737,-0.415050,0.058197,0.205999,0.075000,0.008649
50.853774,-0.230266,-0.029535,2.695556,-0.415050,0.058197,0.204553,0.075000,0.006771
50.887146,-0.231553,-0.028919,2.696012,-0.415050,0.058197,0.203126,0.075000,0.005743
50.920569,-0.234221,-0.027645,2.696610,-0.415050,0.058197,0.200170,0.075000,0.004422
50.953858,-0.234221,-0.027645,2.696610,-0.415050,0.058197,0.200170,0.075000,0.004422
51.016532,-0.234221,-0.027645,2.696610,-0.415050,0.058197,0.200170,0.075000,0.004422
51.020454,-0.242879,-0.023509,2.693877,-0.428461,0.064482,0.205386,0.075000,0.012107
51.053688,-0.245363,-0.022317,2.695576,-0.428461,0.064482,0.202630,0.075000,0.008233
51.087252,-0.246610,-0.021721,2.695738,-0.428461,0.064482,0.201248,0.075000,0.007943
51.121482,-0.249219,-0.020474,2.696521,-0.435159,0.067611,0.205749,0.075000,0.006468
51.153850,-0.251911,-0.019191,2.697611,-0.435159,0.067611,0.202768,0.075000,0.003965
51.190852,-0.253313,-0.018524,2.697395,-0.435159,0.067611,0.201215,0.075000,0.004562
51.225005,-0.256209,-0.017145,2.696153,-0.441852,0.070730,0.205390,0.075000,0.008125
51.254390,-0.258851,-0.015885,2.697724,-0.441852,0.070730,0.202464,0.075000,0.004464
51.287574,-0.260383,-0.015157,2.698294,-0.441852,0.070730,0.200767,0.075000,0.003120
51.320708,-0.262796,-0.014011,2.698717,-0.448539,0.073838,0.205470,0.075000,0.002661
51.353742,-0.265932,-0.012521,2.695803,-0.448539,0.073838,0.201998,0.075000,0.009994
51.387187,-0.268500,-0.011296,2.697804,-0.455221,0.076937,0.206518,0.075000,0.005696
51.420716,-0.269822,-0.010667,2.697831,-0.455221,0.076937,0.205054,0.075000,0.005712
51.453652,-0.272494,-0.009397,2.698299,-0.455221,0.076937,0.202095,0.075000,0.004714
51.487138,-0.274440,-0.008474,2.698001,-0.461897,0.080024,0.207297,0.075000,0.006060
51.520363,-0.276637,-0.007430,2.699005,-0.461897,0.080024,0.204864,0.075000,0.003755
51.553631,-0.279815,-0.005921,2.696847,-0.461897,0.080024,0.201346,0.075000,0.009273
51.586905,-0.282571,-0.004607,2.696758,-0.468566,0.083101,0.205638,0.075000,0.010193
51.620543,-0.284017,-0.003918,2.696190,-0.468566,0.083101,0.204037,0.075000,0.011744
51.653612,-0.286461,-0.002752,2.697488,-0.468566,0.083101,0.201329,0.075000,0.008830
51.687010,-0.287750,-0.002139,2.697623,-0.475230,0.086167,0.207237,0.075000,0.009112
51.720344,-0.290644,-0.000763,2.695898,-0.475230,0.086167,0.204032,0.075000,0.013626
51.757168,-0.293424,0.000566,2.695527,-0.475230,0.086167,0.200950,0.075000,0.014976
51.790476,-0.294813,0.001231,2.697560,-0.481888,0.089222,0.206735,0.075000,0.010599
51.823823,-0.297140,0.002337,2.699206,-0.481888,0.089222,0.204159,0.075000,0.006827
51.854480,-0.298562,0.003010,2.698579,-0.481888,0.089222,0.202585,0.075000,0.008482
51.887705,-0.299878,0.003635,2.698954,-0.481888,0.089222,0.201129,0.075000,0.007673
51.923816,-0.299878,0.003635,2.698954,-0.481888,0.089222,0.201129,0.075000,0.007673
51.957415,-0.299878,0.003635,2.698954,-0.481888,0.089222,0.201129,0.075000,0.007673
51.994750,-0.301782,0.004537,2.698617,-0.488539,0.092265,0.206336,0.075000,0.009272
52.022156,-0.311805,0.009292,2.696416,-0.495184,0.095296,0.202545,0.075000,0.016395
52.055222,-0.313335,0.010022,2.697130,-0.495184,0.095296,0.200850,0.075000,0.014895
52.087517,-0.315529,0.011066,2.698849,-0.501822,0.098315,0.205713,0.075000,0.011526
52.120772,-0.317694,0.012092,2.699136,-0.501822,0.098315,0.203316,0.075000,0.011089
52.153778,-0.320479,0.013412,2.699258,-0.501822,0.098315,0.200235,0.075000,0.011129
52.187509,-0.322056,0.014158,2.699609,-0.508454,0.101321,0.205771,0.075000,0.011120
52.220734,-0.324433,0.015283,2.700229,-0.508454,0.101321,0.203141,0.075000,0.009876
52.253622,-0.327047,0.016517,2.700649,-0.508454,0.101321,0.200250,0.075000,0.009111
52.287284,-0.328693,0.017294,2.700840,-0.515078,0.104315,0.205699,0.075000,0.009587
52.320679,-0.331114,0.018435,2.701982,-0.515078,0.104315,0.203023,0.075000,0.007017
52.353754,-0.333903,0.019747,2.701884,-0.521696,0.107296,0.207197,0.075000,0.008359
52.387250,-0.336505,0.020970,2.703907,-0.521696,0.107296,0.204322,0.075000,0.003634
52.420477,-0.338391,0.021853,2.704616,-0.521696,0.107296,0.202240,0.075000,0.001956
52.453710,-0.341122,0.023131,2.701553,-0.528306,0.110264,0.206470,0.075000,0.010592
52.487452,-0.343910,0.024444,2.702081,-0.528306,0.110264,0.203389,0.075000,0.009622
52.522022,-0.345366,0.025128,2.701596,-0.528306,0.110264,0.201780,0.075000,0.010979
52.553659,-0.348197,0.026463,2.699999,-0.534909,0.113218,0.205883,0.075000,0.016086
52.590268,-0.350525,0.027562,2.702277,-0.534909,0.113218,0.203308,0.075000,0.010877
52.623343,-0.351959,0.028236,2.701197,-0.534909,0.113218,0.201724,0.075000,0.013728
52.654374,-0.354623,0.029491,2.701980,-0.541504,0.116159,0.205999,0.075000,0.013045
52.687547,-0.356221,0.030242,2.702074,-0.541504,0.116159,0.204234,0.075000,0.013039
52.720798,-0.358695,0.031406,2.702762,-0.541504,0.116159,0.201500,0.075000,0.011690
52.753695,-0.361736,0.032835,2.701567,-0.548092,0.119086,0.205347,0.075000,0.015954
52.789424,-0.363112,0.033483,2.701892,-0.548092,0.119086,0.203827,0.075000,0.015397
52.820263,-0.365698,0.034698,2.703217,-0.548092,0.119086,0.200970,0.075000,0.012528
52.854604,-0.366927,0.035274,2.703379,-0.554672,0.121999,0.206807,0.075000,0.013258
52.886955,-0.368218,0.035879,2.703433,-0.554672,0.121999,0.205382,0.075000,0.013312
52.924222,-0.368218,0.035879,2.703433,-0.554672,0.121999,0.205382,0.075000,0.013312
52.993015,-0.369829,0.036634,2.703846,-0.554672,0.121999,0.203602,0.075000,0.012532
53.023557,-0.379140,0.040981,2.705978,-0.561244,0.124897,0.200508,0.075000,0.009480
53.053777,-0.381799,0.042217,2.707491,-0.567808,0.127781,0.204745,0.075000,0.007239
53.087102,-0.383088,0.042814,2.707842,-0.567808,0.127781,0.203324,0.075000,0.006477
53.120406,-0.385739,0.044042,2.708464,-0.567808,0.127781,0.200402,0.075000,0.005111
53.154278,-0.388567,0.045350,2.708507,-0.574363,0.130649,0.204442,0.075000,0.006576
53.186997,-0.391350,0.046636,2.708937,-0.574363,0.130649,0.201376,0.075000,0.005700
53.220514,-0.392730,0.047273,2.708991,-0.580911,0.133503,0.206996,0.075000,0.007067
53.253613,-0.395824,0.048703,2.706769,-0.580911,0.133503,0.203588,0.075000,0.012778
53.287018,-0.397253,0.049367,2.707068,-0.580911,0.133503,0.202013,0.075000,0.012238
53.320419,-0.399920,0.050604,2.708818,-0.587450,0.136341,0.206199,0.075000,0.009595
53.353736,-0.402421,0.051758,2.710655,-0.587450,0.136341,0.203445,0.075000,0.005327
53.389641,-0.403805,0.052395,2.710004,-0.587450,0.136341,0.201922,0.075000,0.007018
53.424599,-0.406413,0.053595,2.710382,-0.593980,0.139164,0.206164,0.075000,0.007788
53.454492,-0.409166,0.054862,2.710381,-0.593980,0.139164,0.203133,0.075000,0.008025
53.487810,-0.411961,0.056148,2.710093,-0.593980,0.139164,0.200056,0.075000,0.008995
53.522909,-0.413417,0.056819,2.709635,-0.600502,0.141971,0.205552,0.075000,0.011741
53.553925,-0.416009,0.058012,2.711392,-0.600502,0.141971,0.202698,0.075000,0.007716
53.591057,-0.417326,0.058616,2.711284,-0.600502,0.141971,0.201249,0.075000,0.008097
53.623882,-0.419894,0.059794,2.711986,-0.607014,0.144761,0.205507,0.075000,0.008188
53.654337,-0.422660,0.061061,2.711821,-0.607014,0.144761,0.202466,0.075000,0.008847
53.687369,-0.424250,0.061790,2.712612,-0.607014,0.144761,0.200716,0.075000,0.007031
53.720720,-0.426609,0.062868,2.713337,-0.613518,0.147536,0.205191,0.075000,0.007112
53.753994,-0.429330,0.064110,2.713335,-0.613518,0.147536,0.202201,0.075000,0.007331
53.787233,-0.431021,0.064882,2.713525,-0.613518,0.147536,0.200342,0.075000,0.006993
53.820677,-0.433507,0.066016,2.713808,-0.620012,0.150293,0.204663,0.075000,0.008240
53.853874,-0.433507,0.066016,2.713808,-0.620012,0.150293,0.204663,0.075000,0.008240
53.887257,-0.437481,0.067827,2.714000,-0.620012,0.150293,0.200295,0.075000,0.008112
53.920920,-0.438851,0.068452,2.714080,-0.626497,0.153034,0.205828,0.075000,0.009789
53.953806,-0.438851,0.068452,2.714080,-0.626497,0.153034,0.205828,0.075000,0.009789
54.020615,-0.440736,0.069311,2.714673,-0.626497,0.153034,0.203757,0.075000,0.008535
54.053633,-0.449734,0.073404,2.715264,-0.632973,0.155758,0.200895,0.075000,0.009813
54.087179,-0.451050,0.074001,2.715454,-0.639439,0.158465,0.206457,0.075000,0.011289
54.120532,-0.453682,0.075196,2.715968,-0.639439,0.158465,0.203566,0.075000,0.010347
54.153686,-0.456428,0.076440,2.716954,-0.639439,0.158465,0.200552,0.075000,0.008193
54.187280,-0.457777,0.077050,2.717197,-0.645895,0.161154,0.206062,0.075000,0.009639
54.220634,-0.460520,0.078289,2.717578,-0.645895,0.161154,0.203053,0.075000,0.008982
54.254241,-0.463275,0.079533,2.717838,-0.645895,0.161154,0.200030,0.075000,0.008607
54.290707,-0.464867,0.080250,2.718279,-0.652341,0.163825,0.205259,0.075000,0.009658
54.322791,-0.467467,0.081421,2.718747,-0.652341,0.163825,0.202408,0.075000,0.008770
54.353850,-0.470218,0.082659,2.718828,-0.658778,0.166478,0.206351,0.075000,0.010842
54.391222,-0.471613,0.083287,2.718991,-0.658778,0.166478,0.204820,0.075000,0.010608
54.424609,-0.474282,0.084486,2.719530,-0.658778,0.166478,0.201895,0.075000,0.009578
54.454373,-0.477000,0.085706,2.719911,-0.665204,0.169113,0.205858,0.075000,0.010980
54.487556,-0.478568,0.086410,2.720101,-0.665204,0.169113,0.204139,0.075000,0.010700
54.520336,-0.481127,0.087558,2.720019,-0.665204,0.169113,0.201334,0.075000,0.011207
54.553663,-0.483894,0.088798,2.720642,-0.671620,0.171730,0.205229,0.075000,0.012086
54.587014,-0.485231,0.089397,2.720884,-0.671620,0.171730,0.203763,0.075000,0.011666
54.620380,-0.488014,0.090642,2.720885,-0.671620,0.171730,0.200715,0.075000,0.012021
54.653914,-0.489909,0.091490,2.721294,-0.678025,0.174328,0.205548,0.075000,0.013361
54.687267,-0.492384,0.092596,2.721874,-0.678025,0.174328,0.202837,0.075000,0.012287
54.722126,-0.494846,0.093693,2.722998,-0.678025,0.174328,0.200141,0.075000,0.009805
54.753875,-0.496659,0.094500,2.723404,-0.684420,0.176907,0.205049,0.075000,0.011239
54.786948,-0.499345,0.095693,2.723909,-0.684420,0.176907,0.202110,0.075000,0.010311
54.820537,-0.501554,0.096673,2.724439,-0.690804,0.179467,0.206568,0.075000,0.011510
54.853996,-0.503468,0.097521,2.725181,-0.690804,0.179467,0.204475,0.075000,0.009935
54.887595,-0.505652,0.098486,2.725981,-0.690804,0.179467,0.202087,0.075000,0.008183
54.920602,-0.507039,0.099099,2.726280,-0.690804,0.179467,0.200571,0.075000,0.007562
54.956854,-0.507039,0.099099,2.726280,-0.690804,0.179467,0.200571,0.075000,0.007562
54.988957,-0.507039,0.099099,2.726280,-0.690804,0.179467,0.200571,0.075000,0.007562
55.041984,-0.507039,0.099099,2.726280,-0.690804,0.179467,0.200571,0.075000,0.007562
55.054628,-0.516667,0.103338,2.727605,-0.703540,0.184529,0.203749,0.075000,0.010115
55.087456,-0.519429,0.104551,2.727547,-0.703540,0.184529,0.200732,0.075000,0.010567
55.122102,-0.522200,0.105769,2.727603,-0.709891,0.187030,0.204527,0.075000,0.013209
55.159427,-0.525026,0.107010,2.728251,-0.709891,0.187030,0.201440,0.075000,0.012004
55.189811,-0.526387,0.107607,2.728988,-0.716231,0.189511,0.206758,0.075000,0.012821
55.221646,-0.529145,0.108814,2.729365,-0.716231,0.189511,0.203748,0.075000,0.012269
55.254755,-0.531902,0.110019,2.729926,-0.716231,0.189511,0.200739,0.075000,0.011240
55.287640,-0.533296,0.110628,2.730169,-0.722559,0.191972,0.206004,0.075000,0.013345
55.320760,-0.536060,0.111833,2.730686,-0.722559,0.191972,0.202988,0.075000,0.012468
55.353866,-0.538862,0.113054,2.730630,-0.728876,0.194413,0.206700,0.075000,0.015498
55.387043,-0.540934,0.113957,2.731648,-0.728876,0.194413,0.204440,0.075000,0.013353
55.420605,-0.542826,0.114779,2.732322,-0.728876,0.194413,0.202376,0.075000,0.011960
55.453629,-0.545608,0.115985,2.732784,-0.735182,0.196833,0.206094,0.075000,0.013809
55.487132,-0.547171,0.116662,2.733792,-0.735182,0.196833,0.204390,0.075000,0.011575
55.520453,-0.549747,0.117775,2.734019,-0.735182,0.196833,0.201584,0.075000,0.011334
55.553656,-0.552450,0.118941,2.734613,-0.741475,0.199232,0.205372,0.075000,0.012926
55.586947,-0.553846,0.119543,2.734613,-0.741475,0.199232,0.203851,0.075000,0.013120
55.620404,-0.556615,0.120736,2.735266,-0.741475,0.199232,0.200836,0.075000,0.011888
55.654276,-0.559330,0.121904,2.735735,-0.747757,0.201610,0.204592,0.075000,0.013869
55.688162,-0.560927,0.122590,2.735609,-0.747757,0.201610,0.202853,0.075000,0.014419
55.720642,-0.563475,0.123685,2.735987,-0.747757,0.201610,0.200080,0.075000,0.013874
55.753610,-0.566204,0.124857,2.736405,-0.754027,0.203967,0.203803,0.075000,0.016053
55.789260,-0.567552,0.125435,2.736619,-0.754027,0.203967,0.202336,0.075000,0.015756
55.820336,-0.570245,0.126589,2.736619,-0.760284,0.206302,0.206080,0.075000,0.018944
55.855123,-0.570245,0.126589,2.736619,-0.760284,0.206302,0.206080,0.075000,0.018944
55.887497,-0.573172,0.127844,2.736976,-0.760284,0.206302,0.202895,0.075000,0.018663
55.920684,-0.573172,0.127844,2.736976,-0.760284,0.206302,0.202895,0.075000,0.018663
55.953892,-0.573172,0.127844,2.736976,-0.760284,0.206302,0.202895,0.075000,0.018663
56.008350,-0.575055,0.128650,2.737894,-0.760284,0.206302,0.200847,0.075000,0.016762
56.020649,-0.584235,0.132561,2.740374,-0.772762,0.210908,0.204158,0.075000,0.018023
56.054597,-0.584235,0.132561,2.740374,-0.772762,0.210908,0.204158,0.075000,0.018023
56.087621,-0.588648,0.134432,2.741077,-0.778982,0.213177,0.205981,0.075000,0.019993
56.125123,-0.591270,0.135543,2.741521,-0.778982,0.213177,0.203133,0.075000,0.019467
56.156299,-0.593893,0.136651,2.742897,-0.778982,0.213177,0.200286,0.075000,0.016581
56.187254,-0.595365,0.137271,2.743532,-0.785189,0.215425,0.205283,0.075000,0.018256
56.220636,-0.597785,0.138288,2.744415,-0.785189,0.215425,0.202659,0.075000,0.016547
56.253675,-0.600550,0.139448,2.745121,-0.791384,0.217650,0.206235,0.075000,0.018310
56.287124,-0.601921,0.140022,2.745606,-0.791384,0.217650,0.204749,0.075000,0.017392
56.321883,-0.604790,0.141221,2.746041,-0.791384,0.217650,0.201640,0.075000,0.016850
56.353833,-0.607610,0.142397,2.747124,-0.797565,0.219852,0.205140,0.075000,0.017788
56.389835,-0.609015,0.142982,2.747503,-0.797565,0.219852,0.203618,0.075000,0.017124
56.424939,-0.611623,0.144066,2.748798,-0.797565,0.219852,0.200793,0.075000,0.014372
56.454040,-0.614490,0.145253,2.748906,-0.803734,0.222031,0.204226,0.075000,0.017797
56.487482,-0.616236,0.145976,2.748843,-0.803734,0.222031,0.202336,0.075000,0.018286
56.525157,-0.618948,0.147100,2.749460,-0.809889,0.224187,0.205915,0.075000,0.020441
56.553702,-0.621347,0.148092,2.750005,-0.809889,0.224187,0.203319,0.075000,0.019625
56.590349,-0.622951,0.148754,2.750546,-0.809889,0.224187,0.201584,0.075000,0.018622
56.620421,-0.625751,0.149907,2.751264,-0.816031,0.226320,0.205050,0.075000,0.020628
56.654267,-0.628342,0.150974,2.751321,-0.816031,0.226320,0.202248,0.075000,0.021061
56.687630,-0.629958,0.151638,2.751417,-0.816031,0.226320,0.200501,0.075000,0.021192
56.722493,-0.633045,0.152907,2.752781,-0.822159,0.228430,0.203636,0.075000,0.021772
56.758274,-0.635295,0.153828,2.753529,-0.822159,0.228430,0.201206,0.075000,0.020435
56.791613,-0.637123,0.154576,2.753899,-0.828274,0.230516,0.205683,0.075000,0.023181
56.822393,-0.637941,0.154910,2.754305,-0.828274,0.230516,0.204800,0.075000,0.022391
56.854326,-0.640748,0.156054,2.754994,-0.828274,0.230516,0.201769,0.075000,0.021355
56.887606,-0.640748,0.156054,2.754994,-0.828274,0.230516,0.201769,0.075000,0.021355
56.962602,-0.640748,0.156054,2.754994,-0.828274,0.230516,0.201769,0.075000,0.021355
56.987193,-0.650553,0.160027,2.759221,-0.840462,0.234616,0.204031,0.075000,0.019902
57.020478,-0.653306,0.161133,2.760544,-0.840462,0.234616,0.201065,0.075000,0.017190
57.053609,-0.656146,0.162271,2.760160,-0.846535,0.236629,0.204395,0.075000,0.022234
57.086987,-0.657579,0.162846,2.760322,-0.846535,0.236629,0.202851,0.075000,0.022175
57.120820,-0.660372,0.163965,2.761188,-0.852594,0.238619,0.206210,0.075000,0.024151
57.153620,-0.663082,0.165048,2.762106,-0.852594,0.238619,0.203291,0.075000,0.022586
57.186891,-0.665829,0.166142,2.762756,-0.852594,0.238619,0.200335,0.075000,0.021625
57.220715,-0.667267,0.166715,2.763083,-0.858639,0.240584,0.205134,0.075000,0.024700
57.253606,-0.670105,0.167843,2.763708,-0.858639,0.240584,0.202080,0.075000,0.023901
57.287104,-0.671505,0.168399,2.763815,-0.858639,0.240584,0.200573,0.075000,0.023994
57.320431,-0.674353,0.169528,2.765243,-0.864669,0.242524,0.203834,0.075000,0.024786
57.358962,-0.677030,0.170585,2.766966,-0.864669,0.242524,0.200956,0.075000,0.021200
57.389941,-0.678958,0.171343,2.767189,-0.870685,0.244439,0.205189,0.075000,0.024767
57.423654,-0.681269,0.172251,2.767946,-0.870685,0.244439,0.202706,0.075000,0.023511
57.454114,-0.684096,0.173358,2.769427,-0.876686,0.246329,0.205951,0.075000,0.024243
57.487543,-0.685560,0.173929,2.769373,-0.876686,0.246329,0.204379,0.075000,0.024749
57.523599,-0.688300,0.174998,2.770323,-0.876686,0.246329,0.201438,0.075000,0.023113
57.559295,-0.691126,0.176097,2.771484,-0.882673,0.248193,0.204665,0.075000,0.024725
57.589906,-0.693050,0.176844,2.772186,-0.882673,0.248193,0.202602,0.075000,0.023498
57.621835,-0.695311,0.177719,2.772820,-0.882673,0.248193,0.200178,0.075000,0.022480
57.655715,-0.698120,0.178804,2.773730,-0.888644,0.250033,0.203404,0.075000,0.024809
57.688803,-0.699888,0.179485,2.773254,-0.888644,0.250033,0.201509,0.075000,0.026457
57.721171,-0.702328,0.180426,2.774772,-0.894601,0.251846,0.205109,0.075000,0.027211
57.753597,-0.704934,0.181427,2.776248,-0.894601,0.251846,0.202318,0.075000,0.024309
57.788549,-0.706511,0.182030,2.776756,-0.894601,0.251846,0.200629,0.075000,0.023456
57.823889,-0.709104,0.183019,2.778217,-0.900542,0.253634,0.204046,0.075000,0.024486
57.857650,-0.710503,0.183551,2.778737,-0.900542,0.253634,0.202550,0.075000,0.023567
57.891221,-0.711893,0.184079,2.779008,-0.900542,0.253634,0.201063,0.075000,0.023243
57.920929,-0.714799,0.185181,2.779088,-0.906468,0.255396,0.204125,0.075000,0.027807
57.953677,-0.717674,0.186271,2.781116,-0.906468,0.255396,0.201051,0.075000,0.023617
57.987227,-0.717674,0.186271,2.781116,-0.906468,0.255396,0.201051,0.075000,0.023617
58.055334,-0.717674,0.186271,2.781116,-0.906468,0.255396,0.201051,0.075000,0.023617
58.087113,-0.727800,0.190065,2.786025,-0.918274,0.258842,0.202511,0.075000,0.022359
58.120543,-0.730334,0.191005,2.786651,-0.924154,0.260525,0.205911,0.075000,0.025632
58.153870,-0.731711,0.191516,2.786921,-0.924154,0.260525,0.204442,0.075000,0.025340
58.187210,-0.734824,0.192667,2.787703,-0.924154,0.260525,0.201123,0.075000,0.024224
58.220409,-0.737588,0.193688,2.788828,-0.930018,0.262181,0.204256,0.075000,0.026459
58.253680,-0.740104,0.194614,2.789735,-0.930018,0.262181,0.201575,0.075000,0.024911
58.287257,-0.741487,0.195121,2.790107,-0.930018,0.262181,0.200102,0.075000,0.024349
58.321033,-0.744283,0.196146,2.791601,-0.935866,0.263811,0.203181,0.075000,0.025786
58.353853,-0.747019,0.197144,2.792549,-0.935866,0.263811,0.200269,0.075000,0.024167
58.392042,-0.749808,0.198158,2.793551,-0.941698,0.265414,0.203335,0.075000,0.026877
58.422652,-0.751234,0.198676,2.794063,-0.941698,0.265414,0.201818,0.075000,0.026015
58.454331,-0.754106,0.199716,2.794821,-0.947514,0.266990,0.204775,0.075000,0.029366
58.487398,-0.755785,0.200322,2.795480,-0.947514,0.266990,0.202989,0.075000,0.028261
58.520598,-0.758370,0.201254,2.796554,-0.947514,0.266990,0.200242,0.075000,0.026350
58.553879,-0.758370,0.201254,2.796554,-0.947514,0.266990,0.200242,0.075000,0.026350
58.587210,-0.762790,0.202838,2.798408,-0.953314,0.268538,0.201534,0.075000,0.027575
58.620526,-0.765333,0.203746,2.799217,-0.959097,0.270060,0.204798,0.075000,0.030846
58.653648,-0.768304,0.204805,2.799520,-0.959097,0.270060,0.201644,0.075000,0.031063
58.687119,-0.769678,0.205294,2.800275,-0.959097,0.270060,0.200185,0.075000,0.029631
58.720684,-0.772511,0.206300,2.800681,-0.964864,0.271553,0.203120,0.075000,0.034116
58.754273,-0.775292,0.207286,2.802401,-0.964864,0.271553,0.200169,0.075000,0.030820
58.787125,-0.776930,0.207864,2.803540,-0.970615,0.273019,0.204350,0.075000,0.033140
58.820479,-0.779624,0.208810,2.803809,-0.970615,0.273019,0.201495,0.075000,0.033412
58.853814,-0.781080,0.209322,2.804162,-0.976349,0.274458,0.205846,0.075000,0.037567
58.887042,-0.783863,0.210297,2.805375,-0.976349,0.274458,0.202897,0.075000,0.035672
58.920772,-0.783863,0.210297,2.805375,-0.976349,0.274458,0.202897,0.075000,0.035672
58.956165,-0.783863,0.210297,2.805375,-0.976349,0.274458,0.202897,0.075000,0.035672
58.999503,-0.785481,0.210863,2.806233,-0.976349,0.274458,0.201183,0.075000,0.034150
59.020470,-0.794124,0.213860,2.810882,-0.987766,0.277250,0.203753,0.075000,0.035200
59.054274,-0.795551,0.214349,2.811395,-0.987766,0.277250,0.202245,0.075000,0.034457
59.087584,-0.798047,0.215205,2.813329,-0.993449,0.278604,0.205429,0.075000,0.035338
59.122970,-0.800782,0.216135,2.813752,-0.993449,0.278604,0.202541,0.075000,0.035298
59.159445,-0.803012,0.216893,2.814767,-0.993449,0.278604,0.200186,0.075000,0.033598
59.192157,-0.806476,0.218066,2.816271,-0.999115,0.279930,0.202329,0.075000,0.036037
59.224097,-0.807947,0.218562,2.816703,-0.999115,0.279930,0.200776,0.075000,0.035521
59.254421,-0.810876,0.219548,2.817871,-1.004763,0.281228,0.203461,0.075000,0.038635
59.287914,-0.812242,0.220006,2.818466,-1.004763,0.281228,0.202021,0.075000,0.037716
59.320576,-0.814975,0.220921,2.819436,-1.010395,0.282496,0.204891,0.075000,0.041267
59.353742,-0.817680,0.221822,2.821731,-1.010395,0.282496,0.202041,0.075000,0.036741
59.387037,-0.820486,0.222750,2.823849,-1.016008,0.283736,0.204812,0.075000,0.037577
59.420675,-0.821882,0.223209,2.824444,-1.016008,0.283736,0.203344,0.075000,0.036660
59.453629,-0.824767,0.224156,2.825519,-1.016008,0.283736,0.200308,0.075000,0.035087
59.487162,-0.826214,0.224629,2.826274,-1.021605,0.284947,0.204489,0.075000,0.038856
59.522737,-0.829045,0.225550,2.828536,-1.021605,0.284947,0.201513,0.075000,0.034375
59.554006,-0.831796,0.226439,2.830148,-1.027183,0.286130,0.204302,0.075000,0.036592
59.588318,-0.833184,0.226887,2.831054,-1.027183,0.286130,0.202843,0.075000,0.034887
59.621101,-0.836079,0.227814,2.832204,-1.032744,0.287283,0.205459,0.075000,0.038313
59.656738,-0.839004,0.228748,2.833414,-1.032744,0.287283,0.202390,0.075000,0.036486
59.687298,-0.840477,0.229217,2.834145,-1.032744,0.287283,0.200843,0.075000,0.035231
59.721719,-0.843501,0.230176,2.835118,-1.038286,0.288407,0.203303,0.075000,0.039312
59.753731,-0.846444,0.231107,2.837088,-1.038286,0.288407,0.200216,0.075000,0.035599
59.790937,-0.847930,0.231573,2.837575,-1.043811,0.289501,0.204267,0.075000,0.040345
59.823538,-0.851033,0.232547,2.837710,-1.043811,0.289501,0.201015,0.075000,0.041326
59.854354,-0.852452,0.232992,2.838824,-1.049317,0.290566,0.205112,0.075000,0.044481
59.887289,-0.855197,0.233848,2.840482,-1.049317,0.290566,0.202237,0.075000,0.041643
59.922223,-0.855197,0.233848,2.840482,-1.049317,0.290566,0.202237,0.075000,0.041643
59.956021,-0.855197,0.233848,2.840482,-1.049317,0.290566,0.202237,0.075000,0.041643
59.998559,-0.856685,0.234310,2.841372,-1.049317,0.290566,0.200679,0.075000,0.040073
60.021066,-0.865605,0.237048,2.846311,-1.060276,0.292608,0.202444,0.075000,0.042644
60.054645,-0.867944,0.237758,2.847814,-1.060276,0.292608,0.200000,0.075000,0.039924
60.090714,-0.869617,0.238264,2.848727,-1.065727,0.293584,0.203763,0.075000,0.043983
60.121039,-0.872246,0.239056,2.849845,-1.065727,0.293584,0.201018,0.075000,0.042402
60.153797,-0.875039,0.239894,2.851461,-1.071160,0.294530,0.203589,0.075000,0.045278
60.187284,-0.876463,0.240319,2.852869,-1.071160,0.294530,0.202103,0.075000,0.042462
60.220503,-0.879329,0.241169,2.854679,-1.076574,0.295446,0.204576,0.075000,0.044926
60.253627,-0.882180,0.242009,2.856605,-1.076574,0.295446,0.201605,0.075000,0.041470
60.287238,-0.883710,0.242457,2.857252,-1.076574,0.295446,0.200011,0.075000,0.040516
60.320420,-0.886841,0.243372,2.858692,-1.081969,0.296333,0.202188,0.075000,0.044191
60.353601,-0.889745,0.244215,2.860362,-1.087346,0.297189,0.204578,0.075000,0.047184
60.387208,-0.891162,0.244624,2.861147,-1.087346,0.297189,0.203104,0.075000,0.045939
60.420522,-0.894001,0.245440,2.863946,-1.087346,0.297189,0.200151,0.075000,0.040286
60.453713,-0.896942,0.246277,2.865592,-1.092703,0.298014,0.202482,0.075000,0.043511
60.487048,-0.898330,0.246670,2.866591,-1.092703,0.298014,0.201040,0.075000,0.041653
60.520436,-0.901126,0.247458,2.868972,-1.098041,0.298810,0.203501,0.075000,0.043045
60.556729,-0.903910,0.248235,2.870956,-1.098041,0.298810,0.200611,0.075000,0.039334
60.588968,-0.905560,0.248692,2.871683,-1.103360,0.299574,0.204240,0.075000,0.044381
60.623398,-0.908189,0.249419,2.873001,-1.103360,0.299574,0.201513,0.075000,0.042310
60.654203,-0.909727,0.249842,2.873463,-1.108660,0.300309,0.205235,0.075000,0.047956
60.687582,-0.912916,0.250717,2.875739,-1.108660,0.300309,0.201928,0.075000,0.043888
60.722551,-0.915421,0.251398,2.877105,-1.113940,0.301012,0.204625,0.075000,0.047852
60.758434,-0.918241,0.252161,2.879203,-1.113940,0.301012,0.201704,0.075000,0.044035
60.789689,-0.920303,0.252715,2.880424,-1.119201,0.301685,0.204837,0.075000,0.048233
60.822557,-0.922973,0.253427,2.881950,-1.119201,0.301685,0.202075,0.075000,0.045773
60.854920,-0.924204,0.253754,2.882728,-1.119201,0.301685,0.200801,0.075000,0.044419
60.887612,-0.927096,0.254518,2.885356,-1.124442,0.302327,0.203055,0.075000,0.045690
60.920763,-0.927096,0.254518,2.885356,-1.124442,0.302327,0.203055,0.075000,0.045690
60.988160,-0.928544,0.254898,2.886599,-1.124442,0.302327,0.201558,0.075000,0.043288
61.020521,-0.937848,0.257302,2.893061,-1.134865,0.303519,0.202365,0.075000,0.044754
61.053686,-0.940222,0.257904,2.894569,-1.140047,0.304068,0.205088,0.075000,0.048713
61.089404,-0.943200,0.258654,2.895246,-1.140047,0.304068,0.202018,0.075000,0.048524
61.120567,-0.944620,0.259011,2.896080,-1.140047,0.304068,0.200553,0.075000,0.047157
61.153606,-0.947575,0.259751,2.896686,-1.145208,0.304586,0.202655,0.075000,0.053842
61.187040,-0.949156,0.260146,2.898073,-1.145208,0.304586,0.201026,0.075000,0.051268
61.220736,-0.951764,0.260793,2.899842,-1.150350,0.305073,0.203463,0.075000,0.054952
61.253608,-0.954652,0.261504,2.902016,-1.150350,0.305073,0.200489,0.075000,0.051157
61.287069,-0.956325,0.261912,2.902803,-1.155471,0.305528,0.203866,0.075000,0.056843
61.320373,-0.958950,0.262551,2.904479,-1.155471,0.305528,0.201166,0.075000,0.054207
61.353708,-0.961994,0.263285,2.906305,-1.160572,0.305953,0.203110,0.075000,0.058187
61.387223,-0.963522,0.263651,2.907398,-1.160572,0.305953,0.201539,0.075000,0.056388
61.420376,-0.966477,0.264355,2.909343,-1.165652,0.306345,0.203554,0.075000,0.060102
61.453654,-0.969362,0.265035,2.912102,-1.165652,0.306345,0.200590,0.075000,0.054994
61.487271,-0.970873,0.265388,2.913127,-1.170712,0.306707,0.204066,0.075000,0.060221
61.521466,-0.973836,0.266076,2.914782,-1.170712,0.306707,0.201025,0.075000,0.057923
61.553935,-0.976788,0.266756,2.917099,-1.175752,0.307037,0.203000,0.075000,0.060927
61.591295,-0.978283,0.267097,2.918403,-1.175752,0.307037,0.201467,0.075000,0.058624
61.622744,-0.979744,0.267429,2.919795,-1.180770,0.307335,0.204949,0.075000,0.063015
61.655017,-0.984043,0.268392,2.923848,-1.180770,0.307335,0.200545,0.075000,0.055642
61.687864,-0.985748,0.268770,2.925277,-1.185768,0.307601,0.203754,0.075000,0.060266
61.720645,-0.986958,0.269035,2.926355,-1.185768,0.307601,0.202516,0.075000,0.058344
61.753753,-0.991266,0.269973,2.929198,-1.190745,0.307836,0.203040,0.075000,0.061103
61.787333,-0.992721,0.270287,2.930470,-1.190745,0.307836,0.201552,0.075000,0.058854
61.820614,-0.995662,0.270916,2.932429,-1.195701,0.308040,0.203454,0.075000,0.063077
61.853758,-0.997089,0.271219,2.933877,-1.195701,0.308040,0.201995,0.075000,0.060408
61.887319,-0.999958,0.271822,2.936387,-1.200635,0.308211,0.203950,0.075000,0.063309
61.920769,-1.001404,0.272124,2.937834,-1.200635,0.308211,0.202473,0.075000,0.060664
61.953834,-1.001404,0.272124,2.937834,-1.200635,0.308211,0.202473,0.075000,0.060664
62.020219,-1.001404,0.272124,2.937834,-1.200635,0.308211,0.202473,0.075000,0.060664
62.020768,-1.002869,0.272426,2.939105,-1.200635,0.308211,0.200978,0.075000,0.058408
62.053566,-1.013542,0.274582,2.946666,-1.215312,0.308534,0.204607,0.075000,0.068946
62.087068,-1.015035,0.274877,2.947457,-1.215312,0.308534,0.203085,0.075000,0.068036
62.120515,-1.017740,0.275407,2.949513,-1.215312,0.308534,0.200330,0.075000,0.064776
62.157504,-1.020754,0.275991,2.952350,-1.220161,0.308577,0.202052,0.075000,0.067444
62.190436,-1.022429,0.276312,2.954072,-1.220161,0.308577,0.200348,0.075000,0.064302
62.220813,-1.025109,0.276819,2.956410,-1.224989,0.308589,0.202390,0.075000,0.068066
62.255038,-1.028136,0.277383,2.959683,-1.229796,0.308569,0.204056,0.075000,0.069777
62.287478,-1.029855,0.277699,2.961323,-1.229796,0.308569,0.202310,0.075000,0.066936
62.322128,-1.032515,0.278183,2.963666,-1.234580,0.308516,0.204329,0.075000,0.070759
62.353877,-1.035399,0.278699,2.966445,-1.234580,0.308516,0.201401,0.075000,0.065913
62.389359,-1.037145,0.279008,2.967966,-1.239343,0.308432,0.204328,0.075000,0.071252
62.422392,-1.040311,0.279562,2.970613,-1.239343,0.308432,0.201115,0.075000,0.066950
62.455595,-1.042696,0.279972,2.972633,-1.244084,0.308315,0.203372,0.075000,0.071631
62.488255,-1.044421,0.280267,2.974327,-1.244084,0.308315,0.201623,0.075000,0.068680
62.520782,-1.047177,0.280731,2.976403,-1.248802,0.308167,0.203483,0.075000,0.073574
62.553740,-1.050099,0.281216,2.978731,-1.248802,0.308167,0.200523,0.075000,0.069942
62.587138,-1.053108,0.281708,2.982424,-1.253499,0.307986,0.202107,0.075000,0.071192
62.620621,-1.054647,0.281955,2.984019,-1.253499,0.307986,0.200549,0.075000,0.068328
62.653668,-1.057620,0.282426,2.986401,-1.258174,0.307772,0.202149,0.075000,0.072893
62.687076,-1.060570,0.282885,2.989788,-1.262826,0.307527,0.203752,0.075000,0.074997
62.720322,-1.062079,0.283116,2.991916,-1.262826,0.307527,0.202225,0.075000,0.070872
62.753612,-1.064953,0.283547,2.994618,-1.267456,0.307249,0.203885,0.075000,0.074686
62.786976,-1.066646,0.283798,2.996363,-1.267456,0.307249,0.202174,0.075000,0.071641
62.820639,-1.069387,0.284197,2.999355,-1.272064,0.306940,0.203949,0.075000,0.074745
62.853877,-1.070889,0.284412,3.001105,-1.272064,0.306940,0.202432,0.075000,0.071548
62.887068,-1.073811,0.284823,3.003800,-1.276649,0.306597,0.204003,0.075000,0.075605
62.920554,-1.073811,0.284823,3.003800,-1.276649,0.306597,0.204003,0.075000,0.075605
62.956885,-1.073811,0.284823,3.003800,-1.276649,0.306597,0.204003,0.075000,0.075605
63.014736,-1.075232,0.285020,3.005153,-1.276649,0.306597,0.202569,0.075000,0.073341
63.023576,-1.084310,0.286234,3.013007,-1.285751,0.305816,0.202391,0.075000,0.078253
63.054585,-1.087350,0.286625,3.016101,-1.290268,0.305377,0.203783,0.075000,0.081783
63.087722,-1.088845,0.286813,3.017587,-1.290268,0.305377,0.202276,0.075000,0.079335
63.120492,-1.092287,0.287239,3.021490,-1.294762,0.304906,0.203245,0.075000,0.081334
63.153972,-1.094707,0.287530,3.024162,-1.294762,0.304906,0.200808,0.075000,0.076654
63.191059,-1.096509,0.287743,3.026190,-1.299234,0.304403,0.203408,0.075000,0.082100
63.220286,-1.099173,0.288049,3.029325,-1.299234,0.304403,0.200727,0.075000,0.076477
63.253823,-1.101251,0.288284,3.031619,-1.303682,0.303867,0.203030,0.075000,0.081607
63.286904,-1.105186,0.288712,3.036321,-1.308107,0.303299,0.203444,0.075000,0.082343
63.322317,-1.106719,0.288874,3.037382,-1.308107,0.303299,0.201905,0.075000,0.080977
63.353957,-1.109002,0.289113,3.039953,-1.312509,0.302699,0.203960,0.075000,0.085734
63.387248,-1.112698,0.289485,3.044479,-1.312509,0.302699,0.200248,0.075000,0.077585
63.420508,-1.114087,0.289620,3.046424,-1.316888,0.302066,0.203183,0.075000,0.083346
63.453678,-1.116937,0.289891,3.048614,-1.316888,0.302066,0.200322,0.075000,0.080262
63.486908,-1.119929,0.290168,3.051348,-1.321244,0.301401,0.201628,0.075000,0.085544
63.521008,-1.121485,0.290309,3.052651,-1.321244,0.301401,0.200066,0.075000,0.083629
63.554076,-1.124401,0.290567,3.056053,-1.325576,0.300704,0.201430,0.075000,0.087332
63.587682,-1.126422,0.290740,3.058771,-1.329885,0.299975,0.203672,0.075000,0.091946
63.620622,-1.129044,0.290956,3.060923,-1.329885,0.299975,0.201043,0.075000,0.088998
63.654112,-1.132039,0.291197,3.063386,-1.334170,0.299214,0.202290,0.075000,0.095297
63.688204,-1.134288,0.291373,3.066350,-1.334170,0.299214,0.200036,0.075000,0.090054
63.722323,-1.136392,0.291530,3.069526,-1.338432,0.298420,0.202157,0.075000,0.093909
63.753653,-1.139343,0.291740,3.073524,-1.342670,0.297594,0.203412,0.075000,0.096535
63.791088,-1.140899,0.291846,3.075314,-1.342670,0.297594,0.201853,0.075000,0.093602
63.820313,-1.144066,0.292053,3.079289,-1.346884,0.296737,0.202873,0.075000,0.096625
63.854381,-1.147221,0.292247,3.083055,-1.351075,0.295847,0.203885,0.075000,0.100222
63.887758,-1.147221,0.292247,3.083055,-1.351075,0.295847,0.203885,0.075000,0.100222
63.922613,-1.147221,0.292247,3.083055,-1.351075,0.295847,0.203885,0.075000,0.100222
63.992330,-1.149412,0.292375,3.085155,-1.351075,0.295847,0.201693,0.075000,0.097210
64.023475,-1.159389,0.292888,3.098709,-1.363502,0.292985,0.204114,0.075000,0.103849
64.054275,-1.162398,0.293014,3.102197,-1.363502,0.292985,0.201105,0.075000,0.098279
64.087494,-1.164045,0.293079,3.103956,-1.367597,0.291967,0.203555,0.075000,0.105830
64.120731,-1.166851,0.293183,3.106548,-1.367597,0.291967,0.200749,0.075000,0.102342
64.153783,-1.169937,0.293289,3.109880,-1.371667,0.290917,0.201744,0.075000,0.107699
64.187411,-1.172838,0.293379,3.112721,-1.375713,0.289836,0.202906,0.075000,0.114140
64.220734,-1.174355,0.293423,3.114580,-1.375713,0.289836,0.201390,0.075000,0.111255
64.253683,-1.177409,0.293503,3.119189,-1.379735,0.288722,0.202382,0.075000,0.113671
64.287618,-1.178847,0.293535,3.121855,-1.379735,0.288722,0.200945,0.075000,0.108675
64.320618,-1.181747,0.293588,3.127454,-1.383733,0.287577,0.202075,0.075000,0.108563
64.353722,-1.184662,0.293626,3.133110,-1.387706,0.286400,0.203172,0.075000,0.108380
64.386932,-1.187645,0.293649,3.137100,-1.387706,0.286400,0.200192,0.075000,0.101641
64.420715,-1.189136,0.293655,3.139425,-1.391654,0.285192,0.202695,0.075000,0.108340
64.453731,-1.192244,0.293659,-3.139610,-1.395578,0.283952,0.203565,0.075000,0.112267
64.487186,-1.193797,0.293656,-3.137775,-1.395578,0.283952,0.202014,0.075000,0.109460
64.520530,-1.196863,0.293642,-3.134274,-1.399477,0.282680,0.202910,0.075000,0.115113
64.553622,-1.199905,0.293617,-3.130049,-1.403352,0.281377,0.203815,0.075000,0.119047
64.590190,-1.201461,0.293599,-3.127911,-1.403352,0.281377,0.202261,0.075000,0.115604
64.622826,-1.204417,0.293555,-3.123642,-1.407202,0.280042,0.203235,0.075000,0.119485
64.654224,-1.207529,0.293497,-3.119289,-1.407202,0.280042,0.200126,0.075000,0.112333
64.692515,-1.209256,0.293458,-3.116305,-1.411027,0.278677,0.202311,0.075000,0.118192
64.721008,-1.211917,0.293389,-3.112343,-1.414827,0.277279,0.203549,0.075000,0.122712
64.753792,-1.214885,0.293299,-3.107399,-1.414827,0.277279,0.200583,0.075000,0.114019
64.789824,-1.216652,0.293238,-3.104555,-1.418602,0.275851,0.202698,0.075000,0.120447
64.822299,-1.219302,0.293138,-3.100384,-1.418602,0.275851,0.200049,0.075000,0.113210
64.855587,-1.220784,0.293076,-3.098178,-1.422353,0.274392,0.202433,0.075000,0.121026
64.887361,-1.222241,0.293013,-3.095700,-1.422353,0.274392,0.200976,0.075000,0.116629
64.920906,-1.222241,0.293013,-3.095700,-1.422353,0.274392,0.200976,0.075000,0.116629
64.963218,-1.222241,0.293013,-3.095700,-1.422353,0.274392,0.200976,0.075000,0.116629
64.987474,-1.231422,0.292534,-3.080712,-1.433453,0.269827,0.203303,0.075000,0.125481
65.020862,-1.234753,0.292327,-3.075703,-1.437103,0.268244,0.203778,0.075000,0.128927
65.054348,-1.236581,0.292206,-3.072508,-1.437103,0.268244,0.201948,0.075000,0.123375
65.090539,-1.239515,0.291999,-3.066605,-1.440727,0.266630,0.202805,0.075000,0.124292
65.121967,-1.242225,0.291792,-3.060744,-1.440727,0.266630,0.200091,0.075000,0.113010
65.153774,-1.244584,0.291599,-3.057193,-1.444326,0.264985,0.201508,0.075000,0.119209
65.187275,-1.246100,0.291470,-3.054561,-1.447900,0.263310,0.203755,0.075000,0.126620
65.220487,-1.249807,0.291142,-3.050440,-1.447900,0.263310,0.200039,0.075000,0.121020
65.253656,-1.252237,0.290918,-3.046936,-1.451448,0.261604,0.201357,0.075000,0.127692
65.287108,-1.254545,0.290699,-3.042594,-1.454971,0.259868,0.202783,0.075000,0.132181
65.320663,-1.256637,0.290489,-3.039046,-1.454971,0.259868,0.200684,0.075000,0.126110
65.353679,-1.259561,0.290185,-3.034121,-1.458468,0.258101,0.201478,0.075000,0.130112
65.387295,-1.261315,0.289996,-3.031031,-1.461940,0.256305,0.203434,0.075000,0.137120
65.420725,-1.264087,0.289685,-3.026300,-1.461940,0.256305,0.200649,0.075000,0.129141
65.454377,-1.267052,0.289339,-3.021408,-1.465386,0.254478,0.201374,0.075000,0.133539
65.487567,-1.268843,0.289123,-3.018422,-1.468806,0.252621,0.203267,0.075000,0.141076
65.522431,-1.271589,0.288779,-3.013129,-1.468806,0.252621,0.200504,0.075000,0.131763
65.554577,-1.274551,0.288393,-3.008354,-1.472200,0.250735,0.201205,0.075000,0.136695
65.587243,-1.276312,0.288157,-3.004814,-1.475569,0.248818,0.203104,0.075000,0.143050
65.622871,-1.279039,0.287778,-2.999212,-1.475569,0.248818,0.200354,0.075000,0.133000
65.655192,-1.282010,0.287348,-2.994425,-1.478912,0.246872,0.201019,0.075000,0.138157
65.687296,-1.285032,0.286896,-2.989010,-1.482229,0.244897,0.201619,0.075000,0.141934
65.720612,-1.286472,0.286675,-2.986008,-1.482229,0.244897,0.200165,0.075000,0.136517
65.753699,-1.289345,0.286220,-2.980617,-1.485520,0.242892,0.200903,0.075000,0.140299
65.787203,-1.290874,0.285972,-2.977451,-1.488785,0.240857,0.202988,0.075000,0.147665
65.823586,-1.293848,0.285475,-2.971694,-1.492024,0.238794,0.203599,0.075000,0.150785
65.853870,-1.295348,0.285217,-2.969024,-1.492024,0.238794,0.202080,0.075000,0.146465
65.886947,-1.298310,0.284697,-2.963463,-1.495236,0.236701,0.202691,0.075000,0.150221
65.920464,-1.298310,0.284697,-2.963463,-1.495236,0.236701,0.202691,0.075000,0.150221
65.986498,-1.298310,0.284697,-2.963463,-1.495236,0.236701,0.202691,0.075000,0.150221
65.986956,-1.299981,0.284396,-2.959595,-1.495236,0.236701,0.200997,0.075000,0.143159
66.020543,-1.309111,0.282646,-2.942092,-1.504718,0.230250,0.202503,0.075000,0.153529
66.053613,-1.311529,0.282154,-2.937014,-1.504718,0.230250,0.200040,0.075000,0.144625
66.087248,-1.313000,0.281849,-2.933503,-1.507826,0.228042,0.202119,0.075000,0.151727
66.120361,-1.316098,0.281190,-2.926736,-1.510907,0.225806,0.202529,0.075000,0.153294
66.153674,-1.318987,0.280555,-2.920736,-1.513963,0.223541,0.203141,0.075000,0.156505
66.189573,-1.320752,0.280159,-2.917504,-1.513963,0.223541,0.201335,0.075000,0.151315
66.223483,-1.323535,0.279522,-2.912409,-1.516992,0.221248,0.202043,0.075000,0.156782
66.254210,-1.326240,0.278887,-2.905692,-1.519994,0.218928,0.202820,0.075000,0.158189
66.287640,-1.329118,0.278190,-2.899052,-1.522970,0.216579,0.203407,0.075000,0.160130
66.322862,-1.330527,0.277842,-2.896072,-1.522970,0.216579,0.201960,0.075000,0.155071
66.353880,-1.333322,0.277137,-2.890082,-1.525920,0.214202,0.202620,0.075000,0.158612
66.390783,-1.334812,0.276754,-2.887045,-1.525920,0.214202,0.201084,0.075000,0.153507
66.422837,-1.337752,0.275984,-2.880356,-1.528843,0.211798,0.201582,0.075000,0.155704
66.456723,-1.340662,0.275202,-2.874425,-1.531739,0.209367,0.202101,0.075000,0.159812
66.488849,-1.342405,0.274725,-2.870260,-1.531739,0.209367,0.200298,0.075000,0.152327
66.520709,-1.345178,0.273949,-2.864755,-1.534609,0.206908,0.200944,0.075000,0.157435
66.553763,-1.348110,0.273112,-2.858563,-1.537452,0.204422,0.201417,0.075000,0.161214
66.587332,-1.349496,0.272709,-2.854750,-1.540269,0.201908,0.203487,0.075000,0.168248
66.622652,-1.352236,0.271897,-2.848772,-1.540269,0.201908,0.200635,0.075000,0.158152
66.653658,-1.355041,0.271045,-2.841324,-1.543058,0.199368,0.201217,0.075000,0.158795
66.687308,-1.356253,0.270670,-2.838833,-1.545821,0.196802,0.203452,0.075000,0.168965
66.721074,-1.359244,0.269730,-2.832092,-1.545821,0.196802,0.200324,0.075000,0.157428
66.753796,-1.361742,0.268928,-2.826397,-1.548558,0.194208,0.201204,0.075000,0.162107
66.787350,-1.363716,0.268284,-2.821425,-1.551267,0.191589,0.202627,0.075000,0.167703
66.820628,-1.366087,0.267494,-2.816162,-1.551267,0.191589,0.200133,0.075000,0.158749
66.853735,-1.369044,0.266492,-2.810589,-1.553949,0.188943,0.200510,0.075000,0.164747
66.887412,-1.370524,0.265984,-2.807468,-1.556605,0.186271,0.202436,0.075000,0.174240
66.920649,-1.370524,0.265984,-2.807468,-1.556605,0.186271,0.202436,0.075000,0.174240
66.978082,-1.372048,0.265455,-2.804776,-1.556605,0.186271,0.200827,0.075000,0.170359
66.991136,-1.377470,0.263526,-2.791086,-1.561835,0.180849,0.202055,0.075000,0.175667
67.020488,-1.380203,0.262522,-2.784576,-1.564410,0.178100,0.202631,0.075000,0.179272
67.054570,-1.383019,0.261466,-2.778145,-1.566958,0.175325,0.203110,0.075000,0.183306
67.087315,-1.384615,0.260859,-2.773977,-1.566958,0.175325,0.201408,0.075000,0.176097
67.120744,-1.387074,0.259908,-2.767322,-1.569479,0.172525,0.202255,0.075000,0.179031
67.153650,-1.389774,0.258842,-2.759574,-1.571972,0.169700,0.202836,0.075000,0.179777
67.187274,-1.391200,0.258269,-2.755637,-1.571972,0.169700,0.201304,0.075000,0.172773
67.220586,-1.394025,0.257115,-2.749131,-1.574439,0.166850,0.201735,0.075000,0.176918
67.253747,-1.396814,0.255955,-2.741818,-1.576878,0.163976,0.202196,0.075000,0.179092
67.287225,-1.398196,0.255371,-2.738260,-1.576878,0.163976,0.200700,0.075000,0.172930
67.320409,-1.400895,0.254214,-2.731219,-1.579291,0.161077,0.201245,0.075000,0.175715
67.355636,-1.403648,0.253011,-2.724322,-1.581676,0.158153,0.201722,0.075000,0.179028
67.387245,-1.405260,0.252297,-2.720568,-1.584034,0.155206,0.203438,0.075000,0.187833
67.420393,-1.407826,0.251144,-2.715123,-1.584034,0.155206,0.200632,0.075000,0.179546
67.453635,-1.410685,0.249839,-2.707715,-1.586365,0.152235,0.200972,0.075000,0.182053
67.487191,-1.412331,0.249077,-2.703407,-1.588668,0.149239,0.202639,0.075000,0.189776
67.520636,-1.414775,0.247927,-2.696404,-1.590945,0.146221,0.203420,0.075000,0.192473
67.553792,-1.416125,0.247282,-2.692315,-1.590945,0.146221,0.201929,0.075000,0.185232
67.587011,-1.418783,0.245995,-2.684676,-1.593194,0.143178,0.202461,0.075000,0.186894
67.620329,-1.421652,0.244577,-2.676946,-1.595416,0.140113,0.202748,0.075000,0.188829
67.653611,-1.424168,0.243311,-2.670119,-1.597610,0.137025,0.203418,0.075000,0.192288
67.686903,-1.426825,0.241951,-2.662749,-1.597610,0.137025,0.200442,0.075000,0.179642
67.720479,-1.428153,0.241262,-2.658446,-1.599777,0.133914,0.202432,0.075000,0.187038
67.757164,-1.430843,0.239843,-2.649664,-1.601917,0.130780,0.202882,0.075000,0.186201
67.789520,-1.432146,0.239145,-2.645892,-1.601917,0.130780,0.201408,0.075000,0.179599
67.824275,-1.433421,0.238456,-2.642430,-1.604029,0.127624,0.203448,0.075000,0.188930
67.854698,-1.436143,0.236965,-2.634764,-1.604029,0.127624,0.200353,0.075000,0.175659
67.893489,-1.438619,0.235584,-2.627546,-1.606114,0.124446,0.201013,0.075000,0.178398
67.924812,-1.438619,0.235584,-2.627546,-1.606114,0.124446,0.201013,0.075000,0.178398
67.990502,-1.438619,0.235584,-2.627546,-1.606114,0.124446,0.201013,0.075000,0.178398
68.023210,-1.447798,0.230272,-2.602438,-1.612205,0.114780,0.200919,0.075000,0.182079
68.054394,-1.450438,0.228685,-2.594510,-1.614180,0.111515,0.201346,0.075000,0.183649
68.087498,-1.451683,0.227927,-2.591007,-1.616128,0.108229,0.203396,0.075000,0.193056
68.120733,-1.454248,0.226346,-2.583576,-1.616128,0.108229,0.200392,0.075000,0.180327
68.153750,-1.456840,0.224721,-2.576261,-1.618049,0.104922,0.200849,0.075000,0.183452
68.187316,-1.458043,0.223958,-2.572225,-1.619942,0.101594,0.202938,0.075000,0.191586
68.220361,-1.460598,0.222316,-2.564663,-1.621807,0.098246,0.203426,0.075000,0.193999
68.253803,-1.463099,0.220682,-2.556566,-1.621807,0.098246,0.200447,0.075000,0.179603
68.287257,-1.464294,0.219890,-2.553033,-1.623645,0.094877,0.202537,0.075000,0.189080
68.320437,-1.466757,0.218239,-2.545234,-1.625456,0.091489,0.203103,0.075000,0.190797
68.353918,-1.468030,0.217375,-2.542171,-1.625456,0.091489,0.201569,0.075000,0.186137
68.387079,-1.470675,0.215561,-2.534638,-1.627239,0.088080,0.201900,0.075000,0.189040
68.420730,-1.472916,0.213999,-2.527553,-1.628994,0.084652,0.202709,0.075000,0.192140
68.453669,-1.475269,0.212334,-2.520044,-1.630722,0.081205,0.203372,0.075000,0.194458
68.487180,-1.476453,0.211486,-2.516491,-1.630722,0.081205,0.201921,0.075000,0.188492
68.520457,-1.478995,0.209643,-2.508618,-1.632422,0.077738,0.202334,0.075000,0.190433
68.553927,-1.481362,0.207900,-2.500521,-1.634095,0.074253,0.202950,0.075000,0.191431
68.587182,-1.482825,0.206808,-2.496078,-1.634095,0.074253,0.201130,0.075000,0.183900
68.620697,-1.485097,0.205091,-2.488254,-1.635740,0.070749,0.201845,0.075000,0.185418
68.653802,-1.487368,0.203346,-2.479690,-1.637358,0.067226,0.202548,0.075000,0.185103
68.688383,-1.488551,0.202424,-2.475664,-1.637358,0.067226,0.201052,0.075000,0.177885
68.722836,-1.490916,0.200559,-2.467838,-1.638948,0.063685,0.201613,0.075000,0.179638
68.753700,-1.493192,0.198735,-2.460881,-1.640510,0.060126,0.202275,0.075000,0.183333
68.790953,-1.494385,0.197769,-2.457200,-1.640510,0.060126,0.200743,0.075000,0.176997
68.823573,-1.496690,0.195881,-2.449299,-1.642045,0.056550,0.201349,0.075000,0.178512
68.856666,-1.497876,0.194898,-2.445918,-1.643552,0.052955,0.203394,0.075000,0.188465
68.887475,-1.498974,0.193981,-2.442835,-1.643552,0.052955,0.201968,0.075000,0.183525
68.937637,-1.500148,0.192994,-2.439321,-1.643552,0.052955,0.200439,0.075000,0.177596
68.953916,-1.503546,0.190101,-2.429919,-1.646484,0.045715,0.203171,0.075000,0.193635
68.987469,-1.506039,0.187943,-2.421887,-1.647909,0.042070,0.203485,0.075000,0.195397
69.021494,-1.508092,0.186138,-2.415388,-1.647909,0.042070,0.200760,0.075000,0.184544
69.056664,-1.510370,0.184108,-2.407953,-1.649306,0.038408,0.201325,0.075000,0.187376
69.087022,-1.511696,0.182913,-2.403630,-1.650675,0.034730,0.203158,0.075000,0.195393
69.123070,-1.513781,0.181010,-2.396987,-1.650675,0.034730,0.200345,0.075000,0.184328
69.156695,-1.514909,0.179970,-2.393540,-1.652017,0.031035,0.202436,0.075000,0.194105
69.187143,-1.517621,0.177443,-2.383870,-1.653331,0.027325,0.202368,0.075000,0.192621
69.220661,-1.519434,0.175723,-2.377865,-1.654618,0.023599,0.203510,0.075000,0.197719
69.253611,-1.521589,0.173653,-2.369903,-1.654618,0.023599,0.200531,0.075000,0.183781
69.287420,-1.522833,0.172442,-2.365578,-1.655877,0.019858,0.202441,0.075000,0.191685
69.320485,-1.524944,0.170363,-2.358204,-1.657108,0.016102,0.203135,0.075000,0.194255
69.357287,-1.526201,0.169111,-2.353289,-1.657108,0.016102,0.201366,0.075000,0.185515
69.390114,-1.528195,0.167099,-2.345612,-1.658312,0.012331,0.202197,0.075000,0.187090
69.423958,-1.529980,0.165269,-2.338752,-1.659488,0.008545,0.203309,0.075000,0.190050
69.454845,-1.531902,0.163273,-2.331916,-1.659488,0.008545,0.200546,0.075000,0.178275
69.487301,-1.533279,0.161827,-2.327289,-1.660637,0.004745,0.202225,0.075000,0.185796
69.521968,-1.533941,0.161126,-2.325247,-1.660637,0.004745,0.201263,0.075000,0.182517
69.553781,-1.537007,0.157842,-2.314072,-1.661758,0.000931,0.200459,0.075000,0.178338
69.590660,-1.537998,0.156763,-2.310101,-1.662852,-0.002897,0.202681,0.075000,0.186411
69.623151,-1.539969,0.154592,-2.302562,-1.663918,-0.006738,0.203447,0.075000,0.188219
69.654543,-1.541926,0.152409,-2.295429,-1.663918,-0.006738,0.200524,0.075000,0.175969
69.690135,-1.543100,0.151083,-2.291562,-1.664956,-0.010593,0.202455,0.075000,0.184790
69.720716,-1.544969,0.148948,-2.284435,-1.665967,-0.014461,0.203330,0.075000,0.187364
69.753767,-1.546976,0.146623,-2.277187,-1.665967,-0.014461,0.200266,0.075000,0.175035
69.787332,-1.548917,0.144339,-2.269578,-1.666951,-0.018341,0.200989,0.075000,0.176747
69.820572,-1.549903,0.143165,-2.265615,-1.667907,-0.022234,0.203179,0.075000,0.184704
69.853906,-1.550862,0.142015,-2.261724,-1.667907,-0.022234,0.201686,0.075000,0.177829
69.887166,-1.551989,0.140652,-2.257675,-1.668835,-0.026140,0.203648,0.075000,0.185886
69.920575,-1.551989,0.140652,-2.257675,-1.668835,-0.026140,0.203648,0.075000,0.185886
69.956811,-1.551989,0.140652,-2.257675,-1.668835,-0.026140,0.203648,0.075000,0.185886
69.987049,-1.557576,0.133725,-2.236665,-1.670609,-0.033986,0.202246,0.075000,0.179875
70.020359,-1.559288,0.131538,-2.229793,-1.671455,-0.037927,0.203224,0.075000,0.182650
70.053603,-1.561163,0.129111,-2.223768,-1.671455,-0.037927,0.200165,0.075000,0.173213
70.087083,-1.562059,0.127939,-2.220344,-1.672274,-0.041878,0.202448,0.075000,0.182257
70.120266,-1.563805,0.125632,-2.212454,-1.673065,-0.045841,0.203324,0.075000,0.182649
70.156401,-1.565523,0.123325,-2.205499,-1.673065,-0.045841,0.200455,0.075000,0.170558
70.189847,-1.566565,0.121910,-2.201335,-1.673829,-0.049814,0.202472,0.075000,0.178158
70.220325,-1.568218,0.119637,-2.195154,-1.674565,-0.053798,0.203444,0.075000,0.182453
70.254921,-1.569969,0.117199,-2.187502,-1.674565,-0.053798,0.200450,0.075000,0.168846
70.287564,-1.571137,0.115551,-2.181749,-1.675274,-0.057792,0.202218,0.075000,0.172892
70.320402,-1.572585,0.113476,-2.174948,-1.675955,-0.061796,0.203483,0.075000,0.175027
70.353659,-1.574286,0.111004,-2.167763,-1.675955,-0.061796,0.200490,0.075000,0.162359
70.387226,-1.575144,0.109742,-2.164127,-1.676609,-0.065809,0.202764,0.075000,0.170653
70.420328,-1.576847,0.107207,-2.157270,-1.677236,-0.069832,0.203520,0.075000,0.173396
70.454389,-1.578578,0.104594,-2.151249,-1.677236,-0.069832,0.200394,0.075000,0.163811
70.487297,-1.579533,0.103137,-2.146911,-1.677835,-0.073863,0.202466,0.075000,0.170644
70.520440,-1.581019,0.100841,-2.139990,-1.678407,-0.077904,0.203554,0.075000,0.172579
70.556315,-1.582593,0.098372,-2.133401,-1.678407,-0.077904,0.200632,0.075000,0.161202
70.587341,-1.583507,0.096922,-2.129239,-1.678952,-0.081953,0.202746,0.075000,0.168286
70.620531,-1.584908,0.094670,-2.122336,-1.678952,-0.081953,0.200099,0.075000,0.155494
70.653674,-1.586486,0.092098,-2.116789,-1.679469,-0.086010,0.200919,0.075000,0.161279
70.687792,-1.587318,0.090728,-2.113807,-1.679959,-0.090075,0.203155,0.075000,0.170925
70.720786,-1.588870,0.088149,-2.107339,-1.679959,-0.090075,0.200152,0.075000,0.159909
70.753784,-1.590350,0.085651,-2.101782,-1.680422,-0.094147,0.201098,0.075000,0.165393
70.787493,-1.591122,0.084336,-2.098328,-1.680858,-0.098227,0.203425,0.075000,0.173588
70.820882,-1.592746,0.081537,-2.090189,-1.680858,-0.098227,0.200197,0.075000,0.158871
70.853807,-1.593347,0.080485,-2.086991,-1.681266,-0.102314,0.202844,0.075000,0.167232
70.887480,-1.594882,0.077771,-2.080238,-1.681647,-0.106408,0.203593,0.075000,0.169778
70.920866,-1.594882,0.077771,-2.080238,-1.681647,-0.106408,0.203593,0.075000,0.169778
70.953915,-1.594882,0.077771,-2.080238,-1.681647,-0.106408,0.203593,0.075000,0.169778
71.005132,-1.594882,0.077771,-2.080238,-1.681647,-0.106408,0.203593,0.075000,0.169778
71.021376,-1.599877,0.068612,-2.055288,-1.682328,-0.114616,0.200924,0.075000,0.153300
71.054781,-1.601214,0.066062,-2.048367,-1.682628,-0.118728,0.201930,0.075000,0.154857
71.087847,-1.602040,0.064465,-2.044656,-1.682628,-0.118728,0.200135,0.075000,0.148394
71.122762,-1.603315,0.061971,-2.039469,-1.682901,-0.122847,0.201225,0.075000,0.154095
71.158783,-1.604666,0.059298,-2.033674,-1.683146,-0.126970,0.202127,0.075000,0.158501
71.190736,-1.605575,0.057476,-2.029457,-1.683146,-0.126970,0.200094,0.075000,0.151220
71.223672,-1.606829,0.054928,-2.023974,-1.683365,-0.131099,0.201157,0.075000,0.156151
71.254460,-1.607872,0.052780,-2.018774,-1.683556,-0.135233,0.202675,0.075000,0.160919
71.287435,-1.608648,0.051166,-2.015048,-1.683556,-0.135233,0.200888,0.075000,0.154542
71.320872,-1.609845,0.048640,-2.009936,-1.683721,-0.139371,0.202004,0.075000,0.160137
71.353692,-1.611132,0.045894,-2.003268,-1.683859,-0.143514,0.202891,0.075000,0.162190
71.387215,-1.611784,0.044481,-1.999731,-1.683859,-0.143514,0.201337,0.075000,0.155938
71.420672,-1.613022,0.041760,-1.992864,-1.683969,-0.147660,0.202271,0.075000,0.157342
71.453600,-1.614278,0.038955,-1.986667,-1.684053,-0.151811,0.203126,0.075000,0.160429
71.487161,-1.615499,0.036177,-1.980539,-1.684053,-0.151811,0.200097,0.075000,0.149985
71.520385,-1.616081,0.034838,-1.977663,-1.684110,-0.155964,0.202567,0.075000,0.158796
71.553625,-1.617213,0.032202,-1.971263,-1.684140,-0.160121,0.203636,0.075000,0.160914
71.586978,-1.617869,0.030653,-1.967116,-1.684140,-0.160121,0.201957,0.075000,0.153355
71.620375,-1.618928,0.028113,-1.961867,-1.684143,-0.164281,0.203146,0.075000,0.158054
71.653650,-1.620128,0.025193,-1.956032,-1.684119,-0.168443,0.203935,0.075000,0.161848
71.686970,-1.620802,0.023529,-1.952912,-1.684119,-0.168443,0.202144,0.075000,0.157029
71.720548,-1.621829,0.020966,-1.947739,-1.684069,-0.172607,0.203333,0.075000,0.161814
71.756592,-1.622912,0.018217,-1.940279,-1.684069,-0.172607,0.200385,0.075000,0.147971
71.790029,-1.623546,0.016580,-1.936695,-1.683991,-0.176773,0.202581,0.075000,0.155162
71.823705,-1.624522,0.014022,-1.931243,-1.683887,-0.180941,0.203802,0.075000,0.159037
71.854105,-1.625046,0.012631,-1.928154,-1.683887,-0.180941,0.202318,0.075000,0.153760
71.887566,-1.626112,0.009763,-1.922642,-1.683757,-0.185111,0.203221,0.075000,0.157951
71.923230,-1.626112,0.009763,-1.922642,-1.683757,-0.185111,0.203221,0.075000,0.157951
71.976730,-1.626683,0.008209,-1.918790,-1.683757,-0.185111,0.201569,0.075000,0.151016
71.990228,-1.628596,0.002854,-1.904956,-1.683416,-0.193453,0.203817,0.075000,0.151609
72.022699,-1.629575,0.000021,-1.898643,-1.683416,-0.193453,0.200826,0.075000,0.140418
72.057046,-1.630573,-0.002925,-1.892283,-1.683205,-0.197625,0.201688,0.075000,0.142401
72.087528,-1.631224,-0.004879,-1.888251,-1.682968,-0.201797,0.203602,0.075000,0.148469
72.120801,-1.631955,-0.007113,-1.883421,-1.682968,-0.201797,0.201256,0.075000,0.139936
72.153740,-1.632851,-0.009899,-1.877677,-1.682704,-0.205969,0.202308,0.075000,0.143007
72.187304,-1.633315,-0.011362,-1.875211,-1.682704,-0.205969,0.200776,0.075000,0.139065
72.221052,-1.634183,-0.014139,-1.870095,-1.682414,-0.210140,0.201849,0.075000,0.143636
72.254143,-1.635074,-0.017038,-1.864095,-1.682098,-0.214311,0.202800,0.075000,0.146104
72.287555,-1.635508,-0.018476,-1.861323,-1.682098,-0.214311,0.201301,0.075000,0.141415
72.320659,-1.636333,-0.021249,-1.855536,-1.681755,-0.218481,0.202395,0.075000,0.144160
72.353745,-1.637193,-0.024202,-1.849930,-1.681386,-0.222650,0.203309,0.075000,0.147515
72.387139,-1.637610,-0.025657,-1.846692,-1.681386,-0.222650,0.201799,0.075000,0.141723
72.420655,-1.638392,-0.028437,-1.840107,-1.680990,-0.226817,0.202903,0.075000,0.142346
72.453660,-1.639180,-0.031310,-1.833786,-1.680568,-0.230983,0.203917,0.075000,0.143619
72.487013,-1.639570,-0.032758,-1.831113,-1.680568,-0.230983,0.202420,0.075000,0.139161
72.520593,-1.640359,-0.035732,-1.826753,-1.680120,-0.235146,0.203339,0.075000,0.145365
72.553725,-1.641155,-0.038785,-1.820986,-1.680120,-0.235146,0.200190,0.075000,0.135556
72.587134,-1.641549,-0.040327,-1.817856,-1.679645,-0.239307,0.202595,0.075000,0.142796
72.620759,-1.642281,-0.043247,-1.812246,-1.679145,-0.243466,0.203584,0.075000,0.145734
72.654158,-1.642972,-0.046071,-1.805053,-1.679145,-0.243466,0.200682,0.075000,0.132031
72.687374,-1.643389,-0.047818,-1.801931,-1.678618,-0.247621,0.202885,0.075000,0.139439
72.720821,-1.644018,-0.050506,-1.797170,-1.678618,-0.247621,0.200129,0.075000,0.131390
72.754005,-1.644717,-0.053559,-1.791688,-1.678065,-0.251773,0.201000,0.075000,0.134789
72.791203,-1.645054,-0.055058,-1.788951,-1.677486,-0.255922,0.203465,0.075000,0.142631
72.821919,-1.645694,-0.057959,-1.783884,-1.677486,-0.255922,0.200500,0.075000,0.134223
72.856545,-1.646020,-0.059469,-1.781228,-1.676881,-0.260067,0.202958,0.075000,0.142278
72.887775,-1.646340,-0.060966,-1.778442,-1.676881,-0.260067,0.201429,0.075000,0.137540
72.920912,-1.646340,-0.060966,-1.778442,-1.676881,-0.260067,0.201429,0.075000,0.137540
73.000585,-1.646656,-0.062463,-1.775368,-1.676250,-0.264207,0.203903,0.075000,0.144391
73.023405,-1.648772,-0.073154,-1.755339,-1.674910,-0.272475,0.201027,0.075000,0.134625
73.053707,-1.649229,-0.075611,-1.750686,-1.674201,-0.276601,0.202535,0.075000,0.138854
73.087289,-1.649505,-0.077130,-1.747667,-1.674201,-0.276601,0.200994,0.075000,0.133493
73.120440,-1.650009,-0.079981,-1.741253,-1.673467,-0.280722,0.202107,0.075000,0.133850
73.153601,-1.650505,-0.082883,-1.735025,-1.672706,-0.284838,0.203172,0.075000,0.134633
73.187220,-1.650756,-0.084397,-1.732049,-1.672706,-0.284838,0.201639,0.075000,0.129320
73.221526,-1.651237,-0.087382,-1.726645,-1.671920,-0.288947,0.202624,0.075000,0.132188
73.253665,-1.651701,-0.090356,-1.721040,-1.671108,-0.293051,0.203621,0.075000,0.134462
73.287057,-1.651931,-0.091881,-1.718455,-1.671108,-0.293051,0.202082,0.075000,0.130134
73.320491,-1.652366,-0.094828,-1.713474,-1.670271,-0.297148,0.203111,0.075000,0.133874
73.356768,-1.652804,-0.097902,-1.708552,-1.670271,-0.297148,0.200009,0.075000,0.125731
73.390333,-1.653045,-0.099640,-1.705377,-1.669408,-0.301238,0.202261,0.075000,0.132425
73.423837,-1.653407,-0.102336,-1.700809,-1.668519,-0.305321,0.203547,0.075000,0.136753
73.454579,-1.653795,-0.105335,-1.695478,-1.668519,-0.305321,0.200528,0.075000,0.127582
73.487502,-1.654022,-0.107149,-1.692670,-1.667605,-0.309397,0.202703,0.075000,0.135148
73.522112,-1.654355,-0.109886,-1.688358,-1.666665,-0.313465,0.203951,0.075000,0.140067
73.558246,-1.654588,-0.111861,-1.684408,-1.666665,-0.313465,0.201966,0.075000,0.133068
73.590707,-1.654918,-0.114789,-1.678400,-1.665700,-0.317526,0.203023,0.075000,0.134082
73.621875,-1.655188,-0.117316,-1.673930,-1.665700,-0.317526,0.200485,0.075000,0.126331
73.654169,-1.655373,-0.119101,-1.670635,-1.664709,-0.321578,0.202691,0.075000,0.132547
73.687557,-1.655652,-0.121920,-1.665945,-1.663694,-0.325621,0.203860,0.075000,0.136518
73.720642,-1.655942,-0.125009,-1.660455,-1.663694,-0.325621,0.200763,0.075000,0.127059
73.755529,-1.656191,-0.127817,-1.654966,-1.662653,-0.329656,0.201943,0.075000,0.129108
73.787463,-1.656361,-0.129829,-1.650551,-1.661586,-0.333682,0.203921,0.075000,0.132654
73.820532,-1.656548,-0.132206,-1.646362,-1.661586,-0.333682,0.201540,0.075000,0.125396
73.853856,-1.656702,-0.134232,-1.643326,-1.660495,-0.337699,0.203502,0.075000,0.132342
73.887176,-1.656772,-0.135199,-1.641835,-1.660495,-0.337699,0.202534,0.075000,0.129935
73.920741,-1.656772,-0.135199,-1.641835,-1.660495,-0.337699,0.202534,0.075000,0.129935
73.971319,-1.656882,-0.136747,-1.639321,-1.660495,-0.337699,0.200984,0.075000,0.125702
73.987444,-1.657353,-0.144142,-1.626727,-1.658236,-0.345703,0.201562,0.075000,0.127822
74.020692,-1.657515,-0.147100,-1.621567,-1.657069,-0.349689,0.202590,0.075000,0.130672
74.053773,-1.657661,-0.150047,-1.616393,-1.655877,-0.353666,0.203627,0.075000,0.133410
74.087533,-1.657732,-0.151601,-1.614228,-1.655877,-0.353666,0.202073,0.075000,0.130120
74.120685,-1.657857,-0.154547,-1.609897,-1.654660,-0.357631,0.203109,0.075000,0.134927
74.153711,-1.657971,-0.157548,-1.604964,-1.654660,-0.357631,0.200110,0.075000,0.126656
74.190527,-1.658023,-0.159071,-1.601963,-1.653419,-0.361586,0.202567,0.075000,0.132973
74.224287,-1.658109,-0.161973,-1.596210,-1.652152,-0.365529,0.203643,0.075000,0.134161
74.254739,-1.658180,-0.164932,-1.590735,-1.652152,-0.365529,0.200687,0.075000,0.124472
74.287483,-1.658215,-0.166676,-1.587344,-1.650861,-0.369460,0.202917,0.075000,0.130037
74.320566,-1.658257,-0.169472,-1.582131,-1.650861,-0.369460,0.200125,0.075000,0.120634
74.353681,-1.658288,-0.172430,-1.577414,-1.649545,-0.373380,0.201140,0.075000,0.124488
74.387011,-1.658300,-0.174191,-1.574181,-1.648204,-0.377287,0.203348,0.075000,0.130385
74.420430,-1.658305,-0.176873,-1.569416,-1.648204,-0.377287,0.200668,0.075000,0.121990
74.453603,-1.658298,-0.179914,-1.564896,-1.646839,-0.381182,0.201595,0.075000,0.126372
74.486987,-1.658289,-0.181449,-1.562592,-1.646839,-0.381182,0.200062,0.075000,0.122563
74.520441,-1.658260,-0.184552,-1.558225,-1.645448,-0.385065,0.200921,0.075000,0.127445
74.553763,-1.658220,-0.187477,-1.553184,-1.644034,-0.388934,0.201955,0.075000,0.130386
74.587283,-1.658193,-0.188976,-1.550105,-1.644034,-0.388934,0.200458,0.075000,0.124670
74.623532,-1.658127,-0.191980,-1.544783,-1.642595,-0.392790,0.201409,0.075000,0.127001
74.653738,-1.658043,-0.195139,-1.541770,-1.641131,-0.396632,0.202201,0.075000,0.135212
74.687574,-1.657999,-0.196660,-1.539216,-1.641131,-0.396632,0.200682,0.075000,0.130914
74.720361,-1.657902,-0.199550,-1.532924,-1.639644,-0.400461,0.201739,0.075000,0.130700
74.753631,-1.657781,-0.202647,-1.527604,-1.638131,-0.404275,0.202583,0.075000,0.133100
74.787237,-1.657724,-0.203946,-1.525223,-1.638131,-0.404275,0.201285,0.075000,0.128916
74.820784,-1.657588,-0.206850,-1.519606,-1.636595,-0.408075,0.202317,0.075000,0.130327
74.853960,-1.657513,-0.208319,-1.517322,-1.636595,-0.408075,0.200849,0.075000,0.126563
74.887374,-1.657420,-0.210057,-1.514419,-1.635034,-0.411861,0.203042,0.075000,0.133152
74.920634,-1.657420,-0.210057,-1.514419,-1.635034,-0.411861,0.203042,0.075000,0.133152
74.956781,-1.657420,-0.210057,-1.514419,-1.635034,-0.411861,0.203042,0.075000,0.133152
75.002699,-1.657420,-0.210057,-1.514419,-1.635034,-0.411861,0.203042,0.075000,0.133152
75.020430,-1.656625,-0.222083,-1.492800,-1.630208,-0.423126,0.202771,0.075000,0.129777
75.054424,-1.656394,-0.224994,-1.488130,-1.628551,-0.426850,0.203767,0.075000,0.133432
75.087560,-1.656253,-0.226692,-1.484949,-1.628551,-0.426850,0.202066,0.075000,0.127826
75.123621,-1.656017,-0.229391,-1.479417,-1.626870,-0.430558,0.203267,0.075000,0.129108
75.153865,-1.655754,-0.232223,-1.473824,-1.626870,-0.430558,0.200427,0.075000,0.118806
75.190814,-1.655607,-0.233736,-1.471149,-1.625165,-0.434249,0.202811,0.075000,0.125724
75.223823,-1.655284,-0.236913,-1.464875,-1.623437,-0.437925,0.203519,0.075000,0.125745
75.254634,-1.655155,-0.238127,-1.462595,-1.623437,-0.437925,0.202300,0.075000,0.121637
75.287714,-1.654802,-0.241335,-1.457600,-1.621685,-0.441583,0.202968,0.075000,0.124848
75.320819,-1.654478,-0.244150,-1.452557,-1.621685,-0.441583,0.200138,0.075000,0.115776
75.353829,-1.654134,-0.247023,-1.448049,-1.619909,-0.445224,0.201134,0.075000,0.119892
75.387326,-1.653955,-0.248472,-1.446118,-1.618109,-0.448848,0.203557,0.075000,0.128517
75.420691,-1.653575,-0.251473,-1.440940,-1.618109,-0.448848,0.200536,0.075000,0.119477
75.453679,-1.653177,-0.254501,-1.436627,-1.616286,-0.452454,0.201361,0.075000,0.124303
75.488047,-1.652942,-0.256244,-1.433836,-1.614439,-0.456042,0.203474,0.075000,0.131191
75.520414,-1.652547,-0.259089,-1.429494,-1.614439,-0.456042,0.200606,0.075000,0.124128
75.553619,-1.652140,-0.261929,-1.424049,-1.612569,-0.459613,0.201605,0.075000,0.125967
75.586985,-1.651898,-0.263563,-1.421518,-1.610675,-0.463164,0.203813,0.075000,0.133349
75.620567,-1.651485,-0.266289,-1.416563,-1.610675,-0.463164,0.201060,0.075000,0.124677
75.653622,-1.651015,-0.269285,-1.411442,-1.608758,-0.466697,0.201885,0.075000,0.127535
75.687090,-1.650690,-0.271310,-1.408187,-1.606818,-0.470212,0.203683,0.075000,0.133682
75.720627,-1.650286,-0.273757,-1.403054,-1.606818,-0.470212,0.201206,0.075000,0.124222
75.753684,-1.649776,-0.276742,-1.397180,-1.604855,-0.473707,0.202023,0.075000,0.125218
75.791206,-1.649510,-0.278258,-1.394780,-1.604855,-0.473707,0.200485,0.075000,0.121169
75.820385,-1.648962,-0.281318,-1.390615,-1.602868,-0.477182,0.201215,0.075000,0.126548
75.853842,-1.648962,-0.281318,-1.390615,-1.602868,-0.477182,0.201215,0.075000,0.126548
75.887179,-1.648166,-0.285639,-1.383098,-1.600859,-0.480638,0.200655,0.075000,0.125301
75.924085,-1.648166,-0.285639,-1.383098,-1.600859,-0.480638,0.200655,0.075000,0.125301
75.954114,-1.648166,-0.285639,-1.383098,-1.600859,-0.480638,0.200655,0.075000,0.125301
76.007303,-1.648166,-0.285639,-1.383098,-1.600859,-0.480638,0.200655,0.075000,0.125301
76.023030,-1.646136,-0.295859,-1.365514,-1.594692,-0.490885,0.201696,0.075000,0.130391
76.054223,-1.645773,-0.297602,-1.362816,-1.592590,-0.494260,0.203721,0.075000,0.137699
76.087581,-1.645166,-0.300462,-1.358053,-1.592590,-0.494260,0.200802,0.075000,0.129847
76.123189,-1.644584,-0.303143,-1.353084,-1.590466,-0.497613,0.201860,0.075000,0.132955
76.157250,-1.643923,-0.306112,-1.347929,-1.588319,-0.500946,0.202613,0.075000,0.135983
76.186942,-1.643597,-0.307546,-1.345381,-1.588319,-0.500946,0.201144,0.075000,0.131650
76.220555,-1.642946,-0.310369,-1.339277,-1.586150,-0.504257,0.202035,0.075000,0.132197
76.254024,-1.642472,-0.312380,-1.335720,-1.583957,-0.507546,0.203749,0.075000,0.137875
76.287269,-1.641789,-0.315219,-1.330793,-1.583957,-0.507546,0.200834,0.075000,0.129623
76.324404,-1.641197,-0.317628,-1.326135,-1.581743,-0.510814,0.202128,0.075000,0.133253
76.353733,-1.640459,-0.320564,-1.320087,-1.579505,-0.514059,0.202868,0.075000,0.134167
76.387127,-1.640098,-0.321971,-1.317462,-1.579505,-0.514059,0.201418,0.075000,0.129600
76.420631,-1.639335,-0.324904,-1.312363,-1.577246,-0.517282,0.202149,0.075000,0.132906
76.453633,-1.638548,-0.327873,-1.307699,-1.574964,-0.520482,0.202832,0.075000,0.137378
76.487019,-1.638167,-0.329287,-1.305134,-1.574964,-0.520482,0.201371,0.075000,0.133020
76.520445,-1.637414,-0.332039,-1.299705,-1.572660,-0.523659,0.202266,0.075000,0.135376
76.556747,-1.636635,-0.334831,-1.294675,-1.570333,-0.526813,0.203109,0.075000,0.138784
76.589368,-1.636218,-0.336302,-1.292765,-1.570333,-0.526813,0.201582,0.075000,0.136167
76.625359,-1.635356,-0.339312,-1.288879,-1.567985,-0.529944,0.202186,0.075000,0.142836
76.655215,-1.634916,-0.340829,-1.285759,-1.567985,-0.529944,0.200610,0.075000,0.137326
76.687458,-1.634046,-0.343783,-1.279851,-1.565614,-0.533051,0.201259,0.075000,0.139033
76.721969,-1.633162,-0.346719,-1.274359,-1.563221,-0.536135,0.201916,0.075000,0.141766
76.759051,-1.632257,-0.349669,-1.268118,-1.560807,-0.539194,0.202546,0.075000,0.142706
76.791619,-1.631816,-0.351081,-1.265090,-1.560807,-0.539194,0.201070,0.075000,0.137291
76.821620,-1.630935,-0.353859,-1.259597,-1.558370,-0.542229,0.201864,0.075000,0.139885
76.854636,-1.630460,-0.355337,-1.256216,-1.558370,-0.542229,0.200314,0.075000,0.133633
76.887799,-1.629850,-0.357212,-1.252552,-1.555912,-0.545240,0.202043,0.075000,0.139527
76.920784,-1.629850,-0.357212,-1.252552,-1.555912,-0.545240,0.202043,0.075000,0.139527
76.963331,-1.629473,-0.358356,-1.250472,-1.555912,-0.545240,0.200841,0.075000,0.136033
76.987223,-1.627112,-0.365354,-1.237344,-1.550930,-0.551187,0.200842,0.075000,0.138353
77.020595,-1.626176,-0.368045,-1.231663,-1.548407,-0.554123,0.201675,0.075000,0.140609
77.053664,-1.625210,-0.370772,-1.225753,-1.545862,-0.557033,0.202458,0.075000,0.142372
77.087113,-1.624707,-0.372171,-1.223248,-1.545862,-0.557033,0.200974,0.075000,0.138261
77.120411,-1.623695,-0.374956,-1.218237,-1.543295,-0.559918,0.201680,0.075000,0.142434
77.153584,-1.622669,-0.377734,-1.212584,-1.540707,-0.562776,0.202382,0.075000,0.145058
77.189425,-1.622149,-0.379122,-1.209781,-1.540707,-0.562776,0.200902,0.075000,0.140237
77.221553,-1.621080,-0.381941,-1.204285,-1.538098,-0.565609,0.201544,0.075000,0.143415
77.253619,-1.619922,-0.384945,-1.198624,-1.535468,-0.568416,0.201975,0.075000,0.146530
77.287131,-1.619364,-0.386373,-1.196119,-1.535468,-0.568416,0.200445,0.075000,0.142539
77.320405,-1.618257,-0.389177,-1.190204,-1.532816,-0.571196,0.201075,0.075000,0.144847
77.353661,-1.617109,-0.392036,-1.184180,-1.530143,-0.573949,0.201632,0.075000,0.147028
77.389274,-1.616565,-0.393373,-1.181272,-1.530143,-0.573949,0.200191,0.075000,0.141904
77.420432,-1.615375,-0.396259,-1.176155,-1.527450,-0.576676,0.200701,0.075000,0.146487
77.454189,-1.614190,-0.399096,-1.170014,-1.524735,-0.579375,0.201253,0.075000,0.148538
77.487447,-1.613542,-0.400626,-1.166211,-1.521999,-0.582047,0.203209,0.075000,0.154232
77.520580,-1.612506,-0.403034,-1.159610,-1.521999,-0.582047,0.200592,0.075000,0.141810
77.554730,-1.611739,-0.404794,-1.154904,-1.519242,-0.584692,0.202284,0.075000,0.145797
77.589933,-1.610654,-0.407241,-1.150383,-1.516465,-0.587309,0.203214,0.075000,0.151281
77.620394,-1.609505,-0.409803,-1.145650,-1.516465,-0.587309,0.200412,0.075000,0.143718
77.653784,-1.608658,-0.411674,-1.141517,-1.513667,-0.589898,0.201958,0.075000,0.149473
77.687054,-1.607681,-0.413802,-1.136645,-1.510848,-0.592458,0.203211,0.075000,0.153765
77.721318,-1.606329,-0.416706,-1.130648,-1.510848,-0.592458,0.200014,0.075000,0.143694
77.754677,-1.605122,-0.419260,-1.124981,-1.508009,-0.594991,0.200779,0.075000,0.146946
77.787460,-1.604365,-0.420845,-1.121866,-1.505149,-0.597495,0.202606,0.075000,0.154916
77.820354,-1.602934,-0.423805,-1.115773,-1.502268,-0.599970,0.202898,0.075000,0.157903
77.853715,-1.601801,-0.426112,-1.110115,-1.502268,-0.599970,0.200334,0.075000,0.147835
77.887109,-1.601801,-0.426112,-1.110115,-1.502268,-0.599970,0.200334,0.075000,0.147835
77.921547,-1.601801,-0.426112,-1.110115,-1.502268,-0.599970,0.200334,0.075000,0.147835
77.958023,-1.601099,-0.427526,-1.107179,-1.499368,-0.602417,0.202327,0.075000,0.156150
77.987484,-1.597349,-0.434912,-1.091001,-1.493505,-0.607222,0.201181,0.075000,0.155418
78.020831,-1.596216,-0.437084,-1.085916,-1.490544,-0.609580,0.202290,0.075000,0.159941
78.053810,-1.594830,-0.439704,-1.079085,-1.487562,-0.611909,0.202881,0.075000,0.161017
78.087464,-1.593915,-0.441414,-1.075693,-1.487562,-0.611909,0.200947,0.075000,0.155708
78.120498,-1.592644,-0.443760,-1.070543,-1.484561,-0.614208,0.201828,0.075000,0.160595
78.157002,-1.592034,-0.444876,-1.067946,-1.484561,-0.614208,0.200559,0.075000,0.156175
78.190381,-1.590576,-0.447516,-1.061644,-1.481540,-0.616477,0.201089,0.075000,0.158870
78.220417,-1.588981,-0.450365,-1.055091,-1.478498,-0.618716,0.201367,0.075000,0.161428
78.255221,-1.587618,-0.452762,-1.049183,-1.475437,-0.620925,0.202147,0.075000,0.164820
78.287410,-1.586786,-0.454209,-1.046142,-1.475437,-0.620925,0.200481,0.075000,0.160003
78.322402,-1.585413,-0.456574,-1.040672,-1.472356,-0.623103,0.201280,0.075000,0.164580
78.353837,-1.583933,-0.459094,-1.034385,-1.469256,-0.625250,0.201888,0.075000,0.167519
78.387341,-1.583109,-0.460479,-1.030038,-1.469256,-0.625250,0.200280,0.075000,0.159391
78.422538,-1.581741,-0.462749,-1.022852,-1.466136,-0.627366,0.201156,0.075000,0.159719
78.455784,-1.580149,-0.465353,-1.017305,-1.462996,-0.629452,0.201626,0.075000,0.164815
78.487995,-1.579245,-0.466814,-1.014251,-1.459837,-0.631506,0.203425,0.075000,0.173852
78.520931,-1.577779,-0.469163,-1.008229,-1.459837,-0.631506,0.200662,0.075000,0.163647
78.553810,-1.576167,-0.471711,-1.001287,-1.456659,-0.633528,0.201164,0.075000,0.165453
78.587292,-1.575287,-0.473085,-0.997344,-1.453461,-0.635520,0.203044,0.075000,0.172356
78.620715,-1.573727,-0.475492,-0.990337,-1.453461,-0.635520,0.200181,0.075000,0.159801
78.653645,-1.572053,-0.478035,-0.983981,-1.450244,-0.637479,0.200649,0.075000,0.163257
78.687136,-1.571207,-0.479307,-0.980553,-1.447008,-0.639407,0.202626,0.075000,0.171467
78.720547,-1.569502,-0.481843,-0.973836,-1.443753,-0.641302,0.203076,0.075000,0.174141
78.753767,-1.567836,-0.484286,-0.967370,-1.443753,-0.641302,0.200127,0.075000,0.163133
78.787084,-1.566963,-0.485552,-0.964207,-1.440479,-0.643166,0.202090,0.075000,0.172232
78.820550,-1.565210,-0.488068,-0.957549,-1.437186,-0.644997,0.202526,0.075000,0.175291
78.856189,-1.563831,-0.490029,-0.952426,-1.437186,-0.644997,0.200135,0.075000,0.166736
78.887285,-1.563446,-0.490569,-0.950997,-1.433874,-0.646796,0.202967,0.075000,0.178703
78.920698,-1.563446,-0.490569,-0.950997,-1.433874,-0.646796,0.202967,0.075000,0.178703
78.985038,-1.563446,-0.490569,-0.950997,-1.433874,-0.646796,0.202967,0.075000,0.178703
78.990560,-1.559182,-0.496457,-0.934184,-1.427194,-0.650295,0.202699,0.075000,0.178656
79.023746,-1.557349,-0.498928,-0.927915,-1.423826,-0.651995,0.203121,0.075000,0.183040
79.054533,-1.554538,-0.502662,-0.918341,-1.420440,-0.653662,0.201949,0.075000,0.182373
79.087570,-1.553472,-0.504056,-0.913930,-1.420440,-0.653662,0.200199,0.075000,0.174586
79.123196,-1.551812,-0.506201,-0.906404,-1.417035,-0.655297,0.200984,0.075000,0.175520
79.153795,-1.549978,-0.508534,-0.898494,-1.413611,-0.656897,0.201513,0.075000,0.175984
79.191046,-1.548735,-0.510095,-0.893499,-1.410170,-0.658465,0.203012,0.075000,0.181956
79.221810,-1.547220,-0.511974,-0.887741,-1.410170,-0.658465,0.200605,0.075000,0.171994
79.255132,-1.545371,-0.514238,-0.880262,-1.406710,-0.659998,0.201179,0.075000,0.173608
79.288667,-1.544271,-0.515569,-0.875859,-1.403231,-0.661498,0.202947,0.075000,0.180731
79.321844,-1.542473,-0.517718,-0.869545,-1.403231,-0.661498,0.200152,0.075000,0.170020
79.353691,-1.540458,-0.520097,-0.863569,-1.399735,-0.662964,0.200534,0.075000,0.175904
79.387353,-1.539409,-0.521324,-0.860657,-1.396221,-0.664397,0.202417,0.075000,0.186718
79.421045,-1.537454,-0.523591,-0.854275,-1.392689,-0.665795,0.202925,0.075000,0.191511
79.454929,-1.536510,-0.524675,-0.850127,-1.392689,-0.665795,0.201493,0.075000,0.183979
79.489819,-1.534434,-0.527029,-0.841262,-1.389139,-0.667158,0.201859,0.075000,0.183031
79.521493,-1.532461,-0.529227,-0.833544,-1.385571,-0.668488,0.202412,0.075000,0.184602
79.553775,-1.530541,-0.531334,-0.826958,-1.381985,-0.669783,0.203069,0.075000,0.188822
79.587215,-1.529512,-0.532453,-0.823351,-1.381985,-0.669783,0.201553,0.075000,0.182749
79.620620,-1.527566,-0.534544,-0.815375,-1.378382,-0.671043,0.202208,0.075000,0.183675
79.653598,-1.525549,-0.536678,-0.807083,-1.374761,-0.672269,0.202786,0.075000,0.184015
79.687245,-1.524534,-0.537738,-0.803606,-1.374761,-0.672269,0.201322,0.075000,0.178089
79.720660,-1.522490,-0.539851,-0.796629,-1.371122,-0.673460,0.201899,0.075000,0.181772
79.753695,-1.520363,-0.542020,-0.790050,-1.367467,-0.674616,0.202383,0.075000,0.186695
79.787252,-1.519237,-0.543157,-0.786782,-1.367467,-0.674616,0.200787,0.075000,0.181561
79.820499,-1.517095,-0.545296,-0.778811,-1.363793,-0.675737,0.201287,0.075000,0.183176
79.853770,-1.514999,-0.547356,-0.770009,-1.360103,-0.676823,0.201877,0.075000,0.182618
79.887166,-1.513908,-0.548414,-0.765991,-1.360103,-0.676823,0.200362,0.075000,0.175390
79.920795,-1.513908,-0.548414,-0.765991,-1.360103,-0.676823,0.200362,0.075000,0.175390
79.977837,-1.512812,-0.549469,-0.761984,-1.356395,-0.677874,0.202370,0.075000,0.184192
79.987401,-1.508313,-0.553719,-0.748266,-1.348929,-0.679869,0.203266,0.075000,0.193494
80.020616,-1.506129,-0.555741,-0.741287,-1.348929,-0.679869,0.200299,0.075000,0.181833
80.055599,-1.503958,-0.557720,-0.733501,-1.345170,-0.680813,0.200912,0.075000,0.184149
80.087449,-1.502503,-0.559031,-0.728937,-1.341394,-0.681722,0.202507,0.075000,0.192615
80.120694,-1.500691,-0.560645,-0.723287,-1.341394,-0.681722,0.200087,0.075000,0.183182
80.153700,-1.498358,-0.562698,-0.715791,-1.337602,-0.682595,0.200544,0.075000,0.186723
80.187063,-1.497247,-0.563664,-0.711440,-1.333793,-0.683433,0.202637,0.075000,0.194930
80.220858,-1.494925,-0.565659,-0.704518,-1.329967,-0.684234,0.203153,0.075000,0.199810
80.253640,-1.492529,-0.567689,-0.696334,-1.329967,-0.684234,0.200023,0.075000,0.185647
80.287097,-1.490966,-0.568995,-0.691043,-1.326124,-0.685000,0.201568,0.075000,0.192834
80.320447,-1.489009,-0.570609,-0.684509,-1.322265,-0.685729,0.202623,0.075000,0.197822
80.354270,-1.486578,-0.572585,-0.675535,-1.318390,-0.686423,0.203092,0.075000,0.198013
80.387592,-1.485229,-0.573666,-0.670118,-1.318390,-0.686423,0.201369,0.075000,0.188007
80.420661,-1.483148,-0.575308,-0.662621,-1.314498,-0.687080,0.202326,0.075000,0.190937
80.453595,-1.480790,-0.577142,-0.655225,-1.310590,-0.687701,0.202956,0.075000,0.194774
80.487065,-1.479489,-0.578142,-0.651326,-1.310590,-0.687701,0.201321,0.075000,0.188298
80.520758,-1.477252,-0.579841,-0.644969,-1.306666,-0.688286,0.202138,0.075000,0.194474
80.557478,-1.475572,-0.581106,-0.640629,-1.306666,-0.688286,0.200042,0.075000,0.187758
80.589949,-1.473227,-0.582848,-0.633155,-1.302725,-0.688834,0.200758,0.075000,0.191574
80.624668,-1.471225,-0.584313,-0.626717,-1.298769,-0.689346,0.201923,0.075000,0.197085
80.654866,-1.468728,-0.586114,-0.620021,-1.294797,-0.689821,0.202503,0.075000,0.203137
80.687570,-1.467538,-0.586965,-0.616198,-1.294797,-0.689821,0.201045,0.075000,0.196617
80.722519,-1.465123,-0.588668,-0.608205,-1.290808,-0.690260,0.201758,0.075000,0.199338
80.753872,-1.462763,-0.590303,-0.600539,-1.286804,-0.690662,0.202567,0.075000,0.202681
80.787105,-1.460892,-0.591585,-0.594360,-1.286804,-0.690662,0.200307,0.075000,0.191905
80.823866,-1.459106,-0.592789,-0.588752,-1.282784,-0.691027,0.201842,0.075000,0.199036
80.855926,-1.457883,-0.593606,-0.584400,-1.282784,-0.691027,0.200375,0.075000,0.191133
80.889135,-1.456619,-0.594442,-0.579995,-1.278749,-0.691356,0.202559,0.075000,0.199991
80.920720,-1.456619,-0.594442,-0.579995,-1.278749,-0.691356,0.202559,0.075000,0.199991
80.986165,-1.455386,-0.595250,-0.575913,-1.278749,-0.691356,0.201089,0.075000,0.192805
80.986871,-1.453957,-0.596177,-0.570984,-1.274698,-0.691648,0.203097,0.075000,0.200698
81.020483,-1.446028,-0.601158,-0.545956,-1.266549,-0.692121,0.201214,0.075000,0.190831
81.053652,-1.443890,-0.602452,-0.539346,-1.262451,-0.692302,0.202468,0.075000,0.196221
81.087103,-1.442570,-0.603242,-0.535549,-1.262451,-0.692302,0.200934,0.075000,0.189808
81.124321,-1.439933,-0.604801,-0.528701,-1.258339,-0.692446,0.201639,0.075000,0.195777
81.153882,-1.437286,-0.606341,-0.521559,-1.254211,-0.692553,0.202359,0.075000,0.201031
81.188000,-1.436008,-0.607075,-0.517636,-1.254211,-0.692553,0.200890,0.075000,0.194251
81.221474,-1.433459,-0.608520,-0.509916,-1.250068,-0.692623,0.201757,0.075000,0.197880
81.253724,-1.430805,-0.609998,-0.502234,-1.245910,-0.692656,0.202531,0.075000,0.201802
81.287262,-1.429238,-0.610859,-0.497863,-1.245910,-0.692656,0.200749,0.075000,0.194549
81.321954,-1.426789,-0.612184,-0.489859,-1.241736,-0.692652,0.201791,0.075000,0.197235
81.353601,-1.424102,-0.613612,-0.481667,-1.237549,-0.692611,0.202591,0.075000,0.199930
81.388760,-1.422753,-0.614317,-0.477586,-1.237549,-0.692611,0.201074,0.075000,0.192843
81.420797,-1.420054,-0.615708,-0.469715,-1.233346,-0.692533,0.201896,0.075000,0.196330
81.456061,-1.417325,-0.617087,-0.461785,-1.229128,-0.692417,0.202713,0.075000,0.199681
81.487759,-1.415823,-0.617835,-0.457484,-1.229128,-0.692417,0.201041,0.075000,0.192354
81.520505,-1.413361,-0.619042,-0.450110,-1.224896,-0.692264,0.202189,0.075000,0.196487
81.553653,-1.410662,-0.620340,-0.442090,-1.220649,-0.692074,0.203103,0.075000,0.199456
81.587802,-1.409345,-0.620963,-0.438444,-1.220649,-0.692074,0.201651,0.075000,0.193328
81.620852,-1.406669,-0.622212,-0.430565,-1.216388,-0.691847,0.202623,0.075000,0.196571
81.656225,-1.403902,-0.623477,-0.422949,-1.212112,-0.691582,0.203523,0.075000,0.200580
81.689977,-1.402324,-0.624187,-0.418827,-1.212112,-0.691582,0.201798,0.075000,0.193841
81.721838,-1.399759,-0.625324,-0.411561,-1.207822,-0.691280,0.202953,0.075000,0.198273
81.753762,-1.396953,-0.626545,-0.403923,-1.203518,-0.690941,0.203873,0.075000,0.202232
81.787450,-1.395570,-0.627136,-0.400105,-1.203518,-0.690941,0.202374,0.075000,0.195837
81.820652,-1.392763,-0.628316,-0.392036,-1.199199,-0.690565,0.203326,0.075000,0.198703
81.853658,-1.391419,-0.628872,-0.387965,-1.199199,-0.690565,0.201877,0.075000,0.191515
81.887001,-1.390055,-0.629429,-0.384063,-1.199199,-0.690565,0.200408,0.075000,0.184624
81.920560,-1.390055,-0.629429,-0.384063,-1.199199,-0.690565,0.200408,0.075000,0.184624
81.976189,-1.388691,-0.629980,-0.379952,-1.194867,-0.690151,0.202950,0.075000,0.194299
81.986927,-1.381600,-0.632749,-0.360530,-1.186159,-0.689211,0.203433,0.075000,0.194678
82.020399,-1.378623,-0.633864,-0.351865,-1.186159,-0.689211,0.200264,0.075000,0.179230
82.053625,-1.375997,-0.634824,-0.345233,-1.181784,-0.688686,0.201543,0.075000,0.185140
82.087034,-1.374365,-0.635410,-0.341017,-1.177396,-0.688123,0.203901,0.075000,0.194811
82.120382,-1.371597,-0.636387,-0.333244,-1.177396,-0.688123,0.200974,0.075000,0.181174
82.153897,-1.369088,-0.637251,-0.326437,-1.172994,-0.687522,0.202436,0.075000,0.186247
82.189000,-1.367523,-0.637781,-0.321556,-1.172994,-0.687522,0.200788,0.075000,0.177193
82.225315,-1.364329,-0.638837,-0.313192,-1.168578,-0.686885,0.201561,0.075000,0.179684
82.254529,-1.363387,-0.639142,-0.310772,-1.168578,-0.686885,0.200573,0.075000,0.175441
82.287736,-1.359899,-0.640254,-0.302322,-1.164149,-0.686210,0.201073,0.075000,0.178218
82.324119,-1.357390,-0.641032,-0.295407,-1.159706,-0.685498,0.202624,0.075000,0.182821
82.353873,-1.354526,-0.641898,-0.288529,-1.155250,-0.684749,0.203831,0.075000,0.188021
82.389610,-1.353082,-0.642327,-0.284959,-1.155250,-0.684749,0.202329,0.075000,0.182026
82.422565,-1.350100,-0.643195,-0.278122,-1.150780,-0.683962,0.203447,0.075000,0.187516
82.456552,-1.348208,-0.643735,-0.273392,-1.150780,-0.683962,0.201485,0.075000,0.179480
82.487648,-1.345335,-0.644536,-0.266719,-1.146297,-0.683138,0.202747,0.075000,0.185167
82.520789,-1.342929,-0.645190,-0.260486,-1.146297,-0.683138,0.200260,0.075000,0.174227
82.554950,-1.340088,-0.645942,-0.253798,-1.141801,-0.682277,0.201589,0.075000,0.179824
82.587212,-1.338349,-0.646393,-0.249867,-1.137292,-0.681379,0.204079,0.075000,0.189891
82.620344,-1.335502,-0.647115,-0.243468,-1.137292,-0.681379,0.201151,0.075000,0.179538
82.653664,-1.332740,-0.647796,-0.235731,-1.132769,-0.680444,0.202619,0.075000,0.182184
82.687124,-1.331331,-0.648135,-0.231853,-1.132769,-0.680444,0.201174,0.075000,0.175199
82.720363,-1.328505,-0.648796,-0.222958,-1.128234,-0.679472,0.202606,0.075000,0.174987
82.753676,-1.325718,-0.649423,-0.215608,-1.123686,-0.678463,0.204109,0.075000,0.178296
82.787053,-1.323861,-0.649830,-0.211546,-1.123686,-0.678463,0.202213,0.075000,0.171635
82.820417,-1.321138,-0.650411,-0.206895,-1.119125,-0.677417,0.203811,0.075000,0.181379
82.853806,-1.319599,-0.650734,-0.204024,-1.119125,-0.677417,0.202242,0.075000,0.177125
82.887051,-1.316057,-0.651459,-0.194890,-1.114551,-0.676333,0.203035,0.075000,0.177328
82.920648,-1.316057,-0.651459,-0.194890,-1.114551,-0.676333,0.203035,0.075000,0.177328
82.954126,-1.316057,-0.651459,-0.194890,-1.114551,-0.676333,0.203035,0.075000,0.177328
83.011574,-1.315086,-0.651651,-0.192225,-1.114551,-0.676333,0.202048,0.075000,0.172486
83.020861,-1.307339,-0.653094,-0.172953,-1.105366,-0.674056,0.203058,0.075000,0.171084
83.057217,-1.303503,-0.653754,-0.164403,-1.100755,-0.672862,0.203647,0.075000,0.172788
83.088600,-1.301772,-0.654041,-0.160096,-1.100755,-0.672862,0.201897,0.075000,0.165155
83.120823,-1.300490,-0.654248,-0.157123,-1.100755,-0.672862,0.200601,0.075000,0.159903
83.154435,-1.296129,-0.654924,-0.146628,-1.096131,-0.671632,0.200695,0.075000,0.157552
83.187311,-1.294392,-0.655181,-0.142088,-1.091494,-0.670365,0.203465,0.075000,0.165484
83.222505,-1.291796,-0.655548,-0.135997,-1.091494,-0.670365,0.200849,0.075000,0.154643
83.255865,-1.288865,-0.655944,-0.129177,-1.086846,-0.669061,0.202444,0.075000,0.158795
83.288245,-1.288865,-0.655944,-0.129177,-1.086846,-0.669061,0.202444,0.075000,0.158795
83.320341,-1.284389,-0.656510,-0.119661,-1.082185,-0.667720,0.202514,0.075000,0.158590
83.358274,-1.281383,-0.656869,-0.114319,-1.077512,-0.666343,0.204091,0.075000,0.166171
83.391307,-1.279291,-0.657109,-0.109947,-1.077512,-0.666343,0.201990,0.075000,0.158846
83.420527,-1.276926,-0.657367,-0.104958,-1.072828,-0.664929,0.204239,0.075000,0.166155
83.453787,-1.273963,-0.657674,-0.098435,-1.072828,-0.664929,0.201266,0.075000,0.154872
83.487470,-1.272404,-0.657828,-0.095253,-1.068131,-0.663479,0.204351,0.075000,0.165267
83.521872,-1.269394,-0.658112,-0.089843,-1.068131,-0.663479,0.201334,0.075000,0.156800
83.554099,-1.267902,-0.658246,-0.086870,-1.063422,-0.661993,0.204514,0.075000,0.167460
83.587239,-1.264702,-0.658519,-0.079415,-1.063422,-0.661993,0.201310,0.075000,0.154289
83.620712,-1.262113,-0.658722,-0.073159,-1.058702,-0.660470,0.203418,0.075000,0.158582
83.653628,-1.259138,-0.658935,-0.066666,-1.058702,-0.660470,0.200443,0.075000,0.147103
83.687145,-1.257628,-0.659036,-0.063567,-1.053969,-0.658911,0.203659,0.075000,0.157452
83.720439,-1.254593,-0.659224,-0.057691,-1.053969,-0.658911,0.200624,0.075000,0.147580
83.753665,-1.253056,-0.659313,-0.054632,-1.049226,-0.657316,0.203841,0.075000,0.157925
83.790460,-1.249856,-0.659482,-0.047740,-1.049226,-0.657316,0.200642,0.075000,0.145784
83.824126,-1.246806,-0.659623,-0.042190,-1.044470,-0.655685,0.202374,0.075000,0.152223
83.854369,-1.246806,-0.659623,-0.042190,-1.044470,-0.655685,0.202374,0.075000,0.152223
83.887755,-1.242480,-0.659794,-0.034065,-1.039703,-0.654018,0.202860,0.075000,0.154051
83.923038,-1.239505,-0.659891,-0.027963,-1.034925,-0.652315,0.204721,0.075000,0.158587
83.957822,-1.239505,-0.659891,-0.027963,-1.034925,-0.652315,0.204721,0.075000,0.158587
83.990107,-1.239505,-0.659891,-0.027963,-1.034925,-0.652315,0.204721,0.075000,0.158587
84.031196,-1.237739,-0.659941,-0.024645,-1.034925,-0.652315,0.202957,0.075000,0.153199
84.056417,-1.230423,-0.660080,-0.010423,-1.030135,-0.650576,0.200514,0.075000,0.144140
84.087492,-1.225883,-0.660114,-0.001101,-1.025334,-0.648802,0.200868,0.075000,0.142919
84.120706,-1.224380,-0.660116,0.002244,-1.020522,-0.646992,0.204280,0.075000,0.151765
84.154094,-1.221486,-0.660105,0.008901,-1.020522,-0.646992,0.201392,0.075000,0.139598
84.187157,-1.219455,-0.660087,0.012009,-1.015698,-0.645146,0.204304,0.075000,0.149649
84.220550,-1.216904,-0.660054,0.016222,-1.015698,-0.645146,0.201757,0.075000,0.143002
84.253633,-1.213884,-0.660001,0.022346,-1.010864,-0.643265,0.203709,0.075000,0.146942
84.286956,-1.211991,-0.659959,0.026464,-1.010864,-0.643265,0.201819,0.075000,0.139522
84.320467,-1.209628,-0.659893,0.031588,-1.006018,-0.641348,0.204453,0.075000,0.144792
84.353622,-1.206761,-0.659798,0.038440,-1.006018,-0.641348,0.201589,0.075000,0.131913
84.387082,-1.205281,-0.659741,0.040910,-1.006018,-0.641348,0.200110,0.075000,0.127705
84.420507,-1.202247,-0.659613,0.046308,-1.001162,-0.639397,0.202098,0.075000,0.133261
84.453625,-1.200179,-0.659517,0.050056,-1.001162,-0.639397,0.200031,0.075000,0.126673
84.487035,-1.197479,-0.659378,0.055394,-0.996295,-0.637410,0.202380,0.075000,0.131789
84.520478,-1.194728,-0.659222,0.060273,-0.991417,-0.635388,0.204703,0.075000,0.137743
84.553713,-1.191717,-0.659037,0.065581,-0.991417,-0.635388,0.201691,0.075000,0.128706
84.589027,-1.190196,-0.658937,0.067955,-0.991417,-0.635388,0.200169,0.075000,0.124748
84.624301,-1.187303,-0.658736,0.072964,-0.986529,-0.633331,0.202376,0.075000,0.130646
84.655588,-1.185845,-0.658630,0.076008,-0.986529,-0.633331,0.200915,0.075000,0.124987
84.687538,-1.182374,-0.658360,0.081642,-0.981630,-0.631239,0.202568,0.075000,0.129884
84.720429,-1.179868,-0.658153,0.085175,-0.981630,-0.631239,0.200057,0.075000,0.124325
84.756031,-1.177808,-0.657977,0.088928,-0.976720,-0.629113,0.203149,0.075000,0.131955
84.787010,-1.174721,-0.657698,0.094329,-0.976720,-0.629113,0.200054,0.075000,0.122539
84.820611,-1.172211,-0.657458,0.098899,-0.971800,-0.626952,0.202719,0.075000,0.128589
84.853635,-1.169076,-0.657142,0.104283,-0.966870,-0.624756,0.204784,0.075000,0.133082
84.887389,-1.169076,-0.657142,0.104283,-0.966870,-0.624756,0.204784,0.075000,0.133082
84.923042,-1.165930,-0.656809,0.108904,-0.966870,-0.624756,0.201625,0.075000,0.125795
84.954021,-1.165930,-0.656809,0.108904,-0.966870,-0.624756,0.201625,0.075000,0.125795
85.027941,-1.165930,-0.656809,0.108904,-0.966870,-0.624756,0.201625,0.075000,0.125795
85.053702,-1.154109,-0.655406,0.129783,-0.956978,-0.620262,0.200239,0.075000,0.116421
85.087227,-1.152570,-0.655205,0.131832,-0.952017,-0.617963,0.203982,0.075000,0.126844
85.121569,-1.149562,-0.654803,0.136659,-0.952017,-0.617963,0.200951,0.075000,0.118664
85.153978,-1.146700,-0.654405,0.141949,-0.947046,-0.615631,0.203384,0.075000,0.122553
85.188430,-1.145009,-0.654164,0.145162,-0.947046,-0.615631,0.201679,0.075000,0.116678
85.220825,-1.142342,-0.653770,0.148851,-0.942065,-0.613265,0.204332,0.075000,0.124026
85.254017,-1.139312,-0.653313,0.153475,-0.942065,-0.613265,0.201272,0.075000,0.116314
85.287861,-1.137620,-0.653051,0.156604,-0.937074,-0.610864,0.204935,0.075000,0.123721
85.322819,-1.134811,-0.652604,0.161142,-0.937074,-0.610864,0.202095,0.075000,0.115971
85.353736,-1.131784,-0.652110,0.165602,-0.932073,-0.608431,0.204432,0.075000,0.121552
85.390919,-1.130221,-0.651848,0.167724,-0.932073,-0.608431,0.202849,0.075000,0.118232
85.423341,-1.127257,-0.651343,0.172132,-0.927062,-0.605963,0.205273,0.075000,0.123633
85.454153,-1.125826,-0.651094,0.174520,-0.927062,-0.605963,0.203823,0.075000,0.119547
85.487689,-1.122744,-0.650546,0.180693,-0.927062,-0.605963,0.200696,0.075000,0.107874
85.523231,-1.119964,-0.650034,0.185697,-0.922042,-0.603463,0.203328,0.075000,0.111605
85.553831,-1.116968,-0.649468,0.190360,-0.922042,-0.603463,0.200282,0.075000,0.103347
85.589629,-1.115497,-0.649184,0.192836,-0.917012,-0.600929,0.204267,0.075000,0.111711
85.623042,-1.112497,-0.648594,0.197839,-0.917012,-0.600929,0.201212,0.075000,0.102660
85.654491,-1.109736,-0.648038,0.202363,-0.911973,-0.598362,0.203907,0.075000,0.107212
85.687372,-1.108062,-0.647695,0.204558,-0.911973,-0.598362,0.202200,0.075000,0.103608
85.720681,-1.105273,-0.647114,0.208215,-0.906924,-0.595762,0.204889,0.075000,0.110064
85.755112,-1.102319,-0.646488,0.211043,-0.906924,-0.595762,0.201872,0.075000,0.106359
85.787257,-1.100648,-0.646130,0.213130,-0.906924,-0.595762,0.200165,0.075000,0.102973
85.820709,-1.097991,-0.645552,0.217174,-0.901866,-0.593130,0.203010,0.075000,0.108366
85.854037,-1.096520,-0.645228,0.218851,-0.901866,-0.593130,0.201505,0.075000,0.105832
85.887223,-1.096520,-0.645228,0.218851,-0.901866,-0.593130,0.201505,0.075000,0.105832
85.920675,-1.096520,-0.645228,0.218851,-0.901866,-0.593130,0.201505,0.075000,0.105832
85.954002,-1.096520,-0.645228,0.218851,-0.901866,-0.593130,0.201505,0.075000,0.105832
86.007720,-1.096520,-0.645228,0.218851,-0.901866,-0.593130,0.201505,0.075000,0.105832
86.020623,-1.082966,-0.642101,0.237427,-0.886635,-0.585036,0.204455,0.075000,0.111078
86.053817,-1.081000,-0.641625,0.239957,-0.886635,-0.585036,0.202435,0.075000,0.107062
86.087025,-1.078609,-0.641038,0.243423,-0.881540,-0.582274,0.205643,0.075000,0.112716
86.120341,-1.075569,-0.640280,0.248563,-0.881540,-0.582274,0.202514,0.075000,0.103502
86.153550,-1.072694,-0.639547,0.252215,-0.876436,-0.579479,0.205244,0.075000,0.109100
86.189556,-1.071332,-0.639197,0.254078,-0.876436,-0.579479,0.203839,0.075000,0.106044
86.222783,-1.068115,-0.638357,0.259182,-0.876436,-0.579479,0.200517,0.075000,0.096815
86.254473,-1.066255,-0.637864,0.261578,-0.871323,-0.576653,0.204316,0.075000,0.104418
86.287518,-1.063991,-0.637256,0.265014,-0.871323,-0.576653,0.201974,0.075000,0.098336
86.322614,-1.061285,-0.636519,0.269067,-0.866201,-0.573795,0.204920,0.075000,0.102489
86.353888,-1.058428,-0.635729,0.273020,-0.866201,-0.573795,0.201958,0.075000,0.095714
86.390642,-1.056793,-0.635271,0.275384,-0.866201,-0.573795,0.200261,0.075000,0.091446
86.422982,-1.053872,-0.634442,0.279504,-0.861071,-0.570905,0.203000,0.075000,0.095626
86.454302,-1.051748,-0.633833,0.280943,-0.861071,-0.570905,0.200792,0.075000,0.094159
86.487336,-1.049141,-0.633079,0.283540,-0.855932,-0.567984,0.203880,0.075000,0.101574
86.523912,-1.046191,-0.632217,0.288073,-0.855932,-0.567984,0.200810,0.075000,0.093398
86.553599,-1.043727,-0.631485,0.291272,-0.850784,-0.565032,0.204066,0.075000,0.099005
86.587166,-1.042334,-0.631067,0.293221,-0.850784,-0.565032,0.202613,0.075000,0.095625
86.620484,-1.039264,-0.630137,0.297457,-0.845627,-0.562049,0.205259,0.075000,0.099033
86.653698,-1.036656,-0.629334,0.302239,-0.845627,-0.562049,0.202532,0.075000,0.089884
86.687354,-1.035070,-0.628840,0.304450,-0.845627,-0.562049,0.200872,0.075000,0.085875
86.720681,-1.032440,-0.628010,0.308454,-0.840462,-0.559035,0.203994,0.075000,0.089376
86.753695,-1.029609,-0.627105,0.312471,-0.840462,-0.559035,0.201023,0.075000,0.082017
86.787089,-1.027969,-0.626576,0.314275,-0.835289,-0.555990,0.205203,0.075000,0.089839
86.820580,-1.025358,-0.625725,0.317627,-0.835289,-0.555990,0.202458,0.075000,0.083992
86.853614,-1.022386,-0.624745,0.321045,-0.830107,-0.552914,0.205258,0.075000,0.088831
86.887019,-1.020914,-0.624255,0.322848,-0.830107,-0.552914,0.203707,0.075000,0.085767
86.920685,-1.020914,-0.624255,0.322848,-0.830107,-0.552914,0.203707,0.075000,0.085767
86.989622,-1.019239,-0.623695,0.324259,-0.830107,-0.552914,0.201943,0.075000,0.083779
87.020336,-1.010978,-0.620883,0.333515,-0.819719,-0.546672,0.205152,0.075000,0.089218
87.053753,-1.008222,-0.619925,0.337615,-0.819719,-0.546672,0.202236,0.075000,0.081647
87.092021,-1.006838,-0.619439,0.339508,-0.819719,-0.546672,0.200770,0.075000,0.078131
87.120558,-1.003744,-0.618344,0.343114,-0.814512,-0.543506,0.203493,0.075000,0.082280
87.154292,-1.002002,-0.617722,0.345347,-0.814512,-0.543506,0.201644,0.075000,0.078261
87.191250,-0.999385,-0.616777,0.349076,-0.809298,-0.540310,0.204891,0.075000,0.081469
87.224439,-0.996731,-0.615809,0.352103,-0.809298,-0.540310,0.202068,0.075000,0.076250
87.254304,-0.993947,-0.614784,0.355402,-0.804076,-0.537085,0.205154,0.075000,0.080481
87.288465,-0.992446,-0.614227,0.357721,-0.804076,-0.537085,0.203554,0.075000,0.076058
87.320939,-0.991288,-0.613794,0.359577,-0.804076,-0.537085,0.202318,0.075000,0.072406
87.353776,-0.987271,-0.612276,0.364619,-0.798846,-0.533829,0.204103,0.075000,0.073192
87.387106,-0.985658,-0.611660,0.366240,-0.798846,-0.533829,0.202377,0.075000,0.070444
87.420764,-0.982978,-0.610630,0.369077,-0.793607,-0.530545,0.205608,0.075000,0.075412
87.453636,-0.980239,-0.609569,0.372098,-0.793607,-0.530545,0.202673,0.075000,0.070138
87.487101,-0.978882,-0.609039,0.373302,-0.793607,-0.530545,0.201216,0.075000,0.068167
87.520555,-0.975880,-0.607861,0.376241,-0.788362,-0.527232,0.204118,0.075000,0.073090
87.553610,-0.973081,-0.606754,0.378330,-0.788362,-0.527232,0.201110,0.075000,0.070081
87.587203,-0.971659,-0.606189,0.379168,-0.783108,-0.523889,0.205730,0.075000,0.078702
87.620596,-0.968808,-0.605050,0.381859,-0.783108,-0.523889,0.202660,0.075000,0.074439
87.653662,-0.965905,-0.603882,0.384719,-0.777847,-0.520518,0.205706,0.075000,0.079077
87.686939,-0.964523,-0.603323,0.386128,-0.777847,-0.520518,0.204217,0.075000,0.076788
87.720531,-0.961728,-0.602183,0.389729,-0.777847,-0.520518,0.201199,0.075000,0.070132
87.753623,-0.958980,-0.601052,0.393690,-0.772579,-0.517119,0.204427,0.075000,0.071897
87.791238,-0.957422,-0.600405,0.395534,-0.772579,-0.517119,0.202740,0.075000,0.068551
87.824510,-0.954908,-0.599353,0.398293,-0.772579,-0.517119,0.200016,0.075000,0.063517
87.854373,-0.954908,-0.599353,0.398293,-0.772579,-0.517119,0.200016,0.075000,0.063517
87.887417,-0.950247,-0.597382,0.403231,-0.767303,-0.513691,0.201179,0.075000,0.064150
87.923309,-0.949351,-0.597000,0.403723,-0.767303,-0.513691,0.200205,0.075000,0.063547
87.957861,-0.949351,-0.597000,0.403723,-0.767303,-0.513691,0.200205,0.075000,0.063547
87.991159,-0.949351,-0.597000,0.403723,-0.767303,-0.513691,0.200205,0.075000,0.063547
88.031956,-0.947110,-0.596042,0.404982,-0.762019,-0.510235,0.204013,0.075000,0.071357
88.054699,-0.940087,-0.593004,0.412788,-0.756729,-0.506751,0.202632,0.075000,0.066386
88.087661,-0.936931,-0.591619,0.416050,-0.751431,-0.503240,0.205478,0.075000,0.069511
88.120637,-0.934515,-0.590551,0.417719,-0.751431,-0.503240,0.202838,0.075000,0.067209
88.155195,-0.931900,-0.589388,0.420189,-0.746126,-0.499701,0.206291,0.075000,0.071696
88.187281,-0.930285,-0.588667,0.421830,-0.746126,-0.499701,0.204523,0.075000,0.068931
88.220733,-0.927619,-0.587469,0.423949,-0.746126,-0.499701,0.201601,0.075000,0.065671
88.253651,-0.924803,-0.586196,0.426196,-0.740813,-0.496134,0.204850,0.075000,0.070800
88.287307,-0.923383,-0.585552,0.427745,-0.740813,-0.496134,0.203291,0.075000,0.068084
88.322570,-0.920551,-0.584258,0.430997,-0.740813,-0.496134,0.200179,0.075000,0.062071
88.353862,-0.917685,-0.582939,0.432899,-0.735494,-0.492541,0.203385,0.075000,0.068044
88.387765,-0.916071,-0.582193,0.434101,-0.735494,-0.492541,0.201607,0.075000,0.066268
88.422220,-0.913488,-0.580993,0.436802,-0.730168,-0.488921,0.205143,0.075000,0.069798
88.453886,-0.910864,-0.579766,0.439462,-0.730168,-0.488921,0.202247,0.075000,0.065224
88.487482,-0.909633,-0.579187,0.441066,-0.730168,-0.488921,0.200887,0.075000,0.062118
88.521755,-0.906894,-0.577893,0.443424,-0.724835,-0.485274,0.204264,0.075000,0.066528
88.553837,-0.904160,-0.576593,0.444685,-0.724835,-0.485274,0.201238,0.075000,0.065401
88.589719,-0.902616,-0.575857,0.445914,-0.719495,-0.481601,0.205955,0.075000,0.071470
88.624461,-0.900144,-0.574673,0.448998,-0.719495,-0.481601,0.203215,0.075000,0.065800
88.655207,-0.898831,-0.574041,0.450808,-0.719495,-0.481601,0.201759,0.075000,0.062271
88.687470,-0.896076,-0.572704,0.453938,-0.714149,-0.477901,0.205146,0.075000,0.064460
88.721075,-0.893747,-0.571566,0.457046,-0.714149,-0.477901,0.202556,0.075000,0.058427
88.755722,-0.891856,-0.570636,0.458829,-0.714149,-0.477901,0.200448,0.075000,0.055217
88.788162,-0.889411,-0.569427,0.460715,-0.708796,-0.474175,0.204193,0.075000,0.060205
88.820361,-0.886986,-0.568221,0.462859,-0.708796,-0.474175,0.201485,0.075000,0.056496
88.853782,-0.885661,-0.567560,0.463968,-0.708796,-0.474175,0.200005,0.075000,0.054564
88.887038,-0.882879,-0.566165,0.466398,-0.703436,-0.470424,0.203387,0.075000,0.058320
88.920987,-0.882879,-0.566165,0.466398,-0.703436,-0.470424,0.203387,0.075000,0.058320
88.954402,-0.882879,-0.566165,0.466398,-0.703436,-0.470424,0.203387,0.075000,0.058320
88.990712,-0.881476,-0.565459,0.467011,-0.703436,-0.470424,0.201816,0.075000,0.057715
89.020400,-0.873128,-0.561217,0.474504,-0.692697,-0.462845,0.205505,0.075000,0.059977
89.054014,-0.871371,-0.560315,0.476030,-0.692697,-0.462845,0.203531,0.075000,0.057397
89.087001,-0.868993,-0.559088,0.478364,-0.692697,-0.462845,0.200856,0.075000,0.053112
89.121124,-0.866529,-0.557808,0.480686,-0.687318,-0.459018,0.204636,0.075000,0.056483
89.153672,-0.863902,-0.556437,0.482093,-0.687318,-0.459018,0.201674,0.075000,0.054655
89.187155,-0.862353,-0.555626,0.483112,-0.681933,-0.455165,0.206503,0.075000,0.060406
89.220616,-0.859797,-0.554284,0.484985,-0.681933,-0.455165,0.203618,0.075000,0.057515
89.253607,-0.857190,-0.552909,0.486845,-0.681933,-0.455165,0.200671,0.075000,0.054571
89.287069,-0.855139,-0.551823,0.488717,-0.676541,-0.451289,0.204949,0.075000,0.058515
89.320347,-0.853219,-0.550802,0.490616,-0.676541,-0.451289,0.202775,0.075000,0.055085
89.353686,-0.850605,-0.549404,0.492808,-0.671144,-0.447387,0.206431,0.075000,0.058359
89.388432,-0.849321,-0.548714,0.493645,-0.671144,-0.447387,0.204974,0.075000,0.057149
89.423303,-0.846858,-0.547386,0.496969,-0.671144,-0.447387,0.202176,0.075000,0.050497
89.453952,-0.845571,-0.546688,0.498378,-0.671144,-0.447387,0.200712,0.075000,0.047729
89.487455,-0.842763,-0.545158,0.500879,-0.665740,-0.443462,0.204154,0.075000,0.050364
89.523169,-0.840273,-0.543793,0.503498,-0.665740,-0.443462,0.201316,0.075000,0.045272
89.558495,-0.837547,-0.542289,0.506683,-0.660331,-0.439512,0.204863,0.075000,0.046033
89.588990,-0.836171,-0.541525,0.507551,-0.660331,-0.439512,0.203289,0.075000,0.044616
89.624318,-0.833569,-0.540077,0.509332,-0.660331,-0.439512,0.200312,0.075000,0.041490
89.654377,-0.830885,-0.538576,0.510958,-0.654915,-0.435539,0.203917,0.075000,0.045994
89.687529,-0.830885,-0.538576,0.510958,-0.654915,-0.435539,0.203917,0.075000,0.045994
89.720956,-0.826942,-0.536361,0.513606,-0.649494,-0.431542,0.206095,0.075000,0.048386
89.753741,-0.824269,-0.534851,0.515361,-0.649494,-0.431542,0.203025,0.075000,0.045524
89.787243,-0.822797,-0.534018,0.516380,-0.649494,-0.431542,0.201334,0.075000,0.043761
89.820726,-0.820387,-0.532648,0.517612,-0.644066,-0.427522,0.205282,0.075000,0.048762
89.853883,-0.819039,-0.531880,0.518050,-0.644066,-0.427522,0.203730,0.075000,0.048434
89.887371,-0.815962,-0.530124,0.520529,-0.644066,-0.427522,0.200188,0.075000,0.043948
89.920744,-0.815073,-0.529615,0.521148,-0.638633,-0.423480,0.205902,0.075000,0.049540
89.953804,-0.815073,-0.529615,0.521148,-0.638633,-0.423480,0.205902,0.075000,0.049540
90.032669,-0.815073,-0.529615,0.521148,-0.638633,-0.423480,0.205902,0.075000,0.049540
90.053618,-0.804933,-0.523752,0.529996,-0.633195,-0.419414,0.200949,0.075000,0.039681
90.087029,-0.803708,-0.523034,0.531073,-0.627751,-0.415326,0.206305,0.075000,0.044145
90.120641,-0.801077,-0.521486,0.533829,-0.627751,-0.415326,0.203254,0.075000,0.038674
90.153620,-0.798440,-0.519926,0.535359,-0.627751,-0.415326,0.200189,0.075000,0.036034
90.187271,-0.797125,-0.519146,0.535796,-0.622301,-0.411215,0.205457,0.075000,0.042093
90.220475,-0.794533,-0.517606,0.536847,-0.622301,-0.411215,0.202442,0.075000,0.040750
90.253669,-0.791812,-0.515985,0.538339,-0.616846,-0.407083,0.206089,0.075000,0.044653
90.287312,-0.790519,-0.515213,0.539035,-0.616846,-0.407083,0.204584,0.075000,0.043611
90.320728,-0.787986,-0.513697,0.540736,-0.616846,-0.407083,0.201632,0.075000,0.040665
90.354234,-0.786263,-0.512663,0.541930,-0.611386,-0.402928,0.206455,0.075000,0.044704
90.391015,-0.783904,-0.511241,0.543194,-0.611386,-0.402928,0.203702,0.075000,0.042809
90.424439,-0.781281,-0.509656,0.544406,-0.611386,-0.402928,0.200637,0.075000,0.041095
90.454391,-0.778848,-0.508182,0.545664,-0.605920,-0.398752,0.204643,0.075000,0.045272
90.487634,-0.777383,-0.507293,0.546517,-0.605920,-0.398752,0.202930,0.075000,0.043937
90.523262,-0.774766,-0.505700,0.547952,-0.600449,-0.394555,0.206735,0.075000,0.047540
90.553827,-0.772406,-0.504258,0.549692,-0.600449,-0.394555,0.203970,0.075000,0.044561
90.587254,-0.770858,-0.503310,0.550886,-0.600449,-0.394555,0.202155,0.075000,0.042412
90.620595,-0.768477,-0.501845,0.552657,-0.594973,-0.390337,0.206246,0.075000,0.044991
90.653741,-0.766116,-0.500388,0.554810,-0.594973,-0.390337,0.203472,0.075000,0.040922
90.687442,-0.764548,-0.499416,0.556799,-0.594973,-0.390337,0.201628,0.075000,0.036743
90.721163,-0.762463,-0.498117,0.558200,-0.589492,-0.386098,0.206075,0.075000,0.040029
90.753660,-0.760081,-0.496629,0.559850,-0.589492,-0.386098,0.203267,0.075000,0.037074
90.787051,-0.758423,-0.495589,0.560684,-0.589492,-0.386098,0.201310,0.075000,0.035725
90.820382,-0.756256,-0.494228,0.561831,-0.584006,-0.381839,0.205673,0.075000,0.039587
90.855055,-0.754926,-0.493391,0.562899,-0.584006,-0.381839,0.204102,0.075000,0.037583
90.887039,-0.752233,-0.491691,0.563898,-0.584006,-0.381839,0.200917,0.075000,0.036288
90.920569,-0.752233,-0.491691,0.563898,-0.584006,-0.381839,0.200917,0.075000,0.036288
90.957013,-0.752233,-0.491691,0.563898,-0.584006,-0.381839,0.200917,0.075000,0.036288
91.016387,-0.751014,-0.490920,0.564674,-0.578516,-0.377559,0.206413,0.075000,0.040511
91.020446,-0.743336,-0.486040,0.568239,-0.573020,-0.373259,0.204272,0.075000,0.040765
91.054813,-0.741941,-0.485150,0.569129,-0.573020,-0.373259,0.202618,0.075000,0.039239
91.087499,-0.739367,-0.483502,0.570441,-0.567519,-0.368940,0.206534,0.075000,0.042479
91.122679,-0.737035,-0.482004,0.571663,-0.567519,-0.368940,0.203762,0.075000,0.040637
91.158883,-0.734506,-0.480376,0.573252,-0.567519,-0.368940,0.200755,0.075000,0.037895
91.187148,-0.732810,-0.479282,0.574563,-0.562014,-0.364601,0.205726,0.075000,0.040691
91.222610,-0.730717,-0.477925,0.576214,-0.562014,-0.364601,0.203232,0.075000,0.037622
91.255455,-0.728170,-0.476270,0.577445,-0.562014,-0.364601,0.200195,0.075000,0.035689
91.288380,-0.726774,-0.475360,0.578178,-0.556504,-0.360242,0.205533,0.075000,0.039698
91.320539,-0.724588,-0.473933,0.579595,-0.556504,-0.360242,0.202923,0.075000,0.037224
91.353761,-0.722351,-0.472467,0.580977,-0.556504,-0.360242,0.200248,0.075000,0.034766
91.387097,-0.720638,-0.471342,0.581813,-0.550990,-0.355865,0.205221,0.075000,0.038573
91.420311,-0.718502,-0.469937,0.582976,-0.550990,-0.355865,0.202664,0.075000,0.036675
91.453724,-0.715947,-0.468250,0.584100,-0.545471,-0.351469,0.206639,0.075000,0.039944
91.487128,-0.714464,-0.467270,0.584502,-0.545471,-0.351469,0.204862,0.075000,0.039658
91.520558,-0.712087,-0.465697,0.585963,-0.545471,-0.351469,0.202012,0.075000,0.037158
91.553641,-0.709506,-0.463982,0.587314,-0.539948,-0.347055,0.205966,0.075000,0.039806
91.587196,-0.708254,-0.463149,0.588095,-0.539948,-0.347055,0.204462,0.075000,0.038483
91.620611,-0.706969,-0.462292,0.588706,-0.539948,-0.347055,0.202918,0.075000,0.037567
91.653782,-0.703195,-0.459767,0.591612,-0.534420,-0.342622,0.205446,0.075000,0.036835
91.687018,-0.701945,-0.458928,0.592441,-0.534420,-0.342622,0.203940,0.075000,0.035350
91.720626,-0.699488,-0.457273,0.593634,-0.534420,-0.342622,0.200978,0.075000,0.033419
91.753661,-0.697593,-0.455993,0.594629,-0.528888,-0.338172,0.205774,0.075000,0.036482
91.789500,-0.695547,-0.454609,0.596067,-0.528888,-0.338172,0.203305,0.075000,0.033830
91.824650,-0.693212,-0.453024,0.597026,-0.528888,-0.338172,0.200483,0.075000,0.032392
91.854752,-0.691958,-0.452172,0.597872,-0.523352,-0.333704,0.206065,0.075000,0.035471
91.887490,-0.689465,-0.450474,0.598992,-0.523352,-0.333704,0.203049,0.075000,0.033767
91.920780,-0.688262,-0.449653,0.599804,-0.523352,-0.333704,0.201592,0.075000,0.032243
91.953890,-0.687101,-0.448858,0.600608,-0.523352,-0.333704,0.200185,0.075000,0.030689
91.987362,-0.687101,-0.448858,0.600608,-0.523352,-0.333704,0.200185,0.075000,0.030689
92.020676,-0.687101,-0.448858,0.600608,-0.523352,-0.333704,0.200185,0.075000,0.030689
92.054077,-0.687101,-0.448858,0.600608,-0.523352,-0.333704,0.200185,0.075000,0.030689
92.125681,-0.685968,-0.448082,0.601669,-0.517812,-0.329219,0.205924,0.075000,0.033140
92.156804,-0.672338,-0.438645,0.608944,-0.506719,-0.320197,0.203616,0.075000,0.029225
92.187594,-0.670936,-0.437667,0.609561,-0.506719,-0.320197,0.201907,0.075000,0.028194
92.220726,-0.668721,-0.436119,0.611693,-0.501167,-0.315661,0.206360,0.075000,0.028155
92.253706,-0.666010,-0.434216,0.612732,-0.501167,-0.315661,0.203049,0.075000,0.026507
92.287165,-0.664823,-0.433382,0.612918,-0.501167,-0.315661,0.201598,0.075000,0.026430
92.324540,-0.662513,-0.431757,0.613504,-0.495611,-0.311109,0.205943,0.075000,0.030117
92.354193,-0.661255,-0.430871,0.614263,-0.495611,-0.311109,0.204404,0.075000,0.028714
92.387739,-0.658608,-0.429003,0.615755,-0.495611,-0.311109,0.201164,0.075000,0.025922
92.421096,-0.656332,-0.427391,0.617061,-0.490051,-0.306541,0.205558,0.075000,0.027768
92.454321,-0.653769,-0.425571,0.618313,-0.490051,-0.306541,0.202415,0.075000,0.025535
92.487584,-0.652356,-0.424566,0.619173,-0.490051,-0.306541,0.200681,0.075000,0.023837
92.525429,-0.650068,-0.422935,0.620385,-0.484488,-0.301957,0.205067,0.075000,0.025853
92.553918,-0.648824,-0.422046,0.620849,-0.484488,-0.301957,0.203538,0.075000,0.025104
92.590533,-0.646221,-0.420184,0.621626,-0.484488,-0.301957,0.200338,0.075000,0.023967
92.620332,-0.643853,-0.418486,0.622721,-0.478920,-0.297357,0.204633,0.075000,0.026216
92.654902,-0.642212,-0.417308,0.622759,-0.478920,-0.297357,0.202614,0.075000,0.026649
92.687406,-0.640331,-0.415957,0.623237,-0.478920,-0.297357,0.200298,0.075000,0.026075
92.723413,-0.638082,-0.414339,0.624591,-0.473350,-0.292743,0.204749,0.075000,0.027546
92.753817,-0.635617,-0.412561,0.625375,-0.473350,-0.292743,0.201710,0.075000,0.026430
92.790886,-0.634250,-0.411574,0.625622,-0.473350,-0.292743,0.200024,0.075000,0.026260
92.821855,-0.631977,-0.409932,0.626755,-0.467776,-0.288114,0.204455,0.075000,0.028195
92.854527,-0.630703,-0.409009,0.627247,-0.467776,-0.288114,0.202882,0.075000,0.027421
92.887813,-0.628222,-0.407208,0.628866,-0.462198,-0.283470,0.207063,0.075000,0.028070
92.925460,-0.628222,-0.407208,0.628866,-0.462198,-0.283470,0.207063,0.075000,0.028070
92.954021,-0.628222,-0.407208,0.628866,-0.462198,-0.283470,0.207063,0.075000,0.028070
92.987364,-0.628222,-0.407208,0.628866,-0.462198,-0.283470,0.207063,0.075000,0.028070
93.020569,-0.628222,-0.407208,0.628866,-0.462198,-0.283470,0.207063,0.075000,0.028070
93.053814,-0.628222,-0.407208,0.628866,-0.462198,-0.283470,0.207063,0.075000,0.028070
93.104235,-0.627021,-0.406335,0.629557,-0.462198,-0.283470,0.205578,0.075000,0.026798
93.120562,-0.613438,-0.396373,0.636368,-0.451033,-0.274139,0.203266,0.075000,0.021711
93.153765,-0.611147,-0.394680,0.636991,-0.451033,-0.274139,0.200416,0.075000,0.020774
93.187229,-0.609779,-0.393667,0.637757,-0.445445,-0.269453,0.205997,0.075000,0.023033
93.220558,-0.607562,-0.392024,0.639075,-0.445445,-0.269453,0.203238,0.075000,0.020409
93.253798,-0.605975,-0.390844,0.639291,-0.445445,-0.269453,0.201260,0.075000,0.020275
93.287070,-0.603624,-0.389096,0.639798,-0.439854,-0.264753,0.205625,0.075000,0.023345
93.320507,-0.601666,-0.387639,0.640611,-0.439854,-0.264753,0.203184,0.075000,0.021903
93.356890,-0.599261,-0.385845,0.641625,-0.439854,-0.264753,0.200184,0.075000,0.020025
93.389642,-0.598057,-0.384945,0.642219,-0.434261,-0.260041,0.205986,0.075000,0.022511
93.423763,-0.595626,-0.383127,0.643086,-0.434261,-0.260041,0.202951,0.075000,0.021048
93.455034,-0.594425,-0.382227,0.643385,-0.434261,-0.260041,0.201450,0.075000,0.020622
93.487545,-0.591982,-0.380395,0.644115,-0.428664,-0.255315,0.205713,0.075000,0.022997
93.521942,-0.589582,-0.378592,0.644439,-0.428664,-0.255315,0.202711,0.075000,0.022883
93.558734,-0.587214,-0.376812,0.645573,-0.423064,-0.250577,0.207076,0.075000,0.024124
93.591292,-0.586005,-0.375901,0.645870,-0.423064,-0.250577,0.205562,0.075000,0.023759
93.621377,-0.584794,-0.374988,0.646140,-0.423064,-0.250577,0.204045,0.075000,0.023452
93.654487,-0.581180,-0.372262,0.647471,-0.417462,-0.245826,0.206856,0.075000,0.024496
93.687278,-0.579802,-0.371219,0.647808,-0.417462,-0.245826,0.205128,0.075000,0.024089
93.720869,-0.577519,-0.369491,0.648976,-0.417462,-0.245826,0.202265,0.075000,0.021878
93.756906,-0.575121,-0.367671,0.650297,-0.411857,-0.241064,0.206602,0.075000,0.022526
93.787115,-0.573927,-0.366763,0.650946,-0.411857,-0.241064,0.205103,0.075000,0.021274
93.820756,-0.571566,-0.364963,0.651675,-0.411857,-0.241064,0.202134,0.075000,0.020094
93.854180,-0.570417,-0.364087,0.651810,-0.411857,-0.241064,0.200689,0.075000,0.020047
93.887958,-0.568143,-0.362351,0.652224,-0.406249,-0.236290,0.205186,0.075000,0.022839
93.920822,-0.568143,-0.362351,0.652224,-0.406249,-0.236290,0.205186,0.075000,0.022839
93.954007,-0.568143,-0.362351,0.652224,-0.406249,-0.236290,0.205186,0.075000,0.022839
93.987469,-0.568143,-0.362351,0.652224,-0.406249,-0.236290,0.205186,0.075000,0.022839
94.055964,-0.568143,-0.362351,0.652224,-0.406249,-0.236290,0.205186,0.075000,0.022839
94.087682,-0.555991,-0.353033,0.656485,-0.395025,-0.226707,0.204618,0.075000,0.021783
94.120657,-0.553826,-0.351364,0.657435,-0.395025,-0.226707,0.201884,0.075000,0.020017
94.153724,-0.551444,-0.349524,0.658192,-0.389409,-0.221899,0.206260,0.075000,0.021728
94.187179,-0.550246,-0.348597,0.658868,-0.389409,-0.221899,0.204746,0.075000,0.020402
94.220494,-0.547919,-0.346795,0.659545,-0.389409,-0.221899,0.201803,0.075000,0.019315
94.255407,-0.545496,-0.344916,0.659997,-0.383791,-0.217081,0.206131,0.075000,0.021712
94.290242,-0.544119,-0.343847,0.660672,-0.383791,-0.217081,0.204389,0.075000,0.020431
94.322510,-0.541836,-0.342072,0.661603,-0.383791,-0.217081,0.201497,0.075000,0.018705
94.354528,-0.540042,-0.340675,0.662646,-0.378170,-0.212252,0.206627,0.075000,0.019439
94.391371,-0.538149,-0.339198,0.662887,-0.378170,-0.212252,0.204226,0.075000,0.019307
94.424124,-0.535988,-0.337510,0.663255,-0.378170,-0.212252,0.201485,0.075000,0.018916
94.455887,-0.533676,-0.335703,0.663528,-0.372547,-0.207414,0.205963,0.075000,0.021574
94.487538,-0.532398,-0.334704,0.663927,-0.372547,-0.207414,0.204340,0.075000,0.020942
94.520973,-0.530224,-0.333003,0.664816,-0.372547,-0.207414,0.201580,0.075000,0.019311
94.553843,-0.527824,-0.331121,0.665594,-0.366922,-0.202566,0.205951,0.075000,0.020678
94.587324,-0.526473,-0.330060,0.666117,-0.366922,-0.202566,0.204233,0.075000,0.019746
94.620597,-0.524275,-0.328332,0.666982,-0.366922,-0.202566,0.201437,0.075000,0.018147
94.653627,-0.521861,-0.326430,0.668344,-0.361295,-0.197708,0.205793,0.075000,0.018026
94.687434,-0.520523,-0.325374,0.668982,-0.361295,-0.197708,0.204088,0.075000,0.016764
94.720387,-0.518324,-0.323634,0.669790,-0.361295,-0.197708,0.201285,0.075000,0.015218
94.753591,-0.515943,-0.321748,0.671030,-0.355666,-0.192841,0.205684,0.075000,0.015339
94.787198,-0.514746,-0.320798,0.671327,-0.355666,-0.192841,0.204156,0.075000,0.014843
94.820412,-0.512248,-0.318813,0.671653,-0.355666,-0.192841,0.200965,0.075000,0.014505
94.853923,-0.511267,-0.318033,0.671815,-0.350034,-0.187966,0.207155,0.075000,0.016898
94.887259,-0.508903,-0.316153,0.672169,-0.350034,-0.187966,0.204135,0.075000,0.016537
94.920361,-0.506476,-0.314220,0.673246,-0.350034,-0.187966,0.201033,0.075000,0.014356
94.957272,-0.506476,-0.314220,0.673246,-0.350034,-0.187966,0.201033,0.075000,0.014356
94.989252,-0.506476,-0.314220,0.673246,-0.350034,-0.187966,0.201033,0.075000,0.014356
95.024402,-0.506476,-0.314220,0.673246,-0.350034,-0.187966,0.201033,0.075000,0.014356
95.054633,-0.506476,-0.314220,0.673246,-0.350034,-0.187966,0.201033,0.075000,0.014356
95.087565,-0.506476,-0.314220,0.673246,-0.350034,-0.187966,0.201033,0.075000,0.014356
95.123285,-0.506476,-0.314220,0.673246,-0.350034,-0.187966,0.201033,0.075000,0.014356
95.167470,-0.506476,-0.314220,0.673246,-0.350034,-0.187966,0.201033,0.075000,0.014356
95.190292,-0.491346,-0.302106,0.676769,-0.333129,-0.173289,0.204026,0.075000,0.016067
95.222588,-0.490151,-0.301146,0.676850,-0.333129,-0.173289,0.202493,0.075000,0.016111
95.254039,-0.487177,-0.298755,0.678251,-0.327490,-0.168381,0.206148,0.075000,0.015595
95.287449,-0.485295,-0.297237,0.678919,-0.327490,-0.168381,0.203730,0.075000,0.014320
95.320451,-0.483125,-0.295486,0.679143,-0.327490,-0.168381,0.200942,0.075000,0.014159
95.354711,-0.480769,-0.293584,0.679980,-0.321850,-0.163466,0.205392,0.075000,0.014846
95.387063,-0.479422,-0.292494,0.679826,-0.321850,-0.163466,0.203659,0.075000,0.015477
95.420678,-0.477214,-0.290710,0.679967,-0.321850,-0.163466,0.200821,0.075000,0.015569
95.453659,-0.474833,-0.288784,0.680610,-0.316208,-0.158544,0.205241,0.075000,0.016656
95.487176,-0.473701,-0.287868,0.681160,-0.316208,-0.158544,0.203786,0.075000,0.015545
95.520653,-0.471336,-0.285950,0.681917,-0.316208,-0.158544,0.200741,0.075000,0.014132
95.553695,-0.469029,-0.284077,0.682625,-0.310564,-0.153616,0.205259,0.075000,0.014985
95.587325,-0.467894,-0.283154,0.682814,-0.310564,-0.153616,0.203797,0.075000,0.014737
95.621928,-0.465655,-0.281332,0.684194,-0.310564,-0.153616,0.200909,0.075000,0.011720
95.653744,-0.463369,-0.279467,0.684670,-0.304919,-0.148681,0.205454,0.075000,0.013081
95.687385,-0.462233,-0.278540,0.684778,-0.304919,-0.148681,0.203988,0.075000,0.013006
95.723018,-0.459925,-0.276655,0.685314,-0.304919,-0.148681,0.201008,0.075000,0.012059
95.753752,-0.457554,-0.274716,0.685813,-0.299273,-0.143739,0.205446,0.075000,0.013311
95.791524,-0.456379,-0.273755,0.686215,-0.299273,-0.143739,0.203928,0.075000,0.012523
95.823886,-0.454033,-0.271833,0.686297,-0.299273,-0.143739,0.200895,0.075000,0.012703
95.854605,-0.451671,-0.269897,0.687496,-0.293625,-0.138792,0.205346,0.075000,0.012171
95.887792,-0.451671,-0.269897,0.687496,-0.293625,-0.138792,0.205346,0.075000,0.012171
95.920702,-0.451671,-0.269897,0.687496,-0.293625,-0.138792,0.205346,0.075000,0.012171
95.982760,-0.450547,-0.268975,0.688132,-0.293625,-0.138792,0.203892,0.075000,0.010786
95.989234,-0.444088,-0.263658,0.689290,-0.287976,-0.133840,0.203036,0.075000,0.010854
96.020562,-0.443565,-0.263227,0.689450,-0.287976,-0.133840,0.202358,0.075000,0.010533
96.053625,-0.440117,-0.260383,0.690335,-0.282326,-0.128882,0.205404,0.075000,0.010796
96.087048,-0.438949,-0.259419,0.690551,-0.282326,-0.128882,0.203889,0.075000,0.010428
96.124054,-0.436606,-0.257482,0.691036,-0.282326,-0.128882,0.200849,0.075000,0.009531
96.154149,-0.434269,-0.255549,0.691630,-0.276675,-0.123920,0.205334,0.075000,0.010305
96.187434,-0.433151,-0.254622,0.691738,-0.276675,-0.123920,0.203882,0.075000,0.010187
96.220656,-0.430884,-0.252743,0.692174,-0.276675,-0.123920,0.200938,0.075000,0.009394
96.253670,-0.428555,-0.250812,0.692337,-0.271023,-0.118952,0.205435,0.075000,0.011155
96.287120,-0.427275,-0.249752,0.692485,-0.271023,-0.118952,0.203773,0.075000,0.010974
96.320406,-0.425166,-0.248001,0.692639,-0.271023,-0.118952,0.201032,0.075000,0.010888
96.353630,-0.422843,-0.246073,0.693583,-0.265369,-0.113981,0.205538,0.075000,0.010668
96.387233,-0.421689,-0.245114,0.693664,-0.265369,-0.113981,0.204038,0.075000,0.010626
96.420373,-0.419275,-0.243107,0.693419,-0.265369,-0.113981,0.200900,0.075000,0.011576
96.453638,-0.416763,-0.241019,0.694178,-0.259715,-0.109005,0.205162,0.075000,0.011773
96.487065,-0.415794,-0.240212,0.694732,-0.259715,-0.109005,0.203901,0.075000,0.010560
96.522316,-0.413471,-0.238277,0.694624,-0.259715,-0.109005,0.200878,0.075000,0.011151
96.554019,-0.412339,-0.237334,0.694434,-0.254060,-0.104026,0.206938,0.075000,0.013368
96.590566,-0.410000,-0.235386,0.694907,-0.254060,-0.104026,0.203893,0.075000,0.012608
96.621233,-0.407725,-0.233489,0.695687,-0.254060,-0.104026,0.200931,0.075000,0.011033
96.654259,-0.406707,-0.232638,0.695780,-0.248404,-0.099044,0.207140,0.075000,0.012484
96.687364,-0.404148,-0.230501,0.696169,-0.248404,-0.099044,0.203807,0.075000,0.011941
96.723090,-0.401914,-0.228634,0.696725,-0.248404,-0.099044,0.200895,0.075000,0.010900
96.753806,-0.399564,-0.226666,0.697348,-0.242748,-0.094058,0.205368,0.075000,0.011203
96.789521,-0.398439,-0.225724,0.697456,-0.242748,-0.094058,0.203901,0.075000,0.011100
96.822682,-0.396236,-0.223878,0.697863,-0.242748,-0.094058,0.201026,0.075000,0.010407
96.854086,-0.396236,-0.223878,0.697863,-0.242748,-0.094058,0.201026,0.075000,0.010407
96.887469,-0.392690,-0.220904,0.698280,-0.237091,-0.089070,0.203939,0.075000,0.011336
96.920689,-0.392690,-0.220904,0.698280,-0.237091,-0.089070,0.203939,0.075000,0.011336
96.954018,-0.392690,-0.220904,0.698280,-0.237091,-0.089070,0.203939,0.075000,0.011336
96.987319,-0.392690,-0.220904,0.698280,-0.237091,-0.089070,0.203939,0.075000,0.011336
97.051023,-0.391709,-0.220080,0.698350,-0.237091,-0.089070,0.202659,0.075000,0.011307
97.053507,-0.382500,-0.212339,0.699943,-0.225775,-0.079087,0.205716,0.075000,0.011387
97.087006,-0.380730,-0.210848,0.700482,-0.225775,-0.079087,0.203402,0.075000,0.010323
97.120555,-0.379018,-0.209405,0.701101,-0.225775,-0.079087,0.201162,0.075000,0.009010
97.154043,-0.377473,-0.208100,0.700775,-0.220117,-0.074092,0.206687,0.075000,0.011272
97.187341,-0.375482,-0.206421,0.700980,-0.220117,-0.074092,0.204082,0.075000,0.011061
97.220405,-0.373380,-0.204647,0.701333,-0.220117,-0.074092,0.201331,0.075000,0.010487
97.253693,-0.371779,-0.203294,0.701948,-0.214458,-0.069096,0.206783,0.075000,0.010392
97.287115,-0.369697,-0.201533,0.702306,-0.214458,-0.069096,0.204057,0.075000,0.009790
97.320349,-0.367576,-0.199738,0.702805,-0.214458,-0.069096,0.201278,0.075000,0.008822
97.353657,-0.365295,-0.197805,0.704014,-0.208799,-0.064098,0.205837,0.075000,0.007323
97.387193,-0.364017,-0.196720,0.704289,-0.208799,-0.064098,0.204160,0.075000,0.006769
97.420404,-0.361966,-0.194976,0.705075,-0.208799,-0.064098,0.201468,0.075000,0.004992
97.453724,-0.359654,-0.193009,0.705129,-0.203139,-0.059100,0.205982,0.075000,0.006278
97.487276,-0.358313,-0.191867,0.705405,-0.203139,-0.059100,0.204220,0.075000,0.005711
97.520861,-0.356163,-0.190035,0.705711,-0.203139,-0.059100,0.201396,0.075000,0.005107
97.554004,-0.354641,-0.188739,0.706038,-0.197480,-0.054101,0.206947,0.075000,0.005615
97.590430,-0.352315,-0.186756,0.706023,-0.197480,-0.054101,0.203890,0.075000,0.005827
97.622557,-0.350374,-0.185101,0.706462,-0.197480,-0.054101,0.201339,0.075000,0.004883
97.653943,-0.348149,-0.183201,0.707256,-0.197480,-0.054101,0.198414,0.075000,0.003024
97.687718,-0.346643,-0.181914,0.707763,-0.197480,-0.054101,0.196433,0.075000,0.001793
97.723916,-0.344686,-0.180239,0.707661,-0.197480,-0.054101,0.193857,0.075000,0.002099
97.753863,-0.342376,-0.178262,0.707861,-0.197480,-0.054101,0.190816,0.075000,0.001633
97.787202,-0.341235,-0.177285,0.707944,-0.197480,-0.054101,0.189314,0.075000,0.001442
97.820546,-0.338989,-0.175364,0.707971,-0.197480,-0.054101,0.186359,0.075000,0.001416
97.853804,-0.336659,-0.173368,0.708133,-0.197480,-0.054101,0.183291,0.075000,0.001018
97.887372,-0.336659,-0.173368,0.708133,-0.197480,-0.054101,0.183291,0.075000,0.001018
97.921637,-0.335474,-0.172354,0.708187,-0.197480,-0.054101,0.181731,0.075000,0.000886
97.953855,-0.335474,-0.172354,0.708187,-0.197480,-0.054101,0.181731,0.075000,0.000886
97.987266,-0.335474,-0.172354,0.708187,-0.197480,-0.054101,0.181731,0.075000,0.000886
98.020638,-0.335474,-0.172354,0.708187,-0.197480,-0.054101,0.181731,0.075000,0.000886
98.053765,-0.335474,-0.172354,0.708187,-0.197480,-0.054101,0.181731,0.075000,0.000886
98.087158,-0.335474,-0.172354,0.708187,-0.197480,-0.054101,0.181731,0.075000,0.000886
98.143322,-0.335474,-0.172354,0.708187,-0.197480,-0.054101,0.181731,0.075000,0.000886
98.153496,-0.320758,-0.159746,0.708895,-0.197480,-0.054101,0.162353,0.075000,-0.001156
98.189604,-0.319027,-0.158261,0.708895,-0.197480,-0.054101,0.160072,0.075000,-0.001189
98.220479,-0.316188,-0.155827,0.708305,-0.197480,-0.054101,0.156333,0.075000,0.000651
98.254465,-0.315086,-0.154883,0.708496,-0.197480,-0.054101,0.154882,0.075000,0.000049
98.287550,-0.312767,-0.152895,0.709061,-0.197480,-0.054101,0.151827,0.075000,-0.001823
98.322836,-0.310740,-0.151156,0.709227,-0.197480,-0.054101,0.149157,0.075000,-0.002450
98.358493,-0.308458,-0.149197,0.709066,-0.197480,-0.054101,0.146148,0.075000,-0.002006
98.390952,-0.306918,-0.147876,0.709066,-0.197480,-0.054101,0.144120,0.075000,-0.002063
98.421623,-0.305035,-0.146261,0.709030,-0.197480,-0.054101,0.141639,0.075000,-0.002007
98.457062,-0.302721,-0.144276,0.708399,-0.197480,-0.054101,0.138591,0.075000,0.000193
98.487294,-0.301407,-0.143151,0.708338,-0.197480,-0.054101,0.136861,0.075000,0.000422
98.520878,-0.299261,-0.141312,0.708564,-0.197480,-0.054101,0.134035,0.075000,-0.000414
98.553685,-0.297020,-0.139391,0.708114,-0.197480,-0.054101,0.131083,0.075000,0.001291
98.587205,-0.295871,-0.138407,0.708060,-0.197480,-0.054101,0.129570,0.075000,0.001531
98.620691,-0.293601,-0.136464,0.708437,-0.197480,-0.054101,0.126582,0.075000,0.000113
98.653632,-0.291391,-0.134570,0.709032,-0.197480,-0.054101,0.123671,0.075000,-0.002302
98.687406,-0.290134,-0.133492,0.708847,-0.197480,-0.054101,0.122016,0.075000,-0.001608
98.720679,-0.288054,-0.131708,0.708863,-0.197480,-0.054101,0.119276,0.075000,-0.001744
98.753653,-0.285749,-0.129731,0.709077,-0.197480,-0.054101,0.116239,0.075000,-0.002760
98.787099,-0.284619,-0.128762,0.709077,-0.197480,-0.054101,0.114750,0.075000,-0.002832
98.820499,-0.282249,-0.126728,0.709476,-0.197480,-0.054101,0.111627,0.075000,-0.004796
98.853623,-0.281274,-0.125890,0.709616,-0.197480,-0.054101,0.110341,0.075000,-0.005542
98.887080,-0.278928,-0.123876,0.709860,-0.197480,-0.054101,0.107249,0.075000,-0.007010
98.920615,-0.278928,-0.123876,0.709860,-0.197480,-0.054101,0.107249,0.075000,-0.007010
98.957335,-0.278928,-0.123876,0.709860,-0.197480,-0.054101,0.107249,0.075000,-0.007010
98.990632,-0.278928,-0.123876,0.709860,-0.197480,-0.054101,0.107249,0.075000,-0.007010
99.064671,-0.277582,-0.122719,0.709952,-0.197480,-0.054101,0.105474,0.075000,-0.007683
99.087736,-0.267363,-0.113950,0.708145,-0.197480,-0.054101,0.092009,0.075000,0.000359
99.120635,-0.264945,-0.111880,0.708045,-0.197480,-0.054101,0.088825,0.075000,0.000944
99.153822,-0.262759,-0.110009,0.707590,-0.197480,-0.054101,0.085948,0.075000,0.003673
99.187356,-0.261474,-0.108910,0.707744,-0.197480,-0.054101,0.084257,0.075000,0.002910
99.220554,-0.259047,-0.106833,0.707863,-0.197480,-0.054101,0.081063,0.075000,0.002403
99.253802,-0.257181,-0.105236,0.708329,-0.197480,-0.054101,0.078606,0.075000,-0.000427
99.290059,-0.255651,-0.103925,0.708365,-0.197480,-0.054101,0.076592,0.075000,-0.000685
99.320613,-0.253416,-0.102010,0.708057,-0.197480,-0.054101,0.073648,0.075000,0.001335
99.357409,-0.251521,-0.100388,0.708085,-0.197480,-0.054101,0.071155,0.075000,0.001234
99.387302,-0.249965,-0.099055,0.708157,-0.197480,-0.054101,0.069106,0.075000,0.000785
99.420495,-0.247728,-0.097140,0.708445,-0.197480,-0.054101,0.066161,0.075000,-0.001342
99.453674,-0.245875,-0.095552,0.708662,-0.197480,-0.054101,0.063721,0.075000,-0.003165
99.487746,-0.244745,-0.094583,0.708635,-0.197480,-0.054101,0.062232,0.075000,-0.003101
99.523374,-0.242385,-0.092561,0.708419,-0.197480,-0.054101,0.059124,0.075000,-0.001560
99.557965,-0.240135,-0.090633,0.708207,-0.197480,-0.054101,0.056161,0.075000,0.000177
99.587300,-0.239027,-0.089684,0.708099,-0.197480,-0.054101,0.054702,0.075000,0.001168
99.620640,-0.236725,-0.087713,0.707802,-0.197480,-0.054101,0.051672,0.075000,0.004229
99.653900,-0.234353,-0.085683,0.708039,-0.197480,-0.054101,0.048550,0.075000,0.002279
99.687323,-0.233051,-0.084569,0.707977,-0.197480,-0.054101,0.046836,0.075000,0.003106
99.720804,-0.230943,-0.082764,0.708024,-0.197480,-0.054101,0.044061,0.075000,0.002963
99.753653,-0.228615,-0.080772,0.707734,-0.197480,-0.054101,0.040997,0.075000,0.007065
99.790793,-0.227500,-0.079817,0.707897,-0.197480,-0.054101,0.039529,0.075000,0.005539
99.824645,-0.226364,-0.078845,0.707816,-0.197480,-0.054101,0.038034,0.075000,0.007049
99.854140,-0.224142,-0.076943,0.707790,-0.197480,-0.054101,0.035109,0.075000,0.008590
99.887581,-0.223017,-0.075981,0.707952,-0.197480,-0.054101,0.033629,0.075000,0.006957
99.924029,-0.223017,-0.075981,0.707952,-0.197480,-0.054101,0.033629,0.075000,0.006957
99.959114,-0.223017,-0.075981,0.707952,-0.197480,-0.054101,0.033629,0.075000,0.006957
99.990467,-0.223017,-0.075981,0.707952,-0.197480,-0.054101,0.033629,0.075000,0.006957
100.023187,-0.223017,-0.075981,0.707952,-0.197480,-0.054101,0.033629,0.075000,0.006957
100.055242,-0.223017,-0.075981,0.707952,-0.197480,-0.054101,0.033629,0.075000,0.006957
100.094052,-0.221885,-0.075012,0.708006,-0.197480,-0.054101,0.032139,0.075000,0.006772
100.120835,-0.209411,-0.064310,0.709986,-0.197480,-0.054101,0.015703,0.075000,-0.070577
100.153752,-0.205975,-0.061357,0.710203,-0.197480,-0.054101,0.011173,0.075000,-0.149602
100.186762,-0.204847,-0.060386,0.710122,nan,nan,nan,0.000000,0.000000
