time_s,x_m,y_m,yaw_rad,target_x_m,target_y_m,target_error_m,linear_velocity_m_s,angular_velocity_rad_s
0.002389,767217925266335522519883445024076189285011550871142232477027495248711373983247735610388702049736613087710340681310587522844892777576906362265240880995955409648802515137759691563363653616862712159688752916061815970988032.000000,2183939385730308635208420668460933914736575353792636055752251780277989982624268939247965316352032902605804190037285301907091865443511872780909337358499977323070554945362491120558481062474374010441479208921758922607624477388728235833881085870080.000000,-0.257375,767217925266335522519883445024076189285011550871142232477027495248711373983247735610388702049736613087710340681310587522844892777576906362265240880995955409648802515137759691563363653616862712159688752916061815970988032.000000,2183939385730308635208420668460933914736575353792636055752251780277989982624268939247965316352032902605804190037285301907091865443511872780909337358499977323070554945362491120558481062474374010441479208921758922607624477388728235833881085870080.000000,0.000000,0.000000,0.000000
0.027272,767217925266335522519883445024076189285011550871142232477027495248711373983247735610388702049736613087710340681310587522844892777576906362265240880995955409648802515137759691563363653616862712159688752916061815970988032.000000,2183939385730308635208420668460933914736575353792636055752251780277989982624268939247965316352032902605804190037285301907091865443511872780909337358499977323070554945362491120558481062474374010441479208921758922607624477388728235833881085870080.000000,-0.257375,767217925266335522519883445024076189285011550871142232477027495248711373983247735610388702049736613087710340681310587522844892777576906362265240880995955409648802515137759691563363653616862712159688752916061815970988032.000000,2183939385730308635208420668460933914736575353792636055752251780277989982624268939247965316352032902605804190037285301907091865443511872780909337358499977323070554945362491120558481062474374010441479208921758922607624477388728235833881085870080.000000,0.000000,0.000000,0.000000
0.060729,767217925266335522519883445024076189285011550871142232477027495248711373983247735610388702049736613087710340681310587522844892777576906362265240880995955409648802515137759691563363653616862712159688752916061815970988032.000000,2183939385730308635208420668460933914736575353792636055752251780277989982624268939247965316352032902605804190037285301907091865443511872780909337358499977323070554945362491120558481062474374010441479208921758922607624477388728235833881085870080.000000,-0.257375,767217925266335522519883445024076189285011550871142232477027495248711373983247735610388702049736613087710340681310587522844892777576906362265240880995955409648802515137759691563363653616862712159688752916061815970988032.000000,2183939385730308635208420668460933914736575353792636055752251780277989982624268939247965316352032902605804190037285301907091865443511872780909337358499977323070554945362491120558481062474374010441479208921758922607624477388728235833881085870080.000000,0.000000,0.000000,0.000000
0.094088,767217925266335522519883445024076189285011550871142232477027495248711373983247735610388702049736613087710340681310587522844892777576906362265240880995955409648802515137759691563363653616862712159688752916061815970988032.000000,2183939385730308635208420668460933914736575353792636055752251780277989982624268939247965316352032902605804190037285301907091865443511872780909337358499977323070554945362491120558481062474374010441479208921758922607624477388728235833881085870080.000000,-0.257375,767217925266335522519883445024076189285011550871142232477027495248711373983247735610388702049736613087710340681310587522844892777576906362265240880995955409648802515137759691563363653616862712159688752916061815970988032.000000,2183939385730308635208420668460933914736575353792636055752251780277989982624268939247965316352032902605804190037285301907091865443511872780909337358499977323070554945362491120558481062474374010441479208921758922607624477388728235833881085870080.000000,0.000000,0.000000,0.000000
0.127941,767217925266335522519883445024076189285011550871142232477027495248711373983247735610388702049736613087710340681310587522844892777576906362265240880995955409648802515137759691563363653616862712159688752916061815970988032.000000,2183939385730308635208420668460933914736575353792636055752251780277989982624268939247965316352032902605804190037285301907091865443511872780909337358499977323070554945362491120558481062474374010441479208921758922607624477388728235833881085870080.000000,-0.257375,767217925266335522519883445024076189285011550871142232477027495248711373983247735610388702049736613087710340681310587522844892777576906362265240880995955409648802515137759691563363653616862712159688752916061815970988032.000000,2183939385730308635208420668460933914736575353792636055752251780277989982624268939247965316352032902605804190037285301907091865443511872780909337358499977323070554945362491120558481062474374010441479208921758922607624477388728235833881085870080.000000,0.000000,0.000000,0.000000
0.160879,767217925266335522519883445024076189285011550871142232477027495248711373983247735610388702049736613087710340681310587522844892777576906362265240880995955409648802515137759691563363653616862712159688752916061815970988032.000000,2183939385730308635208420668460933914736575353792636055752251780277989982624268939247965316352032902605804190037285301907091865443511872780909337358499977323070554945362491120558481062474374010441479208921758922607624477388728235833881085870080.000000,-0.257375,767217925266335522519883445024076189285011550871142232477027495248711373983247735610388702049736613087710340681310587522844892777576906362265240880995955409648802515137759691563363653616862712159688752916061815970988032.000000,2183939385730308635208420668460933914736575353792636055752251780277989982624268939247965316352032902605804190037285301907091865443511872780909337358499977323070554945362491120558481062474374010441479208921758922607624477388728235833881085870080.000000,0.000000,0.000000,0.000000
0.194204,767217925266335522519883445024076189285011550871142232477027495248711373983247735610388702049736613087710340681310587522844892777576906362265240880995955409648802515137759691563363653616862712159688752916061815970988032.000000,2183939385730308635208420668460933914736575353792636055752251780277989982624268939247965316352032902605804190037285301907091865443511872780909337358499977323070554945362491120558481062474374010441479208921758922607624477388728235833881085870080.000000,-0.257375,767217925266335522519883445024076189285011550871142232477027495248711373983247735610388702049736613087710340681310587522844892777576906362265240880995955409648802515137759691563363653616862712159688752916061815970988032.000000,2183939385730308635208420668460933914736575353792636055752251780277989982624268939247965316352032902605804190037285301907091865443511872780909337358499977323070554945362491120558481062474374010441479208921758922607624477388728235833881085870080.000000,0.000000,0.000000,0.000000
0.227085,767217925266335522519883445024076189285011550871142232477027495248711373983247735610388702049736613087710340681310587522844892777576906362265240880995955409648802515137759691563363653616862712159688752916061815970988032.000000,2183939385730308635208420668460933914736575353792636055752251780277989982624268939247965316352032902605804190037285301907091865443511872780909337358499977323070554945362491120558481062474374010441479208921758922607624477388728235833881085870080.000000,-0.257375,767217925266335522519883445024076189285011550871142232477027495248711373983247735610388702049736613087710340681310587522844892777576906362265240880995955409648802515137759691563363653616862712159688752916061815970988032.000000,2183939385730308635208420668460933914736575353792636055752251780277989982624268939247965316352032902605804190037285301907091865443511872780909337358499977323070554945362491120558481062474374010441479208921758922607624477388728235833881085870080.000000,0.000000,0.000000,0.000000
0.262391,767217925266335522519883445024076189285011550871142232477027495248711373983247735610388702049736613087710340681310587522844892777576906362265240880995955409648802515137759691563363653616862712159688752916061815970988032.000000,2183939385730308635208420668460933914736575353792636055752251780277989982624268939247965316352032902605804190037285301907091865443511872780909337358499977323070554945362491120558481062474374010441479208921758922607624477388728235833881085870080.000000,-0.257375,767217925266335522519883445024076189285011550871142232477027495248711373983247735610388702049736613087710340681310587522844892777576906362265240880995955409648802515137759691563363653616862712159688752916061815970988032.000000,2183939385730308635208420668460933914736575353792636055752251780277989982624268939247965316352032902605804190037285301907091865443511872780909337358499977323070554945362491120558481062474374010441479208921758922607624477388728235833881085870080.000000,0.000000,0.000000,0.000000
0.294071,767217925266335522519883445024076189285011550871142232477027495248711373983247735610388702049736613087710340681310587522844892777576906362265240880995955409648802515137759691563363653616862712159688752916061815970988032.000000,2183939385730308635208420668460933914736575353792636055752251780277989982624268939247965316352032902605804190037285301907091865443511872780909337358499977323070554945362491120558481062474374010441479208921758922607624477388728235833881085870080.000000,-0.257375,767217925266335522519883445024076189285011550871142232477027495248711373983247735610388702049736613087710340681310587522844892777576906362265240880995955409648802515137759691563363653616862712159688752916061815970988032.000000,2183939385730308635208420668460933914736575353792636055752251780277989982624268939247965316352032902605804190037285301907091865443511872780909337358499977323070554945362491120558481062474374010441479208921758922607624477388728235833881085870080.000000,0.000000,0.000000,0.000000
0.327529,767217925266335522519883445024076189285011550871142232477027495248711373983247735610388702049736613087710340681310587522844892777576906362265240880995955409648802515137759691563363653616862712159688752916061815970988032.000000,2183939385730308635208420668460933914736575353792636055752251780277989982624268939247965316352032902605804190037285301907091865443511872780909337358499977323070554945362491120558481062474374010441479208921758922607624477388728235833881085870080.000000,-0.257375,767217925266335522519883445024076189285011550871142232477027495248711373983247735610388702049736613087710340681310587522844892777576906362265240880995955409648802515137759691563363653616862712159688752916061815970988032.000000,2183939385730308635208420668460933914736575353792636055752251780277989982624268939247965316352032902605804190037285301907091865443511872780909337358499977323070554945362491120558481062474374010441479208921758922607624477388728235833881085870080.000000,0.000000,0.000000,0.000000
0.360791,767217925266335522519883445024076189285011550871142232477027495248711373983247735610388702049736613087710340681310587522844892777576906362265240880995955409648802515137759691563363653616862712159688752916061815970988032.000000,2183939385730308635208420668460933914736575353792636055752251780277989982624268939247965316352032902605804190037285301907091865443511872780909337358499977323070554945362491120558481062474374010441479208921758922607624477388728235833881085870080.000000,-0.257375,767217925266335522519883445024076189285011550871142232477027495248711373983247735610388702049736613087710340681310587522844892777576906362265240880995955409648802515137759691563363653616862712159688752916061815970988032.000000,2183939385730308635208420668460933914736575353792636055752251780277989982624268939247965316352032902605804190037285301907091865443511872780909337358499977323070554945362491120558481062474374010441479208921758922607624477388728235833881085870080.000000,0.000000,0.000000,0.000000
0.394114,767217925266335522519883445024076189285011550871142232477027495248711373983247735610388702049736613087710340681310587522844892777576906362265240880995955409648802515137759691563363653616862712159688752916061815970988032.000000,2183939385730308635208420668460933914736575353792636055752251780277989982624268939247965316352032902605804190037285301907091865443511872780909337358499977323070554945362491120558481062474374010441479208921758922607624477388728235833881085870080.000000,-0.257375,767217925266335522519883445024076189285011550871142232477027495248711373983247735610388702049736613087710340681310587522844892777576906362265240880995955409648802515137759691563363653616862712159688752916061815970988032.000000,2183939385730308635208420668460933914736575353792636055752251780277989982624268939247965316352032902605804190037285301907091865443511872780909337358499977323070554945362491120558481062474374010441479208921758922607624477388728235833881085870080.000000,0.000000,0.000000,0.000000
0.427556,767217925266335522519883445024076189285011550871142232477027495248711373983247735610388702049736613087710340681310587522844892777576906362265240880995955409648802515137759691563363653616862712159688752916061815970988032.000000,2183939385730308635208420668460933914736575353792636055752251780277989982624268939247965316352032902605804190037285301907091865443511872780909337358499977323070554945362491120558481062474374010441479208921758922607624477388728235833881085870080.000000,-0.257375,767217925266335522519883445024076189285011550871142232477027495248711373983247735610388702049736613087710340681310587522844892777576906362265240880995955409648802515137759691563363653616862712159688752916061815970988032.000000,2183939385730308635208420668460933914736575353792636055752251780277989982624268939247965316352032902605804190037285301907091865443511872780909337358499977323070554945362491120558481062474374010441479208921758922607624477388728235833881085870080.000000,0.000000,0.000000,0.000000
0.460624,767217925266335522519883445024076189285011550871142232477027495248711373983247735610388702049736613087710340681310587522844892777576906362265240880995955409648802515137759691563363653616862712159688752916061815970988032.000000,2183939385730308635208420668460933914736575353792636055752251780277989982624268939247965316352032902605804190037285301907091865443511872780909337358499977323070554945362491120558481062474374010441479208921758922607624477388728235833881085870080.000000,-0.257375,767217925266335522519883445024076189285011550871142232477027495248711373983247735610388702049736613087710340681310587522844892777576906362265240880995955409648802515137759691563363653616862712159688752916061815970988032.000000,2183939385730308635208420668460933914736575353792636055752251780277989982624268939247965316352032902605804190037285301907091865443511872780909337358499977323070554945362491120558481062474374010441479208921758922607624477388728235833881085870080.000000,0.000000,0.000000,0.000000
0.493998,767217925266335522519883445024076189285011550871142232477027495248711373983247735610388702049736613087710340681310587522844892777576906362265240880995955409648802515137759691563363653616862712159688752916061815970988032.000000,2183939385730308635208420668460933914736575353792636055752251780277989982624268939247965316352032902605804190037285301907091865443511872780909337358499977323070554945362491120558481062474374010441479208921758922607624477388728235833881085870080.000000,-0.257375,767217925266335522519883445024076189285011550871142232477027495248711373983247735610388702049736613087710340681310587522844892777576906362265240880995955409648802515137759691563363653616862712159688752916061815970988032.000000,2183939385730308635208420668460933914736575353792636055752251780277989982624268939247965316352032902605804190037285301907091865443511872780909337358499977323070554945362491120558481062474374010441479208921758922607624477388728235833881085870080.000000,0.000000,0.000000,0.000000
0.528209,767217925266335522519883445024076189285011550871142232477027495248711373983247735610388702049736613087710340681310587522844892777576906362265240880995955409648802515137759691563363653616862712159688752916061815970988032.000000,2183939385730308635208420668460933914736575353792636055752251780277989982624268939247965316352032902605804190037285301907091865443511872780909337358499977323070554945362491120558481062474374010441479208921758922607624477388728235833881085870080.000000,-0.257375,767217925266335522519883445024076189285011550871142232477027495248711373983247735610388702049736613087710340681310587522844892777576906362265240880995955409648802515137759691563363653616862712159688752916061815970988032.000000,2183939385730308635208420668460933914736575353792636055752251780277989982624268939247965316352032902605804190037285301907091865443511872780909337358499977323070554945362491120558481062474374010441479208921758922607624477388728235833881085870080.000000,0.000000,0.000000,0.000000
0.562502,767217925266335522519883445024076189285011550871142232477027495248711373983247735610388702049736613087710340681310587522844892777576906362265240880995955409648802515137759691563363653616862712159688752916061815970988032.000000,2183939385730308635208420668460933914736575353792636055752251780277989982624268939247965316352032902605804190037285301907091865443511872780909337358499977323070554945362491120558481062474374010441479208921758922607624477388728235833881085870080.000000,-0.257375,767217925266335522519883445024076189285011550871142232477027495248711373983247735610388702049736613087710340681310587522844892777576906362265240880995955409648802515137759691563363653616862712159688752916061815970988032.000000,2183939385730308635208420668460933914736575353792636055752251780277989982624268939247965316352032902605804190037285301907091865443511872780909337358499977323070554945362491120558481062474374010441479208921758922607624477388728235833881085870080.000000,0.000000,0.000000,0.000000
0.594242,767217925266335522519883445024076189285011550871142232477027495248711373983247735610388702049736613087710340681310587522844892777576906362265240880995955409648802515137759691563363653616862712159688752916061815970988032.000000,2183939385730308635208420668460933914736575353792636055752251780277989982624268939247965316352032902605804190037285301907091865443511872780909337358499977323070554945362491120558481062474374010441479208921758922607624477388728235833881085870080.000000,-0.257375,767217925266335522519883445024076189285011550871142232477027495248711373983247735610388702049736613087710340681310587522844892777576906362265240880995955409648802515137759691563363653616862712159688752916061815970988032.000000,2183939385730308635208420668460933914736575353792636055752251780277989982624268939247965316352032902605804190037285301907091865443511872780909337358499977323070554945362491120558481062474374010441479208921758922607624477388728235833881085870080.000000,0.000000,0.000000,0.000000
0.627526,767217925266335522519883445024076189285011550871142232477027495248711373983247735610388702049736613087710340681310587522844892777576906362265240880995955409648802515137759691563363653616862712159688752916061815970988032.000000,2183939385730308635208420668460933914736575353792636055752251780277989982624268939247965316352032902605804190037285301907091865443511872780909337358499977323070554945362491120558481062474374010441479208921758922607624477388728235833881085870080.000000,-0.257375,767217925266335522519883445024076189285011550871142232477027495248711373983247735610388702049736613087710340681310587522844892777576906362265240880995955409648802515137759691563363653616862712159688752916061815970988032.000000,2183939385730308635208420668460933914736575353792636055752251780277989982624268939247965316352032902605804190037285301907091865443511872780909337358499977323070554945362491120558481062474374010441479208921758922607624477388728235833881085870080.000000,0.000000,0.000000,0.000000
0.660624,767217925266335522519883445024076189285011550871142232477027495248711373983247735610388702049736613087710340681310587522844892777576906362265240880995955409648802515137759691563363653616862712159688752916061815970988032.000000,2183939385730308635208420668460933914736575353792636055752251780277989982624268939247965316352032902605804190037285301907091865443511872780909337358499977323070554945362491120558481062474374010441479208921758922607624477388728235833881085870080.000000,-0.257375,767217925266335522519883445024076189285011550871142232477027495248711373983247735610388702049736613087710340681310587522844892777576906362265240880995955409648802515137759691563363653616862712159688752916061815970988032.000000,2183939385730308635208420668460933914736575353792636055752251780277989982624268939247965316352032902605804190037285301907091865443511872780909337358499977323070554945362491120558481062474374010441479208921758922607624477388728235833881085870080.000000,0.000000,0.000000,0.000000
0.693989,767217925266335522519883445024076189285011550871142232477027495248711373983247735610388702049736613087710340681310587522844892777576906362265240880995955409648802515137759691563363653616862712159688752916061815970988032.000000,2183939385730308635208420668460933914736575353792636055752251780277989982624268939247965316352032902605804190037285301907091865443511872780909337358499977323070554945362491120558481062474374010441479208921758922607624477388728235833881085870080.000000,-0.257375,767217925266335522519883445024076189285011550871142232477027495248711373983247735610388702049736613087710340681310587522844892777576906362265240880995955409648802515137759691563363653616862712159688752916061815970988032.000000,2183939385730308635208420668460933914736575353792636055752251780277989982624268939247965316352032902605804190037285301907091865443511872780909337358499977323070554945362491120558481062474374010441479208921758922607624477388728235833881085870080.000000,0.000000,0.000000,0.000000
0.727156,767217925266335522519883445024076189285011550871142232477027495248711373983247735610388702049736613087710340681310587522844892777576906362265240880995955409648802515137759691563363653616862712159688752916061815970988032.000000,2183939385730308635208420668460933914736575353792636055752251780277989982624268939247965316352032902605804190037285301907091865443511872780909337358499977323070554945362491120558481062474374010441479208921758922607624477388728235833881085870080.000000,-0.257375,767217925266335522519883445024076189285011550871142232477027495248711373983247735610388702049736613087710340681310587522844892777576906362265240880995955409648802515137759691563363653616862712159688752916061815970988032.000000,2183939385730308635208420668460933914736575353792636055752251780277989982624268939247965316352032902605804190037285301907091865443511872780909337358499977323070554945362491120558481062474374010441479208921758922607624477388728235833881085870080.000000,0.000000,0.000000,0.000000
0.760555,767217925266335522519883445024076189285011550871142232477027495248711373983247735610388702049736613087710340681310587522844892777576906362265240880995955409648802515137759691563363653616862712159688752916061815970988032.000000,2183939385730308635208420668460933914736575353792636055752251780277989982624268939247965316352032902605804190037285301907091865443511872780909337358499977323070554945362491120558481062474374010441479208921758922607624477388728235833881085870080.000000,-0.257375,767217925266335522519883445024076189285011550871142232477027495248711373983247735610388702049736613087710340681310587522844892777576906362265240880995955409648802515137759691563363653616862712159688752916061815970988032.000000,2183939385730308635208420668460933914736575353792636055752251780277989982624268939247965316352032902605804190037285301907091865443511872780909337358499977323070554945362491120558481062474374010441479208921758922607624477388728235833881085870080.000000,0.000000,0.000000,0.000000
0.793971,767217925266335522519883445024076189285011550871142232477027495248711373983247735610388702049736613087710340681310587522844892777576906362265240880995955409648802515137759691563363653616862712159688752916061815970988032.000000,2183939385730308635208420668460933914736575353792636055752251780277989982624268939247965316352032902605804190037285301907091865443511872780909337358499977323070554945362491120558481062474374010441479208921758922607624477388728235833881085870080.000000,-0.257375,767217925266335522519883445024076189285011550871142232477027495248711373983247735610388702049736613087710340681310587522844892777576906362265240880995955409648802515137759691563363653616862712159688752916061815970988032.000000,2183939385730308635208420668460933914736575353792636055752251780277989982624268939247965316352032902605804190037285301907091865443511872780909337358499977323070554945362491120558481062474374010441479208921758922607624477388728235833881085870080.000000,0.000000,0.000000,0.000000
0.827159,767217925266335522519883445024076189285011550871142232477027495248711373983247735610388702049736613087710340681310587522844892777576906362265240880995955409648802515137759691563363653616862712159688752916061815970988032.000000,2183939385730308635208420668460933914736575353792636055752251780277989982624268939247965316352032902605804190037285301907091865443511872780909337358499977323070554945362491120558481062474374010441479208921758922607624477388728235833881085870080.000000,-0.257375,767217925266335522519883445024076189285011550871142232477027495248711373983247735610388702049736613087710340681310587522844892777576906362265240880995955409648802515137759691563363653616862712159688752916061815970988032.000000,2183939385730308635208420668460933914736575353792636055752251780277989982624268939247965316352032902605804190037285301907091865443511872780909337358499977323070554945362491120558481062474374010441479208921758922607624477388728235833881085870080.000000,0.000000,0.000000,0.000000
0.865177,767217925266335522519883445024076189285011550871142232477027495248711373983247735610388702049736613087710340681310587522844892777576906362265240880995955409648802515137759691563363653616862712159688752916061815970988032.000000,2183939385730308635208420668460933914736575353792636055752251780277989982624268939247965316352032902605804190037285301907091865443511872780909337358499977323070554945362491120558481062474374010441479208921758922607624477388728235833881085870080.000000,-0.257375,767217925266335522519883445024076189285011550871142232477027495248711373983247735610388702049736613087710340681310587522844892777576906362265240880995955409648802515137759691563363653616862712159688752916061815970988032.000000,2183939385730308635208420668460933914736575353792636055752251780277989982624268939247965316352032902605804190037285301907091865443511872780909337358499977323070554945362491120558481062474374010441479208921758922607624477388728235833881085870080.000000,0.000000,0.000000,0.000000
0.893960,767217925266335522519883445024076189285011550871142232477027495248711373983247735610388702049736613087710340681310587522844892777576906362265240880995955409648802515137759691563363653616862712159688752916061815970988032.000000,2183939385730308635208420668460933914736575353792636055752251780277989982624268939247965316352032902605804190037285301907091865443511872780909337358499977323070554945362491120558481062474374010441479208921758922607624477388728235833881085870080.000000,-0.257375,767217925266335522519883445024076189285011550871142232477027495248711373983247735610388702049736613087710340681310587522844892777576906362265240880995955409648802515137759691563363653616862712159688752916061815970988032.000000,2183939385730308635208420668460933914736575353792636055752251780277989982624268939247965316352032902605804190037285301907091865443511872780909337358499977323070554945362491120558481062474374010441479208921758922607624477388728235833881085870080.000000,0.000000,0.000000,0.000000
0.927156,767217925266335522519883445024076189285011550871142232477027495248711373983247735610388702049736613087710340681310587522844892777576906362265240880995955409648802515137759691563363653616862712159688752916061815970988032.000000,2183939385730308635208420668460933914736575353792636055752251780277989982624268939247965316352032902605804190037285301907091865443511872780909337358499977323070554945362491120558481062474374010441479208921758922607624477388728235833881085870080.000000,-0.257375,767217925266335522519883445024076189285011550871142232477027495248711373983247735610388702049736613087710340681310587522844892777576906362265240880995955409648802515137759691563363653616862712159688752916061815970988032.000000,2183939385730308635208420668460933914736575353792636055752251780277989982624268939247965316352032902605804190037285301907091865443511872780909337358499977323070554945362491120558481062474374010441479208921758922607624477388728235833881085870080.000000,0.000000,0.000000,0.000000
0.961815,767217925266335522519883445024076189285011550871142232477027495248711373983247735610388702049736613087710340681310587522844892777576906362265240880995955409648802515137759691563363653616862712159688752916061815970988032.000000,2183939385730308635208420668460933914736575353792636055752251780277989982624268939247965316352032902605804190037285301907091865443511872780909337358499977323070554945362491120558481062474374010441479208921758922607624477388728235833881085870080.000000,-0.257375,767217925266335522519883445024076189285011550871142232477027495248711373983247735610388702049736613087710340681310587522844892777576906362265240880995955409648802515137759691563363653616862712159688752916061815970988032.000000,2183939385730308635208420668460933914736575353792636055752251780277989982624268939247965316352032902605804190037285301907091865443511872780909337358499977323070554945362491120558481062474374010441479208921758922607624477388728235833881085870080.000000,0.000000,0.000000,0.000000
0.996364,767217925266335522519883445024076189285011550871142232477027495248711373983247735610388702049736613087710340681310587522844892777576906362265240880995955409648802515137759691563363653616862712159688752916061815970988032.000000,2183939385730308635208420668460933914736575353792636055752251780277989982624268939247965316352032902605804190037285301907091865443511872780909337358499977323070554945362491120558481062474374010441479208921758922607624477388728235833881085870080.000000,-0.257375,767217925266335522519883445024076189285011550871142232477027495248711373983247735610388702049736613087710340681310587522844892777576906362265240880995955409648802515137759691563363653616862712159688752916061815970988032.000000,2183939385730308635208420668460933914736575353792636055752251780277989982624268939247965316352032902605804190037285301907091865443511872780909337358499977323070554945362491120558481062474374010441479208921758922607624477388728235833881085870080.000000,0.000000,0.000000,0.000000
1.028144,767217925266335522519883445024076189285011550871142232477027495248711373983247735610388702049736613087710340681310587522844892777576906362265240880995955409648802515137759691563363653616862712159688752916061815970988032.000000,2183939385730308635208420668460933914736575353792636055752251780277989982624268939247965316352032902605804190037285301907091865443511872780909337358499977323070554945362491120558481062474374010441479208921758922607624477388728235833881085870080.000000,-0.257375,767217925266335522519883445024076189285011550871142232477027495248711373983247735610388702049736613087710340681310587522844892777576906362265240880995955409648802515137759691563363653616862712159688752916061815970988032.000000,2183939385730308635208420668460933914736575353792636055752251780277989982624268939247965316352032902605804190037285301907091865443511872780909337358499977323070554945362491120558481062474374010441479208921758922607624477388728235833881085870080.000000,0.000000,0.000000,0.000000
1.060468,767217925266335522519883445024076189285011550871142232477027495248711373983247735610388702049736613087710340681310587522844892777576906362265240880995955409648802515137759691563363653616862712159688752916061815970988032.000000,2183939385730308635208420668460933914736575353792636055752251780277989982624268939247965316352032902605804190037285301907091865443511872780909337358499977323070554945362491120558481062474374010441479208921758922607624477388728235833881085870080.000000,-0.257375,767217925266335522519883445024076189285011550871142232477027495248711373983247735610388702049736613087710340681310587522844892777576906362265240880995955409648802515137759691563363653616862712159688752916061815970988032.000000,2183939385730308635208420668460933914736575353792636055752251780277989982624268939247965316352032902605804190037285301907091865443511872780909337358499977323070554945362491120558481062474374010441479208921758922607624477388728235833881085870080.000000,0.000000,0.000000,0.000000
1.095950,767217925266335522519883445024076189285011550871142232477027495248711373983247735610388702049736613087710340681310587522844892777576906362265240880995955409648802515137759691563363653616862712159688752916061815970988032.000000,2183939385730308635208420668460933914736575353792636055752251780277989982624268939247965316352032902605804190037285301907091865443511872780909337358499977323070554945362491120558481062474374010441479208921758922607624477388728235833881085870080.000000,-0.257375,767217925266335522519883445024076189285011550871142232477027495248711373983247735610388702049736613087710340681310587522844892777576906362265240880995955409648802515137759691563363653616862712159688752916061815970988032.000000,2183939385730308635208420668460933914736575353792636055752251780277989982624268939247965316352032902605804190037285301907091865443511872780909337358499977323070554945362491120558481062474374010441479208921758922607624477388728235833881085870080.000000,0.000000,0.000000,0.000000
1.128413,767217925266335522519883445024076189285011550871142232477027495248711373983247735610388702049736613087710340681310587522844892777576906362265240880995955409648802515137759691563363653616862712159688752916061815970988032.000000,2183939385730308635208420668460933914736575353792636055752251780277989982624268939247965316352032902605804190037285301907091865443511872780909337358499977323070554945362491120558481062474374010441479208921758922607624477388728235833881085870080.000000,-0.257375,767217925266335522519883445024076189285011550871142232477027495248711373983247735610388702049736613087710340681310587522844892777576906362265240880995955409648802515137759691563363653616862712159688752916061815970988032.000000,2183939385730308635208420668460933914736575353792636055752251780277989982624268939247965316352032902605804190037285301907091865443511872780909337358499977323070554945362491120558481062474374010441479208921758922607624477388728235833881085870080.000000,0.000000,0.000000,0.000000
1.161495,767217925266335522519883445024076189285011550871142232477027495248711373983247735610388702049736613087710340681310587522844892777576906362265240880995955409648802515137759691563363653616862712159688752916061815970988032.000000,2183939385730308635208420668460933914736575353792636055752251780277989982624268939247965316352032902605804190037285301907091865443511872780909337358499977323070554945362491120558481062474374010441479208921758922607624477388728235833881085870080.000000,-0.257375,767217925266335522519883445024076189285011550871142232477027495248711373983247735610388702049736613087710340681310587522844892777576906362265240880995955409648802515137759691563363653616862712159688752916061815970988032.000000,2183939385730308635208420668460933914736575353792636055752251780277989982624268939247965316352032902605804190037285301907091865443511872780909337358499977323070554945362491120558481062474374010441479208921758922607624477388728235833881085870080.000000,0.000000,0.000000,0.000000
1.194709,767217925266335522519883445024076189285011550871142232477027495248711373983247735610388702049736613087710340681310587522844892777576906362265240880995955409648802515137759691563363653616862712159688752916061815970988032.000000,2183939385730308635208420668460933914736575353792636055752251780277989982624268939247965316352032902605804190037285301907091865443511872780909337358499977323070554945362491120558481062474374010441479208921758922607624477388728235833881085870080.000000,-0.257375,767217925266335522519883445024076189285011550871142232477027495248711373983247735610388702049736613087710340681310587522844892777576906362265240880995955409648802515137759691563363653616862712159688752916061815970988032.000000,2183939385730308635208420668460933914736575353792636055752251780277989982624268939247965316352032902605804190037285301907091865443511872780909337358499977323070554945362491120558481062474374010441479208921758922607624477388728235833881085870080.000000,0.000000,0.000000,0.000000
1.227214,767217925266335522519883445024076189285011550871142232477027495248711373983247735610388702049736613087710340681310587522844892777576906362265240880995955409648802515137759691563363653616862712159688752916061815970988032.000000,2183939385730308635208420668460933914736575353792636055752251780277989982624268939247965316352032902605804190037285301907091865443511872780909337358499977323070554945362491120558481062474374010441479208921758922607624477388728235833881085870080.000000,-0.257375,767217925266335522519883445024076189285011550871142232477027495248711373983247735610388702049736613087710340681310587522844892777576906362265240880995955409648802515137759691563363653616862712159688752916061815970988032.000000,2183939385730308635208420668460933914736575353792636055752251780277989982624268939247965316352032902605804190037285301907091865443511872780909337358499977323070554945362491120558481062474374010441479208921758922607624477388728235833881085870080.000000,0.000000,0.000000,0.000000
1.260711,767217925266335522519883445024076189285011550871142232477027495248711373983247735610388702049736613087710340681310587522844892777576906362265240880995955409648802515137759691563363653616862712159688752916061815970988032.000000,2183939385730308635208420668460933914736575353792636055752251780277989982624268939247965316352032902605804190037285301907091865443511872780909337358499977323070554945362491120558481062474374010441479208921758922607624477388728235833881085870080.000000,-0.257375,767217925266335522519883445024076189285011550871142232477027495248711373983247735610388702049736613087710340681310587522844892777576906362265240880995955409648802515137759691563363653616862712159688752916061815970988032.000000,2183939385730308635208420668460933914736575353792636055752251780277989982624268939247965316352032902605804190037285301907091865443511872780909337358499977323070554945362491120558481062474374010441479208921758922607624477388728235833881085870080.000000,0.000000,0.000000,0.000000
1.293996,767217925266335522519883445024076189285011550871142232477027495248711373983247735610388702049736613087710340681310587522844892777576906362265240880995955409648802515137759691563363653616862712159688752916061815970988032.000000,2183939385730308635208420668460933914736575353792636055752251780277989982624268939247965316352032902605804190037285301907091865443511872780909337358499977323070554945362491120558481062474374010441479208921758922607624477388728235833881085870080.000000,-0.257375,767217925266335522519883445024076189285011550871142232477027495248711373983247735610388702049736613087710340681310587522844892777576906362265240880995955409648802515137759691563363653616862712159688752916061815970988032.000000,2183939385730308635208420668460933914736575353792636055752251780277989982624268939247965316352032902605804190037285301907091865443511872780909337358499977323070554945362491120558481062474374010441479208921758922607624477388728235833881085870080.000000,0.000000,0.000000,0.000000
1.327187,767217925266335522519883445024076189285011550871142232477027495248711373983247735610388702049736613087710340681310587522844892777576906362265240880995955409648802515137759691563363653616862712159688752916061815970988032.000000,2183939385730308635208420668460933914736575353792636055752251780277989982624268939247965316352032902605804190037285301907091865443511872780909337358499977323070554945362491120558481062474374010441479208921758922607624477388728235833881085870080.000000,-0.257375,767217925266335522519883445024076189285011550871142232477027495248711373983247735610388702049736613087710340681310587522844892777576906362265240880995955409648802515137759691563363653616862712159688752916061815970988032.000000,2183939385730308635208420668460933914736575353792636055752251780277989982624268939247965316352032902605804190037285301907091865443511872780909337358499977323070554945362491120558481062474374010441479208921758922607624477388728235833881085870080.000000,0.000000,0.000000,0.000000
1.360505,767217925266335522519883445024076189285011550871142232477027495248711373983247735610388702049736613087710340681310587522844892777576906362265240880995955409648802515137759691563363653616862712159688752916061815970988032.000000,2183939385730308635208420668460933914736575353792636055752251780277989982624268939247965316352032902605804190037285301907091865443511872780909337358499977323070554945362491120558481062474374010441479208921758922607624477388728235833881085870080.000000,-0.257375,767217925266335522519883445024076189285011550871142232477027495248711373983247735610388702049736613087710340681310587522844892777576906362265240880995955409648802515137759691563363653616862712159688752916061815970988032.000000,2183939385730308635208420668460933914736575353792636055752251780277989982624268939247965316352032902605804190037285301907091865443511872780909337358499977323070554945362491120558481062474374010441479208921758922607624477388728235833881085870080.000000,0.000000,0.000000,0.000000
1.394224,767217925266335522519883445024076189285011550871142232477027495248711373983247735610388702049736613087710340681310587522844892777576906362265240880995955409648802515137759691563363653616862712159688752916061815970988032.000000,2183939385730308635208420668460933914736575353792636055752251780277989982624268939247965316352032902605804190037285301907091865443511872780909337358499977323070554945362491120558481062474374010441479208921758922607624477388728235833881085870080.000000,-0.257375,767217925266335522519883445024076189285011550871142232477027495248711373983247735610388702049736613087710340681310587522844892777576906362265240880995955409648802515137759691563363653616862712159688752916061815970988032.000000,2183939385730308635208420668460933914736575353792636055752251780277989982624268939247965316352032902605804190037285301907091865443511872780909337358499977323070554945362491120558481062474374010441479208921758922607624477388728235833881085870080.000000,0.000000,0.000000,0.000000
1.427305,767217925266335522519883445024076189285011550871142232477027495248711373983247735610388702049736613087710340681310587522844892777576906362265240880995955409648802515137759691563363653616862712159688752916061815970988032.000000,2183939385730308635208420668460933914736575353792636055752251780277989982624268939247965316352032902605804190037285301907091865443511872780909337358499977323070554945362491120558481062474374010441479208921758922607624477388728235833881085870080.000000,-0.257375,767217925266335522519883445024076189285011550871142232477027495248711373983247735610388702049736613087710340681310587522844892777576906362265240880995955409648802515137759691563363653616862712159688752916061815970988032.000000,2183939385730308635208420668460933914736575353792636055752251780277989982624268939247965316352032902605804190037285301907091865443511872780909337358499977323070554945362491120558481062474374010441479208921758922607624477388728235833881085870080.000000,0.000000,0.000000,0.000000
1.460508,767217925266335522519883445024076189285011550871142232477027495248711373983247735610388702049736613087710340681310587522844892777576906362265240880995955409648802515137759691563363653616862712159688752916061815970988032.000000,2183939385730308635208420668460933914736575353792636055752251780277989982624268939247965316352032902605804190037285301907091865443511872780909337358499977323070554945362491120558481062474374010441479208921758922607624477388728235833881085870080.000000,-0.257375,767217925266335522519883445024076189285011550871142232477027495248711373983247735610388702049736613087710340681310587522844892777576906362265240880995955409648802515137759691563363653616862712159688752916061815970988032.000000,2183939385730308635208420668460933914736575353792636055752251780277989982624268939247965316352032902605804190037285301907091865443511872780909337358499977323070554945362491120558481062474374010441479208921758922607624477388728235833881085870080.000000,0.000000,0.000000,0.000000
1.493907,767217925266335522519883445024076189285011550871142232477027495248711373983247735610388702049736613087710340681310587522844892777576906362265240880995955409648802515137759691563363653616862712159688752916061815970988032.000000,2183939385730308635208420668460933914736575353792636055752251780277989982624268939247965316352032902605804190037285301907091865443511872780909337358499977323070554945362491120558481062474374010441479208921758922607624477388728235833881085870080.000000,-0.257375,767217925266335522519883445024076189285011550871142232477027495248711373983247735610388702049736613087710340681310587522844892777576906362265240880995955409648802515137759691563363653616862712159688752916061815970988032.000000,2183939385730308635208420668460933914736575353792636055752251780277989982624268939247965316352032902605804190037285301907091865443511872780909337358499977323070554945362491120558481062474374010441479208921758922607624477388728235833881085870080.000000,0.000000,0.000000,0.000000
1.531067,767217925266335522519883445024076189285011550871142232477027495248711373983247735610388702049736613087710340681310587522844892777576906362265240880995955409648802515137759691563363653616862712159688752916061815970988032.000000,2183939385730308635208420668460933914736575353792636055752251780277989982624268939247965316352032902605804190037285301907091865443511872780909337358499977323070554945362491120558481062474374010441479208921758922607624477388728235833881085870080.000000,-0.257375,767217925266335522519883445024076189285011550871142232477027495248711373983247735610388702049736613087710340681310587522844892777576906362265240880995955409648802515137759691563363653616862712159688752916061815970988032.000000,2183939385730308635208420668460933914736575353792636055752251780277989982624268939247965316352032902605804190037285301907091865443511872780909337358499977323070554945362491120558481062474374010441479208921758922607624477388728235833881085870080.000000,0.000000,0.000000,0.000000
1.561945,767217925266335522519883445024076189285011550871142232477027495248711373983247735610388702049736613087710340681310587522844892777576906362265240880995955409648802515137759691563363653616862712159688752916061815970988032.000000,2183939385730308635208420668460933914736575353792636055752251780277989982624268939247965316352032902605804190037285301907091865443511872780909337358499977323070554945362491120558481062474374010441479208921758922607624477388728235833881085870080.000000,-0.257375,767217925266335522519883445024076189285011550871142232477027495248711373983247735610388702049736613087710340681310587522844892777576906362265240880995955409648802515137759691563363653616862712159688752916061815970988032.000000,2183939385730308635208420668460933914736575353792636055752251780277989982624268939247965316352032902605804190037285301907091865443511872780909337358499977323070554945362491120558481062474374010441479208921758922607624477388728235833881085870080.000000,0.000000,0.000000,0.000000
1.594618,767217925266335522519883445024076189285011550871142232477027495248711373983247735610388702049736613087710340681310587522844892777576906362265240880995955409648802515137759691563363653616862712159688752916061815970988032.000000,2183939385730308635208420668460933914736575353792636055752251780277989982624268939247965316352032902605804190037285301907091865443511872780909337358499977323070554945362491120558481062474374010441479208921758922607624477388728235833881085870080.000000,-0.257375,767217925266335522519883445024076189285011550871142232477027495248711373983247735610388702049736613087710340681310587522844892777576906362265240880995955409648802515137759691563363653616862712159688752916061815970988032.000000,2183939385730308635208420668460933914736575353792636055752251780277989982624268939247965316352032902605804190037285301907091865443511872780909337358499977323070554945362491120558481062474374010441479208921758922607624477388728235833881085870080.000000,0.000000,0.000000,0.000000
1.627151,767217925266335522519883445024076189285011550871142232477027495248711373983247735610388702049736613087710340681310587522844892777576906362265240880995955409648802515137759691563363653616862712159688752916061815970988032.000000,2183939385730308635208420668460933914736575353792636055752251780277989982624268939247965316352032902605804190037285301907091865443511872780909337358499977323070554945362491120558481062474374010441479208921758922607624477388728235833881085870080.000000,-0.257375,767217925266335522519883445024076189285011550871142232477027495248711373983247735610388702049736613087710340681310587522844892777576906362265240880995955409648802515137759691563363653616862712159688752916061815970988032.000000,2183939385730308635208420668460933914736575353792636055752251780277989982624268939247965316352032902605804190037285301907091865443511872780909337358499977323070554945362491120558481062474374010441479208921758922607624477388728235833881085870080.000000,0.000000,0.000000,0.000000
1.660795,767217925266335522519883445024076189285011550871142232477027495248711373983247735610388702049736613087710340681310587522844892777576906362265240880995955409648802515137759691563363653616862712159688752916061815970988032.000000,2183939385730308635208420668460933914736575353792636055752251780277989982624268939247965316352032902605804190037285301907091865443511872780909337358499977323070554945362491120558481062474374010441479208921758922607624477388728235833881085870080.000000,-0.257375,767217925266335522519883445024076189285011550871142232477027495248711373983247735610388702049736613087710340681310587522844892777576906362265240880995955409648802515137759691563363653616862712159688752916061815970988032.000000,2183939385730308635208420668460933914736575353792636055752251780277989982624268939247965316352032902605804190037285301907091865443511872780909337358499977323070554945362491120558481062474374010441479208921758922607624477388728235833881085870080.000000,0.000000,0.000000,0.000000
1.693853,767217925266335522519883445024076189285011550871142232477027495248711373983247735610388702049736613087710340681310587522844892777576906362265240880995955409648802515137759691563363653616862712159688752916061815970988032.000000,2183939385730308635208420668460933914736575353792636055752251780277989982624268939247965316352032902605804190037285301907091865443511872780909337358499977323070554945362491120558481062474374010441479208921758922607624477388728235833881085870080.000000,-0.257375,767217925266335522519883445024076189285011550871142232477027495248711373983247735610388702049736613087710340681310587522844892777576906362265240880995955409648802515137759691563363653616862712159688752916061815970988032.000000,2183939385730308635208420668460933914736575353792636055752251780277989982624268939247965316352032902605804190037285301907091865443511872780909337358499977323070554945362491120558481062474374010441479208921758922607624477388728235833881085870080.000000,0.000000,0.000000,0.000000
1.727217,767217925266335522519883445024076189285011550871142232477027495248711373983247735610388702049736613087710340681310587522844892777576906362265240880995955409648802515137759691563363653616862712159688752916061815970988032.000000,2183939385730308635208420668460933914736575353792636055752251780277989982624268939247965316352032902605804190037285301907091865443511872780909337358499977323070554945362491120558481062474374010441479208921758922607624477388728235833881085870080.000000,-0.257375,767217925266335522519883445024076189285011550871142232477027495248711373983247735610388702049736613087710340681310587522844892777576906362265240880995955409648802515137759691563363653616862712159688752916061815970988032.000000,2183939385730308635208420668460933914736575353792636055752251780277989982624268939247965316352032902605804190037285301907091865443511872780909337358499977323070554945362491120558481062474374010441479208921758922607624477388728235833881085870080.000000,0.000000,0.000000,0.000000
1.760521,767217925266335522519883445024076189285011550871142232477027495248711373983247735610388702049736613087710340681310587522844892777576906362265240880995955409648802515137759691563363653616862712159688752916061815970988032.000000,2183939385730308635208420668460933914736575353792636055752251780277989982624268939247965316352032902605804190037285301907091865443511872780909337358499977323070554945362491120558481062474374010441479208921758922607624477388728235833881085870080.000000,-0.257375,767217925266335522519883445024076189285011550871142232477027495248711373983247735610388702049736613087710340681310587522844892777576906362265240880995955409648802515137759691563363653616862712159688752916061815970988032.000000,2183939385730308635208420668460933914736575353792636055752251780277989982624268939247965316352032902605804190037285301907091865443511872780909337358499977323070554945362491120558481062474374010441479208921758922607624477388728235833881085870080.000000,0.000000,0.000000,0.000000
1.793828,767217925266335522519883445024076189285011550871142232477027495248711373983247735610388702049736613087710340681310587522844892777576906362265240880995955409648802515137759691563363653616862712159688752916061815970988032.000000,2183939385730308635208420668460933914736575353792636055752251780277989982624268939247965316352032902605804190037285301907091865443511872780909337358499977323070554945362491120558481062474374010441479208921758922607624477388728235833881085870080.000000,-0.257375,767217925266335522519883445024076189285011550871142232477027495248711373983247735610388702049736613087710340681310587522844892777576906362265240880995955409648802515137759691563363653616862712159688752916061815970988032.000000,2183939385730308635208420668460933914736575353792636055752251780277989982624268939247965316352032902605804190037285301907091865443511872780909337358499977323070554945362491120558481062474374010441479208921758922607624477388728235833881085870080.000000,0.000000,0.000000,0.000000
1.831299,767217925266335522519883445024076189285011550871142232477027495248711373983247735610388702049736613087710340681310587522844892777576906362265240880995955409648802515137759691563363653616862712159688752916061815970988032.000000,2183939385730308635208420668460933914736575353792636055752251780277989982624268939247965316352032902605804190037285301907091865443511872780909337358499977323070554945362491120558481062474374010441479208921758922607624477388728235833881085870080.000000,-0.257375,767217925266335522519883445024076189285011550871142232477027495248711373983247735610388702049736613087710340681310587522844892777576906362265240880995955409648802515137759691563363653616862712159688752916061815970988032.000000,2183939385730308635208420668460933914736575353792636055752251780277989982624268939247965316352032902605804190037285301907091865443511872780909337358499977323070554945362491120558481062474374010441479208921758922607624477388728235833881085870080.000000,0.000000,0.000000,0.000000
1.862079,767217925266335522519883445024076189285011550871142232477027495248711373983247735610388702049736613087710340681310587522844892777576906362265240880995955409648802515137759691563363653616862712159688752916061815970988032.000000,2183939385730308635208420668460933914736575353792636055752251780277989982624268939247965316352032902605804190037285301907091865443511872780909337358499977323070554945362491120558481062474374010441479208921758922607624477388728235833881085870080.000000,-0.257375,767217925266335522519883445024076189285011550871142232477027495248711373983247735610388702049736613087710340681310587522844892777576906362265240880995955409648802515137759691563363653616862712159688752916061815970988032.000000,2183939385730308635208420668460933914736575353792636055752251780277989982624268939247965316352032902605804190037285301907091865443511872780909337358499977323070554945362491120558481062474374010441479208921758922607624477388728235833881085870080.000000,0.000000,0.000000,0.000000
1.893869,767217925266335522519883445024076189285011550871142232477027495248711373983247735610388702049736613087710340681310587522844892777576906362265240880995955409648802515137759691563363653616862712159688752916061815970988032.000000,2183939385730308635208420668460933914736575353792636055752251780277989982624268939247965316352032902605804190037285301907091865443511872780909337358499977323070554945362491120558481062474374010441479208921758922607624477388728235833881085870080.000000,-0.257375,767217925266335522519883445024076189285011550871142232477027495248711373983247735610388702049736613087710340681310587522844892777576906362265240880995955409648802515137759691563363653616862712159688752916061815970988032.000000,2183939385730308635208420668460933914736575353792636055752251780277989982624268939247965316352032902605804190037285301907091865443511872780909337358499977323070554945362491120558481062474374010441479208921758922607624477388728235833881085870080.000000,0.000000,0.000000,0.000000
1.928095,767217925266335522519883445024076189285011550871142232477027495248711373983247735610388702049736613087710340681310587522844892777576906362265240880995955409648802515137759691563363653616862712159688752916061815970988032.000000,2183939385730308635208420668460933914736575353792636055752251780277989982624268939247965316352032902605804190037285301907091865443511872780909337358499977323070554945362491120558481062474374010441479208921758922607624477388728235833881085870080.000000,-0.257375,767217925266335522519883445024076189285011550871142232477027495248711373983247735610388702049736613087710340681310587522844892777576906362265240880995955409648802515137759691563363653616862712159688752916061815970988032.000000,2183939385730308635208420668460933914736575353792636055752251780277989982624268939247965316352032902605804190037285301907091865443511872780909337358499977323070554945362491120558481062474374010441479208921758922607624477388728235833881085870080.000000,0.000000,0.000000,0.000000
1.960492,767217925266335522519883445024076189285011550871142232477027495248711373983247735610388702049736613087710340681310587522844892777576906362265240880995955409648802515137759691563363653616862712159688752916061815970988032.000000,2183939385730308635208420668460933914736575353792636055752251780277989982624268939247965316352032902605804190037285301907091865443511872780909337358499977323070554945362491120558481062474374010441479208921758922607624477388728235833881085870080.000000,-0.257375,767217925266335522519883445024076189285011550871142232477027495248711373983247735610388702049736613087710340681310587522844892777576906362265240880995955409648802515137759691563363653616862712159688752916061815970988032.000000,2183939385730308635208420668460933914736575353792636055752251780277989982624268939247965316352032902605804190037285301907091865443511872780909337358499977323070554945362491120558481062474374010441479208921758922607624477388728235833881085870080.000000,0.000000,0.000000,0.000000
2.011796,767217925266335522519883445024076189285011550871142232477027495248711373983247735610388702049736613087710340681310587522844892777576906362265240880995955409648802515137759691563363653616862712159688752916061815970988032.000000,2183939385730308635208420668460933914736575353792636055752251780277989982624268939247965316352032902605804190037285301907091865443511872780909337358499977323070554945362491120558481062474374010441479208921758922607624477388728235833881085870080.000000,-0.257375,767217925266335522519883445024076189285011550871142232477027495248711373983247735610388702049736613087710340681310587522844892777576906362265240880995955409648802515137759691563363653616862712159688752916061815970988032.000000,2183939385730308635208420668460933914736575353792636055752251780277989982624268939247965316352032902605804190037285301907091865443511872780909337358499977323070554945362491120558481062474374010441479208921758922607624477388728235833881085870080.000000,0.000000,0.000000,0.000000
2.031165,767217925266335522519883445024076189285011550871142232477027495248711373983247735610388702049736613087710340681310587522844892777576906362265240880995955409648802515137759691563363653616862712159688752916061815970988032.000000,2183939385730308635208420668460933914736575353792636055752251780277989982624268939247965316352032902605804190037285301907091865443511872780909337358499977323070554945362491120558481062474374010441479208921758922607624477388728235833881085870080.000000,-0.257375,767217925266335522519883445024076189285011550871142232477027495248711373983247735610388702049736613087710340681310587522844892777576906362265240880995955409648802515137759691563363653616862712159688752916061815970988032.000000,2183939385730308635208420668460933914736575353792636055752251780277989982624268939247965316352032902605804190037285301907091865443511872780909337358499977323070554945362491120558481062474374010441479208921758922607624477388728235833881085870080.000000,0.000000,0.000000,0.000000
2.060485,767217925266335522519883445024076189285011550871142232477027495248711373983247735610388702049736613087710340681310587522844892777576906362265240880995955409648802515137759691563363653616862712159688752916061815970988032.000000,2183939385730308635208420668460933914736575353792636055752251780277989982624268939247965316352032902605804190037285301907091865443511872780909337358499977323070554945362491120558481062474374010441479208921758922607624477388728235833881085870080.000000,-0.257375,767217925266335522519883445024076189285011550871142232477027495248711373983247735610388702049736613087710340681310587522844892777576906362265240880995955409648802515137759691563363653616862712159688752916061815970988032.000000,2183939385730308635208420668460933914736575353792636055752251780277989982624268939247965316352032902605804190037285301907091865443511872780909337358499977323070554945362491120558481062474374010441479208921758922607624477388728235833881085870080.000000,0.000000,0.000000,0.000000
2.093847,767217925266335522519883445024076189285011550871142232477027495248711373983247735610388702049736613087710340681310587522844892777576906362265240880995955409648802515137759691563363653616862712159688752916061815970988032.000000,2183939385730308635208420668460933914736575353792636055752251780277989982624268939247965316352032902605804190037285301907091865443511872780909337358499977323070554945362491120558481062474374010441479208921758922607624477388728235833881085870080.000000,-0.257375,767217925266335522519883445024076189285011550871142232477027495248711373983247735610388702049736613087710340681310587522844892777576906362265240880995955409648802515137759691563363653616862712159688752916061815970988032.000000,2183939385730308635208420668460933914736575353792636055752251780277989982624268939247965316352032902605804190037285301907091865443511872780909337358499977323070554945362491120558481062474374010441479208921758922607624477388728235833881085870080.000000,0.000000,0.000000,0.000000
2.127164,767217925266335522519883445024076189285011550871142232477027495248711373983247735610388702049736613087710340681310587522844892777576906362265240880995955409648802515137759691563363653616862712159688752916061815970988032.000000,2183939385730308635208420668460933914736575353792636055752251780277989982624268939247965316352032902605804190037285301907091865443511872780909337358499977323070554945362491120558481062474374010441479208921758922607624477388728235833881085870080.000000,-0.257375,767217925266335522519883445024076189285011550871142232477027495248711373983247735610388702049736613087710340681310587522844892777576906362265240880995955409648802515137759691563363653616862712159688752916061815970988032.000000,2183939385730308635208420668460933914736575353792636055752251780277989982624268939247965316352032902605804190037285301907091865443511872780909337358499977323070554945362491120558481062474374010441479208921758922607624477388728235833881085870080.000000,0.000000,0.000000,0.000000
2.160472,767217925266335522519883445024076189285011550871142232477027495248711373983247735610388702049736613087710340681310587522844892777576906362265240880995955409648802515137759691563363653616862712159688752916061815970988032.000000,2183939385730308635208420668460933914736575353792636055752251780277989982624268939247965316352032902605804190037285301907091865443511872780909337358499977323070554945362491120558481062474374010441479208921758922607624477388728235833881085870080.000000,-0.257375,767217925266335522519883445024076189285011550871142232477027495248711373983247735610388702049736613087710340681310587522844892777576906362265240880995955409648802515137759691563363653616862712159688752916061815970988032.000000,2183939385730308635208420668460933914736575353792636055752251780277989982624268939247965316352032902605804190037285301907091865443511872780909337358499977323070554945362491120558481062474374010441479208921758922607624477388728235833881085870080.000000,0.000000,0.000000,0.000000
2.193786,767217925266335522519883445024076189285011550871142232477027495248711373983247735610388702049736613087710340681310587522844892777576906362265240880995955409648802515137759691563363653616862712159688752916061815970988032.000000,2183939385730308635208420668460933914736575353792636055752251780277989982624268939247965316352032902605804190037285301907091865443511872780909337358499977323070554945362491120558481062474374010441479208921758922607624477388728235833881085870080.000000,-0.257375,767217925266335522519883445024076189285011550871142232477027495248711373983247735610388702049736613087710340681310587522844892777576906362265240880995955409648802515137759691563363653616862712159688752916061815970988032.000000,2183939385730308635208420668460933914736575353792636055752251780277989982624268939247965316352032902605804190037285301907091865443511872780909337358499977323070554945362491120558481062474374010441479208921758922607624477388728235833881085870080.000000,0.000000,0.000000,0.000000
2.232165,767217925266335522519883445024076189285011550871142232477027495248711373983247735610388702049736613087710340681310587522844892777576906362265240880995955409648802515137759691563363653616862712159688752916061815970988032.000000,2183939385730308635208420668460933914736575353792636055752251780277989982624268939247965316352032902605804190037285301907091865443511872780909337358499977323070554945362491120558481062474374010441479208921758922607624477388728235833881085870080.000000,-0.257375,767217925266335522519883445024076189285011550871142232477027495248711373983247735610388702049736613087710340681310587522844892777576906362265240880995955409648802515137759691563363653616862712159688752916061815970988032.000000,2183939385730308635208420668460933914736575353792636055752251780277989982624268939247965316352032902605804190037285301907091865443511872780909337358499977323070554945362491120558481062474374010441479208921758922607624477388728235833881085870080.000000,0.000000,0.000000,0.000000
2.262675,767217925266335522519883445024076189285011550871142232477027495248711373983247735610388702049736613087710340681310587522844892777576906362265240880995955409648802515137759691563363653616862712159688752916061815970988032.000000,2183939385730308635208420668460933914736575353792636055752251780277989982624268939247965316352032902605804190037285301907091865443511872780909337358499977323070554945362491120558481062474374010441479208921758922607624477388728235833881085870080.000000,-0.257375,767217925266335522519883445024076189285011550871142232477027495248711373983247735610388702049736613087710340681310587522844892777576906362265240880995955409648802515137759691563363653616862712159688752916061815970988032.000000,2183939385730308635208420668460933914736575353792636055752251780277989982624268939247965316352032902605804190037285301907091865443511872780909337358499977323070554945362491120558481062474374010441479208921758922607624477388728235833881085870080.000000,0.000000,0.000000,0.000000
2.294706,767217925266335522519883445024076189285011550871142232477027495248711373983247735610388702049736613087710340681310587522844892777576906362265240880995955409648802515137759691563363653616862712159688752916061815970988032.000000,2183939385730308635208420668460933914736575353792636055752251780277989982624268939247965316352032902605804190037285301907091865443511872780909337358499977323070554945362491120558481062474374010441479208921758922607624477388728235833881085870080.000000,-0.257375,767217925266335522519883445024076189285011550871142232477027495248711373983247735610388702049736613087710340681310587522844892777576906362265240880995955409648802515137759691563363653616862712159688752916061815970988032.000000,2183939385730308635208420668460933914736575353792636055752251780277989982624268939247965316352032902605804190037285301907091865443511872780909337358499977323070554945362491120558481062474374010441479208921758922607624477388728235833881085870080.000000,0.000000,0.000000,0.000000
2.327880,767217925266335522519883445024076189285011550871142232477027495248711373983247735610388702049736613087710340681310587522844892777576906362265240880995955409648802515137759691563363653616862712159688752916061815970988032.000000,2183939385730308635208420668460933914736575353792636055752251780277989982624268939247965316352032902605804190037285301907091865443511872780909337358499977323070554945362491120558481062474374010441479208921758922607624477388728235833881085870080.000000,-0.257375,767217925266335522519883445024076189285011550871142232477027495248711373983247735610388702049736613087710340681310587522844892777576906362265240880995955409648802515137759691563363653616862712159688752916061815970988032.000000,2183939385730308635208420668460933914736575353792636055752251780277989982624268939247965316352032902605804190037285301907091865443511872780909337358499977323070554945362491120558481062474374010441479208921758922607624477388728235833881085870080.000000,0.000000,0.000000,0.000000
2.361199,767217925266335522519883445024076189285011550871142232477027495248711373983247735610388702049736613087710340681310587522844892777576906362265240880995955409648802515137759691563363653616862712159688752916061815970988032.000000,2183939385730308635208420668460933914736575353792636055752251780277989982624268939247965316352032902605804190037285301907091865443511872780909337358499977323070554945362491120558481062474374010441479208921758922607624477388728235833881085870080.000000,-0.257375,767217925266335522519883445024076189285011550871142232477027495248711373983247735610388702049736613087710340681310587522844892777576906362265240880995955409648802515137759691563363653616862712159688752916061815970988032.000000,2183939385730308635208420668460933914736575353792636055752251780277989982624268939247965316352032902605804190037285301907091865443511872780909337358499977323070554945362491120558481062474374010441479208921758922607624477388728235833881085870080.000000,0.000000,0.000000,0.000000
2.393992,767217925266335522519883445024076189285011550871142232477027495248711373983247735610388702049736613087710340681310587522844892777576906362265240880995955409648802515137759691563363653616862712159688752916061815970988032.000000,2183939385730308635208420668460933914736575353792636055752251780277989982624268939247965316352032902605804190037285301907091865443511872780909337358499977323070554945362491120558481062474374010441479208921758922607624477388728235833881085870080.000000,-0.257375,767217925266335522519883445024076189285011550871142232477027495248711373983247735610388702049736613087710340681310587522844892777576906362265240880995955409648802515137759691563363653616862712159688752916061815970988032.000000,2183939385730308635208420668460933914736575353792636055752251780277989982624268939247965316352032902605804190037285301907091865443511872780909337358499977323070554945362491120558481062474374010441479208921758922607624477388728235833881085870080.000000,0.000000,0.000000,0.000000
2.427352,767217925266335522519883445024076189285011550871142232477027495248711373983247735610388702049736613087710340681310587522844892777576906362265240880995955409648802515137759691563363653616862712159688752916061815970988032.000000,2183939385730308635208420668460933914736575353792636055752251780277989982624268939247965316352032902605804190037285301907091865443511872780909337358499977323070554945362491120558481062474374010441479208921758922607624477388728235833881085870080.000000,-0.257375,767217925266335522519883445024076189285011550871142232477027495248711373983247735610388702049736613087710340681310587522844892777576906362265240880995955409648802515137759691563363653616862712159688752916061815970988032.000000,2183939385730308635208420668460933914736575353792636055752251780277989982624268939247965316352032902605804190037285301907091865443511872780909337358499977323070554945362491120558481062474374010441479208921758922607624477388728235833881085870080.000000,0.000000,0.000000,0.000000
2.460550,767217925266335522519883445024076189285011550871142232477027495248711373983247735610388702049736613087710340681310587522844892777576906362265240880995955409648802515137759691563363653616862712159688752916061815970988032.000000,2183939385730308635208420668460933914736575353792636055752251780277989982624268939247965316352032902605804190037285301907091865443511872780909337358499977323070554945362491120558481062474374010441479208921758922607624477388728235833881085870080.000000,-0.257375,767217925266335522519883445024076189285011550871142232477027495248711373983247735610388702049736613087710340681310587522844892777576906362265240880995955409648802515137759691563363653616862712159688752916061815970988032.000000,2183939385730308635208420668460933914736575353792636055752251780277989982624268939247965316352032902605804190037285301907091865443511872780909337358499977323070554945362491120558481062474374010441479208921758922607624477388728235833881085870080.000000,0.000000,0.000000,0.000000
2.493929,767217925266335522519883445024076189285011550871142232477027495248711373983247735610388702049736613087710340681310587522844892777576906362265240880995955409648802515137759691563363653616862712159688752916061815970988032.000000,2183939385730308635208420668460933914736575353792636055752251780277989982624268939247965316352032902605804190037285301907091865443511872780909337358499977323070554945362491120558481062474374010441479208921758922607624477388728235833881085870080.000000,-0.257375,767217925266335522519883445024076189285011550871142232477027495248711373983247735610388702049736613087710340681310587522844892777576906362265240880995955409648802515137759691563363653616862712159688752916061815970988032.000000,2183939385730308635208420668460933914736575353792636055752251780277989982624268939247965316352032902605804190037285301907091865443511872780909337358499977323070554945362491120558481062474374010441479208921758922607624477388728235833881085870080.000000,0.000000,0.000000,0.000000
2.527200,767217925266335522519883445024076189285011550871142232477027495248711373983247735610388702049736613087710340681310587522844892777576906362265240880995955409648802515137759691563363653616862712159688752916061815970988032.000000,2183939385730308635208420668460933914736575353792636055752251780277989982624268939247965316352032902605804190037285301907091865443511872780909337358499977323070554945362491120558481062474374010441479208921758922607624477388728235833881085870080.000000,-0.257375,767217925266335522519883445024076189285011550871142232477027495248711373983247735610388702049736613087710340681310587522844892777576906362265240880995955409648802515137759691563363653616862712159688752916061815970988032.000000,2183939385730308635208420668460933914736575353792636055752251780277989982624268939247965316352032902605804190037285301907091865443511872780909337358499977323070554945362491120558481062474374010441479208921758922607624477388728235833881085870080.000000,0.000000,0.000000,0.000000
2.560553,767217925266335522519883445024076189285011550871142232477027495248711373983247735610388702049736613087710340681310587522844892777576906362265240880995955409648802515137759691563363653616862712159688752916061815970988032.000000,2183939385730308635208420668460933914736575353792636055752251780277989982624268939247965316352032902605804190037285301907091865443511872780909337358499977323070554945362491120558481062474374010441479208921758922607624477388728235833881085870080.000000,-0.257375,767217925266335522519883445024076189285011550871142232477027495248711373983247735610388702049736613087710340681310587522844892777576906362265240880995955409648802515137759691563363653616862712159688752916061815970988032.000000,2183939385730308635208420668460933914736575353792636055752251780277989982624268939247965316352032902605804190037285301907091865443511872780909337358499977323070554945362491120558481062474374010441479208921758922607624477388728235833881085870080.000000,0.000000,0.000000,0.000000
2.594059,767217925266335522519883445024076189285011550871142232477027495248711373983247735610388702049736613087710340681310587522844892777576906362265240880995955409648802515137759691563363653616862712159688752916061815970988032.000000,2183939385730308635208420668460933914736575353792636055752251780277989982624268939247965316352032902605804190037285301907091865443511872780909337358499977323070554945362491120558481062474374010441479208921758922607624477388728235833881085870080.000000,-0.257375,767217925266335522519883445024076189285011550871142232477027495248711373983247735610388702049736613087710340681310587522844892777576906362265240880995955409648802515137759691563363653616862712159688752916061815970988032.000000,2183939385730308635208420668460933914736575353792636055752251780277989982624268939247965316352032902605804190037285301907091865443511872780909337358499977323070554945362491120558481062474374010441479208921758922607624477388728235833881085870080.000000,0.000000,0.000000,0.000000
2.631045,767217925266335522519883445024076189285011550871142232477027495248711373983247735610388702049736613087710340681310587522844892777576906362265240880995955409648802515137759691563363653616862712159688752916061815970988032.000000,2183939385730308635208420668460933914736575353792636055752251780277989982624268939247965316352032902605804190037285301907091865443511872780909337358499977323070554945362491120558481062474374010441479208921758922607624477388728235833881085870080.000000,-0.257375,767217925266335522519883445024076189285011550871142232477027495248711373983247735610388702049736613087710340681310587522844892777576906362265240880995955409648802515137759691563363653616862712159688752916061815970988032.000000,2183939385730308635208420668460933914736575353792636055752251780277989982624268939247965316352032902605804190037285301907091865443511872780909337358499977323070554945362491120558481062474374010441479208921758922607624477388728235833881085870080.000000,0.000000,0.000000,0.000000
2.661803,767217925266335522519883445024076189285011550871142232477027495248711373983247735610388702049736613087710340681310587522844892777576906362265240880995955409648802515137759691563363653616862712159688752916061815970988032.000000,2183939385730308635208420668460933914736575353792636055752251780277989982624268939247965316352032902605804190037285301907091865443511872780909337358499977323070554945362491120558481062474374010441479208921758922607624477388728235833881085870080.000000,-0.257375,767217925266335522519883445024076189285011550871142232477027495248711373983247735610388702049736613087710340681310587522844892777576906362265240880995955409648802515137759691563363653616862712159688752916061815970988032.000000,2183939385730308635208420668460933914736575353792636055752251780277989982624268939247965316352032902605804190037285301907091865443511872780909337358499977323070554945362491120558481062474374010441479208921758922607624477388728235833881085870080.000000,0.000000,0.000000,0.000000
2.694307,767217925266335522519883445024076189285011550871142232477027495248711373983247735610388702049736613087710340681310587522844892777576906362265240880995955409648802515137759691563363653616862712159688752916061815970988032.000000,2183939385730308635208420668460933914736575353792636055752251780277989982624268939247965316352032902605804190037285301907091865443511872780909337358499977323070554945362491120558481062474374010441479208921758922607624477388728235833881085870080.000000,-0.257375,767217925266335522519883445024076189285011550871142232477027495248711373983247735610388702049736613087710340681310587522844892777576906362265240880995955409648802515137759691563363653616862712159688752916061815970988032.000000,2183939385730308635208420668460933914736575353792636055752251780277989982624268939247965316352032902605804190037285301907091865443511872780909337358499977323070554945362491120558481062474374010441479208921758922607624477388728235833881085870080.000000,0.000000,0.000000,0.000000
2.727796,767217925266335522519883445024076189285011550871142232477027495248711373983247735610388702049736613087710340681310587522844892777576906362265240880995955409648802515137759691563363653616862712159688752916061815970988032.000000,2183939385730308635208420668460933914736575353792636055752251780277989982624268939247965316352032902605804190037285301907091865443511872780909337358499977323070554945362491120558481062474374010441479208921758922607624477388728235833881085870080.000000,-0.257375,767217925266335522519883445024076189285011550871142232477027495248711373983247735610388702049736613087710340681310587522844892777576906362265240880995955409648802515137759691563363653616862712159688752916061815970988032.000000,2183939385730308635208420668460933914736575353792636055752251780277989982624268939247965316352032902605804190037285301907091865443511872780909337358499977323070554945362491120558481062474374010441479208921758922607624477388728235833881085870080.000000,0.000000,0.000000,0.000000
2.761231,767217925266335522519883445024076189285011550871142232477027495248711373983247735610388702049736613087710340681310587522844892777576906362265240880995955409648802515137759691563363653616862712159688752916061815970988032.000000,2183939385730308635208420668460933914736575353792636055752251780277989982624268939247965316352032902605804190037285301907091865443511872780909337358499977323070554945362491120558481062474374010441479208921758922607624477388728235833881085870080.000000,-0.257375,767217925266335522519883445024076189285011550871142232477027495248711373983247735610388702049736613087710340681310587522844892777576906362265240880995955409648802515137759691563363653616862712159688752916061815970988032.000000,2183939385730308635208420668460933914736575353792636055752251780277989982624268939247965316352032902605804190037285301907091865443511872780909337358499977323070554945362491120558481062474374010441479208921758922607624477388728235833881085870080.000000,0.000000,0.000000,0.000000
2.794196,767217925266335522519883445024076189285011550871142232477027495248711373983247735610388702049736613087710340681310587522844892777576906362265240880995955409648802515137759691563363653616862712159688752916061815970988032.000000,2183939385730308635208420668460933914736575353792636055752251780277989982624268939247965316352032902605804190037285301907091865443511872780909337358499977323070554945362491120558481062474374010441479208921758922607624477388728235833881085870080.000000,-0.257375,767217925266335522519883445024076189285011550871142232477027495248711373983247735610388702049736613087710340681310587522844892777576906362265240880995955409648802515137759691563363653616862712159688752916061815970988032.000000,2183939385730308635208420668460933914736575353792636055752251780277989982624268939247965316352032902605804190037285301907091865443511872780909337358499977323070554945362491120558481062474374010441479208921758922607624477388728235833881085870080.000000,0.000000,0.000000,0.000000
2.827171,767217925266335522519883445024076189285011550871142232477027495248711373983247735610388702049736613087710340681310587522844892777576906362265240880995955409648802515137759691563363653616862712159688752916061815970988032.000000,2183939385730308635208420668460933914736575353792636055752251780277989982624268939247965316352032902605804190037285301907091865443511872780909337358499977323070554945362491120558481062474374010441479208921758922607624477388728235833881085870080.000000,-0.257375,767217925266335522519883445024076189285011550871142232477027495248711373983247735610388702049736613087710340681310587522844892777576906362265240880995955409648802515137759691563363653616862712159688752916061815970988032.000000,2183939385730308635208420668460933914736575353792636055752251780277989982624268939247965316352032902605804190037285301907091865443511872780909337358499977323070554945362491120558481062474374010441479208921758922607624477388728235833881085870080.000000,0.000000,0.000000,0.000000
2.860440,767217925266335522519883445024076189285011550871142232477027495248711373983247735610388702049736613087710340681310587522844892777576906362265240880995955409648802515137759691563363653616862712159688752916061815970988032.000000,2183939385730308635208420668460933914736575353792636055752251780277989982624268939247965316352032902605804190037285301907091865443511872780909337358499977323070554945362491120558481062474374010441479208921758922607624477388728235833881085870080.000000,-0.257375,767217925266335522519883445024076189285011550871142232477027495248711373983247735610388702049736613087710340681310587522844892777576906362265240880995955409648802515137759691563363653616862712159688752916061815970988032.000000,2183939385730308635208420668460933914736575353792636055752251780277989982624268939247965316352032902605804190037285301907091865443511872780909337358499977323070554945362491120558481062474374010441479208921758922607624477388728235833881085870080.000000,0.000000,0.000000,0.000000
2.894146,767217925266335522519883445024076189285011550871142232477027495248711373983247735610388702049736613087710340681310587522844892777576906362265240880995955409648802515137759691563363653616862712159688752916061815970988032.000000,2183939385730308635208420668460933914736575353792636055752251780277989982624268939247965316352032902605804190037285301907091865443511872780909337358499977323070554945362491120558481062474374010441479208921758922607624477388728235833881085870080.000000,-0.257375,767217925266335522519883445024076189285011550871142232477027495248711373983247735610388702049736613087710340681310587522844892777576906362265240880995955409648802515137759691563363653616862712159688752916061815970988032.000000,2183939385730308635208420668460933914736575353792636055752251780277989982624268939247965316352032902605804190037285301907091865443511872780909337358499977323070554945362491120558481062474374010441479208921758922607624477388728235833881085870080.000000,0.000000,0.000000,0.000000
2.927220,767217925266335522519883445024076189285011550871142232477027495248711373983247735610388702049736613087710340681310587522844892777576906362265240880995955409648802515137759691563363653616862712159688752916061815970988032.000000,2183939385730308635208420668460933914736575353792636055752251780277989982624268939247965316352032902605804190037285301907091865443511872780909337358499977323070554945362491120558481062474374010441479208921758922607624477388728235833881085870080.000000,-0.257375,767217925266335522519883445024076189285011550871142232477027495248711373983247735610388702049736613087710340681310587522844892777576906362265240880995955409648802515137759691563363653616862712159688752916061815970988032.000000,2183939385730308635208420668460933914736575353792636055752251780277989982624268939247965316352032902605804190037285301907091865443511872780909337358499977323070554945362491120558481062474374010441479208921758922607624477388728235833881085870080.000000,0.000000,0.000000,0.000000
2.981103,767217925266335522519883445024076189285011550871142232477027495248711373983247735610388702049736613087710340681310587522844892777576906362265240880995955409648802515137759691563363653616862712159688752916061815970988032.000000,2183939385730308635208420668460933914736575353792636055752251780277989982624268939247965316352032902605804190037285301907091865443511872780909337358499977323070554945362491120558481062474374010441479208921758922607624477388728235833881085870080.000000,-0.257375,767217925266335522519883445024076189285011550871142232477027495248711373983247735610388702049736613087710340681310587522844892777576906362265240880995955409648802515137759691563363653616862712159688752916061815970988032.000000,2183939385730308635208420668460933914736575353792636055752251780277989982624268939247965316352032902605804190037285301907091865443511872780909337358499977323070554945362491120558481062474374010441479208921758922607624477388728235833881085870080.000000,0.000000,0.000000,0.000000
2.993800,767217925266335522519883445024076189285011550871142232477027495248711373983247735610388702049736613087710340681310587522844892777576906362265240880995955409648802515137759691563363653616862712159688752916061815970988032.000000,2183939385730308635208420668460933914736575353792636055752251780277989982624268939247965316352032902605804190037285301907091865443511872780909337358499977323070554945362491120558481062474374010441479208921758922607624477388728235833881085870080.000000,-0.257375,767217925266335522519883445024076189285011550871142232477027495248711373983247735610388702049736613087710340681310587522844892777576906362265240880995955409648802515137759691563363653616862712159688752916061815970988032.000000,2183939385730308635208420668460933914736575353792636055752251780277989982624268939247965316352032902605804190037285301907091865443511872780909337358499977323070554945362491120558481062474374010441479208921758922607624477388728235833881085870080.000000,0.000000,0.000000,0.000000
3.027228,767217925266335522519883445024076189285011550871142232477027495248711373983247735610388702049736613087710340681310587522844892777576906362265240880995955409648802515137759691563363653616862712159688752916061815970988032.000000,2183939385730308635208420668460933914736575353792636055752251780277989982624268939247965316352032902605804190037285301907091865443511872780909337358499977323070554945362491120558481062474374010441479208921758922607624477388728235833881085870080.000000,-0.257375,767217925266335522519883445024076189285011550871142232477027495248711373983247735610388702049736613087710340681310587522844892777576906362265240880995955409648802515137759691563363653616862712159688752916061815970988032.000000,2183939385730308635208420668460933914736575353792636055752251780277989982624268939247965316352032902605804190037285301907091865443511872780909337358499977323070554945362491120558481062474374010441479208921758922607624477388728235833881085870080.000000,0.000000,0.000000,0.000000
3.060604,767217925266335522519883445024076189285011550871142232477027495248711373983247735610388702049736613087710340681310587522844892777576906362265240880995955409648802515137759691563363653616862712159688752916061815970988032.000000,2183939385730308635208420668460933914736575353792636055752251780277989982624268939247965316352032902605804190037285301907091865443511872780909337358499977323070554945362491120558481062474374010441479208921758922607624477388728235833881085870080.000000,-0.257375,767217925266335522519883445024076189285011550871142232477027495248711373983247735610388702049736613087710340681310587522844892777576906362265240880995955409648802515137759691563363653616862712159688752916061815970988032.000000,2183939385730308635208420668460933914736575353792636055752251780277989982624268939247965316352032902605804190037285301907091865443511872780909337358499977323070554945362491120558481062474374010441479208921758922607624477388728235833881085870080.000000,0.000000,0.000000,0.000000
3.093811,767217925266335522519883445024076189285011550871142232477027495248711373983247735610388702049736613087710340681310587522844892777576906362265240880995955409648802515137759691563363653616862712159688752916061815970988032.000000,2183939385730308635208420668460933914736575353792636055752251780277989982624268939247965316352032902605804190037285301907091865443511872780909337358499977323070554945362491120558481062474374010441479208921758922607624477388728235833881085870080.000000,-0.257375,767217925266335522519883445024076189285011550871142232477027495248711373983247735610388702049736613087710340681310587522844892777576906362265240880995955409648802515137759691563363653616862712159688752916061815970988032.000000,2183939385730308635208420668460933914736575353792636055752251780277989982624268939247965316352032902605804190037285301907091865443511872780909337358499977323070554945362491120558481062474374010441479208921758922607624477388728235833881085870080.000000,0.000000,0.000000,0.000000
3.127190,767217925266335522519883445024076189285011550871142232477027495248711373983247735610388702049736613087710340681310587522844892777576906362265240880995955409648802515137759691563363653616862712159688752916061815970988032.000000,2183939385730308635208420668460933914736575353792636055752251780277989982624268939247965316352032902605804190037285301907091865443511872780909337358499977323070554945362491120558481062474374010441479208921758922607624477388728235833881085870080.000000,-0.257375,767217925266335522519883445024076189285011550871142232477027495248711373983247735610388702049736613087710340681310587522844892777576906362265240880995955409648802515137759691563363653616862712159688752916061815970988032.000000,2183939385730308635208420668460933914736575353792636055752251780277989982624268939247965316352032902605804190037285301907091865443511872780909337358499977323070554945362491120558481062474374010441479208921758922607624477388728235833881085870080.000000,0.000000,0.000000,0.000000
3.161018,767217925266335522519883445024076189285011550871142232477027495248711373983247735610388702049736613087710340681310587522844892777576906362265240880995955409648802515137759691563363653616862712159688752916061815970988032.000000,2183939385730308635208420668460933914736575353792636055752251780277989982624268939247965316352032902605804190037285301907091865443511872780909337358499977323070554945362491120558481062474374010441479208921758922607624477388728235833881085870080.000000,-0.257375,767217925266335522519883445024076189285011550871142232477027495248711373983247735610388702049736613087710340681310587522844892777576906362265240880995955409648802515137759691563363653616862712159688752916061815970988032.000000,2183939385730308635208420668460933914736575353792636055752251780277989982624268939247965316352032902605804190037285301907091865443511872780909337358499977323070554945362491120558481062474374010441479208921758922607624477388728235833881085870080.000000,0.000000,0.000000,0.000000
3.194225,767217925266335522519883445024076189285011550871142232477027495248711373983247735610388702049736613087710340681310587522844892777576906362265240880995955409648802515137759691563363653616862712159688752916061815970988032.000000,2183939385730308635208420668460933914736575353792636055752251780277989982624268939247965316352032902605804190037285301907091865443511872780909337358499977323070554945362491120558481062474374010441479208921758922607624477388728235833881085870080.000000,-0.257375,767217925266335522519883445024076189285011550871142232477027495248711373983247735610388702049736613087710340681310587522844892777576906362265240880995955409648802515137759691563363653616862712159688752916061815970988032.000000,2183939385730308635208420668460933914736575353792636055752251780277989982624268939247965316352032902605804190037285301907091865443511872780909337358499977323070554945362491120558481062474374010441479208921758922607624477388728235833881085870080.000000,0.000000,0.000000,0.000000
3.231595,767217925266335522519883445024076189285011550871142232477027495248711373983247735610388702049736613087710340681310587522844892777576906362265240880995955409648802515137759691563363653616862712159688752916061815970988032.000000,2183939385730308635208420668460933914736575353792636055752251780277989982624268939247965316352032902605804190037285301907091865443511872780909337358499977323070554945362491120558481062474374010441479208921758922607624477388728235833881085870080.000000,-0.257375,767217925266335522519883445024076189285011550871142232477027495248711373983247735610388702049736613087710340681310587522844892777576906362265240880995955409648802515137759691563363653616862712159688752916061815970988032.000000,2183939385730308635208420668460933914736575353792636055752251780277989982624268939247965316352032902605804190037285301907091865443511872780909337358499977323070554945362491120558481062474374010441479208921758922607624477388728235833881085870080.000000,0.000000,0.000000,0.000000
3.263404,767217925266335522519883445024076189285011550871142232477027495248711373983247735610388702049736613087710340681310587522844892777576906362265240880995955409648802515137759691563363653616862712159688752916061815970988032.000000,2183939385730308635208420668460933914736575353792636055752251780277989982624268939247965316352032902605804190037285301907091865443511872780909337358499977323070554945362491120558481062474374010441479208921758922607624477388728235833881085870080.000000,-0.257375,767217925266335522519883445024076189285011550871142232477027495248711373983247735610388702049736613087710340681310587522844892777576906362265240880995955409648802515137759691563363653616862712159688752916061815970988032.000000,2183939385730308635208420668460933914736575353792636055752251780277989982624268939247965316352032902605804190037285301907091865443511872780909337358499977323070554945362491120558481062474374010441479208921758922607624477388728235833881085870080.000000,0.000000,0.000000,0.000000
3.294529,767217925266335522519883445024076189285011550871142232477027495248711373983247735610388702049736613087710340681310587522844892777576906362265240880995955409648802515137759691563363653616862712159688752916061815970988032.000000,2183939385730308635208420668460933914736575353792636055752251780277989982624268939247965316352032902605804190037285301907091865443511872780909337358499977323070554945362491120558481062474374010441479208921758922607624477388728235833881085870080.000000,-0.257375,767217925266335522519883445024076189285011550871142232477027495248711373983247735610388702049736613087710340681310587522844892777576906362265240880995955409648802515137759691563363653616862712159688752916061815970988032.000000,2183939385730308635208420668460933914736575353792636055752251780277989982624268939247965316352032902605804190037285301907091865443511872780909337358499977323070554945362491120558481062474374010441479208921758922607624477388728235833881085870080.000000,0.000000,0.000000,0.000000
3.327498,767217925266335522519883445024076189285011550871142232477027495248711373983247735610388702049736613087710340681310587522844892777576906362265240880995955409648802515137759691563363653616862712159688752916061815970988032.000000,2183939385730308635208420668460933914736575353792636055752251780277989982624268939247965316352032902605804190037285301907091865443511872780909337358499977323070554945362491120558481062474374010441479208921758922607624477388728235833881085870080.000000,-0.257375,767217925266335522519883445024076189285011550871142232477027495248711373983247735610388702049736613087710340681310587522844892777576906362265240880995955409648802515137759691563363653616862712159688752916061815970988032.000000,2183939385730308635208420668460933914736575353792636055752251780277989982624268939247965316352032902605804190037285301907091865443511872780909337358499977323070554945362491120558481062474374010441479208921758922607624477388728235833881085870080.000000,0.000000,0.000000,0.000000
3.360784,767217925266335522519883445024076189285011550871142232477027495248711373983247735610388702049736613087710340681310587522844892777576906362265240880995955409648802515137759691563363653616862712159688752916061815970988032.000000,2183939385730308635208420668460933914736575353792636055752251780277989982624268939247965316352032902605804190037285301907091865443511872780909337358499977323070554945362491120558481062474374010441479208921758922607624477388728235833881085870080.000000,-0.257375,767217925266335522519883445024076189285011550871142232477027495248711373983247735610388702049736613087710340681310587522844892777576906362265240880995955409648802515137759691563363653616862712159688752916061815970988032.000000,2183939385730308635208420668460933914736575353792636055752251780277989982624268939247965316352032902605804190037285301907091865443511872780909337358499977323070554945362491120558481062474374010441479208921758922607624477388728235833881085870080.000000,0.000000,0.000000,0.000000
3.394395,767217925266335522519883445024076189285011550871142232477027495248711373983247735610388702049736613087710340681310587522844892777576906362265240880995955409648802515137759691563363653616862712159688752916061815970988032.000000,2183939385730308635208420668460933914736575353792636055752251780277989982624268939247965316352032902605804190037285301907091865443511872780909337358499977323070554945362491120558481062474374010441479208921758922607624477388728235833881085870080.000000,-0.257375,767217925266335522519883445024076189285011550871142232477027495248711373983247735610388702049736613087710340681310587522844892777576906362265240880995955409648802515137759691563363653616862712159688752916061815970988032.000000,2183939385730308635208420668460933914736575353792636055752251780277989982624268939247965316352032902605804190037285301907091865443511872780909337358499977323070554945362491120558481062474374010441479208921758922607624477388728235833881085870080.000000,0.000000,0.000000,0.000000
3.427291,767217925266335522519883445024076189285011550871142232477027495248711373983247735610388702049736613087710340681310587522844892777576906362265240880995955409648802515137759691563363653616862712159688752916061815970988032.000000,2183939385730308635208420668460933914736575353792636055752251780277989982624268939247965316352032902605804190037285301907091865443511872780909337358499977323070554945362491120558481062474374010441479208921758922607624477388728235833881085870080.000000,-0.257375,767217925266335522519883445024076189285011550871142232477027495248711373983247735610388702049736613087710340681310587522844892777576906362265240880995955409648802515137759691563363653616862712159688752916061815970988032.000000,2183939385730308635208420668460933914736575353792636055752251780277989982624268939247965316352032902605804190037285301907091865443511872780909337358499977323070554945362491120558481062474374010441479208921758922607624477388728235833881085870080.000000,0.000000,0.000000,0.000000
3.460801,767217925266335522519883445024076189285011550871142232477027495248711373983247735610388702049736613087710340681310587522844892777576906362265240880995955409648802515137759691563363653616862712159688752916061815970988032.000000,2183939385730308635208420668460933914736575353792636055752251780277989982624268939247965316352032902605804190037285301907091865443511872780909337358499977323070554945362491120558481062474374010441479208921758922607624477388728235833881085870080.000000,-0.257375,767217925266335522519883445024076189285011550871142232477027495248711373983247735610388702049736613087710340681310587522844892777576906362265240880995955409648802515137759691563363653616862712159688752916061815970988032.000000,2183939385730308635208420668460933914736575353792636055752251780277989982624268939247965316352032902605804190037285301907091865443511872780909337358499977323070554945362491120558481062474374010441479208921758922607624477388728235833881085870080.000000,0.000000,0.000000,0.000000
3.494014,767217925266335522519883445024076189285011550871142232477027495248711373983247735610388702049736613087710340681310587522844892777576906362265240880995955409648802515137759691563363653616862712159688752916061815970988032.000000,2183939385730308635208420668460933914736575353792636055752251780277989982624268939247965316352032902605804190037285301907091865443511872780909337358499977323070554945362491120558481062474374010441479208921758922607624477388728235833881085870080.000000,-0.257375,767217925266335522519883445024076189285011550871142232477027495248711373983247735610388702049736613087710340681310587522844892777576906362265240880995955409648802515137759691563363653616862712159688752916061815970988032.000000,2183939385730308635208420668460933914736575353792636055752251780277989982624268939247965316352032902605804190037285301907091865443511872780909337358499977323070554945362491120558481062474374010441479208921758922607624477388728235833881085870080.000000,0.000000,0.000000,0.000000
3.527321,767217925266335522519883445024076189285011550871142232477027495248711373983247735610388702049736613087710340681310587522844892777576906362265240880995955409648802515137759691563363653616862712159688752916061815970988032.000000,2183939385730308635208420668460933914736575353792636055752251780277989982624268939247965316352032902605804190037285301907091865443511872780909337358499977323070554945362491120558481062474374010441479208921758922607624477388728235833881085870080.000000,-0.257375,767217925266335522519883445024076189285011550871142232477027495248711373983247735610388702049736613087710340681310587522844892777576906362265240880995955409648802515137759691563363653616862712159688752916061815970988032.000000,2183939385730308635208420668460933914736575353792636055752251780277989982624268939247965316352032902605804190037285301907091865443511872780909337358499977323070554945362491120558481062474374010441479208921758922607624477388728235833881085870080.000000,0.000000,0.000000,0.000000
3.561152,767217925266335522519883445024076189285011550871142232477027495248711373983247735610388702049736613087710340681310587522844892777576906362265240880995955409648802515137759691563363653616862712159688752916061815970988032.000000,2183939385730308635208420668460933914736575353792636055752251780277989982624268939247965316352032902605804190037285301907091865443511872780909337358499977323070554945362491120558481062474374010441479208921758922607624477388728235833881085870080.000000,-0.257375,767217925266335522519883445024076189285011550871142232477027495248711373983247735610388702049736613087710340681310587522844892777576906362265240880995955409648802515137759691563363653616862712159688752916061815970988032.000000,2183939385730308635208420668460933914736575353792636055752251780277989982624268939247965316352032902605804190037285301907091865443511872780909337358499977323070554945362491120558481062474374010441479208921758922607624477388728235833881085870080.000000,0.000000,0.000000,0.000000
3.598595,767217925266335522519883445024076189285011550871142232477027495248711373983247735610388702049736613087710340681310587522844892777576906362265240880995955409648802515137759691563363653616862712159688752916061815970988032.000000,2183939385730308635208420668460933914736575353792636055752251780277989982624268939247965316352032902605804190037285301907091865443511872780909337358499977323070554945362491120558481062474374010441479208921758922607624477388728235833881085870080.000000,-0.257375,767217925266335522519883445024076189285011550871142232477027495248711373983247735610388702049736613087710340681310587522844892777576906362265240880995955409648802515137759691563363653616862712159688752916061815970988032.000000,2183939385730308635208420668460933914736575353792636055752251780277989982624268939247965316352032902605804190037285301907091865443511872780909337358499977323070554945362491120558481062474374010441479208921758922607624477388728235833881085870080.000000,0.000000,0.000000,0.000000
3.630677,767217925266335522519883445024076189285011550871142232477027495248711373983247735610388702049736613087710340681310587522844892777576906362265240880995955409648802515137759691563363653616862712159688752916061815970988032.000000,2183939385730308635208420668460933914736575353792636055752251780277989982624268939247965316352032902605804190037285301907091865443511872780909337358499977323070554945362491120558481062474374010441479208921758922607624477388728235833881085870080.000000,-0.257375,767217925266335522519883445024076189285011550871142232477027495248711373983247735610388702049736613087710340681310587522844892777576906362265240880995955409648802515137759691563363653616862712159688752916061815970988032.000000,2183939385730308635208420668460933914736575353792636055752251780277989982624268939247965316352032902605804190037285301907091865443511872780909337358499977323070554945362491120558481062474374010441479208921758922607624477388728235833881085870080.000000,0.000000,0.000000,0.000000
3.661659,767217925266335522519883445024076189285011550871142232477027495248711373983247735610388702049736613087710340681310587522844892777576906362265240880995955409648802515137759691563363653616862712159688752916061815970988032.000000,2183939385730308635208420668460933914736575353792636055752251780277989982624268939247965316352032902605804190037285301907091865443511872780909337358499977323070554945362491120558481062474374010441479208921758922607624477388728235833881085870080.000000,-0.257375,767217925266335522519883445024076189285011550871142232477027495248711373983247735610388702049736613087710340681310587522844892777576906362265240880995955409648802515137759691563363653616862712159688752916061815970988032.000000,2183939385730308635208420668460933914736575353792636055752251780277989982624268939247965316352032902605804190037285301907091865443511872780909337358499977323070554945362491120558481062474374010441479208921758922607624477388728235833881085870080.000000,0.000000,0.000000,0.000000
3.694203,767217925266335522519883445024076189285011550871142232477027495248711373983247735610388702049736613087710340681310587522844892777576906362265240880995955409648802515137759691563363653616862712159688752916061815970988032.000000,2183939385730308635208420668460933914736575353792636055752251780277989982624268939247965316352032902605804190037285301907091865443511872780909337358499977323070554945362491120558481062474374010441479208921758922607624477388728235833881085870080.000000,-0.257375,767217925266335522519883445024076189285011550871142232477027495248711373983247735610388702049736613087710340681310587522844892777576906362265240880995955409648802515137759691563363653616862712159688752916061815970988032.000000,2183939385730308635208420668460933914736575353792636055752251780277989982624268939247965316352032902605804190037285301907091865443511872780909337358499977323070554945362491120558481062474374010441479208921758922607624477388728235833881085870080.000000,0.000000,0.000000,0.000000
3.727825,767217925266335522519883445024076189285011550871142232477027495248711373983247735610388702049736613087710340681310587522844892777576906362265240880995955409648802515137759691563363653616862712159688752916061815970988032.000000,2183939385730308635208420668460933914736575353792636055752251780277989982624268939247965316352032902605804190037285301907091865443511872780909337358499977323070554945362491120558481062474374010441479208921758922607624477388728235833881085870080.000000,-0.257375,767217925266335522519883445024076189285011550871142232477027495248711373983247735610388702049736613087710340681310587522844892777576906362265240880995955409648802515137759691563363653616862712159688752916061815970988032.000000,2183939385730308635208420668460933914736575353792636055752251780277989982624268939247965316352032902605804190037285301907091865443511872780909337358499977323070554945362491120558481062474374010441479208921758922607624477388728235833881085870080.000000,0.000000,0.000000,0.000000
3.760783,767217925266335522519883445024076189285011550871142232477027495248711373983247735610388702049736613087710340681310587522844892777576906362265240880995955409648802515137759691563363653616862712159688752916061815970988032.000000,2183939385730308635208420668460933914736575353792636055752251780277989982624268939247965316352032902605804190037285301907091865443511872780909337358499977323070554945362491120558481062474374010441479208921758922607624477388728235833881085870080.000000,-0.257375,767217925266335522519883445024076189285011550871142232477027495248711373983247735610388702049736613087710340681310587522844892777576906362265240880995955409648802515137759691563363653616862712159688752916061815970988032.000000,2183939385730308635208420668460933914736575353792636055752251780277989982624268939247965316352032902605804190037285301907091865443511872780909337358499977323070554945362491120558481062474374010441479208921758922607624477388728235833881085870080.000000,0.000000,0.000000,0.000000
3.794113,767217925266335522519883445024076189285011550871142232477027495248711373983247735610388702049736613087710340681310587522844892777576906362265240880995955409648802515137759691563363653616862712159688752916061815970988032.000000,2183939385730308635208420668460933914736575353792636055752251780277989982624268939247965316352032902605804190037285301907091865443511872780909337358499977323070554945362491120558481062474374010441479208921758922607624477388728235833881085870080.000000,-0.257375,767217925266335522519883445024076189285011550871142232477027495248711373983247735610388702049736613087710340681310587522844892777576906362265240880995955409648802515137759691563363653616862712159688752916061815970988032.000000,2183939385730308635208420668460933914736575353792636055752251780277989982624268939247965316352032902605804190037285301907091865443511872780909337358499977323070554945362491120558481062474374010441479208921758922607624477388728235833881085870080.000000,0.000000,0.000000,0.000000
3.827205,767217925266335522519883445024076189285011550871142232477027495248711373983247735610388702049736613087710340681310587522844892777576906362265240880995955409648802515137759691563363653616862712159688752916061815970988032.000000,2183939385730308635208420668460933914736575353792636055752251780277989982624268939247965316352032902605804190037285301907091865443511872780909337358499977323070554945362491120558481062474374010441479208921758922607624477388728235833881085870080.000000,-0.257375,767217925266335522519883445024076189285011550871142232477027495248711373983247735610388702049736613087710340681310587522844892777576906362265240880995955409648802515137759691563363653616862712159688752916061815970988032.000000,2183939385730308635208420668460933914736575353792636055752251780277989982624268939247965316352032902605804190037285301907091865443511872780909337358499977323070554945362491120558481062474374010441479208921758922607624477388728235833881085870080.000000,0.000000,0.000000,0.000000
3.860553,767217925266335522519883445024076189285011550871142232477027495248711373983247735610388702049736613087710340681310587522844892777576906362265240880995955409648802515137759691563363653616862712159688752916061815970988032.000000,2183939385730308635208420668460933914736575353792636055752251780277989982624268939247965316352032902605804190037285301907091865443511872780909337358499977323070554945362491120558481062474374010441479208921758922607624477388728235833881085870080.000000,-0.257375,767217925266335522519883445024076189285011550871142232477027495248711373983247735610388702049736613087710340681310587522844892777576906362265240880995955409648802515137759691563363653616862712159688752916061815970988032.000000,2183939385730308635208420668460933914736575353792636055752251780277989982624268939247965316352032902605804190037285301907091865443511872780909337358499977323070554945362491120558481062474374010441479208921758922607624477388728235833881085870080.000000,0.000000,0.000000,0.000000
3.893733,767217925266335522519883445024076189285011550871142232477027495248711373983247735610388702049736613087710340681310587522844892777576906362265240880995955409648802515137759691563363653616862712159688752916061815970988032.000000,2183939385730308635208420668460933914736575353792636055752251780277989982624268939247965316352032902605804190037285301907091865443511872780909337358499977323070554945362491120558481062474374010441479208921758922607624477388728235833881085870080.000000,-0.257375,767217925266335522519883445024076189285011550871142232477027495248711373983247735610388702049736613087710340681310587522844892777576906362265240880995955409648802515137759691563363653616862712159688752916061815970988032.000000,2183939385730308635208420668460933914736575353792636055752251780277989982624268939247965316352032902605804190037285301907091865443511872780909337358499977323070554945362491120558481062474374010441479208921758922607624477388728235833881085870080.000000,0.000000,0.000000,0.000000
3.927508,767217925266335522519883445024076189285011550871142232477027495248711373983247735610388702049736613087710340681310587522844892777576906362265240880995955409648802515137759691563363653616862712159688752916061815970988032.000000,2183939385730308635208420668460933914736575353792636055752251780277989982624268939247965316352032902605804190037285301907091865443511872780909337358499977323070554945362491120558481062474374010441479208921758922607624477388728235833881085870080.000000,-0.257375,767217925266335522519883445024076189285011550871142232477027495248711373983247735610388702049736613087710340681310587522844892777576906362265240880995955409648802515137759691563363653616862712159688752916061815970988032.000000,2183939385730308635208420668460933914736575353792636055752251780277989982624268939247965316352032902605804190037285301907091865443511872780909337358499977323070554945362491120558481062474374010441479208921758922607624477388728235833881085870080.000000,0.000000,0.000000,0.000000
3.962052,767217925266335522519883445024076189285011550871142232477027495248711373983247735610388702049736613087710340681310587522844892777576906362265240880995955409648802515137759691563363653616862712159688752916061815970988032.000000,2183939385730308635208420668460933914736575353792636055752251780277989982624268939247965316352032902605804190037285301907091865443511872780909337358499977323070554945362491120558481062474374010441479208921758922607624477388728235833881085870080.000000,-0.257375,767217925266335522519883445024076189285011550871142232477027495248711373983247735610388702049736613087710340681310587522844892777576906362265240880995955409648802515137759691563363653616862712159688752916061815970988032.000000,2183939385730308635208420668460933914736575353792636055752251780277989982624268939247965316352032902605804190037285301907091865443511872780909337358499977323070554945362491120558481062474374010441479208921758922607624477388728235833881085870080.000000,0.000000,0.000000,0.000000
3.996022,767217925266335522519883445024076189285011550871142232477027495248711373983247735610388702049736613087710340681310587522844892777576906362265240880995955409648802515137759691563363653616862712159688752916061815970988032.000000,2183939385730308635208420668460933914736575353792636055752251780277989982624268939247965316352032902605804190037285301907091865443511872780909337358499977323070554945362491120558481062474374010441479208921758922607624477388728235833881085870080.000000,-0.257375,767217925266335522519883445024076189285011550871142232477027495248711373983247735610388702049736613087710340681310587522844892777576906362265240880995955409648802515137759691563363653616862712159688752916061815970988032.000000,2183939385730308635208420668460933914736575353792636055752251780277989982624268939247965316352032902605804190037285301907091865443511872780909337358499977323070554945362491120558481062474374010441479208921758922607624477388728235833881085870080.000000,0.000000,0.000000,0.000000
4.028244,767217925266335522519883445024076189285011550871142232477027495248711373983247735610388702049736613087710340681310587522844892777576906362265240880995955409648802515137759691563363653616862712159688752916061815970988032.000000,2183939385730308635208420668460933914736575353792636055752251780277989982624268939247965316352032902605804190037285301907091865443511872780909337358499977323070554945362491120558481062474374010441479208921758922607624477388728235833881085870080.000000,-0.257375,767217925266335522519883445024076189285011550871142232477027495248711373983247735610388702049736613087710340681310587522844892777576906362265240880995955409648802515137759691563363653616862712159688752916061815970988032.000000,2183939385730308635208420668460933914736575353792636055752251780277989982624268939247965316352032902605804190037285301907091865443511872780909337358499977323070554945362491120558481062474374010441479208921758922607624477388728235833881085870080.000000,0.000000,0.000000,0.000000
4.060723,767217925266335522519883445024076189285011550871142232477027495248711373983247735610388702049736613087710340681310587522844892777576906362265240880995955409648802515137759691563363653616862712159688752916061815970988032.000000,2183939385730308635208420668460933914736575353792636055752251780277989982624268939247965316352032902605804190037285301907091865443511872780909337358499977323070554945362491120558481062474374010441479208921758922607624477388728235833881085870080.000000,-0.257375,767217925266335522519883445024076189285011550871142232477027495248711373983247735610388702049736613087710340681310587522844892777576906362265240880995955409648802515137759691563363653616862712159688752916061815970988032.000000,2183939385730308635208420668460933914736575353792636055752251780277989982624268939247965316352032902605804190037285301907091865443511872780909337358499977323070554945362491120558481062474374010441479208921758922607624477388728235833881085870080.000000,0.000000,0.000000,0.000000
4.094155,767217925266335522519883445024076189285011550871142232477027495248711373983247735610388702049736613087710340681310587522844892777576906362265240880995955409648802515137759691563363653616862712159688752916061815970988032.000000,2183939385730308635208420668460933914736575353792636055752251780277989982624268939247965316352032902605804190037285301907091865443511872780909337358499977323070554945362491120558481062474374010441479208921758922607624477388728235833881085870080.000000,-0.257375,767217925266335522519883445024076189285011550871142232477027495248711373983247735610388702049736613087710340681310587522844892777576906362265240880995955409648802515137759691563363653616862712159688752916061815970988032.000000,2183939385730308635208420668460933914736575353792636055752251780277989982624268939247965316352032902605804190037285301907091865443511872780909337358499977323070554945362491120558481062474374010441479208921758922607624477388728235833881085870080.000000,0.000000,0.000000,0.000000
4.127479,767217925266335522519883445024076189285011550871142232477027495248711373983247735610388702049736613087710340681310587522844892777576906362265240880995955409648802515137759691563363653616862712159688752916061815970988032.000000,2183939385730308635208420668460933914736575353792636055752251780277989982624268939247965316352032902605804190037285301907091865443511872780909337358499977323070554945362491120558481062474374010441479208921758922607624477388728235833881085870080.000000,-0.257375,767217925266335522519883445024076189285011550871142232477027495248711373983247735610388702049736613087710340681310587522844892777576906362265240880995955409648802515137759691563363653616862712159688752916061815970988032.000000,2183939385730308635208420668460933914736575353792636055752251780277989982624268939247965316352032902605804190037285301907091865443511872780909337358499977323070554945362491120558481062474374010441479208921758922607624477388728235833881085870080.000000,0.000000,0.000000,0.000000
4.160892,767217925266335522519883445024076189285011550871142232477027495248711373983247735610388702049736613087710340681310587522844892777576906362265240880995955409648802515137759691563363653616862712159688752916061815970988032.000000,2183939385730308635208420668460933914736575353792636055752251780277989982624268939247965316352032902605804190037285301907091865443511872780909337358499977323070554945362491120558481062474374010441479208921758922607624477388728235833881085870080.000000,-0.257375,767217925266335522519883445024076189285011550871142232477027495248711373983247735610388702049736613087710340681310587522844892777576906362265240880995955409648802515137759691563363653616862712159688752916061815970988032.000000,2183939385730308635208420668460933914736575353792636055752251780277989982624268939247965316352032902605804190037285301907091865443511872780909337358499977323070554945362491120558481062474374010441479208921758922607624477388728235833881085870080.000000,0.000000,0.000000,0.000000
4.193875,767217925266335522519883445024076189285011550871142232477027495248711373983247735610388702049736613087710340681310587522844892777576906362265240880995955409648802515137759691563363653616862712159688752916061815970988032.000000,2183939385730308635208420668460933914736575353792636055752251780277989982624268939247965316352032902605804190037285301907091865443511872780909337358499977323070554945362491120558481062474374010441479208921758922607624477388728235833881085870080.000000,-0.257375,767217925266335522519883445024076189285011550871142232477027495248711373983247735610388702049736613087710340681310587522844892777576906362265240880995955409648802515137759691563363653616862712159688752916061815970988032.000000,2183939385730308635208420668460933914736575353792636055752251780277989982624268939247965316352032902605804190037285301907091865443511872780909337358499977323070554945362491120558481062474374010441479208921758922607624477388728235833881085870080.000000,0.000000,0.000000,0.000000
4.227123,767217925266335522519883445024076189285011550871142232477027495248711373983247735610388702049736613087710340681310587522844892777576906362265240880995955409648802515137759691563363653616862712159688752916061815970988032.000000,2183939385730308635208420668460933914736575353792636055752251780277989982624268939247965316352032902605804190037285301907091865443511872780909337358499977323070554945362491120558481062474374010441479208921758922607624477388728235833881085870080.000000,-0.257375,767217925266335522519883445024076189285011550871142232477027495248711373983247735610388702049736613087710340681310587522844892777576906362265240880995955409648802515137759691563363653616862712159688752916061815970988032.000000,2183939385730308635208420668460933914736575353792636055752251780277989982624268939247965316352032902605804190037285301907091865443511872780909337358499977323070554945362491120558481062474374010441479208921758922607624477388728235833881085870080.000000,0.000000,0.000000,0.000000
4.260667,767217925266335522519883445024076189285011550871142232477027495248711373983247735610388702049736613087710340681310587522844892777576906362265240880995955409648802515137759691563363653616862712159688752916061815970988032.000000,2183939385730308635208420668460933914736575353792636055752251780277989982624268939247965316352032902605804190037285301907091865443511872780909337358499977323070554945362491120558481062474374010441479208921758922607624477388728235833881085870080.000000,-0.257375,767217925266335522519883445024076189285011550871142232477027495248711373983247735610388702049736613087710340681310587522844892777576906362265240880995955409648802515137759691563363653616862712159688752916061815970988032.000000,2183939385730308635208420668460933914736575353792636055752251780277989982624268939247965316352032902605804190037285301907091865443511872780909337358499977323070554945362491120558481062474374010441479208921758922607624477388728235833881085870080.000000,0.000000,0.000000,0.000000
4.293948,767217925266335522519883445024076189285011550871142232477027495248711373983247735610388702049736613087710340681310587522844892777576906362265240880995955409648802515137759691563363653616862712159688752916061815970988032.000000,2183939385730308635208420668460933914736575353792636055752251780277989982624268939247965316352032902605804190037285301907091865443511872780909337358499977323070554945362491120558481062474374010441479208921758922607624477388728235833881085870080.000000,-0.257375,767217925266335522519883445024076189285011550871142232477027495248711373983247735610388702049736613087710340681310587522844892777576906362265240880995955409648802515137759691563363653616862712159688752916061815970988032.000000,2183939385730308635208420668460933914736575353792636055752251780277989982624268939247965316352032902605804190037285301907091865443511872780909337358499977323070554945362491120558481062474374010441479208921758922607624477388728235833881085870080.000000,0.000000,0.000000,0.000000
4.327327,767217925266335522519883445024076189285011550871142232477027495248711373983247735610388702049736613087710340681310587522844892777576906362265240880995955409648802515137759691563363653616862712159688752916061815970988032.000000,2183939385730308635208420668460933914736575353792636055752251780277989982624268939247965316352032902605804190037285301907091865443511872780909337358499977323070554945362491120558481062474374010441479208921758922607624477388728235833881085870080.000000,-0.257375,767217925266335522519883445024076189285011550871142232477027495248711373983247735610388702049736613087710340681310587522844892777576906362265240880995955409648802515137759691563363653616862712159688752916061815970988032.000000,2183939385730308635208420668460933914736575353792636055752251780277989982624268939247965316352032902605804190037285301907091865443511872780909337358499977323070554945362491120558481062474374010441479208921758922607624477388728235833881085870080.000000,0.000000,0.000000,0.000000
4.360677,767217925266335522519883445024076189285011550871142232477027495248711373983247735610388702049736613087710340681310587522844892777576906362265240880995955409648802515137759691563363653616862712159688752916061815970988032.000000,2183939385730308635208420668460933914736575353792636055752251780277989982624268939247965316352032902605804190037285301907091865443511872780909337358499977323070554945362491120558481062474374010441479208921758922607624477388728235833881085870080.000000,-0.257375,767217925266335522519883445024076189285011550871142232477027495248711373983247735610388702049736613087710340681310587522844892777576906362265240880995955409648802515137759691563363653616862712159688752916061815970988032.000000,2183939385730308635208420668460933914736575353792636055752251780277989982624268939247965316352032902605804190037285301907091865443511872780909337358499977323070554945362491120558481062474374010441479208921758922607624477388728235833881085870080.000000,0.000000,0.000000,0.000000
4.394468,767217925266335522519883445024076189285011550871142232477027495248711373983247735610388702049736613087710340681310587522844892777576906362265240880995955409648802515137759691563363653616862712159688752916061815970988032.000000,2183939385730308635208420668460933914736575353792636055752251780277989982624268939247965316352032902605804190037285301907091865443511872780909337358499977323070554945362491120558481062474374010441479208921758922607624477388728235833881085870080.000000,-0.257375,767217925266335522519883445024076189285011550871142232477027495248711373983247735610388702049736613087710340681310587522844892777576906362265240880995955409648802515137759691563363653616862712159688752916061815970988032.000000,2183939385730308635208420668460933914736575353792636055752251780277989982624268939247965316352032902605804190037285301907091865443511872780909337358499977323070554945362491120558481062474374010441479208921758922607624477388728235833881085870080.000000,0.000000,0.000000,0.000000
4.427641,767217925266335522519883445024076189285011550871142232477027495248711373983247735610388702049736613087710340681310587522844892777576906362265240880995955409648802515137759691563363653616862712159688752916061815970988032.000000,2183939385730308635208420668460933914736575353792636055752251780277989982624268939247965316352032902605804190037285301907091865443511872780909337358499977323070554945362491120558481062474374010441479208921758922607624477388728235833881085870080.000000,-0.257375,767217925266335522519883445024076189285011550871142232477027495248711373983247735610388702049736613087710340681310587522844892777576906362265240880995955409648802515137759691563363653616862712159688752916061815970988032.000000,2183939385730308635208420668460933914736575353792636055752251780277989982624268939247965316352032902605804190037285301907091865443511872780909337358499977323070554945362491120558481062474374010441479208921758922607624477388728235833881085870080.000000,0.000000,0.000000,0.000000
4.460507,767217925266335522519883445024076189285011550871142232477027495248711373983247735610388702049736613087710340681310587522844892777576906362265240880995955409648802515137759691563363653616862712159688752916061815970988032.000000,2183939385730308635208420668460933914736575353792636055752251780277989982624268939247965316352032902605804190037285301907091865443511872780909337358499977323070554945362491120558481062474374010441479208921758922607624477388728235833881085870080.000000,-0.257375,767217925266335522519883445024076189285011550871142232477027495248711373983247735610388702049736613087710340681310587522844892777576906362265240880995955409648802515137759691563363653616862712159688752916061815970988032.000000,2183939385730308635208420668460933914736575353792636055752251780277989982624268939247965316352032902605804190037285301907091865443511872780909337358499977323070554945362491120558481062474374010441479208921758922607624477388728235833881085870080.000000,0.000000,0.000000,0.000000
4.493902,767217925266335522519883445024076189285011550871142232477027495248711373983247735610388702049736613087710340681310587522844892777576906362265240880995955409648802515137759691563363653616862712159688752916061815970988032.000000,2183939385730308635208420668460933914736575353792636055752251780277989982624268939247965316352032902605804190037285301907091865443511872780909337358499977323070554945362491120558481062474374010441479208921758922607624477388728235833881085870080.000000,-0.257375,767217925266335522519883445024076189285011550871142232477027495248711373983247735610388702049736613087710340681310587522844892777576906362265240880995955409648802515137759691563363653616862712159688752916061815970988032.000000,2183939385730308635208420668460933914736575353792636055752251780277989982624268939247965316352032902605804190037285301907091865443511872780909337358499977323070554945362491120558481062474374010441479208921758922607624477388728235833881085870080.000000,0.000000,0.000000,0.000000
4.527217,767217925266335522519883445024076189285011550871142232477027495248711373983247735610388702049736613087710340681310587522844892777576906362265240880995955409648802515137759691563363653616862712159688752916061815970988032.000000,2183939385730308635208420668460933914736575353792636055752251780277989982624268939247965316352032902605804190037285301907091865443511872780909337358499977323070554945362491120558481062474374010441479208921758922607624477388728235833881085870080.000000,-0.257375,767217925266335522519883445024076189285011550871142232477027495248711373983247735610388702049736613087710340681310587522844892777576906362265240880995955409648802515137759691563363653616862712159688752916061815970988032.000000,2183939385730308635208420668460933914736575353792636055752251780277989982624268939247965316352032902605804190037285301907091865443511872780909337358499977323070554945362491120558481062474374010441479208921758922607624477388728235833881085870080.000000,0.000000,0.000000,0.000000
4.560602,767217925266335522519883445024076189285011550871142232477027495248711373983247735610388702049736613087710340681310587522844892777576906362265240880995955409648802515137759691563363653616862712159688752916061815970988032.000000,2183939385730308635208420668460933914736575353792636055752251780277989982624268939247965316352032902605804190037285301907091865443511872780909337358499977323070554945362491120558481062474374010441479208921758922607624477388728235833881085870080.000000,-0.257375,767217925266335522519883445024076189285011550871142232477027495248711373983247735610388702049736613087710340681310587522844892777576906362265240880995955409648802515137759691563363653616862712159688752916061815970988032.000000,2183939385730308635208420668460933914736575353792636055752251780277989982624268939247965316352032902605804190037285301907091865443511872780909337358499977323070554945362491120558481062474374010441479208921758922607624477388728235833881085870080.000000,0.000000,0.000000,0.000000
4.593809,767217925266335522519883445024076189285011550871142232477027495248711373983247735610388702049736613087710340681310587522844892777576906362265240880995955409648802515137759691563363653616862712159688752916061815970988032.000000,2183939385730308635208420668460933914736575353792636055752251780277989982624268939247965316352032902605804190037285301907091865443511872780909337358499977323070554945362491120558481062474374010441479208921758922607624477388728235833881085870080.000000,-0.257375,767217925266335522519883445024076189285011550871142232477027495248711373983247735610388702049736613087710340681310587522844892777576906362265240880995955409648802515137759691563363653616862712159688752916061815970988032.000000,2183939385730308635208420668460933914736575353792636055752251780277989982624268939247965316352032902605804190037285301907091865443511872780909337358499977323070554945362491120558481062474374010441479208921758922607624477388728235833881085870080.000000,0.000000,0.000000,0.000000
4.627321,767217925266335522519883445024076189285011550871142232477027495248711373983247735610388702049736613087710340681310587522844892777576906362265240880995955409648802515137759691563363653616862712159688752916061815970988032.000000,2183939385730308635208420668460933914736575353792636055752251780277989982624268939247965316352032902605804190037285301907091865443511872780909337358499977323070554945362491120558481062474374010441479208921758922607624477388728235833881085870080.000000,-0.257375,767217925266335522519883445024076189285011550871142232477027495248711373983247735610388702049736613087710340681310587522844892777576906362265240880995955409648802515137759691563363653616862712159688752916061815970988032.000000,2183939385730308635208420668460933914736575353792636055752251780277989982624268939247965316352032902605804190037285301907091865443511872780909337358499977323070554945362491120558481062474374010441479208921758922607624477388728235833881085870080.000000,0.000000,0.000000,0.000000
