time_s,x_m,y_m,yaw_rad,target_x_m,target_y_m,target_error_m,linear_velocity_m_s,angular_velocity_rad_s
0.001463,-4.761712,2.229346,0.185461,-4.650712,2.351383,0.164967,0.075000,1.000000
0.028938,-4.761712,2.229346,0.185461,-4.650712,2.351383,0.164967,0.075000,1.000000
0.062295,-4.761399,2.229405,0.189428,-4.650712,2.351383,0.164713,0.075000,1.000000
0.095563,-4.759657,2.229747,0.206713,-4.650712,2.351383,0.163293,0.075000,1.000000
0.128939,-4.758433,2.230004,0.219785,-4.650712,2.351383,0.162287,0.075000,1.000000
0.162244,-4.755733,2.230627,0.251444,-4.650712,2.351383,0.160036,0.075000,1.000000
0.195561,-4.752736,2.231425,0.289222,-4.650712,2.351383,0.157477,0.075000,1.000000
0.229120,-4.751247,2.231869,0.309141,-4.650712,2.351383,0.156176,0.075000,1.000000
0.262389,-4.748349,2.232823,0.350669,-4.650712,2.351383,0.153589,0.075000,1.000000
0.295642,-4.745599,2.233858,0.393334,-4.650712,2.351383,0.151049,0.075000,1.000000
0.328985,-4.744213,2.234433,0.414198,-4.639646,2.363334,0.165981,0.075000,1.000000
0.362315,-4.741517,2.235648,0.455567,-4.639646,2.363334,0.163344,0.075000,1.000000
0.395593,-4.738870,2.236979,0.496241,-4.639646,2.363334,0.160658,0.075000,1.000000
0.429009,-4.737535,2.237702,0.516365,-4.639646,2.363334,0.159266,0.075000,1.000000
0.462331,-4.735002,2.239170,0.556494,-4.639646,2.363334,0.156555,0.075000,1.000000
0.495652,-4.732391,2.240832,0.596451,-4.639646,2.363334,0.153650,0.075000,1.000000
0.528926,-4.731075,2.241725,0.616362,-4.639646,2.363334,0.152145,0.075000,1.000000
0.562280,-4.728510,2.243577,0.656913,-4.628590,2.375212,0.165263,0.075000,0.791243
0.595755,-4.727282,2.244524,0.677378,-4.628590,2.375212,0.163767,0.075000,0.745333
0.629088,-4.724936,2.246451,0.718112,-4.628590,2.375212,0.160816,0.075000,0.649040
0.662416,-4.722562,2.248561,0.755802,-4.628590,2.375212,0.157706,0.075000,0.557140
0.695600,-4.720299,2.250730,0.788084,-4.628590,2.375212,0.154617,0.075000,0.476080
0.729059,-4.719186,2.251849,0.803131,-4.628590,2.375212,0.153056,0.075000,0.437183
0.762465,-4.717055,2.254081,0.826946,-4.617544,2.387012,0.166052,0.075000,0.304362
0.795568,-4.715102,2.256226,0.848557,-4.617544,2.387012,0.163164,0.075000,0.248997
0.828933,-4.714184,2.257268,0.858331,-4.617544,2.387012,0.161781,0.075000,0.223155
0.862275,-4.712513,2.259216,0.873572,-4.617544,2.387012,0.159220,0.075000,0.182463
0.895697,-4.711540,2.260377,0.880380,-4.617544,2.387012,0.157708,0.075000,0.164427
0.929038,-4.709835,2.262452,0.889913,-4.617544,2.387012,0.155025,0.075000,0.139311
0.962353,-4.708340,2.264304,0.897767,-4.617544,2.387012,0.152648,0.075000,0.117887
0.995644,-4.707363,2.265531,0.901713,-4.617544,2.387012,0.151080,0.075000,0.107295
1.028960,-4.705502,2.267891,0.907414,-4.606510,2.398727,0.164066,0.075000,0.047731
1.062280,-4.704002,2.269815,0.911366,-4.606510,2.398727,0.161627,0.075000,0.036914
1.095585,-4.702694,2.271501,0.914367,-4.606510,2.398727,0.159493,0.075000,0.028498
1.128966,-4.701071,2.273611,0.917125,-4.606510,2.398727,0.156831,0.075000,0.020641
1.162246,-4.699164,2.276104,0.918870,-4.606510,2.398727,0.153692,0.075000,0.015791
1.195651,-4.698201,2.277365,0.919683,-4.606510,2.398727,0.152105,0.075000,0.013451
1.229013,-4.696226,2.279958,0.920664,-4.595488,2.410352,0.164775,0.075000,-0.023233
1.262326,-4.694565,2.282142,0.920963,-4.595488,2.410352,0.162031,0.075000,-0.024953
1.295571,-4.692772,2.284503,0.921633,-4.595488,2.410352,0.159066,0.075000,-0.028006
1.328949,-4.691881,2.285677,0.921687,-4.595488,2.410352,0.157592,0.075000,-0.028703
1.362291,-4.690085,2.288044,0.921650,-4.595488,2.410352,0.154621,0.075000,-0.029697
1.395525,-4.688216,2.290507,0.921218,-4.595488,2.410352,0.151529,0.075000,-0.029486
1.428943,-4.687292,2.291723,0.920947,-4.595488,2.410352,0.150003,0.075000,-0.029188
1.462279,-4.685485,2.294100,0.919954,-4.584480,2.421879,0.162879,0.075000,-0.055427
1.495642,-4.684604,2.295256,0.919522,-4.584480,2.421879,0.161426,0.075000,-0.055091
1.529040,-4.682765,2.297668,0.918603,-4.584480,2.421879,0.158393,0.075000,-0.054306
1.562427,-4.680957,2.300033,0.916892,-4.584480,2.421879,0.155416,0.075000,-0.050878
1.595547,-4.679174,2.302358,0.915702,-4.584480,2.421879,0.152487,0.075000,-0.048934
1.628919,-4.678231,2.303586,0.914621,-4.584480,2.421879,0.150939,0.075000,-0.046362
1.662375,-4.676377,2.305993,0.912999,-4.573486,2.433303,0.163690,0.075000,-0.066944
1.695544,-4.674536,2.308373,0.911891,-4.573486,2.433303,0.160682,0.075000,-0.066005
1.728930,-4.673612,2.309567,0.911106,-4.573486,2.433303,0.159172,0.075000,-0.064798
1.762386,-4.671754,2.311960,0.909451,-4.573486,2.433303,0.156143,0.075000,-0.062014
1.795566,-4.669902,2.314338,0.907469,-4.573486,2.433303,0.153130,0.075000,-0.057983
1.828988,-4.668960,2.315544,0.906361,-4.573486,2.433303,0.151600,0.075000,-0.055505
1.862415,-4.667121,2.317890,0.904792,-4.562507,2.444618,0.164329,0.075000,-0.073301
1.895589,-4.665324,2.320174,0.902739,-4.562507,2.444618,0.161423,0.075000,-0.069577
1.928971,-4.664420,2.321320,0.901576,-4.562507,2.444618,0.159964,0.075000,-0.067218
1.962394,-4.662653,2.323552,0.899414,-4.562507,2.444618,0.157118,0.075000,-0.062767
1.995567,-4.660844,2.325826,0.897048,-4.562507,2.444618,0.154212,0.075000,-0.057451
2.029007,-4.660844,2.325826,0.897048,-4.562507,2.444618,0.154212,0.075000,-0.057451
2.062382,-4.658110,2.329243,0.894166,-4.551545,2.455817,0.165460,0.075000,-0.069963
2.095586,-4.656214,2.331602,0.891707,-4.551545,2.455817,0.162434,0.075000,-0.064999
2.128978,-4.656214,2.331602,0.891707,-4.551545,2.455817,0.162434,0.075000,-0.064999
2.165061,-4.654268,2.334008,0.888759,-4.551545,2.455817,0.159341,0.075000,-0.058251
2.195787,-4.652285,2.336446,0.885731,-4.551545,2.455817,0.156198,0.075000,-0.050877
2.228972,-4.650499,2.338629,0.882635,-4.551545,2.455817,0.153379,0.075000,-0.042629
2.262334,-4.648503,2.341052,0.879497,-4.551545,2.455817,0.150239,0.075000,-0.033923
2.295591,-4.646597,2.343353,0.877335,-4.540599,2.466895,0.162782,0.075000,-0.048079
2.328956,-4.645608,2.344542,0.876250,-4.540599,2.466895,0.161236,0.075000,-0.045641
2.362383,-4.643668,2.346870,0.874226,-4.540599,2.466895,0.158206,0.075000,-0.040976
2.395636,-4.642526,2.348234,0.873364,-4.540599,2.466895,0.156427,0.075000,-0.039159
2.428973,-4.640740,2.350364,0.871639,-4.540599,2.466895,0.153648,0.075000,-0.034947
2.462302,-4.638850,2.352609,0.869773,-4.540599,2.466895,0.150713,0.075000,-0.030098
2.495654,-4.637912,2.353720,0.868962,-4.529672,2.477845,0.164690,0.075000,-0.046475
2.529281,-4.635968,2.356019,0.868007,-4.529672,2.477845,0.161680,0.075000,-0.045257
2.562532,-4.634023,2.358314,0.866695,-4.529672,2.477845,0.158672,0.075000,-0.042834
2.595660,-4.634023,2.358314,0.866695,-4.529672,2.477845,0.158672,0.075000,-0.042834
2.629095,-4.631079,2.361775,0.864056,-4.529672,2.477845,0.154129,0.075000,-0.036769
2.662428,-4.629070,2.364127,0.862713,-4.529672,2.477845,0.151035,0.075000,-0.033827
2.695573,-4.627085,2.366442,0.860631,-4.518764,2.488663,0.163313,0.075000,-0.045972
2.728959,-4.625575,2.368199,0.859511,-4.518764,2.488663,0.160997,0.075000,-0.043825
2.762421,-4.624146,2.369856,0.858443,-4.518764,2.488663,0.158809,0.075000,-0.041667
2.795604,-4.622145,2.372170,0.856859,-4.518764,2.488663,0.155751,0.075000,-0.038210
2.828963,-4.621147,2.373322,0.856103,-4.518764,2.488663,0.154227,0.075000,-0.036519
2.862399,-4.619230,2.375530,0.854588,-4.518764,2.488663,0.151303,0.075000,-0.032915
2.895591,-4.617264,2.377788,0.853266,-4.507876,2.499342,0.163527,0.075000,-0.046593
2.929283,-4.616245,2.378956,0.852454,-4.507876,2.499342,0.161977,0.075000,-0.044983
2.962456,-4.614881,2.380516,0.851251,-4.507876,2.499342,0.159905,0.075000,-0.042396
2.995672,-4.613118,2.382527,0.849784,-4.507876,2.499342,0.157231,0.075000,-0.039168
3.029090,-4.611257,2.384642,0.848065,-4.507876,2.499342,0.154415,0.075000,-0.035018
3.062435,-4.609241,2.386926,0.846551,-4.507876,2.499342,0.151368,0.075000,-0.031420
3.095597,-4.607213,2.389216,0.844768,-4.497008,2.509876,0.163413,0.075000,-0.043192
3.129157,-4.606249,2.390302,0.844092,-4.497008,2.509876,0.161961,0.075000,-0.041882
3.162446,-4.605240,2.391438,0.843443,-4.497008,2.509876,0.160442,0.075000,-0.040657
3.195632,-4.602145,2.394909,0.841145,-4.497008,2.509876,0.155792,0.075000,-0.035674
3.228985,-4.601150,2.396022,0.840578,-4.497008,2.509876,0.154299,0.075000,-0.034530
3.262328,-4.599238,2.398156,0.839370,-4.497008,2.509876,0.151434,0.075000,-0.031845
3.295612,-4.597245,2.400376,0.838100,-4.486163,2.520260,0.163437,0.075000,-0.044692
3.329030,-4.596261,2.401469,0.837342,-4.486163,2.520260,0.161966,0.075000,-0.043167
3.362291,-4.594280,2.403667,0.835974,-4.486163,2.520260,0.159007,0.075000,-0.040471
3.395594,-4.592243,2.405919,0.834378,-4.486163,2.520260,0.155970,0.075000,-0.036922
3.429002,-4.591180,2.407092,0.833539,-4.486163,2.520260,0.154388,0.075000,-0.034966
3.462309,-4.589795,2.408617,0.831845,-4.486163,2.520260,0.152328,0.075000,-0.030358
3.495601,-4.586984,2.411695,0.828732,-4.475341,2.530489,0.163022,0.075000,-0.037763
3.528965,-4.585960,2.412812,0.827973,-4.475341,2.530489,0.161508,0.075000,-0.036128
3.562473,-4.583949,2.415001,0.826856,-4.475341,2.530489,0.158535,0.075000,-0.033955
3.595678,-4.581922,2.417203,0.825560,-4.475341,2.530489,0.155542,0.075000,-0.031089
3.628931,-4.580937,2.418270,0.825020,-4.475341,2.530489,0.154090,0.075000,-0.029926
3.662429,-4.579042,2.420320,0.823577,-4.475341,2.530489,0.151299,0.075000,-0.026250
3.695556,-4.577074,2.422443,0.822856,-4.464542,2.540558,0.163139,0.075000,-0.040631
3.729100,-4.576049,2.423549,0.822180,-4.464542,2.540558,0.161631,0.075000,-0.039303
3.762409,-4.573974,2.425781,0.820965,-4.464542,2.540558,0.158584,0.075000,-0.036983
3.795575,-4.571914,2.427991,0.819424,-4.464542,2.540558,0.155563,0.075000,-0.033449
3.828979,-4.570892,2.429085,0.818938,-4.464542,2.540558,0.154067,0.075000,-0.032524
3.862496,-4.568828,2.431291,0.817774,-4.464542,2.540558,0.151045,0.075000,-0.029967
3.895693,-4.567783,2.432405,0.816855,-4.453769,2.550460,0.164122,0.075000,-0.042793
3.929046,-4.565761,2.434557,0.815233,-4.453769,2.550460,0.161169,0.075000,-0.039316
3.962369,-4.564733,2.435648,0.814558,-4.453769,2.550460,0.159671,0.075000,-0.037945
3.995626,-4.562646,2.437860,0.813448,-4.453769,2.550460,0.156630,0.075000,-0.035872
4.028952,-4.560456,2.440174,0.811228,-4.453769,2.550460,0.153444,0.075000,-0.030111
4.062401,-4.558335,2.442405,0.809480,-4.453769,2.550460,0.150366,0.075000,-0.025515
4.095563,-4.556289,2.444550,0.808047,-4.443022,2.560191,0.161871,0.075000,-0.037930
4.128945,-4.555235,2.445654,0.807423,-4.443022,2.560191,0.160345,0.075000,-0.036713
4.162514,-4.554190,2.446746,0.806721,-4.443022,2.560191,0.158834,0.075000,-0.035204
4.195569,-4.551206,2.449856,0.805188,-4.443022,2.560191,0.154524,0.075000,-0.032185
4.228942,-4.550197,2.450906,0.804621,-4.443022,2.560191,0.153068,0.075000,-0.030949
4.262486,-4.548199,2.452980,0.803232,-4.443022,2.560191,0.150188,0.075000,-0.027505
4.295570,-4.546157,2.455095,0.801696,-4.432302,2.569746,0.161579,0.075000,-0.039666
4.329095,-4.545107,2.456180,0.800911,-4.432302,2.569746,0.160069,0.075000,-0.037967
4.362405,-4.542977,2.458376,0.799613,-4.432302,2.569746,0.157011,0.075000,-0.035309
4.395563,-4.540908,2.460503,0.797652,-4.432302,2.569746,0.154043,0.075000,-0.030291
4.428947,-4.539872,2.461564,0.796788,-4.432302,2.569746,0.152561,0.075000,-0.028049
4.462436,-4.537736,2.463750,0.795928,-4.421609,2.579119,0.163693,0.075000,-0.042140
4.495563,-4.535621,2.465908,0.794652,-4.421609,2.579119,0.160671,0.075000,-0.039754
4.528940,-4.534585,2.466963,0.793948,-4.421609,2.579119,0.159193,0.075000,-0.038285
4.562336,-4.532456,2.469128,0.792867,-4.421609,2.579119,0.156157,0.075000,-0.036314
4.595776,-4.531353,2.470247,0.792110,-4.421609,2.579119,0.154586,0.075000,-0.034606
4.629059,-4.529166,2.472462,0.790461,-4.421609,2.579119,0.151473,0.075000,-0.030568
4.662331,-4.527011,2.474637,0.788947,-4.410946,2.588307,0.162456,0.075000,-0.043007
4.695557,-4.524929,2.476733,0.787947,-4.410946,2.588307,0.159501,0.075000,-0.041465
4.729111,-4.523876,2.477791,0.787432,-4.410946,2.588307,0.158009,0.075000,-0.040620
4.762371,-4.521824,2.479850,0.786532,-4.410946,2.588307,0.155102,0.075000,-0.039244
4.795649,-4.520761,2.480916,0.785855,-4.410946,2.588307,0.153597,0.075000,-0.037812
4.828937,-4.518672,2.483006,0.784426,-4.410946,2.588307,0.150642,0.075000,-0.034548
4.862291,-4.516616,2.485057,0.782676,-4.400314,2.597303,0.161634,0.075000,-0.046462
4.897859,-4.515598,2.486068,0.782164,-4.400314,2.597303,0.160199,0.075000,-0.045697
4.929094,-4.513459,2.488193,0.780460,-4.400314,2.597303,0.157184,0.075000,-0.042025
4.962527,-4.511285,2.490343,0.778803,-4.400314,2.597303,0.154127,0.075000,-0.038310
4.995683,-4.511285,2.490343,0.778803,-4.400314,2.597303,0.154127,0.075000,-0.038310
5.029071,-4.508130,2.493453,0.776904,-4.389712,2.606105,0.163441,0.075000,-0.050345
5.062404,-4.505927,2.495618,0.774921,-4.389712,2.606105,0.160353,0.075000,-0.046094
5.095726,-4.504675,2.496843,0.774037,-4.389712,2.606105,0.158602,0.075000,-0.044329
5.129037,-4.502699,2.498774,0.772645,-4.389712,2.606105,0.155839,0.075000,-0.041429
5.162210,-4.500535,2.500881,0.770564,-4.389712,2.606105,0.152819,0.075000,-0.036243
5.195594,-4.499285,2.502094,0.768975,-4.389712,2.606105,0.151077,0.075000,-0.031825
5.228972,-4.496849,2.504449,0.766693,-4.379143,2.614706,0.161280,0.075000,-0.043278
5.262278,-4.495082,2.506150,0.765691,-4.379143,2.614706,0.158827,0.075000,-0.041456
5.295655,-4.493663,2.507514,0.764902,-4.379143,2.614706,0.156860,0.075000,-0.039988
5.328927,-4.491293,2.509787,0.763327,-4.379143,2.614706,0.153576,0.075000,-0.036568
5.362399,-4.489736,2.511277,0.762561,-4.379143,2.614706,0.151420,0.075000,-0.035078
5.395745,-4.488540,2.512419,0.761705,-4.368607,2.623103,0.163201,0.075000,-0.050219
5.429015,-4.486194,2.514655,0.760470,-4.368607,2.623103,0.159961,0.075000,-0.048394
5.462381,-4.484371,2.516388,0.759304,-4.368607,2.623103,0.157446,0.075000,-0.046236
5.495653,-4.482176,2.518470,0.757387,-4.368607,2.623103,0.154420,0.075000,-0.041828
5.528956,-4.481106,2.519481,0.756466,-4.368607,2.623103,0.152949,0.075000,-0.039628
5.562391,-4.478906,2.521556,0.754864,-4.358107,2.631291,0.163200,0.075000,-0.053388
5.595576,-4.476739,2.523593,0.753296,-4.358107,2.631291,0.160226,0.075000,-0.050475
5.629091,-4.475642,2.524623,0.752539,-4.358107,2.631291,0.158722,0.075000,-0.049053
5.662414,-4.473393,2.526725,0.750016,-4.358107,2.631291,0.155644,0.075000,-0.042870
5.695785,-4.472316,2.527729,0.749124,-4.358107,2.631291,0.154172,0.075000,-0.040801
5.728952,-4.470073,2.529812,0.746853,-4.358107,2.631291,0.151111,0.075000,-0.034921
5.762459,-4.467788,2.531926,0.744527,-4.347641,2.639266,0.161112,0.075000,-0.047682
5.795627,-4.466652,2.532972,0.743527,-4.347641,2.639266,0.159568,0.075000,-0.045477
5.828930,-4.464407,2.535035,0.741825,-4.347641,2.639266,0.156520,0.075000,-0.041798
5.862370,-4.462223,2.537035,0.739986,-4.347641,2.639266,0.153558,0.075000,-0.037414
5.895567,-4.460017,2.539048,0.738474,-4.347641,2.639266,0.150572,0.075000,-0.033865
5.929067,-4.458915,2.540050,0.737905,-4.337213,2.647025,0.162034,0.075000,-0.051912
5.962589,-4.456765,2.542004,0.736699,-4.337213,2.647025,0.159129,0.075000,-0.050018
5.995983,-4.456765,2.542004,0.736699,-4.337213,2.647025,0.159129,0.075000,-0.050018
6.029257,-4.453441,2.545014,0.734095,-4.337213,2.647025,0.154645,0.075000,-0.044461
6.062626,-4.451255,2.546985,0.732308,-4.337213,2.647025,0.151703,0.075000,-0.040291
6.095914,-4.450018,2.548098,0.731305,-4.337213,2.647025,0.150039,0.075000,-0.037847
6.129091,-4.447940,2.549960,0.729585,-4.326822,2.654563,0.160035,0.075000,-0.053806
6.162860,-4.446825,2.550958,0.728504,-4.326822,2.654563,0.158539,0.075000,-0.051420
6.195931,-4.444475,2.553052,0.726819,-4.326822,2.654563,0.155392,0.075000,-0.048077
6.229481,-4.442347,2.554943,0.725147,-4.326822,2.654563,0.152545,0.075000,-0.044385
6.262708,-4.440070,2.556960,0.723270,-4.316471,2.661877,0.162124,0.075000,-0.059962
6.295623,-4.437744,2.559011,0.721308,-4.316471,2.661877,0.159023,0.075000,-0.056127
6.329209,-4.436566,2.560047,0.719873,-4.316471,2.661877,0.157455,0.075000,-0.052696
6.362568,-4.434266,2.562061,0.717173,-4.316471,2.661877,0.154398,0.075000,-0.046016
6.395975,-4.433008,2.563159,0.716045,-4.316471,2.661877,0.152729,0.075000,-0.043333
6.428940,-4.430894,2.564996,0.714028,-4.306160,2.668962,0.162380,0.075000,-0.059080
6.462593,-4.428616,2.566969,0.712245,-4.306160,2.668962,0.159367,0.075000,-0.055723
6.495901,-4.427362,2.568051,0.711302,-4.306160,2.668962,0.157711,0.075000,-0.053912
6.529479,-4.425309,2.569820,0.709950,-4.306160,2.668962,0.155003,0.075000,-0.051433
6.562724,-4.423099,2.571718,0.708034,-4.306160,2.668962,0.152089,0.075000,-0.047098
6.596024,-4.421827,2.572806,0.706936,-4.306160,2.668962,0.150415,0.075000,-0.044502
6.629494,-4.419715,2.574609,0.705402,-4.295891,2.675817,0.159922,0.075000,-0.063062
6.662376,-4.417402,2.576577,0.703428,-4.295891,2.675817,0.156887,0.075000,-0.059206
6.696077,-4.416099,2.577682,0.702213,-4.295891,2.675817,0.155179,0.075000,-0.056600
6.729971,-4.413912,2.579530,0.700093,-4.295891,2.675817,0.152315,0.075000,-0.051755
6.762501,-4.411244,2.581775,0.697491,-4.285664,2.682436,0.160944,0.075000,-0.067698
6.796059,-4.410330,2.582541,0.696622,-4.285664,2.682436,0.159751,0.075000,-0.065992
6.828937,-4.408129,2.584380,0.694173,-4.285664,2.682436,0.156884,0.075000,-0.060594
6.862390,-4.405783,2.586330,0.691324,-4.285664,2.682436,0.153833,0.075000,-0.053720
6.895738,-4.404439,2.587443,0.689706,-4.285664,2.682436,0.152089,0.075000,-0.049641
6.929036,-4.402153,2.589326,0.687505,-4.275482,2.688817,0.161072,0.075000,-0.067390
6.962289,-4.399856,2.591210,0.685405,-4.275482,2.688817,0.158102,0.075000,-0.063272
6.995741,-4.398708,2.592149,0.684378,-4.275482,2.688817,0.156619,0.075000,-0.061198
7.029487,-4.396152,2.594232,0.681835,-4.275482,2.688817,0.153322,0.075000,-0.055529
7.062641,-4.394239,2.595783,0.680294,-4.275482,2.688817,0.150859,0.075000,-0.052230
7.095998,-4.392987,2.596796,0.679262,-4.265344,2.694958,0.161023,0.075000,-0.073558
7.129432,-4.390823,2.598542,0.677117,-4.265344,2.694958,0.158243,0.075000,-0.069363
7.162718,-4.390823,2.598542,0.677117,-4.265344,2.694958,0.158243,0.075000,-0.069363
7.196112,-4.387155,2.601483,0.673455,-4.265344,2.694958,0.153542,0.075000,-0.061634
7.229207,-4.384965,2.603229,0.671352,-4.265344,2.694958,0.150743,0.075000,-0.056939
7.262368,-4.382575,2.605126,0.668529,-4.255253,2.700854,0.159294,0.075000,-0.074817
7.295857,-4.381261,2.606163,0.667072,-4.255253,2.700854,0.157621,0.075000,-0.071794
7.329655,-4.379089,2.607872,0.665208,-4.255253,2.700854,0.154858,0.075000,-0.068330
7.362386,-4.376708,2.609737,0.662233,-4.255253,2.700854,0.151834,0.075000,-0.061246
7.395958,-4.375501,2.610679,0.660723,-4.255253,2.700854,0.150303,0.075000,-0.057475
7.429191,-4.373079,2.612559,0.657805,-4.245210,2.706503,0.158670,0.075000,-0.076159
7.462386,-4.370681,2.614408,0.654290,-4.245210,2.706503,0.155642,0.075000,-0.067812
7.495873,-4.369480,2.615329,0.652859,-4.245210,2.706503,0.154129,0.075000,-0.064510
7.529306,-4.367148,2.617110,0.650478,-4.245210,2.706503,0.151196,0.075000,-0.059121
7.562392,-4.364785,2.618906,0.648060,-4.235215,2.711904,0.159490,0.075000,-0.080019
7.596030,-4.363424,2.619937,0.646420,-4.235215,2.711904,0.157783,0.075000,-0.076562
7.629481,-4.361174,2.621633,0.644107,-4.235215,2.711904,0.154966,0.075000,-0.071880
7.662825,-4.359639,2.622785,0.642530,-4.235215,2.711904,0.153047,0.075000,-0.068542
7.695717,-4.357513,2.624375,0.640249,-4.235215,2.711904,0.150393,0.075000,-0.063375
7.729414,-4.355162,2.626124,0.637365,-4.225271,2.717052,0.158555,0.075000,-0.083919
7.762548,-4.353595,2.627284,0.635937,-4.225271,2.717052,0.156606,0.075000,-0.081463
7.795847,-4.351466,2.628855,0.633790,-4.225271,2.717052,0.153961,0.075000,-0.077297
7.829044,-4.349215,2.630506,0.630567,-4.225271,2.717052,0.151170,0.075000,-0.069466
7.862566,-4.347636,2.631658,0.628666,-4.215378,2.721946,0.160138,0.075000,-0.092621
7.895692,-4.344366,2.634030,0.624722,-4.215378,2.721946,0.156100,0.075000,-0.084752
7.928936,-4.343135,2.634918,0.623016,-4.215378,2.721946,0.154583,0.075000,-0.080909
7.962574,-4.341227,2.636289,0.619933,-4.215378,2.721946,0.152234,0.075000,-0.073301
7.995602,-4.339345,2.637630,0.617298,-4.205538,2.726584,0.160678,0.075000,-0.095186
8.029241,-4.336842,2.639404,0.613670,-4.205538,2.726584,0.157611,0.075000,-0.087368
8.062688,-4.334438,2.641094,0.609920,-4.205538,2.726584,0.154673,0.075000,-0.078551
8.096442,-4.332077,2.642741,0.607135,-4.205538,2.726584,0.151796,0.075000,-0.072340
8.129219,-4.332077,2.642741,0.607135,-4.205538,2.726584,0.151796,0.075000,-0.072340
8.162408,-4.330874,2.643577,0.605649,-4.205538,2.726584,0.150331,0.075000,-0.068815
8.195680,-4.325913,2.646994,0.599521,-4.195752,2.730964,0.154896,0.075000,-0.085792
8.229204,-4.324689,2.647831,0.598008,-4.195752,2.730964,0.153414,0.075000,-0.082528
8.262523,-4.322198,2.649524,0.594924,-4.195752,2.730964,0.150403,0.075000,-0.075566
8.295800,-4.320939,2.650376,0.593410,-4.186021,2.735084,0.159305,0.075000,-0.102831
8.329212,-4.318344,2.652125,0.590560,-4.186021,2.735084,0.156177,0.075000,-0.097836
8.362530,-4.316842,2.653131,0.588585,-4.186021,2.735084,0.154370,0.075000,-0.093743
8.396020,-4.314744,2.654530,0.585867,-4.186021,2.735084,0.151850,0.075000,-0.087904
8.429046,-4.312243,2.656187,0.582686,-4.176348,2.738941,0.159110,0.075000,-0.112194
8.462745,-4.309489,2.657998,0.578232,-4.176348,2.738941,0.155815,0.075000,-0.102632
8.495774,-4.307001,2.659618,0.573546,-4.176348,2.738941,0.152848,0.075000,-0.091257
8.529310,-4.305719,2.660446,0.571254,-4.176348,2.738941,0.151322,0.075000,-0.085538
8.562476,-4.303200,2.662061,0.567008,-4.166732,2.742536,0.158429,0.075000,-0.107921
8.596137,-4.301779,2.662966,0.565088,-4.166732,2.742536,0.156746,0.075000,-0.104133
8.629559,-4.299499,2.664410,0.562271,-4.166732,2.742536,0.154048,0.075000,-0.098633
8.662859,-4.297104,2.665917,0.558807,-4.166732,2.742536,0.151219,0.075000,-0.090861
8.695860,-4.294597,2.667480,0.554936,-4.157176,2.745865,0.158205,0.075000,-0.115549
8.729113,-4.293306,2.668281,0.553338,-4.157176,2.745865,0.156687,0.075000,-0.112702
8.763018,-4.290773,2.669842,0.549394,-4.157176,2.745865,0.153713,0.075000,-0.104230
8.795830,-4.289078,2.670880,0.546282,-4.157176,2.745865,0.151727,0.075000,-0.096725
8.829242,-4.286919,2.672190,0.542412,-4.147680,2.748928,0.158985,0.075000,-0.121689
8.862662,-4.284426,2.673690,0.538643,-4.147680,2.748928,0.156078,0.075000,-0.114148
8.895779,-4.281772,2.675273,0.534950,-4.147680,2.748928,0.152990,0.075000,-0.106688
8.929043,-4.280463,2.676049,0.532752,-4.147680,2.748928,0.151468,0.075000,-0.101588
8.962698,-4.277997,2.677499,0.528582,-4.138247,2.751725,0.158239,0.075000,-0.127432
8.996020,-4.277997,2.677499,0.528582,-4.138247,2.751725,0.158239,0.075000,-0.127432
9.029192,-4.274022,2.679808,0.521764,-4.138247,2.751725,0.153645,0.075000,-0.112773
9.062702,-4.271415,2.681304,0.517362,-4.138247,2.751725,0.150641,0.075000,-0.102651
9.095894,-4.268775,2.682802,0.512158,-4.128878,2.754253,0.157088,0.075000,-0.127142
9.129219,-4.267467,2.683538,0.509828,-4.128878,2.754253,0.155588,0.075000,-0.122123
9.162465,-4.264961,2.684937,0.506316,-4.128878,2.754253,0.152720,0.075000,-0.115224
9.196096,-4.263681,2.685646,0.504368,-4.128878,2.754253,0.151257,0.075000,-0.111026
9.229246,-4.261055,2.687092,0.499641,-4.119573,2.756513,0.157596,0.075000,-0.137920
9.262867,-4.258501,2.688483,0.495152,-4.119573,2.756513,0.154690,0.075000,-0.128594
9.295918,-4.257067,2.689257,0.493068,-4.119573,2.756513,0.153061,0.075000,-0.124541
9.329405,-4.254391,2.690691,0.488231,-4.119573,2.756513,0.150028,0.075000,-0.113443
9.362631,-4.251959,2.691979,0.483502,-4.110335,2.758503,0.156469,0.075000,-0.141738
9.396079,-4.250531,2.692729,0.480716,-4.110335,2.758503,0.154858,0.075000,-0.135719
9.429339,-4.247851,2.694122,0.475252,-4.110335,2.758503,0.151840,0.075000,-0.123096
9.462533,-4.245336,2.695413,0.470356,-4.101165,2.760223,0.158068,0.075000,-0.151408
9.496161,-4.243534,2.696329,0.467008,-4.101165,2.760223,0.156049,0.075000,-0.144634
9.529491,-4.240840,2.697683,0.461616,-4.101165,2.760223,0.153036,0.075000,-0.132708
9.562756,-4.238635,2.698777,0.456859,-4.101165,2.760223,0.150577,0.075000,-0.121235
9.596162,-4.237282,2.699442,0.453685,-4.092065,2.761674,0.157990,0.075000,-0.154434
9.629424,-4.234473,2.700806,0.447183,-4.092065,2.761674,0.154871,0.075000,-0.139642
9.662836,-4.231644,2.702158,0.441417,-4.092065,2.761674,0.151738,0.075000,-0.126394
9.696001,-4.230339,2.702775,0.438903,-4.092065,2.761674,0.150296,0.075000,-0.120475
9.729052,-4.227330,2.704182,0.432381,-4.083035,2.762854,0.155767,0.075000,-0.148203
9.762829,-4.225095,2.705211,0.428648,-4.083035,2.762854,0.153310,0.075000,-0.140791
9.795935,-4.222400,2.706439,0.423970,-4.083035,2.762854,0.150351,0.075000,-0.130771
9.828967,-4.220988,2.707077,0.421223,-4.074077,2.763764,0.157468,0.075000,-0.168086
9.862882,-4.218230,2.708309,0.415636,-4.074077,2.763764,0.154451,0.075000,-0.156590
9.895660,-4.215566,2.709481,0.409727,-4.074077,2.763764,0.151544,0.075000,-0.143113
9.929214,-4.214186,2.710081,0.406342,-4.074077,2.763764,0.150041,0.075000,-0.134722
9.962533,-4.211377,2.711285,0.400112,-4.065194,2.764404,0.155535,0.075000,-0.165706
9.995767,-4.209791,2.711955,0.397115,-4.065194,2.764404,0.153816,0.075000,-0.159702
10.029237,-4.207148,2.713060,0.391704,-4.065194,2.764404,0.150954,0.075000,-0.147828
10.062651,-4.204439,2.714174,0.385806,-4.056385,2.764775,0.156462,0.075000,-0.180394
10.096009,-4.201737,2.715267,0.379512,-4.056385,2.764775,0.153552,0.075000,-0.166737
10.129221,-4.201737,2.715267,0.379512,-4.056385,2.764775,0.153552,0.075000,-0.166737
10.162814,-4.198337,2.716614,0.370299,-4.047654,2.764877,0.158223,0.075000,-0.190541
10.195933,-4.194489,2.718094,0.360445,-4.047654,2.764877,0.154108,0.075000,-0.168656
10.229055,-4.193043,2.718639,0.356398,-4.047654,2.764877,0.152565,0.075000,-0.158837
10.262773,-4.190208,2.719689,0.348629,-4.039000,2.764710,0.157768,0.075000,-0.187641
10.295945,-4.187472,2.720678,0.341755,-4.039000,2.764710,0.154864,0.075000,-0.172491
10.329217,-4.186079,2.721174,0.337639,-4.039000,2.764710,0.153387,0.075000,-0.162429
10.362666,-4.183318,2.722139,0.331270,-4.039000,2.764710,0.150466,0.075000,-0.147564
10.395827,-4.180493,2.723105,0.325090,-4.030427,2.764276,0.155612,0.075000,-0.184104
10.429041,-4.179007,2.723606,0.322011,-4.030427,2.764276,0.154046,0.075000,-0.177890
10.462376,-4.176174,2.724547,0.315932,-4.030427,2.764276,0.151065,0.075000,-0.164800
10.495707,-4.173320,2.725475,0.309252,-4.021934,2.763575,0.156106,0.075000,-0.200681
10.529245,-4.171832,2.725950,0.305639,-4.021934,2.763575,0.154548,0.075000,-0.193081
10.562570,-4.169017,2.726834,0.299325,-4.021934,2.763575,0.151603,0.075000,-0.179776
10.596089,-4.167425,2.727325,0.295035,-4.013525,2.762609,0.157893,0.075000,-0.220428
10.629472,-4.164653,2.728162,0.287145,-4.013525,2.762609,0.155004,0.075000,-0.203216
10.662819,-4.161801,2.729000,0.279441,-4.013525,2.762609,0.152038,0.075000,-0.185843
10.695922,-4.160189,2.729463,0.274621,-4.013525,2.762609,0.150363,0.075000,-0.174002
10.729583,-4.157462,2.730225,0.266242,-4.005200,2.761379,0.155416,0.075000,-0.207093
10.762511,-4.154603,2.730999,0.258866,-4.005200,2.761379,0.152461,0.075000,-0.190933
10.795904,-4.151625,2.731782,0.251346,-3.996961,2.759887,0.157196,0.075000,-0.227507
10.829069,-4.150134,2.732164,0.247351,-3.996961,2.759887,0.155662,0.075000,-0.219216
10.862382,-4.147286,2.732878,0.239768,-3.996961,2.759887,0.152732,0.075000,-0.202817
10.895853,-4.144298,2.733602,0.231144,-3.988810,2.758134,0.157412,0.075000,-0.236930
10.929050,-4.142833,2.733947,0.227088,-3.988810,2.758134,0.155911,0.075000,-0.228543
10.962384,-4.139875,2.734624,0.218684,-3.988810,2.758134,0.152884,0.075000,-0.210131
10.995595,-4.138195,2.734997,0.213121,-3.988810,2.758134,0.151167,0.075000,-0.196569
11.029067,-4.135356,2.735605,0.204079,-3.980747,2.756121,0.155965,0.075000,-0.231106
11.062824,-4.132609,2.736168,0.195757,-3.980747,2.756121,0.153167,0.075000,-0.212403
11.096056,-4.130962,2.736494,0.191214,-3.980747,2.756121,0.151491,0.075000,-0.202164
11.129047,-4.128215,2.737020,0.183301,-3.972775,2.753852,0.156348,0.075000,-0.241021
11.162546,-4.126711,2.737299,0.178789,-3.972775,2.753852,0.154823,0.075000,-0.231260
11.196001,-4.123422,2.737886,0.169499,-3.972775,2.753852,0.151490,0.075000,-0.210793
11.229214,-4.120469,2.738385,0.160995,-3.964896,2.751327,0.156110,0.075000,-0.249559
11.262369,-4.117720,2.738827,0.152481,-3.964896,2.751327,0.153335,0.075000,-0.230896
11.295873,-4.114886,2.739256,0.143710,-3.964896,2.751327,0.150475,0.075000,-0.210552
11.329083,-4.112685,2.739575,0.136366,-3.957110,2.748549,0.155833,0.075000,-0.252398
11.362555,-4.110452,2.739877,0.129459,-3.957110,2.748549,0.153586,0.075000,-0.237333
11.395933,-4.108971,2.740070,0.125289,-3.957110,2.748549,0.152097,0.075000,-0.228331
11.429223,-4.105956,2.740443,0.116300,-3.949420,2.745521,0.156618,0.075000,-0.267449
11.462790,-4.102971,2.740785,0.106584,-3.949420,2.745521,0.153624,0.075000,-0.246315
11.495987,-4.101338,2.740960,0.101351,-3.949420,2.745521,0.151986,0.075000,-0.234486
11.529410,-4.098553,2.741237,0.091935,-3.941827,2.742245,0.156729,0.075000,-0.272436
11.562817,-4.095560,2.741507,0.082630,-3.941827,2.742245,0.153734,0.075000,-0.252883
11.596057,-4.093898,2.741645,0.077351,-3.941827,2.742245,0.152072,0.075000,-0.241135
11.629490,-4.091002,2.741862,0.067129,-3.934333,2.738724,0.156701,0.075000,-0.277752
11.662630,-4.088007,2.742056,0.056446,-3.934333,2.738724,0.153711,0.075000,-0.253884
11.696068,-4.086298,2.742153,0.050378,-3.934333,2.738724,0.152003,0.075000,-0.239716
11.729500,-4.083481,2.742288,0.040368,-3.926939,2.734960,0.156714,0.075000,-0.277691
11.762557,-4.080557,2.742400,0.030641,-3.926939,2.734960,0.153798,0.075000,-0.256672
11.796030,-4.078849,2.742452,0.025240,-3.926939,2.734960,0.152095,0.075000,-0.244749
11.829471,-4.076004,2.742517,0.016395,-3.919646,2.730956,0.156784,0.075000,-0.287269
11.862571,-4.072961,2.742561,0.005517,-3.919646,2.730956,0.153754,0.075000,-0.263333
11.895865,-4.071302,2.742570,-0.000636,-3.919646,2.730956,0.152100,0.075000,-0.248925
11.929039,-4.068566,2.742562,-0.010606,-3.912457,2.726716,0.156911,0.075000,-0.288141
11.962442,-4.066635,2.742541,-0.017872,-3.912457,2.726716,0.154988,0.075000,-0.271984
11.995733,-4.064078,2.742490,-0.026655,-3.912457,2.726716,0.152439,0.075000,-0.252323
12.029451,-4.061045,2.742401,-0.036766,-3.905373,2.722243,0.156971,0.075000,-0.292664
12.062454,-4.058017,2.742282,-0.047818,-3.905373,2.722243,0.153954,0.075000,-0.268332
12.095940,-4.056122,2.742192,-0.054904,-3.905373,2.722243,0.152063,0.075000,-0.251821
12.129225,-4.053567,2.742045,-0.065042,-3.898396,2.717540,0.157094,0.075000,-0.291096
12.162793,-4.051994,2.741943,-0.071311,-3.898396,2.717540,0.155524,0.075000,-0.276928
12.196181,-4.048481,2.741680,-0.084147,-3.898396,2.717540,0.152014,0.075000,-0.247539
12.229464,-4.045971,2.741463,-0.094036,-3.891528,2.712611,0.157115,0.075000,-0.288084
12.262602,-4.043124,2.741189,-0.104672,-3.891528,2.712611,0.154266,0.075000,-0.264357
12.295809,-4.040814,2.740946,-0.112554,-3.891528,2.712611,0.151952,0.075000,-0.246618
12.329251,-4.038620,2.740694,-0.120279,-3.884769,2.707459,0.157400,0.075000,-0.293335
12.362626,-4.035706,2.740335,-0.130112,-3.884769,2.707459,0.154476,0.075000,-0.272690
12.395968,-4.034167,2.740133,-0.134991,-3.884769,2.707459,0.152929,0.075000,-0.262339
12.429360,-4.031221,2.739726,-0.145329,-3.878121,2.702088,0.157658,0.075000,-0.303130
12.462548,-4.028253,2.739285,-0.156174,-3.878121,2.702088,0.154671,0.075000,-0.279918
12.495858,-4.026785,2.739054,-0.161498,-3.878121,2.702088,0.153190,0.075000,-0.268044
12.529259,-4.023901,2.738576,-0.173119,-3.878121,2.702088,0.150276,0.075000,-0.239809
12.562570,-4.020861,2.738034,-0.185706,-3.871587,2.696502,0.154944,0.075000,-0.276087
12.596104,-4.019368,2.737754,-0.191805,-3.871587,2.696502,0.153430,0.075000,-0.261759
12.629560,-4.016279,2.737144,-0.203245,-3.871587,2.696502,0.150291,0.075000,-0.234653
12.662550,-4.013350,2.736532,-0.214882,-3.865168,2.690704,0.155107,0.075000,-0.273850
12.696201,-4.012007,2.736239,-0.220338,-3.865168,2.690704,0.153738,0.075000,-0.261067
12.729528,-4.009099,2.735580,-0.229840,-3.865168,2.690704,0.150764,0.075000,-0.239879
12.762881,-4.006161,2.734886,-0.238201,-3.858865,2.684700,0.155611,0.075000,-0.289359
12.795961,-4.004675,2.734525,-0.242482,-3.858865,2.684700,0.154087,0.075000,-0.281276
12.829351,-4.001525,2.733737,-0.252656,-3.858865,2.684700,0.150853,0.075000,-0.259685
12.862730,-3.999813,2.733295,-0.258069,-3.852680,2.678493,0.157007,0.075000,-0.313116
12.895774,-3.997234,2.732609,-0.267455,-3.852680,2.678493,0.154351,0.075000,-0.293602
12.929095,-3.994452,2.731839,-0.277613,-3.852680,2.678493,0.151476,0.075000,-0.271290
12.962580,-3.992584,2.731307,-0.284265,-3.846615,2.672087,0.157525,0.075000,-0.320492
12.996042,-3.991595,2.731018,-0.288199,-3.846615,2.672087,0.156499,0.075000,-0.312198
13.029077,-3.987157,2.729676,-0.304839,-3.846615,2.672087,0.151883,0.075000,-0.276376
13.066571,-3.985726,2.729226,-0.310971,-3.846615,2.672087,0.150388,0.075000,-0.261581
13.095744,-3.982365,2.728132,-0.326231,-3.840671,2.665488,0.154924,0.075000,-0.290200
13.129054,-3.979973,2.727315,-0.336475,-3.840671,2.665488,0.152406,0.075000,-0.266242
13.162412,-3.977234,2.726348,-0.348771,-3.834850,2.658699,0.157638,0.075000,-0.300153
13.195880,-3.977234,2.726348,-0.348771,-3.834850,2.658699,0.157638,0.075000,-0.300153
13.229305,-3.973178,2.724849,-0.364065,-3.834850,2.658699,0.153332,0.075000,-0.267099
13.262407,-3.970406,2.723785,-0.374780,-3.834850,2.658699,0.150372,0.075000,-0.242024
13.295946,-3.967699,2.722711,-0.386060,-3.829153,2.651726,0.155673,0.075000,-0.280443
13.329224,-3.966325,2.722152,-0.392159,-3.829153,2.651726,0.154195,0.075000,-0.266142
13.362758,-3.964586,2.721433,-0.399858,-3.829153,2.651726,0.152319,0.075000,-0.247542
13.395951,-3.962136,2.720391,-0.411161,-3.823582,2.644572,0.157942,0.075000,-0.283080
13.429046,-3.959542,2.719250,-0.422362,-3.823582,2.644572,0.155119,0.075000,-0.257331
13.462699,-3.956746,2.717986,-0.432999,-3.823582,2.644572,0.152059,0.075000,-0.232761
13.495983,-3.955164,2.717254,-0.439197,-3.823582,2.644572,0.150321,0.075000,-0.217608
13.529415,-3.952536,2.716013,-0.448391,-3.818139,2.637244,0.155779,0.075000,-0.262066
13.562521,-3.949745,2.714663,-0.457907,-3.818139,2.637244,0.152689,0.075000,-0.241577
13.596041,-3.948248,2.713925,-0.463106,-3.818139,2.637244,0.151024,0.075000,-0.229763
13.629446,-3.945935,2.712763,-0.472086,-3.812825,2.629745,0.156877,0.075000,-0.272387
13.662823,-3.943298,2.711410,-0.481698,-3.812825,2.629745,0.153923,0.075000,-0.251693
13.696125,-3.941801,2.710627,-0.486842,-3.812825,2.629745,0.152239,0.075000,-0.240446
13.729478,-3.939391,2.709345,-0.495995,-3.807642,2.622082,0.158028,0.075000,-0.281259
13.762535,-3.936739,2.707902,-0.506093,-3.807642,2.622082,0.155020,0.075000,-0.259683
13.795792,-3.935072,2.706978,-0.512358,-3.807642,2.622082,0.153120,0.075000,-0.245773
13.829031,-3.932521,2.705535,-0.523092,-3.807642,2.622082,0.150197,0.075000,-0.219635
13.862433,-3.930377,2.704293,-0.531861,-3.802591,2.614258,0.156319,0.075000,-0.261758
13.896034,-3.929078,2.703528,-0.536914,-3.802591,2.614258,0.154816,0.075000,-0.250598
13.929028,-3.926063,2.701723,-0.546989,-3.802591,2.614258,0.151313,0.075000,-0.228932
13.962408,-3.924778,2.700940,-0.551330,-3.797674,2.606280,0.158480,0.075000,-0.279789
13.996078,-3.922558,2.699569,-0.558881,-3.797674,2.606280,0.155881,0.075000,-0.264971
14.029401,-3.919982,2.697950,-0.568168,-3.797674,2.606280,0.152849,0.075000,-0.245150
14.062824,-3.917398,2.696292,-0.578504,-3.792892,2.598153,0.158534,0.075000,-0.280373
14.095982,-3.916110,2.695450,-0.584278,-3.792892,2.598153,0.157001,0.075000,-0.267552
14.129226,-3.913639,2.693806,-0.595638,-3.792892,2.598153,0.154043,0.075000,-0.240999
14.166333,-3.912290,2.692892,-0.601696,-3.792892,2.598153,0.152418,0.075000,-0.226345
14.195950,-3.909171,2.690734,-0.615512,-3.788248,2.589882,0.157460,0.075000,-0.252592
14.229232,-3.907632,2.689642,-0.622394,-3.788248,2.589882,0.155579,0.075000,-0.236620
14.262528,-3.905244,2.687919,-0.633410,-3.788248,2.589882,0.152641,0.075000,-0.209637
14.296026,-3.903926,2.686951,-0.639295,-3.788248,2.589882,0.151009,0.075000,-0.194744
14.329453,-3.901658,2.685256,-0.648546,-3.783741,2.581473,0.157084,0.075000,-0.232753
14.362516,-3.899158,2.683353,-0.658138,-3.783741,2.581473,0.153950,0.075000,-0.211100
14.395961,-3.896789,2.681514,-0.665775,-3.783741,2.581473,0.150957,0.075000,-0.194185
14.429218,-3.895513,2.680511,-0.670071,-3.779375,2.572931,0.158308,0.075000,-0.243264
14.462390,-3.893154,2.678635,-0.678588,-3.779375,2.572931,0.155303,0.075000,-0.225308
14.495879,-3.890874,2.676789,-0.687364,-3.779375,2.572931,0.152377,0.075000,-0.205182
14.529538,-3.889724,2.675845,-0.691666,-3.779375,2.572931,0.150891,0.075000,-0.195015
14.562815,-3.887460,2.673963,-0.699931,-3.775150,2.564261,0.156997,0.075000,-0.234567
14.595935,-3.885158,2.672016,-0.708526,-3.775150,2.564261,0.153990,0.075000,-0.215845
14.629052,-3.884010,2.671032,-0.712652,-3.775150,2.564261,0.152481,0.075000,-0.206637
14.662844,-3.881715,2.669042,-0.721308,-3.771068,2.555471,0.158560,0.075000,-0.242979
14.695871,-3.880489,2.667963,-0.726426,-3.771068,2.555471,0.156932,0.075000,-0.231787
14.729198,-3.878427,2.666123,-0.735148,-3.771068,2.555471,0.154175,0.075000,-0.211799
14.762524,-3.876270,2.664164,-0.744199,-3.771068,2.555471,0.151267,0.075000,-0.190030
14.795876,-3.875026,2.663019,-0.749529,-3.767131,2.546564,0.158755,0.075000,-0.232855
14.829052,-3.872934,2.661063,-0.757965,-3.767131,2.546564,0.155898,0.075000,-0.214349
14.862617,-3.870772,2.659009,-0.766882,-3.767131,2.546564,0.152922,0.075000,-0.193552
14.895536,-3.868623,2.656928,-0.776326,-3.763339,2.537548,0.159174,0.075000,-0.225125
14.929225,-3.867545,2.655868,-0.780541,-3.763339,2.537548,0.157666,0.075000,-0.216116
14.962547,-3.865468,2.653805,-0.788950,-3.763339,2.537548,0.154745,0.075000,-0.197142
14.995882,-3.864277,2.652606,-0.793717,-3.763339,2.537548,0.153058,0.075000,-0.185969
15.029242,-3.862213,2.650500,-0.800558,-3.763339,2.537548,0.150114,0.075000,-0.170472
15.062564,-3.861132,2.649386,-0.804225,-3.759694,2.528428,0.157862,0.075000,-0.217493
15.095967,-3.858926,2.647087,-0.811464,-3.759694,2.528428,0.154683,0.075000,-0.203054
15.129223,-3.858006,2.646117,-0.814343,-3.759694,2.528428,0.153349,0.075000,-0.197234
15.165650,-3.854963,2.642870,-0.825371,-3.756199,2.519210,0.158260,0.075000,-0.225687
15.195939,-3.853852,2.641667,-0.829389,-3.756199,2.519210,0.156626,0.075000,-0.217623
15.229053,-3.851958,2.639591,-0.836577,-3.756199,2.519210,0.153823,0.075000,-0.202206
15.262614,-3.849815,2.637206,-0.845769,-3.756199,2.519210,0.150623,0.075000,-0.180281
15.295934,-3.848827,2.636092,-0.850090,-3.752853,2.509899,0.158542,0.075000,-0.222134
15.329205,-3.846940,2.633934,-0.858243,-3.752853,2.509899,0.155682,0.075000,-0.204126
15.362462,-3.844951,2.631622,-0.866666,-3.752853,2.509899,0.152639,0.075000,-0.184674
15.396117,-3.843874,2.630354,-0.871609,-3.752853,2.509899,0.150977,0.075000,-0.172413
15.429213,-3.842003,2.628120,-0.879755,-3.749659,2.500503,0.157524,0.075000,-0.205060
15.462557,-3.839991,2.625677,-0.888227,-3.749659,2.500503,0.154365,0.075000,-0.186010
15.495843,-3.838254,2.623532,-0.895187,-3.749659,2.500503,0.151609,0.075000,-0.169809
15.529211,-3.837326,2.622375,-0.898899,-3.749659,2.500503,0.150128,0.075000,-0.160831
15.562738,-3.835456,2.620015,-0.906163,-3.746618,2.491026,0.156622,0.075000,-0.196245
15.595918,-3.834407,2.618676,-0.909699,-3.746618,2.491026,0.154924,0.075000,-0.189177
15.629559,-3.832608,2.616355,-0.916559,-3.746618,2.491026,0.151992,0.075000,-0.173909
15.662831,-3.830788,2.613973,-0.924508,-3.743730,2.481476,0.158538,0.075000,-0.204767
15.695983,-3.829639,2.612450,-0.929963,-3.743730,2.481476,0.156635,0.075000,-0.192398
15.729513,-3.828132,2.610423,-0.936098,-3.743730,2.481476,0.154113,0.075000,-0.178792
15.763062,-3.826398,2.608061,-0.943504,-3.743730,2.481476,0.151188,0.075000,-0.161212
15.795777,-3.824676,2.605677,-0.950641,-3.740999,2.471858,0.157827,0.075000,-0.194198
15.829510,-3.823824,2.604484,-0.953663,-3.740999,2.471858,0.156364,0.075000,-0.188205
15.862710,-3.822142,2.602106,-0.959616,-3.740999,2.471858,0.153457,0.075000,-0.175947
15.895905,-3.820413,2.599629,-0.966756,-3.740999,2.471858,0.150440,0.075000,-0.159263
15.929409,-3.819533,2.598355,-0.970523,-3.738424,2.462178,0.158502,0.075000,-0.198859
15.962380,-3.817789,2.595798,-0.977699,-3.738424,2.462178,0.155413,0.075000,-0.183690
15.999526,-3.816835,2.594382,-0.981892,-3.738424,2.462178,0.153708,0.075000,-0.174169
16.029212,-3.815225,2.591963,-0.988880,-3.738424,2.462178,0.150806,0.075000,-0.157690
16.062386,-3.813582,2.589456,-0.996254,-3.736007,2.452443,0.157450,0.075000,-0.188386
16.095866,-3.811926,2.586887,-1.003869,-3.736007,2.452443,0.154399,0.075000,-0.171162
16.129475,-3.811130,2.585637,-1.007092,-3.736007,2.452443,0.152919,0.075000,-0.163970
16.162327,-3.809549,2.583128,-1.014261,-3.733750,2.442658,0.159616,0.075000,-0.193166
16.195917,-3.807935,2.580525,-1.021403,-3.733750,2.442658,0.156559,0.075000,-0.177907
16.229440,-3.807154,2.579249,-1.024860,-3.733750,2.442658,0.155065,0.075000,-0.170223
16.262498,-3.805624,2.576722,-1.032054,-3.733750,2.442658,0.152115,0.075000,-0.153165
16.295873,-3.804791,2.575328,-1.035741,-3.733750,2.442658,0.150493,0.075000,-0.144249
16.329041,-3.802940,2.572191,-1.043429,-3.731653,2.432831,0.156535,0.075000,-0.174114
16.362574,-3.802174,2.570876,-1.046806,-3.731653,2.432831,0.155015,0.075000,-0.166669
16.395732,-3.800958,2.568765,-1.052325,-3.731653,2.432831,0.152583,0.075000,-0.153901
16.429438,-3.799578,2.566336,-1.059528,-3.729718,2.422966,0.159485,0.075000,-0.181281
16.462379,-3.798149,2.563782,-1.065953,-3.729718,2.422966,0.156562,0.075000,-0.167551
16.496013,-3.797166,2.562004,-1.070240,-3.729718,2.422966,0.154534,0.075000,-0.158126
16.529266,-3.795898,2.559678,-1.075696,-3.729718,2.422966,0.151888,0.075000,-0.145665
16.562578,-3.794479,2.557040,-1.082203,-3.727946,2.413071,0.158599,0.075000,-0.175486
16.596216,-3.793417,2.555041,-1.088218,-3.727946,2.413071,0.156339,0.075000,-0.161384
16.629436,-3.792409,2.553113,-1.093347,-3.727946,2.413071,0.154166,0.075000,-0.149293
16.662848,-3.791088,2.550549,-1.099412,-3.727946,2.413071,0.151284,0.075000,-0.134911
16.696033,-3.790379,2.549158,-1.102490,-3.726338,2.403152,0.159433,0.075000,-0.172260
16.729401,-3.788970,2.546362,-1.107927,-3.726338,2.403152,0.156307,0.075000,-0.161761
16.762826,-3.787623,2.543655,-1.113491,-3.726338,2.403152,0.153287,0.075000,-0.149988
16.795938,-3.786741,2.541862,-1.117788,-3.726338,2.403152,0.151291,0.075000,-0.139786
16.829213,-3.785638,2.539589,-1.123146,-3.724895,2.393215,0.158478,0.075000,-0.171212
16.862378,-3.784310,2.536812,-1.129315,-3.724895,2.393215,0.155404,0.075000,-0.158131
16.896381,-3.783553,2.535209,-1.132743,-3.724895,2.393215,0.153633,0.075000,-0.150653
16.929043,-3.782367,2.532670,-1.138082,-3.724895,2.393215,0.150834,0.075000,-0.138534
16.962360,-3.781124,2.529968,-1.144265,-3.723619,2.383265,0.157571,0.075000,-0.167945
16.996152,-3.781124,2.529968,-1.144265,-3.723619,2.383265,0.157571,0.075000,-0.167945
17.029254,-3.779334,2.525993,-1.153430,-3.723619,2.383265,0.153216,0.075000,-0.147447
17.062399,-3.778116,2.523237,-1.158771,-3.723619,2.383265,0.150207,0.075000,-0.135569
17.095979,-3.777459,2.521735,-1.162053,-3.722510,2.373311,0.158269,0.075000,-0.171051
17.129235,-3.776356,2.519178,-1.167339,-3.722510,2.373311,0.155489,0.075000,-0.160174
17.162608,-3.775164,2.516372,-1.174138,-3.722510,2.373311,0.152443,0.075000,-0.144250
17.195719,-3.774566,2.514947,-1.177662,-3.722510,2.373311,0.150900,0.075000,-0.135550
17.229220,-3.773468,2.512286,-1.183468,-3.721569,2.363356,0.157713,0.075000,-0.164816
17.262854,-3.772317,2.509452,-1.190085,-3.721569,2.363356,0.154659,0.075000,-0.149929
17.295973,-3.771164,2.506558,-1.196590,-3.721569,2.363356,0.151547,0.075000,-0.134604
17.329203,-3.770601,2.505127,-1.199605,-3.721569,2.363356,0.150010,0.075000,-0.127333
17.362559,-3.769473,2.502216,-1.205669,-3.720798,2.353409,0.156565,0.075000,-0.156411
17.395885,-3.768844,2.500571,-1.209122,-3.720798,2.353409,0.154807,0.075000,-0.148844
17.429207,-3.767781,2.497750,-1.214497,-3.720798,2.353409,0.151795,0.075000,-0.137041
17.462375,-3.766716,2.494875,-1.221064,-3.720198,2.343475,0.158385,0.075000,-0.162933
17.495855,-3.766141,2.493300,-1.224744,-3.720198,2.343475,0.156711,0.075000,-0.154705
17.529429,-3.765228,2.490756,-1.230341,-3.720198,2.343475,0.154011,0.075000,-0.141942
17.562814,-3.764271,2.488044,-1.235423,-3.720198,2.343475,0.151139,0.075000,-0.130517
17.596103,-3.763746,2.486537,-1.238546,-3.719769,2.333559,0.159173,0.075000,-0.164283
17.629710,-3.762851,2.483934,-1.242780,-3.719769,2.333559,0.156425,0.075000,-0.156532
17.662485,-3.761872,2.481046,-1.248127,-3.719769,2.333559,0.153378,0.075000,-0.145320
17.695865,-3.761319,2.479392,-1.251208,-3.719769,2.333559,0.151636,0.075000,-0.138529
17.729223,-3.760430,2.476694,-1.256184,-3.719512,2.323669,0.158401,0.075000,-0.168260
17.762802,-3.759522,2.473891,-1.261996,-3.719512,2.323669,0.155459,0.075000,-0.155942
17.796098,-3.759020,2.472319,-1.265570,-3.719512,2.323669,0.153810,0.075000,-0.147696
17.829303,-3.758142,2.469517,-1.271434,-3.719512,2.323669,0.150876,0.075000,-0.133980
17.862558,-3.757315,2.466823,-1.277024,-3.719429,2.313811,0.157633,0.075000,-0.161860
17.895912,-3.756761,2.464992,-1.280387,-3.719429,2.313811,0.155722,0.075000,-0.155070
17.929275,-3.756045,2.462587,-1.284761,-3.719429,2.313811,0.153215,0.075000,-0.145873
17.962786,-3.755193,2.459678,-1.290825,-3.719429,2.313811,0.150187,0.075000,-0.131557
17.995713,-3.754545,2.457423,-1.296073,-3.719519,2.303990,0.157380,0.075000,-0.159702
18.029208,-3.753932,2.455237,-1.300550,-3.719519,2.303990,0.155113,0.075000,-0.149936
18.062555,-3.753139,2.452362,-1.305944,-3.719519,2.303990,0.152134,0.075000,-0.138079
18.096109,-3.752715,2.450800,-1.308908,-3.719519,2.303990,0.150517,0.075000,-0.131224
18.129095,-3.751996,2.448103,-1.314654,-3.719785,2.294212,0.157226,0.075000,-0.158331
18.162851,-3.751246,2.445224,-1.321389,-3.719785,2.294212,0.154254,0.075000,-0.142605
18.196036,-3.750818,2.443544,-1.324732,-3.719785,2.294212,0.152522,0.075000,-0.134912
18.229205,-3.750110,2.440705,-1.330565,-3.720226,2.284485,0.159053,0.075000,-0.160961
18.262730,-3.749398,2.437782,-1.336345,-3.720226,2.284485,0.156049,0.075000,-0.148641
18.295922,-3.749013,2.436170,-1.339940,-3.720226,2.284485,0.154393,0.075000,-0.140218
18.329046,-3.748379,2.433457,-1.345392,-3.720226,2.284485,0.151610,0.075000,-0.127360
18.362444,-3.747710,2.430522,-1.350948,-3.720844,2.274812,0.158010,0.075000,-0.154977
18.395910,-3.747279,2.428595,-1.354951,-3.720844,2.274812,0.156038,0.075000,-0.146104
18.429351,-3.746721,2.426035,-1.359185,-3.720844,2.274812,0.153421,0.075000,-0.137288
18.462667,-3.746093,2.423093,-1.365851,-3.720844,2.274812,0.150415,0.075000,-0.120587
18.495996,-3.745749,2.421435,-1.369576,-3.721640,2.265201,0.158084,0.075000,-0.152117
18.529235,-3.745192,2.418687,-1.375148,-3.721640,2.265201,0.155283,0.075000,-0.139648
18.562581,-3.744667,2.416014,-1.381601,-3.721640,2.265201,0.152561,0.075000,-0.123459
18.595966,-3.744362,2.414423,-1.384746,-3.721640,2.265201,0.150942,0.075000,-0.115713
18.629223,-3.743854,2.411708,-1.389265,-3.722613,2.255657,0.157489,0.075000,-0.146762
18.662538,-3.743319,2.408780,-1.393831,-3.722613,2.255657,0.154516,0.075000,-0.137650
18.695876,-3.743018,2.407093,-1.396700,-3.722613,2.255657,0.152804,0.075000,-0.131371
18.729507,-3.742507,2.404168,-1.401282,-3.723764,2.246186,0.159089,0.075000,-0.161566
18.762380,-3.741972,2.401025,-1.405646,-3.723764,2.246186,0.155906,0.075000,-0.154189
18.795909,-3.741681,2.399279,-1.409109,-3.723764,2.246186,0.154138,0.075000,-0.146526
18.829050,-3.741227,2.396470,-1.414836,-3.723764,2.246186,0.151295,0.075000,-0.133083
18.862818,-3.740765,2.393502,-1.420922,-3.725095,2.236794,0.157489,0.075000,-0.159354
18.896155,-3.740517,2.391861,-1.424584,-3.725095,2.236794,0.155832,0.075000,-0.151028
18.929330,-3.740115,2.389109,-1.429647,-3.725095,2.236794,0.153054,0.075000,-0.139957
18.962867,-3.739853,2.387261,-1.433317,-3.725095,2.236794,0.151189,0.075000,-0.131306
18.999395,-3.739485,2.384576,-1.439316,-3.726606,2.227486,0.157617,0.075000,-0.157523
19.029690,-3.739098,2.381611,-1.445744,-3.726606,2.227486,0.154630,0.075000,-0.142803
19.062576,-3.738730,2.378654,-1.451053,-3.726606,2.227486,0.151653,0.075000,-0.130899
19.095900,-3.738534,2.377029,-1.454362,-3.726606,2.227486,0.150017,0.075000,-0.122748
19.129048,-3.738213,2.374254,-1.459388,-3.728297,2.218269,0.156300,0.075000,-0.153229
19.162881,-3.738051,2.372804,-1.461765,-3.728297,2.218269,0.154842,0.075000,-0.148460
19.196155,-3.737724,2.369782,-1.467714,-3.728297,2.218269,0.151806,0.075000,-0.134809
19.229220,-3.737447,2.367063,-1.472594,-3.730168,2.209147,0.158084,0.075000,-0.164851
19.262583,-3.737151,2.364026,-1.477756,-3.730168,2.209147,0.155036,0.075000,-0.154700
19.295808,-3.736994,2.362345,-1.480799,-3.730168,2.209147,0.153350,0.075000,-0.148210
19.329723,-3.736736,2.359447,-1.486477,-3.730168,2.209147,0.150444,0.075000,-0.135052
19.362780,-3.736493,2.356513,-1.492927,-3.732221,2.200126,0.156446,0.075000,-0.161524
19.396077,-3.736365,2.354871,-1.496712,-3.732221,2.200126,0.154801,0.075000,-0.152762
19.429048,-3.736153,2.351965,-1.502268,-3.732221,2.200126,0.151890,0.075000,-0.140316
19.462694,-3.735956,2.349026,-1.508086,-3.734456,2.191211,0.157823,0.075000,-0.168484
19.496070,-3.735851,2.347363,-1.511628,-3.734456,2.191211,0.156158,0.075000,-0.160769
19.529483,-3.735686,2.344505,-1.517336,-3.734456,2.191211,0.153299,0.075000,-0.148131
19.562538,-3.735529,2.341467,-1.523799,-3.734456,2.191211,0.150260,0.075000,-0.132588
19.596218,-3.735448,2.339745,-1.527915,-3.736872,2.182408,0.157344,0.075000,-0.164963
19.629292,-3.735326,2.336812,-1.533889,-3.736872,2.182408,0.154412,0.075000,-0.151868
19.662579,-3.735219,2.333784,-1.539609,-3.736872,2.182408,0.151385,0.075000,-0.139043
19.695997,-3.735167,2.332121,-1.543284,-3.739471,2.173721,0.158458,0.075000,-0.172454
19.729352,-3.735095,2.329376,-1.548407,-3.739471,2.173721,0.155717,0.075000,-0.162076
19.762560,-3.735032,2.326405,-1.554362,-3.739471,2.173721,0.152748,0.075000,-0.148898
19.795846,-3.735004,2.324721,-1.558262,-3.739471,2.173721,0.151065,0.075000,-0.139337
19.829048,-3.734971,2.321743,-1.564509,-3.742253,2.165157,0.156755,0.075000,-0.168205
19.862457,-3.734957,2.318775,-1.571298,-3.742253,2.165157,0.153791,0.075000,-0.152606
19.895894,-3.734958,2.317131,-1.574658,-3.742253,2.165157,0.152149,0.075000,-0.144889
19.929052,-3.734973,2.314321,-1.580000,-3.745217,2.156720,0.157934,0.075000,-0.176276
19.962279,-3.735004,2.311329,-1.585068,-3.745217,2.156720,0.154946,0.075000,-0.166733
19.998296,-3.735028,2.309618,-1.587934,-3.745217,2.156720,0.153237,0.075000,-0.161136
20.029509,-3.735080,2.306840,-1.593546,-3.745217,2.156720,0.150462,0.075000,-0.148419
20.062680,-3.735154,2.303764,-1.600813,-3.748365,2.148415,0.155910,0.075000,-0.175718
20.095720,-3.735205,2.302054,-1.604584,-3.748365,2.148415,0.154201,0.075000,-0.167423
20.129254,-3.735253,2.300655,-1.607775,-3.748365,2.148415,0.152804,0.075000,-0.160072
20.162772,-3.735307,2.299188,-1.611052,-3.748365,2.148415,0.151338,0.075000,-0.152375
20.195891,-3.735517,2.294394,-1.621532,-3.751696,2.140246,0.154994,0.075000,-0.173602
20.229504,-3.735645,2.291937,-1.626628,-3.751696,2.140246,0.152537,0.075000,-0.162489
20.262375,-3.735819,2.288887,-1.632687,-3.755210,2.132220,0.157863,0.075000,-0.193902
20.295910,-3.735922,2.287224,-1.636345,-3.755210,2.132220,0.156200,0.075000,-0.186365
20.329354,-3.736111,2.284410,-1.642365,-3.755210,2.132220,0.153384,0.075000,-0.173591
20.362535,-3.736325,2.281488,-1.650001,-3.755210,2.132220,0.150459,0.075000,-0.154953
20.395986,-3.736454,2.279858,-1.653957,-3.758908,2.124339,0.157131,0.075000,-0.191531
20.429426,-3.736698,2.276998,-1.660771,-3.758908,2.124339,0.154266,0.075000,-0.176564
20.462740,-3.736878,2.274998,-1.666005,-3.758908,2.124339,0.152261,0.075000,-0.164081
20.495675,-3.737287,2.270876,-1.676506,-3.762789,2.116609,0.156361,0.075000,-0.185759
20.529281,-3.737449,2.269348,-1.679845,-3.762789,2.116609,0.154827,0.075000,-0.178693
20.562858,-3.737661,2.267407,-1.684685,-3.762789,2.116609,0.152878,0.075000,-0.167473
20.596033,-3.737983,2.264639,-1.691727,-3.762789,2.116609,0.150094,0.075000,-0.150211
20.629261,-3.738323,2.261878,-1.698050,-3.766854,2.109034,0.155484,0.075000,-0.184139
20.662893,-3.738562,2.260006,-1.702377,-3.766854,2.109034,0.153600,0.075000,-0.174621
20.696120,-3.738952,2.257094,-1.708320,-3.766854,2.109034,0.150666,0.075000,-0.161701
20.729611,-3.739299,2.254611,-1.713756,-3.771103,2.101619,0.156262,0.075000,-0.198254
20.762990,-3.739737,2.251602,-1.720348,-3.771103,2.101619,0.153228,0.075000,-0.184616
20.795725,-3.740071,2.249381,-1.725079,-3.771103,2.101619,0.150986,0.075000,-0.174498
20.828965,-3.740425,2.247126,-1.730133,-3.775534,2.094367,0.156742,0.075000,-0.212221
20.862572,-3.740912,2.244125,-1.737778,-3.775534,2.094367,0.153708,0.075000,-0.195753
20.895752,-3.741269,2.242007,-1.743179,-3.775534,2.094367,0.151564,0.075000,-0.183542
20.929496,-3.741648,2.239846,-1.748988,-3.780149,2.087283,0.157346,0.075000,-0.219113
20.962540,-3.742196,2.236840,-1.756954,-3.780149,2.087283,0.154297,0.075000,-0.201982
20.995619,-3.742196,2.236840,-1.756954,-3.780149,2.087283,0.154297,0.075000,-0.201982
21.029232,-3.743056,2.232353,-1.768601,-3.784947,2.080371,0.157650,0.075000,-0.225456
21.062466,-3.743651,2.229419,-1.776798,-3.784947,2.080371,0.154663,0.075000,-0.207683
21.096013,-3.744033,2.227589,-1.782195,-3.784947,2.080371,0.152797,0.075000,-0.195157
21.129220,-3.744577,2.225080,-1.790505,-3.784947,2.080371,0.150235,0.075000,-0.174149
21.162626,-3.745272,2.222004,-1.800036,-3.789928,2.073635,0.154944,0.075000,-0.203530
21.195969,-3.745606,2.220574,-1.803927,-3.789928,2.073635,0.153478,0.075000,-0.194782
21.229548,-3.746304,2.217658,-1.811359,-3.789928,2.073635,0.150485,0.075000,-0.177835
21.262821,-3.747001,2.214838,-1.818230,-3.795091,2.067077,0.155389,0.075000,-0.216110
21.295719,-3.747712,2.212042,-1.825097,-3.795091,2.067077,0.152510,0.075000,-0.201776
21.329505,-3.748087,2.210599,-1.828756,-3.795091,2.067077,0.151022,0.075000,-0.193680
21.362864,-3.748851,2.207722,-1.835489,-3.800436,2.060703,0.155807,0.075000,-0.233290
21.395741,-3.749279,2.206143,-1.839583,-3.800436,2.060703,0.154175,0.075000,-0.225010
21.429277,-3.750057,2.203338,-1.847182,-3.800436,2.060703,0.151270,0.075000,-0.208554
21.462660,-3.750860,2.200530,-1.855983,-3.805963,2.054515,0.156067,0.075000,-0.242195
21.495950,-3.751306,2.199008,-1.860953,-3.805963,2.054515,0.154485,0.075000,-0.231140
21.529596,-3.752116,2.196315,-1.869305,-3.805963,2.054515,0.151680,0.075000,-0.212176
21.562744,-3.753000,2.193461,-1.877842,-3.811672,2.048516,0.156369,0.075000,-0.247807
21.596093,-3.753508,2.191860,-1.882793,-3.811672,2.048516,0.154695,0.075000,-0.237247
21.629206,-3.754392,2.189139,-1.891889,-3.811672,2.048516,0.151841,0.075000,-0.216230
21.662519,-3.755374,2.186212,-1.902904,-3.817561,2.042711,0.156396,0.075000,-0.245341
21.696164,-3.755938,2.184577,-1.908751,-3.817561,2.042711,0.154673,0.075000,-0.231991
21.729249,-3.756914,2.181820,-1.918305,-3.817561,2.042711,0.151755,0.075000,-0.209441
21.762587,-3.757942,2.179002,-1.927470,-3.823630,2.037101,0.156368,0.075000,-0.245559
21.795867,-3.758524,2.177440,-1.932210,-3.823630,2.037101,0.154706,0.075000,-0.235587
21.829123,-3.759527,2.174801,-1.939987,-3.823630,2.037101,0.151889,0.075000,-0.218751
21.862723,-3.760614,2.172011,-1.949430,-3.829880,2.031690,0.156485,0.075000,-0.255031
21.895926,-3.761218,2.170491,-1.954793,-3.829880,2.031690,0.154855,0.075000,-0.243164
21.929495,-3.762281,2.167879,-1.963483,-3.829880,2.031690,0.152043,0.075000,-0.223608
21.962769,-3.763060,2.165998,-1.969992,-3.829880,2.031690,0.150012,0.075000,-0.208055
21.995901,-3.763488,2.164982,-1.973583,-3.836308,2.026481,0.156478,0.075000,-0.259384
22.029244,-3.765334,2.160706,-1.987776,-3.836308,2.026481,0.151834,0.075000,-0.228422
22.062541,-3.766518,2.158047,-1.996645,-3.842915,2.021476,0.156487,0.075000,-0.268650
22.096126,-3.767181,2.156584,-2.001667,-3.842915,2.021476,0.154886,0.075000,-0.258074
22.129036,-3.768410,2.153928,-2.011602,-3.842915,2.021476,0.151968,0.075000,-0.235334
22.162475,-3.769727,2.151157,-2.022481,-3.849700,2.016678,0.156462,0.075000,-0.270725
22.196104,-3.770434,2.149700,-2.027887,-3.849700,2.016678,0.154847,0.075000,-0.259001
22.229252,-3.771771,2.146998,-2.038334,-3.849700,2.016678,0.151842,0.075000,-0.234891
22.262634,-3.773005,2.144569,-2.047778,-3.856661,2.012089,0.156682,0.075000,-0.274917
22.295949,-3.773745,2.143136,-2.053551,-3.856661,2.012089,0.155076,0.075000,-0.262093
22.329233,-3.775161,2.140452,-2.063983,-3.856661,2.012089,0.152050,0.075000,-0.238260
22.362732,-3.776450,2.138066,-2.074111,-3.863799,2.007712,0.156914,0.075000,-0.277043
22.395907,-3.777227,2.136655,-2.080244,-3.863799,2.007712,0.155309,0.075000,-0.263122
22.428943,-3.778796,2.133864,-2.090590,-3.863799,2.007712,0.152118,0.075000,-0.240194
22.462360,-3.780071,2.131646,-2.099252,-3.871112,2.003548,0.157154,0.075000,-0.284127
22.495947,-3.780916,2.130199,-2.104561,-3.871112,2.003548,0.155485,0.075000,-0.273254
22.529212,-3.782438,2.127638,-2.113701,-3.871112,2.003548,0.152517,0.075000,-0.253987
22.562556,-3.783976,2.125103,-2.124905,-3.878599,1.999600,0.157178,0.075000,-0.291985
22.596018,-3.784830,2.123722,-2.131046,-3.878599,1.999600,0.155560,0.075000,-0.278429
22.629476,-3.786459,2.121142,-2.142559,-3.878599,1.999600,0.152520,0.075000,-0.251842
22.662542,-3.788037,2.118703,-2.153392,-3.886260,1.995868,0.157277,0.075000,-0.291821
22.696064,-3.789089,2.117107,-2.160028,-3.886260,1.995868,0.155374,0.075000,-0.277746
22.729389,-3.790518,2.114979,-2.169216,-3.886260,1.995868,0.152820,0.075000,-0.257027
22.762607,-3.792132,2.112623,-2.179424,-3.894093,1.992356,0.157671,0.075000,-0.299478
22.795978,-3.793018,2.111353,-2.185002,-3.894093,1.992356,0.156130,0.075000,-0.287636
22.829043,-3.794651,2.109049,-2.195397,-3.894093,1.992356,0.153317,0.075000,-0.264362
22.862587,-3.796335,2.106724,-2.206622,-3.894093,1.992356,0.150455,0.075000,-0.237189
22.895958,-3.797300,2.105416,-2.212663,-3.902098,1.989064,0.156589,0.075000,-0.291224
22.929324,-3.799081,2.103047,-2.223104,-3.902098,1.989064,0.153637,0.075000,-0.268508
22.962467,-3.800917,2.100654,-2.232852,-3.902098,1.989064,0.150632,0.075000,-0.246933
22.996049,-3.802156,2.099064,-2.240610,-3.910272,1.985994,0.156442,0.075000,-0.297418
23.029490,-3.803732,2.097083,-2.249615,-3.910272,1.985994,0.153921,0.075000,-0.277989
23.062275,-3.805590,2.094790,-2.260898,-3.910272,1.985994,0.150981,0.075000,-0.251540
23.096054,-3.806668,2.093485,-2.267729,-3.918616,1.983147,0.157185,0.075000,-0.303987
23.129049,-3.808501,2.091307,-2.278652,-3.918616,1.983147,0.154350,0.075000,-0.279852
23.168889,-3.810509,2.088973,-2.289777,-3.918616,1.983147,0.151282,0.075000,-0.254495
23.195954,-3.811718,2.087591,-2.296511,-3.927128,1.980523,0.157426,0.075000,-0.308096
23.229506,-3.813369,2.085739,-2.305501,-3.927128,1.980523,0.154956,0.075000,-0.289004
23.262669,-3.815433,2.083465,-2.315985,-3.927128,1.980523,0.151897,0.075000,-0.266220
23.295935,-3.816518,2.082290,-2.322255,-3.927128,1.980523,0.150303,0.075000,-0.251104
23.329229,-3.818466,2.080216,-2.333314,-3.935806,1.978124,0.155535,0.075000,-0.296167
23.362549,-3.820421,2.078180,-2.343655,-3.935806,1.978124,0.152724,0.075000,-0.273298
23.395847,-3.821548,2.077024,-2.349317,-3.935806,1.978124,0.151116,0.075000,-0.260475
23.429222,-3.823555,2.075000,-2.359995,-3.944650,1.975951,0.156444,0.075000,-0.306378
23.462634,-3.825602,2.072979,-2.369900,-3.944650,1.975951,0.153580,0.075000,-0.285650
23.495849,-3.826803,2.071810,-2.376104,-3.944650,1.975951,0.151910,0.075000,-0.271620
23.529378,-3.828946,2.069763,-2.388019,-3.953657,1.974004,0.157234,0.075000,-0.313513
23.562823,-3.831044,2.067806,-2.399356,-3.953657,1.974004,0.154378,0.075000,-0.288497
23.596053,-3.832247,2.066702,-2.407096,-3.953657,1.974004,0.152752,0.075000,-0.269431
23.629499,-3.834273,2.064883,-2.418235,-3.953657,1.974004,0.150038,0.075000,-0.242076
23.662650,-3.836509,2.062920,-2.429040,-3.962827,1.972284,0.155471,0.075000,-0.289580
23.695924,-3.837756,2.061842,-2.434686,-3.962827,1.972284,0.153829,0.075000,-0.277513
23.729658,-3.839935,2.059991,-2.444017,-3.962827,1.972284,0.150980,0.075000,-0.257134
23.762551,-3.842425,2.057915,-2.455287,-3.972158,1.970790,0.156273,0.075000,-0.303235
23.795825,-3.843588,2.056962,-2.460563,-3.972158,1.970790,0.154777,0.075000,-0.292156
23.829068,-3.845817,2.055165,-2.471107,-3.972158,1.970790,0.151925,0.075000,-0.268500
23.862371,-3.848048,2.053407,-2.482849,-3.981649,1.969524,0.157752,0.075000,-0.310385
23.895869,-3.849508,2.052277,-2.490545,-3.981649,1.969524,0.155914,0.075000,-0.293177
23.929060,-3.851610,2.050684,-2.500960,-3.981649,1.969524,0.153288,0.075000,-0.269322
23.962355,-3.853887,2.048995,-2.511885,-3.981649,1.969524,0.150462,0.075000,-0.243206
23.995784,-3.855264,2.047991,-2.517947,-3.991298,1.968484,0.157564,0.075000,-0.300144
24.029324,-3.857659,2.046279,-2.529159,-3.991298,1.968484,0.154633,0.075000,-0.275351
24.062387,-3.860211,2.044493,-2.540251,-3.991298,1.968484,0.151529,0.075000,-0.250130
24.096092,-3.861626,2.043522,-2.547116,-4.001103,1.967671,0.158768,0.075000,-0.303063
24.129467,-3.864094,2.041864,-2.558332,-4.001103,1.967671,0.155808,0.075000,-0.278673
24.168121,-3.865346,2.041038,-2.563600,-4.001103,1.967671,0.154314,0.075000,-0.267091
24.195868,-3.868542,2.038968,-2.577663,-4.001103,1.967671,0.150518,0.075000,-0.233874
24.229214,-3.870475,2.037751,-2.585885,-4.011063,1.967084,0.157349,0.075000,-0.285410
24.262732,-3.873093,2.036134,-2.596749,-4.011063,1.967084,0.154284,0.075000,-0.261622
24.295962,-3.874461,2.035306,-2.601919,-4.011063,1.967084,0.152690,0.075000,-0.250236
24.329217,-3.876868,2.033871,-2.611724,-4.021176,1.966723,0.159165,0.075000,-0.295971
24.362671,-3.879365,2.032415,-2.622980,-4.021176,1.966723,0.156287,0.075000,-0.270983
24.395912,-3.880729,2.031637,-2.628375,-4.021176,1.966723,0.154723,0.075000,-0.259115
24.429216,-3.883266,2.030216,-2.638551,-4.021176,1.966723,0.151824,0.075000,-0.235532
24.462690,-3.885900,2.028774,-2.648527,-4.031441,1.966587,0.158269,0.075000,-0.281625
24.495916,-3.887643,2.027838,-2.655003,-4.031441,1.966587,0.156298,0.075000,-0.268133
24.529285,-3.890096,2.026547,-2.664279,-4.031441,1.966587,0.153536,0.075000,-0.247634
24.562631,-3.892631,2.025243,-2.674513,-4.031441,1.966587,0.150694,0.075000,-0.223049
24.596074,-3.894070,2.024518,-2.680986,-4.041855,1.966676,0.158701,0.075000,-0.275466
24.629484,-3.896523,2.023309,-2.691978,-4.041855,1.966676,0.155976,0.075000,-0.249904
24.662464,-3.899207,2.022020,-2.701908,-4.041855,1.966676,0.153007,0.075000,-0.227212
24.695934,-3.900710,2.021313,-2.707292,-4.041855,1.966676,0.151351,0.075000,-0.214466
24.729216,-3.903338,2.020101,-2.715915,-4.052417,1.966988,0.158258,0.075000,-0.263271
24.762540,-3.906186,2.018817,-2.725366,-4.052417,1.966988,0.155144,0.075000,-0.243441
24.795994,-3.907730,2.018135,-2.730388,-4.052417,1.966988,0.153461,0.075000,-0.232492
24.829315,-3.910393,2.016981,-2.739744,-4.052417,1.966988,0.150565,0.075000,-0.210375
24.862769,-3.913127,2.015827,-2.749830,-4.063125,1.967523,0.157584,0.075000,-0.254261
24.896031,-3.914846,2.015116,-2.755362,-4.063125,1.967523,0.155729,0.075000,-0.242647
24.929053,-3.917219,2.014156,-2.762753,-4.063125,1.967523,0.153177,0.075000,-0.226642
24.962466,-3.919017,2.013441,-2.768542,-4.063125,1.967523,0.151247,0.075000,-0.213368
24.995756,-3.921405,2.012512,-2.776611,-4.073977,1.968279,0.158855,0.075000,-0.260333
25.029172,-3.924212,2.011446,-2.785909,-4.073977,1.968279,0.155862,0.075000,-0.240550
25.062775,-3.925948,2.010801,-2.792066,-4.073977,1.968279,0.154015,0.075000,-0.226417
25.095780,-3.928710,2.009802,-2.801764,-4.073977,1.968279,0.151085,0.075000,-0.203116
25.129070,-3.931223,2.008920,-2.810825,-4.084971,1.969254,0.158783,0.075000,-0.246264
25.162677,-3.934040,2.007960,-2.820149,-4.084971,1.969254,0.155815,0.075000,-0.225751
25.195905,-3.935468,2.007484,-2.824474,-4.084971,1.969254,0.154313,0.075000,-0.216185
25.229255,-3.938354,2.006545,-2.834285,-4.084971,1.969254,0.151285,0.075000,-0.192406
25.262638,-3.941149,2.005664,-2.842738,-4.096105,1.970448,0.158908,0.075000,-0.236977
25.295870,-3.942616,2.005212,-2.847247,-4.096105,1.970448,0.157376,0.075000,-0.227324
25.329078,-3.945613,2.004310,-2.855402,-4.096105,1.970448,0.154255,0.075000,-0.210111
25.362543,-3.948604,2.003436,-2.863821,-4.096105,1.970448,0.151145,0.075000,-0.190923
25.396037,-3.950107,2.003008,-2.868579,-4.107378,1.971858,0.160325,0.075000,-0.241399
25.429444,-3.953044,2.002192,-2.877113,-4.107378,1.971858,0.157287,0.075000,-0.223634
25.462707,-3.955934,2.001414,-2.885550,-4.107378,1.971858,0.154301,0.075000,-0.204994
25.496025,-3.957495,2.001006,-2.890541,-4.107378,1.971858,0.152690,0.075000,-0.193026
25.529037,-3.960205,2.000317,-2.898118,-4.118786,1.973483,0.160835,0.075000,-0.235582
25.562853,-3.963229,1.999572,-2.907322,-4.118786,1.973483,0.157730,0.075000,-0.215722
25.596006,-3.964876,1.999179,-2.912379,-4.118786,1.973483,0.156040,0.075000,-0.204250
25.629486,-3.967603,1.998549,-2.920949,-4.118786,1.973483,0.153247,0.075000,-0.183723
25.662776,-3.970330,1.997944,-2.931588,-4.118786,1.973483,0.150457,0.075000,-0.155139
25.696060,-3.971842,1.997622,-2.936095,-4.130328,1.975321,0.160048,0.075000,-0.205103
25.729497,-3.974589,1.997055,-2.942924,-4.130328,1.975321,0.157248,0.075000,-0.190704
25.762529,-3.977670,1.996439,-2.949809,-4.130328,1.975321,0.154111,0.075000,-0.176140
25.796007,-3.979331,1.996117,-2.953383,-4.130328,1.975321,0.152423,0.075000,-0.168358
25.829397,-3.982235,1.995569,-2.960422,-4.142002,1.977369,0.160800,0.075000,-0.210485
25.862600,-3.985364,1.995002,-2.968378,-4.142002,1.977369,0.157627,0.075000,-0.193741
25.895940,-3.986984,1.994718,-2.972164,-4.142002,1.977369,0.155986,0.075000,-0.185727
25.929040,-3.989892,1.994226,-2.979149,-4.142002,1.977369,0.153041,0.075000,-0.170051
25.962563,-3.991831,1.993908,-2.984065,-4.142002,1.977369,0.151079,0.075000,-0.158247
25.995647,-3.992890,1.993740,-2.986710,-4.142002,1.977369,0.150008,0.075000,-0.151708
26.028947,-3.997323,1.993065,-2.997978,-4.153805,1.979625,0.157058,0.075000,-0.184356
26.062561,-4.000195,1.992654,-3.004312,-4.153805,1.979625,0.154162,0.075000,-0.170746
26.096062,-4.001820,1.992429,-3.007894,-4.153805,1.979625,0.152523,0.075000,-0.162708
26.129048,-4.004750,1.992040,-3.015167,-4.165735,1.982088,0.161293,0.075000,-0.200364
26.162533,-4.007840,1.991652,-3.022719,-4.165735,1.982088,0.158184,0.075000,-0.184405
26.196020,-4.009397,1.991466,-3.026214,-4.165735,1.982088,0.156619,0.075000,-0.176967
26.229258,-4.012216,1.991144,-3.032668,-4.165735,1.982088,0.153787,0.075000,-0.162503
26.262393,-4.015192,1.990823,-3.038912,-4.165735,1.982088,0.150796,0.075000,-0.148235
26.295882,-4.016796,1.990658,-3.042403,-4.177791,1.984753,0.161103,0.075000,-0.193950
26.329314,-4.019685,1.990375,-3.049026,-4.177791,1.984753,0.158205,0.075000,-0.180132
26.362576,-4.022709,1.990099,-3.055683,-4.177791,1.984753,0.155174,0.075000,-0.165722
26.395978,-4.024255,1.989966,-3.059567,-4.177791,1.984753,0.153624,0.075000,-0.156456
26.429256,-4.027231,1.989727,-3.067211,-4.177791,1.984753,0.150642,0.075000,-0.137245
26.462381,-4.030038,1.989522,-3.073930,-4.189969,1.987620,0.159942,0.075000,-0.174248
26.496034,-4.031626,1.989415,-3.077256,-4.189969,1.987620,0.158353,0.075000,-0.167275
26.529369,-4.034631,1.989226,-3.083636,-4.189969,1.987620,0.155346,0.075000,-0.153203
26.562533,-4.037437,1.989067,-3.089311,-4.189969,1.987620,0.152538,0.075000,-0.140230
26.596117,-4.039399,1.988964,-3.093881,-4.189969,1.987620,0.150576,0.075000,-0.128748
26.629225,-4.042220,1.988834,-3.100080,-4.202267,1.990684,0.160058,0.075000,-0.165713
26.662913,-4.045244,1.988712,-3.105911,-4.202267,1.990684,0.157035,0.075000,-0.153541
26.696099,-4.047486,1.988632,-3.110220,-4.202267,1.990684,0.154795,0.075000,-0.144113
26.729046,-4.050419,1.988543,-3.115897,-4.202267,1.990684,0.151863,0.075000,-0.130984
26.762736,-4.052584,1.988490,-3.120307,-4.214683,1.993943,0.162191,0.075000,-0.169207
26.795950,-4.054464,1.988450,-3.123680,-4.214683,1.993943,0.160314,0.075000,-0.162686
26.828948,-4.057071,1.988406,-3.128247,-4.214683,1.993943,0.157710,0.075000,-0.153584
26.862567,-4.060006,1.988371,-3.133987,-4.214683,1.993943,0.154778,0.075000,-0.140853
26.895968,-4.061612,1.988358,-3.137445,-4.214683,1.993943,0.153174,0.075000,-0.132543
26.929505,-4.064501,1.988351,3.139356,-4.214683,1.993943,0.150286,0.075000,-0.116352
26.962423,-4.067416,1.988361,3.133663,-4.227215,1.997394,0.160054,0.075000,-0.151568
26.996056,-4.069341,1.988376,3.130248,-4.227215,1.997394,0.158131,0.075000,-0.144491
27.029210,-4.071962,1.988409,3.125683,-4.227215,1.997394,0.155512,0.075000,-0.134675
27.062509,-4.074943,1.988460,3.120360,-4.227215,1.997394,0.152533,0.075000,-0.122475
27.095975,-4.076560,1.988495,3.117362,-4.227215,1.997394,0.150918,0.075000,-0.115185
27.129315,-4.079534,1.988571,3.111593,-4.239859,2.001034,0.160809,0.075000,-0.147885
27.162493,-4.081143,1.988619,3.108504,-4.239859,2.001034,0.159201,0.075000,-0.141196
27.195904,-4.084401,1.988732,3.102641,-4.239859,2.001034,0.155944,0.075000,-0.128277
27.229215,-4.087250,1.988846,3.097447,-4.239859,2.001034,0.153095,0.075000,-0.116065
27.262389,-4.090096,1.988975,3.092723,-4.239859,2.001034,0.150248,0.075000,-0.104738
27.295837,-4.091590,1.989048,3.089966,-4.252614,2.004859,0.161798,0.075000,-0.142877
27.329453,-4.094397,1.989196,3.085238,-4.252614,2.004859,0.158990,0.075000,-0.133043
27.362598,-4.097339,1.989365,3.081213,-4.252614,2.004859,0.156046,0.075000,-0.125161
27.396106,-4.098956,1.989463,3.078769,-4.252614,2.004859,0.154427,0.075000,-0.119891
27.429216,-4.101916,1.989653,3.073439,-4.252614,2.004859,0.151463,0.075000,-0.106959
27.462655,-4.104951,1.989865,3.068135,-4.265477,2.008866,0.161647,0.075000,-0.137175
27.496026,-4.106559,1.989983,3.065516,-4.265477,2.008866,0.160036,0.075000,-0.131775
27.529346,-4.109490,1.990210,3.060326,-4.265477,2.008866,0.157099,0.075000,-0.120167
27.562627,-4.112485,1.990458,3.055212,-4.265477,2.008866,0.154096,0.075000,-0.108237
27.596082,-4.114021,1.990591,3.052827,-4.265477,2.008866,0.152555,0.075000,-0.102623
27.629547,-4.116967,1.990856,3.047824,-4.278445,2.013051,0.162996,0.075000,-0.131317
27.662694,-4.120104,1.991155,3.042883,-4.278445,2.013051,0.159848,0.075000,-0.121031
27.696124,-4.121710,1.991314,3.040530,-4.278445,2.013051,0.158235,0.075000,-0.116079
27.729649,-4.124618,1.991613,3.035566,-4.278445,2.013051,0.155314,0.075000,-0.104443
27.762570,-4.127579,1.991932,3.030509,-4.278445,2.013051,0.152337,0.075000,-0.091887
27.796185,-4.129131,1.992105,3.028385,-4.278445,2.013051,0.150776,0.075000,-0.086758
27.829068,-4.131989,1.992433,3.024329,-4.291516,2.017411,0.161471,0.075000,-0.117797
27.862616,-4.134920,1.992781,3.020536,-4.291516,2.017411,0.158521,0.075000,-0.110211
27.895874,-4.136465,1.992969,3.018825,-4.291516,2.017411,0.156966,0.075000,-0.106960
27.929269,-4.139302,1.993321,3.015022,-4.291516,2.017411,0.154108,0.075000,-0.098577
27.962265,-4.142282,1.993704,3.010369,-4.291516,2.017411,0.151105,0.075000,-0.087066
27.995782,-4.143872,1.993914,3.008135,-4.304686,2.021941,0.163238,0.075000,-0.119712
28.029258,-4.146803,1.994311,3.003716,-4.304686,2.021941,0.160283,0.075000,-0.110330
28.062632,-4.149678,1.994712,2.999861,-4.304686,2.021941,0.157382,0.075000,-0.102139
28.096115,-4.151257,1.994938,2.997942,-4.304686,2.021941,0.155787,0.075000,-0.098086
28.129546,-4.152591,1.995131,2.996368,-4.304686,2.021941,0.154441,0.075000,-0.094712
28.162380,-4.157115,1.995802,2.989707,-4.317955,2.026639,0.163769,0.075000,-0.114584
28.195731,-4.159378,1.996149,2.986173,-4.317955,2.026639,0.161481,0.075000,-0.106921
28.229253,-4.161704,1.996515,2.983035,-4.317955,2.026639,0.159128,0.075000,-0.100218
28.262692,-4.164795,1.997012,2.978279,-4.317955,2.026639,0.155998,0.075000,-0.088985
28.295775,-4.166380,1.997273,2.976135,-4.317955,2.026639,0.154393,0.075000,-0.083903
28.329217,-4.169184,1.997744,2.972269,-4.317955,2.026639,0.151550,0.075000,-0.074265
28.362614,-4.172126,1.998250,2.968715,-4.331317,2.031499,0.162627,0.075000,-0.101531
28.396093,-4.173681,1.998521,2.966832,-4.331317,2.031499,0.161049,0.075000,-0.097685
28.429265,-4.176370,1.998998,2.964516,-4.331317,2.031499,0.158319,0.075000,-0.093740
28.462877,-4.179380,1.999539,2.960801,-4.331317,2.031499,0.155262,0.075000,-0.085455
28.496091,-4.180960,1.999828,2.958773,-4.331317,2.031499,0.153657,0.075000,-0.080654
28.529266,-4.183835,2.000362,2.954811,-4.331317,2.031499,0.150733,0.075000,-0.070614
28.562451,-4.186825,2.000929,2.951176,-4.344772,2.036519,0.161907,0.075000,-0.096356
28.596319,-4.188426,2.001238,2.949203,-4.344772,2.036519,0.160277,0.075000,-0.092176
28.629496,-4.191273,2.001794,2.946282,-4.344772,2.036519,0.157378,0.075000,-0.086285
28.662400,-4.194230,2.002382,2.942664,-4.344772,2.036519,0.154364,0.075000,-0.077929
28.696019,-4.195785,2.002695,2.940490,-4.344772,2.036519,0.152778,0.075000,-0.072444
28.729251,-4.198639,2.003279,2.937138,-4.358315,2.041692,0.164232,0.075000,-0.096267
28.762699,-4.201683,2.003913,2.933530,-4.358315,2.041692,0.161124,0.075000,-0.088781
28.795789,-4.203340,2.004263,2.931441,-4.358315,2.041692,0.159432,0.075000,-0.084126
28.829544,-4.206238,2.004884,2.927409,-4.358315,2.041692,0.156469,0.075000,-0.074399
28.862401,-4.209025,2.005493,2.923744,-4.358315,2.041692,0.153617,0.075000,-0.065209
28.895653,-4.210581,2.005837,2.921803,-4.358315,2.041692,0.152023,0.075000,-0.060199
28.929254,-4.213334,2.006455,2.919104,-4.371945,2.047016,0.163715,0.075000,-0.085120
28.962745,-4.215157,2.006867,2.917660,-4.371945,2.047016,0.161847,0.075000,-0.082636
28.995991,-4.217619,2.007429,2.915816,-4.371945,2.047016,0.159323,0.075000,-0.079467
29.029297,-4.220594,2.008114,2.912861,-4.371945,2.047016,0.156270,0.075000,-0.073109
29.062309,-4.222478,2.008553,2.911111,-4.371945,2.047016,0.154337,0.075000,-0.069282
29.095802,-4.225125,2.009176,2.908216,-4.371945,2.047016,0.151618,0.075000,-0.062207
29.128985,-4.227970,2.009854,2.905408,-4.385659,2.052485,0.163350,0.075000,-0.085246
29.162929,-4.229431,2.010206,2.903920,-4.385659,2.052485,0.161848,0.075000,-0.082241
29.196145,-4.232426,2.010934,2.901548,-4.385659,2.052485,0.158766,0.075000,-0.077956
29.229233,-4.235216,2.011618,2.898802,-4.385659,2.052485,0.155894,0.075000,-0.072013
29.263170,-4.238155,2.012348,2.895628,-4.385659,2.052485,0.152867,0.075000,-0.064474
29.295829,-4.239627,2.012718,2.894279,-4.385659,2.052485,0.151350,0.075000,-0.061315
29.329238,-4.242640,2.013481,2.891130,-4.399453,2.058096,0.163036,0.075000,-0.081952
29.362434,-4.245571,2.014233,2.887761,-4.399453,2.058096,0.160011,0.075000,-0.074508
29.396112,-4.247643,2.014771,2.885737,-4.399453,2.058096,0.157871,0.075000,-0.070134
29.429110,-4.250180,2.015436,2.883611,-4.399453,2.058096,0.155249,0.075000,-0.065649
29.462881,-4.252609,2.016078,2.881079,-4.399453,2.058096,0.152737,0.075000,-0.059509
29.496048,-4.254702,2.016636,2.879211,-4.399453,2.058096,0.150572,0.075000,-0.055030
29.529261,-4.256826,2.017207,2.877204,-4.413325,2.063843,0.163300,0.075000,-0.077229
29.562496,-4.259712,2.017990,2.874961,-4.413325,2.063843,0.160310,0.075000,-0.073116
29.596176,-4.261228,2.018405,2.873663,-4.413325,2.063843,0.158739,0.075000,-0.070480
29.629528,-4.264147,2.019208,2.871203,-4.413325,2.063843,0.155713,0.075000,-0.065311
29.662589,-4.267039,2.020011,2.868633,-4.413325,2.063843,0.152711,0.075000,-0.059450
29.696319,-4.268483,2.020416,2.867364,-4.413325,2.063843,0.151212,0.075000,-0.056439
29.729062,-4.271371,2.021230,2.864717,-4.427271,2.069722,0.163268,0.075000,-0.075575
29.762595,-4.274173,2.022028,2.862635,-4.427271,2.069722,0.160355,0.075000,-0.071829
29.795885,-4.275598,2.022436,2.861177,-4.427271,2.069722,0.158874,0.075000,-0.068587
29.829245,-4.278658,2.023320,2.858006,-4.427271,2.069722,0.155689,0.075000,-0.061192
29.862572,-4.280442,2.023840,2.856060,-4.427271,2.069722,0.153832,0.075000,-0.056355
29.895899,-4.283010,2.024595,2.854000,-4.427271,2.069722,0.151155,0.075000,-0.051528
29.929251,-4.285752,2.025408,2.850923,-4.441290,2.075728,0.163475,0.075000,-0.067962
29.962546,-4.287413,2.025905,2.849476,-4.441290,2.075728,0.161742,0.075000,-0.064957
29.996093,-4.289766,2.026614,2.847951,-4.441290,2.075728,0.159285,0.075000,-0.062168
30.029328,-4.291932,2.027269,2.846310,-4.441290,2.075728,0.157023,0.075000,-0.058747
30.062872,-4.295575,2.028380,2.843318,-4.441290,2.075728,0.153215,0.075000,-0.051868
30.095886,-4.297455,2.028958,2.841708,-4.441290,2.075728,0.151248,0.075000,-0.047903
30.128949,-4.300011,2.029750,2.839436,-4.455378,2.081856,0.163871,0.075000,-0.065370
30.162550,-4.303029,2.030693,2.836544,-4.455378,2.081856,0.160710,0.075000,-0.058937
30.196134,-4.304582,2.031182,2.835506,-4.455378,2.081856,0.159082,0.075000,-0.056888
30.229245,-4.307297,2.032041,2.833511,-4.455378,2.081856,0.156234,0.075000,-0.052570
30.262426,-4.309980,2.032897,2.830245,-4.455378,2.081856,0.153419,0.075000,-0.043828
30.295647,-4.311423,2.033362,2.829320,-4.455378,2.081856,0.151903,0.075000,-0.041664
30.329032,-4.314057,2.034214,2.827415,-4.469531,2.088101,0.164548,0.075000,-0.059144
30.362375,-4.316863,2.035126,2.825739,-4.469531,2.088101,0.161598,0.075000,-0.056113
30.396029,-4.318421,2.035636,2.824788,-4.469531,2.088101,0.159959,0.075000,-0.054296
30.429386,-4.321197,2.036547,2.823071,-4.469531,2.088101,0.157037,0.075000,-0.050841
30.462772,-4.324060,2.037493,2.821036,-4.469531,2.088101,0.154023,0.075000,-0.046221
30.496044,-4.325594,2.038002,2.819624,-4.469531,2.088101,0.152407,0.075000,-0.042574
30.529315,-4.328233,2.038884,2.817310,-4.483748,2.094458,0.165147,0.075000,-0.057304
30.562534,-4.330994,2.039813,2.815800,-4.483748,2.094458,0.162234,0.075000,-0.054711
30.595891,-4.332554,2.040340,2.814529,-4.483748,2.094458,0.160587,0.075000,-0.051883
30.629448,-4.335446,2.041323,2.812213,-4.483748,2.094458,0.157533,0.075000,-0.046524
30.662623,-4.338405,2.042336,2.809949,-4.483748,2.094458,0.154406,0.075000,-0.041063
30.696000,-4.340024,2.042894,2.808995,-4.483748,2.094458,0.152694,0.075000,-0.038868
30.729243,-4.342889,2.043885,2.806460,-4.498024,2.100922,0.165288,0.075000,-0.051977
30.762614,-4.345810,2.044905,2.804155,-4.498024,2.100922,0.162195,0.075000,-0.046838
30.796034,-4.347313,2.045432,2.803230,-4.498024,2.100922,0.160602,0.075000,-0.044894
30.829559,-4.350024,2.046387,2.801513,-4.498024,2.100922,0.157728,0.075000,-0.041073
30.862710,-4.351776,2.047007,2.799833,-4.498024,2.100922,0.155869,0.075000,-0.036669
30.896104,-4.354217,2.047877,2.798064,-4.498024,2.100922,0.153278,0.075000,-0.032124
30.929061,-4.357319,2.048988,2.796315,-4.512357,2.107487,0.165708,0.075000,-0.046843
30.962680,-4.359016,2.049599,2.794955,-4.512357,2.107487,0.163904,0.075000,-0.043730
30.995785,-4.361212,2.050393,2.793701,-4.512357,2.107487,0.161570,0.075000,-0.041107
31.029256,-4.363836,2.051346,2.792134,-4.512357,2.107487,0.158779,0.075000,-0.037606
31.062620,-4.366604,2.052356,2.790727,-4.512357,2.107487,0.155832,0.075000,-0.034506
31.096061,-4.368000,2.052867,2.789835,-4.512357,2.107487,0.154345,0.075000,-0.032285
31.129089,-4.370726,2.053868,2.788566,-4.512357,2.107487,0.151441,0.075000,-0.029320
31.162902,-4.372504,2.054523,2.787640,-4.526744,2.114149,0.165364,0.075000,-0.045141
31.195721,-4.375029,2.055458,2.785909,-4.526744,2.114149,0.162672,0.075000,-0.041305
31.229233,-4.377764,2.056475,2.784375,-4.526744,2.114149,0.159754,0.075000,-0.038005
31.262499,-4.380627,2.057545,2.782918,-4.526744,2.114149,0.156698,0.075000,-0.034833
31.295820,-4.382178,2.058126,2.781971,-4.526744,2.114149,0.155042,0.075000,-0.032525
31.329180,-4.384969,2.059176,2.780267,-4.526744,2.114149,0.152060,0.075000,-0.028187
31.362367,-4.387761,2.060233,2.778731,-4.541182,2.120902,0.164982,0.075000,-0.041555
31.395886,-4.389242,2.060795,2.777896,-4.541182,2.120902,0.163398,0.075000,-0.039809
31.428933,-4.392037,2.061860,2.776426,-4.541182,2.120902,0.160407,0.075000,-0.036708
31.462577,-4.394789,2.062913,2.774968,-4.541182,2.120902,0.157460,0.075000,-0.033445
31.495953,-4.396318,2.063500,2.773903,-4.541182,2.120902,0.155823,0.075000,-0.030734
31.529484,-4.399124,2.064583,2.771947,-4.541182,2.120902,0.152815,0.075000,-0.025526
31.562757,-4.401905,2.065661,2.770479,-4.555668,2.127741,0.165822,0.075000,-0.038023
31.595904,-4.403310,2.066208,2.769528,-4.555668,2.127741,0.164314,0.075000,-0.035832
31.629040,-4.405848,2.067199,2.768745,-4.555668,2.127741,0.161590,0.075000,-0.034617
31.662780,-4.408645,2.068294,2.767541,-4.555668,2.127741,0.158587,0.075000,-0.032125
31.695973,-4.410180,2.068897,2.766530,-4.555668,2.127741,0.156938,0.075000,-0.029585
31.729252,-4.412832,2.069941,2.765405,-4.555668,2.127741,0.154087,0.075000,-0.027023
31.762865,-4.415583,2.071029,2.764323,-4.555668,2.127741,0.151130,0.075000,-0.024498
31.796005,-4.417068,2.071617,2.763892,-4.570198,2.134660,0.165600,0.075000,-0.038787
31.829274,-4.419781,2.072694,2.762364,-4.570198,2.134660,0.162681,0.075000,-0.035481
31.862506,-4.422616,2.073825,2.761409,-4.570198,2.134660,0.159630,0.075000,-0.033844
31.895924,-4.424120,2.074426,2.760663,-4.570198,2.134660,0.158009,0.075000,-0.032182
31.929077,-4.426852,2.075521,2.759823,-4.570198,2.134660,0.155066,0.075000,-0.030697
31.962558,-4.428285,2.076096,2.758848,-4.570198,2.134660,0.153522,0.075000,-0.028142
31.995903,-4.431535,2.077407,2.756865,-4.570198,2.134660,0.150018,0.075000,-0.022819
32.029239,-4.434004,2.078407,2.755931,-4.584770,2.141654,0.163495,0.075000,-0.035297
32.062697,-4.436833,2.079557,2.754712,-4.584770,2.141654,0.160441,0.075000,-0.032840
32.095909,-4.438387,2.080190,2.753765,-4.584770,2.141654,0.158763,0.075000,-0.030555
32.129089,-4.441038,2.081274,2.752427,-4.584770,2.141654,0.155899,0.075000,-0.027378
32.162565,-4.442310,2.081795,2.751450,-4.584770,2.141654,0.154525,0.075000,-0.024705
32.195731,-4.445432,2.083081,2.750099,-4.584770,2.141654,0.151148,0.075000,-0.021321
32.229064,-4.447482,2.083927,2.749359,-4.599380,2.148717,0.165139,0.075000,-0.033102
32.262550,-4.450298,2.085093,2.748649,-4.599380,2.148717,0.162091,0.075000,-0.032162
32.295741,-4.451799,2.085715,2.748334,-4.599380,2.148717,0.160466,0.075000,-0.031833
32.329255,-4.454532,2.086850,2.747479,-4.599380,2.148717,0.157507,0.075000,-0.030310
32.362637,-4.457391,2.088039,2.746473,-4.599380,2.148717,0.154411,0.075000,-0.028268
32.396114,-4.458897,2.088667,2.745725,-4.599380,2.148717,0.152779,0.075000,-0.026429
32.429186,-4.461508,2.089759,2.744672,-4.614025,2.155843,0.166219,0.075000,-0.035943
32.462700,-4.464288,2.090926,2.743282,-4.614025,2.155843,0.163204,0.075000,-0.033004
32.496043,-4.465780,2.091554,2.742995,-4.614025,2.155843,0.161585,0.075000,-0.032782
32.529441,-4.468539,2.092717,2.741222,-4.614025,2.155843,0.158591,0.075000,-0.028413
32.562881,-4.471263,2.093871,2.740216,-4.614025,2.155843,0.155633,0.075000,-0.026260
32.595875,-4.472697,2.094479,2.739813,-4.614025,2.155843,0.154075,0.075000,-0.025485
32.629246,-4.475399,2.095629,2.738530,-4.614025,2.155843,0.151139,0.075000,-0.022220
32.662535,-4.478212,2.096829,2.736924,-4.628702,2.163028,0.164407,0.075000,-0.029628
32.695876,-4.479693,2.097463,2.736351,-4.628702,2.163028,0.162796,0.075000,-0.028458
32.729679,-4.482421,2.098634,2.735009,-4.628702,2.163028,0.159827,0.075000,-0.025314
32.762690,-4.485020,2.099755,2.733362,-4.628702,2.163028,0.156997,0.075000,-0.020968
32.796004,-4.486640,2.100455,2.732547,-4.628702,2.163028,0.155233,0.075000,-0.018822
32.829430,-4.488928,2.101447,2.732068,-4.628702,2.163028,0.152739,0.075000,-0.017875
32.862738,-4.491771,2.102682,2.730964,-4.643408,2.170264,0.166016,0.075000,-0.025991
32.895970,-4.493262,2.103331,2.730507,-4.643408,2.170264,0.164389,0.075000,-0.025119
32.929578,-4.495931,2.104495,2.729377,-4.643408,2.170264,0.161478,0.075000,-0.022521
32.962459,-4.498745,2.105727,2.728376,-4.643408,2.170264,0.158406,0.075000,-0.020225
32.999679,-4.500243,2.106384,2.727624,-4.643408,2.170264,0.156771,0.075000,-0.018249
33.029084,-4.502860,2.107534,2.726240,-4.643408,2.170264,0.153912,0.075000,-0.014418
33.062641,-4.505576,2.108733,2.725752,-4.643408,2.170264,0.150944,0.075000,-0.013367
33.095936,-4.507012,2.109367,2.725381,-4.658140,2.177547,0.165796,0.075000,-0.022902
33.129214,-4.509712,2.110561,2.724566,-4.658140,2.177547,0.162843,0.075000,-0.021226
33.162628,-4.512540,2.111815,2.723296,-4.658140,2.177547,0.159750,0.075000,-0.018066
33.196080,-4.514267,2.112582,2.722887,-4.658140,2.177547,0.157861,0.075000,-0.017205
33.229479,-4.516753,2.113689,2.722484,-4.658140,2.177547,0.155140,0.075000,-0.016510
33.262698,-4.518474,2.114455,2.721836,-4.658140,2.177547,0.153256,0.075000,-0.014806
33.295986,-4.520903,2.115540,2.720754,-4.658140,2.177547,0.150595,0.075000,-0.011723
33.329261,-4.523504,2.116706,2.719767,-4.672894,2.184871,0.164207,0.075000,-0.019031
33.362582,-4.526065,2.117855,2.719183,-4.672894,2.184871,0.161400,0.075000,-0.017881
33.396003,-4.527455,2.118480,2.718925,-4.672894,2.184871,0.159876,0.075000,-0.017416
33.429336,-4.530017,2.119633,2.718170,-4.672894,2.184871,0.157066,0.075000,-0.015628
33.462561,-4.532796,2.120886,2.717828,-4.672894,2.184871,0.154018,0.075000,-0.015139
33.496107,-4.534568,2.121685,2.717419,-4.672894,2.184871,0.152075,0.075000,-0.014183
33.529653,-4.537012,2.122789,2.716930,-4.687668,2.192230,0.165890,0.075000,-0.021821
33.562338,-4.539789,2.124045,2.716083,-4.687668,2.192230,0.162842,0.075000,-0.020034
33.596037,-4.541544,2.124841,2.715332,-4.687668,2.192230,0.160914,0.075000,-0.018184
33.629500,-4.543847,2.125887,2.714905,-4.687668,2.192230,0.158385,0.075000,-0.017413
33.662639,-4.546567,2.127124,2.713990,-4.687668,2.192230,0.155397,0.075000,-0.015132
33.696000,-4.548643,2.128070,2.713355,-4.687668,2.192230,0.153116,0.075000,-0.013515
33.729496,-4.550762,2.129038,2.712772,-4.687668,2.192230,0.150786,0.075000,-0.011991
33.762591,-4.553451,2.130268,2.712153,-4.702457,2.199618,0.164355,0.075000,-0.018749
33.796029,-4.554855,2.130911,2.711747,-4.702457,2.199618,0.162810,0.075000,-0.017861
33.829043,-4.557655,2.132195,2.710974,-4.702457,2.199618,0.159729,0.075000,-0.016127
33.862674,-4.560306,2.133413,2.710683,-4.702457,2.199618,0.156812,0.075000,-0.015803
33.896010,-4.561698,2.134053,2.710283,-4.702457,2.199618,0.155280,0.075000,-0.014827
33.929048,-4.564327,2.135263,2.709566,-4.702457,2.199618,0.152386,0.075000,-0.013038
33.962432,-4.566321,2.136183,2.709172,-4.702457,2.199618,0.150190,0.075000,-0.012108
33.995896,-4.568342,2.137115,2.708901,-4.717260,2.207030,0.164513,0.075000,-0.018981
34.029494,-4.570975,2.138332,2.708568,-4.717260,2.207030,0.161612,0.075000,-0.018639
34.062822,-4.573764,2.139622,2.707784,-4.717260,2.207030,0.158540,0.075000,-0.016882
34.095883,-4.575286,2.140327,2.707354,-4.717260,2.207030,0.156863,0.075000,-0.015873
34.129317,-4.577954,2.141565,2.706609,-4.717260,2.207030,0.153920,0.075000,-0.014048
34.162810,-4.579335,2.142207,2.706364,-4.717260,2.207030,0.152398,0.075000,-0.013528
34.196123,-4.579335,2.142207,2.706364,-4.717260,2.207030,0.152398,0.075000,-0.013528
34.230123,-4.580799,2.142887,2.705907,-4.717260,2.207030,0.150784,0.075000,-0.012303
34.262382,-4.587513,2.146021,2.703889,-4.732072,2.214459,0.159940,0.075000,-0.013944
34.295959,-4.588971,2.146703,2.703688,-4.732072,2.214459,0.158331,0.075000,-0.013594
34.329039,-4.591624,2.147946,2.703104,-4.732072,2.214459,0.155401,0.075000,-0.012227
34.362563,-4.594326,2.149214,2.702157,-4.732072,2.214459,0.152417,0.075000,-0.009588
34.396069,-4.595743,2.149880,2.701842,-4.732072,2.214459,0.150851,0.075000,-0.008745
34.429210,-4.598387,2.151124,2.701745,-4.746890,2.221900,0.164506,0.075000,-0.014894
34.462733,-4.601152,2.152426,2.701007,-4.746890,2.221900,0.161451,0.075000,-0.013169
34.495999,-4.602518,2.153070,2.700549,-4.746890,2.221900,0.159940,0.075000,-0.011986
34.529518,-4.605031,2.154256,2.700462,-4.746890,2.221900,0.157162,0.075000,-0.012140
34.562749,-4.607713,2.155523,2.699872,-4.746890,2.221900,0.154196,0.075000,-0.010689
34.595866,-4.609110,2.156184,2.699330,-4.746890,2.221900,0.152649,0.075000,-0.009132
34.629418,-4.611765,2.157441,2.698852,-4.761712,2.229346,0.166296,0.075000,-0.013244
34.662556,-4.614499,2.158737,2.698840,-4.761712,2.229346,0.163271,0.075000,-0.013704
34.696074,-4.616002,2.159450,2.698668,-4.761712,2.229346,0.161607,0.075000,-0.013456
34.729538,-4.618721,2.160740,2.697880,-4.761712,2.229346,0.158598,0.075000,-0.011476
34.762705,-4.621467,2.162046,2.697173,-4.761712,2.229346,0.155557,0.075000,-0.009649
34.795878,-4.622932,2.162744,2.696715,-4.761712,2.229346,0.153934,0.075000,-0.008367
34.829464,-4.625561,2.163997,2.696212,-4.761712,2.229346,0.151022,0.075000,-0.007022
34.862912,-4.628259,2.165286,2.695784,-4.776533,2.236793,0.164616,0.075000,-0.010782
34.896223,-4.629660,2.165955,2.695755,-4.776533,2.236793,0.163064,0.075000,-0.010901
34.929498,-4.632357,2.167244,2.695548,-4.776533,2.236793,0.160075,0.075000,-0.010660
34.962612,-4.635001,2.168510,2.694598,-4.776533,2.236793,0.157143,0.075000,-0.008024
34.995947,-4.636722,2.169335,2.694224,-4.776533,2.236793,0.155234,0.075000,-0.007016
35.029246,-4.639148,2.170499,2.693823,-4.776533,2.236793,0.152544,0.075000,-0.005945
35.062767,-4.641797,2.171772,2.693302,-4.791352,2.244234,0.166185,0.075000,-0.008711
35.095958,-4.643216,2.172454,2.693331,-4.791352,2.244234,0.164610,0.075000,-0.008966
35.129253,-4.646095,2.173839,2.692855,-4.791352,2.244234,0.161415,0.075000,-0.007851
35.162614,-4.648407,2.174952,2.692533,-4.791352,2.244234,0.158849,0.075000,-0.007085
35.195848,-4.649873,2.175659,2.692304,-4.791352,2.244234,0.157222,0.075000,-0.006506
35.229108,-4.652829,2.177084,2.692100,-4.791352,2.244234,0.153940,0.075000,-0.006119
35.262857,-4.655197,2.178227,2.691688,-4.791352,2.244234,0.151311,0.075000,-0.004965
35.295740,-4.656642,2.178925,2.691431,-4.806164,2.251663,0.166275,0.075000,-0.007831
35.328960,-4.659326,2.180222,2.691145,-4.806164,2.251663,0.163294,0.075000,-0.007238
35.362411,-4.662079,2.181554,2.690740,-4.806164,2.251663,0.160236,0.075000,-0.006245
35.395751,-4.663439,2.182212,2.690415,-4.806164,2.251663,0.158726,0.075000,-0.005343
35.429245,-4.666156,2.183529,2.690307,-4.806164,2.251663,0.155706,0.075000,-0.005202
35.462726,-4.667881,2.184365,2.690239,-4.806164,2.251663,0.153789,0.075000,-0.005112
35.495990,-4.670303,2.185539,2.689850,-4.806164,2.251663,0.151098,0.075000,-0.004003
35.529213,-4.672988,2.186842,2.689359,-4.820966,2.259074,0.164666,0.075000,-0.005676
35.562604,-4.675537,2.188081,2.689359,-4.820966,2.259074,0.161832,0.075000,-0.005877
35.596103,-4.676922,2.188754,2.689245,-4.820966,2.259074,0.160292,0.075000,-0.005635
35.629455,-4.679513,2.190013,2.689219,-4.820966,2.259074,0.157412,0.075000,-0.005761
35.662806,-4.682232,2.191334,2.689052,-4.820966,2.259074,0.154389,0.075000,-0.005447
35.696132,-4.683622,2.192010,2.689024,-4.820966,2.259074,0.152843,0.075000,-0.005464
35.729371,-4.686122,2.193226,2.688256,-4.820966,2.259074,0.150063,0.075000,-0.003101
35.762873,-4.688772,2.194517,2.688034,-4.835756,2.266462,0.163646,0.075000,-0.005000
35.795701,-4.690236,2.195231,2.688034,-4.835756,2.266462,0.162018,0.075000,-0.005101
35.829044,-4.692908,2.196533,2.687981,-4.835756,2.266462,0.159046,0.075000,-0.005124
35.862489,-4.695620,2.197856,2.687628,-4.835756,2.266462,0.156028,0.075000,-0.004188
35.896059,-4.697088,2.198572,2.687514,-4.835756,2.266462,0.154395,0.075000,-0.003908
35.929040,-4.699790,2.199891,2.687297,-4.835756,2.266462,0.151388,0.075000,-0.003350
35.962535,-4.702520,2.201225,2.686776,-4.850529,2.273821,0.164854,0.075000,-0.003622
35.995874,-4.702520,2.201225,2.686776,-4.850529,2.273821,0.164854,0.075000,-0.003622
36.029218,-4.702520,2.201225,2.686776,-4.850529,2.273821,0.164854,0.075000,-0.003622
36.062488,-4.709345,2.204564,2.686236,-4.850529,2.273821,0.157257,0.075000,-0.002228
36.096043,-4.710800,2.205277,2.685864,-4.850529,2.273821,0.155636,0.075000,-0.001078
36.129221,-4.712097,2.205912,2.685406,-4.850529,2.273821,0.154192,0.075000,0.000386
36.162397,-4.716066,2.207861,2.685381,-4.865283,2.281145,0.166242,0.075000,-0.000941
36.204702,-4.717955,2.208787,2.685420,-4.865283,2.281145,0.164138,0.075000,-0.001085
36.229431,-4.720071,2.209826,2.685049,-4.865283,2.281145,0.161781,0.075000,0.000032
36.262530,-4.722724,2.211130,2.684820,-4.865283,2.281145,0.158825,0.075000,0.000762
36.295868,-4.724170,2.211840,2.684962,-4.865283,2.281145,0.157214,0.075000,0.000325
36.329058,-4.726776,2.213120,2.684750,-4.865283,2.281145,0.154310,0.075000,0.001027
36.362559,-4.729527,2.214473,2.684413,-4.865283,2.281145,0.151245,0.075000,0.002185
36.396047,-4.730869,2.215133,2.684683,-4.880015,2.288428,0.166183,0.075000,0.000412
36.429045,-4.733490,2.216421,2.684704,-4.880015,2.288428,0.163263,0.075000,0.000361
36.462552,-4.736200,2.217753,2.684379,-4.880015,2.288428,0.160243,0.075000,0.001392
36.495892,-4.737629,2.218456,2.684065,-4.880015,2.288428,0.158650,0.075000,0.002410
36.529055,-4.740374,2.219808,2.684332,-4.880015,2.288428,0.155591,0.075000,0.001645
36.562360,-4.743449,2.221320,2.684563,-4.880015,2.288428,0.152164,0.075000,0.000951
36.595973,-4.744511,2.221843,2.684433,-4.880015,2.288428,0.150980,0.075000,0.001396
36.629251,-4.747217,2.223175,2.683891,-4.894721,2.295665,0.164354,0.075000,0.002798
36.662726,-4.748612,2.223862,2.683810,-4.894721,2.295665,0.162799,0.075000,0.003102
36.695972,-4.751442,2.225256,2.683651,-4.894721,2.295665,0.159644,0.075000,0.003723
36.729542,-4.753981,2.226508,2.682995,-4.894721,2.295665,0.156813,0.075000,0.005961
36.762601,-4.756652,2.227827,2.683399,-4.894721,2.295665,0.153834,0.075000,0.004881
36.796126,-4.758016,2.228500,2.683541,-4.894721,2.295665,0.152314,0.075000,0.004512
36.829223,-4.760571,2.229759,2.683424,-4.909398,2.302849,0.165806,0.075000,0.004999
36.862568,-4.763266,2.231088,2.683264,-4.909398,2.302849,0.162801,0.075000,0.005683
36.895820,-4.764702,2.231797,2.683633,-4.909398,2.302849,0.161200,0.075000,0.004651
36.929408,-4.767347,2.233100,2.683917,-4.909398,2.302849,0.158252,0.075000,0.003922
36.962554,-4.769250,2.234037,2.683603,-4.909398,2.302849,0.156130,0.075000,0.005035
36.996074,-4.771316,2.235056,2.683382,-4.909398,2.302849,0.153826,0.075000,0.005907
37.029231,-4.774120,2.236438,2.684355,-4.909398,2.302849,0.150700,0.075000,0.002914
37.062741,-4.776716,2.237715,2.684747,-4.924043,2.309976,0.164095,0.075000,0.002576
37.095975,-4.778054,2.238373,2.684833,-4.924043,2.309976,0.162603,0.075000,0.002360
37.129222,-4.780690,2.239668,2.684900,-4.924043,2.309976,0.159667,0.075000,0.002245
37.162777,-4.780690,2.239668,2.684900,-4.924043,2.309976,0.159667,0.075000,0.002245
37.196067,-4.784816,2.241695,2.685469,-4.924043,2.309976,0.155069,0.075000,0.000529
37.229390,-4.787381,2.242954,2.685656,-4.924043,2.309976,0.152212,0.075000,-0.000068
37.262791,-4.790182,2.244328,2.685000,-4.938653,2.317039,0.165320,0.075000,0.003612
37.295779,-4.791678,2.245062,2.685171,-4.938653,2.317039,0.163653,0.075000,0.003165
37.329229,-4.794197,2.246300,2.685111,-4.938653,2.317039,0.160846,0.075000,0.003459
37.362629,-4.796850,2.247602,2.685057,-4.938653,2.317039,0.157891,0.075000,0.003762
37.395890,-4.798257,2.248293,2.685255,-4.938653,2.317039,0.156324,0.075000,0.003203
37.429217,-4.800867,2.249574,2.686127,-4.938653,2.317039,0.153416,0.075000,0.000472
37.462796,-4.802529,2.250388,2.686127,-4.938653,2.317039,0.151566,0.075000,0.000483
37.496009,-4.804941,2.251569,2.685985,-4.953225,2.324032,0.165043,0.075000,0.003207
37.529502,-4.807660,2.252901,2.686134,-4.953225,2.324032,0.162015,0.075000,0.002860
37.562771,-4.809616,2.253859,2.686801,-4.953225,2.324032,0.159837,0.075000,0.000853
37.596031,-4.811745,2.254900,2.686345,-4.953225,2.324032,0.157467,0.075000,0.002326
37.629481,-4.814413,2.256207,2.686247,-4.953225,2.324032,0.154496,0.075000,0.002739
37.662573,-4.816401,2.257180,2.686561,-4.953225,2.324032,0.152283,0.075000,0.001790
37.695833,-4.818795,2.258351,2.686428,-4.967755,2.330951,0.165710,0.075000,0.005021
37.729463,-4.821084,2.259472,2.686138,-4.967755,2.330951,0.163161,0.075000,0.006073
37.762745,-4.823826,2.260815,2.685966,-4.967755,2.330951,0.160108,0.075000,0.006846
37.795861,-4.825228,2.261502,2.686020,-4.967755,2.330951,0.158547,0.075000,0.006811
37.829207,-4.827958,2.262840,2.685696,-4.967755,2.330951,0.155507,0.075000,0.008121
37.862584,-4.830675,2.264172,2.685655,-4.967755,2.330951,0.152481,0.075000,0.008586
37.895945,-4.832095,2.264869,2.685900,-4.967755,2.330951,0.150900,0.075000,0.007957
37.929626,-4.834709,2.266150,2.686466,-4.982241,2.337790,0.164006,0.075000,0.009356
37.962606,-4.837278,2.267407,2.686358,-4.982241,2.337790,0.161146,0.075000,0.010027
37.995892,-4.838584,2.268046,2.686331,-4.982241,2.337790,0.159692,0.075000,0.010295
38.029230,-4.841402,2.269425,2.687198,-4.982241,2.337790,0.156555,0.075000,0.007926
38.062665,-4.844002,2.270694,2.687610,-4.982241,2.337790,0.153661,0.075000,0.006878
38.095946,-4.845313,2.271334,2.687501,-4.982241,2.337790,0.152203,0.075000,0.007367
38.128983,-4.848134,2.272712,2.687204,-4.996679,2.344543,0.165001,0.075000,0.012032
38.168249,-4.850107,2.273675,2.687694,-4.996679,2.344543,0.162805,0.075000,0.010852
38.195970,-4.852200,2.274696,2.687782,-4.996679,2.344543,0.160477,0.075000,0.010893
38.229215,-4.854872,2.276000,2.687910,-4.996679,2.344543,0.157503,0.075000,0.010902
38.262499,-4.857597,2.277328,2.688234,-4.996679,2.344543,0.154473,0.075000,0.010281
38.295896,-4.858995,2.278009,2.688489,-4.996679,2.344543,0.152917,0.075000,0.009655
38.329218,-4.861553,2.279254,2.688780,-4.996679,2.344543,0.150072,0.075000,0.009053
38.362374,-4.864187,2.280536,2.688785,-5.011066,2.351205,0.162996,0.075000,0.013375
38.396254,-4.865660,2.281252,2.689097,-5.011066,2.351205,0.161358,0.075000,0.012680
38.429043,-4.868400,2.282584,2.689993,-5.011066,2.351205,0.158312,0.075000,0.010329
38.462532,-4.871172,2.283928,2.690372,-5.011066,2.351205,0.155231,0.075000,0.009520
38.496106,-4.872596,2.284618,2.690769,-5.011066,2.351205,0.153649,0.075000,0.008422
38.529213,-4.875252,2.285903,2.690998,-5.011066,2.351205,0.150697,0.075000,0.007986
38.562839,-4.877894,2.287181,2.690823,-5.025399,2.357771,0.163526,0.075000,0.013529
38.596087,-4.879267,2.287846,2.690794,-5.025399,2.357771,0.162001,0.075000,0.013872
38.629486,-4.881869,2.289105,2.691139,-5.025399,2.357771,0.159110,0.075000,0.013294
38.662845,-4.884587,2.290419,2.691814,-5.025399,2.357771,0.156090,0.075000,0.011641
38.696077,-4.885994,2.291099,2.692070,-5.025399,2.357771,0.154528,0.075000,0.011050
38.729486,-4.888568,2.292340,2.692683,-5.025399,2.357771,0.151671,0.075000,0.009444
38.762840,-4.891225,2.293619,2.693184,-5.039676,2.364235,0.164391,0.075000,0.013398
38.796068,-4.892698,2.294328,2.693552,-5.039676,2.364235,0.162756,0.075000,0.012536
38.829214,-4.895302,2.295579,2.694397,-5.039676,2.364235,0.159867,0.075000,0.010340
38.862578,-4.897912,2.296830,2.694875,-5.039676,2.364235,0.156973,0.075000,0.009192
38.895986,-4.899323,2.297506,2.694988,-5.039676,2.364235,0.155408,0.075000,0.009012
38.929492,-4.902033,2.298803,2.695562,-5.039676,2.364235,0.152403,0.075000,0.007475
38.962380,-4.904703,2.300080,2.696096,-5.053892,2.370592,0.165013,0.075000,0.012054
38.995998,-4.904703,2.300080,2.696096,-5.053892,2.370592,0.165013,0.075000,0.012054
39.029454,-4.908909,2.302086,2.697373,-5.053892,2.370592,0.160353,0.075000,0.008749
39.062649,-4.911694,2.303411,2.697995,-5.053892,2.370592,0.157269,0.075000,0.007102
39.096283,-4.913117,2.304087,2.698279,-5.053892,2.370592,0.155694,0.075000,0.006334
39.129434,-4.915739,2.305332,2.698383,-5.053892,2.370592,0.152791,0.075000,0.006234
39.162861,-4.918402,2.306595,2.698762,-5.068046,2.376837,0.165309,0.075000,0.011999
39.196148,-4.919727,2.307224,2.698960,-5.068046,2.376837,0.163843,0.075000,0.011611
39.229481,-4.922695,2.308630,2.699107,-5.068046,2.376837,0.160559,0.075000,0.011626
39.262504,-4.925104,2.309771,2.699357,-5.068046,2.376837,0.157893,0.075000,0.011227
39.295760,-4.926579,2.310470,2.699414,-5.068046,2.376837,0.156261,0.075000,0.011281
39.329580,-4.929579,2.311890,2.699948,-5.068046,2.376837,0.152942,0.075000,0.010025
39.362541,-4.931981,2.313025,2.700448,-5.068046,2.376837,0.150285,0.075000,0.008715
39.396165,-4.933423,2.313706,2.700703,-5.082133,2.382965,0.164048,0.075000,0.015340
39.429346,-4.936387,2.315104,2.701103,-5.082133,2.382965,0.160770,0.075000,0.014717
39.462601,-4.938663,2.316177,2.701183,-5.082133,2.382965,0.158254,0.075000,0.014935
39.496136,-4.940056,2.316834,2.701523,-5.082133,2.382965,0.156714,0.075000,0.014145
39.529216,-4.942784,2.318117,2.702421,-5.082133,2.382965,0.153700,0.075000,0.011771
39.562797,-4.945565,2.319423,2.702781,-5.082133,2.382965,0.150627,0.075000,0.011059
39.596012,-4.946977,2.320086,2.703290,-5.096152,2.388971,0.164311,0.075000,0.017358
39.629498,-4.949701,2.321363,2.703903,-5.096152,2.388971,0.161304,0.075000,0.016108
39.662632,-4.952427,2.322638,2.704128,-5.096152,2.388971,0.158294,0.075000,0.016011
39.696117,-4.954102,2.323422,2.704364,-5.096152,2.388971,0.156444,0.075000,0.015636
39.729507,-4.956376,2.324484,2.704284,-5.096152,2.388971,0.153935,0.075000,0.016413
39.762831,-4.959012,2.325717,2.704366,-5.096152,2.388971,0.151024,0.075000,0.016779
39.795935,-4.960339,2.326337,2.704472,-5.110098,2.394850,0.164687,0.075000,0.024472
39.829061,-4.963069,2.327613,2.704824,-5.110098,2.394850,0.161674,0.075000,0.024299
39.862686,-4.966105,2.329029,2.705386,-5.110098,2.394850,0.158324,0.075000,0.023563
39.895801,-4.967730,2.329787,2.705676,-5.110098,2.394850,0.156531,0.075000,0.023177
39.929027,-4.970190,2.330932,2.706276,-5.110098,2.394850,0.153818,0.075000,0.022043
39.962322,-4.972636,2.332069,2.707497,-5.110098,2.394850,0.151121,0.075000,0.018779
39.995883,-4.972636,2.332069,2.707497,-5.110098,2.394850,0.151121,0.075000,0.018779
40.029063,-4.976728,2.333964,2.708881,-5.123970,2.400597,0.161617,0.075000,0.023967
40.062453,-4.979320,2.335161,2.709017,-5.123970,2.400597,0.158763,0.075000,0.024407
40.095967,-4.980737,2.335815,2.709553,-5.123970,2.400597,0.157202,0.075000,0.023188
40.129211,-4.983409,2.337047,2.710217,-5.123970,2.400597,0.154260,0.075000,0.021922
40.162709,-4.986073,2.338272,2.711055,-5.123970,2.400597,0.151328,0.075000,0.019999
40.195892,-4.987499,2.338927,2.711535,-5.137764,2.406207,0.164640,0.075000,0.027583
40.229042,-4.990221,2.340175,2.712302,-5.137764,2.406207,0.161645,0.075000,0.026233
40.262675,-4.992971,2.341433,2.713330,-5.137764,2.406207,0.158622,0.075000,0.023987
40.295926,-4.994371,2.342072,2.713528,-5.137764,2.406207,0.157083,0.075000,0.023830
40.329200,-4.996972,2.343258,2.714407,-5.137764,2.406207,0.154224,0.075000,0.021863
40.362627,-4.999676,2.344489,2.715194,-5.137764,2.406207,0.151253,0.075000,0.020121
40.395896,-5.001046,2.345111,2.715645,-5.151478,2.411677,0.164501,0.075000,0.028426
40.429205,-5.003609,2.346274,2.716338,-5.151478,2.411677,0.161687,0.075000,0.027274
40.462460,-5.006306,2.347495,2.717484,-5.151478,2.411677,0.158727,0.075000,0.024680
40.496154,-5.007695,2.348122,2.718360,-5.151478,2.411677,0.157203,0.075000,0.022376
40.529236,-5.010312,2.349300,2.719469,-5.151478,2.411677,0.154333,0.075000,0.019603
40.562765,-5.013084,2.350544,2.720954,-5.151478,2.411677,0.151294,0.075000,0.015469
40.596142,-5.014518,2.351185,2.721801,-5.165108,2.417001,0.164344,0.075000,0.023605
40.629439,-5.017303,2.352427,2.722486,-5.165108,2.417001,0.161295,0.075000,0.022371
40.662608,-5.020125,2.353685,2.722988,-5.165108,2.417001,0.158205,0.075000,0.021663
40.696177,-5.021522,2.354306,2.723480,-5.165108,2.417001,0.156676,0.075000,0.020518
40.729414,-5.024206,2.355498,2.724299,-5.165108,2.417001,0.153740,0.075000,0.018632
40.762855,-5.026916,2.356699,2.725295,-5.165108,2.417001,0.150776,0.075000,0.016055
40.796152,-5.028360,2.357337,2.725633,-5.178652,2.422174,0.163681,0.075000,0.026492
40.829458,-5.031057,2.358528,2.726351,-5.178652,2.422174,0.160733,0.075000,0.025233
40.862575,-5.033861,2.359764,2.727182,-5.178652,2.422174,0.157668,0.075000,0.023578
40.896118,-5.035208,2.360356,2.727889,-5.178652,2.422174,0.156197,0.075000,0.021760
40.929254,-5.037881,2.361529,2.728380,-5.178652,2.422174,0.153279,0.075000,0.020981
40.962713,-5.039195,2.362105,2.728921,-5.178652,2.422174,0.151844,0.075000,0.019597
41.001788,-5.042514,2.363557,2.729586,-5.192106,2.427193,0.162564,0.075000,0.030141
41.029027,-5.044672,2.364500,2.730205,-5.192106,2.427193,0.160210,0.075000,0.029095
41.062716,-5.047316,2.365653,2.731110,-5.192106,2.427193,0.157325,0.075000,0.027288
41.096000,-5.048742,2.366274,2.731647,-5.192106,2.427193,0.155770,0.075000,0.026111
41.129206,-5.049984,2.366813,2.732294,-5.192106,2.427193,0.154417,0.075000,0.024478
41.162724,-5.049984,2.366813,2.732294,-5.192106,2.427193,0.154417,0.075000,0.024478
41.196063,-5.055578,2.369234,2.735270,-5.205469,2.432054,0.162522,0.075000,0.029083
41.229094,-5.058903,2.370663,2.736305,-5.205469,2.432054,0.158903,0.075000,0.027142
41.262659,-5.061018,2.371570,2.736704,-5.205469,2.432054,0.156602,0.075000,0.026666
41.296165,-5.062499,2.372205,2.737184,-5.205469,2.432054,0.154991,0.075000,0.025678
41.329031,-5.065212,2.373365,2.738404,-5.205469,2.432054,0.152040,0.075000,0.022655
41.362528,-5.067967,2.374539,2.739464,-5.218737,2.436751,0.163101,0.075000,0.033056
41.395968,-5.069444,2.375167,2.739971,-5.218737,2.436751,0.161496,0.075000,0.032147
41.429039,-5.072258,2.376362,2.740924,-5.218737,2.436751,0.158439,0.075000,0.030377
41.462567,-5.075007,2.377525,2.742462,-5.218737,2.436751,0.155454,0.075000,0.026589
41.496248,-5.076403,2.378114,2.742971,-5.218737,2.436751,0.153939,0.075000,0.025461
41.529399,-5.079066,2.379235,2.743842,-5.218737,2.436751,0.151050,0.075000,0.023546
41.562794,-5.081088,2.380084,2.744778,-5.231908,2.441282,0.162763,0.075000,0.034855
41.596127,-5.083503,2.381096,2.745749,-5.231908,2.441282,0.160145,0.075000,0.032962
41.629495,-5.085797,2.382054,2.746391,-5.231908,2.441282,0.157659,0.075000,0.031969
41.662757,-5.087759,2.382873,2.747248,-5.231908,2.441282,0.155532,0.075000,0.030095
41.695922,-5.090298,2.383928,2.749083,-5.231908,2.441282,0.152783,0.075000,0.025160
41.729642,-5.092761,2.384946,2.751099,-5.231908,2.441282,0.150118,0.075000,0.019316
41.762850,-5.094784,2.385779,2.752387,-5.244978,2.445642,0.161684,0.075000,0.030719
41.796282,-5.097060,2.386711,2.753633,-5.244978,2.445642,0.159225,0.075000,0.027744
41.829194,-5.099868,2.387858,2.754562,-5.244978,2.445642,0.156192,0.075000,0.025843
41.862451,-5.102582,2.388964,2.755778,-5.244978,2.445642,0.153261,0.075000,0.022857
41.896058,-5.104352,2.389682,2.756483,-5.244978,2.445642,0.151351,0.075000,0.021108
41.929185,-5.106837,2.390689,2.756959,-5.257946,2.449827,0.162270,0.075000,0.035747
41.962570,-5.108909,2.391528,2.757231,-5.257946,2.449827,0.160034,0.075000,0.035901
41.996157,-5.111036,2.392388,2.757978,-5.257946,2.449827,0.157740,0.075000,0.034577
42.029493,-5.113884,2.393536,2.759032,-5.257946,2.449827,0.154670,0.075000,0.032537
42.062605,-5.116626,2.394640,2.759553,-5.257946,2.449827,0.151713,0.075000,0.032090
42.095910,-5.118594,2.395430,2.760293,-5.270809,2.453834,0.163035,0.075000,0.045787
42.128949,-5.120740,2.396290,2.761494,-5.270809,2.453834,0.160723,0.075000,0.043368
42.162727,-5.122123,2.396842,2.762116,-5.270809,2.453834,0.159235,0.075000,0.042228
42.199697,-5.123514,2.397397,2.762790,-5.270809,2.453834,0.157737,0.075000,0.040897
42.229509,-5.127637,2.399034,2.765142,-5.270809,2.453834,0.153302,0.075000,0.035550
42.262728,-5.130403,2.400127,2.766783,-5.270809,2.453834,0.150327,0.075000,0.031494
42.296026,-5.132415,2.400918,2.767600,-5.283564,2.457659,0.161448,0.075000,0.046067
42.329448,-5.134563,2.401761,2.768789,-5.283564,2.457659,0.159141,0.075000,0.043666
42.362750,-5.137465,2.402895,2.770710,-5.283564,2.457659,0.156025,0.075000,0.039247
42.396009,-5.138824,2.403423,2.772088,-5.283564,2.457659,0.154568,0.075000,0.035534
42.429418,-5.141566,2.404483,2.774281,-5.283564,2.457659,0.151629,0.075000,0.029652
42.462379,-5.144308,2.405536,2.775657,-5.296208,2.461299,0.161813,0.075000,0.043604
42.495855,-5.146015,2.406191,2.776662,-5.296208,2.461299,0.159984,0.075000,0.041468
42.529217,-5.148460,2.407124,2.778063,-5.296208,2.461299,0.157367,0.075000,0.038386
42.562577,-5.151284,2.408197,2.779302,-5.296208,2.461299,0.154347,0.075000,0.035866
42.596154,-5.152716,2.408740,2.779706,-5.296208,2.461299,0.152815,0.075000,0.035267
42.629480,-5.155622,2.409838,2.780873,-5.308740,2.464750,0.162667,0.075000,0.050370
42.662829,-5.158449,2.410904,2.781873,-5.308740,2.464750,0.159646,0.075000,0.049147
42.695843,-5.159955,2.411471,2.782211,-5.308740,2.464750,0.158037,0.075000,0.049086
42.729473,-5.162840,2.412553,2.783799,-5.308740,2.464750,0.154955,0.075000,0.045909
42.762704,-5.165768,2.413647,2.785312,-5.308740,2.464750,0.151831,0.075000,0.042819
42.795915,-5.167507,2.414294,2.786116,-5.321156,2.468009,0.162768,0.075000,0.058873
42.828968,-5.169938,2.415196,2.787687,-5.321156,2.468009,0.160175,0.075000,0.055871
42.862522,-5.172749,2.416233,2.789183,-5.321156,2.468009,0.157180,0.075000,0.053243
42.895757,-5.174457,2.416862,2.789920,-5.321156,2.468009,0.155360,0.075000,0.052127
42.929478,-5.176826,2.417730,2.791930,-5.321156,2.468009,0.152837,0.075000,0.047261
42.962652,-5.179755,2.418796,2.794989,-5.333454,2.471073,0.162346,0.075000,0.057746
42.996103,-5.179755,2.418796,2.794989,-5.333454,2.471073,0.162346,0.075000,0.057746
43.029405,-5.183995,2.420323,2.798018,-5.333454,2.471073,0.157841,0.075000,0.051431
43.062537,-5.186670,2.421279,2.801131,-5.333454,2.471073,0.155000,0.075000,0.043251
43.096177,-5.188087,2.421781,2.802616,-5.333454,2.471073,0.153497,0.075000,0.039268
43.129199,-5.190812,2.422740,2.804736,-5.333454,2.471073,0.150609,0.075000,0.033715
43.162595,-5.193679,2.423743,2.806746,-5.345632,2.473939,0.160030,0.075000,0.049335
43.196144,-5.195188,2.424268,2.807475,-5.345632,2.473939,0.158432,0.075000,0.048035
43.229404,-5.198009,2.425246,2.808731,-5.345632,2.473939,0.155447,0.075000,0.045847
43.262843,-5.200994,2.426278,2.809592,-5.345632,2.473939,0.152288,0.075000,0.044932
43.295813,-5.202501,2.426797,2.810378,-5.345632,2.473939,0.150695,0.075000,0.043279
43.329326,-5.205357,2.427778,2.812153,-5.357688,2.476605,0.159965,0.075000,0.060182
43.362800,-5.208223,2.428757,2.813682,-5.357688,2.476605,0.156937,0.075000,0.057635
43.396089,-5.209712,2.429264,2.814522,-5.357688,2.476605,0.155365,0.075000,0.056108
43.429120,-5.212579,2.430235,2.816623,-5.357688,2.476605,0.152338,0.075000,0.051436
43.462437,-5.215389,2.431180,2.818959,-5.369618,2.479067,0.161493,0.075000,0.066800
43.495996,-5.217091,2.431749,2.820627,-5.369618,2.479067,0.159698,0.075000,0.063090
43.529463,-5.219714,2.432619,2.823337,-5.369618,2.479067,0.156935,0.075000,0.056662
43.562488,-5.222596,2.433567,2.825645,-5.369618,2.479067,0.153902,0.075000,0.051390
43.596111,-5.224032,2.434037,2.826625,-5.369618,2.479067,0.152392,0.075000,0.049199
43.629046,-5.227210,2.435070,2.829079,-5.381422,2.481324,0.160999,0.075000,0.065566
43.662738,-5.229849,2.435921,2.831210,-5.381422,2.481324,0.158227,0.075000,0.061121
43.696035,-5.231594,2.436481,2.832515,-5.381422,2.481324,0.156395,0.075000,0.058389
43.729047,-5.234658,2.437457,2.835860,-5.381422,2.481324,0.153179,0.075000,0.049916
43.762692,-5.236878,2.438157,2.838040,-5.381422,2.481324,0.150852,0.075000,0.044215
43.796094,-5.238617,2.438701,2.839813,-5.393095,2.483372,0.160808,0.075000,0.063078
43.829215,-5.241099,2.439473,2.841409,-5.393095,2.483372,0.158209,0.075000,0.060098
43.862547,-5.243977,2.440362,2.843729,-5.393095,2.483372,0.155198,0.075000,0.054944
43.898684,-5.245415,2.440803,2.844569,-5.393095,2.483372,0.153694,0.075000,0.053294
43.929211,-5.248333,2.441695,2.846298,-5.393095,2.483372,0.150642,0.075000,0.049703
43.962538,-5.249815,2.442146,2.846942,-5.404638,2.485209,0.160700,0.075000,0.072669
43.995854,-5.253308,2.443203,2.849504,-5.404638,2.485209,0.157052,0.075000,0.067881
44.029244,-5.255504,2.443862,2.851061,-5.404638,2.485209,0.154759,0.075000,0.064855
44.062548,-5.258290,2.444694,2.852981,-5.404638,2.485209,0.151852,0.075000,0.061017
44.096101,-5.259709,2.445115,2.855001,-5.404638,2.485209,0.150372,0.075000,0.055508
44.129133,-5.262515,2.445940,2.858368,-5.416046,2.486834,0.158883,0.075000,0.072087
44.165290,-5.265347,2.446761,2.861237,-5.416046,2.486834,0.155936,0.075000,0.065591
44.195925,-5.266894,2.447207,2.862270,-5.416046,2.486834,0.154326,0.075000,0.063620
44.229280,-5.269883,2.448062,2.864874,-5.416046,2.486834,0.151218,0.075000,0.057607
44.262431,-5.272829,2.448897,2.867799,-5.427318,2.488245,0.159422,0.075000,0.076518
44.295884,-5.274363,2.449328,2.868668,-5.427318,2.488245,0.157828,0.075000,0.075320
44.329081,-5.277320,2.450153,2.871296,-5.427318,2.488245,0.154759,0.075000,0.069808
44.362732,-5.280173,2.450942,2.873986,-5.427318,2.488245,0.151800,0.075000,0.063662
44.395977,-5.281616,2.451338,2.875303,-5.427318,2.488245,0.150304,0.075000,0.060556
44.429044,-5.284404,2.452096,2.877992,-5.438452,2.489438,0.158510,0.075000,0.081325
44.462558,-5.287154,2.452836,2.881351,-5.438452,2.489438,0.155662,0.075000,0.073496
44.495875,-5.288615,2.453225,2.883181,-5.438452,2.489438,0.154151,0.075000,0.069009
44.529070,-5.291388,2.453956,2.885638,-5.438452,2.489438,0.151284,0.075000,0.063489
44.562698,-5.294217,2.454695,2.888542,-5.449446,2.490414,0.159286,0.075000,0.084376
44.596219,-5.295696,2.455077,2.889940,-5.449446,2.490414,0.157759,0.075000,0.081587
44.629109,-5.298417,2.455775,2.892444,-5.449446,2.490414,0.154951,0.075000,0.076464
44.662609,-5.301347,2.456518,2.896187,-5.449446,2.490414,0.151929,0.075000,0.067164
44.696087,-5.302921,2.456912,2.897840,-5.449446,2.490414,0.150306,0.075000,0.063125
44.729214,-5.304363,2.457271,2.899612,-5.460299,2.491170,0.159578,0.075000,0.087478
44.762457,-5.308760,2.458349,2.904949,-5.460299,2.491170,0.155052,0.075000,0.075310
44.796208,-5.310291,2.458718,2.906710,-5.460299,2.491170,0.153477,0.075000,0.071128
44.828987,-5.313142,2.459398,2.908932,-5.460299,2.491170,0.150548,0.075000,0.066500
44.862734,-5.316107,2.460099,2.911529,-5.471007,2.491704,0.158091,0.075000,0.091048
44.895897,-5.317656,2.460462,2.912844,-5.471007,2.491704,0.156500,0.075000,0.088709
44.929464,-5.320449,2.461111,2.915338,-5.471007,2.491704,0.153634,0.075000,0.083901
44.962858,-5.321803,2.461422,2.916286,-5.471007,2.491704,0.152245,0.075000,0.082325
44.996019,-5.323184,2.461739,2.916988,-5.471007,2.491704,0.150829,0.075000,0.081552
45.029502,-5.327496,2.462719,2.920948,-5.481569,2.492016,0.156834,0.075000,0.104340
45.062538,-5.330367,2.463361,2.923881,-5.481569,2.492016,0.153893,0.075000,0.098804
45.096118,-5.331845,2.463688,2.925838,-5.481569,2.492016,0.152380,0.075000,0.094358
45.129434,-5.334757,2.464324,2.929282,-5.491983,2.492105,0.159662,0.075000,0.117146
45.162595,-5.337641,2.464942,2.933581,-5.491983,2.492105,0.156713,0.075000,0.107825
45.195777,-5.339693,2.465375,2.936560,-5.491983,2.492105,0.154618,0.075000,0.101142
45.229307,-5.341972,2.465847,2.940027,-5.491983,2.492105,0.152291,0.075000,0.092837
45.262626,-5.344915,2.466447,2.943177,-5.502247,2.491970,0.159389,0.075000,0.117901
45.296106,-5.346443,2.466754,2.944688,-5.502247,2.491970,0.157832,0.075000,0.115456
45.329448,-5.349431,2.467347,2.948229,-5.502247,2.491970,0.154788,0.075000,0.108564
45.362830,-5.352456,2.467938,2.951571,-5.502247,2.491970,0.151707,0.075000,0.101964
45.396000,-5.353987,2.468232,2.954001,-5.502247,2.491970,0.150148,0.075000,0.096002
45.429041,-5.357545,2.468903,2.959531,-5.512361,2.491609,0.156471,0.075000,0.116406
45.462700,-5.359744,2.469305,2.963403,-5.512361,2.491609,0.154238,0.075000,0.107210
45.496040,-5.361202,2.469568,2.965841,-5.512361,2.491609,0.152757,0.075000,0.101324
45.529217,-5.364111,2.470081,2.970983,-5.522321,2.491022,0.159589,0.075000,0.122189
45.562604,-5.367074,2.470588,2.974949,-5.522321,2.491022,0.156586,0.075000,0.114213
45.596089,-5.368612,2.470847,2.976846,-5.522321,2.491022,0.155027,0.075000,0.110409
45.629336,-5.371592,2.471339,2.980991,-5.522321,2.491022,0.152008,0.075000,0.101136
45.662850,-5.374500,2.471807,2.985908,-5.532126,2.490209,0.158697,0.075000,0.124318
45.696127,-5.376023,2.472046,2.988089,-5.532126,2.490209,0.157156,0.075000,0.119833
45.729488,-5.378974,2.472500,2.992448,-5.532126,2.490209,0.154172,0.075000,0.110323
45.762342,-5.381153,2.472827,2.996051,-5.532126,2.490209,0.151970,0.075000,0.101696
45.796085,-5.383533,2.473174,2.999945,-5.541775,2.489169,0.159048,0.075000,0.128568
45.829521,-5.386368,2.473575,3.004682,-5.541775,2.489169,0.156187,0.075000,0.118101
45.862351,-5.389368,2.473985,3.009114,-5.541775,2.489169,0.153161,0.075000,0.108294
45.899074,-5.390902,2.474190,3.011516,-5.541775,2.489169,0.151615,0.075000,0.102597
45.929357,-5.393803,2.474566,3.015738,-5.551265,2.487902,0.158026,0.075000,0.130828
45.962563,-5.396865,2.474951,3.020242,-5.551265,2.487902,0.154942,0.075000,0.121506
45.997603,-5.398692,2.475174,3.022607,-5.551265,2.487902,0.153103,0.075000,0.116727
46.029186,-5.401345,2.475488,3.026196,-5.551265,2.487902,0.150433,0.075000,0.108938
46.062553,-5.404422,2.475842,3.030882,-5.560596,2.486409,0.156531,0.075000,0.137805
46.096138,-5.405942,2.476011,3.033313,-5.560596,2.486409,0.155003,0.075000,0.132702
46.129547,-5.408677,2.476305,3.038180,-5.560596,2.486409,0.152255,0.075000,0.121495
46.162739,-5.411736,2.476618,3.043747,-5.569766,2.484688,0.158237,0.075000,0.147903
46.196063,-5.413606,2.476802,3.047008,-5.569766,2.484688,0.156360,0.075000,0.141060
46.229035,-5.416217,2.477047,3.051883,-5.569766,2.484688,0.153739,0.075000,0.130004
46.262621,-5.419164,2.477308,3.058066,-5.569766,2.484688,0.150783,0.075000,0.114575
46.295938,-5.421331,2.477489,3.062631,-5.578774,2.482741,0.157530,0.075000,0.144731
46.329496,-5.423674,2.477672,3.067331,-5.578774,2.482741,0.155182,0.075000,0.133962
46.362383,-5.426653,2.477890,3.072963,-5.578774,2.482741,0.152198,0.075000,0.120704
46.396171,-5.428791,2.478037,3.077577,-5.578774,2.482741,0.150056,0.075000,0.108808
46.429513,-5.431069,2.478181,3.081953,-5.587617,2.480568,0.156567,0.075000,0.141714
46.462647,-5.434016,2.478354,3.087340,-5.587617,2.480568,0.153617,0.075000,0.129622
46.496076,-5.435519,2.478435,3.090131,-5.587617,2.480568,0.152114,0.075000,0.123031
46.529347,-5.438571,2.478588,3.094990,-5.596295,2.478170,0.157725,0.075000,0.156088
46.562825,-5.441694,2.478730,3.099802,-5.596295,2.478170,0.154603,0.075000,0.146832
46.596077,-5.443265,2.478796,3.102477,-5.596295,2.478170,0.153032,0.075000,0.141132
46.629275,-5.446292,2.478910,3.107749,-5.596295,2.478170,0.150006,0.075000,0.129238
46.662557,-5.449182,2.479005,3.112557,-5.604807,2.475546,0.155663,0.075000,0.164571
46.696137,-5.450781,2.479051,3.115405,-5.604807,2.475546,0.154066,0.075000,0.158769
46.729242,-5.453742,2.479125,3.121046,-5.604807,2.475546,0.151107,0.075000,0.146312
46.762377,-5.456769,2.479182,3.127505,-5.613151,2.472699,0.156516,0.075000,0.177279
46.796077,-5.458319,2.479204,3.131096,-5.613151,2.472699,0.154969,0.075000,0.169268
46.829233,-5.461276,2.479229,3.137993,-5.613151,2.472699,0.152015,0.075000,0.153135
46.862609,-5.464329,2.479236,-3.139896,-5.621326,2.469628,0.157291,0.075000,0.188792
46.895937,-5.465894,2.479234,-3.136918,-5.621326,2.469628,0.155728,0.075000,0.183053
46.929507,-5.469246,2.479213,-3.130519,-5.621326,2.469628,0.152382,0.075000,0.170103
46.962613,-5.471932,2.479180,-3.125235,-5.629330,2.466337,0.157921,0.075000,0.205842
46.996033,-5.471932,2.479180,-3.125235,-5.629330,2.466337,0.157921,0.075000,0.205842
47.029241,-5.476458,2.479091,-3.114511,-5.629330,2.466337,0.153403,0.075000,0.182935
47.062616,-5.479423,2.479006,-3.106899,-5.629330,2.466337,0.150442,0.075000,0.164846
47.095859,-5.480989,2.478951,-3.102438,-5.637163,2.462824,0.157005,0.075000,0.202866
47.129129,-5.483878,2.478833,-3.095068,-5.637163,2.462824,0.154119,0.075000,0.186548
47.162843,-5.486840,2.478690,-3.087893,-5.637163,2.462824,0.151159,0.075000,0.170138
47.196128,-5.488483,2.478602,-3.084555,-5.644824,2.459093,0.157554,0.075000,0.212801
47.229265,-5.491447,2.478429,-3.078986,-5.644824,2.459093,0.154591,0.075000,0.202979
47.262556,-5.494448,2.478237,-3.072247,-5.644824,2.459093,0.151590,0.075000,0.188823
47.296203,-5.495989,2.478130,-3.068511,-5.644824,2.459093,0.150048,0.075000,0.180295
47.329464,-5.498840,2.477916,-3.061192,-5.652311,2.455145,0.155152,0.075000,0.215434
47.362552,-5.501922,2.477662,-3.052790,-5.652311,2.455145,0.152066,0.075000,0.196577
47.395918,-5.503503,2.477521,-3.048982,-5.652311,2.455145,0.150481,0.075000,0.188111
47.429513,-5.506555,2.477232,-3.041809,-5.659624,2.450981,0.155305,0.075000,0.225392
47.462538,-5.509608,2.476921,-3.033233,-5.659624,2.450981,0.152243,0.075000,0.206330
47.496055,-5.511102,2.476759,-3.029194,-5.659624,2.450981,0.150743,0.075000,0.197083
47.529211,-5.514028,2.476423,-3.021149,-5.666762,2.446603,0.155618,0.075000,0.232311
47.562541,-5.517069,2.476050,-3.013180,-5.666762,2.446603,0.152562,0.075000,0.215555
47.595983,-5.518570,2.475856,-3.009151,-5.666762,2.446603,0.151052,0.075000,0.206580
47.629211,-5.521471,2.475463,-3.000265,-5.673724,2.442015,0.155883,0.075000,0.240105
47.662537,-5.524341,2.475050,-2.991932,-5.673724,2.442015,0.152992,0.075000,0.221995
47.696009,-5.525837,2.474824,-2.987587,-5.673724,2.442015,0.151482,0.075000,0.212133
47.729434,-5.528748,2.474366,-2.979004,-5.680508,2.437217,0.156241,0.075000,0.247699
47.762959,-5.531674,2.473880,-2.970332,-5.680508,2.437217,0.153284,0.075000,0.229020
47.795914,-5.533471,2.473569,-2.965060,-5.680508,2.437217,0.151464,0.075000,0.217193
47.829489,-5.536130,2.473089,-2.956495,-5.687115,2.432212,0.156421,0.075000,0.253224
47.862484,-5.539040,2.472539,-2.947086,-5.687115,2.432212,0.153468,0.075000,0.232377
47.895835,-5.540541,2.472243,-2.942107,-5.687115,2.432212,0.151942,0.075000,0.220724
47.929198,-5.543558,2.471626,-2.932923,-5.693544,2.427003,0.156483,0.075000,0.256963
47.962622,-5.546476,2.471002,-2.923285,-5.693544,2.427003,0.153509,0.075000,0.235594
47.996054,-5.547992,2.470666,-2.918614,-5.693544,2.427003,0.151959,0.075000,0.225091
48.029042,-5.551450,2.469872,-2.907355,-5.699793,2.421592,0.156001,0.075000,0.257453
48.062739,-5.552599,2.469598,-2.903364,-5.699793,2.421592,0.154824,0.075000,0.248535
48.095692,-5.555185,2.468964,-2.894301,-5.699793,2.421592,0.152170,0.075000,0.227453
48.129211,-5.558020,2.468240,-2.884152,-5.705862,2.415982,0.156806,0.075000,0.262205
48.162351,-5.559445,2.467865,-2.879218,-5.705862,2.415982,0.155338,0.075000,0.251354
48.195894,-5.562711,2.466979,-2.868926,-5.705862,2.415982,0.151964,0.075000,0.228688
48.229233,-5.565274,2.466256,-2.859820,-5.711752,2.410177,0.156846,0.075000,0.267043
48.262585,-5.568130,2.465421,-2.849840,-5.711752,2.410177,0.153880,0.075000,0.244951
48.295964,-5.569580,2.464986,-2.845149,-5.711752,2.410177,0.152371,0.075000,0.234475
48.329039,-5.572423,2.464110,-2.835613,-5.717460,2.404178,0.156932,0.075000,0.273264
48.362532,-5.575361,2.463174,-2.825215,-5.717460,2.404178,0.153859,0.075000,0.250449
48.395980,-5.576778,2.462710,-2.820284,-5.717460,2.404178,0.152373,0.075000,0.239224
48.429180,-5.579654,2.461745,-2.809860,-5.722987,2.397990,0.156873,0.075000,0.276281
48.462521,-5.582519,2.460751,-2.799612,-5.722987,2.397990,0.153852,0.075000,0.253911
48.496090,-5.583974,2.460233,-2.794075,-5.722987,2.397990,0.152311,0.075000,0.240951
48.529432,-5.586806,2.459199,-2.783368,-5.728332,2.391615,0.156835,0.075000,0.277928
48.562841,-5.589606,2.458145,-2.773549,-5.728332,2.391615,0.153855,0.075000,0.256884
48.595882,-5.591013,2.457602,-2.768499,-5.728332,2.391615,0.152351,0.075000,0.245453
48.629329,-5.593760,2.456518,-2.757802,-5.733496,2.385058,0.156948,0.075000,0.282944
48.662859,-5.596524,2.455395,-2.747532,-5.733496,2.385058,0.153976,0.075000,0.260613
48.696288,-5.597986,2.454787,-2.742086,-5.733496,2.385058,0.152397,0.075000,0.248230
48.729457,-5.600684,2.453640,-2.731307,-5.738476,2.378321,0.157034,0.075000,0.286018
48.762556,-5.603321,2.452486,-2.720536,-5.738476,2.378321,0.154167,0.075000,0.261820
48.796129,-5.604739,2.451851,-2.715173,-5.738476,2.378321,0.152618,0.075000,0.249644
48.829028,-5.607427,2.450621,-2.705698,-5.743274,2.371409,0.157254,0.075000,0.292125
48.862371,-5.610154,2.449344,-2.694742,-5.743274,2.371409,0.154255,0.075000,0.268076
48.896051,-5.611646,2.448629,-2.689091,-5.743274,2.371409,0.152607,0.075000,0.255446
48.929202,-5.614328,2.447316,-2.678089,-5.747889,2.364325,0.157245,0.075000,0.293654
48.962752,-5.615748,2.446607,-2.671858,-5.747889,2.364325,0.155664,0.075000,0.279715
48.995671,-5.618784,2.445053,-2.659858,-5.747889,2.364325,0.152267,0.075000,0.252836
49.029209,-5.621162,2.443803,-2.649903,-5.752321,2.357074,0.157241,0.075000,0.293898
49.062532,-5.623788,2.442388,-2.639448,-5.752321,2.357074,0.154270,0.075000,0.271401
49.095978,-5.625130,2.441651,-2.634448,-5.752321,2.357074,0.152744,0.075000,0.260539
49.129272,-5.626394,2.440948,-2.629334,-5.752321,2.357074,0.151303,0.075000,0.248678
49.162611,-5.629043,2.439449,-2.618391,-5.756569,2.349658,0.155966,0.075000,0.288996
49.195927,-5.631639,2.437942,-2.607471,-5.756569,2.349658,0.152975,0.075000,0.264668
49.229514,-5.634168,2.436437,-2.596923,-5.756569,2.349658,0.150041,0.075000,0.239896
49.262404,-5.636623,2.434941,-2.585823,-5.760634,2.342084,0.154923,0.075000,0.280279
49.296119,-5.637874,2.434164,-2.579822,-5.760634,2.342084,0.153456,0.075000,0.266181
49.329035,-5.640313,2.432621,-2.569881,-5.760634,2.342084,0.150579,0.075000,0.243382
49.362581,-5.642935,2.430924,-2.560348,-5.764515,2.334354,0.155266,0.075000,0.289465
49.395966,-5.644226,2.430077,-2.555119,-5.764515,2.334354,0.153729,0.075000,0.278345
49.429249,-5.646731,2.428403,-2.545379,-5.764515,2.334354,0.150726,0.075000,0.257181
49.462393,-5.649318,2.426638,-2.534402,-5.768213,2.326473,0.155464,0.075000,0.298395
49.495993,-5.650629,2.425727,-2.528296,-5.768213,2.326473,0.153874,0.075000,0.284835
49.529043,-5.653292,2.423841,-2.515772,-5.768213,2.326473,0.150624,0.075000,0.255613
49.562731,-5.655433,2.422286,-2.505091,-5.771727,2.318446,0.155907,0.075000,0.295840
49.596182,-5.656615,2.421412,-2.499629,-5.771727,2.318446,0.154443,0.075000,0.283862
49.629100,-5.659433,2.419292,-2.486914,-5.771727,2.318446,0.150930,0.075000,0.255023
49.662597,-5.661296,2.417857,-2.478922,-5.775058,2.310278,0.156573,0.075000,0.302273
49.696041,-5.662525,2.416897,-2.473486,-5.775058,2.310278,0.155021,0.075000,0.290899
49.729048,-5.665333,2.414667,-2.460308,-5.775058,2.310278,0.151449,0.075000,0.261197
49.762611,-5.667131,2.413203,-2.450537,-5.778206,2.301973,0.157193,0.075000,0.301852
49.796101,-5.668297,2.412238,-2.444484,-5.778206,2.301973,0.155687,0.075000,0.288364
49.829043,-5.670485,2.410396,-2.433282,-5.778206,2.301973,0.152838,0.075000,0.262531
49.862392,-5.672750,2.408447,-2.421997,-5.781171,2.293535,0.157987,0.075000,0.299751
49.896085,-5.673905,2.407434,-2.416229,-5.781171,2.293535,0.156457,0.075000,0.287287
49.929229,-5.676163,2.405422,-2.405640,-5.781171,2.293535,0.153444,0.075000,0.264129
49.962273,-5.677802,2.403937,-2.397741,-5.781171,2.293535,0.151240,0.075000,0.245851
49.997668,-5.679808,2.402083,-2.387573,-5.783952,2.284971,0.156720,0.075000,0.286495
50.029495,-5.681724,2.400275,-2.377339,-5.783952,2.284971,0.154096,0.075000,0.263116
50.062377,-5.683900,2.398179,-2.366470,-5.783952,2.284971,0.151084,0.075000,0.237700
50.095937,-5.684980,2.397121,-2.360795,-5.786551,2.276285,0.157855,0.075000,0.287862
50.129223,-5.687071,2.395038,-2.349954,-5.786551,2.276285,0.154915,0.075000,0.263871
50.162533,-5.687071,2.395038,-2.349954,-5.786551,2.276285,0.154915,0.075000,0.263871
50.195867,-5.690513,2.391515,-2.333821,-5.786551,2.276285,0.150005,0.075000,0.227215
50.229301,-5.692329,2.389607,-2.324258,-5.788968,2.267482,0.155736,0.075000,0.269510
50.262386,-5.694313,2.387483,-2.313878,-5.788968,2.267482,0.152839,0.075000,0.245839
50.295983,-5.695541,2.386147,-2.307613,-5.788968,2.267482,0.151030,0.075000,0.231079
50.329194,-5.697284,2.384217,-2.298919,-5.791202,2.258567,0.156871,0.075000,0.274564
50.362396,-5.699240,2.382014,-2.289015,-5.791202,2.258567,0.153936,0.075000,0.252945
50.396096,-5.700272,2.380833,-2.283429,-5.791202,2.258567,0.152372,0.075000,0.239889
50.429216,-5.702265,2.378515,-2.273353,-5.793255,2.249546,0.157836,0.075000,0.278834
50.462344,-5.704230,2.376184,-2.262906,-5.793255,2.249546,0.154799,0.075000,0.256122
50.495714,-5.705382,2.374793,-2.256587,-5.793255,2.249546,0.152998,0.075000,0.241597
50.529191,-5.707066,2.372727,-2.247694,-5.793255,2.249546,0.150340,0.075000,0.220584
50.562357,-5.708923,2.370405,-2.237822,-5.795127,2.240424,0.155968,0.075000,0.260745
50.596096,-5.709834,2.369248,-2.233253,-5.795127,2.240424,0.154501,0.075000,0.250985
50.629222,-5.711672,2.366880,-2.223951,-5.795127,2.240424,0.151512,0.075000,0.230215
50.662608,-5.713508,2.364471,-2.214078,-5.796818,2.231206,0.157163,0.075000,0.268764
50.696152,-5.714397,2.363286,-2.209008,-5.796818,2.231206,0.155687,0.075000,0.257657
50.729570,-5.716199,2.360843,-2.199402,-5.796818,2.231206,0.152660,0.075000,0.236446
50.762651,-5.717969,2.358396,-2.188868,-5.798328,2.221899,0.158396,0.075000,0.271087
50.795948,-5.718815,2.357206,-2.183680,-5.798328,2.221899,0.156940,0.075000,0.259670
50.829092,-5.720584,2.354676,-2.173417,-5.798328,2.221899,0.153864,0.075000,0.236745
50.862608,-5.722248,2.352245,-2.163074,-5.798328,2.221899,0.150925,0.075000,0.211700
50.896141,-5.723068,2.351027,-2.157954,-5.799659,2.212506,0.158285,0.075000,0.258959
50.929070,-5.724762,2.348465,-2.147425,-5.799659,2.212506,0.155224,0.075000,0.235294
50.962668,-5.726412,2.345915,-2.137877,-5.799659,2.212506,0.152194,0.075000,0.213311
51.000272,-5.727191,2.344692,-2.132556,-5.799659,2.212506,0.150747,0.075000,0.199814
51.029436,-5.728893,2.341973,-2.121333,-5.800811,2.203036,0.156447,0.075000,0.232731
51.062589,-5.730263,2.339732,-2.113754,-5.800811,2.203036,0.153827,0.075000,0.216056
51.096013,-5.731056,2.338417,-2.109082,-5.800811,2.203036,0.152296,0.075000,0.205119
51.129264,-5.732524,2.335947,-2.100453,-5.801784,2.193492,0.158400,0.075000,0.243189
51.162656,-5.733977,2.333452,-2.091967,-5.801784,2.193492,0.155521,0.075000,0.224942
51.196093,-5.734747,2.332111,-2.087086,-5.801784,2.193492,0.153978,0.075000,0.213659
51.229413,-5.736206,2.329527,-2.077713,-5.801784,2.193492,0.151017,0.075000,0.190998
51.262374,-5.737659,2.326898,-2.068613,-5.802579,2.183881,0.157062,0.075000,0.228061
51.295874,-5.738417,2.325504,-2.063832,-5.802579,2.183881,0.155480,0.075000,0.217389
51.329222,-5.739807,2.322904,-2.055758,-5.802579,2.183881,0.152538,0.075000,0.199318
51.362381,-5.741188,2.320270,-2.046240,-5.803197,2.174208,0.158680,0.075000,0.232858
51.395706,-5.742014,2.318666,-2.041064,-5.803197,2.174208,0.156880,0.075000,0.221777
51.429260,-5.743175,2.316372,-2.033373,-5.803197,2.174208,0.154316,0.075000,0.204244
51.462627,-5.744511,2.313680,-2.024504,-5.803197,2.174208,0.151315,0.075000,0.183048
51.496032,-5.745152,2.312365,-2.020367,-5.803638,2.164480,0.159030,0.075000,0.229198
51.529221,-5.746446,2.309672,-2.013172,-5.803638,2.164480,0.156050,0.075000,0.214935
51.562389,-5.747737,2.306936,-2.005235,-5.803638,2.164480,0.153031,0.075000,0.197515
51.596124,-5.748355,2.305604,-2.001212,-5.803638,2.164480,0.151566,0.075000,0.188106
51.629510,-5.749581,2.302918,-1.992806,-5.803904,2.154703,0.157857,0.075000,0.223749
51.662694,-5.750819,2.300150,-1.985008,-5.803904,2.154703,0.154832,0.075000,0.207352
51.696139,-5.751424,2.298772,-1.981059,-5.803904,2.154703,0.153330,0.075000,0.198581
51.729481,-5.752602,2.296050,-1.973278,-5.803904,2.154703,0.150369,0.075000,0.180523
51.762558,-5.753785,2.293258,-1.965209,-5.803995,2.144882,0.156641,0.075000,0.217256
51.796130,-5.754387,2.291811,-1.961196,-5.803995,2.144882,0.155078,0.075000,0.208749
51.829297,-5.755560,2.288946,-1.952749,-5.803995,2.144882,0.151988,0.075000,0.189451
51.862652,-5.756688,2.286123,-1.944607,-5.803911,2.135023,0.158307,0.075000,0.223735
51.895857,-5.757253,2.284682,-1.940551,-5.803911,2.135023,0.156764,0.075000,0.215256
51.928969,-5.758325,2.281900,-1.932445,-5.803911,2.135023,0.153788,0.075000,0.197242
51.962361,-5.759330,2.279229,-1.923890,-5.803911,2.135023,0.150939,0.075000,0.176355
51.996040,-5.759330,2.279229,-1.923890,-5.803911,2.135023,0.150939,0.075000,0.176355
52.029286,-5.760837,2.275089,-1.910642,-5.803655,2.125133,0.155949,0.075000,0.197723
52.062654,-5.761813,2.272312,-1.903179,-5.803655,2.125133,0.153011,0.075000,0.180947
52.096101,-5.762439,2.270499,-1.898402,-5.803655,2.125133,0.151096,0.075000,0.169776
52.129294,-5.763434,2.267555,-1.891194,-5.803226,2.115218,0.157448,0.075000,0.205949
52.162435,-5.764263,2.265045,-1.884893,-5.803226,2.115218,0.154810,0.075000,0.192632
52.196028,-5.764731,2.263604,-1.881213,-5.803226,2.115218,0.153298,0.075000,0.184468
52.229440,-5.765635,2.260767,-1.873796,-5.803226,2.115218,0.150325,0.075000,0.167084
52.262665,-5.766512,2.257946,-1.866790,-5.802625,2.105284,0.156876,0.075000,0.202924
52.295916,-5.766962,2.256473,-1.863376,-5.802625,2.105284,0.155338,0.075000,0.195991
52.329034,-5.767806,2.253654,-1.856493,-5.802625,2.105284,0.152401,0.075000,0.180970
52.362676,-5.768675,2.250674,-1.848945,-5.801854,2.095336,0.158842,0.075000,0.212996
52.395912,-5.769106,2.249165,-1.844569,-5.801854,2.095336,0.157276,0.075000,0.203374
52.429308,-5.769909,2.246282,-1.836053,-5.801854,2.095336,0.154290,0.075000,0.183642
52.462559,-5.770695,2.243366,-1.827504,-5.801854,2.095336,0.151274,0.075000,0.162706
52.495955,-5.771148,2.241644,-1.822849,-5.800914,2.085382,0.159071,0.075000,0.200462
52.529465,-5.771779,2.239175,-1.816112,-5.800914,2.085382,0.156528,0.075000,0.185464
52.562886,-5.772492,2.236309,-1.808072,-5.800914,2.085382,0.153580,0.075000,0.166414
52.596139,-5.772844,2.234850,-1.804207,-5.800914,2.085382,0.152081,0.075000,0.157017
52.629473,-5.773508,2.232035,-1.797151,-5.799805,2.075427,0.158800,0.075000,0.188778
52.662895,-5.774203,2.228996,-1.790702,-5.799805,2.075427,0.155688,0.075000,0.175635
52.696154,-5.774547,2.227459,-1.787608,-5.799805,2.075427,0.154116,0.075000,0.169215
52.729158,-5.775163,2.224642,-1.781815,-5.799805,2.075427,0.151235,0.075000,0.156500
52.762577,-5.775784,2.221722,-1.774842,-5.798528,2.065478,0.157890,0.075000,0.188292
52.796055,-5.776094,2.220224,-1.771965,-5.798528,2.065478,0.156364,0.075000,0.182802
52.828940,-5.776672,2.217371,-1.765878,-5.798528,2.065478,0.153458,0.075000,0.169896
52.862454,-5.777252,2.214414,-1.759086,-5.798528,2.065478,0.150448,0.075000,0.154125
52.896191,-5.777528,2.212963,-1.755756,-5.797086,2.055541,0.158632,0.075000,0.193275
52.929177,-5.778054,2.210125,-1.748817,-5.797086,2.055541,0.155752,0.075000,0.178158
52.962674,-5.778320,2.208647,-1.745077,-5.797086,2.055541,0.154252,0.075000,0.169533
52.996098,-5.778849,2.205609,-1.737272,-5.797086,2.055541,0.151173,0.075000,0.150590
53.029438,-5.779351,2.202589,-1.730005,-5.795478,2.045621,0.157794,0.075000,0.179971
53.062373,-5.779845,2.199477,-1.722063,-5.795478,2.045621,0.154648,0.075000,0.161621
53.096114,-5.780071,2.197995,-1.718493,-5.795478,2.045621,0.153150,0.075000,0.153155
53.129423,-5.780280,2.196592,-1.715193,-5.795478,2.045621,0.151734,0.075000,0.145166
53.162812,-5.780701,2.193662,-1.708127,-5.793706,2.035726,0.158470,0.075000,0.173995
53.196031,-5.781106,2.190692,-1.701549,-5.793706,2.035726,0.155477,0.075000,0.159531
53.229180,-5.781495,2.187701,-1.695739,-5.793706,2.035726,0.152464,0.075000,0.146771
53.262731,-5.781869,2.184682,-1.689243,-5.791770,2.025862,0.159128,0.075000,0.176442
53.295952,-5.782043,2.183216,-1.686356,-5.791770,2.025862,0.157655,0.075000,0.170613
53.329217,-5.782382,2.180263,-1.680573,-5.791770,2.025862,0.154686,0.075000,0.158474
53.362687,-5.782715,2.177209,-1.674462,-5.791770,2.025862,0.151617,0.075000,0.144741
53.395948,-5.782872,2.175702,-1.671256,-5.791770,2.025862,0.150104,0.075000,0.137004
53.429215,-5.783160,2.172794,-1.664749,-5.789674,2.016034,0.156895,0.075000,0.166998
53.462373,-5.783429,2.169889,-1.657410,-5.789674,2.016034,0.153981,0.075000,0.149464
53.495987,-5.783555,2.168431,-1.654080,-5.789674,2.016034,0.152519,0.075000,0.141434
53.529232,-5.783804,2.165392,-1.647629,-5.787416,2.006250,0.159183,0.075000,0.169961
53.562723,-5.784041,2.162248,-1.641338,-5.787416,2.006250,0.156034,0.075000,0.156653
53.596185,-5.784150,2.160701,-1.638523,-5.787416,2.006250,0.154486,0.075000,0.150708
53.629558,-5.784346,2.157739,-1.632165,-5.787416,2.006250,0.151520,0.075000,0.135606
53.662526,-5.784525,2.154759,-1.626073,-5.784999,1.996515,0.158246,0.075000,0.165101
53.696001,-5.784607,2.153277,-1.623334,-5.784999,1.996515,0.156763,0.075000,0.159515
53.729424,-5.784765,2.150191,-1.618083,-5.784999,1.996515,0.153676,0.075000,0.148836
53.762785,-5.784903,2.147190,-1.612174,-5.784999,1.996515,0.150676,0.075000,0.135153
53.795695,-5.784962,2.145777,-1.609182,-5.782425,1.986835,0.158962,0.075000,0.170862
53.829217,-5.785068,2.142880,-1.602508,-5.782425,1.986835,0.156068,0.075000,0.155804
53.862819,-5.785156,2.139975,-1.596030,-5.782425,1.986835,0.153164,0.075000,0.140558
53.895874,-5.785193,2.138504,-1.593427,-5.782425,1.986835,0.151695,0.075000,0.134722
53.929043,-5.785270,2.134871,-1.587347,-5.779693,1.977217,0.157753,0.075000,0.164457
53.962601,-5.785306,2.132534,-1.583349,-5.779693,1.977217,0.155419,0.075000,0.156547
53.995656,-5.785325,2.131047,-1.580612,-5.779693,1.977217,0.153933,0.075000,0.150702
54.029040,-5.785350,2.128016,-1.574695,-5.779693,1.977217,0.150905,0.075000,0.137126
54.062391,-5.785359,2.124984,-1.569028,-5.776806,1.967666,0.157550,0.075000,0.166679
54.095878,-5.785356,2.123413,-1.566065,-5.776806,1.967666,0.155981,0.075000,0.160564
54.129224,-5.785337,2.120361,-1.560023,-5.776806,1.967666,0.152933,0.075000,0.147196
54.162656,-5.785337,2.120361,-1.560023,-5.776806,1.967666,0.152933,0.075000,0.147196
54.196273,-5.785273,2.115779,-1.550376,-5.773764,1.958190,0.158009,0.075000,0.165998
54.229358,-5.785207,2.112753,-1.544325,-5.773764,1.958190,0.154986,0.075000,0.152946
54.262662,-5.785124,2.109738,-1.538627,-5.773764,1.958190,0.151973,0.075000,0.140265
54.296193,-5.785075,2.108236,-1.535559,-5.773764,1.958190,0.150471,0.075000,0.132893
54.329414,-5.784968,2.105332,-1.529253,-5.770570,1.948793,0.157199,0.075000,0.159531
54.362542,-5.784842,2.102376,-1.523609,-5.770570,1.948793,0.154244,0.075000,0.147356
54.396139,-5.784769,2.100834,-1.520658,-5.770570,1.948793,0.152703,0.075000,0.140693
54.429544,-5.784611,2.097754,-1.515306,-5.767225,1.939483,0.159223,0.075000,0.169243
54.462597,-5.784435,2.094657,-1.509892,-5.767225,1.939483,0.156126,0.075000,0.158638
54.496098,-5.784341,2.093116,-1.506959,-5.767225,1.939483,0.154583,0.075000,0.152344
54.529381,-5.784145,2.090110,-1.501102,-5.767225,1.939483,0.151574,0.075000,0.139060
54.562828,-5.783996,2.087975,-1.496818,-5.763729,1.930265,0.159007,0.075000,0.169182
54.596115,-5.783818,2.085620,-1.491465,-5.763729,1.930265,0.156649,0.075000,0.157194
54.629487,-5.783590,2.082807,-1.484367,-5.763729,1.930265,0.153830,0.075000,0.139856
54.662623,-5.783340,2.079969,-1.477951,-5.763729,1.930265,0.150983,0.075000,0.123870
54.696015,-5.783207,2.078537,-1.474499,-5.760084,1.921145,0.159082,0.075000,0.155732
54.729199,-5.782918,2.075601,-1.468304,-5.760084,1.921145,0.156135,0.075000,0.141737
54.762688,-5.782611,2.072645,-1.463767,-5.760084,1.921145,0.153166,0.075000,0.132430
54.795965,-5.782449,2.071136,-1.461313,-5.760084,1.921145,0.151649,0.075000,0.127007
54.829231,-5.782114,2.068131,-1.455413,-5.756293,1.912128,0.158125,0.075000,0.153774
54.862510,-5.781766,2.065159,-1.449749,-5.756293,1.912128,0.155137,0.075000,0.141445
54.896127,-5.781584,2.063660,-1.446686,-5.756293,1.912128,0.153628,0.075000,0.134278
54.929035,-5.781204,2.060651,-1.441040,-5.756293,1.912128,0.150597,0.075000,0.120913
54.962872,-5.781005,2.059122,-1.438389,-5.752355,1.903222,0.158511,0.075000,0.155557
54.996001,-5.780607,2.056165,-1.433338,-5.752355,1.903222,0.155531,0.075000,0.145278
55.029230,-5.780398,2.054655,-1.430264,-5.752355,1.903222,0.154007,0.075000,0.138199
55.062617,-5.779745,2.050127,-1.422523,-5.748273,1.894431,0.158845,0.075000,0.161025
55.095787,-5.779524,2.048647,-1.420276,-5.748273,1.894431,0.157350,0.075000,0.156967
55.129209,-5.779072,2.045691,-1.414609,-5.748273,1.894431,0.154363,0.075000,0.144680
55.162721,-5.778606,2.042759,-1.409350,-5.748273,1.894431,0.151397,0.075000,0.132962
55.195858,-5.778374,2.041332,-1.406556,-5.744048,1.885762,0.159312,0.075000,0.166019
55.229199,-5.778128,2.039852,-1.403667,-5.744048,1.885762,0.157814,0.075000,0.160044
55.262845,-5.777310,2.035081,-1.395024,-5.744048,1.885762,0.152979,0.075000,0.141816
55.296047,-5.777002,2.033349,-1.391575,-5.744048,1.885762,0.151221,0.075000,0.133739
55.329220,-5.776576,2.031009,-1.386318,-5.739682,1.877220,0.158153,0.075000,0.161070
55.362623,-5.776004,2.027975,-1.379949,-5.739682,1.877220,0.155069,0.075000,0.146922
55.395835,-5.775725,2.026527,-1.376924,-5.739682,1.877220,0.153596,0.075000,0.139916
55.429047,-5.775144,2.023594,-1.371241,-5.739682,1.877220,0.150609,0.075000,0.126571
55.462689,-5.774521,2.020528,-1.366517,-5.735176,1.868811,0.156737,0.075000,0.157723
55.496003,-5.774157,2.018773,-1.363733,-5.735176,1.868811,0.154946,0.075000,0.152417
55.529222,-5.773610,2.016183,-1.358344,-5.735176,1.868811,0.152301,0.075000,0.140010
55.562695,-5.772968,2.013224,-1.352234,-5.730531,1.860540,0.158472,0.075000,0.165667
55.596175,-5.772635,2.011727,-1.349342,-5.730531,1.860540,0.156941,0.075000,0.159716
55.629483,-5.771977,2.008825,-1.343743,-5.730531,1.860540,0.153969,0.075000,0.147694
55.662558,-5.771300,2.005909,-1.337375,-5.730531,1.860540,0.150978,0.075000,0.132447
55.695975,-5.770904,2.004244,-1.333637,-5.725749,1.852412,0.158403,0.075000,0.163777
55.729250,-5.770300,2.001762,-1.327982,-5.725749,1.852412,0.155853,0.075000,0.150989
55.762537,-5.769581,1.998872,-1.322267,-5.725749,1.852412,0.152877,0.075000,0.138178
55.795896,-5.769221,1.997453,-1.319329,-5.725749,1.852412,0.151415,0.075000,0.131167
55.829218,-5.768495,1.994647,-1.312938,-5.720832,1.844435,0.157593,0.075000,0.156658
55.862687,-5.767745,1.991817,-1.306743,-5.720832,1.844435,0.154668,0.075000,0.142555
55.895800,-5.767359,1.990389,-1.303845,-5.720832,1.844435,0.153191,0.075000,0.135868
55.929051,-5.766559,1.987484,-1.297363,-5.720832,1.844435,0.150181,0.075000,0.119696
55.962545,-5.765713,1.984483,-1.290864,-5.715781,1.836611,0.156075,0.075000,0.146406
55.995871,-5.765713,1.984483,-1.290864,-5.715781,1.836611,0.156075,0.075000,0.146406
56.029221,-5.764448,1.980128,-1.282272,-5.715781,1.836611,0.151544,0.075000,0.126689
56.062617,-5.763589,1.977247,-1.276820,-5.710598,1.828948,0.157482,0.075000,0.156174
56.095990,-5.763149,1.975793,-1.274605,-5.710598,1.828948,0.155965,0.075000,0.152134
56.129270,-5.762252,1.972862,-1.270087,-5.710598,1.828948,0.152904,0.075000,0.143464
56.162589,-5.761353,1.969977,-1.264800,-5.705284,1.821449,0.158758,0.075000,0.173015
56.195968,-5.760842,1.968358,-1.261899,-5.705284,1.821449,0.157063,0.075000,0.167547
56.229206,-5.760040,1.965857,-1.256447,-5.705284,1.821449,0.154441,0.075000,0.155588
56.262651,-5.759073,1.962894,-1.250191,-5.705284,1.821449,0.151327,0.075000,0.141320
56.295992,-5.758591,1.961444,-1.247275,-5.699841,1.814121,0.158605,0.075000,0.176241
56.329240,-5.757616,1.958550,-1.240869,-5.699841,1.814121,0.155556,0.075000,0.162565
56.362589,-5.756622,1.955659,-1.234204,-5.699841,1.814121,0.152503,0.075000,0.147225
56.396135,-5.756133,1.954263,-1.230901,-5.699841,1.814121,0.151025,0.075000,0.139196
56.429248,-5.755043,1.951196,-1.224211,-5.694270,1.806967,0.156509,0.075000,0.166683
56.462769,-5.754432,1.949504,-1.220875,-5.694270,1.806967,0.154713,0.075000,0.159810
56.496052,-5.753519,1.947010,-1.215788,-5.694270,1.806967,0.152061,0.075000,0.148664
56.529560,-5.752583,1.944499,-1.209699,-5.688574,1.799994,0.158047,0.075000,0.176711
56.562632,-5.751514,1.941679,-1.203550,-5.688574,1.799994,0.155036,0.075000,0.163755
56.595908,-5.750725,1.939626,-1.199868,-5.688574,1.799994,0.152840,0.075000,0.156466
56.629064,-5.749605,1.936757,-1.193459,-5.682752,1.793205,0.158355,0.075000,0.184593
56.662609,-5.748734,1.934567,-1.188630,-5.682752,1.793205,0.156002,0.075000,0.174699
56.696196,-5.748078,1.932936,-1.184539,-5.682752,1.793205,0.154248,0.075000,0.165453
56.729088,-5.746867,1.929974,-1.176361,-5.682752,1.793205,0.151052,0.075000,0.145359
56.762586,-5.745953,1.927786,-1.170829,-5.676808,1.786605,0.157204,0.075000,0.176293
56.796040,-5.745367,1.926399,-1.167617,-5.676808,1.786605,0.155700,0.075000,0.169416
56.829077,-5.744158,1.923576,-1.161522,-5.676808,1.786605,0.152634,0.075000,0.156252
56.862647,-5.742962,1.920828,-1.155459,-5.670743,1.780200,0.158088,0.075000,0.186765
56.896186,-5.742355,1.919454,-1.152245,-5.670743,1.780200,0.156588,0.075000,0.180112
56.929233,-5.741159,1.916777,-1.145194,-5.670743,1.780200,0.153661,0.075000,0.164022
56.962813,-5.740316,1.914916,-1.139981,-5.670743,1.780200,0.151621,0.075000,0.151295
56.996072,-5.739314,1.912744,-1.134136,-5.664558,1.773993,0.157608,0.075000,0.182381
57.029501,-5.738032,1.910011,-1.127105,-5.664558,1.773993,0.154595,0.075000,0.166749
57.062862,-5.736794,1.907416,-1.119916,-5.664558,1.773993,0.151723,0.075000,0.149362
57.095939,-5.736174,1.906136,-1.115884,-5.664558,1.773993,0.150302,0.075000,0.138800
57.129209,-5.735527,1.904812,-1.112231,-5.658255,1.767988,0.157135,0.075000,0.176616
57.162347,-5.733521,1.900776,-1.104341,-5.658255,1.767988,0.152635,0.075000,0.161111
57.195732,-5.733521,1.900776,-1.104341,-5.658255,1.767988,0.152635,0.075000,0.161111
57.229072,-5.731440,1.896672,-1.095712,-5.651836,1.762191,0.156275,0.075000,0.189889
57.262751,-5.730038,1.893956,-1.089529,-5.651836,1.762191,0.153224,0.075000,0.177296
57.295955,-5.729341,1.892620,-1.085938,-5.651836,1.762191,0.151719,0.075000,0.169013
57.329239,-5.728643,1.891295,-1.082280,-5.651836,1.762191,0.150224,0.075000,0.160237
57.362460,-5.726486,1.887269,-1.071931,-5.645302,1.756605,0.153831,0.075000,0.185439
57.395762,-5.725738,1.885897,-1.068490,-5.645302,1.756605,0.152271,0.075000,0.177977
57.429203,-5.724316,1.883319,-1.061358,-5.638655,1.751234,0.157431,0.075000,0.209165
57.462617,-5.722865,1.880729,-1.055228,-5.638655,1.751234,0.154468,0.075000,0.197383
57.496036,-5.722105,1.879389,-1.051499,-5.638655,1.751234,0.152930,0.075000,0.189202
57.529035,-5.720601,1.876768,-1.043793,-5.631896,1.746082,0.157948,0.075000,0.219288
57.562544,-5.719091,1.874184,-1.036410,-5.631896,1.746082,0.154961,0.075000,0.203940
57.596176,-5.718319,1.872879,-1.032238,-5.631896,1.746082,0.153449,0.075000,0.194411
57.629488,-5.716799,1.870348,-1.023357,-5.631896,1.746082,0.150502,0.075000,0.172493
57.662915,-5.715296,1.867893,-1.015116,-5.625027,1.741152,0.155601,0.075000,0.202978
57.695729,-5.714476,1.866572,-1.011169,-5.625027,1.741152,0.154049,0.075000,0.194304
57.728960,-5.712837,1.863967,-1.004243,-5.625027,1.741152,0.150977,0.075000,0.179267
57.762348,-5.711155,1.861333,-0.996293,-5.618050,1.736449,0.155770,0.075000,0.212132
57.795641,-5.710273,1.859971,-0.992179,-5.618050,1.736449,0.154152,0.075000,0.203294
57.828959,-5.708594,1.857410,-0.984913,-5.618050,1.736449,0.151095,0.075000,0.187476
57.862372,-5.706759,1.854657,-0.975360,-5.610966,1.731976,0.155650,0.075000,0.216678
57.895710,-5.706060,1.853627,-0.971665,-5.610966,1.731976,0.154408,0.075000,0.208240
57.929088,-5.704359,1.851145,-0.964136,-5.610966,1.731976,0.151405,0.075000,0.191644
57.962538,-5.702627,1.848660,-0.955400,-5.603777,1.727736,0.156185,0.075000,0.223580
57.995741,-5.701586,1.847188,-0.949700,-5.603777,1.727736,0.154386,0.075000,0.210402
58.029084,-5.699896,1.844836,-0.941357,-5.603777,1.727736,0.151497,0.075000,0.190901
58.062393,-5.698372,1.842751,-0.933156,-5.596485,1.723733,0.156673,0.075000,0.224368
58.095834,-5.697490,1.841560,-0.929266,-5.596485,1.723733,0.155194,0.075000,0.216161
58.129231,-5.695728,1.839211,-0.921935,-5.596485,1.723733,0.152264,0.075000,0.200419
58.162509,-5.695728,1.839211,-0.921935,-5.596485,1.723733,0.152264,0.075000,0.200419
58.196113,-5.692557,1.835072,-0.907726,-5.589091,1.719969,0.154771,0.075000,0.223186
58.229244,-5.691090,1.833200,-0.901098,-5.589091,1.719969,0.152398,0.075000,0.208415
58.262837,-5.689201,1.830824,-0.892511,-5.581596,1.716448,0.157037,0.075000,0.243707
58.296029,-5.688256,1.829651,-0.888271,-5.581596,1.716448,0.155535,0.075000,0.234844
58.329264,-5.686334,1.827298,-0.878996,-5.581596,1.716448,0.152505,0.075000,0.213792
58.362654,-5.684367,1.824933,-0.868447,-5.574003,1.713172,0.157069,0.075000,0.244097
58.396297,-5.683413,1.823806,-0.864066,-5.574003,1.713172,0.155597,0.075000,0.234702
58.429214,-5.681407,1.821468,-0.854649,-5.574003,1.713172,0.152524,0.075000,0.213302
58.462403,-5.679452,1.819228,-0.845493,-5.566313,1.710143,0.157162,0.075000,0.248969
58.495955,-5.678463,1.818113,-0.840985,-5.566313,1.710143,0.155677,0.075000,0.239308
58.529215,-5.676385,1.815801,-0.831783,-5.566313,1.710143,0.152576,0.075000,0.218904
58.562841,-5.674387,1.813617,-0.821996,-5.558527,1.707366,0.157203,0.075000,0.253626
58.596300,-5.673331,1.812482,-0.817015,-5.558527,1.707366,0.155658,0.075000,0.242737
58.629503,-5.671226,1.810250,-0.807158,-5.558527,1.707366,0.152598,0.075000,0.220194
58.662791,-5.669247,1.808191,-0.798353,-5.550648,1.704841,0.157312,0.075000,0.258925
58.696336,-5.668160,1.807075,-0.794111,-5.550648,1.704841,0.155760,0.075000,0.250538
58.729518,-5.666002,1.804889,-0.785164,-5.550648,1.704841,0.152696,0.075000,0.231334
58.762411,-5.663993,1.802889,-0.775748,-5.542676,1.702571,0.157421,0.075000,0.269074
58.796080,-5.662935,1.801851,-0.770633,-5.542676,1.702571,0.155944,0.075000,0.257848
58.829074,-5.660867,1.799853,-0.761044,-5.542676,1.702571,0.153078,0.075000,0.236214
58.862329,-5.658801,1.797893,-0.750600,-5.542676,1.702571,0.150237,0.075000,0.210424
58.895713,-5.657557,1.796733,-0.744411,-5.534614,1.700559,0.156091,0.075000,0.257832
58.929197,-5.655645,1.794979,-0.736103,-5.534614,1.700559,0.153505,0.075000,0.239499
58.962406,-5.653996,1.793485,-0.729543,-5.534614,1.700559,0.151286,0.075000,0.224950
58.995888,-5.653287,1.792852,-0.726624,-5.534614,1.700559,0.150337,0.075000,0.218109
59.029065,-5.649825,1.789801,-0.712593,-5.526462,1.698806,0.153292,0.075000,0.251093
59.062608,-5.647367,1.787687,-0.702394,-5.526462,1.698806,0.150059,0.075000,0.227981
59.095877,-5.646012,1.786540,-0.697541,-5.518223,1.697313,0.155858,0.075000,0.281941
59.129157,-5.643889,1.784768,-0.688868,-5.518223,1.697313,0.153102,0.075000,0.263843
59.162781,-5.643889,1.784768,-0.688868,-5.518223,1.697313,0.153102,0.075000,0.263843
59.196055,-5.640494,1.781998,-0.674437,-5.509898,1.696083,0.156322,0.075000,0.295610
59.229424,-5.638167,1.780148,-0.663479,-5.509898,1.696083,0.153361,0.075000,0.271377
59.262426,-5.635848,1.778343,-0.652972,-5.509898,1.696083,0.150432,0.075000,0.247090
59.296121,-5.634681,1.777450,-0.647254,-5.501489,1.695117,0.156585,0.075000,0.298425
59.329073,-5.632294,1.775657,-0.635764,-5.501489,1.695117,0.153611,0.075000,0.272647
59.362565,-5.629871,1.773877,-0.625768,-5.501489,1.695117,0.150615,0.075000,0.250392
59.395878,-5.628603,1.772961,-0.619950,-5.492997,1.694417,0.156710,0.075000,0.302530
59.429207,-5.626141,1.771214,-0.608863,-5.492997,1.694417,0.153705,0.075000,0.278380
59.462627,-5.623721,1.769536,-0.598336,-5.492997,1.694417,0.150770,0.075000,0.254354
59.495901,-5.622447,1.768667,-0.591963,-5.484423,1.693983,0.156934,0.075000,0.305324
59.529214,-5.619945,1.766996,-0.580764,-5.484423,1.693983,0.153939,0.075000,0.280918
59.562518,-5.617331,1.765291,-0.569130,-5.484423,1.693983,0.150829,0.075000,0.253988
59.596156,-5.616008,1.764444,-0.563597,-5.475770,1.693816,0.157019,0.075000,0.308550
59.629388,-5.613225,1.762697,-0.551744,-5.475770,1.693816,0.153749,0.075000,0.283235
59.662825,-5.610857,1.761246,-0.541706,-5.475770,1.693816,0.150981,0.075000,0.260453
59.696086,-5.609365,1.760348,-0.535331,-5.467038,1.693918,0.157067,0.075000,0.313485
59.729221,-5.607178,1.759058,-0.525498,-5.467038,1.693918,0.154540,0.075000,0.292031
59.762824,-5.604762,1.757664,-0.515080,-5.467038,1.693918,0.151761,0.075000,0.268496
59.795992,-5.603506,1.756953,-0.509273,-5.467038,1.693918,0.150323,0.075000,0.254401
59.829052,-5.600869,1.755491,-0.497993,-5.458230,1.694288,0.155215,0.075000,0.298130
59.862369,-5.598230,1.754065,-0.486816,-5.458230,1.694288,0.152228,0.075000,0.273196
59.895694,-5.596851,1.753335,-0.480903,-5.458230,1.694288,0.150673,0.075000,0.259306
59.929040,-5.594194,1.751959,-0.469214,-5.449346,1.694929,0.155671,0.075000,0.301882
59.962361,-5.591515,1.750608,-0.458623,-5.449346,1.694929,0.152684,0.075000,0.279129
59.995883,-5.591515,1.750608,-0.458623,-5.449346,1.694929,0.152684,0.075000,0.279129
60.029219,-5.587123,1.748472,-0.440491,-5.440388,1.695839,0.155889,0.075000,0.307718
60.062543,-5.584573,1.747277,-0.430159,-5.440388,1.695839,0.153085,0.075000,0.285357
60.096103,-5.583204,1.746649,-0.424724,-5.440388,1.695839,0.151585,0.075000,0.273172
60.129039,-5.580546,1.745456,-0.414015,-5.431359,1.697019,0.156853,0.075000,0.318497
60.168745,-5.578662,1.744628,-0.405381,-5.431359,1.697019,0.154806,0.075000,0.299222
60.195860,-5.576530,1.743718,-0.396597,-5.431359,1.697019,0.152498,0.075000,0.279560
60.229213,-5.573803,1.742585,-0.384389,-5.422258,1.698469,0.157836,0.075000,0.319751
60.262604,-5.570991,1.741456,-0.372543,-5.422258,1.698469,0.154820,0.075000,0.294090
60.295917,-5.569575,1.740903,-0.366986,-5.422258,1.698469,0.153307,0.075000,0.281875
60.329214,-5.566810,1.739849,-0.355568,-5.422258,1.698469,0.150358,0.075000,0.255012
60.362381,-5.564063,1.738837,-0.344189,-5.413088,1.700190,0.155843,0.075000,0.299828
60.396094,-5.562655,1.738332,-0.338181,-5.413088,1.700190,0.154354,0.075000,0.286259
60.429226,-5.559825,1.737346,-0.326784,-5.413088,1.700190,0.151368,0.075000,0.259962
60.462709,-5.556951,1.736380,-0.314795,-5.403850,1.702180,0.156875,0.075000,0.302406
60.495984,-5.555462,1.735895,-0.308345,-5.403850,1.702180,0.155315,0.075000,0.287834
60.529206,-5.552238,1.734879,-0.295563,-5.403850,1.702180,0.151948,0.075000,0.258591
60.562371,-5.549564,1.734072,-0.284958,-5.394546,1.704440,0.157825,0.075000,0.303924
60.596142,-5.548176,1.733665,-0.279702,-5.394546,1.704440,0.156385,0.075000,0.292820
60.629217,-5.545084,1.732787,-0.268350,-5.394546,1.704440,0.153184,0.075000,0.268084
60.662634,-5.542511,1.732085,-0.258263,-5.394546,1.704440,0.150526,0.075000,0.244106
60.696149,-5.541067,1.731704,-0.252618,-5.385176,1.706968,0.157841,0.075000,0.301289
60.729537,-5.538150,1.730960,-0.241505,-5.385176,1.706968,0.154844,0.075000,0.277157
60.762548,-5.535304,1.730265,-0.230873,-5.385176,1.706968,0.151924,0.075000,0.252894
60.795862,-5.533540,1.729851,-0.224268,-5.385176,1.706968,0.150118,0.075000,0.237077
60.828942,-5.530856,1.729246,-0.214090,-5.375743,1.709764,0.156332,0.075000,0.284748
60.862435,-5.527937,1.728618,-0.203883,-5.375743,1.709764,0.153357,0.075000,0.262610
60.896121,-5.525813,1.728179,-0.196200,-5.375743,1.709764,0.151196,0.075000,0.244842
60.929212,-5.523525,1.727729,-0.187496,-5.366248,1.712828,0.157981,0.075000,0.294026
60.962537,-5.520648,1.727190,-0.176573,-5.366248,1.712828,0.155067,0.075000,0.269962
60.995887,-5.520648,1.727190,-0.176573,-5.366248,1.712828,0.155067,0.075000,0.269962
61.029030,-5.516280,1.726434,-0.160425,-5.366248,1.712828,0.150648,0.075000,0.232087
61.062680,-5.513338,1.725965,-0.149417,-5.356692,1.716157,0.156953,0.075000,0.276445
61.096035,-5.511876,1.725745,-0.144218,-5.356692,1.716157,0.155480,0.075000,0.265051
61.129370,-5.508910,1.725322,-0.134524,-5.356692,1.716157,0.152494,0.075000,0.243687
61.162335,-5.506688,1.725021,-0.126920,-5.356692,1.716157,0.150258,0.075000,0.225756
61.196063,-5.504198,1.724708,-0.118367,-5.347076,1.719751,0.157200,0.075000,0.275828
61.229132,-5.501248,1.724365,-0.107774,-5.347076,1.719751,0.154241,0.075000,0.252133
61.262550,-5.498241,1.724046,-0.097528,-5.347076,1.719751,0.151226,0.075000,0.228361
61.295961,-5.496801,1.723906,-0.092394,-5.337402,1.723609,0.159399,0.075000,0.283598
61.329475,-5.493796,1.723635,-0.081638,-5.337402,1.723609,0.156394,0.075000,0.260178
61.362800,-5.490755,1.723393,-0.071631,-5.337402,1.723609,0.153353,0.075000,0.237935
61.396146,-5.489269,1.723286,-0.066629,-5.337402,1.723609,0.151867,0.075000,0.226189
61.429224,-5.486122,1.723084,-0.056065,-5.327671,1.727729,0.158519,0.075000,0.268936
61.462846,-5.483088,1.722920,-0.046437,-5.327671,1.727729,0.155491,0.075000,0.248534
61.495936,-5.481622,1.722852,-0.041737,-5.327671,1.727729,0.154027,0.075000,0.238067
61.529520,-5.478760,1.722740,-0.031216,-5.327671,1.727729,0.151171,0.075000,0.212273
61.562523,-5.475945,1.722658,-0.021979,-5.317885,1.732108,0.158341,0.075000,0.257698
61.596165,-5.474404,1.722624,-0.017097,-5.317885,1.732108,0.156805,0.075000,0.247254
61.629296,-5.471350,1.722579,-0.008186,-5.317885,1.732108,0.153760,0.075000,0.228098
61.662548,-5.468311,1.722560,0.001501,-5.317885,1.732108,0.150728,0.075000,0.205166
61.696181,-5.466768,1.722563,0.006604,-5.308045,1.736746,0.159355,0.075000,0.258629
61.729221,-5.463688,1.722590,0.015703,-5.308045,1.736746,0.156285,0.075000,0.239719
61.762382,-5.460602,1.722646,0.025017,-5.308045,1.736746,0.153206,0.075000,0.218983
61.796129,-5.459096,1.722683,0.029786,-5.308045,1.736746,0.151704,0.075000,0.207659
61.829042,-5.456125,1.722779,0.038888,-5.298153,1.741641,0.159094,0.075000,0.250995
61.862602,-5.453101,1.722904,0.048695,-5.298153,1.741641,0.156077,0.075000,0.229316
61.896060,-5.451550,1.722979,0.053699,-5.298153,1.741641,0.154528,0.075000,0.217782
61.929034,-5.448945,1.723125,0.062877,-5.298153,1.741641,0.151925,0.075000,0.195043
61.962761,-5.447501,1.723216,0.068160,-5.298153,1.741641,0.150480,0.075000,0.181282
61.996727,-5.446075,1.723313,0.072890,-5.288208,1.746789,0.159602,0.075000,0.233905
62.029212,-5.441768,1.723645,0.084471,-5.288208,1.746789,0.155294,0.075000,0.209509
62.062597,-5.438660,1.723913,0.091428,-5.288208,1.746789,0.152181,0.075000,0.195262
62.095880,-5.437133,1.724053,0.095228,-5.288208,1.746789,0.150651,0.075000,0.186657
62.128952,-5.434030,1.724356,0.103714,-5.278214,1.752189,0.158283,0.075000,0.230557
62.168215,-5.432454,1.724520,0.108241,-5.278214,1.752189,0.156702,0.075000,0.220824
62.195977,-5.429511,1.724845,0.115540,-5.278214,1.752189,0.153749,0.075000,0.205592
62.229225,-5.426374,1.725215,0.123409,-5.278214,1.752189,0.150596,0.075000,0.188078
62.262542,-5.423377,1.725593,0.131132,-5.268170,1.757839,0.158521,0.075000,0.232305
62.296055,-5.421623,1.725824,0.135925,-5.268170,1.757839,0.156757,0.075000,0.222315
62.329215,-5.419836,1.726068,0.140676,-5.268170,1.757839,0.154958,0.075000,0.212212
62.362580,-5.415954,1.726632,0.151457,-5.268170,1.757839,0.151043,0.075000,0.187439
62.395764,-5.414441,1.726863,0.155504,-5.258079,1.763735,0.160651,0.075000,0.236561
62.429225,-5.411434,1.727340,0.164296,-5.258079,1.763735,0.157615,0.075000,0.217821
62.462618,-5.409979,1.727581,0.168924,-5.258079,1.763735,0.156144,0.075000,0.207158
62.495966,-5.406148,1.728245,0.179865,-5.258079,1.763735,0.152263,0.075000,0.181772
62.529223,-5.404141,1.728613,0.185957,-5.258079,1.763735,0.150226,0.075000,0.166418
62.562639,-5.401275,1.729157,0.193946,-5.247942,1.769875,0.158648,0.075000,0.206646
62.596134,-5.399766,1.729454,0.198100,-5.247942,1.769875,0.157114,0.075000,0.197509
62.629522,-5.396688,1.730078,0.205578,-5.247942,1.769875,0.153979,0.075000,0.181265
62.662819,-5.393765,1.730692,0.213334,-5.247942,1.769875,0.150996,0.075000,0.162743
62.696214,-5.392258,1.731019,0.217266,-5.237759,1.776257,0.160985,0.075000,0.209720
62.729519,-5.389385,1.731658,0.224000,-5.237759,1.776257,0.158049,0.075000,0.196221
62.762547,-5.386508,1.732318,0.230861,-5.237759,1.776257,0.155103,0.075000,0.181582
62.795938,-5.385050,1.732661,0.234501,-5.237759,1.776257,0.153608,0.075000,0.173303
62.829331,-5.382152,1.733359,0.241889,-5.237759,1.776257,0.150631,0.075000,0.155610
62.862389,-5.379218,1.734089,0.249799,-5.227532,1.782876,0.159338,0.075000,0.192503
62.896011,-5.377726,1.734470,0.253851,-5.227532,1.782876,0.157801,0.075000,0.183457
62.929065,-5.374885,1.735212,0.260800,-5.227532,1.782876,0.154870,0.075000,0.167959
62.962570,-5.372735,1.735786,0.266213,-5.227532,1.782876,0.152648,0.075000,0.155177
62.996144,-5.371926,1.736006,0.268174,-5.227532,1.782876,0.151810,0.075000,0.150445
63.029523,-5.367627,1.737202,0.277819,-5.217263,1.789730,0.159275,0.075000,0.182808
63.062647,-5.364752,1.738027,0.284547,-5.217263,1.789730,0.156289,0.075000,0.168272
63.096109,-5.363340,1.738440,0.287491,-5.217263,1.789730,0.154820,0.075000,0.161986
63.129385,-5.360498,1.739285,0.293596,-5.217263,1.789730,0.151858,0.075000,0.148191
63.162689,-5.360498,1.739285,0.293596,-5.217263,1.789730,0.151858,0.075000,0.148191
63.195995,-5.355889,1.740696,0.303946,-5.206952,1.796816,0.159159,0.075000,0.177105
63.229230,-5.353350,1.741496,0.309035,-5.206952,1.796816,0.156502,0.075000,0.166871
63.262859,-5.351376,1.742126,0.313695,-5.206952,1.796816,0.154432,0.075000,0.156305
63.295985,-5.348785,1.742970,0.319542,-5.206952,1.796816,0.151710,0.075000,0.142633
63.329396,-5.346215,1.743825,0.325165,-5.196601,1.804130,0.161310,0.075000,0.179628
63.362768,-5.343398,1.744779,0.331511,-5.196601,1.804130,0.158341,0.075000,0.166341
63.396106,-5.341987,1.745264,0.334507,-5.196601,1.804130,0.156851,0.075000,0.159978
63.429215,-5.339114,1.746268,0.341564,-5.196601,1.804130,0.153812,0.075000,0.143343
63.462365,-5.336141,1.747331,0.349290,-5.196601,1.804130,0.150657,0.075000,0.123674
63.495958,-5.334694,1.747858,0.352962,-5.186210,1.811668,0.161614,0.075000,0.163649
63.529222,-5.331888,1.748897,0.358944,-5.186210,1.811668,0.158626,0.075000,0.150943
63.562621,-5.329144,1.749931,0.364714,-5.186210,1.811668,0.155696,0.075000,0.138086
63.595993,-5.327867,1.750418,0.368008,-5.186210,1.811668,0.154331,0.075000,0.129877
63.629461,-5.325368,1.751386,0.373971,-5.186210,1.811668,0.151654,0.075000,0.114768
63.662626,-5.322603,1.752476,0.379756,-5.175782,1.819426,0.161365,0.075000,0.148906
63.696172,-5.321231,1.753024,0.382082,-5.175782,1.819426,0.159890,0.075000,0.144402
63.729625,-5.318151,1.754266,0.387818,-5.175782,1.819426,0.156572,0.075000,0.132200
63.762756,-5.316453,1.754960,0.391845,-5.175782,1.819426,0.154740,0.075000,0.122348
63.796141,-5.313979,1.755985,0.397015,-5.175782,1.819426,0.152063,0.075000,0.109640
63.829226,-5.311526,1.757017,0.402289,-5.165317,1.827402,0.162269,0.075000,0.142812
63.862472,-5.308768,1.758195,0.407041,-5.165317,1.827402,0.159273,0.075000,0.133256
63.895692,-5.307399,1.758786,0.409182,-5.165317,1.827402,0.157783,0.075000,0.129004
63.929213,-5.304805,1.759915,0.415147,-5.165317,1.827402,0.154956,0.075000,0.114437
63.962560,-5.302138,1.761095,0.420883,-5.165317,1.827402,0.152041,0.075000,0.099934
63.995832,-5.300799,1.761694,0.423473,-5.165317,1.827402,0.150576,0.075000,0.093291
64.029630,-5.298861,1.762567,0.427041,-5.154816,1.835590,0.161497,0.075000,0.130448
64.062485,-5.295045,1.764314,0.434385,-5.154816,1.835590,0.157304,0.075000,0.113982
64.096313,-5.293609,1.764980,0.436492,-5.154816,1.835590,0.155721,0.075000,0.109548
64.129239,-5.290930,1.766234,0.441549,-5.154816,1.835590,0.152766,0.075000,0.097206
64.162521,-5.288206,1.767526,0.446174,-5.144280,1.843987,0.162975,0.075000,0.129323
64.196018,-5.286588,1.768299,0.448557,-5.144280,1.843987,0.161184,0.075000,0.124828
64.229175,-5.284100,1.769500,0.452136,-5.144280,1.843987,0.158423,0.075000,0.117877
64.262652,-5.281182,1.770920,0.456881,-5.144280,1.843987,0.155181,0.075000,0.107512
64.295968,-5.279801,1.771599,0.459041,-5.144280,1.843987,0.153642,0.075000,0.102650
64.329214,-5.277113,1.772932,0.463232,-5.144280,1.843987,0.150643,0.075000,0.092804
64.362590,-5.274359,1.774311,0.468198,-5.133711,1.852588,0.160963,0.075000,0.123163
64.396002,-5.273026,1.774985,0.470840,-5.133711,1.852588,0.159471,0.075000,0.117202
64.429214,-5.270483,1.776282,0.474954,-5.133711,1.852588,0.156618,0.075000,0.108327
64.462682,-5.267953,1.777587,0.479876,-5.133711,1.852588,0.153773,0.075000,0.096311
64.495853,-5.266659,1.778260,0.481981,-5.133711,1.852588,0.152314,0.075000,0.091257
64.529054,-5.264047,1.779630,0.485902,-5.123110,1.861389,0.162935,0.075000,0.121991
64.562589,-5.261401,1.781031,0.489820,-5.123110,1.861389,0.159944,0.075000,0.114308
64.596161,-5.260041,1.781756,0.492436,-5.123110,1.861389,0.158404,0.075000,0.108291
64.629583,-5.257385,1.783184,0.497008,-5.123110,1.861389,0.155389,0.075000,0.097760
64.662374,-5.254852,1.784561,0.500541,-5.123110,1.861389,0.152508,0.075000,0.089861
64.696084,-5.253526,1.785286,0.503081,-5.123110,1.861389,0.150997,0.075000,0.083261
64.729633,-5.250928,1.786720,0.507785,-5.112477,1.870386,0.161768,0.075000,0.110594
64.762822,-5.248347,1.788159,0.511355,-5.112477,1.870386,0.158814,0.075000,0.103472
64.796094,-5.247032,1.788897,0.513781,-5.112477,1.870386,0.157307,0.075000,0.097757
64.829309,-5.244343,1.790418,0.517542,-5.112477,1.870386,0.154220,0.075000,0.089456
64.862564,-5.241706,1.791921,0.520783,-5.112477,1.870386,0.151185,0.075000,0.082327
64.899313,-5.240107,1.792838,0.523784,-5.101814,1.879573,0.163242,0.075000,0.111416
64.928954,-5.237441,1.794382,0.527981,-5.101814,1.879573,0.160164,0.075000,0.102579
64.962585,-5.235863,1.795302,0.529181,-5.101814,1.879573,0.158337,0.075000,0.101171
64.996033,-5.233702,1.796568,0.531949,-5.101814,1.879573,0.155835,0.075000,0.095545
65.029204,-5.231029,1.798144,0.535463,-5.101814,1.879573,0.152732,0.075000,0.087908
65.062706,-5.228557,1.799613,0.538476,-5.091122,1.888947,0.163918,0.075000,0.115596
65.095908,-5.227056,1.800509,0.540700,-5.091122,1.888947,0.162171,0.075000,0.111245
65.129052,-5.224533,1.802028,0.545012,-5.091122,1.888947,0.159227,0.075000,0.101805
65.162572,-5.222278,1.803398,0.549352,-5.091122,1.888947,0.156590,0.075000,0.091358
65.195740,-5.220256,1.804636,0.553253,-5.091122,1.888947,0.154221,0.075000,0.081542
65.229391,-5.218453,1.805751,0.556800,-5.091122,1.888947,0.152102,0.075000,0.072142
65.262731,-5.215921,1.807330,0.559641,-5.080402,1.898502,0.163334,0.075000,0.099680
65.296121,-5.214627,1.808140,0.560801,-5.080402,1.898502,0.161808,0.075000,0.097987
65.329240,-5.211979,1.809806,0.563477,-5.080402,1.898502,0.158681,0.075000,0.093417
65.362472,-5.209409,1.811432,0.566732,-5.080402,1.898502,0.155640,0.075000,0.086604
65.395719,-5.208146,1.812236,0.568484,-5.080402,1.898502,0.154144,0.075000,0.082613
65.429640,-5.205581,1.813877,0.571649,-5.080402,1.898502,0.151100,0.075000,0.075451
65.462861,-5.203012,1.815532,0.574678,-5.069654,1.908233,0.162412,0.075000,0.100861
65.496240,-5.201780,1.816330,0.576407,-5.069654,1.908233,0.160945,0.075000,0.097340
65.529535,-5.199323,1.817930,0.579436,-5.069654,1.908233,0.158015,0.075000,0.091363
65.562647,-5.196788,1.819592,0.583206,-5.069654,1.908233,0.154985,0.075000,0.082760
65.596225,-5.195580,1.820389,0.585121,-5.069654,1.908233,0.153538,0.075000,0.078095
65.629501,-5.193046,1.822071,0.588995,-5.069654,1.908233,0.150497,0.075000,0.068354
65.662885,-5.190487,1.823783,0.592872,-5.058881,1.918135,0.161934,0.075000,0.089905
65.696433,-5.189259,1.824611,0.594275,-5.058881,1.918135,0.160453,0.075000,0.087200
65.729069,-5.186763,1.826301,0.597708,-5.058881,1.918135,0.157440,0.075000,0.079623
65.762422,-5.184220,1.828035,0.601655,-5.058881,1.918135,0.154363,0.075000,0.069994
65.795965,-5.182965,1.828897,0.603165,-5.058881,1.918135,0.152841,0.075000,0.066456
65.829266,-5.180499,1.830598,0.605681,-5.048083,1.928203,0.164502,0.075000,0.089711
65.862456,-5.178036,1.832305,0.608622,-5.048083,1.928203,0.161507,0.075000,0.083935
65.895957,-5.176778,1.833182,0.610352,-5.048083,1.928203,0.159974,0.075000,0.080147
65.929230,-5.174440,1.834819,0.613621,-5.048083,1.928203,0.157120,0.075000,0.072649
65.962615,-5.172087,1.836480,0.616940,-5.048083,1.928203,0.154241,0.075000,0.064582
65.996095,-5.170641,1.837506,0.618795,-5.048083,1.928203,0.152468,0.075000,0.060008
66.029248,-5.168431,1.839081,0.621316,-5.037260,1.938432,0.164549,0.075000,0.081778
66.062838,-5.165987,1.840833,0.624037,-5.037260,1.938432,0.161543,0.075000,0.076399
66.096180,-5.164753,1.841722,0.625413,-5.037260,1.938432,0.160023,0.075000,0.073558
66.129075,-5.162225,1.843550,0.628010,-5.037260,1.938432,0.156904,0.075000,0.068198
66.162572,-5.161013,1.844429,0.629523,-5.037260,1.938432,0.155407,0.075000,0.064651
66.196156,-5.158356,1.846368,0.633309,-5.037260,1.938432,0.152119,0.075000,0.054970
66.229038,-5.156195,1.847958,0.636237,-5.026415,1.948817,0.164363,0.075000,0.074272
66.262699,-5.153829,1.849708,0.638454,-5.026415,1.948817,0.161421,0.075000,0.070105
66.296132,-5.152592,1.850625,0.639696,-5.026415,1.948817,0.159882,0.075000,0.067577
66.329217,-5.150160,1.852438,0.642648,-5.026415,1.948817,0.156849,0.075000,0.060765
66.362740,-5.147803,1.854205,0.645266,-5.026415,1.948817,0.153904,0.075000,0.054562
66.396011,-5.146572,1.855132,0.646534,-5.026415,1.948817,0.152363,0.075000,0.051511
66.429409,-5.144063,1.857028,0.649434,-5.015548,1.959351,0.164275,0.075000,0.069936
66.462560,-5.141617,1.858888,0.651751,-5.015548,1.959351,0.161202,0.075000,0.065404
66.496226,-5.140470,1.859764,0.652751,-5.015548,1.959351,0.159760,0.075000,0.063463
66.529317,-5.138105,1.861574,0.655426,-5.015548,1.959351,0.156782,0.075000,0.057327
66.562598,-5.135503,1.863578,0.658280,-5.015548,1.959351,0.153498,0.075000,0.050462
66.595970,-5.134545,1.864318,0.659182,-5.015548,1.959351,0.152288,0.075000,0.048306
66.629309,-5.132202,1.866136,0.661751,-5.004660,1.970030,0.164503,0.075000,0.066311
66.662807,-5.129817,1.867996,0.664186,-5.004660,1.970030,0.161478,0.075000,0.061251
66.696087,-5.128629,1.868926,0.665132,-5.004660,1.970030,0.159970,0.075000,0.059455
66.729623,-5.126292,1.870761,0.667376,-5.004660,1.970030,0.157000,0.075000,0.054550
66.762580,-5.123878,1.872665,0.670163,-5.004660,1.970030,0.153925,0.075000,0.047655
66.796024,-5.122687,1.873610,0.671414,-5.004660,1.970030,0.152405,0.075000,0.044509
66.829223,-5.120403,1.875426,0.673704,-4.993751,1.980848,0.164786,0.075000,0.062094
66.862840,-5.118038,1.877316,0.675818,-4.993751,1.980848,0.161758,0.075000,0.057879
66.896018,-5.116867,1.878255,0.677034,-4.993751,1.980848,0.160258,0.075000,0.055176
66.929043,-5.114592,1.880086,0.678928,-4.993751,1.980848,0.157339,0.075000,0.051194
66.962572,-5.112332,1.881910,0.681171,-4.993751,1.980848,0.154435,0.075000,0.045854
66.996108,-5.112332,1.881910,0.681171,-4.993751,1.980848,0.154435,0.075000,0.045854
67.029522,-5.108686,1.884872,0.684316,-4.982824,1.991798,0.165150,0.075000,0.060305
67.062879,-5.106309,1.886812,0.686234,-4.982824,1.991798,0.162082,0.075000,0.056669
67.096180,-5.105123,1.887783,0.687422,-4.982824,1.991798,0.160550,0.075000,0.054055
67.129218,-5.102745,1.889738,0.689504,-4.982824,1.991798,0.157472,0.075000,0.049547
67.162774,-5.101563,1.890712,0.690288,-4.982824,1.991798,0.155940,0.075000,0.048010
67.195757,-5.099323,1.892564,0.692416,-4.982824,1.991798,0.153034,0.075000,0.042872
67.229557,-5.097063,1.894442,0.695518,-4.982824,1.991798,0.150096,0.075000,0.034191
67.262550,-5.094831,1.896306,0.697741,-4.971879,2.002876,0.162709,0.075000,0.050396
67.295813,-5.093690,1.897263,0.698713,-4.971879,2.002876,0.161221,0.075000,0.048317
67.329049,-5.091349,1.899231,0.700633,-4.971879,2.002876,0.158163,0.075000,0.044107
67.362259,-5.089029,1.901190,0.702402,-4.971879,2.002876,0.155127,0.075000,0.040126
67.395955,-5.087886,1.902157,0.703345,-4.971879,2.002876,0.153629,0.075000,0.037841
67.429213,-5.085626,1.904075,0.704807,-4.971879,2.002876,0.150666,0.075000,0.034469
67.462648,-5.084166,1.905317,0.706149,-4.960916,2.014075,0.164375,0.075000,0.051310
67.495841,-5.082433,1.906796,0.707592,-4.960916,2.014075,0.162096,0.075000,0.048297
67.529224,-5.080198,1.908709,0.708323,-4.960916,2.014075,0.159155,0.075000,0.047792
67.562732,-5.078577,1.910097,0.709630,-4.960916,2.014075,0.157021,0.075000,0.044937
67.595993,-5.076469,1.911909,0.711283,-4.960916,2.014075,0.154241,0.075000,0.041194
67.629225,-5.074392,1.913700,0.712743,-4.960916,2.014075,0.151499,0.075000,0.037856
67.662831,-5.072116,1.915669,0.715087,-4.949937,2.025390,0.164214,0.075000,0.050665
67.696071,-5.070908,1.916718,0.715952,-4.949937,2.025390,0.162615,0.075000,0.049006
67.729485,-5.068515,1.918802,0.717411,-4.949937,2.025390,0.159441,0.075000,0.046379
67.762681,-5.066314,1.920723,0.718841,-4.949937,2.025390,0.156520,0.075000,0.043544
67.795859,-5.065190,1.921707,0.720063,-4.949937,2.025390,0.155027,0.075000,0.040447
67.829417,-5.062964,1.923661,0.722275,-4.949937,2.025390,0.152065,0.075000,0.034726
67.862590,-5.060777,1.925590,0.724137,-4.938943,2.036814,0.164967,0.075000,0.047780
67.899063,-5.059665,1.926574,0.725057,-4.938943,2.036814,0.163483,0.075000,0.045839
67.929032,-5.057484,1.928509,0.727112,-4.938943,2.036814,0.160567,0.075000,0.041089
67.962408,-5.055254,1.930495,0.728978,-4.938943,2.036814,0.157581,0.075000,0.036710
67.996096,-5.055254,1.930495,0.728978,-4.938943,2.036814,0.157581,0.075000,0.036710
68.029278,-5.051803,1.933582,0.731686,-4.938943,2.036814,0.152951,0.075000,0.030034
68.062528,-5.049767,1.935411,0.732990,-4.938943,2.036814,0.150215,0.075000,0.026775
68.096101,-5.048651,1.936416,0.733450,-4.927935,2.048341,0.164619,0.075000,0.043061
68.129174,-5.046386,1.938459,0.734829,-4.927935,2.048341,0.161569,0.075000,0.040417
68.162733,-5.045250,1.939485,0.735642,-4.927935,2.048341,0.160039,0.075000,0.038654
68.196160,-5.042794,1.941711,0.737469,-4.927935,2.048341,0.156724,0.075000,0.034441
68.229458,-5.040764,1.943556,0.738611,-4.927935,2.048341,0.153982,0.075000,0.031956
68.262741,-5.038506,1.945613,0.740011,-4.927935,2.048341,0.150927,0.075000,0.028604
68.295973,-5.037358,1.946661,0.740659,-4.916914,2.059965,0.165363,0.075000,0.042938
68.329217,-5.035116,1.948713,0.742175,-4.916914,2.059965,0.162323,0.075000,0.039868
68.362602,-5.032863,1.950780,0.743433,-4.916914,2.059965,0.159266,0.075000,0.037451
68.395988,-5.031572,1.951967,0.744421,-4.916914,2.059965,0.157513,0.075000,0.035154
68.429012,-5.029634,1.953753,0.745481,-4.916914,2.059965,0.154877,0.075000,0.032916
68.462577,-5.027528,1.955699,0.746264,-4.916914,2.059965,0.152010,0.075000,0.031578
68.496035,-5.026459,1.956687,0.747533,-4.916914,2.059965,0.150554,0.075000,0.027979
68.529222,-5.024289,1.958702,0.749751,-4.905879,2.071681,0.163661,0.075000,0.037221
68.562658,-5.022101,1.960740,0.751266,-4.905879,2.071681,0.160671,0.075000,0.033884
68.596140,-5.022101,1.960740,0.751266,-4.905879,2.071681,0.160671,0.075000,0.033884
68.629232,-5.018704,1.963916,0.753172,-4.905879,2.071681,0.156021,0.075000,0.029765
68.662744,-5.016695,1.965801,0.754595,-4.905879,2.071681,0.153266,0.075000,0.026184
68.696108,-5.015617,1.966815,0.755487,-4.905879,2.071681,0.151787,0.075000,0.023759
68.729538,-5.013396,1.968909,0.756678,-4.894834,2.083481,0.164874,0.075000,0.035195
68.762381,-5.011138,1.971042,0.758089,-4.894834,2.083481,0.161769,0.075000,0.032180
68.795717,-5.010039,1.972082,0.758655,-4.894834,2.083481,0.160256,0.075000,0.031023
68.828978,-5.007909,1.974103,0.759818,-4.894834,2.083481,0.157320,0.075000,0.028478
68.862537,-5.005730,1.976174,0.760206,-4.894834,2.083481,0.154313,0.075000,0.028339
68.895827,-5.004632,1.977218,0.760773,-4.894834,2.083481,0.152799,0.075000,0.027047
68.929225,-5.002423,1.979321,0.762312,-4.883777,2.095359,0.165956,0.075000,0.036075
68.962330,-5.000259,1.981388,0.763022,-4.883777,2.095359,0.162964,0.075000,0.035229
68.996102,-5.000259,1.981388,0.763022,-4.883777,2.095359,0.162964,0.075000,0.035229
69.029027,-4.997049,1.984462,0.764915,-4.883777,2.095359,0.158520,0.075000,0.031200
69.062549,-4.995580,1.985872,0.765999,-4.883777,2.095359,0.156484,0.075000,0.028554
69.095809,-4.993674,1.987706,0.767341,-4.883777,2.095359,0.153839,0.075000,0.025166
69.129041,-4.991700,1.989612,0.768422,-4.883777,2.095359,0.151095,0.075000,0.022489
69.162576,-4.989577,1.991665,0.769454,-4.872711,2.107309,0.164412,0.075000,0.032514
69.196081,-4.988351,1.992853,0.770059,-4.872711,2.107309,0.162704,0.075000,0.031342
69.229214,-4.986428,1.994718,0.771179,-4.872711,2.107309,0.160026,0.075000,0.028886
69.262446,-4.984304,1.996784,0.772083,-4.872711,2.107309,0.157063,0.075000,0.027095
69.295826,-4.982829,1.998220,0.773278,-4.872711,2.107309,0.155004,0.075000,0.023967
69.329213,-4.980814,2.000188,0.774274,-4.872711,2.107309,0.152188,0.075000,0.021568
69.362510,-4.978815,2.002144,0.775782,-4.861637,2.119325,0.165717,0.075000,0.029042
69.395964,-4.977557,2.003379,0.775910,-4.861637,2.119325,0.163954,0.075000,0.029282
69.429217,-4.975580,2.005318,0.776903,-4.861637,2.119325,0.161185,0.075000,0.027207
69.462391,-4.973399,2.007464,0.777815,-4.861637,2.119325,0.158126,0.075000,0.025378
69.495982,-4.972315,2.008532,0.778430,-4.861637,2.119325,0.156604,0.075000,0.023908
69.529354,-4.970163,2.010654,0.779215,-4.861637,2.119325,0.153582,0.075000,0.022291
69.562830,-4.967997,2.012796,0.780625,-4.861637,2.119325,0.150536,0.075000,0.018498
69.595947,-4.966932,2.013850,0.781245,-4.850554,2.131400,0.165414,0.075000,0.027694
69.629232,-4.964832,2.015934,0.782220,-4.850554,2.131400,0.162457,0.075000,0.025696
69.662856,-4.962861,2.017893,0.783100,-4.850554,2.131400,0.159677,0.075000,0.023832
69.696129,-4.961841,2.018909,0.783424,-4.850554,2.131400,0.158237,0.075000,0.023243
69.729216,-4.959731,2.021012,0.784695,-4.850554,2.131400,0.155259,0.075000,0.020036
69.762613,-4.957695,2.023045,0.785510,-4.850554,2.131400,0.152382,0.075000,0.018114
69.795835,-4.956703,2.024038,0.786076,-4.850554,2.131400,0.150978,0.075000,0.016578
69.829197,-4.954608,2.026136,0.787133,-4.839464,2.143528,0.164436,0.075000,0.024112
69.862732,-4.952410,2.028343,0.788485,-4.839464,2.143528,0.161321,0.075000,0.020846
69.896044,-4.951121,2.029640,0.789120,-4.839464,2.143528,0.159492,0.075000,0.019334
69.929034,-4.949129,2.031648,0.790164,-4.839464,2.143528,0.156664,0.075000,0.016691
69.962486,-4.946895,2.033904,0.791229,-4.839464,2.143528,0.153489,0.075000,0.013902
69.995848,-4.945634,2.035180,0.791707,-4.839464,2.143528,0.151695,0.075000,0.012659
70.029057,-4.943793,2.037046,0.792485,-4.828368,2.155702,0.165536,0.075000,0.020281
70.062634,-4.941751,2.039118,0.793291,-4.828368,2.155702,0.162627,0.075000,0.018526
70.096108,-4.940683,2.040202,0.793696,-4.828368,2.155702,0.161105,0.075000,0.017620
70.129008,-4.938543,2.042379,0.794589,-4.828368,2.155702,0.158053,0.075000,0.015476
70.162786,-4.937472,2.043470,0.794886,-4.828368,2.155702,0.156524,0.075000,0.014830
70.195896,-4.935350,2.045633,0.795373,-4.828368,2.155702,0.153493,0.075000,0.013823
70.229190,-4.933264,2.047762,0.796265,-4.828368,2.155702,0.150513,0.075000,0.011394
70.262627,-4.931241,2.049830,0.796928,-4.817267,2.167915,0.164117,0.075000,0.018832
70.295950,-4.930245,2.050850,0.797224,-4.817267,2.167915,0.162691,0.075000,0.018252
70.329209,-4.928174,2.052970,0.797629,-4.817267,2.167915,0.159727,0.075000,0.017666
70.362530,-4.926091,2.055106,0.798278,-4.817267,2.167915,0.156744,0.075000,0.016263
70.395870,-4.925039,2.056185,0.798413,-4.817267,2.167915,0.155237,0.075000,0.016146
70.429204,-4.922945,2.058335,0.799198,-4.817267,2.167915,0.152236,0.075000,0.014204
70.462376,-4.920597,2.060750,0.799714,-4.806161,2.180162,0.165393,0.075000,0.021040
70.495980,-4.919311,2.062073,0.800073,-4.806161,2.180162,0.163548,0.075000,0.020422
70.529211,-4.917640,2.063794,0.800891,-4.806161,2.180162,0.161149,0.075000,0.018488
70.562521,-4.915573,2.065927,0.801703,-4.806161,2.180162,0.158179,0.075000,0.016608
70.596174,-4.914576,2.066957,0.802107,-4.806161,2.180162,0.156746,0.075000,0.015623
70.629234,-4.912590,2.069012,0.802946,-4.806161,2.180162,0.153888,0.075000,0.013466
70.662840,-4.910505,2.071173,0.804215,-4.806161,2.180162,0.150885,0.075000,0.009783
70.696170,-4.909494,2.072223,0.804728,-4.795052,2.192435,0.165976,0.075000,0.015825
70.729481,-4.907405,2.074395,0.805404,-4.795052,2.192435,0.162962,0.075000,0.014331
70.762463,-4.905070,2.076825,0.805826,-4.795052,2.192435,0.159593,0.075000,0.013616
70.795931,-4.904182,2.077751,0.805915,-4.795052,2.192435,0.158309,0.075000,0.013557
70.829036,-4.902068,2.079954,0.806673,-4.795052,2.192435,0.155256,0.075000,0.011638
70.862586,-4.900020,2.082091,0.806855,-4.795052,2.192435,0.152296,0.075000,0.011494
70.895869,-4.898967,2.083191,0.807044,-4.795052,2.192435,0.150774,0.075000,0.011100
70.929071,-4.896902,2.085347,0.807125,-4.783940,2.204728,0.164354,0.075000,0.017914
70.962525,-4.894899,2.087440,0.807539,-4.783940,2.204728,0.161457,0.075000,0.017278
70.996030,-4.893904,2.088479,0.807593,-4.783940,2.204728,0.160018,0.075000,0.017422
71.029270,-4.891799,2.090680,0.808215,-4.783940,2.204728,0.156973,0.075000,0.016120
71.062792,-4.889642,2.092938,0.808846,-4.783940,2.204728,0.153850,0.075000,0.014721
71.095731,-4.888577,2.094055,0.809197,-4.783940,2.204728,0.152307,0.075000,0.013868
71.129197,-4.886452,2.096285,0.809982,-4.772826,2.217034,0.165804,0.075000,0.017489
71.162718,-4.885432,2.097356,0.810225,-4.772826,2.217034,0.164325,0.075000,0.017065
71.196222,-4.883018,2.099894,0.810790,-4.772826,2.217034,0.160823,0.075000,0.016047
71.229300,-4.881420,2.101575,0.810864,-4.772826,2.217034,0.158503,0.075000,0.016286
71.262539,-4.879373,2.103730,0.811903,-4.772826,2.217034,0.155531,0.075000,0.013558
71.295869,-4.878341,2.104818,0.812632,-4.772826,2.217034,0.154031,0.075000,0.011457
71.329262,-4.876321,2.106953,0.813336,-4.772826,2.217034,0.151093,0.075000,0.009564
71.362380,-4.874336,2.109052,0.813546,-4.772826,2.217034,0.148203,0.075000,0.009228
71.396097,-4.873305,2.110143,0.813681,-4.772826,2.217034,0.146702,0.075000,0.008959
71.429209,-4.871146,2.112427,0.814114,-4.772826,2.217034,0.143559,0.075000,0.007845
71.462578,-4.869056,2.114642,0.814343,-4.772826,2.217034,0.140514,0.075000,0.007369
71.496151,-4.868032,2.115727,0.814020,-4.772826,2.217034,0.139022,0.075000,0.008690
71.529452,-4.865917,2.117966,0.814344,-4.772826,2.217034,0.135943,0.075000,0.007894
71.562483,-4.863841,2.120167,0.815331,-4.772826,2.217034,0.132917,0.075000,0.004525
71.596105,-4.862891,2.121176,0.815547,-4.772826,2.217034,0.131531,0.075000,0.003801
71.629484,-4.860851,2.123343,0.815601,-4.772826,2.217034,0.128555,0.075000,0.003766
71.662339,-4.858754,2.125571,0.816134,-4.772826,2.217034,0.125495,0.075000,0.001817
71.696003,-4.857665,2.126729,0.816621,-4.772826,2.217034,0.123905,0.075000,-0.000098
71.729507,-4.855530,2.129002,0.816999,-4.772826,2.217034,0.120787,0.075000,-0.001680
71.762554,-4.853433,2.131235,0.816948,-4.772826,2.217034,0.117724,0.075000,-0.001552
71.796052,-4.852242,2.132505,0.817043,-4.772826,2.217034,0.115982,0.075000,-0.002008
71.829214,-4.850399,2.134468,0.817555,-4.772826,2.217034,0.113290,0.075000,-0.004374
71.862360,-4.848424,2.136575,0.817737,-4.772826,2.217034,0.110402,0.075000,-0.005441
71.895733,-4.846997,2.138098,0.817849,-4.772826,2.217034,0.108315,0.075000,-0.006168
71.929298,-4.845254,2.139958,0.817815,-4.772826,2.217034,0.105766,0.075000,-0.006318
71.962307,-4.844204,2.141078,0.817977,-4.772826,2.217034,0.104231,0.075000,-0.007284
71.995781,-4.842148,2.143273,0.817950,-4.772826,2.217034,0.101224,0.075000,-0.007585
72.028956,-4.840066,2.145494,0.817709,-4.772826,2.217034,0.098179,0.075000,-0.006829
72.062636,-4.837991,2.147708,0.817933,-4.772826,2.217034,0.095145,0.075000,-0.008457
72.095972,-4.836575,2.149220,0.817858,-4.772826,2.217034,0.093073,0.075000,-0.008437
72.128946,-4.834926,2.150979,0.817757,-4.772826,2.217034,0.090662,0.075000,-0.008324
72.162588,-4.832865,2.153178,0.817866,-4.772826,2.217034,0.087648,0.075000,-0.009529
72.195851,-4.831467,2.154670,0.817497,-4.772826,2.217034,0.085604,0.075000,-0.007834
72.229213,-4.829838,2.156407,0.817343,-4.772826,2.217034,0.083222,0.075000,-0.007365
72.262522,-4.827813,2.158565,0.817021,-4.772826,2.217034,0.080263,0.075000,-0.005889
72.295830,-4.826117,2.160372,0.816978,-4.772826,2.217034,0.077785,0.075000,-0.005997
72.329250,-4.824627,2.161959,0.817021,-4.772826,2.217034,0.075608,0.075000,-0.006627
72.362384,-4.822616,2.164101,0.816480,-4.772826,2.217034,0.072669,0.075000,-0.003428
72.395880,-4.821414,2.165380,0.816480,-4.772826,2.217034,0.070915,0.075000,-0.003600
72.429367,-4.819465,2.167454,0.816121,-4.772826,2.217034,0.068069,0.075000,-0.001232
72.462402,-4.817236,2.169825,0.816202,-4.772826,2.217034,0.064814,0.075000,-0.002003
72.496017,-4.816399,2.170715,0.816157,-4.772826,2.217034,0.063592,0.075000,-0.001729
72.529244,-4.814294,2.172953,0.815914,-4.772826,2.217034,0.060521,0.075000,0.000117
72.562587,-4.812189,2.175191,0.816097,-4.772826,2.217034,0.057448,0.075000,-0.001481
72.595910,-4.811168,2.176277,0.816124,-4.772826,2.217034,0.055957,0.075000,-0.001800
72.629542,-4.809091,2.178484,0.815691,-4.772826,2.217034,0.052926,0.075000,0.002122
72.662617,-4.806964,2.180744,0.815637,-4.772826,2.217034,0.049823,0.075000,0.002943
72.696071,-4.805729,2.182056,0.815479,-4.772826,2.217034,0.048021,0.075000,0.004818
72.729510,-4.803906,2.183993,0.815560,-4.772826,2.217034,0.045362,0.075000,0.004553
72.762572,-4.801953,2.186066,0.814957,-4.772826,2.217034,0.042513,0.075000,0.012348
72.795900,-4.800982,2.187097,0.814687,-4.772826,2.217034,0.041097,0.075000,0.016495
72.829075,-4.798994,2.189206,0.815283,-4.772826,2.217034,0.038199,0.075000,0.011134
72.862414,-4.796954,2.191371,0.815030,-4.772826,2.217034,0.035224,0.075000,0.016756
72.896012,-4.795904,2.192486,0.815382,-4.772826,2.217034,0.033693,0.075000,0.013095
72.929116,-4.793730,2.194795,0.815626,-4.772826,2.217034,0.030521,0.075000,0.011705
72.962298,-4.791588,2.197071,0.816263,nan,nan,nan,0.000000,0.000000
