index,local_x_m,local_y_m,ideal_x_m,ideal_y_m
0,0.000000,0.000000,767217925266335522519883445024076189285011550871142232477027495248711373983247735610388702049736613087710340681310587522844892777576906362265240880995955409648802515137759691563363653616862712159688752916061815970988032.000000,2183939385730308635208420668460933914736575353792636055752251780277989982624268939247965316352032902605804190037285301907091865443511872780909337358499977323070554945362491120558481062474374010441479208921758922607624477388728235833881085870080.000000
1,0.006283,0.004189,767217925266335522519883445024076189285011550871142232477027495248711373983247735610388702049736613087710340681310587522844892777576906362265240880995955409648802515137759691563363653616862712159688752916061815970988032.000000,2183939385730308635208420668460933914736575353792636055752251780277989982624268939247965316352032902605804190037285301907091865443511872780909337358499977323070554945362491120558481062474374010441479208921758922607624477388728235833881085870080.000000
2,0.012566,0.008377,767217925266335522519883445024076189285011550871142232477027495248711373983247735610388702049736613087710340681310587522844892777576906362265240880995955409648802515137759691563363653616862712159688752916061815970988032.000000,2183939385730308635208420668460933914736575353792636055752251780277989982624268939247965316352032902605804190037285301907091865443511872780909337358499977323070554945362491120558481062474374010441479208921758922607624477388728235833881085870080.000000
3,0.018849,0.012565,767217925266335522519883445024076189285011550871142232477027495248711373983247735610388702049736613087710340681310587522844892777576906362265240880995955409648802515137759691563363653616862712159688752916061815970988032.000000,2183939385730308635208420668460933914736575353792636055752251780277989982624268939247965316352032902605804190037285301907091865443511872780909337358499977323070554945362491120558481062474374010441479208921758922607624477388728235833881085870080.000000
4,0.025132,0.016752,767217925266335522519883445024076189285011550871142232477027495248711373983247735610388702049736613087710340681310587522844892777576906362265240880995955409648802515137759691563363653616862712159688752916061815970988032.000000,2183939385730308635208420668460933914736575353792636055752251780277989982624268939247965316352032902605804190037285301907091865443511872780909337358499977323070554945362491120558481062474374010441479208921758922607624477388728235833881085870080.000000
5,0.031414,0.020938,767217925266335522519883445024076189285011550871142232477027495248711373983247735610388702049736613087710340681310587522844892777576906362265240880995955409648802515137759691563363653616862712159688752916061815970988032.000000,2183939385730308635208420668460933914736575353792636055752251780277989982624268939247965316352032902605804190037285301907091865443511872780909337358499977323070554945362491120558481062474374010441479208921758922607624477388728235833881085870080.000000
6,0.037695,0.025122,767217925266335522519883445024076189285011550871142232477027495248711373983247735610388702049736613087710340681310587522844892777576906362265240880995955409648802515137759691563363653616862712159688752916061815970988032.000000,2183939385730308635208420668460933914736575353792636055752251780277989982624268939247965316352032902605804190037285301907091865443511872780909337358499977323070554945362491120558481062474374010441479208921758922607624477388728235833881085870080.000000
7,0.043976,0.029305,767217925266335522519883445024076189285011550871142232477027495248711373983247735610388702049736613087710340681310587522844892777576906362265240880995955409648802515137759691563363653616862712159688752916061815970988032.000000,2183939385730308635208420668460933914736575353792636055752251780277989982624268939247965316352032902605804190037285301907091865443511872780909337358499977323070554945362491120558481062474374010441479208921758922607624477388728235833881085870080.000000
8,0.050256,0.033485,767217925266335522519883445024076189285011550871142232477027495248711373983247735610388702049736613087710340681310587522844892777576906362265240880995955409648802515137759691563363653616862712159688752916061815970988032.000000,2183939385730308635208420668460933914736575353792636055752251780277989982624268939247965316352032902605804190037285301907091865443511872780909337358499977323070554945362491120558481062474374010441479208921758922607624477388728235833881085870080.000000
9,0.056535,0.037663,767217925266335522519883445024076189285011550871142232477027495248711373983247735610388702049736613087710340681310587522844892777576906362265240880995955409648802515137759691563363653616862712159688752916061815970988032.000000,2183939385730308635208420668460933914736575353792636055752251780277989982624268939247965316352032902605804190037285301907091865443511872780909337358499977323070554945362491120558481062474374010441479208921758922607624477388728235833881085870080.000000
10,0.062813,0.041839,767217925266335522519883445024076189285011550871142232477027495248711373983247735610388702049736613087710340681310587522844892777576906362265240880995955409648802515137759691563363653616862712159688752916061815970988032.000000,2183939385730308635208420668460933914736575353792636055752251780277989982624268939247965316352032902605804190037285301907091865443511872780909337358499977323070554945362491120558481062474374010441479208921758922607624477388728235833881085870080.000000
11,0.069091,0.046012,767217925266335522519883445024076189285011550871142232477027495248711373983247735610388702049736613087710340681310587522844892777576906362265240880995955409648802515137759691563363653616862712159688752916061815970988032.000000,2183939385730308635208420668460933914736575353792636055752251780277989982624268939247965316352032902605804190037285301907091865443511872780909337358499977323070554945362491120558481062474374010441479208921758922607624477388728235833881085870080.000000
12,0.075366,0.050181,767217925266335522519883445024076189285011550871142232477027495248711373983247735610388702049736613087710340681310587522844892777576906362265240880995955409648802515137759691563363653616862712159688752916061815970988032.000000,2183939385730308635208420668460933914736575353792636055752251780277989982624268939247965316352032902605804190037285301907091865443511872780909337358499977323070554945362491120558481062474374010441479208921758922607624477388728235833881085870080.000000
13,0.081641,0.054347,767217925266335522519883445024076189285011550871142232477027495248711373983247735610388702049736613087710340681310587522844892777576906362265240880995955409648802515137759691563363653616862712159688752916061815970988032.000000,2183939385730308635208420668460933914736575353792636055752251780277989982624268939247965316352032902605804190037285301907091865443511872780909337358499977323070554945362491120558481062474374010441479208921758922607624477388728235833881085870080.000000
14,0.087914,0.058509,767217925266335522519883445024076189285011550871142232477027495248711373983247735610388702049736613087710340681310587522844892777576906362265240880995955409648802515137759691563363653616862712159688752916061815970988032.000000,2183939385730308635208420668460933914736575353792636055752251780277989982624268939247965316352032902605804190037285301907091865443511872780909337358499977323070554945362491120558481062474374010441479208921758922607624477388728235833881085870080.000000
15,0.094186,0.062667,767217925266335522519883445024076189285011550871142232477027495248711373983247735610388702049736613087710340681310587522844892777576906362265240880995955409648802515137759691563363653616862712159688752916061815970988032.000000,2183939385730308635208420668460933914736575353792636055752251780277989982624268939247965316352032902605804190037285301907091865443511872780909337358499977323070554945362491120558481062474374010441479208921758922607624477388728235833881085870080.000000
16,0.100456,0.066820,767217925266335522519883445024076189285011550871142232477027495248711373983247735610388702049736613087710340681310587522844892777576906362265240880995955409648802515137759691563363653616862712159688752916061815970988032.000000,2183939385730308635208420668460933914736575353792636055752251780277989982624268939247965316352032902605804190037285301907091865443511872780909337358499977323070554945362491120558481062474374010441479208921758922607624477388728235833881085870080.000000
17,0.106724,0.070969,767217925266335522519883445024076189285011550871142232477027495248711373983247735610388702049736613087710340681310587522844892777576906362265240880995955409648802515137759691563363653616862712159688752916061815970988032.000000,2183939385730308635208420668460933914736575353792636055752251780277989982624268939247965316352032902605804190037285301907091865443511872780909337358499977323070554945362491120558481062474374010441479208921758922607624477388728235833881085870080.000000
18,0.112990,0.075113,767217925266335522519883445024076189285011550871142232477027495248711373983247735610388702049736613087710340681310587522844892777576906362265240880995955409648802515137759691563363653616862712159688752916061815970988032.000000,2183939385730308635208420668460933914736575353792636055752251780277989982624268939247965316352032902605804190037285301907091865443511872780909337358499977323070554945362491120558481062474374010441479208921758922607624477388728235833881085870080.000000
19,0.119255,0.079251,767217925266335522519883445024076189285011550871142232477027495248711373983247735610388702049736613087710340681310587522844892777576906362265240880995955409648802515137759691563363653616862712159688752916061815970988032.000000,2183939385730308635208420668460933914736575353792636055752251780277989982624268939247965316352032902605804190037285301907091865443511872780909337358499977323070554945362491120558481062474374010441479208921758922607624477388728235833881085870080.000000
20,0.125517,0.083384,767217925266335522519883445024076189285011550871142232477027495248711373983247735610388702049736613087710340681310587522844892777576906362265240880995955409648802515137759691563363653616862712159688752916061815970988032.000000,2183939385730308635208420668460933914736575353792636055752251780277989982624268939247965316352032902605804190037285301907091865443511872780909337358499977323070554945362491120558481062474374010441479208921758922607624477388728235833881085870080.000000
21,0.131777,0.087512,767217925266335522519883445024076189285011550871142232477027495248711373983247735610388702049736613087710340681310587522844892777576906362265240880995955409648802515137759691563363653616862712159688752916061815970988032.000000,2183939385730308635208420668460933914736575353792636055752251780277989982624268939247965316352032902605804190037285301907091865443511872780909337358499977323070554945362491120558481062474374010441479208921758922607624477388728235833881085870080.000000
22,0.138035,0.091633,767217925266335522519883445024076189285011550871142232477027495248711373983247735610388702049736613087710340681310587522844892777576906362265240880995955409648802515137759691563363653616862712159688752916061815970988032.000000,2183939385730308635208420668460933914736575353792636055752251780277989982624268939247965316352032902605804190037285301907091865443511872780909337358499977323070554945362491120558481062474374010441479208921758922607624477388728235833881085870080.000000
23,0.144290,0.095747,767217925266335522519883445024076189285011550871142232477027495248711373983247735610388702049736613087710340681310587522844892777576906362265240880995955409648802515137759691563363653616862712159688752916061815970988032.000000,2183939385730308635208420668460933914736575353792636055752251780277989982624268939247965316352032902605804190037285301907091865443511872780909337358499977323070554945362491120558481062474374010441479208921758922607624477388728235833881085870080.000000
24,0.150543,0.099855,767217925266335522519883445024076189285011550871142232477027495248711373983247735610388702049736613087710340681310587522844892777576906362265240880995955409648802515137759691563363653616862712159688752916061815970988032.000000,2183939385730308635208420668460933914736575353792636055752251780277989982624268939247965316352032902605804190037285301907091865443511872780909337358499977323070554945362491120558481062474374010441479208921758922607624477388728235833881085870080.000000
25,0.156793,0.103956,767217925266335522519883445024076189285011550871142232477027495248711373983247735610388702049736613087710340681310587522844892777576906362265240880995955409648802515137759691563363653616862712159688752916061815970988032.000000,2183939385730308635208420668460933914736575353792636055752251780277989982624268939247965316352032902605804190037285301907091865443511872780909337358499977323070554945362491120558481062474374010441479208921758922607624477388728235833881085870080.000000
26,0.163040,0.108049,767217925266335522519883445024076189285011550871142232477027495248711373983247735610388702049736613087710340681310587522844892777576906362265240880995955409648802515137759691563363653616862712159688752916061815970988032.000000,2183939385730308635208420668460933914736575353792636055752251780277989982624268939247965316352032902605804190037285301907091865443511872780909337358499977323070554945362491120558481062474374010441479208921758922607624477388728235833881085870080.000000
27,0.169285,0.112135,767217925266335522519883445024076189285011550871142232477027495248711373983247735610388702049736613087710340681310587522844892777576906362265240880995955409648802515137759691563363653616862712159688752916061815970988032.000000,2183939385730308635208420668460933914736575353792636055752251780277989982624268939247965316352032902605804190037285301907091865443511872780909337358499977323070554945362491120558481062474374010441479208921758922607624477388728235833881085870080.000000
28,0.175526,0.116213,767217925266335522519883445024076189285011550871142232477027495248711373983247735610388702049736613087710340681310587522844892777576906362265240880995955409648802515137759691563363653616862712159688752916061815970988032.000000,2183939385730308635208420668460933914736575353792636055752251780277989982624268939247965316352032902605804190037285301907091865443511872780909337358499977323070554945362491120558481062474374010441479208921758922607624477388728235833881085870080.000000
29,0.181765,0.120283,767217925266335522519883445024076189285011550871142232477027495248711373983247735610388702049736613087710340681310587522844892777576906362265240880995955409648802515137759691563363653616862712159688752916061815970988032.000000,2183939385730308635208420668460933914736575353792636055752251780277989982624268939247965316352032902605804190037285301907091865443511872780909337358499977323070554945362491120558481062474374010441479208921758922607624477388728235833881085870080.000000
30,0.188000,0.124345,767217925266335522519883445024076189285011550871142232477027495248711373983247735610388702049736613087710340681310587522844892777576906362265240880995955409648802515137759691563363653616862712159688752916061815970988032.000000,2183939385730308635208420668460933914736575353792636055752251780277989982624268939247965316352032902605804190037285301907091865443511872780909337358499977323070554945362491120558481062474374010441479208921758922607624477388728235833881085870080.000000
31,0.194232,0.128398,767217925266335522519883445024076189285011550871142232477027495248711373983247735610388702049736613087710340681310587522844892777576906362265240880995955409648802515137759691563363653616862712159688752916061815970988032.000000,2183939385730308635208420668460933914736575353792636055752251780277989982624268939247965316352032902605804190037285301907091865443511872780909337358499977323070554945362491120558481062474374010441479208921758922607624477388728235833881085870080.000000
32,0.200460,0.132441,767217925266335522519883445024076189285011550871142232477027495248711373983247735610388702049736613087710340681310587522844892777576906362265240880995955409648802515137759691563363653616862712159688752916061815970988032.000000,2183939385730308635208420668460933914736575353792636055752251780277989982624268939247965316352032902605804190037285301907091865443511872780909337358499977323070554945362491120558481062474374010441479208921758922607624477388728235833881085870080.000000
33,0.206685,0.136476,767217925266335522519883445024076189285011550871142232477027495248711373983247735610388702049736613087710340681310587522844892777576906362265240880995955409648802515137759691563363653616862712159688752916061815970988032.000000,2183939385730308635208420668460933914736575353792636055752251780277989982624268939247965316352032902605804190037285301907091865443511872780909337358499977323070554945362491120558481062474374010441479208921758922607624477388728235833881085870080.000000
34,0.212907,0.140501,767217925266335522519883445024076189285011550871142232477027495248711373983247735610388702049736613087710340681310587522844892777576906362265240880995955409648802515137759691563363653616862712159688752916061815970988032.000000,2183939385730308635208420668460933914736575353792636055752251780277989982624268939247965316352032902605804190037285301907091865443511872780909337358499977323070554945362491120558481062474374010441479208921758922607624477388728235833881085870080.000000
35,0.219125,0.144516,767217925266335522519883445024076189285011550871142232477027495248711373983247735610388702049736613087710340681310587522844892777576906362265240880995955409648802515137759691563363653616862712159688752916061815970988032.000000,2183939385730308635208420668460933914736575353792636055752251780277989982624268939247965316352032902605804190037285301907091865443511872780909337358499977323070554945362491120558481062474374010441479208921758922607624477388728235833881085870080.000000
36,0.225338,0.148521,767217925266335522519883445024076189285011550871142232477027495248711373983247735610388702049736613087710340681310587522844892777576906362265240880995955409648802515137759691563363653616862712159688752916061815970988032.000000,2183939385730308635208420668460933914736575353792636055752251780277989982624268939247965316352032902605804190037285301907091865443511872780909337358499977323070554945362491120558481062474374010441479208921758922607624477388728235833881085870080.000000
37,0.231548,0.152515,767217925266335522519883445024076189285011550871142232477027495248711373983247735610388702049736613087710340681310587522844892777576906362265240880995955409648802515137759691563363653616862712159688752916061815970988032.000000,2183939385730308635208420668460933914736575353792636055752251780277989982624268939247965316352032902605804190037285301907091865443511872780909337358499977323070554945362491120558481062474374010441479208921758922607624477388728235833881085870080.000000
38,0.237754,0.156499,767217925266335522519883445024076189285011550871142232477027495248711373983247735610388702049736613087710340681310587522844892777576906362265240880995955409648802515137759691563363653616862712159688752916061815970988032.000000,2183939385730308635208420668460933914736575353792636055752251780277989982624268939247965316352032902605804190037285301907091865443511872780909337358499977323070554945362491120558481062474374010441479208921758922607624477388728235833881085870080.000000
39,0.243956,0.160472,767217925266335522519883445024076189285011550871142232477027495248711373983247735610388702049736613087710340681310587522844892777576906362265240880995955409648802515137759691563363653616862712159688752916061815970988032.000000,2183939385730308635208420668460933914736575353792636055752251780277989982624268939247965316352032902605804190037285301907091865443511872780909337358499977323070554945362491120558481062474374010441479208921758922607624477388728235833881085870080.000000
40,0.250153,0.164433,767217925266335522519883445024076189285011550871142232477027495248711373983247735610388702049736613087710340681310587522844892777576906362265240880995955409648802515137759691563363653616862712159688752916061815970988032.000000,2183939385730308635208420668460933914736575353792636055752251780277989982624268939247965316352032902605804190037285301907091865443511872780909337358499977323070554945362491120558481062474374010441479208921758922607624477388728235833881085870080.000000
41,0.256346,0.168383,767217925266335522519883445024076189285011550871142232477027495248711373983247735610388702049736613087710340681310587522844892777576906362265240880995955409648802515137759691563363653616862712159688752916061815970988032.000000,2183939385730308635208420668460933914736575353792636055752251780277989982624268939247965316352032902605804190037285301907091865443511872780909337358499977323070554945362491120558481062474374010441479208921758922607624477388728235833881085870080.000000
42,0.262535,0.172321,767217925266335522519883445024076189285011550871142232477027495248711373983247735610388702049736613087710340681310587522844892777576906362265240880995955409648802515137759691563363653616862712159688752916061815970988032.000000,2183939385730308635208420668460933914736575353792636055752251780277989982624268939247965316352032902605804190037285301907091865443511872780909337358499977323070554945362491120558481062474374010441479208921758922607624477388728235833881085870080.000000
43,0.268718,0.176248,767217925266335522519883445024076189285011550871142232477027495248711373983247735610388702049736613087710340681310587522844892777576906362265240880995955409648802515137759691563363653616862712159688752916061815970988032.000000,2183939385730308635208420668460933914736575353792636055752251780277989982624268939247965316352032902605804190037285301907091865443511872780909337358499977323070554945362491120558481062474374010441479208921758922607624477388728235833881085870080.000000
44,0.274898,0.180161,767217925266335522519883445024076189285011550871142232477027495248711373983247735610388702049736613087710340681310587522844892777576906362265240880995955409648802515137759691563363653616862712159688752916061815970988032.000000,2183939385730308635208420668460933914736575353792636055752251780277989982624268939247965316352032902605804190037285301907091865443511872780909337358499977323070554945362491120558481062474374010441479208921758922607624477388728235833881085870080.000000
45,0.281072,0.184062,767217925266335522519883445024076189285011550871142232477027495248711373983247735610388702049736613087710340681310587522844892777576906362265240880995955409648802515137759691563363653616862712159688752916061815970988032.000000,2183939385730308635208420668460933914736575353792636055752251780277989982624268939247965316352032902605804190037285301907091865443511872780909337358499977323070554945362491120558481062474374010441479208921758922607624477388728235833881085870080.000000
46,0.287241,0.187950,767217925266335522519883445024076189285011550871142232477027495248711373983247735610388702049736613087710340681310587522844892777576906362265240880995955409648802515137759691563363653616862712159688752916061815970988032.000000,2183939385730308635208420668460933914736575353792636055752251780277989982624268939247965316352032902605804190037285301907091865443511872780909337358499977323070554945362491120558481062474374010441479208921758922607624477388728235833881085870080.000000
47,0.293406,0.191825,767217925266335522519883445024076189285011550871142232477027495248711373983247735610388702049736613087710340681310587522844892777576906362265240880995955409648802515137759691563363653616862712159688752916061815970988032.000000,2183939385730308635208420668460933914736575353792636055752251780277989982624268939247965316352032902605804190037285301907091865443511872780909337358499977323070554945362491120558481062474374010441479208921758922607624477388728235833881085870080.000000
48,0.299565,0.195687,767217925266335522519883445024076189285011550871142232477027495248711373983247735610388702049736613087710340681310587522844892777576906362265240880995955409648802515137759691563363653616862712159688752916061815970988032.000000,2183939385730308635208420668460933914736575353792636055752251780277989982624268939247965316352032902605804190037285301907091865443511872780909337358499977323070554945362491120558481062474374010441479208921758922607624477388728235833881085870080.000000
49,0.305719,0.199535,767217925266335522519883445024076189285011550871142232477027495248711373983247735610388702049736613087710340681310587522844892777576906362265240880995955409648802515137759691563363653616862712159688752916061815970988032.000000,2183939385730308635208420668460933914736575353792636055752251780277989982624268939247965316352032902605804190037285301907091865443511872780909337358499977323070554945362491120558481062474374010441479208921758922607624477388728235833881085870080.000000
50,0.311868,0.203368,767217925266335522519883445024076189285011550871142232477027495248711373983247735610388702049736613087710340681310587522844892777576906362265240880995955409648802515137759691563363653616862712159688752916061815970988032.000000,2183939385730308635208420668460933914736575353792636055752251780277989982624268939247965316352032902605804190037285301907091865443511872780909337358499977323070554945362491120558481062474374010441479208921758922607624477388728235833881085870080.000000
51,0.318011,0.207188,767217925266335522519883445024076189285011550871142232477027495248711373983247735610388702049736613087710340681310587522844892777576906362265240880995955409648802515137759691563363653616862712159688752916061815970988032.000000,2183939385730308635208420668460933914736575353792636055752251780277989982624268939247965316352032902605804190037285301907091865443511872780909337358499977323070554945362491120558481062474374010441479208921758922607624477388728235833881085870080.000000
52,0.324148,0.210993,767217925266335522519883445024076189285011550871142232477027495248711373983247735610388702049736613087710340681310587522844892777576906362265240880995955409648802515137759691563363653616862712159688752916061815970988032.000000,2183939385730308635208420668460933914736575353792636055752251780277989982624268939247965316352032902605804190037285301907091865443511872780909337358499977323070554945362491120558481062474374010441479208921758922607624477388728235833881085870080.000000
53,0.330280,0.214783,767217925266335522519883445024076189285011550871142232477027495248711373983247735610388702049736613087710340681310587522844892777576906362265240880995955409648802515137759691563363653616862712159688752916061815970988032.000000,2183939385730308635208420668460933914736575353792636055752251780277989982624268939247965316352032902605804190037285301907091865443511872780909337358499977323070554945362491120558481062474374010441479208921758922607624477388728235833881085870080.000000
54,0.336406,0.218558,767217925266335522519883445024076189285011550871142232477027495248711373983247735610388702049736613087710340681310587522844892777576906362265240880995955409648802515137759691563363653616862712159688752916061815970988032.000000,2183939385730308635208420668460933914736575353792636055752251780277989982624268939247965316352032902605804190037285301907091865443511872780909337358499977323070554945362491120558481062474374010441479208921758922607624477388728235833881085870080.000000
55,0.342526,0.222318,767217925266335522519883445024076189285011550871142232477027495248711373983247735610388702049736613087710340681310587522844892777576906362265240880995955409648802515137759691563363653616862712159688752916061815970988032.000000,2183939385730308635208420668460933914736575353792636055752251780277989982624268939247965316352032902605804190037285301907091865443511872780909337358499977323070554945362491120558481062474374010441479208921758922607624477388728235833881085870080.000000
56,0.348640,0.226062,767217925266335522519883445024076189285011550871142232477027495248711373983247735610388702049736613087710340681310587522844892777576906362265240880995955409648802515137759691563363653616862712159688752916061815970988032.000000,2183939385730308635208420668460933914736575353792636055752251780277989982624268939247965316352032902605804190037285301907091865443511872780909337358499977323070554945362491120558481062474374010441479208921758922607624477388728235833881085870080.000000
57,0.354748,0.229790,767217925266335522519883445024076189285011550871142232477027495248711373983247735610388702049736613087710340681310587522844892777576906362265240880995955409648802515137759691563363653616862712159688752916061815970988032.000000,2183939385730308635208420668460933914736575353792636055752251780277989982624268939247965316352032902605804190037285301907091865443511872780909337358499977323070554945362491120558481062474374010441479208921758922607624477388728235833881085870080.000000
58,0.360850,0.233502,767217925266335522519883445024076189285011550871142232477027495248711373983247735610388702049736613087710340681310587522844892777576906362265240880995955409648802515137759691563363653616862712159688752916061815970988032.000000,2183939385730308635208420668460933914736575353792636055752251780277989982624268939247965316352032902605804190037285301907091865443511872780909337358499977323070554945362491120558481062474374010441479208921758922607624477388728235833881085870080.000000
59,0.366946,0.237198,767217925266335522519883445024076189285011550871142232477027495248711373983247735610388702049736613087710340681310587522844892777576906362265240880995955409648802515137759691563363653616862712159688752916061815970988032.000000,2183939385730308635208420668460933914736575353792636055752251780277989982624268939247965316352032902605804190037285301907091865443511872780909337358499977323070554945362491120558481062474374010441479208921758922607624477388728235833881085870080.000000
60,0.373035,0.240877,767217925266335522519883445024076189285011550871142232477027495248711373983247735610388702049736613087710340681310587522844892777576906362265240880995955409648802515137759691563363653616862712159688752916061815970988032.000000,2183939385730308635208420668460933914736575353792636055752251780277989982624268939247965316352032902605804190037285301907091865443511872780909337358499977323070554945362491120558481062474374010441479208921758922607624477388728235833881085870080.000000
61,0.379117,0.244539,767217925266335522519883445024076189285011550871142232477027495248711373983247735610388702049736613087710340681310587522844892777576906362265240880995955409648802515137759691563363653616862712159688752916061815970988032.000000,2183939385730308635208420668460933914736575353792636055752251780277989982624268939247965316352032902605804190037285301907091865443511872780909337358499977323070554945362491120558481062474374010441479208921758922607624477388728235833881085870080.000000
62,0.385193,0.248184,767217925266335522519883445024076189285011550871142232477027495248711373983247735610388702049736613087710340681310587522844892777576906362265240880995955409648802515137759691563363653616862712159688752916061815970988032.000000,2183939385730308635208420668460933914736575353792636055752251780277989982624268939247965316352032902605804190037285301907091865443511872780909337358499977323070554945362491120558481062474374010441479208921758922607624477388728235833881085870080.000000
63,0.391262,0.251812,767217925266335522519883445024076189285011550871142232477027495248711373983247735610388702049736613087710340681310587522844892777576906362265240880995955409648802515137759691563363653616862712159688752916061815970988032.000000,2183939385730308635208420668460933914736575353792636055752251780277989982624268939247965316352032902605804190037285301907091865443511872780909337358499977323070554945362491120558481062474374010441479208921758922607624477388728235833881085870080.000000
64,0.397324,0.255422,767217925266335522519883445024076189285011550871142232477027495248711373983247735610388702049736613087710340681310587522844892777576906362265240880995955409648802515137759691563363653616862712159688752916061815970988032.000000,2183939385730308635208420668460933914736575353792636055752251780277989982624268939247965316352032902605804190037285301907091865443511872780909337358499977323070554945362491120558481062474374010441479208921758922607624477388728235833881085870080.000000
65,0.403380,0.259014,767217925266335522519883445024076189285011550871142232477027495248711373983247735610388702049736613087710340681310587522844892777576906362265240880995955409648802515137759691563363653616862712159688752916061815970988032.000000,2183939385730308635208420668460933914736575353792636055752251780277989982624268939247965316352032902605804190037285301907091865443511872780909337358499977323070554945362491120558481062474374010441479208921758922607624477388728235833881085870080.000000
66,0.409428,0.262587,767217925266335522519883445024076189285011550871142232477027495248711373983247735610388702049736613087710340681310587522844892777576906362265240880995955409648802515137759691563363653616862712159688752916061815970988032.000000,2183939385730308635208420668460933914736575353792636055752251780277989982624268939247965316352032902605804190037285301907091865443511872780909337358499977323070554945362491120558481062474374010441479208921758922607624477388728235833881085870080.000000
67,0.415469,0.266143,767217925266335522519883445024076189285011550871142232477027495248711373983247735610388702049736613087710340681310587522844892777576906362265240880995955409648802515137759691563363653616862712159688752916061815970988032.000000,2183939385730308635208420668460933914736575353792636055752251780277989982624268939247965316352032902605804190037285301907091865443511872780909337358499977323070554945362491120558481062474374010441479208921758922607624477388728235833881085870080.000000
68,0.421503,0.269679,767217925266335522519883445024076189285011550871142232477027495248711373983247735610388702049736613087710340681310587522844892777576906362265240880995955409648802515137759691563363653616862712159688752916061815970988032.000000,2183939385730308635208420668460933914736575353792636055752251780277989982624268939247965316352032902605804190037285301907091865443511872780909337358499977323070554945362491120558481062474374010441479208921758922607624477388728235833881085870080.000000
69,0.427529,0.273197,767217925266335522519883445024076189285011550871142232477027495248711373983247735610388702049736613087710340681310587522844892777576906362265240880995955409648802515137759691563363653616862712159688752916061815970988032.000000,2183939385730308635208420668460933914736575353792636055752251780277989982624268939247965316352032902605804190037285301907091865443511872780909337358499977323070554945362491120558481062474374010441479208921758922607624477388728235833881085870080.000000
70,0.433548,0.276696,767217925266335522519883445024076189285011550871142232477027495248711373983247735610388702049736613087710340681310587522844892777576906362265240880995955409648802515137759691563363653616862712159688752916061815970988032.000000,2183939385730308635208420668460933914736575353792636055752251780277989982624268939247965316352032902605804190037285301907091865443511872780909337358499977323070554945362491120558481062474374010441479208921758922607624477388728235833881085870080.000000
71,0.439559,0.280175,767217925266335522519883445024076189285011550871142232477027495248711373983247735610388702049736613087710340681310587522844892777576906362265240880995955409648802515137759691563363653616862712159688752916061815970988032.000000,2183939385730308635208420668460933914736575353792636055752251780277989982624268939247965316352032902605804190037285301907091865443511872780909337358499977323070554945362491120558481062474374010441479208921758922607624477388728235833881085870080.000000
72,0.445562,0.283634,767217925266335522519883445024076189285011550871142232477027495248711373983247735610388702049736613087710340681310587522844892777576906362265240880995955409648802515137759691563363653616862712159688752916061815970988032.000000,2183939385730308635208420668460933914736575353792636055752251780277989982624268939247965316352032902605804190037285301907091865443511872780909337358499977323070554945362491120558481062474374010441479208921758922607624477388728235833881085870080.000000
73,0.451558,0.287074,767217925266335522519883445024076189285011550871142232477027495248711373983247735610388702049736613087710340681310587522844892777576906362265240880995955409648802515137759691563363653616862712159688752916061815970988032.000000,2183939385730308635208420668460933914736575353792636055752251780277989982624268939247965316352032902605804190037285301907091865443511872780909337358499977323070554945362491120558481062474374010441479208921758922607624477388728235833881085870080.000000
74,0.457546,0.290494,767217925266335522519883445024076189285011550871142232477027495248711373983247735610388702049736613087710340681310587522844892777576906362265240880995955409648802515137759691563363653616862712159688752916061815970988032.000000,2183939385730308635208420668460933914736575353792636055752251780277989982624268939247965316352032902605804190037285301907091865443511872780909337358499977323070554945362491120558481062474374010441479208921758922607624477388728235833881085870080.000000
75,0.463525,0.293893,767217925266335522519883445024076189285011550871142232477027495248711373983247735610388702049736613087710340681310587522844892777576906362265240880995955409648802515137759691563363653616862712159688752916061815970988032.000000,2183939385730308635208420668460933914736575353792636055752251780277989982624268939247965316352032902605804190037285301907091865443511872780909337358499977323070554945362491120558481062474374010441479208921758922607624477388728235833881085870080.000000
76,0.469497,0.297271,767217925266335522519883445024076189285011550871142232477027495248711373983247735610388702049736613087710340681310587522844892777576906362265240880995955409648802515137759691563363653616862712159688752916061815970988032.000000,2183939385730308635208420668460933914736575353792636055752251780277989982624268939247965316352032902605804190037285301907091865443511872780909337358499977323070554945362491120558481062474374010441479208921758922607624477388728235833881085870080.000000
77,0.475460,0.300629,767217925266335522519883445024076189285011550871142232477027495248711373983247735610388702049736613087710340681310587522844892777576906362265240880995955409648802515137759691563363653616862712159688752916061815970988032.000000,2183939385730308635208420668460933914736575353792636055752251780277989982624268939247965316352032902605804190037285301907091865443511872780909337358499977323070554945362491120558481062474374010441479208921758922607624477388728235833881085870080.000000
78,0.481415,0.303965,767217925266335522519883445024076189285011550871142232477027495248711373983247735610388702049736613087710340681310587522844892777576906362265240880995955409648802515137759691563363653616862712159688752916061815970988032.000000,2183939385730308635208420668460933914736575353792636055752251780277989982624268939247965316352032902605804190037285301907091865443511872780909337358499977323070554945362491120558481062474374010441479208921758922607624477388728235833881085870080.000000
79,0.487362,0.307280,767217925266335522519883445024076189285011550871142232477027495248711373983247735610388702049736613087710340681310587522844892777576906362265240880995955409648802515137759691563363653616862712159688752916061815970988032.000000,2183939385730308635208420668460933914736575353792636055752251780277989982624268939247965316352032902605804190037285301907091865443511872780909337358499977323070554945362491120558481062474374010441479208921758922607624477388728235833881085870080.000000
80,0.493300,0.310574,767217925266335522519883445024076189285011550871142232477027495248711373983247735610388702049736613087710340681310587522844892777576906362265240880995955409648802515137759691563363653616862712159688752916061815970988032.000000,2183939385730308635208420668460933914736575353792636055752251780277989982624268939247965316352032902605804190037285301907091865443511872780909337358499977323070554945362491120558481062474374010441479208921758922607624477388728235833881085870080.000000
81,0.499229,0.313846,767217925266335522519883445024076189285011550871142232477027495248711373983247735610388702049736613087710340681310587522844892777576906362265240880995955409648802515137759691563363653616862712159688752916061815970988032.000000,2183939385730308635208420668460933914736575353792636055752251780277989982624268939247965316352032902605804190037285301907091865443511872780909337358499977323070554945362491120558481062474374010441479208921758922607624477388728235833881085870080.000000
82,0.505150,0.317095,767217925266335522519883445024076189285011550871142232477027495248711373983247735610388702049736613087710340681310587522844892777576906362265240880995955409648802515137759691563363653616862712159688752916061815970988032.000000,2183939385730308635208420668460933914736575353792636055752251780277989982624268939247965316352032902605804190037285301907091865443511872780909337358499977323070554945362491120558481062474374010441479208921758922607624477388728235833881085870080.000000
83,0.511062,0.320323,767217925266335522519883445024076189285011550871142232477027495248711373983247735610388702049736613087710340681310587522844892777576906362265240880995955409648802515137759691563363653616862712159688752916061815970988032.000000,2183939385730308635208420668460933914736575353792636055752251780277989982624268939247965316352032902605804190037285301907091865443511872780909337358499977323070554945362491120558481062474374010441479208921758922607624477388728235833881085870080.000000
84,0.516964,0.323528,767217925266335522519883445024076189285011550871142232477027495248711373983247735610388702049736613087710340681310587522844892777576906362265240880995955409648802515137759691563363653616862712159688752916061815970988032.000000,2183939385730308635208420668460933914736575353792636055752251780277989982624268939247965316352032902605804190037285301907091865443511872780909337358499977323070554945362491120558481062474374010441479208921758922607624477388728235833881085870080.000000
85,0.522858,0.326710,767217925266335522519883445024076189285011550871142232477027495248711373983247735610388702049736613087710340681310587522844892777576906362265240880995955409648802515137759691563363653616862712159688752916061815970988032.000000,2183939385730308635208420668460933914736575353792636055752251780277989982624268939247965316352032902605804190037285301907091865443511872780909337358499977323070554945362491120558481062474374010441479208921758922607624477388728235833881085870080.000000
86,0.528743,0.329870,767217925266335522519883445024076189285011550871142232477027495248711373983247735610388702049736613087710340681310587522844892777576906362265240880995955409648802515137759691563363653616862712159688752916061815970988032.000000,2183939385730308635208420668460933914736575353792636055752251780277989982624268939247965316352032902605804190037285301907091865443511872780909337358499977323070554945362491120558481062474374010441479208921758922607624477388728235833881085870080.000000
87,0.534618,0.333006,767217925266335522519883445024076189285011550871142232477027495248711373983247735610388702049736613087710340681310587522844892777576906362265240880995955409648802515137759691563363653616862712159688752916061815970988032.000000,2183939385730308635208420668460933914736575353792636055752251780277989982624268939247965316352032902605804190037285301907091865443511872780909337358499977323070554945362491120558481062474374010441479208921758922607624477388728235833881085870080.000000
88,0.540484,0.336119,767217925266335522519883445024076189285011550871142232477027495248711373983247735610388702049736613087710340681310587522844892777576906362265240880995955409648802515137759691563363653616862712159688752916061815970988032.000000,2183939385730308635208420668460933914736575353792636055752251780277989982624268939247965316352032902605804190037285301907091865443511872780909337358499977323070554945362491120558481062474374010441479208921758922607624477388728235833881085870080.000000
89,0.546340,0.339208,767217925266335522519883445024076189285011550871142232477027495248711373983247735610388702049736613087710340681310587522844892777576906362265240880995955409648802515137759691563363653616862712159688752916061815970988032.000000,2183939385730308635208420668460933914736575353792636055752251780277989982624268939247965316352032902605804190037285301907091865443511872780909337358499977323070554945362491120558481062474374010441479208921758922607624477388728235833881085870080.000000
90,0.552187,0.342274,767217925266335522519883445024076189285011550871142232477027495248711373983247735610388702049736613087710340681310587522844892777576906362265240880995955409648802515137759691563363653616862712159688752916061815970988032.000000,2183939385730308635208420668460933914736575353792636055752251780277989982624268939247965316352032902605804190037285301907091865443511872780909337358499977323070554945362491120558481062474374010441479208921758922607624477388728235833881085870080.000000
91,0.558024,0.345315,767217925266335522519883445024076189285011550871142232477027495248711373983247735610388702049736613087710340681310587522844892777576906362265240880995955409648802515137759691563363653616862712159688752916061815970988032.000000,2183939385730308635208420668460933914736575353792636055752251780277989982624268939247965316352032902605804190037285301907091865443511872780909337358499977323070554945362491120558481062474374010441479208921758922607624477388728235833881085870080.000000
92,0.563851,0.348332,767217925266335522519883445024076189285011550871142232477027495248711373983247735610388702049736613087710340681310587522844892777576906362265240880995955409648802515137759691563363653616862712159688752916061815970988032.000000,2183939385730308635208420668460933914736575353792636055752251780277989982624268939247965316352032902605804190037285301907091865443511872780909337358499977323070554945362491120558481062474374010441479208921758922607624477388728235833881085870080.000000
93,0.569669,0.351325,767217925266335522519883445024076189285011550871142232477027495248711373983247735610388702049736613087710340681310587522844892777576906362265240880995955409648802515137759691563363653616862712159688752916061815970988032.000000,2183939385730308635208420668460933914736575353792636055752251780277989982624268939247965316352032902605804190037285301907091865443511872780909337358499977323070554945362491120558481062474374010441479208921758922607624477388728235833881085870080.000000
94,0.575476,0.354293,767217925266335522519883445024076189285011550871142232477027495248711373983247735610388702049736613087710340681310587522844892777576906362265240880995955409648802515137759691563363653616862712159688752916061815970988032.000000,2183939385730308635208420668460933914736575353792636055752251780277989982624268939247965316352032902605804190037285301907091865443511872780909337358499977323070554945362491120558481062474374010441479208921758922607624477388728235833881085870080.000000
95,0.581273,0.357236,767217925266335522519883445024076189285011550871142232477027495248711373983247735610388702049736613087710340681310587522844892777576906362265240880995955409648802515137759691563363653616862712159688752916061815970988032.000000,2183939385730308635208420668460933914736575353792636055752251780277989982624268939247965316352032902605804190037285301907091865443511872780909337358499977323070554945362491120558481062474374010441479208921758922607624477388728235833881085870080.000000
96,0.587061,0.360155,767217925266335522519883445024076189285011550871142232477027495248711373983247735610388702049736613087710340681310587522844892777576906362265240880995955409648802515137759691563363653616862712159688752916061815970988032.000000,2183939385730308635208420668460933914736575353792636055752251780277989982624268939247965316352032902605804190037285301907091865443511872780909337358499977323070554945362491120558481062474374010441479208921758922607624477388728235833881085870080.000000
97,0.592837,0.363047,767217925266335522519883445024076189285011550871142232477027495248711373983247735610388702049736613087710340681310587522844892777576906362265240880995955409648802515137759691563363653616862712159688752916061815970988032.000000,2183939385730308635208420668460933914736575353792636055752251780277989982624268939247965316352032902605804190037285301907091865443511872780909337358499977323070554945362491120558481062474374010441479208921758922607624477388728235833881085870080.000000
98,0.598604,0.365915,767217925266335522519883445024076189285011550871142232477027495248711373983247735610388702049736613087710340681310587522844892777576906362265240880995955409648802515137759691563363653616862712159688752916061815970988032.000000,2183939385730308635208420668460933914736575353792636055752251780277989982624268939247965316352032902605804190037285301907091865443511872780909337358499977323070554945362491120558481062474374010441479208921758922607624477388728235833881085870080.000000
99,0.604360,0.368757,767217925266335522519883445024076189285011550871142232477027495248711373983247735610388702049736613087710340681310587522844892777576906362265240880995955409648802515137759691563363653616862712159688752916061815970988032.000000,2183939385730308635208420668460933914736575353792636055752251780277989982624268939247965316352032902605804190037285301907091865443511872780909337358499977323070554945362491120558481062474374010441479208921758922607624477388728235833881085870080.000000
100,0.610105,0.371572,767217925266335522519883445024076189285011550871142232477027495248711373983247735610388702049736613087710340681310587522844892777576906362265240880995955409648802515137759691563363653616862712159688752916061815970988032.000000,2183939385730308635208420668460933914736575353792636055752251780277989982624268939247965316352032902605804190037285301907091865443511872780909337358499977323070554945362491120558481062474374010441479208921758922607624477388728235833881085870080.000000
101,0.615840,0.374362,767217925266335522519883445024076189285011550871142232477027495248711373983247735610388702049736613087710340681310587522844892777576906362265240880995955409648802515137759691563363653616862712159688752916061815970988032.000000,2183939385730308635208420668460933914736575353792636055752251780277989982624268939247965316352032902605804190037285301907091865443511872780909337358499977323070554945362491120558481062474374010441479208921758922607624477388728235833881085870080.000000
102,0.621563,0.377126,767217925266335522519883445024076189285011550871142232477027495248711373983247735610388702049736613087710340681310587522844892777576906362265240880995955409648802515137759691563363653616862712159688752916061815970988032.000000,2183939385730308635208420668460933914736575353792636055752251780277989982624268939247965316352032902605804190037285301907091865443511872780909337358499977323070554945362491120558481062474374010441479208921758922607624477388728235833881085870080.000000
103,0.627276,0.379863,767217925266335522519883445024076189285011550871142232477027495248711373983247735610388702049736613087710340681310587522844892777576906362265240880995955409648802515137759691563363653616862712159688752916061815970988032.000000,2183939385730308635208420668460933914736575353792636055752251780277989982624268939247965316352032902605804190037285301907091865443511872780909337358499977323070554945362491120558481062474374010441479208921758922607624477388728235833881085870080.000000
104,0.632978,0.382573,767217925266335522519883445024076189285011550871142232477027495248711373983247735610388702049736613087710340681310587522844892777576906362265240880995955409648802515137759691563363653616862712159688752916061815970988032.000000,2183939385730308635208420668460933914736575353792636055752251780277989982624268939247965316352032902605804190037285301907091865443511872780909337358499977323070554945362491120558481062474374010441479208921758922607624477388728235833881085870080.000000
105,0.638669,0.385257,767217925266335522519883445024076189285011550871142232477027495248711373983247735610388702049736613087710340681310587522844892777576906362265240880995955409648802515137759691563363653616862712159688752916061815970988032.000000,2183939385730308635208420668460933914736575353792636055752251780277989982624268939247965316352032902605804190037285301907091865443511872780909337358499977323070554945362491120558481062474374010441479208921758922607624477388728235833881085870080.000000
106,0.644349,0.387913,767217925266335522519883445024076189285011550871142232477027495248711373983247735610388702049736613087710340681310587522844892777576906362265240880995955409648802515137759691563363653616862712159688752916061815970988032.000000,2183939385730308635208420668460933914736575353792636055752251780277989982624268939247965316352032902605804190037285301907091865443511872780909337358499977323070554945362491120558481062474374010441479208921758922607624477388728235833881085870080.000000
107,0.650017,0.390542,767217925266335522519883445024076189285011550871142232477027495248711373983247735610388702049736613087710340681310587522844892777576906362265240880995955409648802515137759691563363653616862712159688752916061815970988032.000000,2183939385730308635208420668460933914736575353792636055752251780277989982624268939247965316352032902605804190037285301907091865443511872780909337358499977323070554945362491120558481062474374010441479208921758922607624477388728235833881085870080.000000
108,0.655674,0.393144,767217925266335522519883445024076189285011550871142232477027495248711373983247735610388702049736613087710340681310587522844892777576906362265240880995955409648802515137759691563363653616862712159688752916061815970988032.000000,2183939385730308635208420668460933914736575353792636055752251780277989982624268939247965316352032902605804190037285301907091865443511872780909337358499977323070554945362491120558481062474374010441479208921758922607624477388728235833881085870080.000000
109,0.661319,0.395718,767217925266335522519883445024076189285011550871142232477027495248711373983247735610388702049736613087710340681310587522844892777576906362265240880995955409648802515137759691563363653616862712159688752916061815970988032.000000,2183939385730308635208420668460933914736575353792636055752251780277989982624268939247965316352032902605804190037285301907091865443511872780909337358499977323070554945362491120558481062474374010441479208921758922607624477388728235833881085870080.000000
110,0.666953,0.398265,767217925266335522519883445024076189285011550871142232477027495248711373983247735610388702049736613087710340681310587522844892777576906362265240880995955409648802515137759691563363653616862712159688752916061815970988032.000000,2183939385730308635208420668460933914736575353792636055752251780277989982624268939247965316352032902605804190037285301907091865443511872780909337358499977323070554945362491120558481062474374010441479208921758922607624477388728235833881085870080.000000
111,0.672575,0.400783,767217925266335522519883445024076189285011550871142232477027495248711373983247735610388702049736613087710340681310587522844892777576906362265240880995955409648802515137759691563363653616862712159688752916061815970988032.000000,2183939385730308635208420668460933914736575353792636055752251780277989982624268939247965316352032902605804190037285301907091865443511872780909337358499977323070554945362491120558481062474374010441479208921758922607624477388728235833881085870080.000000
112,0.678185,0.403274,767217925266335522519883445024076189285011550871142232477027495248711373983247735610388702049736613087710340681310587522844892777576906362265240880995955409648802515137759691563363653616862712159688752916061815970988032.000000,2183939385730308635208420668460933914736575353792636055752251780277989982624268939247965316352032902605804190037285301907091865443511872780909337358499977323070554945362491120558481062474374010441479208921758922607624477388728235833881085870080.000000
113,0.683783,0.405736,767217925266335522519883445024076189285011550871142232477027495248711373983247735610388702049736613087710340681310587522844892777576906362265240880995955409648802515137759691563363653616862712159688752916061815970988032.000000,2183939385730308635208420668460933914736575353792636055752251780277989982624268939247965316352032902605804190037285301907091865443511872780909337358499977323070554945362491120558481062474374010441479208921758922607624477388728235833881085870080.000000
114,0.689370,0.408170,767217925266335522519883445024076189285011550871142232477027495248711373983247735610388702049736613087710340681310587522844892777576906362265240880995955409648802515137759691563363653616862712159688752916061815970988032.000000,2183939385730308635208420668460933914736575353792636055752251780277989982624268939247965316352032902605804190037285301907091865443511872780909337358499977323070554945362491120558481062474374010441479208921758922607624477388728235833881085870080.000000
115,0.694944,0.410575,767217925266335522519883445024076189285011550871142232477027495248711373983247735610388702049736613087710340681310587522844892777576906362265240880995955409648802515137759691563363653616862712159688752916061815970988032.000000,2183939385730308635208420668460933914736575353792636055752251780277989982624268939247965316352032902605804190037285301907091865443511872780909337358499977323070554945362491120558481062474374010441479208921758922607624477388728235833881085870080.000000
116,0.700506,0.412951,767217925266335522519883445024076189285011550871142232477027495248711373983247735610388702049736613087710340681310587522844892777576906362265240880995955409648802515137759691563363653616862712159688752916061815970988032.000000,2183939385730308635208420668460933914736575353792636055752251780277989982624268939247965316352032902605804190037285301907091865443511872780909337358499977323070554945362491120558481062474374010441479208921758922607624477388728235833881085870080.000000
117,0.706056,0.415298,767217925266335522519883445024076189285011550871142232477027495248711373983247735610388702049736613087710340681310587522844892777576906362265240880995955409648802515137759691563363653616862712159688752916061815970988032.000000,2183939385730308635208420668460933914736575353792636055752251780277989982624268939247965316352032902605804190037285301907091865443511872780909337358499977323070554945362491120558481062474374010441479208921758922607624477388728235833881085870080.000000
118,0.711593,0.417616,767217925266335522519883445024076189285011550871142232477027495248711373983247735610388702049736613087710340681310587522844892777576906362265240880995955409648802515137759691563363653616862712159688752916061815970988032.000000,2183939385730308635208420668460933914736575353792636055752251780277989982624268939247965316352032902605804190037285301907091865443511872780909337358499977323070554945362491120558481062474374010441479208921758922607624477388728235833881085870080.000000
119,0.717118,0.419905,767217925266335522519883445024076189285011550871142232477027495248711373983247735610388702049736613087710340681310587522844892777576906362265240880995955409648802515137759691563363653616862712159688752916061815970988032.000000,2183939385730308635208420668460933914736575353792636055752251780277989982624268939247965316352032902605804190037285301907091865443511872780909337358499977323070554945362491120558481062474374010441479208921758922607624477388728235833881085870080.000000
120,0.722631,0.422164,767217925266335522519883445024076189285011550871142232477027495248711373983247735610388702049736613087710340681310587522844892777576906362265240880995955409648802515137759691563363653616862712159688752916061815970988032.000000,2183939385730308635208420668460933914736575353792636055752251780277989982624268939247965316352032902605804190037285301907091865443511872780909337358499977323070554945362491120558481062474374010441479208921758922607624477388728235833881085870080.000000
121,0.728130,0.424394,767217925266335522519883445024076189285011550871142232477027495248711373983247735610388702049736613087710340681310587522844892777576906362265240880995955409648802515137759691563363653616862712159688752916061815970988032.000000,2183939385730308635208420668460933914736575353792636055752251780277989982624268939247965316352032902605804190037285301907091865443511872780909337358499977323070554945362491120558481062474374010441479208921758922607624477388728235833881085870080.000000
122,0.733617,0.426593,767217925266335522519883445024076189285011550871142232477027495248711373983247735610388702049736613087710340681310587522844892777576906362265240880995955409648802515137759691563363653616862712159688752916061815970988032.000000,2183939385730308635208420668460933914736575353792636055752251780277989982624268939247965316352032902605804190037285301907091865443511872780909337358499977323070554945362491120558481062474374010441479208921758922607624477388728235833881085870080.000000
123,0.739091,0.428763,767217925266335522519883445024076189285011550871142232477027495248711373983247735610388702049736613087710340681310587522844892777576906362265240880995955409648802515137759691563363653616862712159688752916061815970988032.000000,2183939385730308635208420668460933914736575353792636055752251780277989982624268939247965316352032902605804190037285301907091865443511872780909337358499977323070554945362491120558481062474374010441479208921758922607624477388728235833881085870080.000000
124,0.744552,0.430903,767217925266335522519883445024076189285011550871142232477027495248711373983247735610388702049736613087710340681310587522844892777576906362265240880995955409648802515137759691563363653616862712159688752916061815970988032.000000,2183939385730308635208420668460933914736575353792636055752251780277989982624268939247965316352032902605804190037285301907091865443511872780909337358499977323070554945362491120558481062474374010441479208921758922607624477388728235833881085870080.000000
125,0.750000,0.433013,767217925266335522519883445024076189285011550871142232477027495248711373983247735610388702049736613087710340681310587522844892777576906362265240880995955409648802515137759691563363653616862712159688752916061815970988032.000000,2183939385730308635208420668460933914736575353792636055752251780277989982624268939247965316352032902605804190037285301907091865443511872780909337358499977323070554945362491120558481062474374010441479208921758922607624477388728235833881085870080.000000
126,0.755435,0.435092,767217925266335522519883445024076189285011550871142232477027495248711373983247735610388702049736613087710340681310587522844892777576906362265240880995955409648802515137759691563363653616862712159688752916061815970988032.000000,2183939385730308635208420668460933914736575353792636055752251780277989982624268939247965316352032902605804190037285301907091865443511872780909337358499977323070554945362491120558481062474374010441479208921758922607624477388728235833881085870080.000000
127,0.760856,0.437141,767217925266335522519883445024076189285011550871142232477027495248711373983247735610388702049736613087710340681310587522844892777576906362265240880995955409648802515137759691563363653616862712159688752916061815970988032.000000,2183939385730308635208420668460933914736575353792636055752251780277989982624268939247965316352032902605804190037285301907091865443511872780909337358499977323070554945362491120558481062474374010441479208921758922607624477388728235833881085870080.000000
128,0.766265,0.439158,767217925266335522519883445024076189285011550871142232477027495248711373983247735610388702049736613087710340681310587522844892777576906362265240880995955409648802515137759691563363653616862712159688752916061815970988032.000000,2183939385730308635208420668460933914736575353792636055752251780277989982624268939247965316352032902605804190037285301907091865443511872780909337358499977323070554945362491120558481062474374010441479208921758922607624477388728235833881085870080.000000
129,0.771659,0.441146,767217925266335522519883445024076189285011550871142232477027495248711373983247735610388702049736613087710340681310587522844892777576906362265240880995955409648802515137759691563363653616862712159688752916061815970988032.000000,2183939385730308635208420668460933914736575353792636055752251780277989982624268939247965316352032902605804190037285301907091865443511872780909337358499977323070554945362491120558481062474374010441479208921758922607624477388728235833881085870080.000000
130,0.777041,0.443102,767217925266335522519883445024076189285011550871142232477027495248711373983247735610388702049736613087710340681310587522844892777576906362265240880995955409648802515137759691563363653616862712159688752916061815970988032.000000,2183939385730308635208420668460933914736575353792636055752251780277989982624268939247965316352032902605804190037285301907091865443511872780909337358499977323070554945362491120558481062474374010441479208921758922607624477388728235833881085870080.000000
131,0.782408,0.445027,767217925266335522519883445024076189285011550871142232477027495248711373983247735610388702049736613087710340681310587522844892777576906362265240880995955409648802515137759691563363653616862712159688752916061815970988032.000000,2183939385730308635208420668460933914736575353792636055752251780277989982624268939247965316352032902605804190037285301907091865443511872780909337358499977323070554945362491120558481062474374010441479208921758922607624477388728235833881085870080.000000
132,0.787762,0.446921,767217925266335522519883445024076189285011550871142232477027495248711373983247735610388702049736613087710340681310587522844892777576906362265240880995955409648802515137759691563363653616862712159688752916061815970988032.000000,2183939385730308635208420668460933914736575353792636055752251780277989982624268939247965316352032902605804190037285301907091865443511872780909337358499977323070554945362491120558481062474374010441479208921758922607624477388728235833881085870080.000000
133,0.793102,0.448783,767217925266335522519883445024076189285011550871142232477027495248711373983247735610388702049736613087710340681310587522844892777576906362265240880995955409648802515137759691563363653616862712159688752916061815970988032.000000,2183939385730308635208420668460933914736575353792636055752251780277989982624268939247965316352032902605804190037285301907091865443511872780909337358499977323070554945362491120558481062474374010441479208921758922607624477388728235833881085870080.000000
134,0.798428,0.450614,767217925266335522519883445024076189285011550871142232477027495248711373983247735610388702049736613087710340681310587522844892777576906362265240880995955409648802515137759691563363653616862712159688752916061815970988032.000000,2183939385730308635208420668460933914736575353792636055752251780277989982624268939247965316352032902605804190037285301907091865443511872780909337358499977323070554945362491120558481062474374010441479208921758922607624477388728235833881085870080.000000
135,0.803740,0.452414,767217925266335522519883445024076189285011550871142232477027495248711373983247735610388702049736613087710340681310587522844892777576906362265240880995955409648802515137759691563363653616862712159688752916061815970988032.000000,2183939385730308635208420668460933914736575353792636055752251780277989982624268939247965316352032902605804190037285301907091865443511872780909337358499977323070554945362491120558481062474374010441479208921758922607624477388728235833881085870080.000000
136,0.809038,0.454181,767217925266335522519883445024076189285011550871142232477027495248711373983247735610388702049736613087710340681310587522844892777576906362265240880995955409648802515137759691563363653616862712159688752916061815970988032.000000,2183939385730308635208420668460933914736575353792636055752251780277989982624268939247965316352032902605804190037285301907091865443511872780909337358499977323070554945362491120558481062474374010441479208921758922607624477388728235833881085870080.000000
137,0.814322,0.455917,767217925266335522519883445024076189285011550871142232477027495248711373983247735610388702049736613087710340681310587522844892777576906362265240880995955409648802515137759691563363653616862712159688752916061815970988032.000000,2183939385730308635208420668460933914736575353792636055752251780277989982624268939247965316352032902605804190037285301907091865443511872780909337358499977323070554945362491120558481062474374010441479208921758922607624477388728235833881085870080.000000
138,0.819592,0.457621,767217925266335522519883445024076189285011550871142232477027495248711373983247735610388702049736613087710340681310587522844892777576906362265240880995955409648802515137759691563363653616862712159688752916061815970988032.000000,2183939385730308635208420668460933914736575353792636055752251780277989982624268939247965316352032902605804190037285301907091865443511872780909337358499977323070554945362491120558481062474374010441479208921758922607624477388728235833881085870080.000000
139,0.824847,0.459292,767217925266335522519883445024076189285011550871142232477027495248711373983247735610388702049736613087710340681310587522844892777576906362265240880995955409648802515137759691563363653616862712159688752916061815970988032.000000,2183939385730308635208420668460933914736575353792636055752251780277989982624268939247965316352032902605804190037285301907091865443511872780909337358499977323070554945362491120558481062474374010441479208921758922607624477388728235833881085870080.000000
140,0.830087,0.460932,767217925266335522519883445024076189285011550871142232477027495248711373983247735610388702049736613087710340681310587522844892777576906362265240880995955409648802515137759691563363653616862712159688752916061815970988032.000000,2183939385730308635208420668460933914736575353792636055752251780277989982624268939247965316352032902605804190037285301907091865443511872780909337358499977323070554945362491120558481062474374010441479208921758922607624477388728235833881085870080.000000
141,0.835313,0.462539,767217925266335522519883445024076189285011550871142232477027495248711373983247735610388702049736613087710340681310587522844892777576906362265240880995955409648802515137759691563363653616862712159688752916061815970988032.000000,2183939385730308635208420668460933914736575353792636055752251780277989982624268939247965316352032902605804190037285301907091865443511872780909337358499977323070554945362491120558481062474374010441479208921758922607624477388728235833881085870080.000000
142,0.840525,0.464113,767217925266335522519883445024076189285011550871142232477027495248711373983247735610388702049736613087710340681310587522844892777576906362265240880995955409648802515137759691563363653616862712159688752916061815970988032.000000,2183939385730308635208420668460933914736575353792636055752251780277989982624268939247965316352032902605804190037285301907091865443511872780909337358499977323070554945362491120558481062474374010441479208921758922607624477388728235833881085870080.000000
143,0.845722,0.465655,767217925266335522519883445024076189285011550871142232477027495248711373983247735610388702049736613087710340681310587522844892777576906362265240880995955409648802515137759691563363653616862712159688752916061815970988032.000000,2183939385730308635208420668460933914736575353792636055752251780277989982624268939247965316352032902605804190037285301907091865443511872780909337358499977323070554945362491120558481062474374010441479208921758922607624477388728235833881085870080.000000
144,0.850903,0.467164,767217925266335522519883445024076189285011550871142232477027495248711373983247735610388702049736613087710340681310587522844892777576906362265240880995955409648802515137759691563363653616862712159688752916061815970988032.000000,2183939385730308635208420668460933914736575353792636055752251780277989982624268939247965316352032902605804190037285301907091865443511872780909337358499977323070554945362491120558481062474374010441479208921758922607624477388728235833881085870080.000000
145,0.856070,0.468641,767217925266335522519883445024076189285011550871142232477027495248711373983247735610388702049736613087710340681310587522844892777576906362265240880995955409648802515137759691563363653616862712159688752916061815970988032.000000,2183939385730308635208420668460933914736575353792636055752251780277989982624268939247965316352032902605804190037285301907091865443511872780909337358499977323070554945362491120558481062474374010441479208921758922607624477388728235833881085870080.000000
146,0.861222,0.470085,767217925266335522519883445024076189285011550871142232477027495248711373983247735610388702049736613087710340681310587522844892777576906362265240880995955409648802515137759691563363653616862712159688752916061815970988032.000000,2183939385730308635208420668460933914736575353792636055752251780277989982624268939247965316352032902605804190037285301907091865443511872780909337358499977323070554945362491120558481062474374010441479208921758922607624477388728235833881085870080.000000
147,0.866359,0.471495,767217925266335522519883445024076189285011550871142232477027495248711373983247735610388702049736613087710340681310587522844892777576906362265240880995955409648802515137759691563363653616862712159688752916061815970988032.000000,2183939385730308635208420668460933914736575353792636055752251780277989982624268939247965316352032902605804190037285301907091865443511872780909337358499977323070554945362491120558481062474374010441479208921758922607624477388728235833881085870080.000000
148,0.871481,0.472873,767217925266335522519883445024076189285011550871142232477027495248711373983247735610388702049736613087710340681310587522844892777576906362265240880995955409648802515137759691563363653616862712159688752916061815970988032.000000,2183939385730308635208420668460933914736575353792636055752251780277989982624268939247965316352032902605804190037285301907091865443511872780909337358499977323070554945362491120558481062474374010441479208921758922607624477388728235833881085870080.000000
149,0.876587,0.474217,767217925266335522519883445024076189285011550871142232477027495248711373983247735610388702049736613087710340681310587522844892777576906362265240880995955409648802515137759691563363653616862712159688752916061815970988032.000000,2183939385730308635208420668460933914736575353792636055752251780277989982624268939247965316352032902605804190037285301907091865443511872780909337358499977323070554945362491120558481062474374010441479208921758922607624477388728235833881085870080.000000
150,0.881678,0.475528,767217925266335522519883445024076189285011550871142232477027495248711373983247735610388702049736613087710340681310587522844892777576906362265240880995955409648802515137759691563363653616862712159688752916061815970988032.000000,2183939385730308635208420668460933914736575353792636055752251780277989982624268939247965316352032902605804190037285301907091865443511872780909337358499977323070554945362491120558481062474374010441479208921758922607624477388728235833881085870080.000000
151,0.886753,0.476806,767217925266335522519883445024076189285011550871142232477027495248711373983247735610388702049736613087710340681310587522844892777576906362265240880995955409648802515137759691563363653616862712159688752916061815970988032.000000,2183939385730308635208420668460933914736575353792636055752251780277989982624268939247965316352032902605804190037285301907091865443511872780909337358499977323070554945362491120558481062474374010441479208921758922607624477388728235833881085870080.000000
152,0.891813,0.478050,767217925266335522519883445024076189285011550871142232477027495248711373983247735610388702049736613087710340681310587522844892777576906362265240880995955409648802515137759691563363653616862712159688752916061815970988032.000000,2183939385730308635208420668460933914736575353792636055752251780277989982624268939247965316352032902605804190037285301907091865443511872780909337358499977323070554945362491120558481062474374010441479208921758922607624477388728235833881085870080.000000
153,0.896857,0.479261,767217925266335522519883445024076189285011550871142232477027495248711373983247735610388702049736613087710340681310587522844892777576906362265240880995955409648802515137759691563363653616862712159688752916061815970988032.000000,2183939385730308635208420668460933914736575353792636055752251780277989982624268939247965316352032902605804190037285301907091865443511872780909337358499977323070554945362491120558481062474374010441479208921758922607624477388728235833881085870080.000000
154,0.901886,0.480438,767217925266335522519883445024076189285011550871142232477027495248711373983247735610388702049736613087710340681310587522844892777576906362265240880995955409648802515137759691563363653616862712159688752916061815970988032.000000,2183939385730308635208420668460933914736575353792636055752251780277989982624268939247965316352032902605804190037285301907091865443511872780909337358499977323070554945362491120558481062474374010441479208921758922607624477388728235833881085870080.000000
155,0.906899,0.481581,767217925266335522519883445024076189285011550871142232477027495248711373983247735610388702049736613087710340681310587522844892777576906362265240880995955409648802515137759691563363653616862712159688752916061815970988032.000000,2183939385730308635208420668460933914736575353792636055752251780277989982624268939247965316352032902605804190037285301907091865443511872780909337358499977323070554945362491120558481062474374010441479208921758922607624477388728235833881085870080.000000
156,0.911895,0.482691,767217925266335522519883445024076189285011550871142232477027495248711373983247735610388702049736613087710340681310587522844892777576906362265240880995955409648802515137759691563363653616862712159688752916061815970988032.000000,2183939385730308635208420668460933914736575353792636055752251780277989982624268939247965316352032902605804190037285301907091865443511872780909337358499977323070554945362491120558481062474374010441479208921758922607624477388728235833881085870080.000000
157,0.916876,0.483766,767217925266335522519883445024076189285011550871142232477027495248711373983247735610388702049736613087710340681310587522844892777576906362265240880995955409648802515137759691563363653616862712159688752916061815970988032.000000,2183939385730308635208420668460933914736575353792636055752251780277989982624268939247965316352032902605804190037285301907091865443511872780909337358499977323070554945362491120558481062474374010441479208921758922607624477388728235833881085870080.000000
158,0.921841,0.484808,767217925266335522519883445024076189285011550871142232477027495248711373983247735610388702049736613087710340681310587522844892777576906362265240880995955409648802515137759691563363653616862712159688752916061815970988032.000000,2183939385730308635208420668460933914736575353792636055752251780277989982624268939247965316352032902605804190037285301907091865443511872780909337358499977323070554945362491120558481062474374010441479208921758922607624477388728235833881085870080.000000
159,0.926789,0.485816,767217925266335522519883445024076189285011550871142232477027495248711373983247735610388702049736613087710340681310587522844892777576906362265240880995955409648802515137759691563363653616862712159688752916061815970988032.000000,2183939385730308635208420668460933914736575353792636055752251780277989982624268939247965316352032902605804190037285301907091865443511872780909337358499977323070554945362491120558481062474374010441479208921758922607624477388728235833881085870080.000000
160,0.931722,0.486789,767217925266335522519883445024076189285011550871142232477027495248711373983247735610388702049736613087710340681310587522844892777576906362265240880995955409648802515137759691563363653616862712159688752916061815970988032.000000,2183939385730308635208420668460933914736575353792636055752251780277989982624268939247965316352032902605804190037285301907091865443511872780909337358499977323070554945362491120558481062474374010441479208921758922607624477388728235833881085870080.000000
161,0.936638,0.487729,767217925266335522519883445024076189285011550871142232477027495248711373983247735610388702049736613087710340681310587522844892777576906362265240880995955409648802515137759691563363653616862712159688752916061815970988032.000000,2183939385730308635208420668460933914736575353792636055752251780277989982624268939247965316352032902605804190037285301907091865443511872780909337358499977323070554945362491120558481062474374010441479208921758922607624477388728235833881085870080.000000
162,0.941537,0.488634,767217925266335522519883445024076189285011550871142232477027495248711373983247735610388702049736613087710340681310587522844892777576906362265240880995955409648802515137759691563363653616862712159688752916061815970988032.000000,2183939385730308635208420668460933914736575353792636055752251780277989982624268939247965316352032902605804190037285301907091865443511872780909337358499977323070554945362491120558481062474374010441479208921758922607624477388728235833881085870080.000000
163,0.946420,0.489505,767217925266335522519883445024076189285011550871142232477027495248711373983247735610388702049736613087710340681310587522844892777576906362265240880995955409648802515137759691563363653616862712159688752916061815970988032.000000,2183939385730308635208420668460933914736575353792636055752251780277989982624268939247965316352032902605804190037285301907091865443511872780909337358499977323070554945362491120558481062474374010441479208921758922607624477388728235833881085870080.000000
164,0.951286,0.490341,767217925266335522519883445024076189285011550871142232477027495248711373983247735610388702049736613087710340681310587522844892777576906362265240880995955409648802515137759691563363653616862712159688752916061815970988032.000000,2183939385730308635208420668460933914736575353792636055752251780277989982624268939247965316352032902605804190037285301907091865443511872780909337358499977323070554945362491120558481062474374010441479208921758922607624477388728235833881085870080.000000
165,0.956136,0.491144,767217925266335522519883445024076189285011550871142232477027495248711373983247735610388702049736613087710340681310587522844892777576906362265240880995955409648802515137759691563363653616862712159688752916061815970988032.000000,2183939385730308635208420668460933914736575353792636055752251780277989982624268939247965316352032902605804190037285301907091865443511872780909337358499977323070554945362491120558481062474374010441479208921758922607624477388728235833881085870080.000000
166,0.960969,0.491911,767217925266335522519883445024076189285011550871142232477027495248711373983247735610388702049736613087710340681310587522844892777576906362265240880995955409648802515137759691563363653616862712159688752916061815970988032.000000,2183939385730308635208420668460933914736575353792636055752251780277989982624268939247965316352032902605804190037285301907091865443511872780909337358499977323070554945362491120558481062474374010441479208921758922607624477388728235833881085870080.000000
167,0.965785,0.492644,767217925266335522519883445024076189285011550871142232477027495248711373983247735610388702049736613087710340681310587522844892777576906362265240880995955409648802515137759691563363653616862712159688752916061815970988032.000000,2183939385730308635208420668460933914736575353792636055752251780277989982624268939247965316352032902605804190037285301907091865443511872780909337358499977323070554945362491120558481062474374010441479208921758922607624477388728235833881085870080.000000
168,0.970584,0.493343,767217925266335522519883445024076189285011550871142232477027495248711373983247735610388702049736613087710340681310587522844892777576906362265240880995955409648802515137759691563363653616862712159688752916061815970988032.000000,2183939385730308635208420668460933914736575353792636055752251780277989982624268939247965316352032902605804190037285301907091865443511872780909337358499977323070554945362491120558481062474374010441479208921758922607624477388728235833881085870080.000000
169,0.975366,0.494007,767217925266335522519883445024076189285011550871142232477027495248711373983247735610388702049736613087710340681310587522844892777576906362265240880995955409648802515137759691563363653616862712159688752916061815970988032.000000,2183939385730308635208420668460933914736575353792636055752251780277989982624268939247965316352032902605804190037285301907091865443511872780909337358499977323070554945362491120558481062474374010441479208921758922607624477388728235833881085870080.000000
170,0.980131,0.494636,767217925266335522519883445024076189285011550871142232477027495248711373983247735610388702049736613087710340681310587522844892777576906362265240880995955409648802515137759691563363653616862712159688752916061815970988032.000000,2183939385730308635208420668460933914736575353792636055752251780277989982624268939247965316352032902605804190037285301907091865443511872780909337358499977323070554945362491120558481062474374010441479208921758922607624477388728235833881085870080.000000
171,0.984879,0.495231,767217925266335522519883445024076189285011550871142232477027495248711373983247735610388702049736613087710340681310587522844892777576906362265240880995955409648802515137759691563363653616862712159688752916061815970988032.000000,2183939385730308635208420668460933914736575353792636055752251780277989982624268939247965316352032902605804190037285301907091865443511872780909337358499977323070554945362491120558481062474374010441479208921758922607624477388728235833881085870080.000000
172,0.989609,0.495791,767217925266335522519883445024076189285011550871142232477027495248711373983247735610388702049736613087710340681310587522844892777576906362265240880995955409648802515137759691563363653616862712159688752916061815970988032.000000,2183939385730308635208420668460933914736575353792636055752251780277989982624268939247965316352032902605804190037285301907091865443511872780909337358499977323070554945362491120558481062474374010441479208921758922607624477388728235833881085870080.000000
173,0.994322,0.496315,767217925266335522519883445024076189285011550871142232477027495248711373983247735610388702049736613087710340681310587522844892777576906362265240880995955409648802515137759691563363653616862712159688752916061815970988032.000000,2183939385730308635208420668460933914736575353792636055752251780277989982624268939247965316352032902605804190037285301907091865443511872780909337358499977323070554945362491120558481062474374010441479208921758922607624477388728235833881085870080.000000
174,0.999018,0.496806,767217925266335522519883445024076189285011550871142232477027495248711373983247735610388702049736613087710340681310587522844892777576906362265240880995955409648802515137759691563363653616862712159688752916061815970988032.000000,2183939385730308635208420668460933914736575353792636055752251780277989982624268939247965316352032902605804190037285301907091865443511872780909337358499977323070554945362491120558481062474374010441479208921758922607624477388728235833881085870080.000000
175,1.003696,0.497261,767217925266335522519883445024076189285011550871142232477027495248711373983247735610388702049736613087710340681310587522844892777576906362265240880995955409648802515137759691563363653616862712159688752916061815970988032.000000,2183939385730308635208420668460933914736575353792636055752251780277989982624268939247965316352032902605804190037285301907091865443511872780909337358499977323070554945362491120558481062474374010441479208921758922607624477388728235833881085870080.000000
176,1.008356,0.497681,767217925266335522519883445024076189285011550871142232477027495248711373983247735610388702049736613087710340681310587522844892777576906362265240880995955409648802515137759691563363653616862712159688752916061815970988032.000000,2183939385730308635208420668460933914736575353792636055752251780277989982624268939247965316352032902605804190037285301907091865443511872780909337358499977323070554945362491120558481062474374010441479208921758922607624477388728235833881085870080.000000
177,1.012999,0.498067,767217925266335522519883445024076189285011550871142232477027495248711373983247735610388702049736613087710340681310587522844892777576906362265240880995955409648802515137759691563363653616862712159688752916061815970988032.000000,2183939385730308635208420668460933914736575353792636055752251780277989982624268939247965316352032902605804190037285301907091865443511872780909337358499977323070554945362491120558481062474374010441479208921758922607624477388728235833881085870080.000000
178,1.017624,0.498417,767217925266335522519883445024076189285011550871142232477027495248711373983247735610388702049736613087710340681310587522844892777576906362265240880995955409648802515137759691563363653616862712159688752916061815970988032.000000,2183939385730308635208420668460933914736575353792636055752251780277989982624268939247965316352032902605804190037285301907091865443511872780909337358499977323070554945362491120558481062474374010441479208921758922607624477388728235833881085870080.000000
179,1.022231,0.498733,767217925266335522519883445024076189285011550871142232477027495248711373983247735610388702049736613087710340681310587522844892777576906362265240880995955409648802515137759691563363653616862712159688752916061815970988032.000000,2183939385730308635208420668460933914736575353792636055752251780277989982624268939247965316352032902605804190037285301907091865443511872780909337358499977323070554945362491120558481062474374010441479208921758922607624477388728235833881085870080.000000
180,1.026821,0.499013,767217925266335522519883445024076189285011550871142232477027495248711373983247735610388702049736613087710340681310587522844892777576906362265240880995955409648802515137759691563363653616862712159688752916061815970988032.000000,2183939385730308635208420668460933914736575353792636055752251780277989982624268939247965316352032902605804190037285301907091865443511872780909337358499977323070554945362491120558481062474374010441479208921758922607624477388728235833881085870080.000000
181,1.031392,0.499259,767217925266335522519883445024076189285011550871142232477027495248711373983247735610388702049736613087710340681310587522844892777576906362265240880995955409648802515137759691563363653616862712159688752916061815970988032.000000,2183939385730308635208420668460933914736575353792636055752251780277989982624268939247965316352032902605804190037285301907091865443511872780909337358499977323070554945362491120558481062474374010441479208921758922607624477388728235833881085870080.000000
182,1.035945,0.499469,767217925266335522519883445024076189285011550871142232477027495248711373983247735610388702049736613087710340681310587522844892777576906362265240880995955409648802515137759691563363653616862712159688752916061815970988032.000000,2183939385730308635208420668460933914736575353792636055752251780277989982624268939247965316352032902605804190037285301907091865443511872780909337358499977323070554945362491120558481062474374010441479208921758922607624477388728235833881085870080.000000
183,1.040480,0.499645,767217925266335522519883445024076189285011550871142232477027495248711373983247735610388702049736613087710340681310587522844892777576906362265240880995955409648802515137759691563363653616862712159688752916061815970988032.000000,2183939385730308635208420668460933914736575353792636055752251780277989982624268939247965316352032902605804190037285301907091865443511872780909337358499977323070554945362491120558481062474374010441479208921758922607624477388728235833881085870080.000000
184,1.044997,0.499785,767217925266335522519883445024076189285011550871142232477027495248711373983247735610388702049736613087710340681310587522844892777576906362265240880995955409648802515137759691563363653616862712159688752916061815970988032.000000,2183939385730308635208420668460933914736575353792636055752251780277989982624268939247965316352032902605804190037285301907091865443511872780909337358499977323070554945362491120558481062474374010441479208921758922607624477388728235833881085870080.000000
185,1.049495,0.499890,767217925266335522519883445024076189285011550871142232477027495248711373983247735610388702049736613087710340681310587522844892777576906362265240880995955409648802515137759691563363653616862712159688752916061815970988032.000000,2183939385730308635208420668460933914736575353792636055752251780277989982624268939247965316352032902605804190037285301907091865443511872780909337358499977323070554945362491120558481062474374010441479208921758922607624477388728235833881085870080.000000
186,1.053975,0.499961,767217925266335522519883445024076189285011550871142232477027495248711373983247735610388702049736613087710340681310587522844892777576906362265240880995955409648802515137759691563363653616862712159688752916061815970988032.000000,2183939385730308635208420668460933914736575353792636055752251780277989982624268939247965316352032902605804190037285301907091865443511872780909337358499977323070554945362491120558481062474374010441479208921758922607624477388728235833881085870080.000000
187,1.058436,0.499996,767217925266335522519883445024076189285011550871142232477027495248711373983247735610388702049736613087710340681310587522844892777576906362265240880995955409648802515137759691563363653616862712159688752916061815970988032.000000,2183939385730308635208420668460933914736575353792636055752251780277989982624268939247965316352032902605804190037285301907091865443511872780909337358499977323070554945362491120558481062474374010441479208921758922607624477388728235833881085870080.000000
188,1.062879,0.499996,767217925266335522519883445024076189285011550871142232477027495248711373983247735610388702049736613087710340681310587522844892777576906362265240880995955409648802515137759691563363653616862712159688752916061815970988032.000000,2183939385730308635208420668460933914736575353792636055752251780277989982624268939247965316352032902605804190037285301907091865443511872780909337358499977323070554945362491120558481062474374010441479208921758922607624477388728235833881085870080.000000
189,1.067304,0.499961,767217925266335522519883445024076189285011550871142232477027495248711373983247735610388702049736613087710340681310587522844892777576906362265240880995955409648802515137759691563363653616862712159688752916061815970988032.000000,2183939385730308635208420668460933914736575353792636055752251780277989982624268939247965316352032902605804190037285301907091865443511872780909337358499977323070554945362491120558481062474374010441479208921758922607624477388728235833881085870080.000000
190,1.071709,0.499890,767217925266335522519883445024076189285011550871142232477027495248711373983247735610388702049736613087710340681310587522844892777576906362265240880995955409648802515137759691563363653616862712159688752916061815970988032.000000,2183939385730308635208420668460933914736575353792636055752251780277989982624268939247965316352032902605804190037285301907091865443511872780909337358499977323070554945362491120558481062474374010441479208921758922607624477388728235833881085870080.000000
191,1.076096,0.499785,767217925266335522519883445024076189285011550871142232477027495248711373983247735610388702049736613087710340681310587522844892777576906362265240880995955409648802515137759691563363653616862712159688752916061815970988032.000000,2183939385730308635208420668460933914736575353792636055752251780277989982624268939247965316352032902605804190037285301907091865443511872780909337358499977323070554945362491120558481062474374010441479208921758922607624477388728235833881085870080.000000
192,1.080464,0.499645,767217925266335522519883445024076189285011550871142232477027495248711373983247735610388702049736613087710340681310587522844892777576906362265240880995955409648802515137759691563363653616862712159688752916061815970988032.000000,2183939385730308635208420668460933914736575353792636055752251780277989982624268939247965316352032902605804190037285301907091865443511872780909337358499977323070554945362491120558481062474374010441479208921758922607624477388728235833881085870080.000000
193,1.084812,0.499469,767217925266335522519883445024076189285011550871142232477027495248711373983247735610388702049736613087710340681310587522844892777576906362265240880995955409648802515137759691563363653616862712159688752916061815970988032.000000,2183939385730308635208420668460933914736575353792636055752251780277989982624268939247965316352032902605804190037285301907091865443511872780909337358499977323070554945362491120558481062474374010441479208921758922607624477388728235833881085870080.000000
194,1.089142,0.499259,767217925266335522519883445024076189285011550871142232477027495248711373983247735610388702049736613087710340681310587522844892777576906362265240880995955409648802515137759691563363653616862712159688752916061815970988032.000000,2183939385730308635208420668460933914736575353792636055752251780277989982624268939247965316352032902605804190037285301907091865443511872780909337358499977323070554945362491120558481062474374010441479208921758922607624477388728235833881085870080.000000
195,1.093453,0.499013,767217925266335522519883445024076189285011550871142232477027495248711373983247735610388702049736613087710340681310587522844892777576906362265240880995955409648802515137759691563363653616862712159688752916061815970988032.000000,2183939385730308635208420668460933914736575353792636055752251780277989982624268939247965316352032902605804190037285301907091865443511872780909337358499977323070554945362491120558481062474374010441479208921758922607624477388728235833881085870080.000000
196,1.097744,0.498733,767217925266335522519883445024076189285011550871142232477027495248711373983247735610388702049736613087710340681310587522844892777576906362265240880995955409648802515137759691563363653616862712159688752916061815970988032.000000,2183939385730308635208420668460933914736575353792636055752251780277989982624268939247965316352032902605804190037285301907091865443511872780909337358499977323070554945362491120558481062474374010441479208921758922607624477388728235833881085870080.000000
197,1.102017,0.498417,767217925266335522519883445024076189285011550871142232477027495248711373983247735610388702049736613087710340681310587522844892777576906362265240880995955409648802515137759691563363653616862712159688752916061815970988032.000000,2183939385730308635208420668460933914736575353792636055752251780277989982624268939247965316352032902605804190037285301907091865443511872780909337358499977323070554945362491120558481062474374010441479208921758922607624477388728235833881085870080.000000
198,1.106270,0.498067,767217925266335522519883445024076189285011550871142232477027495248711373983247735610388702049736613087710340681310587522844892777576906362265240880995955409648802515137759691563363653616862712159688752916061815970988032.000000,2183939385730308635208420668460933914736575353792636055752251780277989982624268939247965316352032902605804190037285301907091865443511872780909337358499977323070554945362491120558481062474374010441479208921758922607624477388728235833881085870080.000000
199,1.110503,0.497681,767217925266335522519883445024076189285011550871142232477027495248711373983247735610388702049736613087710340681310587522844892777576906362265240880995955409648802515137759691563363653616862712159688752916061815970988032.000000,2183939385730308635208420668460933914736575353792636055752251780277989982624268939247965316352032902605804190037285301907091865443511872780909337358499977323070554945362491120558481062474374010441479208921758922607624477388728235833881085870080.000000
200,1.114717,0.497261,767217925266335522519883445024076189285011550871142232477027495248711373983247735610388702049736613087710340681310587522844892777576906362265240880995955409648802515137759691563363653616862712159688752916061815970988032.000000,2183939385730308635208420668460933914736575353792636055752251780277989982624268939247965316352032902605804190037285301907091865443511872780909337358499977323070554945362491120558481062474374010441479208921758922607624477388728235833881085870080.000000
201,1.118912,0.496806,767217925266335522519883445024076189285011550871142232477027495248711373983247735610388702049736613087710340681310587522844892777576906362265240880995955409648802515137759691563363653616862712159688752916061815970988032.000000,2183939385730308635208420668460933914736575353792636055752251780277989982624268939247965316352032902605804190037285301907091865443511872780909337358499977323070554945362491120558481062474374010441479208921758922607624477388728235833881085870080.000000
202,1.123087,0.496315,767217925266335522519883445024076189285011550871142232477027495248711373983247735610388702049736613087710340681310587522844892777576906362265240880995955409648802515137759691563363653616862712159688752916061815970988032.000000,2183939385730308635208420668460933914736575353792636055752251780277989982624268939247965316352032902605804190037285301907091865443511872780909337358499977323070554945362491120558481062474374010441479208921758922607624477388728235833881085870080.000000
203,1.127242,0.495791,767217925266335522519883445024076189285011550871142232477027495248711373983247735610388702049736613087710340681310587522844892777576906362265240880995955409648802515137759691563363653616862712159688752916061815970988032.000000,2183939385730308635208420668460933914736575353792636055752251780277989982624268939247965316352032902605804190037285301907091865443511872780909337358499977323070554945362491120558481062474374010441479208921758922607624477388728235833881085870080.000000
204,1.131377,0.495231,767217925266335522519883445024076189285011550871142232477027495248711373983247735610388702049736613087710340681310587522844892777576906362265240880995955409648802515137759691563363653616862712159688752916061815970988032.000000,2183939385730308635208420668460933914736575353792636055752251780277989982624268939247965316352032902605804190037285301907091865443511872780909337358499977323070554945362491120558481062474374010441479208921758922607624477388728235833881085870080.000000
205,1.135493,0.494636,767217925266335522519883445024076189285011550871142232477027495248711373983247735610388702049736613087710340681310587522844892777576906362265240880995955409648802515137759691563363653616862712159688752916061815970988032.000000,2183939385730308635208420668460933914736575353792636055752251780277989982624268939247965316352032902605804190037285301907091865443511872780909337358499977323070554945362491120558481062474374010441479208921758922607624477388728235833881085870080.000000
206,1.139588,0.494007,767217925266335522519883445024076189285011550871142232477027495248711373983247735610388702049736613087710340681310587522844892777576906362265240880995955409648802515137759691563363653616862712159688752916061815970988032.000000,2183939385730308635208420668460933914736575353792636055752251780277989982624268939247965316352032902605804190037285301907091865443511872780909337358499977323070554945362491120558481062474374010441479208921758922607624477388728235833881085870080.000000
207,1.143664,0.493343,767217925266335522519883445024076189285011550871142232477027495248711373983247735610388702049736613087710340681310587522844892777576906362265240880995955409648802515137759691563363653616862712159688752916061815970988032.000000,2183939385730308635208420668460933914736575353792636055752251780277989982624268939247965316352032902605804190037285301907091865443511872780909337358499977323070554945362491120558481062474374010441479208921758922607624477388728235833881085870080.000000
208,1.147719,0.492644,767217925266335522519883445024076189285011550871142232477027495248711373983247735610388702049736613087710340681310587522844892777576906362265240880995955409648802515137759691563363653616862712159688752916061815970988032.000000,2183939385730308635208420668460933914736575353792636055752251780277989982624268939247965316352032902605804190037285301907091865443511872780909337358499977323070554945362491120558481062474374010441479208921758922607624477388728235833881085870080.000000
209,1.151755,0.491911,767217925266335522519883445024076189285011550871142232477027495248711373983247735610388702049736613087710340681310587522844892777576906362265240880995955409648802515137759691563363653616862712159688752916061815970988032.000000,2183939385730308635208420668460933914736575353792636055752251780277989982624268939247965316352032902605804190037285301907091865443511872780909337358499977323070554945362491120558481062474374010441479208921758922607624477388728235833881085870080.000000
210,1.155770,0.491144,767217925266335522519883445024076189285011550871142232477027495248711373983247735610388702049736613087710340681310587522844892777576906362265240880995955409648802515137759691563363653616862712159688752916061815970988032.000000,2183939385730308635208420668460933914736575353792636055752251780277989982624268939247965316352032902605804190037285301907091865443511872780909337358499977323070554945362491120558481062474374010441479208921758922607624477388728235833881085870080.000000
211,1.159765,0.490341,767217925266335522519883445024076189285011550871142232477027495248711373983247735610388702049736613087710340681310587522844892777576906362265240880995955409648802515137759691563363653616862712159688752916061815970988032.000000,2183939385730308635208420668460933914736575353792636055752251780277989982624268939247965316352032902605804190037285301907091865443511872780909337358499977323070554945362491120558481062474374010441479208921758922607624477388728235833881085870080.000000
212,1.163739,0.489505,767217925266335522519883445024076189285011550871142232477027495248711373983247735610388702049736613087710340681310587522844892777576906362265240880995955409648802515137759691563363653616862712159688752916061815970988032.000000,2183939385730308635208420668460933914736575353792636055752251780277989982624268939247965316352032902605804190037285301907091865443511872780909337358499977323070554945362491120558481062474374010441479208921758922607624477388728235833881085870080.000000
213,1.167693,0.488634,767217925266335522519883445024076189285011550871142232477027495248711373983247735610388702049736613087710340681310587522844892777576906362265240880995955409648802515137759691563363653616862712159688752916061815970988032.000000,2183939385730308635208420668460933914736575353792636055752251780277989982624268939247965316352032902605804190037285301907091865443511872780909337358499977323070554945362491120558481062474374010441479208921758922607624477388728235833881085870080.000000
214,1.171627,0.487729,767217925266335522519883445024076189285011550871142232477027495248711373983247735610388702049736613087710340681310587522844892777576906362265240880995955409648802515137759691563363653616862712159688752916061815970988032.000000,2183939385730308635208420668460933914736575353792636055752251780277989982624268939247965316352032902605804190037285301907091865443511872780909337358499977323070554945362491120558481062474374010441479208921758922607624477388728235833881085870080.000000
215,1.175540,0.486789,767217925266335522519883445024076189285011550871142232477027495248711373983247735610388702049736613087710340681310587522844892777576906362265240880995955409648802515137759691563363653616862712159688752916061815970988032.000000,2183939385730308635208420668460933914736575353792636055752251780277989982624268939247965316352032902605804190037285301907091865443511872780909337358499977323070554945362491120558481062474374010441479208921758922607624477388728235833881085870080.000000
216,1.179433,0.485816,767217925266335522519883445024076189285011550871142232477027495248711373983247735610388702049736613087710340681310587522844892777576906362265240880995955409648802515137759691563363653616862712159688752916061815970988032.000000,2183939385730308635208420668460933914736575353792636055752251780277989982624268939247965316352032902605804190037285301907091865443511872780909337358499977323070554945362491120558481062474374010441479208921758922607624477388728235833881085870080.000000
217,1.183304,0.484808,767217925266335522519883445024076189285011550871142232477027495248711373983247735610388702049736613087710340681310587522844892777576906362265240880995955409648802515137759691563363653616862712159688752916061815970988032.000000,2183939385730308635208420668460933914736575353792636055752251780277989982624268939247965316352032902605804190037285301907091865443511872780909337358499977323070554945362491120558481062474374010441479208921758922607624477388728235833881085870080.000000
218,1.187155,0.483766,767217925266335522519883445024076189285011550871142232477027495248711373983247735610388702049736613087710340681310587522844892777576906362265240880995955409648802515137759691563363653616862712159688752916061815970988032.000000,2183939385730308635208420668460933914736575353792636055752251780277989982624268939247965316352032902605804190037285301907091865443511872780909337358499977323070554945362491120558481062474374010441479208921758922607624477388728235833881085870080.000000
219,1.190986,0.482691,767217925266335522519883445024076189285011550871142232477027495248711373983247735610388702049736613087710340681310587522844892777576906362265240880995955409648802515137759691563363653616862712159688752916061815970988032.000000,2183939385730308635208420668460933914736575353792636055752251780277989982624268939247965316352032902605804190037285301907091865443511872780909337358499977323070554945362491120558481062474374010441479208921758922607624477388728235833881085870080.000000
220,1.194795,0.481581,767217925266335522519883445024076189285011550871142232477027495248711373983247735610388702049736613087710340681310587522844892777576906362265240880995955409648802515137759691563363653616862712159688752916061815970988032.000000,2183939385730308635208420668460933914736575353792636055752251780277989982624268939247965316352032902605804190037285301907091865443511872780909337358499977323070554945362491120558481062474374010441479208921758922607624477388728235833881085870080.000000
221,1.198583,0.480438,767217925266335522519883445024076189285011550871142232477027495248711373983247735610388702049736613087710340681310587522844892777576906362265240880995955409648802515137759691563363653616862712159688752916061815970988032.000000,2183939385730308635208420668460933914736575353792636055752251780277989982624268939247965316352032902605804190037285301907091865443511872780909337358499977323070554945362491120558481062474374010441479208921758922607624477388728235833881085870080.000000
222,1.202350,0.479261,767217925266335522519883445024076189285011550871142232477027495248711373983247735610388702049736613087710340681310587522844892777576906362265240880995955409648802515137759691563363653616862712159688752916061815970988032.000000,2183939385730308635208420668460933914736575353792636055752251780277989982624268939247965316352032902605804190037285301907091865443511872780909337358499977323070554945362491120558481062474374010441479208921758922607624477388728235833881085870080.000000
223,1.206097,0.478050,767217925266335522519883445024076189285011550871142232477027495248711373983247735610388702049736613087710340681310587522844892777576906362265240880995955409648802515137759691563363653616862712159688752916061815970988032.000000,2183939385730308635208420668460933914736575353792636055752251780277989982624268939247965316352032902605804190037285301907091865443511872780909337358499977323070554945362491120558481062474374010441479208921758922607624477388728235833881085870080.000000
224,1.209822,0.476806,767217925266335522519883445024076189285011550871142232477027495248711373983247735610388702049736613087710340681310587522844892777576906362265240880995955409648802515137759691563363653616862712159688752916061815970988032.000000,2183939385730308635208420668460933914736575353792636055752251780277989982624268939247965316352032902605804190037285301907091865443511872780909337358499977323070554945362491120558481062474374010441479208921758922607624477388728235833881085870080.000000
225,1.213525,0.475528,767217925266335522519883445024076189285011550871142232477027495248711373983247735610388702049736613087710340681310587522844892777576906362265240880995955409648802515137759691563363653616862712159688752916061815970988032.000000,2183939385730308635208420668460933914736575353792636055752251780277989982624268939247965316352032902605804190037285301907091865443511872780909337358499977323070554945362491120558481062474374010441479208921758922607624477388728235833881085870080.000000
226,1.217208,0.474217,767217925266335522519883445024076189285011550871142232477027495248711373983247735610388702049736613087710340681310587522844892777576906362265240880995955409648802515137759691563363653616862712159688752916061815970988032.000000,2183939385730308635208420668460933914736575353792636055752251780277989982624268939247965316352032902605804190037285301907091865443511872780909337358499977323070554945362491120558481062474374010441479208921758922607624477388728235833881085870080.000000
227,1.220869,0.472873,767217925266335522519883445024076189285011550871142232477027495248711373983247735610388702049736613087710340681310587522844892777576906362265240880995955409648802515137759691563363653616862712159688752916061815970988032.000000,2183939385730308635208420668460933914736575353792636055752251780277989982624268939247965316352032902605804190037285301907091865443511872780909337358499977323070554945362491120558481062474374010441479208921758922607624477388728235833881085870080.000000
228,1.224509,0.471495,767217925266335522519883445024076189285011550871142232477027495248711373983247735610388702049736613087710340681310587522844892777576906362265240880995955409648802515137759691563363653616862712159688752916061815970988032.000000,2183939385730308635208420668460933914736575353792636055752251780277989982624268939247965316352032902605804190037285301907091865443511872780909337358499977323070554945362491120558481062474374010441479208921758922607624477388728235833881085870080.000000
229,1.228127,0.470085,767217925266335522519883445024076189285011550871142232477027495248711373983247735610388702049736613087710340681310587522844892777576906362265240880995955409648802515137759691563363653616862712159688752916061815970988032.000000,2183939385730308635208420668460933914736575353792636055752251780277989982624268939247965316352032902605804190037285301907091865443511872780909337358499977323070554945362491120558481062474374010441479208921758922607624477388728235833881085870080.000000
230,1.231724,0.468641,767217925266335522519883445024076189285011550871142232477027495248711373983247735610388702049736613087710340681310587522844892777576906362265240880995955409648802515137759691563363653616862712159688752916061815970988032.000000,2183939385730308635208420668460933914736575353792636055752251780277989982624268939247965316352032902605804190037285301907091865443511872780909337358499977323070554945362491120558481062474374010441479208921758922607624477388728235833881085870080.000000
231,1.235299,0.467164,767217925266335522519883445024076189285011550871142232477027495248711373983247735610388702049736613087710340681310587522844892777576906362265240880995955409648802515137759691563363653616862712159688752916061815970988032.000000,2183939385730308635208420668460933914736575353792636055752251780277989982624268939247965316352032902605804190037285301907091865443511872780909337358499977323070554945362491120558481062474374010441479208921758922607624477388728235833881085870080.000000
232,1.238852,0.465655,767217925266335522519883445024076189285011550871142232477027495248711373983247735610388702049736613087710340681310587522844892777576906362265240880995955409648802515137759691563363653616862712159688752916061815970988032.000000,2183939385730308635208420668460933914736575353792636055752251780277989982624268939247965316352032902605804190037285301907091865443511872780909337358499977323070554945362491120558481062474374010441479208921758922607624477388728235833881085870080.000000
233,1.242384,0.464113,767217925266335522519883445024076189285011550871142232477027495248711373983247735610388702049736613087710340681310587522844892777576906362265240880995955409648802515137759691563363653616862712159688752916061815970988032.000000,2183939385730308635208420668460933914736575353792636055752251780277989982624268939247965316352032902605804190037285301907091865443511872780909337358499977323070554945362491120558481062474374010441479208921758922607624477388728235833881085870080.000000
234,1.245894,0.462539,767217925266335522519883445024076189285011550871142232477027495248711373983247735610388702049736613087710340681310587522844892777576906362265240880995955409648802515137759691563363653616862712159688752916061815970988032.000000,2183939385730308635208420668460933914736575353792636055752251780277989982624268939247965316352032902605804190037285301907091865443511872780909337358499977323070554945362491120558481062474374010441479208921758922607624477388728235833881085870080.000000
235,1.249382,0.460932,767217925266335522519883445024076189285011550871142232477027495248711373983247735610388702049736613087710340681310587522844892777576906362265240880995955409648802515137759691563363653616862712159688752916061815970988032.000000,2183939385730308635208420668460933914736575353792636055752251780277989982624268939247965316352032902605804190037285301907091865443511872780909337358499977323070554945362491120558481062474374010441479208921758922607624477388728235833881085870080.000000
236,1.252848,0.459292,767217925266335522519883445024076189285011550871142232477027495248711373983247735610388702049736613087710340681310587522844892777576906362265240880995955409648802515137759691563363653616862712159688752916061815970988032.000000,2183939385730308635208420668460933914736575353792636055752251780277989982624268939247965316352032902605804190037285301907091865443511872780909337358499977323070554945362491120558481062474374010441479208921758922607624477388728235833881085870080.000000
237,1.256292,0.457621,767217925266335522519883445024076189285011550871142232477027495248711373983247735610388702049736613087710340681310587522844892777576906362265240880995955409648802515137759691563363653616862712159688752916061815970988032.000000,2183939385730308635208420668460933914736575353792636055752251780277989982624268939247965316352032902605804190037285301907091865443511872780909337358499977323070554945362491120558481062474374010441479208921758922607624477388728235833881085870080.000000
238,1.259714,0.455917,767217925266335522519883445024076189285011550871142232477027495248711373983247735610388702049736613087710340681310587522844892777576906362265240880995955409648802515137759691563363653616862712159688752916061815970988032.000000,2183939385730308635208420668460933914736575353792636055752251780277989982624268939247965316352032902605804190037285301907091865443511872780909337358499977323070554945362491120558481062474374010441479208921758922607624477388728235833881085870080.000000
239,1.263114,0.454181,767217925266335522519883445024076189285011550871142232477027495248711373983247735610388702049736613087710340681310587522844892777576906362265240880995955409648802515137759691563363653616862712159688752916061815970988032.000000,2183939385730308635208420668460933914736575353792636055752251780277989982624268939247965316352032902605804190037285301907091865443511872780909337358499977323070554945362491120558481062474374010441479208921758922607624477388728235833881085870080.000000
240,1.266492,0.452414,767217925266335522519883445024076189285011550871142232477027495248711373983247735610388702049736613087710340681310587522844892777576906362265240880995955409648802515137759691563363653616862712159688752916061815970988032.000000,2183939385730308635208420668460933914736575353792636055752251780277989982624268939247965316352032902605804190037285301907091865443511872780909337358499977323070554945362491120558481062474374010441479208921758922607624477388728235833881085870080.000000
241,1.269847,0.450614,767217925266335522519883445024076189285011550871142232477027495248711373983247735610388702049736613087710340681310587522844892777576906362265240880995955409648802515137759691563363653616862712159688752916061815970988032.000000,2183939385730308635208420668460933914736575353792636055752251780277989982624268939247965316352032902605804190037285301907091865443511872780909337358499977323070554945362491120558481062474374010441479208921758922607624477388728235833881085870080.000000
242,1.273181,0.448783,767217925266335522519883445024076189285011550871142232477027495248711373983247735610388702049736613087710340681310587522844892777576906362265240880995955409648802515137759691563363653616862712159688752916061815970988032.000000,2183939385730308635208420668460933914736575353792636055752251780277989982624268939247965316352032902605804190037285301907091865443511872780909337358499977323070554945362491120558481062474374010441479208921758922607624477388728235833881085870080.000000
243,1.276492,0.446921,767217925266335522519883445024076189285011550871142232477027495248711373983247735610388702049736613087710340681310587522844892777576906362265240880995955409648802515137759691563363653616862712159688752916061815970988032.000000,2183939385730308635208420668460933914736575353792636055752251780277989982624268939247965316352032902605804190037285301907091865443511872780909337358499977323070554945362491120558481062474374010441479208921758922607624477388728235833881085870080.000000
244,1.279780,0.445027,767217925266335522519883445024076189285011550871142232477027495248711373983247735610388702049736613087710340681310587522844892777576906362265240880995955409648802515137759691563363653616862712159688752916061815970988032.000000,2183939385730308635208420668460933914736575353792636055752251780277989982624268939247965316352032902605804190037285301907091865443511872780909337358499977323070554945362491120558481062474374010441479208921758922607624477388728235833881085870080.000000
245,1.283046,0.443102,767217925266335522519883445024076189285011550871142232477027495248711373983247735610388702049736613087710340681310587522844892777576906362265240880995955409648802515137759691563363653616862712159688752916061815970988032.000000,2183939385730308635208420668460933914736575353792636055752251780277989982624268939247965316352032902605804190037285301907091865443511872780909337358499977323070554945362491120558481062474374010441479208921758922607624477388728235833881085870080.000000
246,1.286290,0.441146,767217925266335522519883445024076189285011550871142232477027495248711373983247735610388702049736613087710340681310587522844892777576906362265240880995955409648802515137759691563363653616862712159688752916061815970988032.000000,2183939385730308635208420668460933914736575353792636055752251780277989982624268939247965316352032902605804190037285301907091865443511872780909337358499977323070554945362491120558481062474374010441479208921758922607624477388728235833881085870080.000000
247,1.289511,0.439158,767217925266335522519883445024076189285011550871142232477027495248711373983247735610388702049736613087710340681310587522844892777576906362265240880995955409648802515137759691563363653616862712159688752916061815970988032.000000,2183939385730308635208420668460933914736575353792636055752251780277989982624268939247965316352032902605804190037285301907091865443511872780909337358499977323070554945362491120558481062474374010441479208921758922607624477388728235833881085870080.000000
248,1.292709,0.437141,767217925266335522519883445024076189285011550871142232477027495248711373983247735610388702049736613087710340681310587522844892777576906362265240880995955409648802515137759691563363653616862712159688752916061815970988032.000000,2183939385730308635208420668460933914736575353792636055752251780277989982624268939247965316352032902605804190037285301907091865443511872780909337358499977323070554945362491120558481062474374010441479208921758922607624477388728235833881085870080.000000
249,1.295885,0.435092,767217925266335522519883445024076189285011550871142232477027495248711373983247735610388702049736613087710340681310587522844892777576906362265240880995955409648802515137759691563363653616862712159688752916061815970988032.000000,2183939385730308635208420668460933914736575353792636055752251780277989982624268939247965316352032902605804190037285301907091865443511872780909337358499977323070554945362491120558481062474374010441479208921758922607624477388728235833881085870080.000000
250,1.299038,0.433013,767217925266335522519883445024076189285011550871142232477027495248711373983247735610388702049736613087710340681310587522844892777576906362265240880995955409648802515137759691563363653616862712159688752916061815970988032.000000,2183939385730308635208420668460933914736575353792636055752251780277989982624268939247965316352032902605804190037285301907091865443511872780909337358499977323070554945362491120558481062474374010441479208921758922607624477388728235833881085870080.000000
251,1.302168,0.430903,767217925266335522519883445024076189285011550871142232477027495248711373983247735610388702049736613087710340681310587522844892777576906362265240880995955409648802515137759691563363653616862712159688752916061815970988032.000000,2183939385730308635208420668460933914736575353792636055752251780277989982624268939247965316352032902605804190037285301907091865443511872780909337358499977323070554945362491120558481062474374010441479208921758922607624477388728235833881085870080.000000
252,1.305276,0.428763,767217925266335522519883445024076189285011550871142232477027495248711373983247735610388702049736613087710340681310587522844892777576906362265240880995955409648802515137759691563363653616862712159688752916061815970988032.000000,2183939385730308635208420668460933914736575353792636055752251780277989982624268939247965316352032902605804190037285301907091865443511872780909337358499977323070554945362491120558481062474374010441479208921758922607624477388728235833881085870080.000000
253,1.308360,0.426593,767217925266335522519883445024076189285011550871142232477027495248711373983247735610388702049736613087710340681310587522844892777576906362265240880995955409648802515137759691563363653616862712159688752916061815970988032.000000,2183939385730308635208420668460933914736575353792636055752251780277989982624268939247965316352032902605804190037285301907091865443511872780909337358499977323070554945362491120558481062474374010441479208921758922607624477388728235833881085870080.000000
254,1.311422,0.424394,767217925266335522519883445024076189285011550871142232477027495248711373983247735610388702049736613087710340681310587522844892777576906362265240880995955409648802515137759691563363653616862712159688752916061815970988032.000000,2183939385730308635208420668460933914736575353792636055752251780277989982624268939247965316352032902605804190037285301907091865443511872780909337358499977323070554945362491120558481062474374010441479208921758922607624477388728235833881085870080.000000
255,1.314460,0.422164,767217925266335522519883445024076189285011550871142232477027495248711373983247735610388702049736613087710340681310587522844892777576906362265240880995955409648802515137759691563363653616862712159688752916061815970988032.000000,2183939385730308635208420668460933914736575353792636055752251780277989982624268939247965316352032902605804190037285301907091865443511872780909337358499977323070554945362491120558481062474374010441479208921758922607624477388728235833881085870080.000000
256,1.317475,0.419905,767217925266335522519883445024076189285011550871142232477027495248711373983247735610388702049736613087710340681310587522844892777576906362265240880995955409648802515137759691563363653616862712159688752916061815970988032.000000,2183939385730308635208420668460933914736575353792636055752251780277989982624268939247965316352032902605804190037285301907091865443511872780909337358499977323070554945362491120558481062474374010441479208921758922607624477388728235833881085870080.000000
257,1.320468,0.417616,767217925266335522519883445024076189285011550871142232477027495248711373983247735610388702049736613087710340681310587522844892777576906362265240880995955409648802515137759691563363653616862712159688752916061815970988032.000000,2183939385730308635208420668460933914736575353792636055752251780277989982624268939247965316352032902605804190037285301907091865443511872780909337358499977323070554945362491120558481062474374010441479208921758922607624477388728235833881085870080.000000
258,1.323437,0.415298,767217925266335522519883445024076189285011550871142232477027495248711373983247735610388702049736613087710340681310587522844892777576906362265240880995955409648802515137759691563363653616862712159688752916061815970988032.000000,2183939385730308635208420668460933914736575353792636055752251780277989982624268939247965316352032902605804190037285301907091865443511872780909337358499977323070554945362491120558481062474374010441479208921758922607624477388728235833881085870080.000000
259,1.326383,0.412951,767217925266335522519883445024076189285011550871142232477027495248711373983247735610388702049736613087710340681310587522844892777576906362265240880995955409648802515137759691563363653616862712159688752916061815970988032.000000,2183939385730308635208420668460933914736575353792636055752251780277989982624268939247965316352032902605804190037285301907091865443511872780909337358499977323070554945362491120558481062474374010441479208921758922607624477388728235833881085870080.000000
260,1.329305,0.410575,767217925266335522519883445024076189285011550871142232477027495248711373983247735610388702049736613087710340681310587522844892777576906362265240880995955409648802515137759691563363653616862712159688752916061815970988032.000000,2183939385730308635208420668460933914736575353792636055752251780277989982624268939247965316352032902605804190037285301907091865443511872780909337358499977323070554945362491120558481062474374010441479208921758922607624477388728235833881085870080.000000
261,1.332205,0.408170,767217925266335522519883445024076189285011550871142232477027495248711373983247735610388702049736613087710340681310587522844892777576906362265240880995955409648802515137759691563363653616862712159688752916061815970988032.000000,2183939385730308635208420668460933914736575353792636055752251780277989982624268939247965316352032902605804190037285301907091865443511872780909337358499977323070554945362491120558481062474374010441479208921758922607624477388728235833881085870080.000000
262,1.335081,0.405736,767217925266335522519883445024076189285011550871142232477027495248711373983247735610388702049736613087710340681310587522844892777576906362265240880995955409648802515137759691563363653616862712159688752916061815970988032.000000,2183939385730308635208420668460933914736575353792636055752251780277989982624268939247965316352032902605804190037285301907091865443511872780909337358499977323070554945362491120558481062474374010441479208921758922607624477388728235833881085870080.000000
263,1.337933,0.403274,767217925266335522519883445024076189285011550871142232477027495248711373983247735610388702049736613087710340681310587522844892777576906362265240880995955409648802515137759691563363653616862712159688752916061815970988032.000000,2183939385730308635208420668460933914736575353792636055752251780277989982624268939247965316352032902605804190037285301907091865443511872780909337358499977323070554945362491120558481062474374010441479208921758922607624477388728235833881085870080.000000
264,1.340762,0.400783,767217925266335522519883445024076189285011550871142232477027495248711373983247735610388702049736613087710340681310587522844892777576906362265240880995955409648802515137759691563363653616862712159688752916061815970988032.000000,2183939385730308635208420668460933914736575353792636055752251780277989982624268939247965316352032902605804190037285301907091865443511872780909337358499977323070554945362491120558481062474374010441479208921758922607624477388728235833881085870080.000000
265,1.343568,0.398265,767217925266335522519883445024076189285011550871142232477027495248711373983247735610388702049736613087710340681310587522844892777576906362265240880995955409648802515137759691563363653616862712159688752916061815970988032.000000,2183939385730308635208420668460933914736575353792636055752251780277989982624268939247965316352032902605804190037285301907091865443511872780909337358499977323070554945362491120558481062474374010441479208921758922607624477388728235833881085870080.000000
266,1.346350,0.395718,767217925266335522519883445024076189285011550871142232477027495248711373983247735610388702049736613087710340681310587522844892777576906362265240880995955409648802515137759691563363653616862712159688752916061815970988032.000000,2183939385730308635208420668460933914736575353792636055752251780277989982624268939247965316352032902605804190037285301907091865443511872780909337358499977323070554945362491120558481062474374010441479208921758922607624477388728235833881085870080.000000
267,1.349108,0.393144,767217925266335522519883445024076189285011550871142232477027495248711373983247735610388702049736613087710340681310587522844892777576906362265240880995955409648802515137759691563363653616862712159688752916061815970988032.000000,2183939385730308635208420668460933914736575353792636055752251780277989982624268939247965316352032902605804190037285301907091865443511872780909337358499977323070554945362491120558481062474374010441479208921758922607624477388728235833881085870080.000000
268,1.351843,0.390542,767217925266335522519883445024076189285011550871142232477027495248711373983247735610388702049736613087710340681310587522844892777576906362265240880995955409648802515137759691563363653616862712159688752916061815970988032.000000,2183939385730308635208420668460933914736575353792636055752251780277989982624268939247965316352032902605804190037285301907091865443511872780909337358499977323070554945362491120558481062474374010441479208921758922607624477388728235833881085870080.000000
269,1.354553,0.387913,767217925266335522519883445024076189285011550871142232477027495248711373983247735610388702049736613087710340681310587522844892777576906362265240880995955409648802515137759691563363653616862712159688752916061815970988032.000000,2183939385730308635208420668460933914736575353792636055752251780277989982624268939247965316352032902605804190037285301907091865443511872780909337358499977323070554945362491120558481062474374010441479208921758922607624477388728235833881085870080.000000
270,1.357241,0.385257,767217925266335522519883445024076189285011550871142232477027495248711373983247735610388702049736613087710340681310587522844892777576906362265240880995955409648802515137759691563363653616862712159688752916061815970988032.000000,2183939385730308635208420668460933914736575353792636055752251780277989982624268939247965316352032902605804190037285301907091865443511872780909337358499977323070554945362491120558481062474374010441479208921758922607624477388728235833881085870080.000000
271,1.359904,0.382573,767217925266335522519883445024076189285011550871142232477027495248711373983247735610388702049736613087710340681310587522844892777576906362265240880995955409648802515137759691563363653616862712159688752916061815970988032.000000,2183939385730308635208420668460933914736575353792636055752251780277989982624268939247965316352032902605804190037285301907091865443511872780909337358499977323070554945362491120558481062474374010441479208921758922607624477388728235833881085870080.000000
272,1.362543,0.379863,767217925266335522519883445024076189285011550871142232477027495248711373983247735610388702049736613087710340681310587522844892777576906362265240880995955409648802515137759691563363653616862712159688752916061815970988032.000000,2183939385730308635208420668460933914736575353792636055752251780277989982624268939247965316352032902605804190037285301907091865443511872780909337358499977323070554945362491120558481062474374010441479208921758922607624477388728235833881085870080.000000
273,1.365159,0.377126,767217925266335522519883445024076189285011550871142232477027495248711373983247735610388702049736613087710340681310587522844892777576906362265240880995955409648802515137759691563363653616862712159688752916061815970988032.000000,2183939385730308635208420668460933914736575353792636055752251780277989982624268939247965316352032902605804190037285301907091865443511872780909337358499977323070554945362491120558481062474374010441479208921758922607624477388728235833881085870080.000000
274,1.367751,0.374362,767217925266335522519883445024076189285011550871142232477027495248711373983247735610388702049736613087710340681310587522844892777576906362265240880995955409648802515137759691563363653616862712159688752916061815970988032.000000,2183939385730308635208420668460933914736575353792636055752251780277989982624268939247965316352032902605804190037285301907091865443511872780909337358499977323070554945362491120558481062474374010441479208921758922607624477388728235833881085870080.000000
275,1.370318,0.371572,767217925266335522519883445024076189285011550871142232477027495248711373983247735610388702049736613087710340681310587522844892777576906362265240880995955409648802515137759691563363653616862712159688752916061815970988032.000000,2183939385730308635208420668460933914736575353792636055752251780277989982624268939247965316352032902605804190037285301907091865443511872780909337358499977323070554945362491120558481062474374010441479208921758922607624477388728235833881085870080.000000
276,1.372862,0.368757,767217925266335522519883445024076189285011550871142232477027495248711373983247735610388702049736613087710340681310587522844892777576906362265240880995955409648802515137759691563363653616862712159688752916061815970988032.000000,2183939385730308635208420668460933914736575353792636055752251780277989982624268939247965316352032902605804190037285301907091865443511872780909337358499977323070554945362491120558481062474374010441479208921758922607624477388728235833881085870080.000000
277,1.375381,0.365915,767217925266335522519883445024076189285011550871142232477027495248711373983247735610388702049736613087710340681310587522844892777576906362265240880995955409648802515137759691563363653616862712159688752916061815970988032.000000,2183939385730308635208420668460933914736575353792636055752251780277989982624268939247965316352032902605804190037285301907091865443511872780909337358499977323070554945362491120558481062474374010441479208921758922607624477388728235833881085870080.000000
278,1.377877,0.363047,767217925266335522519883445024076189285011550871142232477027495248711373983247735610388702049736613087710340681310587522844892777576906362265240880995955409648802515137759691563363653616862712159688752916061815970988032.000000,2183939385730308635208420668460933914736575353792636055752251780277989982624268939247965316352032902605804190037285301907091865443511872780909337358499977323070554945362491120558481062474374010441479208921758922607624477388728235833881085870080.000000
279,1.380348,0.360155,767217925266335522519883445024076189285011550871142232477027495248711373983247735610388702049736613087710340681310587522844892777576906362265240880995955409648802515137759691563363653616862712159688752916061815970988032.000000,2183939385730308635208420668460933914736575353792636055752251780277989982624268939247965316352032902605804190037285301907091865443511872780909337358499977323070554945362491120558481062474374010441479208921758922607624477388728235833881085870080.000000
280,1.382795,0.357236,767217925266335522519883445024076189285011550871142232477027495248711373983247735610388702049736613087710340681310587522844892777576906362265240880995955409648802515137759691563363653616862712159688752916061815970988032.000000,2183939385730308635208420668460933914736575353792636055752251780277989982624268939247965316352032902605804190037285301907091865443511872780909337358499977323070554945362491120558481062474374010441479208921758922607624477388728235833881085870080.000000
281,1.385217,0.354293,767217925266335522519883445024076189285011550871142232477027495248711373983247735610388702049736613087710340681310587522844892777576906362265240880995955409648802515137759691563363653616862712159688752916061815970988032.000000,2183939385730308635208420668460933914736575353792636055752251780277989982624268939247965316352032902605804190037285301907091865443511872780909337358499977323070554945362491120558481062474374010441479208921758922607624477388728235833881085870080.000000
282,1.387616,0.351325,767217925266335522519883445024076189285011550871142232477027495248711373983247735610388702049736613087710340681310587522844892777576906362265240880995955409648802515137759691563363653616862712159688752916061815970988032.000000,2183939385730308635208420668460933914736575353792636055752251780277989982624268939247965316352032902605804190037285301907091865443511872780909337358499977323070554945362491120558481062474374010441479208921758922607624477388728235833881085870080.000000
283,1.389990,0.348332,767217925266335522519883445024076189285011550871142232477027495248711373983247735610388702049736613087710340681310587522844892777576906362265240880995955409648802515137759691563363653616862712159688752916061815970988032.000000,2183939385730308635208420668460933914736575353792636055752251780277989982624268939247965316352032902605804190037285301907091865443511872780909337358499977323070554945362491120558481062474374010441479208921758922607624477388728235833881085870080.000000
284,1.392340,0.345315,767217925266335522519883445024076189285011550871142232477027495248711373983247735610388702049736613087710340681310587522844892777576906362265240880995955409648802515137759691563363653616862712159688752916061815970988032.000000,2183939385730308635208420668460933914736575353792636055752251780277989982624268939247965316352032902605804190037285301907091865443511872780909337358499977323070554945362491120558481062474374010441479208921758922607624477388728235833881085870080.000000
285,1.394665,0.342274,767217925266335522519883445024076189285011550871142232477027495248711373983247735610388702049736613087710340681310587522844892777576906362265240880995955409648802515137759691563363653616862712159688752916061815970988032.000000,2183939385730308635208420668460933914736575353792636055752251780277989982624268939247965316352032902605804190037285301907091865443511872780909337358499977323070554945362491120558481062474374010441479208921758922607624477388728235833881085870080.000000
286,1.396965,0.339208,767217925266335522519883445024076189285011550871142232477027495248711373983247735610388702049736613087710340681310587522844892777576906362265240880995955409648802515137759691563363653616862712159688752916061815970988032.000000,2183939385730308635208420668460933914736575353792636055752251780277989982624268939247965316352032902605804190037285301907091865443511872780909337358499977323070554945362491120558481062474374010441479208921758922607624477388728235833881085870080.000000
287,1.399242,0.336119,767217925266335522519883445024076189285011550871142232477027495248711373983247735610388702049736613087710340681310587522844892777576906362265240880995955409648802515137759691563363653616862712159688752916061815970988032.000000,2183939385730308635208420668460933914736575353792636055752251780277989982624268939247965316352032902605804190037285301907091865443511872780909337358499977323070554945362491120558481062474374010441479208921758922607624477388728235833881085870080.000000
288,1.401493,0.333006,767217925266335522519883445024076189285011550871142232477027495248711373983247735610388702049736613087710340681310587522844892777576906362265240880995955409648802515137759691563363653616862712159688752916061815970988032.000000,2183939385730308635208420668460933914736575353792636055752251780277989982624268939247965316352032902605804190037285301907091865443511872780909337358499977323070554945362491120558481062474374010441479208921758922607624477388728235833881085870080.000000
289,1.403721,0.329870,767217925266335522519883445024076189285011550871142232477027495248711373983247735610388702049736613087710340681310587522844892777576906362265240880995955409648802515137759691563363653616862712159688752916061815970988032.000000,2183939385730308635208420668460933914736575353792636055752251780277989982624268939247965316352032902605804190037285301907091865443511872780909337358499977323070554945362491120558481062474374010441479208921758922607624477388728235833881085870080.000000
290,1.405923,0.326710,767217925266335522519883445024076189285011550871142232477027495248711373983247735610388702049736613087710340681310587522844892777576906362265240880995955409648802515137759691563363653616862712159688752916061815970988032.000000,2183939385730308635208420668460933914736575353792636055752251780277989982624268939247965316352032902605804190037285301907091865443511872780909337358499977323070554945362491120558481062474374010441479208921758922607624477388728235833881085870080.000000
291,1.408101,0.323528,767217925266335522519883445024076189285011550871142232477027495248711373983247735610388702049736613087710340681310587522844892777576906362265240880995955409648802515137759691563363653616862712159688752916061815970988032.000000,2183939385730308635208420668460933914736575353792636055752251780277989982624268939247965316352032902605804190037285301907091865443511872780909337358499977323070554945362491120558481062474374010441479208921758922607624477388728235833881085870080.000000
292,1.410254,0.320323,767217925266335522519883445024076189285011550871142232477027495248711373983247735610388702049736613087710340681310587522844892777576906362265240880995955409648802515137759691563363653616862712159688752916061815970988032.000000,2183939385730308635208420668460933914736575353792636055752251780277989982624268939247965316352032902605804190037285301907091865443511872780909337358499977323070554945362491120558481062474374010441479208921758922607624477388728235833881085870080.000000
293,1.412382,0.317095,767217925266335522519883445024076189285011550871142232477027495248711373983247735610388702049736613087710340681310587522844892777576906362265240880995955409648802515137759691563363653616862712159688752916061815970988032.000000,2183939385730308635208420668460933914736575353792636055752251780277989982624268939247965316352032902605804190037285301907091865443511872780909337358499977323070554945362491120558481062474374010441479208921758922607624477388728235833881085870080.000000
294,1.414486,0.313846,767217925266335522519883445024076189285011550871142232477027495248711373983247735610388702049736613087710340681310587522844892777576906362265240880995955409648802515137759691563363653616862712159688752916061815970988032.000000,2183939385730308635208420668460933914736575353792636055752251780277989982624268939247965316352032902605804190037285301907091865443511872780909337358499977323070554945362491120558481062474374010441479208921758922607624477388728235833881085870080.000000
295,1.416565,0.310574,767217925266335522519883445024076189285011550871142232477027495248711373983247735610388702049736613087710340681310587522844892777576906362265240880995955409648802515137759691563363653616862712159688752916061815970988032.000000,2183939385730308635208420668460933914736575353792636055752251780277989982624268939247965316352032902605804190037285301907091865443511872780909337358499977323070554945362491120558481062474374010441479208921758922607624477388728235833881085870080.000000
296,1.418618,0.307280,767217925266335522519883445024076189285011550871142232477027495248711373983247735610388702049736613087710340681310587522844892777576906362265240880995955409648802515137759691563363653616862712159688752916061815970988032.000000,2183939385730308635208420668460933914736575353792636055752251780277989982624268939247965316352032902605804190037285301907091865443511872780909337358499977323070554945362491120558481062474374010441479208921758922607624477388728235833881085870080.000000
297,1.420647,0.303965,767217925266335522519883445024076189285011550871142232477027495248711373983247735610388702049736613087710340681310587522844892777576906362265240880995955409648802515137759691563363653616862712159688752916061815970988032.000000,2183939385730308635208420668460933914736575353792636055752251780277989982624268939247965316352032902605804190037285301907091865443511872780909337358499977323070554945362491120558481062474374010441479208921758922607624477388728235833881085870080.000000
298,1.422652,0.300629,767217925266335522519883445024076189285011550871142232477027495248711373983247735610388702049736613087710340681310587522844892777576906362265240880995955409648802515137759691563363653616862712159688752916061815970988032.000000,2183939385730308635208420668460933914736575353792636055752251780277989982624268939247965316352032902605804190037285301907091865443511872780909337358499977323070554945362491120558481062474374010441479208921758922607624477388728235833881085870080.000000
299,1.424631,0.297271,767217925266335522519883445024076189285011550871142232477027495248711373983247735610388702049736613087710340681310587522844892777576906362265240880995955409648802515137759691563363653616862712159688752916061815970988032.000000,2183939385730308635208420668460933914736575353792636055752251780277989982624268939247965316352032902605804190037285301907091865443511872780909337358499977323070554945362491120558481062474374010441479208921758922607624477388728235833881085870080.000000
300,1.426585,0.293893,767217925266335522519883445024076189285011550871142232477027495248711373983247735610388702049736613087710340681310587522844892777576906362265240880995955409648802515137759691563363653616862712159688752916061815970988032.000000,2183939385730308635208420668460933914736575353792636055752251780277989982624268939247965316352032902605804190037285301907091865443511872780909337358499977323070554945362491120558481062474374010441479208921758922607624477388728235833881085870080.000000
301,1.428514,0.290494,767217925266335522519883445024076189285011550871142232477027495248711373983247735610388702049736613087710340681310587522844892777576906362265240880995955409648802515137759691563363653616862712159688752916061815970988032.000000,2183939385730308635208420668460933914736575353792636055752251780277989982624268939247965316352032902605804190037285301907091865443511872780909337358499977323070554945362491120558481062474374010441479208921758922607624477388728235833881085870080.000000
302,1.430418,0.287074,767217925266335522519883445024076189285011550871142232477027495248711373983247735610388702049736613087710340681310587522844892777576906362265240880995955409648802515137759691563363653616862712159688752916061815970988032.000000,2183939385730308635208420668460933914736575353792636055752251780277989982624268939247965316352032902605804190037285301907091865443511872780909337358499977323070554945362491120558481062474374010441479208921758922607624477388728235833881085870080.000000
303,1.432297,0.283634,767217925266335522519883445024076189285011550871142232477027495248711373983247735610388702049736613087710340681310587522844892777576906362265240880995955409648802515137759691563363653616862712159688752916061815970988032.000000,2183939385730308635208420668460933914736575353792636055752251780277989982624268939247965316352032902605804190037285301907091865443511872780909337358499977323070554945362491120558481062474374010441479208921758922607624477388728235833881085870080.000000
304,1.434151,0.280175,767217925266335522519883445024076189285011550871142232477027495248711373983247735610388702049736613087710340681310587522844892777576906362265240880995955409648802515137759691563363653616862712159688752916061815970988032.000000,2183939385730308635208420668460933914736575353792636055752251780277989982624268939247965316352032902605804190037285301907091865443511872780909337358499977323070554945362491120558481062474374010441479208921758922607624477388728235833881085870080.000000
305,1.435979,0.276696,767217925266335522519883445024076189285011550871142232477027495248711373983247735610388702049736613087710340681310587522844892777576906362265240880995955409648802515137759691563363653616862712159688752916061815970988032.000000,2183939385730308635208420668460933914736575353792636055752251780277989982624268939247965316352032902605804190037285301907091865443511872780909337358499977323070554945362491120558481062474374010441479208921758922607624477388728235833881085870080.000000
306,1.437783,0.273197,767217925266335522519883445024076189285011550871142232477027495248711373983247735610388702049736613087710340681310587522844892777576906362265240880995955409648802515137759691563363653616862712159688752916061815970988032.000000,2183939385730308635208420668460933914736575353792636055752251780277989982624268939247965316352032902605804190037285301907091865443511872780909337358499977323070554945362491120558481062474374010441479208921758922607624477388728235833881085870080.000000
307,1.439561,0.269679,767217925266335522519883445024076189285011550871142232477027495248711373983247735610388702049736613087710340681310587522844892777576906362265240880995955409648802515137759691563363653616862712159688752916061815970988032.000000,2183939385730308635208420668460933914736575353792636055752251780277989982624268939247965316352032902605804190037285301907091865443511872780909337358499977323070554945362491120558481062474374010441479208921758922607624477388728235833881085870080.000000
308,1.441314,0.266143,767217925266335522519883445024076189285011550871142232477027495248711373983247735610388702049736613087710340681310587522844892777576906362265240880995955409648802515137759691563363653616862712159688752916061815970988032.000000,2183939385730308635208420668460933914736575353792636055752251780277989982624268939247965316352032902605804190037285301907091865443511872780909337358499977323070554945362491120558481062474374010441479208921758922607624477388728235833881085870080.000000
309,1.443042,0.262587,767217925266335522519883445024076189285011550871142232477027495248711373983247735610388702049736613087710340681310587522844892777576906362265240880995955409648802515137759691563363653616862712159688752916061815970988032.000000,2183939385730308635208420668460933914736575353792636055752251780277989982624268939247965316352032902605804190037285301907091865443511872780909337358499977323070554945362491120558481062474374010441479208921758922607624477388728235833881085870080.000000
310,1.444744,0.259014,767217925266335522519883445024076189285011550871142232477027495248711373983247735610388702049736613087710340681310587522844892777576906362265240880995955409648802515137759691563363653616862712159688752916061815970988032.000000,2183939385730308635208420668460933914736575353792636055752251780277989982624268939247965316352032902605804190037285301907091865443511872780909337358499977323070554945362491120558481062474374010441479208921758922607624477388728235833881085870080.000000
311,1.446421,0.255422,767217925266335522519883445024076189285011550871142232477027495248711373983247735610388702049736613087710340681310587522844892777576906362265240880995955409648802515137759691563363653616862712159688752916061815970988032.000000,2183939385730308635208420668460933914736575353792636055752251780277989982624268939247965316352032902605804190037285301907091865443511872780909337358499977323070554945362491120558481062474374010441479208921758922607624477388728235833881085870080.000000
312,1.448072,0.251812,767217925266335522519883445024076189285011550871142232477027495248711373983247735610388702049736613087710340681310587522844892777576906362265240880995955409648802515137759691563363653616862712159688752916061815970988032.000000,2183939385730308635208420668460933914736575353792636055752251780277989982624268939247965316352032902605804190037285301907091865443511872780909337358499977323070554945362491120558481062474374010441479208921758922607624477388728235833881085870080.000000
313,1.449699,0.248184,767217925266335522519883445024076189285011550871142232477027495248711373983247735610388702049736613087710340681310587522844892777576906362265240880995955409648802515137759691563363653616862712159688752916061815970988032.000000,2183939385730308635208420668460933914736575353792636055752251780277989982624268939247965316352032902605804190037285301907091865443511872780909337358499977323070554945362491120558481062474374010441479208921758922607624477388728235833881085870080.000000
314,1.451299,0.244539,767217925266335522519883445024076189285011550871142232477027495248711373983247735610388702049736613087710340681310587522844892777576906362265240880995955409648802515137759691563363653616862712159688752916061815970988032.000000,2183939385730308635208420668460933914736575353792636055752251780277989982624268939247965316352032902605804190037285301907091865443511872780909337358499977323070554945362491120558481062474374010441479208921758922607624477388728235833881085870080.000000
315,1.452875,0.240877,767217925266335522519883445024076189285011550871142232477027495248711373983247735610388702049736613087710340681310587522844892777576906362265240880995955409648802515137759691563363653616862712159688752916061815970988032.000000,2183939385730308635208420668460933914736575353792636055752251780277989982624268939247965316352032902605804190037285301907091865443511872780909337358499977323070554945362491120558481062474374010441479208921758922607624477388728235833881085870080.000000
316,1.454425,0.237198,767217925266335522519883445024076189285011550871142232477027495248711373983247735610388702049736613087710340681310587522844892777576906362265240880995955409648802515137759691563363653616862712159688752916061815970988032.000000,2183939385730308635208420668460933914736575353792636055752251780277989982624268939247965316352032902605804190037285301907091865443511872780909337358499977323070554945362491120558481062474374010441479208921758922607624477388728235833881085870080.000000
317,1.455949,0.233502,767217925266335522519883445024076189285011550871142232477027495248711373983247735610388702049736613087710340681310587522844892777576906362265240880995955409648802515137759691563363653616862712159688752916061815970988032.000000,2183939385730308635208420668460933914736575353792636055752251780277989982624268939247965316352032902605804190037285301907091865443511872780909337358499977323070554945362491120558481062474374010441479208921758922607624477388728235833881085870080.000000
318,1.457448,0.229790,767217925266335522519883445024076189285011550871142232477027495248711373983247735610388702049736613087710340681310587522844892777576906362265240880995955409648802515137759691563363653616862712159688752916061815970988032.000000,2183939385730308635208420668460933914736575353792636055752251780277989982624268939247965316352032902605804190037285301907091865443511872780909337358499977323070554945362491120558481062474374010441479208921758922607624477388728235833881085870080.000000
319,1.458921,0.226062,767217925266335522519883445024076189285011550871142232477027495248711373983247735610388702049736613087710340681310587522844892777576906362265240880995955409648802515137759691563363653616862712159688752916061815970988032.000000,2183939385730308635208420668460933914736575353792636055752251780277989982624268939247965316352032902605804190037285301907091865443511872780909337358499977323070554945362491120558481062474374010441479208921758922607624477388728235833881085870080.000000
320,1.460368,0.222318,767217925266335522519883445024076189285011550871142232477027495248711373983247735610388702049736613087710340681310587522844892777576906362265240880995955409648802515137759691563363653616862712159688752916061815970988032.000000,2183939385730308635208420668460933914736575353792636055752251780277989982624268939247965316352032902605804190037285301907091865443511872780909337358499977323070554945362491120558481062474374010441479208921758922607624477388728235833881085870080.000000
321,1.461790,0.218558,767217925266335522519883445024076189285011550871142232477027495248711373983247735610388702049736613087710340681310587522844892777576906362265240880995955409648802515137759691563363653616862712159688752916061815970988032.000000,2183939385730308635208420668460933914736575353792636055752251780277989982624268939247965316352032902605804190037285301907091865443511872780909337358499977323070554945362491120558481062474374010441479208921758922607624477388728235833881085870080.000000
322,1.463187,0.214783,767217925266335522519883445024076189285011550871142232477027495248711373983247735610388702049736613087710340681310587522844892777576906362265240880995955409648802515137759691563363653616862712159688752916061815970988032.000000,2183939385730308635208420668460933914736575353792636055752251780277989982624268939247965316352032902605804190037285301907091865443511872780909337358499977323070554945362491120558481062474374010441479208921758922607624477388728235833881085870080.000000
323,1.464557,0.210993,767217925266335522519883445024076189285011550871142232477027495248711373983247735610388702049736613087710340681310587522844892777576906362265240880995955409648802515137759691563363653616862712159688752916061815970988032.000000,2183939385730308635208420668460933914736575353792636055752251780277989982624268939247965316352032902605804190037285301907091865443511872780909337358499977323070554945362491120558481062474374010441479208921758922607624477388728235833881085870080.000000
324,1.465902,0.207188,767217925266335522519883445024076189285011550871142232477027495248711373983247735610388702049736613087710340681310587522844892777576906362265240880995955409648802515137759691563363653616862712159688752916061815970988032.000000,2183939385730308635208420668460933914736575353792636055752251780277989982624268939247965316352032902605804190037285301907091865443511872780909337358499977323070554945362491120558481062474374010441479208921758922607624477388728235833881085870080.000000
325,1.467221,0.203368,767217925266335522519883445024076189285011550871142232477027495248711373983247735610388702049736613087710340681310587522844892777576906362265240880995955409648802515137759691563363653616862712159688752916061815970988032.000000,2183939385730308635208420668460933914736575353792636055752251780277989982624268939247965316352032902605804190037285301907091865443511872780909337358499977323070554945362491120558481062474374010441479208921758922607624477388728235833881085870080.000000
326,1.468515,0.199535,767217925266335522519883445024076189285011550871142232477027495248711373983247735610388702049736613087710340681310587522844892777576906362265240880995955409648802515137759691563363653616862712159688752916061815970988032.000000,2183939385730308635208420668460933914736575353792636055752251780277989982624268939247965316352032902605804190037285301907091865443511872780909337358499977323070554945362491120558481062474374010441479208921758922607624477388728235833881085870080.000000
327,1.469783,0.195687,767217925266335522519883445024076189285011550871142232477027495248711373983247735610388702049736613087710340681310587522844892777576906362265240880995955409648802515137759691563363653616862712159688752916061815970988032.000000,2183939385730308635208420668460933914736575353792636055752251780277989982624268939247965316352032902605804190037285301907091865443511872780909337358499977323070554945362491120558481062474374010441479208921758922607624477388728235833881085870080.000000
328,1.471024,0.191825,767217925266335522519883445024076189285011550871142232477027495248711373983247735610388702049736613087710340681310587522844892777576906362265240880995955409648802515137759691563363653616862712159688752916061815970988032.000000,2183939385730308635208420668460933914736575353792636055752251780277989982624268939247965316352032902605804190037285301907091865443511872780909337358499977323070554945362491120558481062474374010441479208921758922607624477388728235833881085870080.000000
329,1.472241,0.187950,767217925266335522519883445024076189285011550871142232477027495248711373983247735610388702049736613087710340681310587522844892777576906362265240880995955409648802515137759691563363653616862712159688752916061815970988032.000000,2183939385730308635208420668460933914736575353792636055752251780277989982624268939247965316352032902605804190037285301907091865443511872780909337358499977323070554945362491120558481062474374010441479208921758922607624477388728235833881085870080.000000
330,1.473431,0.184062,767217925266335522519883445024076189285011550871142232477027495248711373983247735610388702049736613087710340681310587522844892777576906362265240880995955409648802515137759691563363653616862712159688752916061815970988032.000000,2183939385730308635208420668460933914736575353792636055752251780277989982624268939247965316352032902605804190037285301907091865443511872780909337358499977323070554945362491120558481062474374010441479208921758922607624477388728235833881085870080.000000
331,1.474595,0.180161,767217925266335522519883445024076189285011550871142232477027495248711373983247735610388702049736613087710340681310587522844892777576906362265240880995955409648802515137759691563363653616862712159688752916061815970988032.000000,2183939385730308635208420668460933914736575353792636055752251780277989982624268939247965316352032902605804190037285301907091865443511872780909337358499977323070554945362491120558481062474374010441479208921758922607624477388728235833881085870080.000000
332,1.475734,0.176248,767217925266335522519883445024076189285011550871142232477027495248711373983247735610388702049736613087710340681310587522844892777576906362265240880995955409648802515137759691563363653616862712159688752916061815970988032.000000,2183939385730308635208420668460933914736575353792636055752251780277989982624268939247965316352032902605804190037285301907091865443511872780909337358499977323070554945362491120558481062474374010441479208921758922607624477388728235833881085870080.000000
333,1.476847,0.172321,767217925266335522519883445024076189285011550871142232477027495248711373983247735610388702049736613087710340681310587522844892777576906362265240880995955409648802515137759691563363653616862712159688752916061815970988032.000000,2183939385730308635208420668460933914736575353792636055752251780277989982624268939247965316352032902605804190037285301907091865443511872780909337358499977323070554945362491120558481062474374010441479208921758922607624477388728235833881085870080.000000
334,1.477933,0.168383,767217925266335522519883445024076189285011550871142232477027495248711373983247735610388702049736613087710340681310587522844892777576906362265240880995955409648802515137759691563363653616862712159688752916061815970988032.000000,2183939385730308635208420668460933914736575353792636055752251780277989982624268939247965316352032902605804190037285301907091865443511872780909337358499977323070554945362491120558481062474374010441479208921758922607624477388728235833881085870080.000000
335,1.478994,0.164433,767217925266335522519883445024076189285011550871142232477027495248711373983247735610388702049736613087710340681310587522844892777576906362265240880995955409648802515137759691563363653616862712159688752916061815970988032.000000,2183939385730308635208420668460933914736575353792636055752251780277989982624268939247965316352032902605804190037285301907091865443511872780909337358499977323070554945362491120558481062474374010441479208921758922607624477388728235833881085870080.000000
336,1.480029,0.160472,767217925266335522519883445024076189285011550871142232477027495248711373983247735610388702049736613087710340681310587522844892777576906362265240880995955409648802515137759691563363653616862712159688752916061815970988032.000000,2183939385730308635208420668460933914736575353792636055752251780277989982624268939247965316352032902605804190037285301907091865443511872780909337358499977323070554945362491120558481062474374010441479208921758922607624477388728235833881085870080.000000
337,1.481038,0.156499,767217925266335522519883445024076189285011550871142232477027495248711373983247735610388702049736613087710340681310587522844892777576906362265240880995955409648802515137759691563363653616862712159688752916061815970988032.000000,2183939385730308635208420668460933914736575353792636055752251780277989982624268939247965316352032902605804190037285301907091865443511872780909337358499977323070554945362491120558481062474374010441479208921758922607624477388728235833881085870080.000000
338,1.482021,0.152515,767217925266335522519883445024076189285011550871142232477027495248711373983247735610388702049736613087710340681310587522844892777576906362265240880995955409648802515137759691563363653616862712159688752916061815970988032.000000,2183939385730308635208420668460933914736575353792636055752251780277989982624268939247965316352032902605804190037285301907091865443511872780909337358499977323070554945362491120558481062474374010441479208921758922607624477388728235833881085870080.000000
339,1.482978,0.148521,767217925266335522519883445024076189285011550871142232477027495248711373983247735610388702049736613087710340681310587522844892777576906362265240880995955409648802515137759691563363653616862712159688752916061815970988032.000000,2183939385730308635208420668460933914736575353792636055752251780277989982624268939247965316352032902605804190037285301907091865443511872780909337358499977323070554945362491120558481062474374010441479208921758922607624477388728235833881085870080.000000
340,1.483908,0.144516,767217925266335522519883445024076189285011550871142232477027495248711373983247735610388702049736613087710340681310587522844892777576906362265240880995955409648802515137759691563363653616862712159688752916061815970988032.000000,2183939385730308635208420668460933914736575353792636055752251780277989982624268939247965316352032902605804190037285301907091865443511872780909337358499977323070554945362491120558481062474374010441479208921758922607624477388728235833881085870080.000000
341,1.484813,0.140501,767217925266335522519883445024076189285011550871142232477027495248711373983247735610388702049736613087710340681310587522844892777576906362265240880995955409648802515137759691563363653616862712159688752916061815970988032.000000,2183939385730308635208420668460933914736575353792636055752251780277989982624268939247965316352032902605804190037285301907091865443511872780909337358499977323070554945362491120558481062474374010441479208921758922607624477388728235833881085870080.000000
342,1.485692,0.136476,767217925266335522519883445024076189285011550871142232477027495248711373983247735610388702049736613087710340681310587522844892777576906362265240880995955409648802515137759691563363653616862712159688752916061815970988032.000000,2183939385730308635208420668460933914736575353792636055752251780277989982624268939247965316352032902605804190037285301907091865443511872780909337358499977323070554945362491120558481062474374010441479208921758922607624477388728235833881085870080.000000
343,1.486545,0.132441,767217925266335522519883445024076189285011550871142232477027495248711373983247735610388702049736613087710340681310587522844892777576906362265240880995955409648802515137759691563363653616862712159688752916061815970988032.000000,2183939385730308635208420668460933914736575353792636055752251780277989982624268939247965316352032902605804190037285301907091865443511872780909337358499977323070554945362491120558481062474374010441479208921758922607624477388728235833881085870080.000000
344,1.487372,0.128398,767217925266335522519883445024076189285011550871142232477027495248711373983247735610388702049736613087710340681310587522844892777576906362265240880995955409648802515137759691563363653616862712159688752916061815970988032.000000,2183939385730308635208420668460933914736575353792636055752251780277989982624268939247965316352032902605804190037285301907091865443511872780909337358499977323070554945362491120558481062474374010441479208921758922607624477388728235833881085870080.000000
345,1.488172,0.124345,767217925266335522519883445024076189285011550871142232477027495248711373983247735610388702049736613087710340681310587522844892777576906362265240880995955409648802515137759691563363653616862712159688752916061815970988032.000000,2183939385730308635208420668460933914736575353792636055752251780277989982624268939247965316352032902605804190037285301907091865443511872780909337358499977323070554945362491120558481062474374010441479208921758922607624477388728235833881085870080.000000
346,1.488946,0.120283,767217925266335522519883445024076189285011550871142232477027495248711373983247735610388702049736613087710340681310587522844892777576906362265240880995955409648802515137759691563363653616862712159688752916061815970988032.000000,2183939385730308635208420668460933914736575353792636055752251780277989982624268939247965316352032902605804190037285301907091865443511872780909337358499977323070554945362491120558481062474374010441479208921758922607624477388728235833881085870080.000000
347,1.489695,0.116213,767217925266335522519883445024076189285011550871142232477027495248711373983247735610388702049736613087710340681310587522844892777576906362265240880995955409648802515137759691563363653616862712159688752916061815970988032.000000,2183939385730308635208420668460933914736575353792636055752251780277989982624268939247965316352032902605804190037285301907091865443511872780909337358499977323070554945362491120558481062474374010441479208921758922607624477388728235833881085870080.000000
348,1.490417,0.112135,767217925266335522519883445024076189285011550871142232477027495248711373983247735610388702049736613087710340681310587522844892777576906362265240880995955409648802515137759691563363653616862712159688752916061815970988032.000000,2183939385730308635208420668460933914736575353792636055752251780277989982624268939247965316352032902605804190037285301907091865443511872780909337358499977323070554945362491120558481062474374010441479208921758922607624477388728235833881085870080.000000
349,1.491113,0.108049,767217925266335522519883445024076189285011550871142232477027495248711373983247735610388702049736613087710340681310587522844892777576906362265240880995955409648802515137759691563363653616862712159688752916061815970988032.000000,2183939385730308635208420668460933914736575353792636055752251780277989982624268939247965316352032902605804190037285301907091865443511872780909337358499977323070554945362491120558481062474374010441479208921758922607624477388728235833881085870080.000000
350,1.491783,0.103956,767217925266335522519883445024076189285011550871142232477027495248711373983247735610388702049736613087710340681310587522844892777576906362265240880995955409648802515137759691563363653616862712159688752916061815970988032.000000,2183939385730308635208420668460933914736575353792636055752251780277989982624268939247965316352032902605804190037285301907091865443511872780909337358499977323070554945362491120558481062474374010441479208921758922607624477388728235833881085870080.000000
351,1.492427,0.099855,767217925266335522519883445024076189285011550871142232477027495248711373983247735610388702049736613087710340681310587522844892777576906362265240880995955409648802515137759691563363653616862712159688752916061815970988032.000000,2183939385730308635208420668460933914736575353792636055752251780277989982624268939247965316352032902605804190037285301907091865443511872780909337358499977323070554945362491120558481062474374010441479208921758922607624477388728235833881085870080.000000
352,1.493044,0.095747,767217925266335522519883445024076189285011550871142232477027495248711373983247735610388702049736613087710340681310587522844892777576906362265240880995955409648802515137759691563363653616862712159688752916061815970988032.000000,2183939385730308635208420668460933914736575353792636055752251780277989982624268939247965316352032902605804190037285301907091865443511872780909337358499977323070554945362491120558481062474374010441479208921758922607624477388728235833881085870080.000000
353,1.493635,0.091633,767217925266335522519883445024076189285011550871142232477027495248711373983247735610388702049736613087710340681310587522844892777576906362265240880995955409648802515137759691563363653616862712159688752916061815970988032.000000,2183939385730308635208420668460933914736575353792636055752251780277989982624268939247965316352032902605804190037285301907091865443511872780909337358499977323070554945362491120558481062474374010441479208921758922607624477388728235833881085870080.000000
354,1.494200,0.087512,767217925266335522519883445024076189285011550871142232477027495248711373983247735610388702049736613087710340681310587522844892777576906362265240880995955409648802515137759691563363653616862712159688752916061815970988032.000000,2183939385730308635208420668460933914736575353792636055752251780277989982624268939247965316352032902605804190037285301907091865443511872780909337358499977323070554945362491120558481062474374010441479208921758922607624477388728235833881085870080.000000
355,1.494739,0.083384,767217925266335522519883445024076189285011550871142232477027495248711373983247735610388702049736613087710340681310587522844892777576906362265240880995955409648802515137759691563363653616862712159688752916061815970988032.000000,2183939385730308635208420668460933914736575353792636055752251780277989982624268939247965316352032902605804190037285301907091865443511872780909337358499977323070554945362491120558481062474374010441479208921758922607624477388728235833881085870080.000000
356,1.495252,0.079251,767217925266335522519883445024076189285011550871142232477027495248711373983247735610388702049736613087710340681310587522844892777576906362265240880995955409648802515137759691563363653616862712159688752916061815970988032.000000,2183939385730308635208420668460933914736575353792636055752251780277989982624268939247965316352032902605804190037285301907091865443511872780909337358499977323070554945362491120558481062474374010441479208921758922607624477388728235833881085870080.000000
357,1.495738,0.075113,767217925266335522519883445024076189285011550871142232477027495248711373983247735610388702049736613087710340681310587522844892777576906362265240880995955409648802515137759691563363653616862712159688752916061815970988032.000000,2183939385730308635208420668460933914736575353792636055752251780277989982624268939247965316352032902605804190037285301907091865443511872780909337358499977323070554945362491120558481062474374010441479208921758922607624477388728235833881085870080.000000
358,1.496199,0.070969,767217925266335522519883445024076189285011550871142232477027495248711373983247735610388702049736613087710340681310587522844892777576906362265240880995955409648802515137759691563363653616862712159688752916061815970988032.000000,2183939385730308635208420668460933914736575353792636055752251780277989982624268939247965316352032902605804190037285301907091865443511872780909337358499977323070554945362491120558481062474374010441479208921758922607624477388728235833881085870080.000000
359,1.496632,0.066820,767217925266335522519883445024076189285011550871142232477027495248711373983247735610388702049736613087710340681310587522844892777576906362265240880995955409648802515137759691563363653616862712159688752916061815970988032.000000,2183939385730308635208420668460933914736575353792636055752251780277989982624268939247965316352032902605804190037285301907091865443511872780909337358499977323070554945362491120558481062474374010441479208921758922607624477388728235833881085870080.000000
360,1.497040,0.062667,767217925266335522519883445024076189285011550871142232477027495248711373983247735610388702049736613087710340681310587522844892777576906362265240880995955409648802515137759691563363653616862712159688752916061815970988032.000000,2183939385730308635208420668460933914736575353792636055752251780277989982624268939247965316352032902605804190037285301907091865443511872780909337358499977323070554945362491120558481062474374010441479208921758922607624477388728235833881085870080.000000
361,1.497421,0.058509,767217925266335522519883445024076189285011550871142232477027495248711373983247735610388702049736613087710340681310587522844892777576906362265240880995955409648802515137759691563363653616862712159688752916061815970988032.000000,2183939385730308635208420668460933914736575353792636055752251780277989982624268939247965316352032902605804190037285301907091865443511872780909337358499977323070554945362491120558481062474374010441479208921758922607624477388728235833881085870080.000000
362,1.497777,0.054347,767217925266335522519883445024076189285011550871142232477027495248711373983247735610388702049736613087710340681310587522844892777576906362265240880995955409648802515137759691563363653616862712159688752916061815970988032.000000,2183939385730308635208420668460933914736575353792636055752251780277989982624268939247965316352032902605804190037285301907091865443511872780909337358499977323070554945362491120558481062474374010441479208921758922607624477388728235833881085870080.000000
363,1.498105,0.050181,767217925266335522519883445024076189285011550871142232477027495248711373983247735610388702049736613087710340681310587522844892777576906362265240880995955409648802515137759691563363653616862712159688752916061815970988032.000000,2183939385730308635208420668460933914736575353792636055752251780277989982624268939247965316352032902605804190037285301907091865443511872780909337358499977323070554945362491120558481062474374010441479208921758922607624477388728235833881085870080.000000
364,1.498408,0.046012,767217925266335522519883445024076189285011550871142232477027495248711373983247735610388702049736613087710340681310587522844892777576906362265240880995955409648802515137759691563363653616862712159688752916061815970988032.000000,2183939385730308635208420668460933914736575353792636055752251780277989982624268939247965316352032902605804190037285301907091865443511872780909337358499977323070554945362491120558481062474374010441479208921758922607624477388728235833881085870080.000000
365,1.498684,0.041839,767217925266335522519883445024076189285011550871142232477027495248711373983247735610388702049736613087710340681310587522844892777576906362265240880995955409648802515137759691563363653616862712159688752916061815970988032.000000,2183939385730308635208420668460933914736575353792636055752251780277989982624268939247965316352032902605804190037285301907091865443511872780909337358499977323070554945362491120558481062474374010441479208921758922607624477388728235833881085870080.000000
366,1.498934,0.037663,767217925266335522519883445024076189285011550871142232477027495248711373983247735610388702049736613087710340681310587522844892777576906362265240880995955409648802515137759691563363653616862712159688752916061815970988032.000000,2183939385730308635208420668460933914736575353792636055752251780277989982624268939247965316352032902605804190037285301907091865443511872780909337358499977323070554945362491120558481062474374010441479208921758922607624477388728235833881085870080.000000
367,1.499158,0.033485,767217925266335522519883445024076189285011550871142232477027495248711373983247735610388702049736613087710340681310587522844892777576906362265240880995955409648802515137759691563363653616862712159688752916061815970988032.000000,2183939385730308635208420668460933914736575353792636055752251780277989982624268939247965316352032902605804190037285301907091865443511872780909337358499977323070554945362491120558481062474374010441479208921758922607624477388728235833881085870080.000000
368,1.499355,0.029305,767217925266335522519883445024076189285011550871142232477027495248711373983247735610388702049736613087710340681310587522844892777576906362265240880995955409648802515137759691563363653616862712159688752916061815970988032.000000,2183939385730308635208420668460933914736575353792636055752251780277989982624268939247965316352032902605804190037285301907091865443511872780909337358499977323070554945362491120558481062474374010441479208921758922607624477388728235833881085870080.000000
369,1.499526,0.025122,767217925266335522519883445024076189285011550871142232477027495248711373983247735610388702049736613087710340681310587522844892777576906362265240880995955409648802515137759691563363653616862712159688752916061815970988032.000000,2183939385730308635208420668460933914736575353792636055752251780277989982624268939247965316352032902605804190037285301907091865443511872780909337358499977323070554945362491120558481062474374010441479208921758922607624477388728235833881085870080.000000
370,1.499671,0.020938,767217925266335522519883445024076189285011550871142232477027495248711373983247735610388702049736613087710340681310587522844892777576906362265240880995955409648802515137759691563363653616862712159688752916061815970988032.000000,2183939385730308635208420668460933914736575353792636055752251780277989982624268939247965316352032902605804190037285301907091865443511872780909337358499977323070554945362491120558481062474374010441479208921758922607624477388728235833881085870080.000000
371,1.499789,0.016752,767217925266335522519883445024076189285011550871142232477027495248711373983247735610388702049736613087710340681310587522844892777576906362265240880995955409648802515137759691563363653616862712159688752916061815970988032.000000,2183939385730308635208420668460933914736575353792636055752251780277989982624268939247965316352032902605804190037285301907091865443511872780909337358499977323070554945362491120558481062474374010441479208921758922607624477388728235833881085870080.000000
372,1.499882,0.012565,767217925266335522519883445024076189285011550871142232477027495248711373983247735610388702049736613087710340681310587522844892777576906362265240880995955409648802515137759691563363653616862712159688752916061815970988032.000000,2183939385730308635208420668460933914736575353792636055752251780277989982624268939247965316352032902605804190037285301907091865443511872780909337358499977323070554945362491120558481062474374010441479208921758922607624477388728235833881085870080.000000
373,1.499947,0.008377,767217925266335522519883445024076189285011550871142232477027495248711373983247735610388702049736613087710340681310587522844892777576906362265240880995955409648802515137759691563363653616862712159688752916061815970988032.000000,2183939385730308635208420668460933914736575353792636055752251780277989982624268939247965316352032902605804190037285301907091865443511872780909337358499977323070554945362491120558481062474374010441479208921758922607624477388728235833881085870080.000000
374,1.499987,0.004189,767217925266335522519883445024076189285011550871142232477027495248711373983247735610388702049736613087710340681310587522844892777576906362265240880995955409648802515137759691563363653616862712159688752916061815970988032.000000,2183939385730308635208420668460933914736575353792636055752251780277989982624268939247965316352032902605804190037285301907091865443511872780909337358499977323070554945362491120558481062474374010441479208921758922607624477388728235833881085870080.000000
375,1.500000,0.000000,767217925266335522519883445024076189285011550871142232477027495248711373983247735610388702049736613087710340681310587522844892777576906362265240880995955409648802515137759691563363653616862712159688752916061815970988032.000000,2183939385730308635208420668460933914736575353792636055752251780277989982624268939247965316352032902605804190037285301907091865443511872780909337358499977323070554945362491120558481062474374010441479208921758922607624477388728235833881085870080.000000
376,1.499987,-0.004189,767217925266335522519883445024076189285011550871142232477027495248711373983247735610388702049736613087710340681310587522844892777576906362265240880995955409648802515137759691563363653616862712159688752916061815970988032.000000,2183939385730308635208420668460933914736575353792636055752251780277989982624268939247965316352032902605804190037285301907091865443511872780909337358499977323070554945362491120558481062474374010441479208921758922607624477388728235833881085870080.000000
377,1.499947,-0.008377,767217925266335522519883445024076189285011550871142232477027495248711373983247735610388702049736613087710340681310587522844892777576906362265240880995955409648802515137759691563363653616862712159688752916061815970988032.000000,2183939385730308635208420668460933914736575353792636055752251780277989982624268939247965316352032902605804190037285301907091865443511872780909337358499977323070554945362491120558481062474374010441479208921758922607624477388728235833881085870080.000000
378,1.499882,-0.012565,767217925266335522519883445024076189285011550871142232477027495248711373983247735610388702049736613087710340681310587522844892777576906362265240880995955409648802515137759691563363653616862712159688752916061815970988032.000000,2183939385730308635208420668460933914736575353792636055752251780277989982624268939247965316352032902605804190037285301907091865443511872780909337358499977323070554945362491120558481062474374010441479208921758922607624477388728235833881085870080.000000
379,1.499789,-0.016752,767217925266335522519883445024076189285011550871142232477027495248711373983247735610388702049736613087710340681310587522844892777576906362265240880995955409648802515137759691563363653616862712159688752916061815970988032.000000,2183939385730308635208420668460933914736575353792636055752251780277989982624268939247965316352032902605804190037285301907091865443511872780909337358499977323070554945362491120558481062474374010441479208921758922607624477388728235833881085870080.000000
380,1.499671,-0.020938,767217925266335522519883445024076189285011550871142232477027495248711373983247735610388702049736613087710340681310587522844892777576906362265240880995955409648802515137759691563363653616862712159688752916061815970988032.000000,2183939385730308635208420668460933914736575353792636055752251780277989982624268939247965316352032902605804190037285301907091865443511872780909337358499977323070554945362491120558481062474374010441479208921758922607624477388728235833881085870080.000000
381,1.499526,-0.025122,767217925266335522519883445024076189285011550871142232477027495248711373983247735610388702049736613087710340681310587522844892777576906362265240880995955409648802515137759691563363653616862712159688752916061815970988032.000000,2183939385730308635208420668460933914736575353792636055752251780277989982624268939247965316352032902605804190037285301907091865443511872780909337358499977323070554945362491120558481062474374010441479208921758922607624477388728235833881085870080.000000
382,1.499355,-0.029305,767217925266335522519883445024076189285011550871142232477027495248711373983247735610388702049736613087710340681310587522844892777576906362265240880995955409648802515137759691563363653616862712159688752916061815970988032.000000,2183939385730308635208420668460933914736575353792636055752251780277989982624268939247965316352032902605804190037285301907091865443511872780909337358499977323070554945362491120558481062474374010441479208921758922607624477388728235833881085870080.000000
383,1.499158,-0.033485,767217925266335522519883445024076189285011550871142232477027495248711373983247735610388702049736613087710340681310587522844892777576906362265240880995955409648802515137759691563363653616862712159688752916061815970988032.000000,2183939385730308635208420668460933914736575353792636055752251780277989982624268939247965316352032902605804190037285301907091865443511872780909337358499977323070554945362491120558481062474374010441479208921758922607624477388728235833881085870080.000000
384,1.498934,-0.037663,767217925266335522519883445024076189285011550871142232477027495248711373983247735610388702049736613087710340681310587522844892777576906362265240880995955409648802515137759691563363653616862712159688752916061815970988032.000000,2183939385730308635208420668460933914736575353792636055752251780277989982624268939247965316352032902605804190037285301907091865443511872780909337358499977323070554945362491120558481062474374010441479208921758922607624477388728235833881085870080.000000
385,1.498684,-0.041839,767217925266335522519883445024076189285011550871142232477027495248711373983247735610388702049736613087710340681310587522844892777576906362265240880995955409648802515137759691563363653616862712159688752916061815970988032.000000,2183939385730308635208420668460933914736575353792636055752251780277989982624268939247965316352032902605804190037285301907091865443511872780909337358499977323070554945362491120558481062474374010441479208921758922607624477388728235833881085870080.000000
386,1.498408,-0.046012,767217925266335522519883445024076189285011550871142232477027495248711373983247735610388702049736613087710340681310587522844892777576906362265240880995955409648802515137759691563363653616862712159688752916061815970988032.000000,2183939385730308635208420668460933914736575353792636055752251780277989982624268939247965316352032902605804190037285301907091865443511872780909337358499977323070554945362491120558481062474374010441479208921758922607624477388728235833881085870080.000000
387,1.498105,-0.050181,767217925266335522519883445024076189285011550871142232477027495248711373983247735610388702049736613087710340681310587522844892777576906362265240880995955409648802515137759691563363653616862712159688752916061815970988032.000000,2183939385730308635208420668460933914736575353792636055752251780277989982624268939247965316352032902605804190037285301907091865443511872780909337358499977323070554945362491120558481062474374010441479208921758922607624477388728235833881085870080.000000
388,1.497777,-0.054347,767217925266335522519883445024076189285011550871142232477027495248711373983247735610388702049736613087710340681310587522844892777576906362265240880995955409648802515137759691563363653616862712159688752916061815970988032.000000,2183939385730308635208420668460933914736575353792636055752251780277989982624268939247965316352032902605804190037285301907091865443511872780909337358499977323070554945362491120558481062474374010441479208921758922607624477388728235833881085870080.000000
389,1.497421,-0.058509,767217925266335522519883445024076189285011550871142232477027495248711373983247735610388702049736613087710340681310587522844892777576906362265240880995955409648802515137759691563363653616862712159688752916061815970988032.000000,2183939385730308635208420668460933914736575353792636055752251780277989982624268939247965316352032902605804190037285301907091865443511872780909337358499977323070554945362491120558481062474374010441479208921758922607624477388728235833881085870080.000000
390,1.497040,-0.062667,767217925266335522519883445024076189285011550871142232477027495248711373983247735610388702049736613087710340681310587522844892777576906362265240880995955409648802515137759691563363653616862712159688752916061815970988032.000000,2183939385730308635208420668460933914736575353792636055752251780277989982624268939247965316352032902605804190037285301907091865443511872780909337358499977323070554945362491120558481062474374010441479208921758922607624477388728235833881085870080.000000
391,1.496632,-0.066820,767217925266335522519883445024076189285011550871142232477027495248711373983247735610388702049736613087710340681310587522844892777576906362265240880995955409648802515137759691563363653616862712159688752916061815970988032.000000,2183939385730308635208420668460933914736575353792636055752251780277989982624268939247965316352032902605804190037285301907091865443511872780909337358499977323070554945362491120558481062474374010441479208921758922607624477388728235833881085870080.000000
392,1.496199,-0.070969,767217925266335522519883445024076189285011550871142232477027495248711373983247735610388702049736613087710340681310587522844892777576906362265240880995955409648802515137759691563363653616862712159688752916061815970988032.000000,2183939385730308635208420668460933914736575353792636055752251780277989982624268939247965316352032902605804190037285301907091865443511872780909337358499977323070554945362491120558481062474374010441479208921758922607624477388728235833881085870080.000000
393,1.495738,-0.075113,767217925266335522519883445024076189285011550871142232477027495248711373983247735610388702049736613087710340681310587522844892777576906362265240880995955409648802515137759691563363653616862712159688752916061815970988032.000000,2183939385730308635208420668460933914736575353792636055752251780277989982624268939247965316352032902605804190037285301907091865443511872780909337358499977323070554945362491120558481062474374010441479208921758922607624477388728235833881085870080.000000
394,1.495252,-0.079251,767217925266335522519883445024076189285011550871142232477027495248711373983247735610388702049736613087710340681310587522844892777576906362265240880995955409648802515137759691563363653616862712159688752916061815970988032.000000,2183939385730308635208420668460933914736575353792636055752251780277989982624268939247965316352032902605804190037285301907091865443511872780909337358499977323070554945362491120558481062474374010441479208921758922607624477388728235833881085870080.000000
395,1.494739,-0.083384,767217925266335522519883445024076189285011550871142232477027495248711373983247735610388702049736613087710340681310587522844892777576906362265240880995955409648802515137759691563363653616862712159688752916061815970988032.000000,2183939385730308635208420668460933914736575353792636055752251780277989982624268939247965316352032902605804190037285301907091865443511872780909337358499977323070554945362491120558481062474374010441479208921758922607624477388728235833881085870080.000000
396,1.494200,-0.087512,767217925266335522519883445024076189285011550871142232477027495248711373983247735610388702049736613087710340681310587522844892777576906362265240880995955409648802515137759691563363653616862712159688752916061815970988032.000000,2183939385730308635208420668460933914736575353792636055752251780277989982624268939247965316352032902605804190037285301907091865443511872780909337358499977323070554945362491120558481062474374010441479208921758922607624477388728235833881085870080.000000
397,1.493635,-0.091633,767217925266335522519883445024076189285011550871142232477027495248711373983247735610388702049736613087710340681310587522844892777576906362265240880995955409648802515137759691563363653616862712159688752916061815970988032.000000,2183939385730308635208420668460933914736575353792636055752251780277989982624268939247965316352032902605804190037285301907091865443511872780909337358499977323070554945362491120558481062474374010441479208921758922607624477388728235833881085870080.000000
398,1.493044,-0.095747,767217925266335522519883445024076189285011550871142232477027495248711373983247735610388702049736613087710340681310587522844892777576906362265240880995955409648802515137759691563363653616862712159688752916061815970988032.000000,2183939385730308635208420668460933914736575353792636055752251780277989982624268939247965316352032902605804190037285301907091865443511872780909337358499977323070554945362491120558481062474374010441479208921758922607624477388728235833881085870080.000000
399,1.492427,-0.099855,767217925266335522519883445024076189285011550871142232477027495248711373983247735610388702049736613087710340681310587522844892777576906362265240880995955409648802515137759691563363653616862712159688752916061815970988032.000000,2183939385730308635208420668460933914736575353792636055752251780277989982624268939247965316352032902605804190037285301907091865443511872780909337358499977323070554945362491120558481062474374010441479208921758922607624477388728235833881085870080.000000
400,1.491783,-0.103956,767217925266335522519883445024076189285011550871142232477027495248711373983247735610388702049736613087710340681310587522844892777576906362265240880995955409648802515137759691563363653616862712159688752916061815970988032.000000,2183939385730308635208420668460933914736575353792636055752251780277989982624268939247965316352032902605804190037285301907091865443511872780909337358499977323070554945362491120558481062474374010441479208921758922607624477388728235833881085870080.000000
401,1.491113,-0.108049,767217925266335522519883445024076189285011550871142232477027495248711373983247735610388702049736613087710340681310587522844892777576906362265240880995955409648802515137759691563363653616862712159688752916061815970988032.000000,2183939385730308635208420668460933914736575353792636055752251780277989982624268939247965316352032902605804190037285301907091865443511872780909337358499977323070554945362491120558481062474374010441479208921758922607624477388728235833881085870080.000000
402,1.490417,-0.112135,767217925266335522519883445024076189285011550871142232477027495248711373983247735610388702049736613087710340681310587522844892777576906362265240880995955409648802515137759691563363653616862712159688752916061815970988032.000000,2183939385730308635208420668460933914736575353792636055752251780277989982624268939247965316352032902605804190037285301907091865443511872780909337358499977323070554945362491120558481062474374010441479208921758922607624477388728235833881085870080.000000
403,1.489695,-0.116213,767217925266335522519883445024076189285011550871142232477027495248711373983247735610388702049736613087710340681310587522844892777576906362265240880995955409648802515137759691563363653616862712159688752916061815970988032.000000,2183939385730308635208420668460933914736575353792636055752251780277989982624268939247965316352032902605804190037285301907091865443511872780909337358499977323070554945362491120558481062474374010441479208921758922607624477388728235833881085870080.000000
404,1.488946,-0.120283,767217925266335522519883445024076189285011550871142232477027495248711373983247735610388702049736613087710340681310587522844892777576906362265240880995955409648802515137759691563363653616862712159688752916061815970988032.000000,2183939385730308635208420668460933914736575353792636055752251780277989982624268939247965316352032902605804190037285301907091865443511872780909337358499977323070554945362491120558481062474374010441479208921758922607624477388728235833881085870080.000000
405,1.488172,-0.124345,767217925266335522519883445024076189285011550871142232477027495248711373983247735610388702049736613087710340681310587522844892777576906362265240880995955409648802515137759691563363653616862712159688752916061815970988032.000000,2183939385730308635208420668460933914736575353792636055752251780277989982624268939247965316352032902605804190037285301907091865443511872780909337358499977323070554945362491120558481062474374010441479208921758922607624477388728235833881085870080.000000
406,1.487372,-0.128398,767217925266335522519883445024076189285011550871142232477027495248711373983247735610388702049736613087710340681310587522844892777576906362265240880995955409648802515137759691563363653616862712159688752916061815970988032.000000,2183939385730308635208420668460933914736575353792636055752251780277989982624268939247965316352032902605804190037285301907091865443511872780909337358499977323070554945362491120558481062474374010441479208921758922607624477388728235833881085870080.000000
407,1.486545,-0.132441,767217925266335522519883445024076189285011550871142232477027495248711373983247735610388702049736613087710340681310587522844892777576906362265240880995955409648802515137759691563363653616862712159688752916061815970988032.000000,2183939385730308635208420668460933914736575353792636055752251780277989982624268939247965316352032902605804190037285301907091865443511872780909337358499977323070554945362491120558481062474374010441479208921758922607624477388728235833881085870080.000000
408,1.485692,-0.136476,767217925266335522519883445024076189285011550871142232477027495248711373983247735610388702049736613087710340681310587522844892777576906362265240880995955409648802515137759691563363653616862712159688752916061815970988032.000000,2183939385730308635208420668460933914736575353792636055752251780277989982624268939247965316352032902605804190037285301907091865443511872780909337358499977323070554945362491120558481062474374010441479208921758922607624477388728235833881085870080.000000
409,1.484813,-0.140501,767217925266335522519883445024076189285011550871142232477027495248711373983247735610388702049736613087710340681310587522844892777576906362265240880995955409648802515137759691563363653616862712159688752916061815970988032.000000,2183939385730308635208420668460933914736575353792636055752251780277989982624268939247965316352032902605804190037285301907091865443511872780909337358499977323070554945362491120558481062474374010441479208921758922607624477388728235833881085870080.000000
410,1.483908,-0.144516,767217925266335522519883445024076189285011550871142232477027495248711373983247735610388702049736613087710340681310587522844892777576906362265240880995955409648802515137759691563363653616862712159688752916061815970988032.000000,2183939385730308635208420668460933914736575353792636055752251780277989982624268939247965316352032902605804190037285301907091865443511872780909337358499977323070554945362491120558481062474374010441479208921758922607624477388728235833881085870080.000000
411,1.482978,-0.148521,767217925266335522519883445024076189285011550871142232477027495248711373983247735610388702049736613087710340681310587522844892777576906362265240880995955409648802515137759691563363653616862712159688752916061815970988032.000000,2183939385730308635208420668460933914736575353792636055752251780277989982624268939247965316352032902605804190037285301907091865443511872780909337358499977323070554945362491120558481062474374010441479208921758922607624477388728235833881085870080.000000
412,1.482021,-0.152515,767217925266335522519883445024076189285011550871142232477027495248711373983247735610388702049736613087710340681310587522844892777576906362265240880995955409648802515137759691563363653616862712159688752916061815970988032.000000,2183939385730308635208420668460933914736575353792636055752251780277989982624268939247965316352032902605804190037285301907091865443511872780909337358499977323070554945362491120558481062474374010441479208921758922607624477388728235833881085870080.000000
413,1.481038,-0.156499,767217925266335522519883445024076189285011550871142232477027495248711373983247735610388702049736613087710340681310587522844892777576906362265240880995955409648802515137759691563363653616862712159688752916061815970988032.000000,2183939385730308635208420668460933914736575353792636055752251780277989982624268939247965316352032902605804190037285301907091865443511872780909337358499977323070554945362491120558481062474374010441479208921758922607624477388728235833881085870080.000000
414,1.480029,-0.160472,767217925266335522519883445024076189285011550871142232477027495248711373983247735610388702049736613087710340681310587522844892777576906362265240880995955409648802515137759691563363653616862712159688752916061815970988032.000000,2183939385730308635208420668460933914736575353792636055752251780277989982624268939247965316352032902605804190037285301907091865443511872780909337358499977323070554945362491120558481062474374010441479208921758922607624477388728235833881085870080.000000
415,1.478994,-0.164433,767217925266335522519883445024076189285011550871142232477027495248711373983247735610388702049736613087710340681310587522844892777576906362265240880995955409648802515137759691563363653616862712159688752916061815970988032.000000,2183939385730308635208420668460933914736575353792636055752251780277989982624268939247965316352032902605804190037285301907091865443511872780909337358499977323070554945362491120558481062474374010441479208921758922607624477388728235833881085870080.000000
416,1.477933,-0.168383,767217925266335522519883445024076189285011550871142232477027495248711373983247735610388702049736613087710340681310587522844892777576906362265240880995955409648802515137759691563363653616862712159688752916061815970988032.000000,2183939385730308635208420668460933914736575353792636055752251780277989982624268939247965316352032902605804190037285301907091865443511872780909337358499977323070554945362491120558481062474374010441479208921758922607624477388728235833881085870080.000000
417,1.476847,-0.172321,767217925266335522519883445024076189285011550871142232477027495248711373983247735610388702049736613087710340681310587522844892777576906362265240880995955409648802515137759691563363653616862712159688752916061815970988032.000000,2183939385730308635208420668460933914736575353792636055752251780277989982624268939247965316352032902605804190037285301907091865443511872780909337358499977323070554945362491120558481062474374010441479208921758922607624477388728235833881085870080.000000
418,1.475734,-0.176248,767217925266335522519883445024076189285011550871142232477027495248711373983247735610388702049736613087710340681310587522844892777576906362265240880995955409648802515137759691563363653616862712159688752916061815970988032.000000,2183939385730308635208420668460933914736575353792636055752251780277989982624268939247965316352032902605804190037285301907091865443511872780909337358499977323070554945362491120558481062474374010441479208921758922607624477388728235833881085870080.000000
419,1.474595,-0.180161,767217925266335522519883445024076189285011550871142232477027495248711373983247735610388702049736613087710340681310587522844892777576906362265240880995955409648802515137759691563363653616862712159688752916061815970988032.000000,2183939385730308635208420668460933914736575353792636055752251780277989982624268939247965316352032902605804190037285301907091865443511872780909337358499977323070554945362491120558481062474374010441479208921758922607624477388728235833881085870080.000000
420,1.473431,-0.184062,767217925266335522519883445024076189285011550871142232477027495248711373983247735610388702049736613087710340681310587522844892777576906362265240880995955409648802515137759691563363653616862712159688752916061815970988032.000000,2183939385730308635208420668460933914736575353792636055752251780277989982624268939247965316352032902605804190037285301907091865443511872780909337358499977323070554945362491120558481062474374010441479208921758922607624477388728235833881085870080.000000
421,1.472241,-0.187950,767217925266335522519883445024076189285011550871142232477027495248711373983247735610388702049736613087710340681310587522844892777576906362265240880995955409648802515137759691563363653616862712159688752916061815970988032.000000,2183939385730308635208420668460933914736575353792636055752251780277989982624268939247965316352032902605804190037285301907091865443511872780909337358499977323070554945362491120558481062474374010441479208921758922607624477388728235833881085870080.000000
422,1.471024,-0.191825,767217925266335522519883445024076189285011550871142232477027495248711373983247735610388702049736613087710340681310587522844892777576906362265240880995955409648802515137759691563363653616862712159688752916061815970988032.000000,2183939385730308635208420668460933914736575353792636055752251780277989982624268939247965316352032902605804190037285301907091865443511872780909337358499977323070554945362491120558481062474374010441479208921758922607624477388728235833881085870080.000000
423,1.469783,-0.195687,767217925266335522519883445024076189285011550871142232477027495248711373983247735610388702049736613087710340681310587522844892777576906362265240880995955409648802515137759691563363653616862712159688752916061815970988032.000000,2183939385730308635208420668460933914736575353792636055752251780277989982624268939247965316352032902605804190037285301907091865443511872780909337358499977323070554945362491120558481062474374010441479208921758922607624477388728235833881085870080.000000
424,1.468515,-0.199535,767217925266335522519883445024076189285011550871142232477027495248711373983247735610388702049736613087710340681310587522844892777576906362265240880995955409648802515137759691563363653616862712159688752916061815970988032.000000,2183939385730308635208420668460933914736575353792636055752251780277989982624268939247965316352032902605804190037285301907091865443511872780909337358499977323070554945362491120558481062474374010441479208921758922607624477388728235833881085870080.000000
425,1.467221,-0.203368,767217925266335522519883445024076189285011550871142232477027495248711373983247735610388702049736613087710340681310587522844892777576906362265240880995955409648802515137759691563363653616862712159688752916061815970988032.000000,2183939385730308635208420668460933914736575353792636055752251780277989982624268939247965316352032902605804190037285301907091865443511872780909337358499977323070554945362491120558481062474374010441479208921758922607624477388728235833881085870080.000000
426,1.465902,-0.207188,767217925266335522519883445024076189285011550871142232477027495248711373983247735610388702049736613087710340681310587522844892777576906362265240880995955409648802515137759691563363653616862712159688752916061815970988032.000000,2183939385730308635208420668460933914736575353792636055752251780277989982624268939247965316352032902605804190037285301907091865443511872780909337358499977323070554945362491120558481062474374010441479208921758922607624477388728235833881085870080.000000
427,1.464557,-0.210993,767217925266335522519883445024076189285011550871142232477027495248711373983247735610388702049736613087710340681310587522844892777576906362265240880995955409648802515137759691563363653616862712159688752916061815970988032.000000,2183939385730308635208420668460933914736575353792636055752251780277989982624268939247965316352032902605804190037285301907091865443511872780909337358499977323070554945362491120558481062474374010441479208921758922607624477388728235833881085870080.000000
428,1.463187,-0.214783,767217925266335522519883445024076189285011550871142232477027495248711373983247735610388702049736613087710340681310587522844892777576906362265240880995955409648802515137759691563363653616862712159688752916061815970988032.000000,2183939385730308635208420668460933914736575353792636055752251780277989982624268939247965316352032902605804190037285301907091865443511872780909337358499977323070554945362491120558481062474374010441479208921758922607624477388728235833881085870080.000000
429,1.461790,-0.218558,767217925266335522519883445024076189285011550871142232477027495248711373983247735610388702049736613087710340681310587522844892777576906362265240880995955409648802515137759691563363653616862712159688752916061815970988032.000000,2183939385730308635208420668460933914736575353792636055752251780277989982624268939247965316352032902605804190037285301907091865443511872780909337358499977323070554945362491120558481062474374010441479208921758922607624477388728235833881085870080.000000
430,1.460368,-0.222318,767217925266335522519883445024076189285011550871142232477027495248711373983247735610388702049736613087710340681310587522844892777576906362265240880995955409648802515137759691563363653616862712159688752916061815970988032.000000,2183939385730308635208420668460933914736575353792636055752251780277989982624268939247965316352032902605804190037285301907091865443511872780909337358499977323070554945362491120558481062474374010441479208921758922607624477388728235833881085870080.000000
431,1.458921,-0.226062,767217925266335522519883445024076189285011550871142232477027495248711373983247735610388702049736613087710340681310587522844892777576906362265240880995955409648802515137759691563363653616862712159688752916061815970988032.000000,2183939385730308635208420668460933914736575353792636055752251780277989982624268939247965316352032902605804190037285301907091865443511872780909337358499977323070554945362491120558481062474374010441479208921758922607624477388728235833881085870080.000000
432,1.457448,-0.229790,767217925266335522519883445024076189285011550871142232477027495248711373983247735610388702049736613087710340681310587522844892777576906362265240880995955409648802515137759691563363653616862712159688752916061815970988032.000000,2183939385730308635208420668460933914736575353792636055752251780277989982624268939247965316352032902605804190037285301907091865443511872780909337358499977323070554945362491120558481062474374010441479208921758922607624477388728235833881085870080.000000
433,1.455949,-0.233502,767217925266335522519883445024076189285011550871142232477027495248711373983247735610388702049736613087710340681310587522844892777576906362265240880995955409648802515137759691563363653616862712159688752916061815970988032.000000,2183939385730308635208420668460933914736575353792636055752251780277989982624268939247965316352032902605804190037285301907091865443511872780909337358499977323070554945362491120558481062474374010441479208921758922607624477388728235833881085870080.000000
434,1.454425,-0.237198,767217925266335522519883445024076189285011550871142232477027495248711373983247735610388702049736613087710340681310587522844892777576906362265240880995955409648802515137759691563363653616862712159688752916061815970988032.000000,2183939385730308635208420668460933914736575353792636055752251780277989982624268939247965316352032902605804190037285301907091865443511872780909337358499977323070554945362491120558481062474374010441479208921758922607624477388728235833881085870080.000000
435,1.452875,-0.240877,767217925266335522519883445024076189285011550871142232477027495248711373983247735610388702049736613087710340681310587522844892777576906362265240880995955409648802515137759691563363653616862712159688752916061815970988032.000000,2183939385730308635208420668460933914736575353792636055752251780277989982624268939247965316352032902605804190037285301907091865443511872780909337358499977323070554945362491120558481062474374010441479208921758922607624477388728235833881085870080.000000
436,1.451299,-0.244539,767217925266335522519883445024076189285011550871142232477027495248711373983247735610388702049736613087710340681310587522844892777576906362265240880995955409648802515137759691563363653616862712159688752916061815970988032.000000,2183939385730308635208420668460933914736575353792636055752251780277989982624268939247965316352032902605804190037285301907091865443511872780909337358499977323070554945362491120558481062474374010441479208921758922607624477388728235833881085870080.000000
437,1.449699,-0.248184,767217925266335522519883445024076189285011550871142232477027495248711373983247735610388702049736613087710340681310587522844892777576906362265240880995955409648802515137759691563363653616862712159688752916061815970988032.000000,2183939385730308635208420668460933914736575353792636055752251780277989982624268939247965316352032902605804190037285301907091865443511872780909337358499977323070554945362491120558481062474374010441479208921758922607624477388728235833881085870080.000000
438,1.448072,-0.251812,767217925266335522519883445024076189285011550871142232477027495248711373983247735610388702049736613087710340681310587522844892777576906362265240880995955409648802515137759691563363653616862712159688752916061815970988032.000000,2183939385730308635208420668460933914736575353792636055752251780277989982624268939247965316352032902605804190037285301907091865443511872780909337358499977323070554945362491120558481062474374010441479208921758922607624477388728235833881085870080.000000
439,1.446421,-0.255422,767217925266335522519883445024076189285011550871142232477027495248711373983247735610388702049736613087710340681310587522844892777576906362265240880995955409648802515137759691563363653616862712159688752916061815970988032.000000,2183939385730308635208420668460933914736575353792636055752251780277989982624268939247965316352032902605804190037285301907091865443511872780909337358499977323070554945362491120558481062474374010441479208921758922607624477388728235833881085870080.000000
440,1.444744,-0.259014,767217925266335522519883445024076189285011550871142232477027495248711373983247735610388702049736613087710340681310587522844892777576906362265240880995955409648802515137759691563363653616862712159688752916061815970988032.000000,2183939385730308635208420668460933914736575353792636055752251780277989982624268939247965316352032902605804190037285301907091865443511872780909337358499977323070554945362491120558481062474374010441479208921758922607624477388728235833881085870080.000000
441,1.443042,-0.262587,767217925266335522519883445024076189285011550871142232477027495248711373983247735610388702049736613087710340681310587522844892777576906362265240880995955409648802515137759691563363653616862712159688752916061815970988032.000000,2183939385730308635208420668460933914736575353792636055752251780277989982624268939247965316352032902605804190037285301907091865443511872780909337358499977323070554945362491120558481062474374010441479208921758922607624477388728235833881085870080.000000
442,1.441314,-0.266143,767217925266335522519883445024076189285011550871142232477027495248711373983247735610388702049736613087710340681310587522844892777576906362265240880995955409648802515137759691563363653616862712159688752916061815970988032.000000,2183939385730308635208420668460933914736575353792636055752251780277989982624268939247965316352032902605804190037285301907091865443511872780909337358499977323070554945362491120558481062474374010441479208921758922607624477388728235833881085870080.000000
443,1.439561,-0.269679,767217925266335522519883445024076189285011550871142232477027495248711373983247735610388702049736613087710340681310587522844892777576906362265240880995955409648802515137759691563363653616862712159688752916061815970988032.000000,2183939385730308635208420668460933914736575353792636055752251780277989982624268939247965316352032902605804190037285301907091865443511872780909337358499977323070554945362491120558481062474374010441479208921758922607624477388728235833881085870080.000000
444,1.437783,-0.273197,767217925266335522519883445024076189285011550871142232477027495248711373983247735610388702049736613087710340681310587522844892777576906362265240880995955409648802515137759691563363653616862712159688752916061815970988032.000000,2183939385730308635208420668460933914736575353792636055752251780277989982624268939247965316352032902605804190037285301907091865443511872780909337358499977323070554945362491120558481062474374010441479208921758922607624477388728235833881085870080.000000
445,1.435979,-0.276696,767217925266335522519883445024076189285011550871142232477027495248711373983247735610388702049736613087710340681310587522844892777576906362265240880995955409648802515137759691563363653616862712159688752916061815970988032.000000,2183939385730308635208420668460933914736575353792636055752251780277989982624268939247965316352032902605804190037285301907091865443511872780909337358499977323070554945362491120558481062474374010441479208921758922607624477388728235833881085870080.000000
446,1.434151,-0.280175,767217925266335522519883445024076189285011550871142232477027495248711373983247735610388702049736613087710340681310587522844892777576906362265240880995955409648802515137759691563363653616862712159688752916061815970988032.000000,2183939385730308635208420668460933914736575353792636055752251780277989982624268939247965316352032902605804190037285301907091865443511872780909337358499977323070554945362491120558481062474374010441479208921758922607624477388728235833881085870080.000000
447,1.432297,-0.283634,767217925266335522519883445024076189285011550871142232477027495248711373983247735610388702049736613087710340681310587522844892777576906362265240880995955409648802515137759691563363653616862712159688752916061815970988032.000000,2183939385730308635208420668460933914736575353792636055752251780277989982624268939247965316352032902605804190037285301907091865443511872780909337358499977323070554945362491120558481062474374010441479208921758922607624477388728235833881085870080.000000
448,1.430418,-0.287074,767217925266335522519883445024076189285011550871142232477027495248711373983247735610388702049736613087710340681310587522844892777576906362265240880995955409648802515137759691563363653616862712159688752916061815970988032.000000,2183939385730308635208420668460933914736575353792636055752251780277989982624268939247965316352032902605804190037285301907091865443511872780909337358499977323070554945362491120558481062474374010441479208921758922607624477388728235833881085870080.000000
449,1.428514,-0.290494,767217925266335522519883445024076189285011550871142232477027495248711373983247735610388702049736613087710340681310587522844892777576906362265240880995955409648802515137759691563363653616862712159688752916061815970988032.000000,2183939385730308635208420668460933914736575353792636055752251780277989982624268939247965316352032902605804190037285301907091865443511872780909337358499977323070554945362491120558481062474374010441479208921758922607624477388728235833881085870080.000000
450,1.426585,-0.293893,767217925266335522519883445024076189285011550871142232477027495248711373983247735610388702049736613087710340681310587522844892777576906362265240880995955409648802515137759691563363653616862712159688752916061815970988032.000000,2183939385730308635208420668460933914736575353792636055752251780277989982624268939247965316352032902605804190037285301907091865443511872780909337358499977323070554945362491120558481062474374010441479208921758922607624477388728235833881085870080.000000
451,1.424631,-0.297271,767217925266335522519883445024076189285011550871142232477027495248711373983247735610388702049736613087710340681310587522844892777576906362265240880995955409648802515137759691563363653616862712159688752916061815970988032.000000,2183939385730308635208420668460933914736575353792636055752251780277989982624268939247965316352032902605804190037285301907091865443511872780909337358499977323070554945362491120558481062474374010441479208921758922607624477388728235833881085870080.000000
452,1.422652,-0.300629,767217925266335522519883445024076189285011550871142232477027495248711373983247735610388702049736613087710340681310587522844892777576906362265240880995955409648802515137759691563363653616862712159688752916061815970988032.000000,2183939385730308635208420668460933914736575353792636055752251780277989982624268939247965316352032902605804190037285301907091865443511872780909337358499977323070554945362491120558481062474374010441479208921758922607624477388728235833881085870080.000000
453,1.420647,-0.303965,767217925266335522519883445024076189285011550871142232477027495248711373983247735610388702049736613087710340681310587522844892777576906362265240880995955409648802515137759691563363653616862712159688752916061815970988032.000000,2183939385730308635208420668460933914736575353792636055752251780277989982624268939247965316352032902605804190037285301907091865443511872780909337358499977323070554945362491120558481062474374010441479208921758922607624477388728235833881085870080.000000
454,1.418618,-0.307280,767217925266335522519883445024076189285011550871142232477027495248711373983247735610388702049736613087710340681310587522844892777576906362265240880995955409648802515137759691563363653616862712159688752916061815970988032.000000,2183939385730308635208420668460933914736575353792636055752251780277989982624268939247965316352032902605804190037285301907091865443511872780909337358499977323070554945362491120558481062474374010441479208921758922607624477388728235833881085870080.000000
455,1.416565,-0.310574,767217925266335522519883445024076189285011550871142232477027495248711373983247735610388702049736613087710340681310587522844892777576906362265240880995955409648802515137759691563363653616862712159688752916061815970988032.000000,2183939385730308635208420668460933914736575353792636055752251780277989982624268939247965316352032902605804190037285301907091865443511872780909337358499977323070554945362491120558481062474374010441479208921758922607624477388728235833881085870080.000000
456,1.414486,-0.313846,767217925266335522519883445024076189285011550871142232477027495248711373983247735610388702049736613087710340681310587522844892777576906362265240880995955409648802515137759691563363653616862712159688752916061815970988032.000000,2183939385730308635208420668460933914736575353792636055752251780277989982624268939247965316352032902605804190037285301907091865443511872780909337358499977323070554945362491120558481062474374010441479208921758922607624477388728235833881085870080.000000
457,1.412382,-0.317095,767217925266335522519883445024076189285011550871142232477027495248711373983247735610388702049736613087710340681310587522844892777576906362265240880995955409648802515137759691563363653616862712159688752916061815970988032.000000,2183939385730308635208420668460933914736575353792636055752251780277989982624268939247965316352032902605804190037285301907091865443511872780909337358499977323070554945362491120558481062474374010441479208921758922607624477388728235833881085870080.000000
458,1.410254,-0.320323,767217925266335522519883445024076189285011550871142232477027495248711373983247735610388702049736613087710340681310587522844892777576906362265240880995955409648802515137759691563363653616862712159688752916061815970988032.000000,2183939385730308635208420668460933914736575353792636055752251780277989982624268939247965316352032902605804190037285301907091865443511872780909337358499977323070554945362491120558481062474374010441479208921758922607624477388728235833881085870080.000000
459,1.408101,-0.323528,767217925266335522519883445024076189285011550871142232477027495248711373983247735610388702049736613087710340681310587522844892777576906362265240880995955409648802515137759691563363653616862712159688752916061815970988032.000000,2183939385730308635208420668460933914736575353792636055752251780277989982624268939247965316352032902605804190037285301907091865443511872780909337358499977323070554945362491120558481062474374010441479208921758922607624477388728235833881085870080.000000
460,1.405923,-0.326710,767217925266335522519883445024076189285011550871142232477027495248711373983247735610388702049736613087710340681310587522844892777576906362265240880995955409648802515137759691563363653616862712159688752916061815970988032.000000,2183939385730308635208420668460933914736575353792636055752251780277989982624268939247965316352032902605804190037285301907091865443511872780909337358499977323070554945362491120558481062474374010441479208921758922607624477388728235833881085870080.000000
461,1.403721,-0.329870,767217925266335522519883445024076189285011550871142232477027495248711373983247735610388702049736613087710340681310587522844892777576906362265240880995955409648802515137759691563363653616862712159688752916061815970988032.000000,2183939385730308635208420668460933914736575353792636055752251780277989982624268939247965316352032902605804190037285301907091865443511872780909337358499977323070554945362491120558481062474374010441479208921758922607624477388728235833881085870080.000000
462,1.401493,-0.333006,767217925266335522519883445024076189285011550871142232477027495248711373983247735610388702049736613087710340681310587522844892777576906362265240880995955409648802515137759691563363653616862712159688752916061815970988032.000000,2183939385730308635208420668460933914736575353792636055752251780277989982624268939247965316352032902605804190037285301907091865443511872780909337358499977323070554945362491120558481062474374010441479208921758922607624477388728235833881085870080.000000
463,1.399242,-0.336119,767217925266335522519883445024076189285011550871142232477027495248711373983247735610388702049736613087710340681310587522844892777576906362265240880995955409648802515137759691563363653616862712159688752916061815970988032.000000,2183939385730308635208420668460933914736575353792636055752251780277989982624268939247965316352032902605804190037285301907091865443511872780909337358499977323070554945362491120558481062474374010441479208921758922607624477388728235833881085870080.000000
464,1.396965,-0.339208,767217925266335522519883445024076189285011550871142232477027495248711373983247735610388702049736613087710340681310587522844892777576906362265240880995955409648802515137759691563363653616862712159688752916061815970988032.000000,2183939385730308635208420668460933914736575353792636055752251780277989982624268939247965316352032902605804190037285301907091865443511872780909337358499977323070554945362491120558481062474374010441479208921758922607624477388728235833881085870080.000000
465,1.394665,-0.342274,767217925266335522519883445024076189285011550871142232477027495248711373983247735610388702049736613087710340681310587522844892777576906362265240880995955409648802515137759691563363653616862712159688752916061815970988032.000000,2183939385730308635208420668460933914736575353792636055752251780277989982624268939247965316352032902605804190037285301907091865443511872780909337358499977323070554945362491120558481062474374010441479208921758922607624477388728235833881085870080.000000
466,1.392340,-0.345315,767217925266335522519883445024076189285011550871142232477027495248711373983247735610388702049736613087710340681310587522844892777576906362265240880995955409648802515137759691563363653616862712159688752916061815970988032.000000,2183939385730308635208420668460933914736575353792636055752251780277989982624268939247965316352032902605804190037285301907091865443511872780909337358499977323070554945362491120558481062474374010441479208921758922607624477388728235833881085870080.000000
467,1.389990,-0.348332,767217925266335522519883445024076189285011550871142232477027495248711373983247735610388702049736613087710340681310587522844892777576906362265240880995955409648802515137759691563363653616862712159688752916061815970988032.000000,2183939385730308635208420668460933914736575353792636055752251780277989982624268939247965316352032902605804190037285301907091865443511872780909337358499977323070554945362491120558481062474374010441479208921758922607624477388728235833881085870080.000000
468,1.387616,-0.351325,767217925266335522519883445024076189285011550871142232477027495248711373983247735610388702049736613087710340681310587522844892777576906362265240880995955409648802515137759691563363653616862712159688752916061815970988032.000000,2183939385730308635208420668460933914736575353792636055752251780277989982624268939247965316352032902605804190037285301907091865443511872780909337358499977323070554945362491120558481062474374010441479208921758922607624477388728235833881085870080.000000
469,1.385217,-0.354293,767217925266335522519883445024076189285011550871142232477027495248711373983247735610388702049736613087710340681310587522844892777576906362265240880995955409648802515137759691563363653616862712159688752916061815970988032.000000,2183939385730308635208420668460933914736575353792636055752251780277989982624268939247965316352032902605804190037285301907091865443511872780909337358499977323070554945362491120558481062474374010441479208921758922607624477388728235833881085870080.000000
470,1.382795,-0.357236,767217925266335522519883445024076189285011550871142232477027495248711373983247735610388702049736613087710340681310587522844892777576906362265240880995955409648802515137759691563363653616862712159688752916061815970988032.000000,2183939385730308635208420668460933914736575353792636055752251780277989982624268939247965316352032902605804190037285301907091865443511872780909337358499977323070554945362491120558481062474374010441479208921758922607624477388728235833881085870080.000000
471,1.380348,-0.360155,767217925266335522519883445024076189285011550871142232477027495248711373983247735610388702049736613087710340681310587522844892777576906362265240880995955409648802515137759691563363653616862712159688752916061815970988032.000000,2183939385730308635208420668460933914736575353792636055752251780277989982624268939247965316352032902605804190037285301907091865443511872780909337358499977323070554945362491120558481062474374010441479208921758922607624477388728235833881085870080.000000
472,1.377877,-0.363047,767217925266335522519883445024076189285011550871142232477027495248711373983247735610388702049736613087710340681310587522844892777576906362265240880995955409648802515137759691563363653616862712159688752916061815970988032.000000,2183939385730308635208420668460933914736575353792636055752251780277989982624268939247965316352032902605804190037285301907091865443511872780909337358499977323070554945362491120558481062474374010441479208921758922607624477388728235833881085870080.000000
473,1.375381,-0.365915,767217925266335522519883445024076189285011550871142232477027495248711373983247735610388702049736613087710340681310587522844892777576906362265240880995955409648802515137759691563363653616862712159688752916061815970988032.000000,2183939385730308635208420668460933914736575353792636055752251780277989982624268939247965316352032902605804190037285301907091865443511872780909337358499977323070554945362491120558481062474374010441479208921758922607624477388728235833881085870080.000000
474,1.372862,-0.368757,767217925266335522519883445024076189285011550871142232477027495248711373983247735610388702049736613087710340681310587522844892777576906362265240880995955409648802515137759691563363653616862712159688752916061815970988032.000000,2183939385730308635208420668460933914736575353792636055752251780277989982624268939247965316352032902605804190037285301907091865443511872780909337358499977323070554945362491120558481062474374010441479208921758922607624477388728235833881085870080.000000
475,1.370318,-0.371572,767217925266335522519883445024076189285011550871142232477027495248711373983247735610388702049736613087710340681310587522844892777576906362265240880995955409648802515137759691563363653616862712159688752916061815970988032.000000,2183939385730308635208420668460933914736575353792636055752251780277989982624268939247965316352032902605804190037285301907091865443511872780909337358499977323070554945362491120558481062474374010441479208921758922607624477388728235833881085870080.000000
476,1.367751,-0.374362,767217925266335522519883445024076189285011550871142232477027495248711373983247735610388702049736613087710340681310587522844892777576906362265240880995955409648802515137759691563363653616862712159688752916061815970988032.000000,2183939385730308635208420668460933914736575353792636055752251780277989982624268939247965316352032902605804190037285301907091865443511872780909337358499977323070554945362491120558481062474374010441479208921758922607624477388728235833881085870080.000000
477,1.365159,-0.377126,767217925266335522519883445024076189285011550871142232477027495248711373983247735610388702049736613087710340681310587522844892777576906362265240880995955409648802515137759691563363653616862712159688752916061815970988032.000000,2183939385730308635208420668460933914736575353792636055752251780277989982624268939247965316352032902605804190037285301907091865443511872780909337358499977323070554945362491120558481062474374010441479208921758922607624477388728235833881085870080.000000
478,1.362543,-0.379863,767217925266335522519883445024076189285011550871142232477027495248711373983247735610388702049736613087710340681310587522844892777576906362265240880995955409648802515137759691563363653616862712159688752916061815970988032.000000,2183939385730308635208420668460933914736575353792636055752251780277989982624268939247965316352032902605804190037285301907091865443511872780909337358499977323070554945362491120558481062474374010441479208921758922607624477388728235833881085870080.000000
479,1.359904,-0.382573,767217925266335522519883445024076189285011550871142232477027495248711373983247735610388702049736613087710340681310587522844892777576906362265240880995955409648802515137759691563363653616862712159688752916061815970988032.000000,2183939385730308635208420668460933914736575353792636055752251780277989982624268939247965316352032902605804190037285301907091865443511872780909337358499977323070554945362491120558481062474374010441479208921758922607624477388728235833881085870080.000000
480,1.357241,-0.385257,767217925266335522519883445024076189285011550871142232477027495248711373983247735610388702049736613087710340681310587522844892777576906362265240880995955409648802515137759691563363653616862712159688752916061815970988032.000000,2183939385730308635208420668460933914736575353792636055752251780277989982624268939247965316352032902605804190037285301907091865443511872780909337358499977323070554945362491120558481062474374010441479208921758922607624477388728235833881085870080.000000
481,1.354553,-0.387913,767217925266335522519883445024076189285011550871142232477027495248711373983247735610388702049736613087710340681310587522844892777576906362265240880995955409648802515137759691563363653616862712159688752916061815970988032.000000,2183939385730308635208420668460933914736575353792636055752251780277989982624268939247965316352032902605804190037285301907091865443511872780909337358499977323070554945362491120558481062474374010441479208921758922607624477388728235833881085870080.000000
482,1.351843,-0.390542,767217925266335522519883445024076189285011550871142232477027495248711373983247735610388702049736613087710340681310587522844892777576906362265240880995955409648802515137759691563363653616862712159688752916061815970988032.000000,2183939385730308635208420668460933914736575353792636055752251780277989982624268939247965316352032902605804190037285301907091865443511872780909337358499977323070554945362491120558481062474374010441479208921758922607624477388728235833881085870080.000000
483,1.349108,-0.393144,767217925266335522519883445024076189285011550871142232477027495248711373983247735610388702049736613087710340681310587522844892777576906362265240880995955409648802515137759691563363653616862712159688752916061815970988032.000000,2183939385730308635208420668460933914736575353792636055752251780277989982624268939247965316352032902605804190037285301907091865443511872780909337358499977323070554945362491120558481062474374010441479208921758922607624477388728235833881085870080.000000
484,1.346350,-0.395718,767217925266335522519883445024076189285011550871142232477027495248711373983247735610388702049736613087710340681310587522844892777576906362265240880995955409648802515137759691563363653616862712159688752916061815970988032.000000,2183939385730308635208420668460933914736575353792636055752251780277989982624268939247965316352032902605804190037285301907091865443511872780909337358499977323070554945362491120558481062474374010441479208921758922607624477388728235833881085870080.000000
485,1.343568,-0.398265,767217925266335522519883445024076189285011550871142232477027495248711373983247735610388702049736613087710340681310587522844892777576906362265240880995955409648802515137759691563363653616862712159688752916061815970988032.000000,2183939385730308635208420668460933914736575353792636055752251780277989982624268939247965316352032902605804190037285301907091865443511872780909337358499977323070554945362491120558481062474374010441479208921758922607624477388728235833881085870080.000000
486,1.340762,-0.400783,767217925266335522519883445024076189285011550871142232477027495248711373983247735610388702049736613087710340681310587522844892777576906362265240880995955409648802515137759691563363653616862712159688752916061815970988032.000000,2183939385730308635208420668460933914736575353792636055752251780277989982624268939247965316352032902605804190037285301907091865443511872780909337358499977323070554945362491120558481062474374010441479208921758922607624477388728235833881085870080.000000
487,1.337933,-0.403274,767217925266335522519883445024076189285011550871142232477027495248711373983247735610388702049736613087710340681310587522844892777576906362265240880995955409648802515137759691563363653616862712159688752916061815970988032.000000,2183939385730308635208420668460933914736575353792636055752251780277989982624268939247965316352032902605804190037285301907091865443511872780909337358499977323070554945362491120558481062474374010441479208921758922607624477388728235833881085870080.000000
488,1.335081,-0.405736,767217925266335522519883445024076189285011550871142232477027495248711373983247735610388702049736613087710340681310587522844892777576906362265240880995955409648802515137759691563363653616862712159688752916061815970988032.000000,2183939385730308635208420668460933914736575353792636055752251780277989982624268939247965316352032902605804190037285301907091865443511872780909337358499977323070554945362491120558481062474374010441479208921758922607624477388728235833881085870080.000000
489,1.332205,-0.408170,767217925266335522519883445024076189285011550871142232477027495248711373983247735610388702049736613087710340681310587522844892777576906362265240880995955409648802515137759691563363653616862712159688752916061815970988032.000000,2183939385730308635208420668460933914736575353792636055752251780277989982624268939247965316352032902605804190037285301907091865443511872780909337358499977323070554945362491120558481062474374010441479208921758922607624477388728235833881085870080.000000
490,1.329305,-0.410575,767217925266335522519883445024076189285011550871142232477027495248711373983247735610388702049736613087710340681310587522844892777576906362265240880995955409648802515137759691563363653616862712159688752916061815970988032.000000,2183939385730308635208420668460933914736575353792636055752251780277989982624268939247965316352032902605804190037285301907091865443511872780909337358499977323070554945362491120558481062474374010441479208921758922607624477388728235833881085870080.000000
491,1.326383,-0.412951,767217925266335522519883445024076189285011550871142232477027495248711373983247735610388702049736613087710340681310587522844892777576906362265240880995955409648802515137759691563363653616862712159688752916061815970988032.000000,2183939385730308635208420668460933914736575353792636055752251780277989982624268939247965316352032902605804190037285301907091865443511872780909337358499977323070554945362491120558481062474374010441479208921758922607624477388728235833881085870080.000000
492,1.323437,-0.415298,767217925266335522519883445024076189285011550871142232477027495248711373983247735610388702049736613087710340681310587522844892777576906362265240880995955409648802515137759691563363653616862712159688752916061815970988032.000000,2183939385730308635208420668460933914736575353792636055752251780277989982624268939247965316352032902605804190037285301907091865443511872780909337358499977323070554945362491120558481062474374010441479208921758922607624477388728235833881085870080.000000
493,1.320468,-0.417616,767217925266335522519883445024076189285011550871142232477027495248711373983247735610388702049736613087710340681310587522844892777576906362265240880995955409648802515137759691563363653616862712159688752916061815970988032.000000,2183939385730308635208420668460933914736575353792636055752251780277989982624268939247965316352032902605804190037285301907091865443511872780909337358499977323070554945362491120558481062474374010441479208921758922607624477388728235833881085870080.000000
494,1.317475,-0.419905,767217925266335522519883445024076189285011550871142232477027495248711373983247735610388702049736613087710340681310587522844892777576906362265240880995955409648802515137759691563363653616862712159688752916061815970988032.000000,2183939385730308635208420668460933914736575353792636055752251780277989982624268939247965316352032902605804190037285301907091865443511872780909337358499977323070554945362491120558481062474374010441479208921758922607624477388728235833881085870080.000000
495,1.314460,-0.422164,767217925266335522519883445024076189285011550871142232477027495248711373983247735610388702049736613087710340681310587522844892777576906362265240880995955409648802515137759691563363653616862712159688752916061815970988032.000000,2183939385730308635208420668460933914736575353792636055752251780277989982624268939247965316352032902605804190037285301907091865443511872780909337358499977323070554945362491120558481062474374010441479208921758922607624477388728235833881085870080.000000
496,1.311422,-0.424394,767217925266335522519883445024076189285011550871142232477027495248711373983247735610388702049736613087710340681310587522844892777576906362265240880995955409648802515137759691563363653616862712159688752916061815970988032.000000,2183939385730308635208420668460933914736575353792636055752251780277989982624268939247965316352032902605804190037285301907091865443511872780909337358499977323070554945362491120558481062474374010441479208921758922607624477388728235833881085870080.000000
497,1.308360,-0.426593,767217925266335522519883445024076189285011550871142232477027495248711373983247735610388702049736613087710340681310587522844892777576906362265240880995955409648802515137759691563363653616862712159688752916061815970988032.000000,2183939385730308635208420668460933914736575353792636055752251780277989982624268939247965316352032902605804190037285301907091865443511872780909337358499977323070554945362491120558481062474374010441479208921758922607624477388728235833881085870080.000000
498,1.305276,-0.428763,767217925266335522519883445024076189285011550871142232477027495248711373983247735610388702049736613087710340681310587522844892777576906362265240880995955409648802515137759691563363653616862712159688752916061815970988032.000000,2183939385730308635208420668460933914736575353792636055752251780277989982624268939247965316352032902605804190037285301907091865443511872780909337358499977323070554945362491120558481062474374010441479208921758922607624477388728235833881085870080.000000
499,1.302168,-0.430903,767217925266335522519883445024076189285011550871142232477027495248711373983247735610388702049736613087710340681310587522844892777576906362265240880995955409648802515137759691563363653616862712159688752916061815970988032.000000,2183939385730308635208420668460933914736575353792636055752251780277989982624268939247965316352032902605804190037285301907091865443511872780909337358499977323070554945362491120558481062474374010441479208921758922607624477388728235833881085870080.000000
500,1.299038,-0.433013,767217925266335522519883445024076189285011550871142232477027495248711373983247735610388702049736613087710340681310587522844892777576906362265240880995955409648802515137759691563363653616862712159688752916061815970988032.000000,2183939385730308635208420668460933914736575353792636055752251780277989982624268939247965316352032902605804190037285301907091865443511872780909337358499977323070554945362491120558481062474374010441479208921758922607624477388728235833881085870080.000000
501,1.295885,-0.435092,767217925266335522519883445024076189285011550871142232477027495248711373983247735610388702049736613087710340681310587522844892777576906362265240880995955409648802515137759691563363653616862712159688752916061815970988032.000000,2183939385730308635208420668460933914736575353792636055752251780277989982624268939247965316352032902605804190037285301907091865443511872780909337358499977323070554945362491120558481062474374010441479208921758922607624477388728235833881085870080.000000
502,1.292709,-0.437141,767217925266335522519883445024076189285011550871142232477027495248711373983247735610388702049736613087710340681310587522844892777576906362265240880995955409648802515137759691563363653616862712159688752916061815970988032.000000,2183939385730308635208420668460933914736575353792636055752251780277989982624268939247965316352032902605804190037285301907091865443511872780909337358499977323070554945362491120558481062474374010441479208921758922607624477388728235833881085870080.000000
503,1.289511,-0.439158,767217925266335522519883445024076189285011550871142232477027495248711373983247735610388702049736613087710340681310587522844892777576906362265240880995955409648802515137759691563363653616862712159688752916061815970988032.000000,2183939385730308635208420668460933914736575353792636055752251780277989982624268939247965316352032902605804190037285301907091865443511872780909337358499977323070554945362491120558481062474374010441479208921758922607624477388728235833881085870080.000000
504,1.286290,-0.441146,767217925266335522519883445024076189285011550871142232477027495248711373983247735610388702049736613087710340681310587522844892777576906362265240880995955409648802515137759691563363653616862712159688752916061815970988032.000000,2183939385730308635208420668460933914736575353792636055752251780277989982624268939247965316352032902605804190037285301907091865443511872780909337358499977323070554945362491120558481062474374010441479208921758922607624477388728235833881085870080.000000
505,1.283046,-0.443102,767217925266335522519883445024076189285011550871142232477027495248711373983247735610388702049736613087710340681310587522844892777576906362265240880995955409648802515137759691563363653616862712159688752916061815970988032.000000,2183939385730308635208420668460933914736575353792636055752251780277989982624268939247965316352032902605804190037285301907091865443511872780909337358499977323070554945362491120558481062474374010441479208921758922607624477388728235833881085870080.000000
506,1.279780,-0.445027,767217925266335522519883445024076189285011550871142232477027495248711373983247735610388702049736613087710340681310587522844892777576906362265240880995955409648802515137759691563363653616862712159688752916061815970988032.000000,2183939385730308635208420668460933914736575353792636055752251780277989982624268939247965316352032902605804190037285301907091865443511872780909337358499977323070554945362491120558481062474374010441479208921758922607624477388728235833881085870080.000000
507,1.276492,-0.446921,767217925266335522519883445024076189285011550871142232477027495248711373983247735610388702049736613087710340681310587522844892777576906362265240880995955409648802515137759691563363653616862712159688752916061815970988032.000000,2183939385730308635208420668460933914736575353792636055752251780277989982624268939247965316352032902605804190037285301907091865443511872780909337358499977323070554945362491120558481062474374010441479208921758922607624477388728235833881085870080.000000
508,1.273181,-0.448783,767217925266335522519883445024076189285011550871142232477027495248711373983247735610388702049736613087710340681310587522844892777576906362265240880995955409648802515137759691563363653616862712159688752916061815970988032.000000,2183939385730308635208420668460933914736575353792636055752251780277989982624268939247965316352032902605804190037285301907091865443511872780909337358499977323070554945362491120558481062474374010441479208921758922607624477388728235833881085870080.000000
509,1.269847,-0.450614,767217925266335522519883445024076189285011550871142232477027495248711373983247735610388702049736613087710340681310587522844892777576906362265240880995955409648802515137759691563363653616862712159688752916061815970988032.000000,2183939385730308635208420668460933914736575353792636055752251780277989982624268939247965316352032902605804190037285301907091865443511872780909337358499977323070554945362491120558481062474374010441479208921758922607624477388728235833881085870080.000000
510,1.266492,-0.452414,767217925266335522519883445024076189285011550871142232477027495248711373983247735610388702049736613087710340681310587522844892777576906362265240880995955409648802515137759691563363653616862712159688752916061815970988032.000000,2183939385730308635208420668460933914736575353792636055752251780277989982624268939247965316352032902605804190037285301907091865443511872780909337358499977323070554945362491120558481062474374010441479208921758922607624477388728235833881085870080.000000
511,1.263114,-0.454181,767217925266335522519883445024076189285011550871142232477027495248711373983247735610388702049736613087710340681310587522844892777576906362265240880995955409648802515137759691563363653616862712159688752916061815970988032.000000,2183939385730308635208420668460933914736575353792636055752251780277989982624268939247965316352032902605804190037285301907091865443511872780909337358499977323070554945362491120558481062474374010441479208921758922607624477388728235833881085870080.000000
512,1.259714,-0.455917,767217925266335522519883445024076189285011550871142232477027495248711373983247735610388702049736613087710340681310587522844892777576906362265240880995955409648802515137759691563363653616862712159688752916061815970988032.000000,2183939385730308635208420668460933914736575353792636055752251780277989982624268939247965316352032902605804190037285301907091865443511872780909337358499977323070554945362491120558481062474374010441479208921758922607624477388728235833881085870080.000000
513,1.256292,-0.457621,767217925266335522519883445024076189285011550871142232477027495248711373983247735610388702049736613087710340681310587522844892777576906362265240880995955409648802515137759691563363653616862712159688752916061815970988032.000000,2183939385730308635208420668460933914736575353792636055752251780277989982624268939247965316352032902605804190037285301907091865443511872780909337358499977323070554945362491120558481062474374010441479208921758922607624477388728235833881085870080.000000
514,1.252848,-0.459292,767217925266335522519883445024076189285011550871142232477027495248711373983247735610388702049736613087710340681310587522844892777576906362265240880995955409648802515137759691563363653616862712159688752916061815970988032.000000,2183939385730308635208420668460933914736575353792636055752251780277989982624268939247965316352032902605804190037285301907091865443511872780909337358499977323070554945362491120558481062474374010441479208921758922607624477388728235833881085870080.000000
515,1.249382,-0.460932,767217925266335522519883445024076189285011550871142232477027495248711373983247735610388702049736613087710340681310587522844892777576906362265240880995955409648802515137759691563363653616862712159688752916061815970988032.000000,2183939385730308635208420668460933914736575353792636055752251780277989982624268939247965316352032902605804190037285301907091865443511872780909337358499977323070554945362491120558481062474374010441479208921758922607624477388728235833881085870080.000000
516,1.245894,-0.462539,767217925266335522519883445024076189285011550871142232477027495248711373983247735610388702049736613087710340681310587522844892777576906362265240880995955409648802515137759691563363653616862712159688752916061815970988032.000000,2183939385730308635208420668460933914736575353792636055752251780277989982624268939247965316352032902605804190037285301907091865443511872780909337358499977323070554945362491120558481062474374010441479208921758922607624477388728235833881085870080.000000
517,1.242384,-0.464113,767217925266335522519883445024076189285011550871142232477027495248711373983247735610388702049736613087710340681310587522844892777576906362265240880995955409648802515137759691563363653616862712159688752916061815970988032.000000,2183939385730308635208420668460933914736575353792636055752251780277989982624268939247965316352032902605804190037285301907091865443511872780909337358499977323070554945362491120558481062474374010441479208921758922607624477388728235833881085870080.000000
518,1.238852,-0.465655,767217925266335522519883445024076189285011550871142232477027495248711373983247735610388702049736613087710340681310587522844892777576906362265240880995955409648802515137759691563363653616862712159688752916061815970988032.000000,2183939385730308635208420668460933914736575353792636055752251780277989982624268939247965316352032902605804190037285301907091865443511872780909337358499977323070554945362491120558481062474374010441479208921758922607624477388728235833881085870080.000000
519,1.235299,-0.467164,767217925266335522519883445024076189285011550871142232477027495248711373983247735610388702049736613087710340681310587522844892777576906362265240880995955409648802515137759691563363653616862712159688752916061815970988032.000000,2183939385730308635208420668460933914736575353792636055752251780277989982624268939247965316352032902605804190037285301907091865443511872780909337358499977323070554945362491120558481062474374010441479208921758922607624477388728235833881085870080.000000
520,1.231724,-0.468641,767217925266335522519883445024076189285011550871142232477027495248711373983247735610388702049736613087710340681310587522844892777576906362265240880995955409648802515137759691563363653616862712159688752916061815970988032.000000,2183939385730308635208420668460933914736575353792636055752251780277989982624268939247965316352032902605804190037285301907091865443511872780909337358499977323070554945362491120558481062474374010441479208921758922607624477388728235833881085870080.000000
521,1.228127,-0.470085,767217925266335522519883445024076189285011550871142232477027495248711373983247735610388702049736613087710340681310587522844892777576906362265240880995955409648802515137759691563363653616862712159688752916061815970988032.000000,2183939385730308635208420668460933914736575353792636055752251780277989982624268939247965316352032902605804190037285301907091865443511872780909337358499977323070554945362491120558481062474374010441479208921758922607624477388728235833881085870080.000000
522,1.224509,-0.471495,767217925266335522519883445024076189285011550871142232477027495248711373983247735610388702049736613087710340681310587522844892777576906362265240880995955409648802515137759691563363653616862712159688752916061815970988032.000000,2183939385730308635208420668460933914736575353792636055752251780277989982624268939247965316352032902605804190037285301907091865443511872780909337358499977323070554945362491120558481062474374010441479208921758922607624477388728235833881085870080.000000
523,1.220869,-0.472873,767217925266335522519883445024076189285011550871142232477027495248711373983247735610388702049736613087710340681310587522844892777576906362265240880995955409648802515137759691563363653616862712159688752916061815970988032.000000,2183939385730308635208420668460933914736575353792636055752251780277989982624268939247965316352032902605804190037285301907091865443511872780909337358499977323070554945362491120558481062474374010441479208921758922607624477388728235833881085870080.000000
524,1.217208,-0.474217,767217925266335522519883445024076189285011550871142232477027495248711373983247735610388702049736613087710340681310587522844892777576906362265240880995955409648802515137759691563363653616862712159688752916061815970988032.000000,2183939385730308635208420668460933914736575353792636055752251780277989982624268939247965316352032902605804190037285301907091865443511872780909337358499977323070554945362491120558481062474374010441479208921758922607624477388728235833881085870080.000000
525,1.213525,-0.475528,767217925266335522519883445024076189285011550871142232477027495248711373983247735610388702049736613087710340681310587522844892777576906362265240880995955409648802515137759691563363653616862712159688752916061815970988032.000000,2183939385730308635208420668460933914736575353792636055752251780277989982624268939247965316352032902605804190037285301907091865443511872780909337358499977323070554945362491120558481062474374010441479208921758922607624477388728235833881085870080.000000
526,1.209822,-0.476806,767217925266335522519883445024076189285011550871142232477027495248711373983247735610388702049736613087710340681310587522844892777576906362265240880995955409648802515137759691563363653616862712159688752916061815970988032.000000,2183939385730308635208420668460933914736575353792636055752251780277989982624268939247965316352032902605804190037285301907091865443511872780909337358499977323070554945362491120558481062474374010441479208921758922607624477388728235833881085870080.000000
527,1.206097,-0.478050,767217925266335522519883445024076189285011550871142232477027495248711373983247735610388702049736613087710340681310587522844892777576906362265240880995955409648802515137759691563363653616862712159688752916061815970988032.000000,2183939385730308635208420668460933914736575353792636055752251780277989982624268939247965316352032902605804190037285301907091865443511872780909337358499977323070554945362491120558481062474374010441479208921758922607624477388728235833881085870080.000000
528,1.202350,-0.479261,767217925266335522519883445024076189285011550871142232477027495248711373983247735610388702049736613087710340681310587522844892777576906362265240880995955409648802515137759691563363653616862712159688752916061815970988032.000000,2183939385730308635208420668460933914736575353792636055752251780277989982624268939247965316352032902605804190037285301907091865443511872780909337358499977323070554945362491120558481062474374010441479208921758922607624477388728235833881085870080.000000
529,1.198583,-0.480438,767217925266335522519883445024076189285011550871142232477027495248711373983247735610388702049736613087710340681310587522844892777576906362265240880995955409648802515137759691563363653616862712159688752916061815970988032.000000,2183939385730308635208420668460933914736575353792636055752251780277989982624268939247965316352032902605804190037285301907091865443511872780909337358499977323070554945362491120558481062474374010441479208921758922607624477388728235833881085870080.000000
530,1.194795,-0.481581,767217925266335522519883445024076189285011550871142232477027495248711373983247735610388702049736613087710340681310587522844892777576906362265240880995955409648802515137759691563363653616862712159688752916061815970988032.000000,2183939385730308635208420668460933914736575353792636055752251780277989982624268939247965316352032902605804190037285301907091865443511872780909337358499977323070554945362491120558481062474374010441479208921758922607624477388728235833881085870080.000000
531,1.190986,-0.482691,767217925266335522519883445024076189285011550871142232477027495248711373983247735610388702049736613087710340681310587522844892777576906362265240880995955409648802515137759691563363653616862712159688752916061815970988032.000000,2183939385730308635208420668460933914736575353792636055752251780277989982624268939247965316352032902605804190037285301907091865443511872780909337358499977323070554945362491120558481062474374010441479208921758922607624477388728235833881085870080.000000
532,1.187155,-0.483766,767217925266335522519883445024076189285011550871142232477027495248711373983247735610388702049736613087710340681310587522844892777576906362265240880995955409648802515137759691563363653616862712159688752916061815970988032.000000,2183939385730308635208420668460933914736575353792636055752251780277989982624268939247965316352032902605804190037285301907091865443511872780909337358499977323070554945362491120558481062474374010441479208921758922607624477388728235833881085870080.000000
533,1.183304,-0.484808,767217925266335522519883445024076189285011550871142232477027495248711373983247735610388702049736613087710340681310587522844892777576906362265240880995955409648802515137759691563363653616862712159688752916061815970988032.000000,2183939385730308635208420668460933914736575353792636055752251780277989982624268939247965316352032902605804190037285301907091865443511872780909337358499977323070554945362491120558481062474374010441479208921758922607624477388728235833881085870080.000000
534,1.179433,-0.485816,767217925266335522519883445024076189285011550871142232477027495248711373983247735610388702049736613087710340681310587522844892777576906362265240880995955409648802515137759691563363653616862712159688752916061815970988032.000000,2183939385730308635208420668460933914736575353792636055752251780277989982624268939247965316352032902605804190037285301907091865443511872780909337358499977323070554945362491120558481062474374010441479208921758922607624477388728235833881085870080.000000
535,1.175540,-0.486789,767217925266335522519883445024076189285011550871142232477027495248711373983247735610388702049736613087710340681310587522844892777576906362265240880995955409648802515137759691563363653616862712159688752916061815970988032.000000,2183939385730308635208420668460933914736575353792636055752251780277989982624268939247965316352032902605804190037285301907091865443511872780909337358499977323070554945362491120558481062474374010441479208921758922607624477388728235833881085870080.000000
536,1.171627,-0.487729,767217925266335522519883445024076189285011550871142232477027495248711373983247735610388702049736613087710340681310587522844892777576906362265240880995955409648802515137759691563363653616862712159688752916061815970988032.000000,2183939385730308635208420668460933914736575353792636055752251780277989982624268939247965316352032902605804190037285301907091865443511872780909337358499977323070554945362491120558481062474374010441479208921758922607624477388728235833881085870080.000000
537,1.167693,-0.488634,767217925266335522519883445024076189285011550871142232477027495248711373983247735610388702049736613087710340681310587522844892777576906362265240880995955409648802515137759691563363653616862712159688752916061815970988032.000000,2183939385730308635208420668460933914736575353792636055752251780277989982624268939247965316352032902605804190037285301907091865443511872780909337358499977323070554945362491120558481062474374010441479208921758922607624477388728235833881085870080.000000
538,1.163739,-0.489505,767217925266335522519883445024076189285011550871142232477027495248711373983247735610388702049736613087710340681310587522844892777576906362265240880995955409648802515137759691563363653616862712159688752916061815970988032.000000,2183939385730308635208420668460933914736575353792636055752251780277989982624268939247965316352032902605804190037285301907091865443511872780909337358499977323070554945362491120558481062474374010441479208921758922607624477388728235833881085870080.000000
539,1.159765,-0.490341,767217925266335522519883445024076189285011550871142232477027495248711373983247735610388702049736613087710340681310587522844892777576906362265240880995955409648802515137759691563363653616862712159688752916061815970988032.000000,2183939385730308635208420668460933914736575353792636055752251780277989982624268939247965316352032902605804190037285301907091865443511872780909337358499977323070554945362491120558481062474374010441479208921758922607624477388728235833881085870080.000000
540,1.155770,-0.491144,767217925266335522519883445024076189285011550871142232477027495248711373983247735610388702049736613087710340681310587522844892777576906362265240880995955409648802515137759691563363653616862712159688752916061815970988032.000000,2183939385730308635208420668460933914736575353792636055752251780277989982624268939247965316352032902605804190037285301907091865443511872780909337358499977323070554945362491120558481062474374010441479208921758922607624477388728235833881085870080.000000
541,1.151755,-0.491911,767217925266335522519883445024076189285011550871142232477027495248711373983247735610388702049736613087710340681310587522844892777576906362265240880995955409648802515137759691563363653616862712159688752916061815970988032.000000,2183939385730308635208420668460933914736575353792636055752251780277989982624268939247965316352032902605804190037285301907091865443511872780909337358499977323070554945362491120558481062474374010441479208921758922607624477388728235833881085870080.000000
542,1.147719,-0.492644,767217925266335522519883445024076189285011550871142232477027495248711373983247735610388702049736613087710340681310587522844892777576906362265240880995955409648802515137759691563363653616862712159688752916061815970988032.000000,2183939385730308635208420668460933914736575353792636055752251780277989982624268939247965316352032902605804190037285301907091865443511872780909337358499977323070554945362491120558481062474374010441479208921758922607624477388728235833881085870080.000000
543,1.143664,-0.493343,767217925266335522519883445024076189285011550871142232477027495248711373983247735610388702049736613087710340681310587522844892777576906362265240880995955409648802515137759691563363653616862712159688752916061815970988032.000000,2183939385730308635208420668460933914736575353792636055752251780277989982624268939247965316352032902605804190037285301907091865443511872780909337358499977323070554945362491120558481062474374010441479208921758922607624477388728235833881085870080.000000
544,1.139588,-0.494007,767217925266335522519883445024076189285011550871142232477027495248711373983247735610388702049736613087710340681310587522844892777576906362265240880995955409648802515137759691563363653616862712159688752916061815970988032.000000,2183939385730308635208420668460933914736575353792636055752251780277989982624268939247965316352032902605804190037285301907091865443511872780909337358499977323070554945362491120558481062474374010441479208921758922607624477388728235833881085870080.000000
545,1.135493,-0.494636,767217925266335522519883445024076189285011550871142232477027495248711373983247735610388702049736613087710340681310587522844892777576906362265240880995955409648802515137759691563363653616862712159688752916061815970988032.000000,2183939385730308635208420668460933914736575353792636055752251780277989982624268939247965316352032902605804190037285301907091865443511872780909337358499977323070554945362491120558481062474374010441479208921758922607624477388728235833881085870080.000000
546,1.131377,-0.495231,767217925266335522519883445024076189285011550871142232477027495248711373983247735610388702049736613087710340681310587522844892777576906362265240880995955409648802515137759691563363653616862712159688752916061815970988032.000000,2183939385730308635208420668460933914736575353792636055752251780277989982624268939247965316352032902605804190037285301907091865443511872780909337358499977323070554945362491120558481062474374010441479208921758922607624477388728235833881085870080.000000
547,1.127242,-0.495791,767217925266335522519883445024076189285011550871142232477027495248711373983247735610388702049736613087710340681310587522844892777576906362265240880995955409648802515137759691563363653616862712159688752916061815970988032.000000,2183939385730308635208420668460933914736575353792636055752251780277989982624268939247965316352032902605804190037285301907091865443511872780909337358499977323070554945362491120558481062474374010441479208921758922607624477388728235833881085870080.000000
548,1.123087,-0.496315,767217925266335522519883445024076189285011550871142232477027495248711373983247735610388702049736613087710340681310587522844892777576906362265240880995955409648802515137759691563363653616862712159688752916061815970988032.000000,2183939385730308635208420668460933914736575353792636055752251780277989982624268939247965316352032902605804190037285301907091865443511872780909337358499977323070554945362491120558481062474374010441479208921758922607624477388728235833881085870080.000000
549,1.118912,-0.496806,767217925266335522519883445024076189285011550871142232477027495248711373983247735610388702049736613087710340681310587522844892777576906362265240880995955409648802515137759691563363653616862712159688752916061815970988032.000000,2183939385730308635208420668460933914736575353792636055752251780277989982624268939247965316352032902605804190037285301907091865443511872780909337358499977323070554945362491120558481062474374010441479208921758922607624477388728235833881085870080.000000
550,1.114717,-0.497261,767217925266335522519883445024076189285011550871142232477027495248711373983247735610388702049736613087710340681310587522844892777576906362265240880995955409648802515137759691563363653616862712159688752916061815970988032.000000,2183939385730308635208420668460933914736575353792636055752251780277989982624268939247965316352032902605804190037285301907091865443511872780909337358499977323070554945362491120558481062474374010441479208921758922607624477388728235833881085870080.000000
551,1.110503,-0.497681,767217925266335522519883445024076189285011550871142232477027495248711373983247735610388702049736613087710340681310587522844892777576906362265240880995955409648802515137759691563363653616862712159688752916061815970988032.000000,2183939385730308635208420668460933914736575353792636055752251780277989982624268939247965316352032902605804190037285301907091865443511872780909337358499977323070554945362491120558481062474374010441479208921758922607624477388728235833881085870080.000000
552,1.106270,-0.498067,767217925266335522519883445024076189285011550871142232477027495248711373983247735610388702049736613087710340681310587522844892777576906362265240880995955409648802515137759691563363653616862712159688752916061815970988032.000000,2183939385730308635208420668460933914736575353792636055752251780277989982624268939247965316352032902605804190037285301907091865443511872780909337358499977323070554945362491120558481062474374010441479208921758922607624477388728235833881085870080.000000
553,1.102017,-0.498417,767217925266335522519883445024076189285011550871142232477027495248711373983247735610388702049736613087710340681310587522844892777576906362265240880995955409648802515137759691563363653616862712159688752916061815970988032.000000,2183939385730308635208420668460933914736575353792636055752251780277989982624268939247965316352032902605804190037285301907091865443511872780909337358499977323070554945362491120558481062474374010441479208921758922607624477388728235833881085870080.000000
554,1.097744,-0.498733,767217925266335522519883445024076189285011550871142232477027495248711373983247735610388702049736613087710340681310587522844892777576906362265240880995955409648802515137759691563363653616862712159688752916061815970988032.000000,2183939385730308635208420668460933914736575353792636055752251780277989982624268939247965316352032902605804190037285301907091865443511872780909337358499977323070554945362491120558481062474374010441479208921758922607624477388728235833881085870080.000000
555,1.093453,-0.499013,767217925266335522519883445024076189285011550871142232477027495248711373983247735610388702049736613087710340681310587522844892777576906362265240880995955409648802515137759691563363653616862712159688752916061815970988032.000000,2183939385730308635208420668460933914736575353792636055752251780277989982624268939247965316352032902605804190037285301907091865443511872780909337358499977323070554945362491120558481062474374010441479208921758922607624477388728235833881085870080.000000
556,1.089142,-0.499259,767217925266335522519883445024076189285011550871142232477027495248711373983247735610388702049736613087710340681310587522844892777576906362265240880995955409648802515137759691563363653616862712159688752916061815970988032.000000,2183939385730308635208420668460933914736575353792636055752251780277989982624268939247965316352032902605804190037285301907091865443511872780909337358499977323070554945362491120558481062474374010441479208921758922607624477388728235833881085870080.000000
557,1.084812,-0.499469,767217925266335522519883445024076189285011550871142232477027495248711373983247735610388702049736613087710340681310587522844892777576906362265240880995955409648802515137759691563363653616862712159688752916061815970988032.000000,2183939385730308635208420668460933914736575353792636055752251780277989982624268939247965316352032902605804190037285301907091865443511872780909337358499977323070554945362491120558481062474374010441479208921758922607624477388728235833881085870080.000000
558,1.080464,-0.499645,767217925266335522519883445024076189285011550871142232477027495248711373983247735610388702049736613087710340681310587522844892777576906362265240880995955409648802515137759691563363653616862712159688752916061815970988032.000000,2183939385730308635208420668460933914736575353792636055752251780277989982624268939247965316352032902605804190037285301907091865443511872780909337358499977323070554945362491120558481062474374010441479208921758922607624477388728235833881085870080.000000
559,1.076096,-0.499785,767217925266335522519883445024076189285011550871142232477027495248711373983247735610388702049736613087710340681310587522844892777576906362265240880995955409648802515137759691563363653616862712159688752916061815970988032.000000,2183939385730308635208420668460933914736575353792636055752251780277989982624268939247965316352032902605804190037285301907091865443511872780909337358499977323070554945362491120558481062474374010441479208921758922607624477388728235833881085870080.000000
560,1.071709,-0.499890,767217925266335522519883445024076189285011550871142232477027495248711373983247735610388702049736613087710340681310587522844892777576906362265240880995955409648802515137759691563363653616862712159688752916061815970988032.000000,2183939385730308635208420668460933914736575353792636055752251780277989982624268939247965316352032902605804190037285301907091865443511872780909337358499977323070554945362491120558481062474374010441479208921758922607624477388728235833881085870080.000000
561,1.067304,-0.499961,767217925266335522519883445024076189285011550871142232477027495248711373983247735610388702049736613087710340681310587522844892777576906362265240880995955409648802515137759691563363653616862712159688752916061815970988032.000000,2183939385730308635208420668460933914736575353792636055752251780277989982624268939247965316352032902605804190037285301907091865443511872780909337358499977323070554945362491120558481062474374010441479208921758922607624477388728235833881085870080.000000
562,1.062879,-0.499996,767217925266335522519883445024076189285011550871142232477027495248711373983247735610388702049736613087710340681310587522844892777576906362265240880995955409648802515137759691563363653616862712159688752916061815970988032.000000,2183939385730308635208420668460933914736575353792636055752251780277989982624268939247965316352032902605804190037285301907091865443511872780909337358499977323070554945362491120558481062474374010441479208921758922607624477388728235833881085870080.000000
563,1.058436,-0.499996,767217925266335522519883445024076189285011550871142232477027495248711373983247735610388702049736613087710340681310587522844892777576906362265240880995955409648802515137759691563363653616862712159688752916061815970988032.000000,2183939385730308635208420668460933914736575353792636055752251780277989982624268939247965316352032902605804190037285301907091865443511872780909337358499977323070554945362491120558481062474374010441479208921758922607624477388728235833881085870080.000000
564,1.053975,-0.499961,767217925266335522519883445024076189285011550871142232477027495248711373983247735610388702049736613087710340681310587522844892777576906362265240880995955409648802515137759691563363653616862712159688752916061815970988032.000000,2183939385730308635208420668460933914736575353792636055752251780277989982624268939247965316352032902605804190037285301907091865443511872780909337358499977323070554945362491120558481062474374010441479208921758922607624477388728235833881085870080.000000
565,1.049495,-0.499890,767217925266335522519883445024076189285011550871142232477027495248711373983247735610388702049736613087710340681310587522844892777576906362265240880995955409648802515137759691563363653616862712159688752916061815970988032.000000,2183939385730308635208420668460933914736575353792636055752251780277989982624268939247965316352032902605804190037285301907091865443511872780909337358499977323070554945362491120558481062474374010441479208921758922607624477388728235833881085870080.000000
566,1.044997,-0.499785,767217925266335522519883445024076189285011550871142232477027495248711373983247735610388702049736613087710340681310587522844892777576906362265240880995955409648802515137759691563363653616862712159688752916061815970988032.000000,2183939385730308635208420668460933914736575353792636055752251780277989982624268939247965316352032902605804190037285301907091865443511872780909337358499977323070554945362491120558481062474374010441479208921758922607624477388728235833881085870080.000000
567,1.040480,-0.499645,767217925266335522519883445024076189285011550871142232477027495248711373983247735610388702049736613087710340681310587522844892777576906362265240880995955409648802515137759691563363653616862712159688752916061815970988032.000000,2183939385730308635208420668460933914736575353792636055752251780277989982624268939247965316352032902605804190037285301907091865443511872780909337358499977323070554945362491120558481062474374010441479208921758922607624477388728235833881085870080.000000
568,1.035945,-0.499469,767217925266335522519883445024076189285011550871142232477027495248711373983247735610388702049736613087710340681310587522844892777576906362265240880995955409648802515137759691563363653616862712159688752916061815970988032.000000,2183939385730308635208420668460933914736575353792636055752251780277989982624268939247965316352032902605804190037285301907091865443511872780909337358499977323070554945362491120558481062474374010441479208921758922607624477388728235833881085870080.000000
569,1.031392,-0.499259,767217925266335522519883445024076189285011550871142232477027495248711373983247735610388702049736613087710340681310587522844892777576906362265240880995955409648802515137759691563363653616862712159688752916061815970988032.000000,2183939385730308635208420668460933914736575353792636055752251780277989982624268939247965316352032902605804190037285301907091865443511872780909337358499977323070554945362491120558481062474374010441479208921758922607624477388728235833881085870080.000000
570,1.026821,-0.499013,767217925266335522519883445024076189285011550871142232477027495248711373983247735610388702049736613087710340681310587522844892777576906362265240880995955409648802515137759691563363653616862712159688752916061815970988032.000000,2183939385730308635208420668460933914736575353792636055752251780277989982624268939247965316352032902605804190037285301907091865443511872780909337358499977323070554945362491120558481062474374010441479208921758922607624477388728235833881085870080.000000
571,1.022231,-0.498733,767217925266335522519883445024076189285011550871142232477027495248711373983247735610388702049736613087710340681310587522844892777576906362265240880995955409648802515137759691563363653616862712159688752916061815970988032.000000,2183939385730308635208420668460933914736575353792636055752251780277989982624268939247965316352032902605804190037285301907091865443511872780909337358499977323070554945362491120558481062474374010441479208921758922607624477388728235833881085870080.000000
572,1.017624,-0.498417,767217925266335522519883445024076189285011550871142232477027495248711373983247735610388702049736613087710340681310587522844892777576906362265240880995955409648802515137759691563363653616862712159688752916061815970988032.000000,2183939385730308635208420668460933914736575353792636055752251780277989982624268939247965316352032902605804190037285301907091865443511872780909337358499977323070554945362491120558481062474374010441479208921758922607624477388728235833881085870080.000000
573,1.012999,-0.498067,767217925266335522519883445024076189285011550871142232477027495248711373983247735610388702049736613087710340681310587522844892777576906362265240880995955409648802515137759691563363653616862712159688752916061815970988032.000000,2183939385730308635208420668460933914736575353792636055752251780277989982624268939247965316352032902605804190037285301907091865443511872780909337358499977323070554945362491120558481062474374010441479208921758922607624477388728235833881085870080.000000
574,1.008356,-0.497681,767217925266335522519883445024076189285011550871142232477027495248711373983247735610388702049736613087710340681310587522844892777576906362265240880995955409648802515137759691563363653616862712159688752916061815970988032.000000,2183939385730308635208420668460933914736575353792636055752251780277989982624268939247965316352032902605804190037285301907091865443511872780909337358499977323070554945362491120558481062474374010441479208921758922607624477388728235833881085870080.000000
575,1.003696,-0.497261,767217925266335522519883445024076189285011550871142232477027495248711373983247735610388702049736613087710340681310587522844892777576906362265240880995955409648802515137759691563363653616862712159688752916061815970988032.000000,2183939385730308635208420668460933914736575353792636055752251780277989982624268939247965316352032902605804190037285301907091865443511872780909337358499977323070554945362491120558481062474374010441479208921758922607624477388728235833881085870080.000000
576,0.999018,-0.496806,767217925266335522519883445024076189285011550871142232477027495248711373983247735610388702049736613087710340681310587522844892777576906362265240880995955409648802515137759691563363653616862712159688752916061815970988032.000000,2183939385730308635208420668460933914736575353792636055752251780277989982624268939247965316352032902605804190037285301907091865443511872780909337358499977323070554945362491120558481062474374010441479208921758922607624477388728235833881085870080.000000
577,0.994322,-0.496315,767217925266335522519883445024076189285011550871142232477027495248711373983247735610388702049736613087710340681310587522844892777576906362265240880995955409648802515137759691563363653616862712159688752916061815970988032.000000,2183939385730308635208420668460933914736575353792636055752251780277989982624268939247965316352032902605804190037285301907091865443511872780909337358499977323070554945362491120558481062474374010441479208921758922607624477388728235833881085870080.000000
578,0.989609,-0.495791,767217925266335522519883445024076189285011550871142232477027495248711373983247735610388702049736613087710340681310587522844892777576906362265240880995955409648802515137759691563363653616862712159688752916061815970988032.000000,2183939385730308635208420668460933914736575353792636055752251780277989982624268939247965316352032902605804190037285301907091865443511872780909337358499977323070554945362491120558481062474374010441479208921758922607624477388728235833881085870080.000000
579,0.984879,-0.495231,767217925266335522519883445024076189285011550871142232477027495248711373983247735610388702049736613087710340681310587522844892777576906362265240880995955409648802515137759691563363653616862712159688752916061815970988032.000000,2183939385730308635208420668460933914736575353792636055752251780277989982624268939247965316352032902605804190037285301907091865443511872780909337358499977323070554945362491120558481062474374010441479208921758922607624477388728235833881085870080.000000
580,0.980131,-0.494636,767217925266335522519883445024076189285011550871142232477027495248711373983247735610388702049736613087710340681310587522844892777576906362265240880995955409648802515137759691563363653616862712159688752916061815970988032.000000,2183939385730308635208420668460933914736575353792636055752251780277989982624268939247965316352032902605804190037285301907091865443511872780909337358499977323070554945362491120558481062474374010441479208921758922607624477388728235833881085870080.000000
581,0.975366,-0.494007,767217925266335522519883445024076189285011550871142232477027495248711373983247735610388702049736613087710340681310587522844892777576906362265240880995955409648802515137759691563363653616862712159688752916061815970988032.000000,2183939385730308635208420668460933914736575353792636055752251780277989982624268939247965316352032902605804190037285301907091865443511872780909337358499977323070554945362491120558481062474374010441479208921758922607624477388728235833881085870080.000000
582,0.970584,-0.493343,767217925266335522519883445024076189285011550871142232477027495248711373983247735610388702049736613087710340681310587522844892777576906362265240880995955409648802515137759691563363653616862712159688752916061815970988032.000000,2183939385730308635208420668460933914736575353792636055752251780277989982624268939247965316352032902605804190037285301907091865443511872780909337358499977323070554945362491120558481062474374010441479208921758922607624477388728235833881085870080.000000
583,0.965785,-0.492644,767217925266335522519883445024076189285011550871142232477027495248711373983247735610388702049736613087710340681310587522844892777576906362265240880995955409648802515137759691563363653616862712159688752916061815970988032.000000,2183939385730308635208420668460933914736575353792636055752251780277989982624268939247965316352032902605804190037285301907091865443511872780909337358499977323070554945362491120558481062474374010441479208921758922607624477388728235833881085870080.000000
584,0.960969,-0.491911,767217925266335522519883445024076189285011550871142232477027495248711373983247735610388702049736613087710340681310587522844892777576906362265240880995955409648802515137759691563363653616862712159688752916061815970988032.000000,2183939385730308635208420668460933914736575353792636055752251780277989982624268939247965316352032902605804190037285301907091865443511872780909337358499977323070554945362491120558481062474374010441479208921758922607624477388728235833881085870080.000000
585,0.956136,-0.491144,767217925266335522519883445024076189285011550871142232477027495248711373983247735610388702049736613087710340681310587522844892777576906362265240880995955409648802515137759691563363653616862712159688752916061815970988032.000000,2183939385730308635208420668460933914736575353792636055752251780277989982624268939247965316352032902605804190037285301907091865443511872780909337358499977323070554945362491120558481062474374010441479208921758922607624477388728235833881085870080.000000
586,0.951286,-0.490341,767217925266335522519883445024076189285011550871142232477027495248711373983247735610388702049736613087710340681310587522844892777576906362265240880995955409648802515137759691563363653616862712159688752916061815970988032.000000,2183939385730308635208420668460933914736575353792636055752251780277989982624268939247965316352032902605804190037285301907091865443511872780909337358499977323070554945362491120558481062474374010441479208921758922607624477388728235833881085870080.000000
587,0.946420,-0.489505,767217925266335522519883445024076189285011550871142232477027495248711373983247735610388702049736613087710340681310587522844892777576906362265240880995955409648802515137759691563363653616862712159688752916061815970988032.000000,2183939385730308635208420668460933914736575353792636055752251780277989982624268939247965316352032902605804190037285301907091865443511872780909337358499977323070554945362491120558481062474374010441479208921758922607624477388728235833881085870080.000000
588,0.941537,-0.488634,767217925266335522519883445024076189285011550871142232477027495248711373983247735610388702049736613087710340681310587522844892777576906362265240880995955409648802515137759691563363653616862712159688752916061815970988032.000000,2183939385730308635208420668460933914736575353792636055752251780277989982624268939247965316352032902605804190037285301907091865443511872780909337358499977323070554945362491120558481062474374010441479208921758922607624477388728235833881085870080.000000
589,0.936638,-0.487729,767217925266335522519883445024076189285011550871142232477027495248711373983247735610388702049736613087710340681310587522844892777576906362265240880995955409648802515137759691563363653616862712159688752916061815970988032.000000,2183939385730308635208420668460933914736575353792636055752251780277989982624268939247965316352032902605804190037285301907091865443511872780909337358499977323070554945362491120558481062474374010441479208921758922607624477388728235833881085870080.000000
590,0.931722,-0.486789,767217925266335522519883445024076189285011550871142232477027495248711373983247735610388702049736613087710340681310587522844892777576906362265240880995955409648802515137759691563363653616862712159688752916061815970988032.000000,2183939385730308635208420668460933914736575353792636055752251780277989982624268939247965316352032902605804190037285301907091865443511872780909337358499977323070554945362491120558481062474374010441479208921758922607624477388728235833881085870080.000000
591,0.926789,-0.485816,767217925266335522519883445024076189285011550871142232477027495248711373983247735610388702049736613087710340681310587522844892777576906362265240880995955409648802515137759691563363653616862712159688752916061815970988032.000000,2183939385730308635208420668460933914736575353792636055752251780277989982624268939247965316352032902605804190037285301907091865443511872780909337358499977323070554945362491120558481062474374010441479208921758922607624477388728235833881085870080.000000
592,0.921841,-0.484808,767217925266335522519883445024076189285011550871142232477027495248711373983247735610388702049736613087710340681310587522844892777576906362265240880995955409648802515137759691563363653616862712159688752916061815970988032.000000,2183939385730308635208420668460933914736575353792636055752251780277989982624268939247965316352032902605804190037285301907091865443511872780909337358499977323070554945362491120558481062474374010441479208921758922607624477388728235833881085870080.000000
593,0.916876,-0.483766,767217925266335522519883445024076189285011550871142232477027495248711373983247735610388702049736613087710340681310587522844892777576906362265240880995955409648802515137759691563363653616862712159688752916061815970988032.000000,2183939385730308635208420668460933914736575353792636055752251780277989982624268939247965316352032902605804190037285301907091865443511872780909337358499977323070554945362491120558481062474374010441479208921758922607624477388728235833881085870080.000000
594,0.911895,-0.482691,767217925266335522519883445024076189285011550871142232477027495248711373983247735610388702049736613087710340681310587522844892777576906362265240880995955409648802515137759691563363653616862712159688752916061815970988032.000000,2183939385730308635208420668460933914736575353792636055752251780277989982624268939247965316352032902605804190037285301907091865443511872780909337358499977323070554945362491120558481062474374010441479208921758922607624477388728235833881085870080.000000
595,0.906899,-0.481581,767217925266335522519883445024076189285011550871142232477027495248711373983247735610388702049736613087710340681310587522844892777576906362265240880995955409648802515137759691563363653616862712159688752916061815970988032.000000,2183939385730308635208420668460933914736575353792636055752251780277989982624268939247965316352032902605804190037285301907091865443511872780909337358499977323070554945362491120558481062474374010441479208921758922607624477388728235833881085870080.000000
596,0.901886,-0.480438,767217925266335522519883445024076189285011550871142232477027495248711373983247735610388702049736613087710340681310587522844892777576906362265240880995955409648802515137759691563363653616862712159688752916061815970988032.000000,2183939385730308635208420668460933914736575353792636055752251780277989982624268939247965316352032902605804190037285301907091865443511872780909337358499977323070554945362491120558481062474374010441479208921758922607624477388728235833881085870080.000000
597,0.896857,-0.479261,767217925266335522519883445024076189285011550871142232477027495248711373983247735610388702049736613087710340681310587522844892777576906362265240880995955409648802515137759691563363653616862712159688752916061815970988032.000000,2183939385730308635208420668460933914736575353792636055752251780277989982624268939247965316352032902605804190037285301907091865443511872780909337358499977323070554945362491120558481062474374010441479208921758922607624477388728235833881085870080.000000
598,0.891813,-0.478050,767217925266335522519883445024076189285011550871142232477027495248711373983247735610388702049736613087710340681310587522844892777576906362265240880995955409648802515137759691563363653616862712159688752916061815970988032.000000,2183939385730308635208420668460933914736575353792636055752251780277989982624268939247965316352032902605804190037285301907091865443511872780909337358499977323070554945362491120558481062474374010441479208921758922607624477388728235833881085870080.000000
599,0.886753,-0.476806,767217925266335522519883445024076189285011550871142232477027495248711373983247735610388702049736613087710340681310587522844892777576906362265240880995955409648802515137759691563363653616862712159688752916061815970988032.000000,2183939385730308635208420668460933914736575353792636055752251780277989982624268939247965316352032902605804190037285301907091865443511872780909337358499977323070554945362491120558481062474374010441479208921758922607624477388728235833881085870080.000000
600,0.881678,-0.475528,767217925266335522519883445024076189285011550871142232477027495248711373983247735610388702049736613087710340681310587522844892777576906362265240880995955409648802515137759691563363653616862712159688752916061815970988032.000000,2183939385730308635208420668460933914736575353792636055752251780277989982624268939247965316352032902605804190037285301907091865443511872780909337358499977323070554945362491120558481062474374010441479208921758922607624477388728235833881085870080.000000
601,0.876587,-0.474217,767217925266335522519883445024076189285011550871142232477027495248711373983247735610388702049736613087710340681310587522844892777576906362265240880995955409648802515137759691563363653616862712159688752916061815970988032.000000,2183939385730308635208420668460933914736575353792636055752251780277989982624268939247965316352032902605804190037285301907091865443511872780909337358499977323070554945362491120558481062474374010441479208921758922607624477388728235833881085870080.000000
602,0.871481,-0.472873,767217925266335522519883445024076189285011550871142232477027495248711373983247735610388702049736613087710340681310587522844892777576906362265240880995955409648802515137759691563363653616862712159688752916061815970988032.000000,2183939385730308635208420668460933914736575353792636055752251780277989982624268939247965316352032902605804190037285301907091865443511872780909337358499977323070554945362491120558481062474374010441479208921758922607624477388728235833881085870080.000000
603,0.866359,-0.471495,767217925266335522519883445024076189285011550871142232477027495248711373983247735610388702049736613087710340681310587522844892777576906362265240880995955409648802515137759691563363653616862712159688752916061815970988032.000000,2183939385730308635208420668460933914736575353792636055752251780277989982624268939247965316352032902605804190037285301907091865443511872780909337358499977323070554945362491120558481062474374010441479208921758922607624477388728235833881085870080.000000
604,0.861222,-0.470085,767217925266335522519883445024076189285011550871142232477027495248711373983247735610388702049736613087710340681310587522844892777576906362265240880995955409648802515137759691563363653616862712159688752916061815970988032.000000,2183939385730308635208420668460933914736575353792636055752251780277989982624268939247965316352032902605804190037285301907091865443511872780909337358499977323070554945362491120558481062474374010441479208921758922607624477388728235833881085870080.000000
605,0.856070,-0.468641,767217925266335522519883445024076189285011550871142232477027495248711373983247735610388702049736613087710340681310587522844892777576906362265240880995955409648802515137759691563363653616862712159688752916061815970988032.000000,2183939385730308635208420668460933914736575353792636055752251780277989982624268939247965316352032902605804190037285301907091865443511872780909337358499977323070554945362491120558481062474374010441479208921758922607624477388728235833881085870080.000000
606,0.850903,-0.467164,767217925266335522519883445024076189285011550871142232477027495248711373983247735610388702049736613087710340681310587522844892777576906362265240880995955409648802515137759691563363653616862712159688752916061815970988032.000000,2183939385730308635208420668460933914736575353792636055752251780277989982624268939247965316352032902605804190037285301907091865443511872780909337358499977323070554945362491120558481062474374010441479208921758922607624477388728235833881085870080.000000
607,0.845722,-0.465655,767217925266335522519883445024076189285011550871142232477027495248711373983247735610388702049736613087710340681310587522844892777576906362265240880995955409648802515137759691563363653616862712159688752916061815970988032.000000,2183939385730308635208420668460933914736575353792636055752251780277989982624268939247965316352032902605804190037285301907091865443511872780909337358499977323070554945362491120558481062474374010441479208921758922607624477388728235833881085870080.000000
608,0.840525,-0.464113,767217925266335522519883445024076189285011550871142232477027495248711373983247735610388702049736613087710340681310587522844892777576906362265240880995955409648802515137759691563363653616862712159688752916061815970988032.000000,2183939385730308635208420668460933914736575353792636055752251780277989982624268939247965316352032902605804190037285301907091865443511872780909337358499977323070554945362491120558481062474374010441479208921758922607624477388728235833881085870080.000000
609,0.835313,-0.462539,767217925266335522519883445024076189285011550871142232477027495248711373983247735610388702049736613087710340681310587522844892777576906362265240880995955409648802515137759691563363653616862712159688752916061815970988032.000000,2183939385730308635208420668460933914736575353792636055752251780277989982624268939247965316352032902605804190037285301907091865443511872780909337358499977323070554945362491120558481062474374010441479208921758922607624477388728235833881085870080.000000
610,0.830087,-0.460932,767217925266335522519883445024076189285011550871142232477027495248711373983247735610388702049736613087710340681310587522844892777576906362265240880995955409648802515137759691563363653616862712159688752916061815970988032.000000,2183939385730308635208420668460933914736575353792636055752251780277989982624268939247965316352032902605804190037285301907091865443511872780909337358499977323070554945362491120558481062474374010441479208921758922607624477388728235833881085870080.000000
611,0.824847,-0.459292,767217925266335522519883445024076189285011550871142232477027495248711373983247735610388702049736613087710340681310587522844892777576906362265240880995955409648802515137759691563363653616862712159688752916061815970988032.000000,2183939385730308635208420668460933914736575353792636055752251780277989982624268939247965316352032902605804190037285301907091865443511872780909337358499977323070554945362491120558481062474374010441479208921758922607624477388728235833881085870080.000000
612,0.819592,-0.457621,767217925266335522519883445024076189285011550871142232477027495248711373983247735610388702049736613087710340681310587522844892777576906362265240880995955409648802515137759691563363653616862712159688752916061815970988032.000000,2183939385730308635208420668460933914736575353792636055752251780277989982624268939247965316352032902605804190037285301907091865443511872780909337358499977323070554945362491120558481062474374010441479208921758922607624477388728235833881085870080.000000
613,0.814322,-0.455917,767217925266335522519883445024076189285011550871142232477027495248711373983247735610388702049736613087710340681310587522844892777576906362265240880995955409648802515137759691563363653616862712159688752916061815970988032.000000,2183939385730308635208420668460933914736575353792636055752251780277989982624268939247965316352032902605804190037285301907091865443511872780909337358499977323070554945362491120558481062474374010441479208921758922607624477388728235833881085870080.000000
614,0.809038,-0.454181,767217925266335522519883445024076189285011550871142232477027495248711373983247735610388702049736613087710340681310587522844892777576906362265240880995955409648802515137759691563363653616862712159688752916061815970988032.000000,2183939385730308635208420668460933914736575353792636055752251780277989982624268939247965316352032902605804190037285301907091865443511872780909337358499977323070554945362491120558481062474374010441479208921758922607624477388728235833881085870080.000000
615,0.803740,-0.452414,767217925266335522519883445024076189285011550871142232477027495248711373983247735610388702049736613087710340681310587522844892777576906362265240880995955409648802515137759691563363653616862712159688752916061815970988032.000000,2183939385730308635208420668460933914736575353792636055752251780277989982624268939247965316352032902605804190037285301907091865443511872780909337358499977323070554945362491120558481062474374010441479208921758922607624477388728235833881085870080.000000
616,0.798428,-0.450614,767217925266335522519883445024076189285011550871142232477027495248711373983247735610388702049736613087710340681310587522844892777576906362265240880995955409648802515137759691563363653616862712159688752916061815970988032.000000,2183939385730308635208420668460933914736575353792636055752251780277989982624268939247965316352032902605804190037285301907091865443511872780909337358499977323070554945362491120558481062474374010441479208921758922607624477388728235833881085870080.000000
617,0.793102,-0.448783,767217925266335522519883445024076189285011550871142232477027495248711373983247735610388702049736613087710340681310587522844892777576906362265240880995955409648802515137759691563363653616862712159688752916061815970988032.000000,2183939385730308635208420668460933914736575353792636055752251780277989982624268939247965316352032902605804190037285301907091865443511872780909337358499977323070554945362491120558481062474374010441479208921758922607624477388728235833881085870080.000000
618,0.787762,-0.446921,767217925266335522519883445024076189285011550871142232477027495248711373983247735610388702049736613087710340681310587522844892777576906362265240880995955409648802515137759691563363653616862712159688752916061815970988032.000000,2183939385730308635208420668460933914736575353792636055752251780277989982624268939247965316352032902605804190037285301907091865443511872780909337358499977323070554945362491120558481062474374010441479208921758922607624477388728235833881085870080.000000
619,0.782408,-0.445027,767217925266335522519883445024076189285011550871142232477027495248711373983247735610388702049736613087710340681310587522844892777576906362265240880995955409648802515137759691563363653616862712159688752916061815970988032.000000,2183939385730308635208420668460933914736575353792636055752251780277989982624268939247965316352032902605804190037285301907091865443511872780909337358499977323070554945362491120558481062474374010441479208921758922607624477388728235833881085870080.000000
620,0.777041,-0.443102,767217925266335522519883445024076189285011550871142232477027495248711373983247735610388702049736613087710340681310587522844892777576906362265240880995955409648802515137759691563363653616862712159688752916061815970988032.000000,2183939385730308635208420668460933914736575353792636055752251780277989982624268939247965316352032902605804190037285301907091865443511872780909337358499977323070554945362491120558481062474374010441479208921758922607624477388728235833881085870080.000000
621,0.771659,-0.441146,767217925266335522519883445024076189285011550871142232477027495248711373983247735610388702049736613087710340681310587522844892777576906362265240880995955409648802515137759691563363653616862712159688752916061815970988032.000000,2183939385730308635208420668460933914736575353792636055752251780277989982624268939247965316352032902605804190037285301907091865443511872780909337358499977323070554945362491120558481062474374010441479208921758922607624477388728235833881085870080.000000
622,0.766265,-0.439158,767217925266335522519883445024076189285011550871142232477027495248711373983247735610388702049736613087710340681310587522844892777576906362265240880995955409648802515137759691563363653616862712159688752916061815970988032.000000,2183939385730308635208420668460933914736575353792636055752251780277989982624268939247965316352032902605804190037285301907091865443511872780909337358499977323070554945362491120558481062474374010441479208921758922607624477388728235833881085870080.000000
623,0.760856,-0.437141,767217925266335522519883445024076189285011550871142232477027495248711373983247735610388702049736613087710340681310587522844892777576906362265240880995955409648802515137759691563363653616862712159688752916061815970988032.000000,2183939385730308635208420668460933914736575353792636055752251780277989982624268939247965316352032902605804190037285301907091865443511872780909337358499977323070554945362491120558481062474374010441479208921758922607624477388728235833881085870080.000000
624,0.755435,-0.435092,767217925266335522519883445024076189285011550871142232477027495248711373983247735610388702049736613087710340681310587522844892777576906362265240880995955409648802515137759691563363653616862712159688752916061815970988032.000000,2183939385730308635208420668460933914736575353792636055752251780277989982624268939247965316352032902605804190037285301907091865443511872780909337358499977323070554945362491120558481062474374010441479208921758922607624477388728235833881085870080.000000
625,0.750000,-0.433013,767217925266335522519883445024076189285011550871142232477027495248711373983247735610388702049736613087710340681310587522844892777576906362265240880995955409648802515137759691563363653616862712159688752916061815970988032.000000,2183939385730308635208420668460933914736575353792636055752251780277989982624268939247965316352032902605804190037285301907091865443511872780909337358499977323070554945362491120558481062474374010441479208921758922607624477388728235833881085870080.000000
626,0.744552,-0.430903,767217925266335522519883445024076189285011550871142232477027495248711373983247735610388702049736613087710340681310587522844892777576906362265240880995955409648802515137759691563363653616862712159688752916061815970988032.000000,2183939385730308635208420668460933914736575353792636055752251780277989982624268939247965316352032902605804190037285301907091865443511872780909337358499977323070554945362491120558481062474374010441479208921758922607624477388728235833881085870080.000000
627,0.739091,-0.428763,767217925266335522519883445024076189285011550871142232477027495248711373983247735610388702049736613087710340681310587522844892777576906362265240880995955409648802515137759691563363653616862712159688752916061815970988032.000000,2183939385730308635208420668460933914736575353792636055752251780277989982624268939247965316352032902605804190037285301907091865443511872780909337358499977323070554945362491120558481062474374010441479208921758922607624477388728235833881085870080.000000
628,0.733617,-0.426593,767217925266335522519883445024076189285011550871142232477027495248711373983247735610388702049736613087710340681310587522844892777576906362265240880995955409648802515137759691563363653616862712159688752916061815970988032.000000,2183939385730308635208420668460933914736575353792636055752251780277989982624268939247965316352032902605804190037285301907091865443511872780909337358499977323070554945362491120558481062474374010441479208921758922607624477388728235833881085870080.000000
629,0.728130,-0.424394,767217925266335522519883445024076189285011550871142232477027495248711373983247735610388702049736613087710340681310587522844892777576906362265240880995955409648802515137759691563363653616862712159688752916061815970988032.000000,2183939385730308635208420668460933914736575353792636055752251780277989982624268939247965316352032902605804190037285301907091865443511872780909337358499977323070554945362491120558481062474374010441479208921758922607624477388728235833881085870080.000000
630,0.722631,-0.422164,767217925266335522519883445024076189285011550871142232477027495248711373983247735610388702049736613087710340681310587522844892777576906362265240880995955409648802515137759691563363653616862712159688752916061815970988032.000000,2183939385730308635208420668460933914736575353792636055752251780277989982624268939247965316352032902605804190037285301907091865443511872780909337358499977323070554945362491120558481062474374010441479208921758922607624477388728235833881085870080.000000
631,0.717118,-0.419905,767217925266335522519883445024076189285011550871142232477027495248711373983247735610388702049736613087710340681310587522844892777576906362265240880995955409648802515137759691563363653616862712159688752916061815970988032.000000,2183939385730308635208420668460933914736575353792636055752251780277989982624268939247965316352032902605804190037285301907091865443511872780909337358499977323070554945362491120558481062474374010441479208921758922607624477388728235833881085870080.000000
632,0.711593,-0.417616,767217925266335522519883445024076189285011550871142232477027495248711373983247735610388702049736613087710340681310587522844892777576906362265240880995955409648802515137759691563363653616862712159688752916061815970988032.000000,2183939385730308635208420668460933914736575353792636055752251780277989982624268939247965316352032902605804190037285301907091865443511872780909337358499977323070554945362491120558481062474374010441479208921758922607624477388728235833881085870080.000000
633,0.706056,-0.415298,767217925266335522519883445024076189285011550871142232477027495248711373983247735610388702049736613087710340681310587522844892777576906362265240880995955409648802515137759691563363653616862712159688752916061815970988032.000000,2183939385730308635208420668460933914736575353792636055752251780277989982624268939247965316352032902605804190037285301907091865443511872780909337358499977323070554945362491120558481062474374010441479208921758922607624477388728235833881085870080.000000
634,0.700506,-0.412951,767217925266335522519883445024076189285011550871142232477027495248711373983247735610388702049736613087710340681310587522844892777576906362265240880995955409648802515137759691563363653616862712159688752916061815970988032.000000,2183939385730308635208420668460933914736575353792636055752251780277989982624268939247965316352032902605804190037285301907091865443511872780909337358499977323070554945362491120558481062474374010441479208921758922607624477388728235833881085870080.000000
635,0.694944,-0.410575,767217925266335522519883445024076189285011550871142232477027495248711373983247735610388702049736613087710340681310587522844892777576906362265240880995955409648802515137759691563363653616862712159688752916061815970988032.000000,2183939385730308635208420668460933914736575353792636055752251780277989982624268939247965316352032902605804190037285301907091865443511872780909337358499977323070554945362491120558481062474374010441479208921758922607624477388728235833881085870080.000000
636,0.689370,-0.408170,767217925266335522519883445024076189285011550871142232477027495248711373983247735610388702049736613087710340681310587522844892777576906362265240880995955409648802515137759691563363653616862712159688752916061815970988032.000000,2183939385730308635208420668460933914736575353792636055752251780277989982624268939247965316352032902605804190037285301907091865443511872780909337358499977323070554945362491120558481062474374010441479208921758922607624477388728235833881085870080.000000
637,0.683783,-0.405736,767217925266335522519883445024076189285011550871142232477027495248711373983247735610388702049736613087710340681310587522844892777576906362265240880995955409648802515137759691563363653616862712159688752916061815970988032.000000,2183939385730308635208420668460933914736575353792636055752251780277989982624268939247965316352032902605804190037285301907091865443511872780909337358499977323070554945362491120558481062474374010441479208921758922607624477388728235833881085870080.000000
638,0.678185,-0.403274,767217925266335522519883445024076189285011550871142232477027495248711373983247735610388702049736613087710340681310587522844892777576906362265240880995955409648802515137759691563363653616862712159688752916061815970988032.000000,2183939385730308635208420668460933914736575353792636055752251780277989982624268939247965316352032902605804190037285301907091865443511872780909337358499977323070554945362491120558481062474374010441479208921758922607624477388728235833881085870080.000000
639,0.672575,-0.400783,767217925266335522519883445024076189285011550871142232477027495248711373983247735610388702049736613087710340681310587522844892777576906362265240880995955409648802515137759691563363653616862712159688752916061815970988032.000000,2183939385730308635208420668460933914736575353792636055752251780277989982624268939247965316352032902605804190037285301907091865443511872780909337358499977323070554945362491120558481062474374010441479208921758922607624477388728235833881085870080.000000
640,0.666953,-0.398265,767217925266335522519883445024076189285011550871142232477027495248711373983247735610388702049736613087710340681310587522844892777576906362265240880995955409648802515137759691563363653616862712159688752916061815970988032.000000,2183939385730308635208420668460933914736575353792636055752251780277989982624268939247965316352032902605804190037285301907091865443511872780909337358499977323070554945362491120558481062474374010441479208921758922607624477388728235833881085870080.000000
641,0.661319,-0.395718,767217925266335522519883445024076189285011550871142232477027495248711373983247735610388702049736613087710340681310587522844892777576906362265240880995955409648802515137759691563363653616862712159688752916061815970988032.000000,2183939385730308635208420668460933914736575353792636055752251780277989982624268939247965316352032902605804190037285301907091865443511872780909337358499977323070554945362491120558481062474374010441479208921758922607624477388728235833881085870080.000000
642,0.655674,-0.393144,767217925266335522519883445024076189285011550871142232477027495248711373983247735610388702049736613087710340681310587522844892777576906362265240880995955409648802515137759691563363653616862712159688752916061815970988032.000000,2183939385730308635208420668460933914736575353792636055752251780277989982624268939247965316352032902605804190037285301907091865443511872780909337358499977323070554945362491120558481062474374010441479208921758922607624477388728235833881085870080.000000
643,0.650017,-0.390542,767217925266335522519883445024076189285011550871142232477027495248711373983247735610388702049736613087710340681310587522844892777576906362265240880995955409648802515137759691563363653616862712159688752916061815970988032.000000,2183939385730308635208420668460933914736575353792636055752251780277989982624268939247965316352032902605804190037285301907091865443511872780909337358499977323070554945362491120558481062474374010441479208921758922607624477388728235833881085870080.000000
644,0.644349,-0.387913,767217925266335522519883445024076189285011550871142232477027495248711373983247735610388702049736613087710340681310587522844892777576906362265240880995955409648802515137759691563363653616862712159688752916061815970988032.000000,2183939385730308635208420668460933914736575353792636055752251780277989982624268939247965316352032902605804190037285301907091865443511872780909337358499977323070554945362491120558481062474374010441479208921758922607624477388728235833881085870080.000000
645,0.638669,-0.385257,767217925266335522519883445024076189285011550871142232477027495248711373983247735610388702049736613087710340681310587522844892777576906362265240880995955409648802515137759691563363653616862712159688752916061815970988032.000000,2183939385730308635208420668460933914736575353792636055752251780277989982624268939247965316352032902605804190037285301907091865443511872780909337358499977323070554945362491120558481062474374010441479208921758922607624477388728235833881085870080.000000
646,0.632978,-0.382573,767217925266335522519883445024076189285011550871142232477027495248711373983247735610388702049736613087710340681310587522844892777576906362265240880995955409648802515137759691563363653616862712159688752916061815970988032.000000,2183939385730308635208420668460933914736575353792636055752251780277989982624268939247965316352032902605804190037285301907091865443511872780909337358499977323070554945362491120558481062474374010441479208921758922607624477388728235833881085870080.000000
647,0.627276,-0.379863,767217925266335522519883445024076189285011550871142232477027495248711373983247735610388702049736613087710340681310587522844892777576906362265240880995955409648802515137759691563363653616862712159688752916061815970988032.000000,2183939385730308635208420668460933914736575353792636055752251780277989982624268939247965316352032902605804190037285301907091865443511872780909337358499977323070554945362491120558481062474374010441479208921758922607624477388728235833881085870080.000000
648,0.621563,-0.377126,767217925266335522519883445024076189285011550871142232477027495248711373983247735610388702049736613087710340681310587522844892777576906362265240880995955409648802515137759691563363653616862712159688752916061815970988032.000000,2183939385730308635208420668460933914736575353792636055752251780277989982624268939247965316352032902605804190037285301907091865443511872780909337358499977323070554945362491120558481062474374010441479208921758922607624477388728235833881085870080.000000
649,0.615840,-0.374362,767217925266335522519883445024076189285011550871142232477027495248711373983247735610388702049736613087710340681310587522844892777576906362265240880995955409648802515137759691563363653616862712159688752916061815970988032.000000,2183939385730308635208420668460933914736575353792636055752251780277989982624268939247965316352032902605804190037285301907091865443511872780909337358499977323070554945362491120558481062474374010441479208921758922607624477388728235833881085870080.000000
650,0.610105,-0.371572,767217925266335522519883445024076189285011550871142232477027495248711373983247735610388702049736613087710340681310587522844892777576906362265240880995955409648802515137759691563363653616862712159688752916061815970988032.000000,2183939385730308635208420668460933914736575353792636055752251780277989982624268939247965316352032902605804190037285301907091865443511872780909337358499977323070554945362491120558481062474374010441479208921758922607624477388728235833881085870080.000000
651,0.604360,-0.368757,767217925266335522519883445024076189285011550871142232477027495248711373983247735610388702049736613087710340681310587522844892777576906362265240880995955409648802515137759691563363653616862712159688752916061815970988032.000000,2183939385730308635208420668460933914736575353792636055752251780277989982624268939247965316352032902605804190037285301907091865443511872780909337358499977323070554945362491120558481062474374010441479208921758922607624477388728235833881085870080.000000
652,0.598604,-0.365915,767217925266335522519883445024076189285011550871142232477027495248711373983247735610388702049736613087710340681310587522844892777576906362265240880995955409648802515137759691563363653616862712159688752916061815970988032.000000,2183939385730308635208420668460933914736575353792636055752251780277989982624268939247965316352032902605804190037285301907091865443511872780909337358499977323070554945362491120558481062474374010441479208921758922607624477388728235833881085870080.000000
653,0.592837,-0.363047,767217925266335522519883445024076189285011550871142232477027495248711373983247735610388702049736613087710340681310587522844892777576906362265240880995955409648802515137759691563363653616862712159688752916061815970988032.000000,2183939385730308635208420668460933914736575353792636055752251780277989982624268939247965316352032902605804190037285301907091865443511872780909337358499977323070554945362491120558481062474374010441479208921758922607624477388728235833881085870080.000000
654,0.587061,-0.360155,767217925266335522519883445024076189285011550871142232477027495248711373983247735610388702049736613087710340681310587522844892777576906362265240880995955409648802515137759691563363653616862712159688752916061815970988032.000000,2183939385730308635208420668460933914736575353792636055752251780277989982624268939247965316352032902605804190037285301907091865443511872780909337358499977323070554945362491120558481062474374010441479208921758922607624477388728235833881085870080.000000
655,0.581273,-0.357236,767217925266335522519883445024076189285011550871142232477027495248711373983247735610388702049736613087710340681310587522844892777576906362265240880995955409648802515137759691563363653616862712159688752916061815970988032.000000,2183939385730308635208420668460933914736575353792636055752251780277989982624268939247965316352032902605804190037285301907091865443511872780909337358499977323070554945362491120558481062474374010441479208921758922607624477388728235833881085870080.000000
656,0.575476,-0.354293,767217925266335522519883445024076189285011550871142232477027495248711373983247735610388702049736613087710340681310587522844892777576906362265240880995955409648802515137759691563363653616862712159688752916061815970988032.000000,2183939385730308635208420668460933914736575353792636055752251780277989982624268939247965316352032902605804190037285301907091865443511872780909337358499977323070554945362491120558481062474374010441479208921758922607624477388728235833881085870080.000000
657,0.569669,-0.351325,767217925266335522519883445024076189285011550871142232477027495248711373983247735610388702049736613087710340681310587522844892777576906362265240880995955409648802515137759691563363653616862712159688752916061815970988032.000000,2183939385730308635208420668460933914736575353792636055752251780277989982624268939247965316352032902605804190037285301907091865443511872780909337358499977323070554945362491120558481062474374010441479208921758922607624477388728235833881085870080.000000
658,0.563851,-0.348332,767217925266335522519883445024076189285011550871142232477027495248711373983247735610388702049736613087710340681310587522844892777576906362265240880995955409648802515137759691563363653616862712159688752916061815970988032.000000,2183939385730308635208420668460933914736575353792636055752251780277989982624268939247965316352032902605804190037285301907091865443511872780909337358499977323070554945362491120558481062474374010441479208921758922607624477388728235833881085870080.000000
659,0.558024,-0.345315,767217925266335522519883445024076189285011550871142232477027495248711373983247735610388702049736613087710340681310587522844892777576906362265240880995955409648802515137759691563363653616862712159688752916061815970988032.000000,2183939385730308635208420668460933914736575353792636055752251780277989982624268939247965316352032902605804190037285301907091865443511872780909337358499977323070554945362491120558481062474374010441479208921758922607624477388728235833881085870080.000000
660,0.552187,-0.342274,767217925266335522519883445024076189285011550871142232477027495248711373983247735610388702049736613087710340681310587522844892777576906362265240880995955409648802515137759691563363653616862712159688752916061815970988032.000000,2183939385730308635208420668460933914736575353792636055752251780277989982624268939247965316352032902605804190037285301907091865443511872780909337358499977323070554945362491120558481062474374010441479208921758922607624477388728235833881085870080.000000
661,0.546340,-0.339208,767217925266335522519883445024076189285011550871142232477027495248711373983247735610388702049736613087710340681310587522844892777576906362265240880995955409648802515137759691563363653616862712159688752916061815970988032.000000,2183939385730308635208420668460933914736575353792636055752251780277989982624268939247965316352032902605804190037285301907091865443511872780909337358499977323070554945362491120558481062474374010441479208921758922607624477388728235833881085870080.000000
662,0.540484,-0.336119,767217925266335522519883445024076189285011550871142232477027495248711373983247735610388702049736613087710340681310587522844892777576906362265240880995955409648802515137759691563363653616862712159688752916061815970988032.000000,2183939385730308635208420668460933914736575353792636055752251780277989982624268939247965316352032902605804190037285301907091865443511872780909337358499977323070554945362491120558481062474374010441479208921758922607624477388728235833881085870080.000000
663,0.534618,-0.333006,767217925266335522519883445024076189285011550871142232477027495248711373983247735610388702049736613087710340681310587522844892777576906362265240880995955409648802515137759691563363653616862712159688752916061815970988032.000000,2183939385730308635208420668460933914736575353792636055752251780277989982624268939247965316352032902605804190037285301907091865443511872780909337358499977323070554945362491120558481062474374010441479208921758922607624477388728235833881085870080.000000
664,0.528743,-0.329870,767217925266335522519883445024076189285011550871142232477027495248711373983247735610388702049736613087710340681310587522844892777576906362265240880995955409648802515137759691563363653616862712159688752916061815970988032.000000,2183939385730308635208420668460933914736575353792636055752251780277989982624268939247965316352032902605804190037285301907091865443511872780909337358499977323070554945362491120558481062474374010441479208921758922607624477388728235833881085870080.000000
665,0.522858,-0.326710,767217925266335522519883445024076189285011550871142232477027495248711373983247735610388702049736613087710340681310587522844892777576906362265240880995955409648802515137759691563363653616862712159688752916061815970988032.000000,2183939385730308635208420668460933914736575353792636055752251780277989982624268939247965316352032902605804190037285301907091865443511872780909337358499977323070554945362491120558481062474374010441479208921758922607624477388728235833881085870080.000000
666,0.516964,-0.323528,767217925266335522519883445024076189285011550871142232477027495248711373983247735610388702049736613087710340681310587522844892777576906362265240880995955409648802515137759691563363653616862712159688752916061815970988032.000000,2183939385730308635208420668460933914736575353792636055752251780277989982624268939247965316352032902605804190037285301907091865443511872780909337358499977323070554945362491120558481062474374010441479208921758922607624477388728235833881085870080.000000
667,0.511062,-0.320323,767217925266335522519883445024076189285011550871142232477027495248711373983247735610388702049736613087710340681310587522844892777576906362265240880995955409648802515137759691563363653616862712159688752916061815970988032.000000,2183939385730308635208420668460933914736575353792636055752251780277989982624268939247965316352032902605804190037285301907091865443511872780909337358499977323070554945362491120558481062474374010441479208921758922607624477388728235833881085870080.000000
668,0.505150,-0.317095,767217925266335522519883445024076189285011550871142232477027495248711373983247735610388702049736613087710340681310587522844892777576906362265240880995955409648802515137759691563363653616862712159688752916061815970988032.000000,2183939385730308635208420668460933914736575353792636055752251780277989982624268939247965316352032902605804190037285301907091865443511872780909337358499977323070554945362491120558481062474374010441479208921758922607624477388728235833881085870080.000000
669,0.499229,-0.313846,767217925266335522519883445024076189285011550871142232477027495248711373983247735610388702049736613087710340681310587522844892777576906362265240880995955409648802515137759691563363653616862712159688752916061815970988032.000000,2183939385730308635208420668460933914736575353792636055752251780277989982624268939247965316352032902605804190037285301907091865443511872780909337358499977323070554945362491120558481062474374010441479208921758922607624477388728235833881085870080.000000
670,0.493300,-0.310574,767217925266335522519883445024076189285011550871142232477027495248711373983247735610388702049736613087710340681310587522844892777576906362265240880995955409648802515137759691563363653616862712159688752916061815970988032.000000,2183939385730308635208420668460933914736575353792636055752251780277989982624268939247965316352032902605804190037285301907091865443511872780909337358499977323070554945362491120558481062474374010441479208921758922607624477388728235833881085870080.000000
671,0.487362,-0.307280,767217925266335522519883445024076189285011550871142232477027495248711373983247735610388702049736613087710340681310587522844892777576906362265240880995955409648802515137759691563363653616862712159688752916061815970988032.000000,2183939385730308635208420668460933914736575353792636055752251780277989982624268939247965316352032902605804190037285301907091865443511872780909337358499977323070554945362491120558481062474374010441479208921758922607624477388728235833881085870080.000000
672,0.481415,-0.303965,767217925266335522519883445024076189285011550871142232477027495248711373983247735610388702049736613087710340681310587522844892777576906362265240880995955409648802515137759691563363653616862712159688752916061815970988032.000000,2183939385730308635208420668460933914736575353792636055752251780277989982624268939247965316352032902605804190037285301907091865443511872780909337358499977323070554945362491120558481062474374010441479208921758922607624477388728235833881085870080.000000
673,0.475460,-0.300629,767217925266335522519883445024076189285011550871142232477027495248711373983247735610388702049736613087710340681310587522844892777576906362265240880995955409648802515137759691563363653616862712159688752916061815970988032.000000,2183939385730308635208420668460933914736575353792636055752251780277989982624268939247965316352032902605804190037285301907091865443511872780909337358499977323070554945362491120558481062474374010441479208921758922607624477388728235833881085870080.000000
674,0.469497,-0.297271,767217925266335522519883445024076189285011550871142232477027495248711373983247735610388702049736613087710340681310587522844892777576906362265240880995955409648802515137759691563363653616862712159688752916061815970988032.000000,2183939385730308635208420668460933914736575353792636055752251780277989982624268939247965316352032902605804190037285301907091865443511872780909337358499977323070554945362491120558481062474374010441479208921758922607624477388728235833881085870080.000000
675,0.463525,-0.293893,767217925266335522519883445024076189285011550871142232477027495248711373983247735610388702049736613087710340681310587522844892777576906362265240880995955409648802515137759691563363653616862712159688752916061815970988032.000000,2183939385730308635208420668460933914736575353792636055752251780277989982624268939247965316352032902605804190037285301907091865443511872780909337358499977323070554945362491120558481062474374010441479208921758922607624477388728235833881085870080.000000
676,0.457546,-0.290494,767217925266335522519883445024076189285011550871142232477027495248711373983247735610388702049736613087710340681310587522844892777576906362265240880995955409648802515137759691563363653616862712159688752916061815970988032.000000,2183939385730308635208420668460933914736575353792636055752251780277989982624268939247965316352032902605804190037285301907091865443511872780909337358499977323070554945362491120558481062474374010441479208921758922607624477388728235833881085870080.000000
677,0.451558,-0.287074,767217925266335522519883445024076189285011550871142232477027495248711373983247735610388702049736613087710340681310587522844892777576906362265240880995955409648802515137759691563363653616862712159688752916061815970988032.000000,2183939385730308635208420668460933914736575353792636055752251780277989982624268939247965316352032902605804190037285301907091865443511872780909337358499977323070554945362491120558481062474374010441479208921758922607624477388728235833881085870080.000000
678,0.445562,-0.283634,767217925266335522519883445024076189285011550871142232477027495248711373983247735610388702049736613087710340681310587522844892777576906362265240880995955409648802515137759691563363653616862712159688752916061815970988032.000000,2183939385730308635208420668460933914736575353792636055752251780277989982624268939247965316352032902605804190037285301907091865443511872780909337358499977323070554945362491120558481062474374010441479208921758922607624477388728235833881085870080.000000
679,0.439559,-0.280175,767217925266335522519883445024076189285011550871142232477027495248711373983247735610388702049736613087710340681310587522844892777576906362265240880995955409648802515137759691563363653616862712159688752916061815970988032.000000,2183939385730308635208420668460933914736575353792636055752251780277989982624268939247965316352032902605804190037285301907091865443511872780909337358499977323070554945362491120558481062474374010441479208921758922607624477388728235833881085870080.000000
680,0.433548,-0.276696,767217925266335522519883445024076189285011550871142232477027495248711373983247735610388702049736613087710340681310587522844892777576906362265240880995955409648802515137759691563363653616862712159688752916061815970988032.000000,2183939385730308635208420668460933914736575353792636055752251780277989982624268939247965316352032902605804190037285301907091865443511872780909337358499977323070554945362491120558481062474374010441479208921758922607624477388728235833881085870080.000000
681,0.427529,-0.273197,767217925266335522519883445024076189285011550871142232477027495248711373983247735610388702049736613087710340681310587522844892777576906362265240880995955409648802515137759691563363653616862712159688752916061815970988032.000000,2183939385730308635208420668460933914736575353792636055752251780277989982624268939247965316352032902605804190037285301907091865443511872780909337358499977323070554945362491120558481062474374010441479208921758922607624477388728235833881085870080.000000
682,0.421503,-0.269679,767217925266335522519883445024076189285011550871142232477027495248711373983247735610388702049736613087710340681310587522844892777576906362265240880995955409648802515137759691563363653616862712159688752916061815970988032.000000,2183939385730308635208420668460933914736575353792636055752251780277989982624268939247965316352032902605804190037285301907091865443511872780909337358499977323070554945362491120558481062474374010441479208921758922607624477388728235833881085870080.000000
683,0.415469,-0.266143,767217925266335522519883445024076189285011550871142232477027495248711373983247735610388702049736613087710340681310587522844892777576906362265240880995955409648802515137759691563363653616862712159688752916061815970988032.000000,2183939385730308635208420668460933914736575353792636055752251780277989982624268939247965316352032902605804190037285301907091865443511872780909337358499977323070554945362491120558481062474374010441479208921758922607624477388728235833881085870080.000000
684,0.409428,-0.262587,767217925266335522519883445024076189285011550871142232477027495248711373983247735610388702049736613087710340681310587522844892777576906362265240880995955409648802515137759691563363653616862712159688752916061815970988032.000000,2183939385730308635208420668460933914736575353792636055752251780277989982624268939247965316352032902605804190037285301907091865443511872780909337358499977323070554945362491120558481062474374010441479208921758922607624477388728235833881085870080.000000
685,0.403380,-0.259014,767217925266335522519883445024076189285011550871142232477027495248711373983247735610388702049736613087710340681310587522844892777576906362265240880995955409648802515137759691563363653616862712159688752916061815970988032.000000,2183939385730308635208420668460933914736575353792636055752251780277989982624268939247965316352032902605804190037285301907091865443511872780909337358499977323070554945362491120558481062474374010441479208921758922607624477388728235833881085870080.000000
686,0.397324,-0.255422,767217925266335522519883445024076189285011550871142232477027495248711373983247735610388702049736613087710340681310587522844892777576906362265240880995955409648802515137759691563363653616862712159688752916061815970988032.000000,2183939385730308635208420668460933914736575353792636055752251780277989982624268939247965316352032902605804190037285301907091865443511872780909337358499977323070554945362491120558481062474374010441479208921758922607624477388728235833881085870080.000000
687,0.391262,-0.251812,767217925266335522519883445024076189285011550871142232477027495248711373983247735610388702049736613087710340681310587522844892777576906362265240880995955409648802515137759691563363653616862712159688752916061815970988032.000000,2183939385730308635208420668460933914736575353792636055752251780277989982624268939247965316352032902605804190037285301907091865443511872780909337358499977323070554945362491120558481062474374010441479208921758922607624477388728235833881085870080.000000
688,0.385193,-0.248184,767217925266335522519883445024076189285011550871142232477027495248711373983247735610388702049736613087710340681310587522844892777576906362265240880995955409648802515137759691563363653616862712159688752916061815970988032.000000,2183939385730308635208420668460933914736575353792636055752251780277989982624268939247965316352032902605804190037285301907091865443511872780909337358499977323070554945362491120558481062474374010441479208921758922607624477388728235833881085870080.000000
689,0.379117,-0.244539,767217925266335522519883445024076189285011550871142232477027495248711373983247735610388702049736613087710340681310587522844892777576906362265240880995955409648802515137759691563363653616862712159688752916061815970988032.000000,2183939385730308635208420668460933914736575353792636055752251780277989982624268939247965316352032902605804190037285301907091865443511872780909337358499977323070554945362491120558481062474374010441479208921758922607624477388728235833881085870080.000000
690,0.373035,-0.240877,767217925266335522519883445024076189285011550871142232477027495248711373983247735610388702049736613087710340681310587522844892777576906362265240880995955409648802515137759691563363653616862712159688752916061815970988032.000000,2183939385730308635208420668460933914736575353792636055752251780277989982624268939247965316352032902605804190037285301907091865443511872780909337358499977323070554945362491120558481062474374010441479208921758922607624477388728235833881085870080.000000
691,0.366946,-0.237198,767217925266335522519883445024076189285011550871142232477027495248711373983247735610388702049736613087710340681310587522844892777576906362265240880995955409648802515137759691563363653616862712159688752916061815970988032.000000,2183939385730308635208420668460933914736575353792636055752251780277989982624268939247965316352032902605804190037285301907091865443511872780909337358499977323070554945362491120558481062474374010441479208921758922607624477388728235833881085870080.000000
692,0.360850,-0.233502,767217925266335522519883445024076189285011550871142232477027495248711373983247735610388702049736613087710340681310587522844892777576906362265240880995955409648802515137759691563363653616862712159688752916061815970988032.000000,2183939385730308635208420668460933914736575353792636055752251780277989982624268939247965316352032902605804190037285301907091865443511872780909337358499977323070554945362491120558481062474374010441479208921758922607624477388728235833881085870080.000000
693,0.354748,-0.229790,767217925266335522519883445024076189285011550871142232477027495248711373983247735610388702049736613087710340681310587522844892777576906362265240880995955409648802515137759691563363653616862712159688752916061815970988032.000000,2183939385730308635208420668460933914736575353792636055752251780277989982624268939247965316352032902605804190037285301907091865443511872780909337358499977323070554945362491120558481062474374010441479208921758922607624477388728235833881085870080.000000
694,0.348640,-0.226062,767217925266335522519883445024076189285011550871142232477027495248711373983247735610388702049736613087710340681310587522844892777576906362265240880995955409648802515137759691563363653616862712159688752916061815970988032.000000,2183939385730308635208420668460933914736575353792636055752251780277989982624268939247965316352032902605804190037285301907091865443511872780909337358499977323070554945362491120558481062474374010441479208921758922607624477388728235833881085870080.000000
695,0.342526,-0.222318,767217925266335522519883445024076189285011550871142232477027495248711373983247735610388702049736613087710340681310587522844892777576906362265240880995955409648802515137759691563363653616862712159688752916061815970988032.000000,2183939385730308635208420668460933914736575353792636055752251780277989982624268939247965316352032902605804190037285301907091865443511872780909337358499977323070554945362491120558481062474374010441479208921758922607624477388728235833881085870080.000000
696,0.336406,-0.218558,767217925266335522519883445024076189285011550871142232477027495248711373983247735610388702049736613087710340681310587522844892777576906362265240880995955409648802515137759691563363653616862712159688752916061815970988032.000000,2183939385730308635208420668460933914736575353792636055752251780277989982624268939247965316352032902605804190037285301907091865443511872780909337358499977323070554945362491120558481062474374010441479208921758922607624477388728235833881085870080.000000
697,0.330280,-0.214783,767217925266335522519883445024076189285011550871142232477027495248711373983247735610388702049736613087710340681310587522844892777576906362265240880995955409648802515137759691563363653616862712159688752916061815970988032.000000,2183939385730308635208420668460933914736575353792636055752251780277989982624268939247965316352032902605804190037285301907091865443511872780909337358499977323070554945362491120558481062474374010441479208921758922607624477388728235833881085870080.000000
698,0.324148,-0.210993,767217925266335522519883445024076189285011550871142232477027495248711373983247735610388702049736613087710340681310587522844892777576906362265240880995955409648802515137759691563363653616862712159688752916061815970988032.000000,2183939385730308635208420668460933914736575353792636055752251780277989982624268939247965316352032902605804190037285301907091865443511872780909337358499977323070554945362491120558481062474374010441479208921758922607624477388728235833881085870080.000000
699,0.318011,-0.207188,767217925266335522519883445024076189285011550871142232477027495248711373983247735610388702049736613087710340681310587522844892777576906362265240880995955409648802515137759691563363653616862712159688752916061815970988032.000000,2183939385730308635208420668460933914736575353792636055752251780277989982624268939247965316352032902605804190037285301907091865443511872780909337358499977323070554945362491120558481062474374010441479208921758922607624477388728235833881085870080.000000
700,0.311868,-0.203368,767217925266335522519883445024076189285011550871142232477027495248711373983247735610388702049736613087710340681310587522844892777576906362265240880995955409648802515137759691563363653616862712159688752916061815970988032.000000,2183939385730308635208420668460933914736575353792636055752251780277989982624268939247965316352032902605804190037285301907091865443511872780909337358499977323070554945362491120558481062474374010441479208921758922607624477388728235833881085870080.000000
701,0.305719,-0.199535,767217925266335522519883445024076189285011550871142232477027495248711373983247735610388702049736613087710340681310587522844892777576906362265240880995955409648802515137759691563363653616862712159688752916061815970988032.000000,2183939385730308635208420668460933914736575353792636055752251780277989982624268939247965316352032902605804190037285301907091865443511872780909337358499977323070554945362491120558481062474374010441479208921758922607624477388728235833881085870080.000000
702,0.299565,-0.195687,767217925266335522519883445024076189285011550871142232477027495248711373983247735610388702049736613087710340681310587522844892777576906362265240880995955409648802515137759691563363653616862712159688752916061815970988032.000000,2183939385730308635208420668460933914736575353792636055752251780277989982624268939247965316352032902605804190037285301907091865443511872780909337358499977323070554945362491120558481062474374010441479208921758922607624477388728235833881085870080.000000
703,0.293406,-0.191825,767217925266335522519883445024076189285011550871142232477027495248711373983247735610388702049736613087710340681310587522844892777576906362265240880995955409648802515137759691563363653616862712159688752916061815970988032.000000,2183939385730308635208420668460933914736575353792636055752251780277989982624268939247965316352032902605804190037285301907091865443511872780909337358499977323070554945362491120558481062474374010441479208921758922607624477388728235833881085870080.000000
704,0.287241,-0.187950,767217925266335522519883445024076189285011550871142232477027495248711373983247735610388702049736613087710340681310587522844892777576906362265240880995955409648802515137759691563363653616862712159688752916061815970988032.000000,2183939385730308635208420668460933914736575353792636055752251780277989982624268939247965316352032902605804190037285301907091865443511872780909337358499977323070554945362491120558481062474374010441479208921758922607624477388728235833881085870080.000000
705,0.281072,-0.184062,767217925266335522519883445024076189285011550871142232477027495248711373983247735610388702049736613087710340681310587522844892777576906362265240880995955409648802515137759691563363653616862712159688752916061815970988032.000000,2183939385730308635208420668460933914736575353792636055752251780277989982624268939247965316352032902605804190037285301907091865443511872780909337358499977323070554945362491120558481062474374010441479208921758922607624477388728235833881085870080.000000
706,0.274898,-0.180161,767217925266335522519883445024076189285011550871142232477027495248711373983247735610388702049736613087710340681310587522844892777576906362265240880995955409648802515137759691563363653616862712159688752916061815970988032.000000,2183939385730308635208420668460933914736575353792636055752251780277989982624268939247965316352032902605804190037285301907091865443511872780909337358499977323070554945362491120558481062474374010441479208921758922607624477388728235833881085870080.000000
707,0.268718,-0.176248,767217925266335522519883445024076189285011550871142232477027495248711373983247735610388702049736613087710340681310587522844892777576906362265240880995955409648802515137759691563363653616862712159688752916061815970988032.000000,2183939385730308635208420668460933914736575353792636055752251780277989982624268939247965316352032902605804190037285301907091865443511872780909337358499977323070554945362491120558481062474374010441479208921758922607624477388728235833881085870080.000000
708,0.262535,-0.172321,767217925266335522519883445024076189285011550871142232477027495248711373983247735610388702049736613087710340681310587522844892777576906362265240880995955409648802515137759691563363653616862712159688752916061815970988032.000000,2183939385730308635208420668460933914736575353792636055752251780277989982624268939247965316352032902605804190037285301907091865443511872780909337358499977323070554945362491120558481062474374010441479208921758922607624477388728235833881085870080.000000
709,0.256346,-0.168383,767217925266335522519883445024076189285011550871142232477027495248711373983247735610388702049736613087710340681310587522844892777576906362265240880995955409648802515137759691563363653616862712159688752916061815970988032.000000,2183939385730308635208420668460933914736575353792636055752251780277989982624268939247965316352032902605804190037285301907091865443511872780909337358499977323070554945362491120558481062474374010441479208921758922607624477388728235833881085870080.000000
710,0.250153,-0.164433,767217925266335522519883445024076189285011550871142232477027495248711373983247735610388702049736613087710340681310587522844892777576906362265240880995955409648802515137759691563363653616862712159688752916061815970988032.000000,2183939385730308635208420668460933914736575353792636055752251780277989982624268939247965316352032902605804190037285301907091865443511872780909337358499977323070554945362491120558481062474374010441479208921758922607624477388728235833881085870080.000000
711,0.243956,-0.160472,767217925266335522519883445024076189285011550871142232477027495248711373983247735610388702049736613087710340681310587522844892777576906362265240880995955409648802515137759691563363653616862712159688752916061815970988032.000000,2183939385730308635208420668460933914736575353792636055752251780277989982624268939247965316352032902605804190037285301907091865443511872780909337358499977323070554945362491120558481062474374010441479208921758922607624477388728235833881085870080.000000
712,0.237754,-0.156499,767217925266335522519883445024076189285011550871142232477027495248711373983247735610388702049736613087710340681310587522844892777576906362265240880995955409648802515137759691563363653616862712159688752916061815970988032.000000,2183939385730308635208420668460933914736575353792636055752251780277989982624268939247965316352032902605804190037285301907091865443511872780909337358499977323070554945362491120558481062474374010441479208921758922607624477388728235833881085870080.000000
713,0.231548,-0.152515,767217925266335522519883445024076189285011550871142232477027495248711373983247735610388702049736613087710340681310587522844892777576906362265240880995955409648802515137759691563363653616862712159688752916061815970988032.000000,2183939385730308635208420668460933914736575353792636055752251780277989982624268939247965316352032902605804190037285301907091865443511872780909337358499977323070554945362491120558481062474374010441479208921758922607624477388728235833881085870080.000000
714,0.225338,-0.148521,767217925266335522519883445024076189285011550871142232477027495248711373983247735610388702049736613087710340681310587522844892777576906362265240880995955409648802515137759691563363653616862712159688752916061815970988032.000000,2183939385730308635208420668460933914736575353792636055752251780277989982624268939247965316352032902605804190037285301907091865443511872780909337358499977323070554945362491120558481062474374010441479208921758922607624477388728235833881085870080.000000
715,0.219125,-0.144516,767217925266335522519883445024076189285011550871142232477027495248711373983247735610388702049736613087710340681310587522844892777576906362265240880995955409648802515137759691563363653616862712159688752916061815970988032.000000,2183939385730308635208420668460933914736575353792636055752251780277989982624268939247965316352032902605804190037285301907091865443511872780909337358499977323070554945362491120558481062474374010441479208921758922607624477388728235833881085870080.000000
716,0.212907,-0.140501,767217925266335522519883445024076189285011550871142232477027495248711373983247735610388702049736613087710340681310587522844892777576906362265240880995955409648802515137759691563363653616862712159688752916061815970988032.000000,2183939385730308635208420668460933914736575353792636055752251780277989982624268939247965316352032902605804190037285301907091865443511872780909337358499977323070554945362491120558481062474374010441479208921758922607624477388728235833881085870080.000000
717,0.206685,-0.136476,767217925266335522519883445024076189285011550871142232477027495248711373983247735610388702049736613087710340681310587522844892777576906362265240880995955409648802515137759691563363653616862712159688752916061815970988032.000000,2183939385730308635208420668460933914736575353792636055752251780277989982624268939247965316352032902605804190037285301907091865443511872780909337358499977323070554945362491120558481062474374010441479208921758922607624477388728235833881085870080.000000
718,0.200460,-0.132441,767217925266335522519883445024076189285011550871142232477027495248711373983247735610388702049736613087710340681310587522844892777576906362265240880995955409648802515137759691563363653616862712159688752916061815970988032.000000,2183939385730308635208420668460933914736575353792636055752251780277989982624268939247965316352032902605804190037285301907091865443511872780909337358499977323070554945362491120558481062474374010441479208921758922607624477388728235833881085870080.000000
719,0.194232,-0.128398,767217925266335522519883445024076189285011550871142232477027495248711373983247735610388702049736613087710340681310587522844892777576906362265240880995955409648802515137759691563363653616862712159688752916061815970988032.000000,2183939385730308635208420668460933914736575353792636055752251780277989982624268939247965316352032902605804190037285301907091865443511872780909337358499977323070554945362491120558481062474374010441479208921758922607624477388728235833881085870080.000000
720,0.188000,-0.124345,767217925266335522519883445024076189285011550871142232477027495248711373983247735610388702049736613087710340681310587522844892777576906362265240880995955409648802515137759691563363653616862712159688752916061815970988032.000000,2183939385730308635208420668460933914736575353792636055752251780277989982624268939247965316352032902605804190037285301907091865443511872780909337358499977323070554945362491120558481062474374010441479208921758922607624477388728235833881085870080.000000
721,0.181765,-0.120283,767217925266335522519883445024076189285011550871142232477027495248711373983247735610388702049736613087710340681310587522844892777576906362265240880995955409648802515137759691563363653616862712159688752916061815970988032.000000,2183939385730308635208420668460933914736575353792636055752251780277989982624268939247965316352032902605804190037285301907091865443511872780909337358499977323070554945362491120558481062474374010441479208921758922607624477388728235833881085870080.000000
722,0.175526,-0.116213,767217925266335522519883445024076189285011550871142232477027495248711373983247735610388702049736613087710340681310587522844892777576906362265240880995955409648802515137759691563363653616862712159688752916061815970988032.000000,2183939385730308635208420668460933914736575353792636055752251780277989982624268939247965316352032902605804190037285301907091865443511872780909337358499977323070554945362491120558481062474374010441479208921758922607624477388728235833881085870080.000000
723,0.169285,-0.112135,767217925266335522519883445024076189285011550871142232477027495248711373983247735610388702049736613087710340681310587522844892777576906362265240880995955409648802515137759691563363653616862712159688752916061815970988032.000000,2183939385730308635208420668460933914736575353792636055752251780277989982624268939247965316352032902605804190037285301907091865443511872780909337358499977323070554945362491120558481062474374010441479208921758922607624477388728235833881085870080.000000
724,0.163040,-0.108049,767217925266335522519883445024076189285011550871142232477027495248711373983247735610388702049736613087710340681310587522844892777576906362265240880995955409648802515137759691563363653616862712159688752916061815970988032.000000,2183939385730308635208420668460933914736575353792636055752251780277989982624268939247965316352032902605804190037285301907091865443511872780909337358499977323070554945362491120558481062474374010441479208921758922607624477388728235833881085870080.000000
725,0.156793,-0.103956,767217925266335522519883445024076189285011550871142232477027495248711373983247735610388702049736613087710340681310587522844892777576906362265240880995955409648802515137759691563363653616862712159688752916061815970988032.000000,2183939385730308635208420668460933914736575353792636055752251780277989982624268939247965316352032902605804190037285301907091865443511872780909337358499977323070554945362491120558481062474374010441479208921758922607624477388728235833881085870080.000000
726,0.150543,-0.099855,767217925266335522519883445024076189285011550871142232477027495248711373983247735610388702049736613087710340681310587522844892777576906362265240880995955409648802515137759691563363653616862712159688752916061815970988032.000000,2183939385730308635208420668460933914736575353792636055752251780277989982624268939247965316352032902605804190037285301907091865443511872780909337358499977323070554945362491120558481062474374010441479208921758922607624477388728235833881085870080.000000
727,0.144290,-0.095747,767217925266335522519883445024076189285011550871142232477027495248711373983247735610388702049736613087710340681310587522844892777576906362265240880995955409648802515137759691563363653616862712159688752916061815970988032.000000,2183939385730308635208420668460933914736575353792636055752251780277989982624268939247965316352032902605804190037285301907091865443511872780909337358499977323070554945362491120558481062474374010441479208921758922607624477388728235833881085870080.000000
728,0.138035,-0.091633,767217925266335522519883445024076189285011550871142232477027495248711373983247735610388702049736613087710340681310587522844892777576906362265240880995955409648802515137759691563363653616862712159688752916061815970988032.000000,2183939385730308635208420668460933914736575353792636055752251780277989982624268939247965316352032902605804190037285301907091865443511872780909337358499977323070554945362491120558481062474374010441479208921758922607624477388728235833881085870080.000000
729,0.131777,-0.087512,767217925266335522519883445024076189285011550871142232477027495248711373983247735610388702049736613087710340681310587522844892777576906362265240880995955409648802515137759691563363653616862712159688752916061815970988032.000000,2183939385730308635208420668460933914736575353792636055752251780277989982624268939247965316352032902605804190037285301907091865443511872780909337358499977323070554945362491120558481062474374010441479208921758922607624477388728235833881085870080.000000
730,0.125517,-0.083384,767217925266335522519883445024076189285011550871142232477027495248711373983247735610388702049736613087710340681310587522844892777576906362265240880995955409648802515137759691563363653616862712159688752916061815970988032.000000,2183939385730308635208420668460933914736575353792636055752251780277989982624268939247965316352032902605804190037285301907091865443511872780909337358499977323070554945362491120558481062474374010441479208921758922607624477388728235833881085870080.000000
731,0.119255,-0.079251,767217925266335522519883445024076189285011550871142232477027495248711373983247735610388702049736613087710340681310587522844892777576906362265240880995955409648802515137759691563363653616862712159688752916061815970988032.000000,2183939385730308635208420668460933914736575353792636055752251780277989982624268939247965316352032902605804190037285301907091865443511872780909337358499977323070554945362491120558481062474374010441479208921758922607624477388728235833881085870080.000000
732,0.112990,-0.075113,767217925266335522519883445024076189285011550871142232477027495248711373983247735610388702049736613087710340681310587522844892777576906362265240880995955409648802515137759691563363653616862712159688752916061815970988032.000000,2183939385730308635208420668460933914736575353792636055752251780277989982624268939247965316352032902605804190037285301907091865443511872780909337358499977323070554945362491120558481062474374010441479208921758922607624477388728235833881085870080.000000
733,0.106724,-0.070969,767217925266335522519883445024076189285011550871142232477027495248711373983247735610388702049736613087710340681310587522844892777576906362265240880995955409648802515137759691563363653616862712159688752916061815970988032.000000,2183939385730308635208420668460933914736575353792636055752251780277989982624268939247965316352032902605804190037285301907091865443511872780909337358499977323070554945362491120558481062474374010441479208921758922607624477388728235833881085870080.000000
734,0.100456,-0.066820,767217925266335522519883445024076189285011550871142232477027495248711373983247735610388702049736613087710340681310587522844892777576906362265240880995955409648802515137759691563363653616862712159688752916061815970988032.000000,2183939385730308635208420668460933914736575353792636055752251780277989982624268939247965316352032902605804190037285301907091865443511872780909337358499977323070554945362491120558481062474374010441479208921758922607624477388728235833881085870080.000000
735,0.094186,-0.062667,767217925266335522519883445024076189285011550871142232477027495248711373983247735610388702049736613087710340681310587522844892777576906362265240880995955409648802515137759691563363653616862712159688752916061815970988032.000000,2183939385730308635208420668460933914736575353792636055752251780277989982624268939247965316352032902605804190037285301907091865443511872780909337358499977323070554945362491120558481062474374010441479208921758922607624477388728235833881085870080.000000
736,0.087914,-0.058509,767217925266335522519883445024076189285011550871142232477027495248711373983247735610388702049736613087710340681310587522844892777576906362265240880995955409648802515137759691563363653616862712159688752916061815970988032.000000,2183939385730308635208420668460933914736575353792636055752251780277989982624268939247965316352032902605804190037285301907091865443511872780909337358499977323070554945362491120558481062474374010441479208921758922607624477388728235833881085870080.000000
737,0.081641,-0.054347,767217925266335522519883445024076189285011550871142232477027495248711373983247735610388702049736613087710340681310587522844892777576906362265240880995955409648802515137759691563363653616862712159688752916061815970988032.000000,2183939385730308635208420668460933914736575353792636055752251780277989982624268939247965316352032902605804190037285301907091865443511872780909337358499977323070554945362491120558481062474374010441479208921758922607624477388728235833881085870080.000000
738,0.075366,-0.050181,767217925266335522519883445024076189285011550871142232477027495248711373983247735610388702049736613087710340681310587522844892777576906362265240880995955409648802515137759691563363653616862712159688752916061815970988032.000000,2183939385730308635208420668460933914736575353792636055752251780277989982624268939247965316352032902605804190037285301907091865443511872780909337358499977323070554945362491120558481062474374010441479208921758922607624477388728235833881085870080.000000
739,0.069091,-0.046012,767217925266335522519883445024076189285011550871142232477027495248711373983247735610388702049736613087710340681310587522844892777576906362265240880995955409648802515137759691563363653616862712159688752916061815970988032.000000,2183939385730308635208420668460933914736575353792636055752251780277989982624268939247965316352032902605804190037285301907091865443511872780909337358499977323070554945362491120558481062474374010441479208921758922607624477388728235833881085870080.000000
740,0.062813,-0.041839,767217925266335522519883445024076189285011550871142232477027495248711373983247735610388702049736613087710340681310587522844892777576906362265240880995955409648802515137759691563363653616862712159688752916061815970988032.000000,2183939385730308635208420668460933914736575353792636055752251780277989982624268939247965316352032902605804190037285301907091865443511872780909337358499977323070554945362491120558481062474374010441479208921758922607624477388728235833881085870080.000000
741,0.056535,-0.037663,767217925266335522519883445024076189285011550871142232477027495248711373983247735610388702049736613087710340681310587522844892777576906362265240880995955409648802515137759691563363653616862712159688752916061815970988032.000000,2183939385730308635208420668460933914736575353792636055752251780277989982624268939247965316352032902605804190037285301907091865443511872780909337358499977323070554945362491120558481062474374010441479208921758922607624477388728235833881085870080.000000
742,0.050256,-0.033485,767217925266335522519883445024076189285011550871142232477027495248711373983247735610388702049736613087710340681310587522844892777576906362265240880995955409648802515137759691563363653616862712159688752916061815970988032.000000,2183939385730308635208420668460933914736575353792636055752251780277989982624268939247965316352032902605804190037285301907091865443511872780909337358499977323070554945362491120558481062474374010441479208921758922607624477388728235833881085870080.000000
743,0.043976,-0.029305,767217925266335522519883445024076189285011550871142232477027495248711373983247735610388702049736613087710340681310587522844892777576906362265240880995955409648802515137759691563363653616862712159688752916061815970988032.000000,2183939385730308635208420668460933914736575353792636055752251780277989982624268939247965316352032902605804190037285301907091865443511872780909337358499977323070554945362491120558481062474374010441479208921758922607624477388728235833881085870080.000000
744,0.037695,-0.025122,767217925266335522519883445024076189285011550871142232477027495248711373983247735610388702049736613087710340681310587522844892777576906362265240880995955409648802515137759691563363653616862712159688752916061815970988032.000000,2183939385730308635208420668460933914736575353792636055752251780277989982624268939247965316352032902605804190037285301907091865443511872780909337358499977323070554945362491120558481062474374010441479208921758922607624477388728235833881085870080.000000
745,0.031414,-0.020938,767217925266335522519883445024076189285011550871142232477027495248711373983247735610388702049736613087710340681310587522844892777576906362265240880995955409648802515137759691563363653616862712159688752916061815970988032.000000,2183939385730308635208420668460933914736575353792636055752251780277989982624268939247965316352032902605804190037285301907091865443511872780909337358499977323070554945362491120558481062474374010441479208921758922607624477388728235833881085870080.000000
746,0.025132,-0.016752,767217925266335522519883445024076189285011550871142232477027495248711373983247735610388702049736613087710340681310587522844892777576906362265240880995955409648802515137759691563363653616862712159688752916061815970988032.000000,2183939385730308635208420668460933914736575353792636055752251780277989982624268939247965316352032902605804190037285301907091865443511872780909337358499977323070554945362491120558481062474374010441479208921758922607624477388728235833881085870080.000000
747,0.018849,-0.012565,767217925266335522519883445024076189285011550871142232477027495248711373983247735610388702049736613087710340681310587522844892777576906362265240880995955409648802515137759691563363653616862712159688752916061815970988032.000000,2183939385730308635208420668460933914736575353792636055752251780277989982624268939247965316352032902605804190037285301907091865443511872780909337358499977323070554945362491120558481062474374010441479208921758922607624477388728235833881085870080.000000
748,0.012566,-0.008377,767217925266335522519883445024076189285011550871142232477027495248711373983247735610388702049736613087710340681310587522844892777576906362265240880995955409648802515137759691563363653616862712159688752916061815970988032.000000,2183939385730308635208420668460933914736575353792636055752251780277989982624268939247965316352032902605804190037285301907091865443511872780909337358499977323070554945362491120558481062474374010441479208921758922607624477388728235833881085870080.000000
749,0.006283,-0.004189,767217925266335522519883445024076189285011550871142232477027495248711373983247735610388702049736613087710340681310587522844892777576906362265240880995955409648802515137759691563363653616862712159688752916061815970988032.000000,2183939385730308635208420668460933914736575353792636055752251780277989982624268939247965316352032902605804190037285301907091865443511872780909337358499977323070554945362491120558481062474374010441479208921758922607624477388728235833881085870080.000000
750,0.000000,-0.000000,767217925266335522519883445024076189285011550871142232477027495248711373983247735610388702049736613087710340681310587522844892777576906362265240880995955409648802515137759691563363653616862712159688752916061815970988032.000000,2183939385730308635208420668460933914736575353792636055752251780277989982624268939247965316352032902605804190037285301907091865443511872780909337358499977323070554945362491120558481062474374010441479208921758922607624477388728235833881085870080.000000
751,-0.006283,0.004189,767217925266335522519883445024076189285011550871142232477027495248711373983247735610388702049736613087710340681310587522844892777576906362265240880995955409648802515137759691563363653616862712159688752916061815970988032.000000,2183939385730308635208420668460933914736575353792636055752251780277989982624268939247965316352032902605804190037285301907091865443511872780909337358499977323070554945362491120558481062474374010441479208921758922607624477388728235833881085870080.000000
752,-0.012566,0.008377,767217925266335522519883445024076189285011550871142232477027495248711373983247735610388702049736613087710340681310587522844892777576906362265240880995955409648802515137759691563363653616862712159688752916061815970988032.000000,2183939385730308635208420668460933914736575353792636055752251780277989982624268939247965316352032902605804190037285301907091865443511872780909337358499977323070554945362491120558481062474374010441479208921758922607624477388728235833881085870080.000000
753,-0.018849,0.012565,767217925266335522519883445024076189285011550871142232477027495248711373983247735610388702049736613087710340681310587522844892777576906362265240880995955409648802515137759691563363653616862712159688752916061815970988032.000000,2183939385730308635208420668460933914736575353792636055752251780277989982624268939247965316352032902605804190037285301907091865443511872780909337358499977323070554945362491120558481062474374010441479208921758922607624477388728235833881085870080.000000
754,-0.025132,0.016752,767217925266335522519883445024076189285011550871142232477027495248711373983247735610388702049736613087710340681310587522844892777576906362265240880995955409648802515137759691563363653616862712159688752916061815970988032.000000,2183939385730308635208420668460933914736575353792636055752251780277989982624268939247965316352032902605804190037285301907091865443511872780909337358499977323070554945362491120558481062474374010441479208921758922607624477388728235833881085870080.000000
755,-0.031414,0.020938,767217925266335522519883445024076189285011550871142232477027495248711373983247735610388702049736613087710340681310587522844892777576906362265240880995955409648802515137759691563363653616862712159688752916061815970988032.000000,2183939385730308635208420668460933914736575353792636055752251780277989982624268939247965316352032902605804190037285301907091865443511872780909337358499977323070554945362491120558481062474374010441479208921758922607624477388728235833881085870080.000000
756,-0.037695,0.025122,767217925266335522519883445024076189285011550871142232477027495248711373983247735610388702049736613087710340681310587522844892777576906362265240880995955409648802515137759691563363653616862712159688752916061815970988032.000000,2183939385730308635208420668460933914736575353792636055752251780277989982624268939247965316352032902605804190037285301907091865443511872780909337358499977323070554945362491120558481062474374010441479208921758922607624477388728235833881085870080.000000
757,-0.043976,0.029305,767217925266335522519883445024076189285011550871142232477027495248711373983247735610388702049736613087710340681310587522844892777576906362265240880995955409648802515137759691563363653616862712159688752916061815970988032.000000,2183939385730308635208420668460933914736575353792636055752251780277989982624268939247965316352032902605804190037285301907091865443511872780909337358499977323070554945362491120558481062474374010441479208921758922607624477388728235833881085870080.000000
758,-0.050256,0.033485,767217925266335522519883445024076189285011550871142232477027495248711373983247735610388702049736613087710340681310587522844892777576906362265240880995955409648802515137759691563363653616862712159688752916061815970988032.000000,2183939385730308635208420668460933914736575353792636055752251780277989982624268939247965316352032902605804190037285301907091865443511872780909337358499977323070554945362491120558481062474374010441479208921758922607624477388728235833881085870080.000000
759,-0.056535,0.037663,767217925266335522519883445024076189285011550871142232477027495248711373983247735610388702049736613087710340681310587522844892777576906362265240880995955409648802515137759691563363653616862712159688752916061815970988032.000000,2183939385730308635208420668460933914736575353792636055752251780277989982624268939247965316352032902605804190037285301907091865443511872780909337358499977323070554945362491120558481062474374010441479208921758922607624477388728235833881085870080.000000
760,-0.062813,0.041839,767217925266335522519883445024076189285011550871142232477027495248711373983247735610388702049736613087710340681310587522844892777576906362265240880995955409648802515137759691563363653616862712159688752916061815970988032.000000,2183939385730308635208420668460933914736575353792636055752251780277989982624268939247965316352032902605804190037285301907091865443511872780909337358499977323070554945362491120558481062474374010441479208921758922607624477388728235833881085870080.000000
761,-0.069091,0.046012,767217925266335522519883445024076189285011550871142232477027495248711373983247735610388702049736613087710340681310587522844892777576906362265240880995955409648802515137759691563363653616862712159688752916061815970988032.000000,2183939385730308635208420668460933914736575353792636055752251780277989982624268939247965316352032902605804190037285301907091865443511872780909337358499977323070554945362491120558481062474374010441479208921758922607624477388728235833881085870080.000000
762,-0.075366,0.050181,767217925266335522519883445024076189285011550871142232477027495248711373983247735610388702049736613087710340681310587522844892777576906362265240880995955409648802515137759691563363653616862712159688752916061815970988032.000000,2183939385730308635208420668460933914736575353792636055752251780277989982624268939247965316352032902605804190037285301907091865443511872780909337358499977323070554945362491120558481062474374010441479208921758922607624477388728235833881085870080.000000
763,-0.081641,0.054347,767217925266335522519883445024076189285011550871142232477027495248711373983247735610388702049736613087710340681310587522844892777576906362265240880995955409648802515137759691563363653616862712159688752916061815970988032.000000,2183939385730308635208420668460933914736575353792636055752251780277989982624268939247965316352032902605804190037285301907091865443511872780909337358499977323070554945362491120558481062474374010441479208921758922607624477388728235833881085870080.000000
764,-0.087914,0.058509,767217925266335522519883445024076189285011550871142232477027495248711373983247735610388702049736613087710340681310587522844892777576906362265240880995955409648802515137759691563363653616862712159688752916061815970988032.000000,2183939385730308635208420668460933914736575353792636055752251780277989982624268939247965316352032902605804190037285301907091865443511872780909337358499977323070554945362491120558481062474374010441479208921758922607624477388728235833881085870080.000000
765,-0.094186,0.062667,767217925266335522519883445024076189285011550871142232477027495248711373983247735610388702049736613087710340681310587522844892777576906362265240880995955409648802515137759691563363653616862712159688752916061815970988032.000000,2183939385730308635208420668460933914736575353792636055752251780277989982624268939247965316352032902605804190037285301907091865443511872780909337358499977323070554945362491120558481062474374010441479208921758922607624477388728235833881085870080.000000
766,-0.100456,0.066820,767217925266335522519883445024076189285011550871142232477027495248711373983247735610388702049736613087710340681310587522844892777576906362265240880995955409648802515137759691563363653616862712159688752916061815970988032.000000,2183939385730308635208420668460933914736575353792636055752251780277989982624268939247965316352032902605804190037285301907091865443511872780909337358499977323070554945362491120558481062474374010441479208921758922607624477388728235833881085870080.000000
767,-0.106724,0.070969,767217925266335522519883445024076189285011550871142232477027495248711373983247735610388702049736613087710340681310587522844892777576906362265240880995955409648802515137759691563363653616862712159688752916061815970988032.000000,2183939385730308635208420668460933914736575353792636055752251780277989982624268939247965316352032902605804190037285301907091865443511872780909337358499977323070554945362491120558481062474374010441479208921758922607624477388728235833881085870080.000000
768,-0.112990,0.075113,767217925266335522519883445024076189285011550871142232477027495248711373983247735610388702049736613087710340681310587522844892777576906362265240880995955409648802515137759691563363653616862712159688752916061815970988032.000000,2183939385730308635208420668460933914736575353792636055752251780277989982624268939247965316352032902605804190037285301907091865443511872780909337358499977323070554945362491120558481062474374010441479208921758922607624477388728235833881085870080.000000
769,-0.119255,0.079251,767217925266335522519883445024076189285011550871142232477027495248711373983247735610388702049736613087710340681310587522844892777576906362265240880995955409648802515137759691563363653616862712159688752916061815970988032.000000,2183939385730308635208420668460933914736575353792636055752251780277989982624268939247965316352032902605804190037285301907091865443511872780909337358499977323070554945362491120558481062474374010441479208921758922607624477388728235833881085870080.000000
770,-0.125517,0.083384,767217925266335522519883445024076189285011550871142232477027495248711373983247735610388702049736613087710340681310587522844892777576906362265240880995955409648802515137759691563363653616862712159688752916061815970988032.000000,2183939385730308635208420668460933914736575353792636055752251780277989982624268939247965316352032902605804190037285301907091865443511872780909337358499977323070554945362491120558481062474374010441479208921758922607624477388728235833881085870080.000000
771,-0.131777,0.087512,767217925266335522519883445024076189285011550871142232477027495248711373983247735610388702049736613087710340681310587522844892777576906362265240880995955409648802515137759691563363653616862712159688752916061815970988032.000000,2183939385730308635208420668460933914736575353792636055752251780277989982624268939247965316352032902605804190037285301907091865443511872780909337358499977323070554945362491120558481062474374010441479208921758922607624477388728235833881085870080.000000
772,-0.138035,0.091633,767217925266335522519883445024076189285011550871142232477027495248711373983247735610388702049736613087710340681310587522844892777576906362265240880995955409648802515137759691563363653616862712159688752916061815970988032.000000,2183939385730308635208420668460933914736575353792636055752251780277989982624268939247965316352032902605804190037285301907091865443511872780909337358499977323070554945362491120558481062474374010441479208921758922607624477388728235833881085870080.000000
773,-0.144290,0.095747,767217925266335522519883445024076189285011550871142232477027495248711373983247735610388702049736613087710340681310587522844892777576906362265240880995955409648802515137759691563363653616862712159688752916061815970988032.000000,2183939385730308635208420668460933914736575353792636055752251780277989982624268939247965316352032902605804190037285301907091865443511872780909337358499977323070554945362491120558481062474374010441479208921758922607624477388728235833881085870080.000000
774,-0.150543,0.099855,767217925266335522519883445024076189285011550871142232477027495248711373983247735610388702049736613087710340681310587522844892777576906362265240880995955409648802515137759691563363653616862712159688752916061815970988032.000000,2183939385730308635208420668460933914736575353792636055752251780277989982624268939247965316352032902605804190037285301907091865443511872780909337358499977323070554945362491120558481062474374010441479208921758922607624477388728235833881085870080.000000
775,-0.156793,0.103956,767217925266335522519883445024076189285011550871142232477027495248711373983247735610388702049736613087710340681310587522844892777576906362265240880995955409648802515137759691563363653616862712159688752916061815970988032.000000,2183939385730308635208420668460933914736575353792636055752251780277989982624268939247965316352032902605804190037285301907091865443511872780909337358499977323070554945362491120558481062474374010441479208921758922607624477388728235833881085870080.000000
776,-0.163040,0.108049,767217925266335522519883445024076189285011550871142232477027495248711373983247735610388702049736613087710340681310587522844892777576906362265240880995955409648802515137759691563363653616862712159688752916061815970988032.000000,2183939385730308635208420668460933914736575353792636055752251780277989982624268939247965316352032902605804190037285301907091865443511872780909337358499977323070554945362491120558481062474374010441479208921758922607624477388728235833881085870080.000000
777,-0.169285,0.112135,767217925266335522519883445024076189285011550871142232477027495248711373983247735610388702049736613087710340681310587522844892777576906362265240880995955409648802515137759691563363653616862712159688752916061815970988032.000000,2183939385730308635208420668460933914736575353792636055752251780277989982624268939247965316352032902605804190037285301907091865443511872780909337358499977323070554945362491120558481062474374010441479208921758922607624477388728235833881085870080.000000
778,-0.175526,0.116213,767217925266335522519883445024076189285011550871142232477027495248711373983247735610388702049736613087710340681310587522844892777576906362265240880995955409648802515137759691563363653616862712159688752916061815970988032.000000,2183939385730308635208420668460933914736575353792636055752251780277989982624268939247965316352032902605804190037285301907091865443511872780909337358499977323070554945362491120558481062474374010441479208921758922607624477388728235833881085870080.000000
779,-0.181765,0.120283,767217925266335522519883445024076189285011550871142232477027495248711373983247735610388702049736613087710340681310587522844892777576906362265240880995955409648802515137759691563363653616862712159688752916061815970988032.000000,2183939385730308635208420668460933914736575353792636055752251780277989982624268939247965316352032902605804190037285301907091865443511872780909337358499977323070554945362491120558481062474374010441479208921758922607624477388728235833881085870080.000000
780,-0.188000,0.124345,767217925266335522519883445024076189285011550871142232477027495248711373983247735610388702049736613087710340681310587522844892777576906362265240880995955409648802515137759691563363653616862712159688752916061815970988032.000000,2183939385730308635208420668460933914736575353792636055752251780277989982624268939247965316352032902605804190037285301907091865443511872780909337358499977323070554945362491120558481062474374010441479208921758922607624477388728235833881085870080.000000
781,-0.194232,0.128398,767217925266335522519883445024076189285011550871142232477027495248711373983247735610388702049736613087710340681310587522844892777576906362265240880995955409648802515137759691563363653616862712159688752916061815970988032.000000,2183939385730308635208420668460933914736575353792636055752251780277989982624268939247965316352032902605804190037285301907091865443511872780909337358499977323070554945362491120558481062474374010441479208921758922607624477388728235833881085870080.000000
782,-0.200460,0.132441,767217925266335522519883445024076189285011550871142232477027495248711373983247735610388702049736613087710340681310587522844892777576906362265240880995955409648802515137759691563363653616862712159688752916061815970988032.000000,2183939385730308635208420668460933914736575353792636055752251780277989982624268939247965316352032902605804190037285301907091865443511872780909337358499977323070554945362491120558481062474374010441479208921758922607624477388728235833881085870080.000000
783,-0.206685,0.136476,767217925266335522519883445024076189285011550871142232477027495248711373983247735610388702049736613087710340681310587522844892777576906362265240880995955409648802515137759691563363653616862712159688752916061815970988032.000000,2183939385730308635208420668460933914736575353792636055752251780277989982624268939247965316352032902605804190037285301907091865443511872780909337358499977323070554945362491120558481062474374010441479208921758922607624477388728235833881085870080.000000
784,-0.212907,0.140501,767217925266335522519883445024076189285011550871142232477027495248711373983247735610388702049736613087710340681310587522844892777576906362265240880995955409648802515137759691563363653616862712159688752916061815970988032.000000,2183939385730308635208420668460933914736575353792636055752251780277989982624268939247965316352032902605804190037285301907091865443511872780909337358499977323070554945362491120558481062474374010441479208921758922607624477388728235833881085870080.000000
785,-0.219125,0.144516,767217925266335522519883445024076189285011550871142232477027495248711373983247735610388702049736613087710340681310587522844892777576906362265240880995955409648802515137759691563363653616862712159688752916061815970988032.000000,2183939385730308635208420668460933914736575353792636055752251780277989982624268939247965316352032902605804190037285301907091865443511872780909337358499977323070554945362491120558481062474374010441479208921758922607624477388728235833881085870080.000000
786,-0.225338,0.148521,767217925266335522519883445024076189285011550871142232477027495248711373983247735610388702049736613087710340681310587522844892777576906362265240880995955409648802515137759691563363653616862712159688752916061815970988032.000000,2183939385730308635208420668460933914736575353792636055752251780277989982624268939247965316352032902605804190037285301907091865443511872780909337358499977323070554945362491120558481062474374010441479208921758922607624477388728235833881085870080.000000
787,-0.231548,0.152515,767217925266335522519883445024076189285011550871142232477027495248711373983247735610388702049736613087710340681310587522844892777576906362265240880995955409648802515137759691563363653616862712159688752916061815970988032.000000,2183939385730308635208420668460933914736575353792636055752251780277989982624268939247965316352032902605804190037285301907091865443511872780909337358499977323070554945362491120558481062474374010441479208921758922607624477388728235833881085870080.000000
788,-0.237754,0.156499,767217925266335522519883445024076189285011550871142232477027495248711373983247735610388702049736613087710340681310587522844892777576906362265240880995955409648802515137759691563363653616862712159688752916061815970988032.000000,2183939385730308635208420668460933914736575353792636055752251780277989982624268939247965316352032902605804190037285301907091865443511872780909337358499977323070554945362491120558481062474374010441479208921758922607624477388728235833881085870080.000000
789,-0.243956,0.160472,767217925266335522519883445024076189285011550871142232477027495248711373983247735610388702049736613087710340681310587522844892777576906362265240880995955409648802515137759691563363653616862712159688752916061815970988032.000000,2183939385730308635208420668460933914736575353792636055752251780277989982624268939247965316352032902605804190037285301907091865443511872780909337358499977323070554945362491120558481062474374010441479208921758922607624477388728235833881085870080.000000
790,-0.250153,0.164433,767217925266335522519883445024076189285011550871142232477027495248711373983247735610388702049736613087710340681310587522844892777576906362265240880995955409648802515137759691563363653616862712159688752916061815970988032.000000,2183939385730308635208420668460933914736575353792636055752251780277989982624268939247965316352032902605804190037285301907091865443511872780909337358499977323070554945362491120558481062474374010441479208921758922607624477388728235833881085870080.000000
791,-0.256346,0.168383,767217925266335522519883445024076189285011550871142232477027495248711373983247735610388702049736613087710340681310587522844892777576906362265240880995955409648802515137759691563363653616862712159688752916061815970988032.000000,2183939385730308635208420668460933914736575353792636055752251780277989982624268939247965316352032902605804190037285301907091865443511872780909337358499977323070554945362491120558481062474374010441479208921758922607624477388728235833881085870080.000000
792,-0.262535,0.172321,767217925266335522519883445024076189285011550871142232477027495248711373983247735610388702049736613087710340681310587522844892777576906362265240880995955409648802515137759691563363653616862712159688752916061815970988032.000000,2183939385730308635208420668460933914736575353792636055752251780277989982624268939247965316352032902605804190037285301907091865443511872780909337358499977323070554945362491120558481062474374010441479208921758922607624477388728235833881085870080.000000
793,-0.268718,0.176248,767217925266335522519883445024076189285011550871142232477027495248711373983247735610388702049736613087710340681310587522844892777576906362265240880995955409648802515137759691563363653616862712159688752916061815970988032.000000,2183939385730308635208420668460933914736575353792636055752251780277989982624268939247965316352032902605804190037285301907091865443511872780909337358499977323070554945362491120558481062474374010441479208921758922607624477388728235833881085870080.000000
794,-0.274898,0.180161,767217925266335522519883445024076189285011550871142232477027495248711373983247735610388702049736613087710340681310587522844892777576906362265240880995955409648802515137759691563363653616862712159688752916061815970988032.000000,2183939385730308635208420668460933914736575353792636055752251780277989982624268939247965316352032902605804190037285301907091865443511872780909337358499977323070554945362491120558481062474374010441479208921758922607624477388728235833881085870080.000000
795,-0.281072,0.184062,767217925266335522519883445024076189285011550871142232477027495248711373983247735610388702049736613087710340681310587522844892777576906362265240880995955409648802515137759691563363653616862712159688752916061815970988032.000000,2183939385730308635208420668460933914736575353792636055752251780277989982624268939247965316352032902605804190037285301907091865443511872780909337358499977323070554945362491120558481062474374010441479208921758922607624477388728235833881085870080.000000
796,-0.287241,0.187950,767217925266335522519883445024076189285011550871142232477027495248711373983247735610388702049736613087710340681310587522844892777576906362265240880995955409648802515137759691563363653616862712159688752916061815970988032.000000,2183939385730308635208420668460933914736575353792636055752251780277989982624268939247965316352032902605804190037285301907091865443511872780909337358499977323070554945362491120558481062474374010441479208921758922607624477388728235833881085870080.000000
797,-0.293406,0.191825,767217925266335522519883445024076189285011550871142232477027495248711373983247735610388702049736613087710340681310587522844892777576906362265240880995955409648802515137759691563363653616862712159688752916061815970988032.000000,2183939385730308635208420668460933914736575353792636055752251780277989982624268939247965316352032902605804190037285301907091865443511872780909337358499977323070554945362491120558481062474374010441479208921758922607624477388728235833881085870080.000000
798,-0.299565,0.195687,767217925266335522519883445024076189285011550871142232477027495248711373983247735610388702049736613087710340681310587522844892777576906362265240880995955409648802515137759691563363653616862712159688752916061815970988032.000000,2183939385730308635208420668460933914736575353792636055752251780277989982624268939247965316352032902605804190037285301907091865443511872780909337358499977323070554945362491120558481062474374010441479208921758922607624477388728235833881085870080.000000
799,-0.305719,0.199535,767217925266335522519883445024076189285011550871142232477027495248711373983247735610388702049736613087710340681310587522844892777576906362265240880995955409648802515137759691563363653616862712159688752916061815970988032.000000,2183939385730308635208420668460933914736575353792636055752251780277989982624268939247965316352032902605804190037285301907091865443511872780909337358499977323070554945362491120558481062474374010441479208921758922607624477388728235833881085870080.000000
800,-0.311868,0.203368,767217925266335522519883445024076189285011550871142232477027495248711373983247735610388702049736613087710340681310587522844892777576906362265240880995955409648802515137759691563363653616862712159688752916061815970988032.000000,2183939385730308635208420668460933914736575353792636055752251780277989982624268939247965316352032902605804190037285301907091865443511872780909337358499977323070554945362491120558481062474374010441479208921758922607624477388728235833881085870080.000000
801,-0.318011,0.207188,767217925266335522519883445024076189285011550871142232477027495248711373983247735610388702049736613087710340681310587522844892777576906362265240880995955409648802515137759691563363653616862712159688752916061815970988032.000000,2183939385730308635208420668460933914736575353792636055752251780277989982624268939247965316352032902605804190037285301907091865443511872780909337358499977323070554945362491120558481062474374010441479208921758922607624477388728235833881085870080.000000
802,-0.324148,0.210993,767217925266335522519883445024076189285011550871142232477027495248711373983247735610388702049736613087710340681310587522844892777576906362265240880995955409648802515137759691563363653616862712159688752916061815970988032.000000,2183939385730308635208420668460933914736575353792636055752251780277989982624268939247965316352032902605804190037285301907091865443511872780909337358499977323070554945362491120558481062474374010441479208921758922607624477388728235833881085870080.000000
803,-0.330280,0.214783,767217925266335522519883445024076189285011550871142232477027495248711373983247735610388702049736613087710340681310587522844892777576906362265240880995955409648802515137759691563363653616862712159688752916061815970988032.000000,2183939385730308635208420668460933914736575353792636055752251780277989982624268939247965316352032902605804190037285301907091865443511872780909337358499977323070554945362491120558481062474374010441479208921758922607624477388728235833881085870080.000000
804,-0.336406,0.218558,767217925266335522519883445024076189285011550871142232477027495248711373983247735610388702049736613087710340681310587522844892777576906362265240880995955409648802515137759691563363653616862712159688752916061815970988032.000000,2183939385730308635208420668460933914736575353792636055752251780277989982624268939247965316352032902605804190037285301907091865443511872780909337358499977323070554945362491120558481062474374010441479208921758922607624477388728235833881085870080.000000
805,-0.342526,0.222318,767217925266335522519883445024076189285011550871142232477027495248711373983247735610388702049736613087710340681310587522844892777576906362265240880995955409648802515137759691563363653616862712159688752916061815970988032.000000,2183939385730308635208420668460933914736575353792636055752251780277989982624268939247965316352032902605804190037285301907091865443511872780909337358499977323070554945362491120558481062474374010441479208921758922607624477388728235833881085870080.000000
806,-0.348640,0.226062,767217925266335522519883445024076189285011550871142232477027495248711373983247735610388702049736613087710340681310587522844892777576906362265240880995955409648802515137759691563363653616862712159688752916061815970988032.000000,2183939385730308635208420668460933914736575353792636055752251780277989982624268939247965316352032902605804190037285301907091865443511872780909337358499977323070554945362491120558481062474374010441479208921758922607624477388728235833881085870080.000000
807,-0.354748,0.229790,767217925266335522519883445024076189285011550871142232477027495248711373983247735610388702049736613087710340681310587522844892777576906362265240880995955409648802515137759691563363653616862712159688752916061815970988032.000000,2183939385730308635208420668460933914736575353792636055752251780277989982624268939247965316352032902605804190037285301907091865443511872780909337358499977323070554945362491120558481062474374010441479208921758922607624477388728235833881085870080.000000
808,-0.360850,0.233502,767217925266335522519883445024076189285011550871142232477027495248711373983247735610388702049736613087710340681310587522844892777576906362265240880995955409648802515137759691563363653616862712159688752916061815970988032.000000,2183939385730308635208420668460933914736575353792636055752251780277989982624268939247965316352032902605804190037285301907091865443511872780909337358499977323070554945362491120558481062474374010441479208921758922607624477388728235833881085870080.000000
809,-0.366946,0.237198,767217925266335522519883445024076189285011550871142232477027495248711373983247735610388702049736613087710340681310587522844892777576906362265240880995955409648802515137759691563363653616862712159688752916061815970988032.000000,2183939385730308635208420668460933914736575353792636055752251780277989982624268939247965316352032902605804190037285301907091865443511872780909337358499977323070554945362491120558481062474374010441479208921758922607624477388728235833881085870080.000000
810,-0.373035,0.240877,767217925266335522519883445024076189285011550871142232477027495248711373983247735610388702049736613087710340681310587522844892777576906362265240880995955409648802515137759691563363653616862712159688752916061815970988032.000000,2183939385730308635208420668460933914736575353792636055752251780277989982624268939247965316352032902605804190037285301907091865443511872780909337358499977323070554945362491120558481062474374010441479208921758922607624477388728235833881085870080.000000
811,-0.379117,0.244539,767217925266335522519883445024076189285011550871142232477027495248711373983247735610388702049736613087710340681310587522844892777576906362265240880995955409648802515137759691563363653616862712159688752916061815970988032.000000,2183939385730308635208420668460933914736575353792636055752251780277989982624268939247965316352032902605804190037285301907091865443511872780909337358499977323070554945362491120558481062474374010441479208921758922607624477388728235833881085870080.000000
812,-0.385193,0.248184,767217925266335522519883445024076189285011550871142232477027495248711373983247735610388702049736613087710340681310587522844892777576906362265240880995955409648802515137759691563363653616862712159688752916061815970988032.000000,2183939385730308635208420668460933914736575353792636055752251780277989982624268939247965316352032902605804190037285301907091865443511872780909337358499977323070554945362491120558481062474374010441479208921758922607624477388728235833881085870080.000000
813,-0.391262,0.251812,767217925266335522519883445024076189285011550871142232477027495248711373983247735610388702049736613087710340681310587522844892777576906362265240880995955409648802515137759691563363653616862712159688752916061815970988032.000000,2183939385730308635208420668460933914736575353792636055752251780277989982624268939247965316352032902605804190037285301907091865443511872780909337358499977323070554945362491120558481062474374010441479208921758922607624477388728235833881085870080.000000
814,-0.397324,0.255422,767217925266335522519883445024076189285011550871142232477027495248711373983247735610388702049736613087710340681310587522844892777576906362265240880995955409648802515137759691563363653616862712159688752916061815970988032.000000,2183939385730308635208420668460933914736575353792636055752251780277989982624268939247965316352032902605804190037285301907091865443511872780909337358499977323070554945362491120558481062474374010441479208921758922607624477388728235833881085870080.000000
815,-0.403380,0.259014,767217925266335522519883445024076189285011550871142232477027495248711373983247735610388702049736613087710340681310587522844892777576906362265240880995955409648802515137759691563363653616862712159688752916061815970988032.000000,2183939385730308635208420668460933914736575353792636055752251780277989982624268939247965316352032902605804190037285301907091865443511872780909337358499977323070554945362491120558481062474374010441479208921758922607624477388728235833881085870080.000000
816,-0.409428,0.262587,767217925266335522519883445024076189285011550871142232477027495248711373983247735610388702049736613087710340681310587522844892777576906362265240880995955409648802515137759691563363653616862712159688752916061815970988032.000000,2183939385730308635208420668460933914736575353792636055752251780277989982624268939247965316352032902605804190037285301907091865443511872780909337358499977323070554945362491120558481062474374010441479208921758922607624477388728235833881085870080.000000
817,-0.415469,0.266143,767217925266335522519883445024076189285011550871142232477027495248711373983247735610388702049736613087710340681310587522844892777576906362265240880995955409648802515137759691563363653616862712159688752916061815970988032.000000,2183939385730308635208420668460933914736575353792636055752251780277989982624268939247965316352032902605804190037285301907091865443511872780909337358499977323070554945362491120558481062474374010441479208921758922607624477388728235833881085870080.000000
818,-0.421503,0.269679,767217925266335522519883445024076189285011550871142232477027495248711373983247735610388702049736613087710340681310587522844892777576906362265240880995955409648802515137759691563363653616862712159688752916061815970988032.000000,2183939385730308635208420668460933914736575353792636055752251780277989982624268939247965316352032902605804190037285301907091865443511872780909337358499977323070554945362491120558481062474374010441479208921758922607624477388728235833881085870080.000000
819,-0.427529,0.273197,767217925266335522519883445024076189285011550871142232477027495248711373983247735610388702049736613087710340681310587522844892777576906362265240880995955409648802515137759691563363653616862712159688752916061815970988032.000000,2183939385730308635208420668460933914736575353792636055752251780277989982624268939247965316352032902605804190037285301907091865443511872780909337358499977323070554945362491120558481062474374010441479208921758922607624477388728235833881085870080.000000
820,-0.433548,0.276696,767217925266335522519883445024076189285011550871142232477027495248711373983247735610388702049736613087710340681310587522844892777576906362265240880995955409648802515137759691563363653616862712159688752916061815970988032.000000,2183939385730308635208420668460933914736575353792636055752251780277989982624268939247965316352032902605804190037285301907091865443511872780909337358499977323070554945362491120558481062474374010441479208921758922607624477388728235833881085870080.000000
821,-0.439559,0.280175,767217925266335522519883445024076189285011550871142232477027495248711373983247735610388702049736613087710340681310587522844892777576906362265240880995955409648802515137759691563363653616862712159688752916061815970988032.000000,2183939385730308635208420668460933914736575353792636055752251780277989982624268939247965316352032902605804190037285301907091865443511872780909337358499977323070554945362491120558481062474374010441479208921758922607624477388728235833881085870080.000000
822,-0.445562,0.283634,767217925266335522519883445024076189285011550871142232477027495248711373983247735610388702049736613087710340681310587522844892777576906362265240880995955409648802515137759691563363653616862712159688752916061815970988032.000000,2183939385730308635208420668460933914736575353792636055752251780277989982624268939247965316352032902605804190037285301907091865443511872780909337358499977323070554945362491120558481062474374010441479208921758922607624477388728235833881085870080.000000
823,-0.451558,0.287074,767217925266335522519883445024076189285011550871142232477027495248711373983247735610388702049736613087710340681310587522844892777576906362265240880995955409648802515137759691563363653616862712159688752916061815970988032.000000,2183939385730308635208420668460933914736575353792636055752251780277989982624268939247965316352032902605804190037285301907091865443511872780909337358499977323070554945362491120558481062474374010441479208921758922607624477388728235833881085870080.000000
824,-0.457546,0.290494,767217925266335522519883445024076189285011550871142232477027495248711373983247735610388702049736613087710340681310587522844892777576906362265240880995955409648802515137759691563363653616862712159688752916061815970988032.000000,2183939385730308635208420668460933914736575353792636055752251780277989982624268939247965316352032902605804190037285301907091865443511872780909337358499977323070554945362491120558481062474374010441479208921758922607624477388728235833881085870080.000000
825,-0.463525,0.293893,767217925266335522519883445024076189285011550871142232477027495248711373983247735610388702049736613087710340681310587522844892777576906362265240880995955409648802515137759691563363653616862712159688752916061815970988032.000000,2183939385730308635208420668460933914736575353792636055752251780277989982624268939247965316352032902605804190037285301907091865443511872780909337358499977323070554945362491120558481062474374010441479208921758922607624477388728235833881085870080.000000
826,-0.469497,0.297271,767217925266335522519883445024076189285011550871142232477027495248711373983247735610388702049736613087710340681310587522844892777576906362265240880995955409648802515137759691563363653616862712159688752916061815970988032.000000,2183939385730308635208420668460933914736575353792636055752251780277989982624268939247965316352032902605804190037285301907091865443511872780909337358499977323070554945362491120558481062474374010441479208921758922607624477388728235833881085870080.000000
827,-0.475460,0.300629,767217925266335522519883445024076189285011550871142232477027495248711373983247735610388702049736613087710340681310587522844892777576906362265240880995955409648802515137759691563363653616862712159688752916061815970988032.000000,2183939385730308635208420668460933914736575353792636055752251780277989982624268939247965316352032902605804190037285301907091865443511872780909337358499977323070554945362491120558481062474374010441479208921758922607624477388728235833881085870080.000000
828,-0.481415,0.303965,767217925266335522519883445024076189285011550871142232477027495248711373983247735610388702049736613087710340681310587522844892777576906362265240880995955409648802515137759691563363653616862712159688752916061815970988032.000000,2183939385730308635208420668460933914736575353792636055752251780277989982624268939247965316352032902605804190037285301907091865443511872780909337358499977323070554945362491120558481062474374010441479208921758922607624477388728235833881085870080.000000
829,-0.487362,0.307280,767217925266335522519883445024076189285011550871142232477027495248711373983247735610388702049736613087710340681310587522844892777576906362265240880995955409648802515137759691563363653616862712159688752916061815970988032.000000,2183939385730308635208420668460933914736575353792636055752251780277989982624268939247965316352032902605804190037285301907091865443511872780909337358499977323070554945362491120558481062474374010441479208921758922607624477388728235833881085870080.000000
830,-0.493300,0.310574,767217925266335522519883445024076189285011550871142232477027495248711373983247735610388702049736613087710340681310587522844892777576906362265240880995955409648802515137759691563363653616862712159688752916061815970988032.000000,2183939385730308635208420668460933914736575353792636055752251780277989982624268939247965316352032902605804190037285301907091865443511872780909337358499977323070554945362491120558481062474374010441479208921758922607624477388728235833881085870080.000000
831,-0.499229,0.313846,767217925266335522519883445024076189285011550871142232477027495248711373983247735610388702049736613087710340681310587522844892777576906362265240880995955409648802515137759691563363653616862712159688752916061815970988032.000000,2183939385730308635208420668460933914736575353792636055752251780277989982624268939247965316352032902605804190037285301907091865443511872780909337358499977323070554945362491120558481062474374010441479208921758922607624477388728235833881085870080.000000
832,-0.505150,0.317095,767217925266335522519883445024076189285011550871142232477027495248711373983247735610388702049736613087710340681310587522844892777576906362265240880995955409648802515137759691563363653616862712159688752916061815970988032.000000,2183939385730308635208420668460933914736575353792636055752251780277989982624268939247965316352032902605804190037285301907091865443511872780909337358499977323070554945362491120558481062474374010441479208921758922607624477388728235833881085870080.000000
833,-0.511062,0.320323,767217925266335522519883445024076189285011550871142232477027495248711373983247735610388702049736613087710340681310587522844892777576906362265240880995955409648802515137759691563363653616862712159688752916061815970988032.000000,2183939385730308635208420668460933914736575353792636055752251780277989982624268939247965316352032902605804190037285301907091865443511872780909337358499977323070554945362491120558481062474374010441479208921758922607624477388728235833881085870080.000000
834,-0.516964,0.323528,767217925266335522519883445024076189285011550871142232477027495248711373983247735610388702049736613087710340681310587522844892777576906362265240880995955409648802515137759691563363653616862712159688752916061815970988032.000000,2183939385730308635208420668460933914736575353792636055752251780277989982624268939247965316352032902605804190037285301907091865443511872780909337358499977323070554945362491120558481062474374010441479208921758922607624477388728235833881085870080.000000
835,-0.522858,0.326710,767217925266335522519883445024076189285011550871142232477027495248711373983247735610388702049736613087710340681310587522844892777576906362265240880995955409648802515137759691563363653616862712159688752916061815970988032.000000,2183939385730308635208420668460933914736575353792636055752251780277989982624268939247965316352032902605804190037285301907091865443511872780909337358499977323070554945362491120558481062474374010441479208921758922607624477388728235833881085870080.000000
836,-0.528743,0.329870,767217925266335522519883445024076189285011550871142232477027495248711373983247735610388702049736613087710340681310587522844892777576906362265240880995955409648802515137759691563363653616862712159688752916061815970988032.000000,2183939385730308635208420668460933914736575353792636055752251780277989982624268939247965316352032902605804190037285301907091865443511872780909337358499977323070554945362491120558481062474374010441479208921758922607624477388728235833881085870080.000000
837,-0.534618,0.333006,767217925266335522519883445024076189285011550871142232477027495248711373983247735610388702049736613087710340681310587522844892777576906362265240880995955409648802515137759691563363653616862712159688752916061815970988032.000000,2183939385730308635208420668460933914736575353792636055752251780277989982624268939247965316352032902605804190037285301907091865443511872780909337358499977323070554945362491120558481062474374010441479208921758922607624477388728235833881085870080.000000
838,-0.540484,0.336119,767217925266335522519883445024076189285011550871142232477027495248711373983247735610388702049736613087710340681310587522844892777576906362265240880995955409648802515137759691563363653616862712159688752916061815970988032.000000,2183939385730308635208420668460933914736575353792636055752251780277989982624268939247965316352032902605804190037285301907091865443511872780909337358499977323070554945362491120558481062474374010441479208921758922607624477388728235833881085870080.000000
839,-0.546340,0.339208,767217925266335522519883445024076189285011550871142232477027495248711373983247735610388702049736613087710340681310587522844892777576906362265240880995955409648802515137759691563363653616862712159688752916061815970988032.000000,2183939385730308635208420668460933914736575353792636055752251780277989982624268939247965316352032902605804190037285301907091865443511872780909337358499977323070554945362491120558481062474374010441479208921758922607624477388728235833881085870080.000000
840,-0.552187,0.342274,767217925266335522519883445024076189285011550871142232477027495248711373983247735610388702049736613087710340681310587522844892777576906362265240880995955409648802515137759691563363653616862712159688752916061815970988032.000000,2183939385730308635208420668460933914736575353792636055752251780277989982624268939247965316352032902605804190037285301907091865443511872780909337358499977323070554945362491120558481062474374010441479208921758922607624477388728235833881085870080.000000
841,-0.558024,0.345315,767217925266335522519883445024076189285011550871142232477027495248711373983247735610388702049736613087710340681310587522844892777576906362265240880995955409648802515137759691563363653616862712159688752916061815970988032.000000,2183939385730308635208420668460933914736575353792636055752251780277989982624268939247965316352032902605804190037285301907091865443511872780909337358499977323070554945362491120558481062474374010441479208921758922607624477388728235833881085870080.000000
842,-0.563851,0.348332,767217925266335522519883445024076189285011550871142232477027495248711373983247735610388702049736613087710340681310587522844892777576906362265240880995955409648802515137759691563363653616862712159688752916061815970988032.000000,2183939385730308635208420668460933914736575353792636055752251780277989982624268939247965316352032902605804190037285301907091865443511872780909337358499977323070554945362491120558481062474374010441479208921758922607624477388728235833881085870080.000000
843,-0.569669,0.351325,767217925266335522519883445024076189285011550871142232477027495248711373983247735610388702049736613087710340681310587522844892777576906362265240880995955409648802515137759691563363653616862712159688752916061815970988032.000000,2183939385730308635208420668460933914736575353792636055752251780277989982624268939247965316352032902605804190037285301907091865443511872780909337358499977323070554945362491120558481062474374010441479208921758922607624477388728235833881085870080.000000
844,-0.575476,0.354293,767217925266335522519883445024076189285011550871142232477027495248711373983247735610388702049736613087710340681310587522844892777576906362265240880995955409648802515137759691563363653616862712159688752916061815970988032.000000,2183939385730308635208420668460933914736575353792636055752251780277989982624268939247965316352032902605804190037285301907091865443511872780909337358499977323070554945362491120558481062474374010441479208921758922607624477388728235833881085870080.000000
845,-0.581273,0.357236,767217925266335522519883445024076189285011550871142232477027495248711373983247735610388702049736613087710340681310587522844892777576906362265240880995955409648802515137759691563363653616862712159688752916061815970988032.000000,2183939385730308635208420668460933914736575353792636055752251780277989982624268939247965316352032902605804190037285301907091865443511872780909337358499977323070554945362491120558481062474374010441479208921758922607624477388728235833881085870080.000000
846,-0.587061,0.360155,767217925266335522519883445024076189285011550871142232477027495248711373983247735610388702049736613087710340681310587522844892777576906362265240880995955409648802515137759691563363653616862712159688752916061815970988032.000000,2183939385730308635208420668460933914736575353792636055752251780277989982624268939247965316352032902605804190037285301907091865443511872780909337358499977323070554945362491120558481062474374010441479208921758922607624477388728235833881085870080.000000
847,-0.592837,0.363047,767217925266335522519883445024076189285011550871142232477027495248711373983247735610388702049736613087710340681310587522844892777576906362265240880995955409648802515137759691563363653616862712159688752916061815970988032.000000,2183939385730308635208420668460933914736575353792636055752251780277989982624268939247965316352032902605804190037285301907091865443511872780909337358499977323070554945362491120558481062474374010441479208921758922607624477388728235833881085870080.000000
848,-0.598604,0.365915,767217925266335522519883445024076189285011550871142232477027495248711373983247735610388702049736613087710340681310587522844892777576906362265240880995955409648802515137759691563363653616862712159688752916061815970988032.000000,2183939385730308635208420668460933914736575353792636055752251780277989982624268939247965316352032902605804190037285301907091865443511872780909337358499977323070554945362491120558481062474374010441479208921758922607624477388728235833881085870080.000000
849,-0.604360,0.368757,767217925266335522519883445024076189285011550871142232477027495248711373983247735610388702049736613087710340681310587522844892777576906362265240880995955409648802515137759691563363653616862712159688752916061815970988032.000000,2183939385730308635208420668460933914736575353792636055752251780277989982624268939247965316352032902605804190037285301907091865443511872780909337358499977323070554945362491120558481062474374010441479208921758922607624477388728235833881085870080.000000
850,-0.610105,0.371572,767217925266335522519883445024076189285011550871142232477027495248711373983247735610388702049736613087710340681310587522844892777576906362265240880995955409648802515137759691563363653616862712159688752916061815970988032.000000,2183939385730308635208420668460933914736575353792636055752251780277989982624268939247965316352032902605804190037285301907091865443511872780909337358499977323070554945362491120558481062474374010441479208921758922607624477388728235833881085870080.000000
851,-0.615840,0.374362,767217925266335522519883445024076189285011550871142232477027495248711373983247735610388702049736613087710340681310587522844892777576906362265240880995955409648802515137759691563363653616862712159688752916061815970988032.000000,2183939385730308635208420668460933914736575353792636055752251780277989982624268939247965316352032902605804190037285301907091865443511872780909337358499977323070554945362491120558481062474374010441479208921758922607624477388728235833881085870080.000000
852,-0.621563,0.377126,767217925266335522519883445024076189285011550871142232477027495248711373983247735610388702049736613087710340681310587522844892777576906362265240880995955409648802515137759691563363653616862712159688752916061815970988032.000000,2183939385730308635208420668460933914736575353792636055752251780277989982624268939247965316352032902605804190037285301907091865443511872780909337358499977323070554945362491120558481062474374010441479208921758922607624477388728235833881085870080.000000
853,-0.627276,0.379863,767217925266335522519883445024076189285011550871142232477027495248711373983247735610388702049736613087710340681310587522844892777576906362265240880995955409648802515137759691563363653616862712159688752916061815970988032.000000,2183939385730308635208420668460933914736575353792636055752251780277989982624268939247965316352032902605804190037285301907091865443511872780909337358499977323070554945362491120558481062474374010441479208921758922607624477388728235833881085870080.000000
854,-0.632978,0.382573,767217925266335522519883445024076189285011550871142232477027495248711373983247735610388702049736613087710340681310587522844892777576906362265240880995955409648802515137759691563363653616862712159688752916061815970988032.000000,2183939385730308635208420668460933914736575353792636055752251780277989982624268939247965316352032902605804190037285301907091865443511872780909337358499977323070554945362491120558481062474374010441479208921758922607624477388728235833881085870080.000000
855,-0.638669,0.385257,767217925266335522519883445024076189285011550871142232477027495248711373983247735610388702049736613087710340681310587522844892777576906362265240880995955409648802515137759691563363653616862712159688752916061815970988032.000000,2183939385730308635208420668460933914736575353792636055752251780277989982624268939247965316352032902605804190037285301907091865443511872780909337358499977323070554945362491120558481062474374010441479208921758922607624477388728235833881085870080.000000
856,-0.644349,0.387913,767217925266335522519883445024076189285011550871142232477027495248711373983247735610388702049736613087710340681310587522844892777576906362265240880995955409648802515137759691563363653616862712159688752916061815970988032.000000,2183939385730308635208420668460933914736575353792636055752251780277989982624268939247965316352032902605804190037285301907091865443511872780909337358499977323070554945362491120558481062474374010441479208921758922607624477388728235833881085870080.000000
857,-0.650017,0.390542,767217925266335522519883445024076189285011550871142232477027495248711373983247735610388702049736613087710340681310587522844892777576906362265240880995955409648802515137759691563363653616862712159688752916061815970988032.000000,2183939385730308635208420668460933914736575353792636055752251780277989982624268939247965316352032902605804190037285301907091865443511872780909337358499977323070554945362491120558481062474374010441479208921758922607624477388728235833881085870080.000000
858,-0.655674,0.393144,767217925266335522519883445024076189285011550871142232477027495248711373983247735610388702049736613087710340681310587522844892777576906362265240880995955409648802515137759691563363653616862712159688752916061815970988032.000000,2183939385730308635208420668460933914736575353792636055752251780277989982624268939247965316352032902605804190037285301907091865443511872780909337358499977323070554945362491120558481062474374010441479208921758922607624477388728235833881085870080.000000
859,-0.661319,0.395718,767217925266335522519883445024076189285011550871142232477027495248711373983247735610388702049736613087710340681310587522844892777576906362265240880995955409648802515137759691563363653616862712159688752916061815970988032.000000,2183939385730308635208420668460933914736575353792636055752251780277989982624268939247965316352032902605804190037285301907091865443511872780909337358499977323070554945362491120558481062474374010441479208921758922607624477388728235833881085870080.000000
860,-0.666953,0.398265,767217925266335522519883445024076189285011550871142232477027495248711373983247735610388702049736613087710340681310587522844892777576906362265240880995955409648802515137759691563363653616862712159688752916061815970988032.000000,2183939385730308635208420668460933914736575353792636055752251780277989982624268939247965316352032902605804190037285301907091865443511872780909337358499977323070554945362491120558481062474374010441479208921758922607624477388728235833881085870080.000000
861,-0.672575,0.400783,767217925266335522519883445024076189285011550871142232477027495248711373983247735610388702049736613087710340681310587522844892777576906362265240880995955409648802515137759691563363653616862712159688752916061815970988032.000000,2183939385730308635208420668460933914736575353792636055752251780277989982624268939247965316352032902605804190037285301907091865443511872780909337358499977323070554945362491120558481062474374010441479208921758922607624477388728235833881085870080.000000
862,-0.678185,0.403274,767217925266335522519883445024076189285011550871142232477027495248711373983247735610388702049736613087710340681310587522844892777576906362265240880995955409648802515137759691563363653616862712159688752916061815970988032.000000,2183939385730308635208420668460933914736575353792636055752251780277989982624268939247965316352032902605804190037285301907091865443511872780909337358499977323070554945362491120558481062474374010441479208921758922607624477388728235833881085870080.000000
863,-0.683783,0.405736,767217925266335522519883445024076189285011550871142232477027495248711373983247735610388702049736613087710340681310587522844892777576906362265240880995955409648802515137759691563363653616862712159688752916061815970988032.000000,2183939385730308635208420668460933914736575353792636055752251780277989982624268939247965316352032902605804190037285301907091865443511872780909337358499977323070554945362491120558481062474374010441479208921758922607624477388728235833881085870080.000000
864,-0.689370,0.408170,767217925266335522519883445024076189285011550871142232477027495248711373983247735610388702049736613087710340681310587522844892777576906362265240880995955409648802515137759691563363653616862712159688752916061815970988032.000000,2183939385730308635208420668460933914736575353792636055752251780277989982624268939247965316352032902605804190037285301907091865443511872780909337358499977323070554945362491120558481062474374010441479208921758922607624477388728235833881085870080.000000
865,-0.694944,0.410575,767217925266335522519883445024076189285011550871142232477027495248711373983247735610388702049736613087710340681310587522844892777576906362265240880995955409648802515137759691563363653616862712159688752916061815970988032.000000,2183939385730308635208420668460933914736575353792636055752251780277989982624268939247965316352032902605804190037285301907091865443511872780909337358499977323070554945362491120558481062474374010441479208921758922607624477388728235833881085870080.000000
866,-0.700506,0.412951,767217925266335522519883445024076189285011550871142232477027495248711373983247735610388702049736613087710340681310587522844892777576906362265240880995955409648802515137759691563363653616862712159688752916061815970988032.000000,2183939385730308635208420668460933914736575353792636055752251780277989982624268939247965316352032902605804190037285301907091865443511872780909337358499977323070554945362491120558481062474374010441479208921758922607624477388728235833881085870080.000000
867,-0.706056,0.415298,767217925266335522519883445024076189285011550871142232477027495248711373983247735610388702049736613087710340681310587522844892777576906362265240880995955409648802515137759691563363653616862712159688752916061815970988032.000000,2183939385730308635208420668460933914736575353792636055752251780277989982624268939247965316352032902605804190037285301907091865443511872780909337358499977323070554945362491120558481062474374010441479208921758922607624477388728235833881085870080.000000
868,-0.711593,0.417616,767217925266335522519883445024076189285011550871142232477027495248711373983247735610388702049736613087710340681310587522844892777576906362265240880995955409648802515137759691563363653616862712159688752916061815970988032.000000,2183939385730308635208420668460933914736575353792636055752251780277989982624268939247965316352032902605804190037285301907091865443511872780909337358499977323070554945362491120558481062474374010441479208921758922607624477388728235833881085870080.000000
869,-0.717118,0.419905,767217925266335522519883445024076189285011550871142232477027495248711373983247735610388702049736613087710340681310587522844892777576906362265240880995955409648802515137759691563363653616862712159688752916061815970988032.000000,2183939385730308635208420668460933914736575353792636055752251780277989982624268939247965316352032902605804190037285301907091865443511872780909337358499977323070554945362491120558481062474374010441479208921758922607624477388728235833881085870080.000000
870,-0.722631,0.422164,767217925266335522519883445024076189285011550871142232477027495248711373983247735610388702049736613087710340681310587522844892777576906362265240880995955409648802515137759691563363653616862712159688752916061815970988032.000000,2183939385730308635208420668460933914736575353792636055752251780277989982624268939247965316352032902605804190037285301907091865443511872780909337358499977323070554945362491120558481062474374010441479208921758922607624477388728235833881085870080.000000
871,-0.728130,0.424394,767217925266335522519883445024076189285011550871142232477027495248711373983247735610388702049736613087710340681310587522844892777576906362265240880995955409648802515137759691563363653616862712159688752916061815970988032.000000,2183939385730308635208420668460933914736575353792636055752251780277989982624268939247965316352032902605804190037285301907091865443511872780909337358499977323070554945362491120558481062474374010441479208921758922607624477388728235833881085870080.000000
872,-0.733617,0.426593,767217925266335522519883445024076189285011550871142232477027495248711373983247735610388702049736613087710340681310587522844892777576906362265240880995955409648802515137759691563363653616862712159688752916061815970988032.000000,2183939385730308635208420668460933914736575353792636055752251780277989982624268939247965316352032902605804190037285301907091865443511872780909337358499977323070554945362491120558481062474374010441479208921758922607624477388728235833881085870080.000000
873,-0.739091,0.428763,767217925266335522519883445024076189285011550871142232477027495248711373983247735610388702049736613087710340681310587522844892777576906362265240880995955409648802515137759691563363653616862712159688752916061815970988032.000000,2183939385730308635208420668460933914736575353792636055752251780277989982624268939247965316352032902605804190037285301907091865443511872780909337358499977323070554945362491120558481062474374010441479208921758922607624477388728235833881085870080.000000
874,-0.744552,0.430903,767217925266335522519883445024076189285011550871142232477027495248711373983247735610388702049736613087710340681310587522844892777576906362265240880995955409648802515137759691563363653616862712159688752916061815970988032.000000,2183939385730308635208420668460933914736575353792636055752251780277989982624268939247965316352032902605804190037285301907091865443511872780909337358499977323070554945362491120558481062474374010441479208921758922607624477388728235833881085870080.000000
875,-0.750000,0.433013,767217925266335522519883445024076189285011550871142232477027495248711373983247735610388702049736613087710340681310587522844892777576906362265240880995955409648802515137759691563363653616862712159688752916061815970988032.000000,2183939385730308635208420668460933914736575353792636055752251780277989982624268939247965316352032902605804190037285301907091865443511872780909337358499977323070554945362491120558481062474374010441479208921758922607624477388728235833881085870080.000000
876,-0.755435,0.435092,767217925266335522519883445024076189285011550871142232477027495248711373983247735610388702049736613087710340681310587522844892777576906362265240880995955409648802515137759691563363653616862712159688752916061815970988032.000000,2183939385730308635208420668460933914736575353792636055752251780277989982624268939247965316352032902605804190037285301907091865443511872780909337358499977323070554945362491120558481062474374010441479208921758922607624477388728235833881085870080.000000
877,-0.760856,0.437141,767217925266335522519883445024076189285011550871142232477027495248711373983247735610388702049736613087710340681310587522844892777576906362265240880995955409648802515137759691563363653616862712159688752916061815970988032.000000,2183939385730308635208420668460933914736575353792636055752251780277989982624268939247965316352032902605804190037285301907091865443511872780909337358499977323070554945362491120558481062474374010441479208921758922607624477388728235833881085870080.000000
878,-0.766265,0.439158,767217925266335522519883445024076189285011550871142232477027495248711373983247735610388702049736613087710340681310587522844892777576906362265240880995955409648802515137759691563363653616862712159688752916061815970988032.000000,2183939385730308635208420668460933914736575353792636055752251780277989982624268939247965316352032902605804190037285301907091865443511872780909337358499977323070554945362491120558481062474374010441479208921758922607624477388728235833881085870080.000000
879,-0.771659,0.441146,767217925266335522519883445024076189285011550871142232477027495248711373983247735610388702049736613087710340681310587522844892777576906362265240880995955409648802515137759691563363653616862712159688752916061815970988032.000000,2183939385730308635208420668460933914736575353792636055752251780277989982624268939247965316352032902605804190037285301907091865443511872780909337358499977323070554945362491120558481062474374010441479208921758922607624477388728235833881085870080.000000
880,-0.777041,0.443102,767217925266335522519883445024076189285011550871142232477027495248711373983247735610388702049736613087710340681310587522844892777576906362265240880995955409648802515137759691563363653616862712159688752916061815970988032.000000,2183939385730308635208420668460933914736575353792636055752251780277989982624268939247965316352032902605804190037285301907091865443511872780909337358499977323070554945362491120558481062474374010441479208921758922607624477388728235833881085870080.000000
881,-0.782408,0.445027,767217925266335522519883445024076189285011550871142232477027495248711373983247735610388702049736613087710340681310587522844892777576906362265240880995955409648802515137759691563363653616862712159688752916061815970988032.000000,2183939385730308635208420668460933914736575353792636055752251780277989982624268939247965316352032902605804190037285301907091865443511872780909337358499977323070554945362491120558481062474374010441479208921758922607624477388728235833881085870080.000000
882,-0.787762,0.446921,767217925266335522519883445024076189285011550871142232477027495248711373983247735610388702049736613087710340681310587522844892777576906362265240880995955409648802515137759691563363653616862712159688752916061815970988032.000000,2183939385730308635208420668460933914736575353792636055752251780277989982624268939247965316352032902605804190037285301907091865443511872780909337358499977323070554945362491120558481062474374010441479208921758922607624477388728235833881085870080.000000
883,-0.793102,0.448783,767217925266335522519883445024076189285011550871142232477027495248711373983247735610388702049736613087710340681310587522844892777576906362265240880995955409648802515137759691563363653616862712159688752916061815970988032.000000,2183939385730308635208420668460933914736575353792636055752251780277989982624268939247965316352032902605804190037285301907091865443511872780909337358499977323070554945362491120558481062474374010441479208921758922607624477388728235833881085870080.000000
884,-0.798428,0.450614,767217925266335522519883445024076189285011550871142232477027495248711373983247735610388702049736613087710340681310587522844892777576906362265240880995955409648802515137759691563363653616862712159688752916061815970988032.000000,2183939385730308635208420668460933914736575353792636055752251780277989982624268939247965316352032902605804190037285301907091865443511872780909337358499977323070554945362491120558481062474374010441479208921758922607624477388728235833881085870080.000000
885,-0.803740,0.452414,767217925266335522519883445024076189285011550871142232477027495248711373983247735610388702049736613087710340681310587522844892777576906362265240880995955409648802515137759691563363653616862712159688752916061815970988032.000000,2183939385730308635208420668460933914736575353792636055752251780277989982624268939247965316352032902605804190037285301907091865443511872780909337358499977323070554945362491120558481062474374010441479208921758922607624477388728235833881085870080.000000
886,-0.809038,0.454181,767217925266335522519883445024076189285011550871142232477027495248711373983247735610388702049736613087710340681310587522844892777576906362265240880995955409648802515137759691563363653616862712159688752916061815970988032.000000,2183939385730308635208420668460933914736575353792636055752251780277989982624268939247965316352032902605804190037285301907091865443511872780909337358499977323070554945362491120558481062474374010441479208921758922607624477388728235833881085870080.000000
887,-0.814322,0.455917,767217925266335522519883445024076189285011550871142232477027495248711373983247735610388702049736613087710340681310587522844892777576906362265240880995955409648802515137759691563363653616862712159688752916061815970988032.000000,2183939385730308635208420668460933914736575353792636055752251780277989982624268939247965316352032902605804190037285301907091865443511872780909337358499977323070554945362491120558481062474374010441479208921758922607624477388728235833881085870080.000000
888,-0.819592,0.457621,767217925266335522519883445024076189285011550871142232477027495248711373983247735610388702049736613087710340681310587522844892777576906362265240880995955409648802515137759691563363653616862712159688752916061815970988032.000000,2183939385730308635208420668460933914736575353792636055752251780277989982624268939247965316352032902605804190037285301907091865443511872780909337358499977323070554945362491120558481062474374010441479208921758922607624477388728235833881085870080.000000
889,-0.824847,0.459292,767217925266335522519883445024076189285011550871142232477027495248711373983247735610388702049736613087710340681310587522844892777576906362265240880995955409648802515137759691563363653616862712159688752916061815970988032.000000,2183939385730308635208420668460933914736575353792636055752251780277989982624268939247965316352032902605804190037285301907091865443511872780909337358499977323070554945362491120558481062474374010441479208921758922607624477388728235833881085870080.000000
890,-0.830087,0.460932,767217925266335522519883445024076189285011550871142232477027495248711373983247735610388702049736613087710340681310587522844892777576906362265240880995955409648802515137759691563363653616862712159688752916061815970988032.000000,2183939385730308635208420668460933914736575353792636055752251780277989982624268939247965316352032902605804190037285301907091865443511872780909337358499977323070554945362491120558481062474374010441479208921758922607624477388728235833881085870080.000000
891,-0.835313,0.462539,767217925266335522519883445024076189285011550871142232477027495248711373983247735610388702049736613087710340681310587522844892777576906362265240880995955409648802515137759691563363653616862712159688752916061815970988032.000000,2183939385730308635208420668460933914736575353792636055752251780277989982624268939247965316352032902605804190037285301907091865443511872780909337358499977323070554945362491120558481062474374010441479208921758922607624477388728235833881085870080.000000
892,-0.840525,0.464113,767217925266335522519883445024076189285011550871142232477027495248711373983247735610388702049736613087710340681310587522844892777576906362265240880995955409648802515137759691563363653616862712159688752916061815970988032.000000,2183939385730308635208420668460933914736575353792636055752251780277989982624268939247965316352032902605804190037285301907091865443511872780909337358499977323070554945362491120558481062474374010441479208921758922607624477388728235833881085870080.000000
893,-0.845722,0.465655,767217925266335522519883445024076189285011550871142232477027495248711373983247735610388702049736613087710340681310587522844892777576906362265240880995955409648802515137759691563363653616862712159688752916061815970988032.000000,2183939385730308635208420668460933914736575353792636055752251780277989982624268939247965316352032902605804190037285301907091865443511872780909337358499977323070554945362491120558481062474374010441479208921758922607624477388728235833881085870080.000000
894,-0.850903,0.467164,767217925266335522519883445024076189285011550871142232477027495248711373983247735610388702049736613087710340681310587522844892777576906362265240880995955409648802515137759691563363653616862712159688752916061815970988032.000000,2183939385730308635208420668460933914736575353792636055752251780277989982624268939247965316352032902605804190037285301907091865443511872780909337358499977323070554945362491120558481062474374010441479208921758922607624477388728235833881085870080.000000
895,-0.856070,0.468641,767217925266335522519883445024076189285011550871142232477027495248711373983247735610388702049736613087710340681310587522844892777576906362265240880995955409648802515137759691563363653616862712159688752916061815970988032.000000,2183939385730308635208420668460933914736575353792636055752251780277989982624268939247965316352032902605804190037285301907091865443511872780909337358499977323070554945362491120558481062474374010441479208921758922607624477388728235833881085870080.000000
896,-0.861222,0.470085,767217925266335522519883445024076189285011550871142232477027495248711373983247735610388702049736613087710340681310587522844892777576906362265240880995955409648802515137759691563363653616862712159688752916061815970988032.000000,2183939385730308635208420668460933914736575353792636055752251780277989982624268939247965316352032902605804190037285301907091865443511872780909337358499977323070554945362491120558481062474374010441479208921758922607624477388728235833881085870080.000000
897,-0.866359,0.471495,767217925266335522519883445024076189285011550871142232477027495248711373983247735610388702049736613087710340681310587522844892777576906362265240880995955409648802515137759691563363653616862712159688752916061815970988032.000000,2183939385730308635208420668460933914736575353792636055752251780277989982624268939247965316352032902605804190037285301907091865443511872780909337358499977323070554945362491120558481062474374010441479208921758922607624477388728235833881085870080.000000
898,-0.871481,0.472873,767217925266335522519883445024076189285011550871142232477027495248711373983247735610388702049736613087710340681310587522844892777576906362265240880995955409648802515137759691563363653616862712159688752916061815970988032.000000,2183939385730308635208420668460933914736575353792636055752251780277989982624268939247965316352032902605804190037285301907091865443511872780909337358499977323070554945362491120558481062474374010441479208921758922607624477388728235833881085870080.000000
899,-0.876587,0.474217,767217925266335522519883445024076189285011550871142232477027495248711373983247735610388702049736613087710340681310587522844892777576906362265240880995955409648802515137759691563363653616862712159688752916061815970988032.000000,2183939385730308635208420668460933914736575353792636055752251780277989982624268939247965316352032902605804190037285301907091865443511872780909337358499977323070554945362491120558481062474374010441479208921758922607624477388728235833881085870080.000000
900,-0.881678,0.475528,767217925266335522519883445024076189285011550871142232477027495248711373983247735610388702049736613087710340681310587522844892777576906362265240880995955409648802515137759691563363653616862712159688752916061815970988032.000000,2183939385730308635208420668460933914736575353792636055752251780277989982624268939247965316352032902605804190037285301907091865443511872780909337358499977323070554945362491120558481062474374010441479208921758922607624477388728235833881085870080.000000
901,-0.886753,0.476806,767217925266335522519883445024076189285011550871142232477027495248711373983247735610388702049736613087710340681310587522844892777576906362265240880995955409648802515137759691563363653616862712159688752916061815970988032.000000,2183939385730308635208420668460933914736575353792636055752251780277989982624268939247965316352032902605804190037285301907091865443511872780909337358499977323070554945362491120558481062474374010441479208921758922607624477388728235833881085870080.000000
902,-0.891813,0.478050,767217925266335522519883445024076189285011550871142232477027495248711373983247735610388702049736613087710340681310587522844892777576906362265240880995955409648802515137759691563363653616862712159688752916061815970988032.000000,2183939385730308635208420668460933914736575353792636055752251780277989982624268939247965316352032902605804190037285301907091865443511872780909337358499977323070554945362491120558481062474374010441479208921758922607624477388728235833881085870080.000000
903,-0.896857,0.479261,767217925266335522519883445024076189285011550871142232477027495248711373983247735610388702049736613087710340681310587522844892777576906362265240880995955409648802515137759691563363653616862712159688752916061815970988032.000000,2183939385730308635208420668460933914736575353792636055752251780277989982624268939247965316352032902605804190037285301907091865443511872780909337358499977323070554945362491120558481062474374010441479208921758922607624477388728235833881085870080.000000
904,-0.901886,0.480438,767217925266335522519883445024076189285011550871142232477027495248711373983247735610388702049736613087710340681310587522844892777576906362265240880995955409648802515137759691563363653616862712159688752916061815970988032.000000,2183939385730308635208420668460933914736575353792636055752251780277989982624268939247965316352032902605804190037285301907091865443511872780909337358499977323070554945362491120558481062474374010441479208921758922607624477388728235833881085870080.000000
905,-0.906899,0.481581,767217925266335522519883445024076189285011550871142232477027495248711373983247735610388702049736613087710340681310587522844892777576906362265240880995955409648802515137759691563363653616862712159688752916061815970988032.000000,2183939385730308635208420668460933914736575353792636055752251780277989982624268939247965316352032902605804190037285301907091865443511872780909337358499977323070554945362491120558481062474374010441479208921758922607624477388728235833881085870080.000000
906,-0.911895,0.482691,767217925266335522519883445024076189285011550871142232477027495248711373983247735610388702049736613087710340681310587522844892777576906362265240880995955409648802515137759691563363653616862712159688752916061815970988032.000000,2183939385730308635208420668460933914736575353792636055752251780277989982624268939247965316352032902605804190037285301907091865443511872780909337358499977323070554945362491120558481062474374010441479208921758922607624477388728235833881085870080.000000
907,-0.916876,0.483766,767217925266335522519883445024076189285011550871142232477027495248711373983247735610388702049736613087710340681310587522844892777576906362265240880995955409648802515137759691563363653616862712159688752916061815970988032.000000,2183939385730308635208420668460933914736575353792636055752251780277989982624268939247965316352032902605804190037285301907091865443511872780909337358499977323070554945362491120558481062474374010441479208921758922607624477388728235833881085870080.000000
908,-0.921841,0.484808,767217925266335522519883445024076189285011550871142232477027495248711373983247735610388702049736613087710340681310587522844892777576906362265240880995955409648802515137759691563363653616862712159688752916061815970988032.000000,2183939385730308635208420668460933914736575353792636055752251780277989982624268939247965316352032902605804190037285301907091865443511872780909337358499977323070554945362491120558481062474374010441479208921758922607624477388728235833881085870080.000000
909,-0.926789,0.485816,767217925266335522519883445024076189285011550871142232477027495248711373983247735610388702049736613087710340681310587522844892777576906362265240880995955409648802515137759691563363653616862712159688752916061815970988032.000000,2183939385730308635208420668460933914736575353792636055752251780277989982624268939247965316352032902605804190037285301907091865443511872780909337358499977323070554945362491120558481062474374010441479208921758922607624477388728235833881085870080.000000
910,-0.931722,0.486789,767217925266335522519883445024076189285011550871142232477027495248711373983247735610388702049736613087710340681310587522844892777576906362265240880995955409648802515137759691563363653616862712159688752916061815970988032.000000,2183939385730308635208420668460933914736575353792636055752251780277989982624268939247965316352032902605804190037285301907091865443511872780909337358499977323070554945362491120558481062474374010441479208921758922607624477388728235833881085870080.000000
911,-0.936638,0.487729,767217925266335522519883445024076189285011550871142232477027495248711373983247735610388702049736613087710340681310587522844892777576906362265240880995955409648802515137759691563363653616862712159688752916061815970988032.000000,2183939385730308635208420668460933914736575353792636055752251780277989982624268939247965316352032902605804190037285301907091865443511872780909337358499977323070554945362491120558481062474374010441479208921758922607624477388728235833881085870080.000000
912,-0.941537,0.488634,767217925266335522519883445024076189285011550871142232477027495248711373983247735610388702049736613087710340681310587522844892777576906362265240880995955409648802515137759691563363653616862712159688752916061815970988032.000000,2183939385730308635208420668460933914736575353792636055752251780277989982624268939247965316352032902605804190037285301907091865443511872780909337358499977323070554945362491120558481062474374010441479208921758922607624477388728235833881085870080.000000
913,-0.946420,0.489505,767217925266335522519883445024076189285011550871142232477027495248711373983247735610388702049736613087710340681310587522844892777576906362265240880995955409648802515137759691563363653616862712159688752916061815970988032.000000,2183939385730308635208420668460933914736575353792636055752251780277989982624268939247965316352032902605804190037285301907091865443511872780909337358499977323070554945362491120558481062474374010441479208921758922607624477388728235833881085870080.000000
914,-0.951286,0.490341,767217925266335522519883445024076189285011550871142232477027495248711373983247735610388702049736613087710340681310587522844892777576906362265240880995955409648802515137759691563363653616862712159688752916061815970988032.000000,2183939385730308635208420668460933914736575353792636055752251780277989982624268939247965316352032902605804190037285301907091865443511872780909337358499977323070554945362491120558481062474374010441479208921758922607624477388728235833881085870080.000000
915,-0.956136,0.491144,767217925266335522519883445024076189285011550871142232477027495248711373983247735610388702049736613087710340681310587522844892777576906362265240880995955409648802515137759691563363653616862712159688752916061815970988032.000000,2183939385730308635208420668460933914736575353792636055752251780277989982624268939247965316352032902605804190037285301907091865443511872780909337358499977323070554945362491120558481062474374010441479208921758922607624477388728235833881085870080.000000
916,-0.960969,0.491911,767217925266335522519883445024076189285011550871142232477027495248711373983247735610388702049736613087710340681310587522844892777576906362265240880995955409648802515137759691563363653616862712159688752916061815970988032.000000,2183939385730308635208420668460933914736575353792636055752251780277989982624268939247965316352032902605804190037285301907091865443511872780909337358499977323070554945362491120558481062474374010441479208921758922607624477388728235833881085870080.000000
917,-0.965785,0.492644,767217925266335522519883445024076189285011550871142232477027495248711373983247735610388702049736613087710340681310587522844892777576906362265240880995955409648802515137759691563363653616862712159688752916061815970988032.000000,2183939385730308635208420668460933914736575353792636055752251780277989982624268939247965316352032902605804190037285301907091865443511872780909337358499977323070554945362491120558481062474374010441479208921758922607624477388728235833881085870080.000000
918,-0.970584,0.493343,767217925266335522519883445024076189285011550871142232477027495248711373983247735610388702049736613087710340681310587522844892777576906362265240880995955409648802515137759691563363653616862712159688752916061815970988032.000000,2183939385730308635208420668460933914736575353792636055752251780277989982624268939247965316352032902605804190037285301907091865443511872780909337358499977323070554945362491120558481062474374010441479208921758922607624477388728235833881085870080.000000
919,-0.975366,0.494007,767217925266335522519883445024076189285011550871142232477027495248711373983247735610388702049736613087710340681310587522844892777576906362265240880995955409648802515137759691563363653616862712159688752916061815970988032.000000,2183939385730308635208420668460933914736575353792636055752251780277989982624268939247965316352032902605804190037285301907091865443511872780909337358499977323070554945362491120558481062474374010441479208921758922607624477388728235833881085870080.000000
920,-0.980131,0.494636,767217925266335522519883445024076189285011550871142232477027495248711373983247735610388702049736613087710340681310587522844892777576906362265240880995955409648802515137759691563363653616862712159688752916061815970988032.000000,2183939385730308635208420668460933914736575353792636055752251780277989982624268939247965316352032902605804190037285301907091865443511872780909337358499977323070554945362491120558481062474374010441479208921758922607624477388728235833881085870080.000000
921,-0.984879,0.495231,767217925266335522519883445024076189285011550871142232477027495248711373983247735610388702049736613087710340681310587522844892777576906362265240880995955409648802515137759691563363653616862712159688752916061815970988032.000000,2183939385730308635208420668460933914736575353792636055752251780277989982624268939247965316352032902605804190037285301907091865443511872780909337358499977323070554945362491120558481062474374010441479208921758922607624477388728235833881085870080.000000
922,-0.989609,0.495791,767217925266335522519883445024076189285011550871142232477027495248711373983247735610388702049736613087710340681310587522844892777576906362265240880995955409648802515137759691563363653616862712159688752916061815970988032.000000,2183939385730308635208420668460933914736575353792636055752251780277989982624268939247965316352032902605804190037285301907091865443511872780909337358499977323070554945362491120558481062474374010441479208921758922607624477388728235833881085870080.000000
923,-0.994322,0.496315,767217925266335522519883445024076189285011550871142232477027495248711373983247735610388702049736613087710340681310587522844892777576906362265240880995955409648802515137759691563363653616862712159688752916061815970988032.000000,2183939385730308635208420668460933914736575353792636055752251780277989982624268939247965316352032902605804190037285301907091865443511872780909337358499977323070554945362491120558481062474374010441479208921758922607624477388728235833881085870080.000000
924,-0.999018,0.496806,767217925266335522519883445024076189285011550871142232477027495248711373983247735610388702049736613087710340681310587522844892777576906362265240880995955409648802515137759691563363653616862712159688752916061815970988032.000000,2183939385730308635208420668460933914736575353792636055752251780277989982624268939247965316352032902605804190037285301907091865443511872780909337358499977323070554945362491120558481062474374010441479208921758922607624477388728235833881085870080.000000
925,-1.003696,0.497261,767217925266335522519883445024076189285011550871142232477027495248711373983247735610388702049736613087710340681310587522844892777576906362265240880995955409648802515137759691563363653616862712159688752916061815970988032.000000,2183939385730308635208420668460933914736575353792636055752251780277989982624268939247965316352032902605804190037285301907091865443511872780909337358499977323070554945362491120558481062474374010441479208921758922607624477388728235833881085870080.000000
926,-1.008356,0.497681,767217925266335522519883445024076189285011550871142232477027495248711373983247735610388702049736613087710340681310587522844892777576906362265240880995955409648802515137759691563363653616862712159688752916061815970988032.000000,2183939385730308635208420668460933914736575353792636055752251780277989982624268939247965316352032902605804190037285301907091865443511872780909337358499977323070554945362491120558481062474374010441479208921758922607624477388728235833881085870080.000000
927,-1.012999,0.498067,767217925266335522519883445024076189285011550871142232477027495248711373983247735610388702049736613087710340681310587522844892777576906362265240880995955409648802515137759691563363653616862712159688752916061815970988032.000000,2183939385730308635208420668460933914736575353792636055752251780277989982624268939247965316352032902605804190037285301907091865443511872780909337358499977323070554945362491120558481062474374010441479208921758922607624477388728235833881085870080.000000
928,-1.017624,0.498417,767217925266335522519883445024076189285011550871142232477027495248711373983247735610388702049736613087710340681310587522844892777576906362265240880995955409648802515137759691563363653616862712159688752916061815970988032.000000,2183939385730308635208420668460933914736575353792636055752251780277989982624268939247965316352032902605804190037285301907091865443511872780909337358499977323070554945362491120558481062474374010441479208921758922607624477388728235833881085870080.000000
929,-1.022231,0.498733,767217925266335522519883445024076189285011550871142232477027495248711373983247735610388702049736613087710340681310587522844892777576906362265240880995955409648802515137759691563363653616862712159688752916061815970988032.000000,2183939385730308635208420668460933914736575353792636055752251780277989982624268939247965316352032902605804190037285301907091865443511872780909337358499977323070554945362491120558481062474374010441479208921758922607624477388728235833881085870080.000000
930,-1.026821,0.499013,767217925266335522519883445024076189285011550871142232477027495248711373983247735610388702049736613087710340681310587522844892777576906362265240880995955409648802515137759691563363653616862712159688752916061815970988032.000000,2183939385730308635208420668460933914736575353792636055752251780277989982624268939247965316352032902605804190037285301907091865443511872780909337358499977323070554945362491120558481062474374010441479208921758922607624477388728235833881085870080.000000
931,-1.031392,0.499259,767217925266335522519883445024076189285011550871142232477027495248711373983247735610388702049736613087710340681310587522844892777576906362265240880995955409648802515137759691563363653616862712159688752916061815970988032.000000,2183939385730308635208420668460933914736575353792636055752251780277989982624268939247965316352032902605804190037285301907091865443511872780909337358499977323070554945362491120558481062474374010441479208921758922607624477388728235833881085870080.000000
932,-1.035945,0.499469,767217925266335522519883445024076189285011550871142232477027495248711373983247735610388702049736613087710340681310587522844892777576906362265240880995955409648802515137759691563363653616862712159688752916061815970988032.000000,2183939385730308635208420668460933914736575353792636055752251780277989982624268939247965316352032902605804190037285301907091865443511872780909337358499977323070554945362491120558481062474374010441479208921758922607624477388728235833881085870080.000000
933,-1.040480,0.499645,767217925266335522519883445024076189285011550871142232477027495248711373983247735610388702049736613087710340681310587522844892777576906362265240880995955409648802515137759691563363653616862712159688752916061815970988032.000000,2183939385730308635208420668460933914736575353792636055752251780277989982624268939247965316352032902605804190037285301907091865443511872780909337358499977323070554945362491120558481062474374010441479208921758922607624477388728235833881085870080.000000
934,-1.044997,0.499785,767217925266335522519883445024076189285011550871142232477027495248711373983247735610388702049736613087710340681310587522844892777576906362265240880995955409648802515137759691563363653616862712159688752916061815970988032.000000,2183939385730308635208420668460933914736575353792636055752251780277989982624268939247965316352032902605804190037285301907091865443511872780909337358499977323070554945362491120558481062474374010441479208921758922607624477388728235833881085870080.000000
935,-1.049495,0.499890,767217925266335522519883445024076189285011550871142232477027495248711373983247735610388702049736613087710340681310587522844892777576906362265240880995955409648802515137759691563363653616862712159688752916061815970988032.000000,2183939385730308635208420668460933914736575353792636055752251780277989982624268939247965316352032902605804190037285301907091865443511872780909337358499977323070554945362491120558481062474374010441479208921758922607624477388728235833881085870080.000000
936,-1.053975,0.499961,767217925266335522519883445024076189285011550871142232477027495248711373983247735610388702049736613087710340681310587522844892777576906362265240880995955409648802515137759691563363653616862712159688752916061815970988032.000000,2183939385730308635208420668460933914736575353792636055752251780277989982624268939247965316352032902605804190037285301907091865443511872780909337358499977323070554945362491120558481062474374010441479208921758922607624477388728235833881085870080.000000
937,-1.058436,0.499996,767217925266335522519883445024076189285011550871142232477027495248711373983247735610388702049736613087710340681310587522844892777576906362265240880995955409648802515137759691563363653616862712159688752916061815970988032.000000,2183939385730308635208420668460933914736575353792636055752251780277989982624268939247965316352032902605804190037285301907091865443511872780909337358499977323070554945362491120558481062474374010441479208921758922607624477388728235833881085870080.000000
938,-1.062879,0.499996,767217925266335522519883445024076189285011550871142232477027495248711373983247735610388702049736613087710340681310587522844892777576906362265240880995955409648802515137759691563363653616862712159688752916061815970988032.000000,2183939385730308635208420668460933914736575353792636055752251780277989982624268939247965316352032902605804190037285301907091865443511872780909337358499977323070554945362491120558481062474374010441479208921758922607624477388728235833881085870080.000000
939,-1.067304,0.499961,767217925266335522519883445024076189285011550871142232477027495248711373983247735610388702049736613087710340681310587522844892777576906362265240880995955409648802515137759691563363653616862712159688752916061815970988032.000000,2183939385730308635208420668460933914736575353792636055752251780277989982624268939247965316352032902605804190037285301907091865443511872780909337358499977323070554945362491120558481062474374010441479208921758922607624477388728235833881085870080.000000
940,-1.071709,0.499890,767217925266335522519883445024076189285011550871142232477027495248711373983247735610388702049736613087710340681310587522844892777576906362265240880995955409648802515137759691563363653616862712159688752916061815970988032.000000,2183939385730308635208420668460933914736575353792636055752251780277989982624268939247965316352032902605804190037285301907091865443511872780909337358499977323070554945362491120558481062474374010441479208921758922607624477388728235833881085870080.000000
941,-1.076096,0.499785,767217925266335522519883445024076189285011550871142232477027495248711373983247735610388702049736613087710340681310587522844892777576906362265240880995955409648802515137759691563363653616862712159688752916061815970988032.000000,2183939385730308635208420668460933914736575353792636055752251780277989982624268939247965316352032902605804190037285301907091865443511872780909337358499977323070554945362491120558481062474374010441479208921758922607624477388728235833881085870080.000000
942,-1.080464,0.499645,767217925266335522519883445024076189285011550871142232477027495248711373983247735610388702049736613087710340681310587522844892777576906362265240880995955409648802515137759691563363653616862712159688752916061815970988032.000000,2183939385730308635208420668460933914736575353792636055752251780277989982624268939247965316352032902605804190037285301907091865443511872780909337358499977323070554945362491120558481062474374010441479208921758922607624477388728235833881085870080.000000
943,-1.084812,0.499469,767217925266335522519883445024076189285011550871142232477027495248711373983247735610388702049736613087710340681310587522844892777576906362265240880995955409648802515137759691563363653616862712159688752916061815970988032.000000,2183939385730308635208420668460933914736575353792636055752251780277989982624268939247965316352032902605804190037285301907091865443511872780909337358499977323070554945362491120558481062474374010441479208921758922607624477388728235833881085870080.000000
944,-1.089142,0.499259,767217925266335522519883445024076189285011550871142232477027495248711373983247735610388702049736613087710340681310587522844892777576906362265240880995955409648802515137759691563363653616862712159688752916061815970988032.000000,2183939385730308635208420668460933914736575353792636055752251780277989982624268939247965316352032902605804190037285301907091865443511872780909337358499977323070554945362491120558481062474374010441479208921758922607624477388728235833881085870080.000000
945,-1.093453,0.499013,767217925266335522519883445024076189285011550871142232477027495248711373983247735610388702049736613087710340681310587522844892777576906362265240880995955409648802515137759691563363653616862712159688752916061815970988032.000000,2183939385730308635208420668460933914736575353792636055752251780277989982624268939247965316352032902605804190037285301907091865443511872780909337358499977323070554945362491120558481062474374010441479208921758922607624477388728235833881085870080.000000
946,-1.097744,0.498733,767217925266335522519883445024076189285011550871142232477027495248711373983247735610388702049736613087710340681310587522844892777576906362265240880995955409648802515137759691563363653616862712159688752916061815970988032.000000,2183939385730308635208420668460933914736575353792636055752251780277989982624268939247965316352032902605804190037285301907091865443511872780909337358499977323070554945362491120558481062474374010441479208921758922607624477388728235833881085870080.000000
947,-1.102017,0.498417,767217925266335522519883445024076189285011550871142232477027495248711373983247735610388702049736613087710340681310587522844892777576906362265240880995955409648802515137759691563363653616862712159688752916061815970988032.000000,2183939385730308635208420668460933914736575353792636055752251780277989982624268939247965316352032902605804190037285301907091865443511872780909337358499977323070554945362491120558481062474374010441479208921758922607624477388728235833881085870080.000000
948,-1.106270,0.498067,767217925266335522519883445024076189285011550871142232477027495248711373983247735610388702049736613087710340681310587522844892777576906362265240880995955409648802515137759691563363653616862712159688752916061815970988032.000000,2183939385730308635208420668460933914736575353792636055752251780277989982624268939247965316352032902605804190037285301907091865443511872780909337358499977323070554945362491120558481062474374010441479208921758922607624477388728235833881085870080.000000
949,-1.110503,0.497681,767217925266335522519883445024076189285011550871142232477027495248711373983247735610388702049736613087710340681310587522844892777576906362265240880995955409648802515137759691563363653616862712159688752916061815970988032.000000,2183939385730308635208420668460933914736575353792636055752251780277989982624268939247965316352032902605804190037285301907091865443511872780909337358499977323070554945362491120558481062474374010441479208921758922607624477388728235833881085870080.000000
950,-1.114717,0.497261,767217925266335522519883445024076189285011550871142232477027495248711373983247735610388702049736613087710340681310587522844892777576906362265240880995955409648802515137759691563363653616862712159688752916061815970988032.000000,2183939385730308635208420668460933914736575353792636055752251780277989982624268939247965316352032902605804190037285301907091865443511872780909337358499977323070554945362491120558481062474374010441479208921758922607624477388728235833881085870080.000000
951,-1.118912,0.496806,767217925266335522519883445024076189285011550871142232477027495248711373983247735610388702049736613087710340681310587522844892777576906362265240880995955409648802515137759691563363653616862712159688752916061815970988032.000000,2183939385730308635208420668460933914736575353792636055752251780277989982624268939247965316352032902605804190037285301907091865443511872780909337358499977323070554945362491120558481062474374010441479208921758922607624477388728235833881085870080.000000
952,-1.123087,0.496315,767217925266335522519883445024076189285011550871142232477027495248711373983247735610388702049736613087710340681310587522844892777576906362265240880995955409648802515137759691563363653616862712159688752916061815970988032.000000,2183939385730308635208420668460933914736575353792636055752251780277989982624268939247965316352032902605804190037285301907091865443511872780909337358499977323070554945362491120558481062474374010441479208921758922607624477388728235833881085870080.000000
953,-1.127242,0.495791,767217925266335522519883445024076189285011550871142232477027495248711373983247735610388702049736613087710340681310587522844892777576906362265240880995955409648802515137759691563363653616862712159688752916061815970988032.000000,2183939385730308635208420668460933914736575353792636055752251780277989982624268939247965316352032902605804190037285301907091865443511872780909337358499977323070554945362491120558481062474374010441479208921758922607624477388728235833881085870080.000000
954,-1.131377,0.495231,767217925266335522519883445024076189285011550871142232477027495248711373983247735610388702049736613087710340681310587522844892777576906362265240880995955409648802515137759691563363653616862712159688752916061815970988032.000000,2183939385730308635208420668460933914736575353792636055752251780277989982624268939247965316352032902605804190037285301907091865443511872780909337358499977323070554945362491120558481062474374010441479208921758922607624477388728235833881085870080.000000
955,-1.135493,0.494636,767217925266335522519883445024076189285011550871142232477027495248711373983247735610388702049736613087710340681310587522844892777576906362265240880995955409648802515137759691563363653616862712159688752916061815970988032.000000,2183939385730308635208420668460933914736575353792636055752251780277989982624268939247965316352032902605804190037285301907091865443511872780909337358499977323070554945362491120558481062474374010441479208921758922607624477388728235833881085870080.000000
956,-1.139588,0.494007,767217925266335522519883445024076189285011550871142232477027495248711373983247735610388702049736613087710340681310587522844892777576906362265240880995955409648802515137759691563363653616862712159688752916061815970988032.000000,2183939385730308635208420668460933914736575353792636055752251780277989982624268939247965316352032902605804190037285301907091865443511872780909337358499977323070554945362491120558481062474374010441479208921758922607624477388728235833881085870080.000000
957,-1.143664,0.493343,767217925266335522519883445024076189285011550871142232477027495248711373983247735610388702049736613087710340681310587522844892777576906362265240880995955409648802515137759691563363653616862712159688752916061815970988032.000000,2183939385730308635208420668460933914736575353792636055752251780277989982624268939247965316352032902605804190037285301907091865443511872780909337358499977323070554945362491120558481062474374010441479208921758922607624477388728235833881085870080.000000
958,-1.147719,0.492644,767217925266335522519883445024076189285011550871142232477027495248711373983247735610388702049736613087710340681310587522844892777576906362265240880995955409648802515137759691563363653616862712159688752916061815970988032.000000,2183939385730308635208420668460933914736575353792636055752251780277989982624268939247965316352032902605804190037285301907091865443511872780909337358499977323070554945362491120558481062474374010441479208921758922607624477388728235833881085870080.000000
959,-1.151755,0.491911,767217925266335522519883445024076189285011550871142232477027495248711373983247735610388702049736613087710340681310587522844892777576906362265240880995955409648802515137759691563363653616862712159688752916061815970988032.000000,2183939385730308635208420668460933914736575353792636055752251780277989982624268939247965316352032902605804190037285301907091865443511872780909337358499977323070554945362491120558481062474374010441479208921758922607624477388728235833881085870080.000000
960,-1.155770,0.491144,767217925266335522519883445024076189285011550871142232477027495248711373983247735610388702049736613087710340681310587522844892777576906362265240880995955409648802515137759691563363653616862712159688752916061815970988032.000000,2183939385730308635208420668460933914736575353792636055752251780277989982624268939247965316352032902605804190037285301907091865443511872780909337358499977323070554945362491120558481062474374010441479208921758922607624477388728235833881085870080.000000
961,-1.159765,0.490341,767217925266335522519883445024076189285011550871142232477027495248711373983247735610388702049736613087710340681310587522844892777576906362265240880995955409648802515137759691563363653616862712159688752916061815970988032.000000,2183939385730308635208420668460933914736575353792636055752251780277989982624268939247965316352032902605804190037285301907091865443511872780909337358499977323070554945362491120558481062474374010441479208921758922607624477388728235833881085870080.000000
962,-1.163739,0.489505,767217925266335522519883445024076189285011550871142232477027495248711373983247735610388702049736613087710340681310587522844892777576906362265240880995955409648802515137759691563363653616862712159688752916061815970988032.000000,2183939385730308635208420668460933914736575353792636055752251780277989982624268939247965316352032902605804190037285301907091865443511872780909337358499977323070554945362491120558481062474374010441479208921758922607624477388728235833881085870080.000000
963,-1.167693,0.488634,767217925266335522519883445024076189285011550871142232477027495248711373983247735610388702049736613087710340681310587522844892777576906362265240880995955409648802515137759691563363653616862712159688752916061815970988032.000000,2183939385730308635208420668460933914736575353792636055752251780277989982624268939247965316352032902605804190037285301907091865443511872780909337358499977323070554945362491120558481062474374010441479208921758922607624477388728235833881085870080.000000
964,-1.171627,0.487729,767217925266335522519883445024076189285011550871142232477027495248711373983247735610388702049736613087710340681310587522844892777576906362265240880995955409648802515137759691563363653616862712159688752916061815970988032.000000,2183939385730308635208420668460933914736575353792636055752251780277989982624268939247965316352032902605804190037285301907091865443511872780909337358499977323070554945362491120558481062474374010441479208921758922607624477388728235833881085870080.000000
965,-1.175540,0.486789,767217925266335522519883445024076189285011550871142232477027495248711373983247735610388702049736613087710340681310587522844892777576906362265240880995955409648802515137759691563363653616862712159688752916061815970988032.000000,2183939385730308635208420668460933914736575353792636055752251780277989982624268939247965316352032902605804190037285301907091865443511872780909337358499977323070554945362491120558481062474374010441479208921758922607624477388728235833881085870080.000000
966,-1.179433,0.485816,767217925266335522519883445024076189285011550871142232477027495248711373983247735610388702049736613087710340681310587522844892777576906362265240880995955409648802515137759691563363653616862712159688752916061815970988032.000000,2183939385730308635208420668460933914736575353792636055752251780277989982624268939247965316352032902605804190037285301907091865443511872780909337358499977323070554945362491120558481062474374010441479208921758922607624477388728235833881085870080.000000
967,-1.183304,0.484808,767217925266335522519883445024076189285011550871142232477027495248711373983247735610388702049736613087710340681310587522844892777576906362265240880995955409648802515137759691563363653616862712159688752916061815970988032.000000,2183939385730308635208420668460933914736575353792636055752251780277989982624268939247965316352032902605804190037285301907091865443511872780909337358499977323070554945362491120558481062474374010441479208921758922607624477388728235833881085870080.000000
968,-1.187155,0.483766,767217925266335522519883445024076189285011550871142232477027495248711373983247735610388702049736613087710340681310587522844892777576906362265240880995955409648802515137759691563363653616862712159688752916061815970988032.000000,2183939385730308635208420668460933914736575353792636055752251780277989982624268939247965316352032902605804190037285301907091865443511872780909337358499977323070554945362491120558481062474374010441479208921758922607624477388728235833881085870080.000000
969,-1.190986,0.482691,767217925266335522519883445024076189285011550871142232477027495248711373983247735610388702049736613087710340681310587522844892777576906362265240880995955409648802515137759691563363653616862712159688752916061815970988032.000000,2183939385730308635208420668460933914736575353792636055752251780277989982624268939247965316352032902605804190037285301907091865443511872780909337358499977323070554945362491120558481062474374010441479208921758922607624477388728235833881085870080.000000
970,-1.194795,0.481581,767217925266335522519883445024076189285011550871142232477027495248711373983247735610388702049736613087710340681310587522844892777576906362265240880995955409648802515137759691563363653616862712159688752916061815970988032.000000,2183939385730308635208420668460933914736575353792636055752251780277989982624268939247965316352032902605804190037285301907091865443511872780909337358499977323070554945362491120558481062474374010441479208921758922607624477388728235833881085870080.000000
971,-1.198583,0.480438,767217925266335522519883445024076189285011550871142232477027495248711373983247735610388702049736613087710340681310587522844892777576906362265240880995955409648802515137759691563363653616862712159688752916061815970988032.000000,2183939385730308635208420668460933914736575353792636055752251780277989982624268939247965316352032902605804190037285301907091865443511872780909337358499977323070554945362491120558481062474374010441479208921758922607624477388728235833881085870080.000000
972,-1.202350,0.479261,767217925266335522519883445024076189285011550871142232477027495248711373983247735610388702049736613087710340681310587522844892777576906362265240880995955409648802515137759691563363653616862712159688752916061815970988032.000000,2183939385730308635208420668460933914736575353792636055752251780277989982624268939247965316352032902605804190037285301907091865443511872780909337358499977323070554945362491120558481062474374010441479208921758922607624477388728235833881085870080.000000
973,-1.206097,0.478050,767217925266335522519883445024076189285011550871142232477027495248711373983247735610388702049736613087710340681310587522844892777576906362265240880995955409648802515137759691563363653616862712159688752916061815970988032.000000,2183939385730308635208420668460933914736575353792636055752251780277989982624268939247965316352032902605804190037285301907091865443511872780909337358499977323070554945362491120558481062474374010441479208921758922607624477388728235833881085870080.000000
974,-1.209822,0.476806,767217925266335522519883445024076189285011550871142232477027495248711373983247735610388702049736613087710340681310587522844892777576906362265240880995955409648802515137759691563363653616862712159688752916061815970988032.000000,2183939385730308635208420668460933914736575353792636055752251780277989982624268939247965316352032902605804190037285301907091865443511872780909337358499977323070554945362491120558481062474374010441479208921758922607624477388728235833881085870080.000000
975,-1.213525,0.475528,767217925266335522519883445024076189285011550871142232477027495248711373983247735610388702049736613087710340681310587522844892777576906362265240880995955409648802515137759691563363653616862712159688752916061815970988032.000000,2183939385730308635208420668460933914736575353792636055752251780277989982624268939247965316352032902605804190037285301907091865443511872780909337358499977323070554945362491120558481062474374010441479208921758922607624477388728235833881085870080.000000
976,-1.217208,0.474217,767217925266335522519883445024076189285011550871142232477027495248711373983247735610388702049736613087710340681310587522844892777576906362265240880995955409648802515137759691563363653616862712159688752916061815970988032.000000,2183939385730308635208420668460933914736575353792636055752251780277989982624268939247965316352032902605804190037285301907091865443511872780909337358499977323070554945362491120558481062474374010441479208921758922607624477388728235833881085870080.000000
977,-1.220869,0.472873,767217925266335522519883445024076189285011550871142232477027495248711373983247735610388702049736613087710340681310587522844892777576906362265240880995955409648802515137759691563363653616862712159688752916061815970988032.000000,2183939385730308635208420668460933914736575353792636055752251780277989982624268939247965316352032902605804190037285301907091865443511872780909337358499977323070554945362491120558481062474374010441479208921758922607624477388728235833881085870080.000000
978,-1.224509,0.471495,767217925266335522519883445024076189285011550871142232477027495248711373983247735610388702049736613087710340681310587522844892777576906362265240880995955409648802515137759691563363653616862712159688752916061815970988032.000000,2183939385730308635208420668460933914736575353792636055752251780277989982624268939247965316352032902605804190037285301907091865443511872780909337358499977323070554945362491120558481062474374010441479208921758922607624477388728235833881085870080.000000
979,-1.228127,0.470085,767217925266335522519883445024076189285011550871142232477027495248711373983247735610388702049736613087710340681310587522844892777576906362265240880995955409648802515137759691563363653616862712159688752916061815970988032.000000,2183939385730308635208420668460933914736575353792636055752251780277989982624268939247965316352032902605804190037285301907091865443511872780909337358499977323070554945362491120558481062474374010441479208921758922607624477388728235833881085870080.000000
980,-1.231724,0.468641,767217925266335522519883445024076189285011550871142232477027495248711373983247735610388702049736613087710340681310587522844892777576906362265240880995955409648802515137759691563363653616862712159688752916061815970988032.000000,2183939385730308635208420668460933914736575353792636055752251780277989982624268939247965316352032902605804190037285301907091865443511872780909337358499977323070554945362491120558481062474374010441479208921758922607624477388728235833881085870080.000000
981,-1.235299,0.467164,767217925266335522519883445024076189285011550871142232477027495248711373983247735610388702049736613087710340681310587522844892777576906362265240880995955409648802515137759691563363653616862712159688752916061815970988032.000000,2183939385730308635208420668460933914736575353792636055752251780277989982624268939247965316352032902605804190037285301907091865443511872780909337358499977323070554945362491120558481062474374010441479208921758922607624477388728235833881085870080.000000
982,-1.238852,0.465655,767217925266335522519883445024076189285011550871142232477027495248711373983247735610388702049736613087710340681310587522844892777576906362265240880995955409648802515137759691563363653616862712159688752916061815970988032.000000,2183939385730308635208420668460933914736575353792636055752251780277989982624268939247965316352032902605804190037285301907091865443511872780909337358499977323070554945362491120558481062474374010441479208921758922607624477388728235833881085870080.000000
983,-1.242384,0.464113,767217925266335522519883445024076189285011550871142232477027495248711373983247735610388702049736613087710340681310587522844892777576906362265240880995955409648802515137759691563363653616862712159688752916061815970988032.000000,2183939385730308635208420668460933914736575353792636055752251780277989982624268939247965316352032902605804190037285301907091865443511872780909337358499977323070554945362491120558481062474374010441479208921758922607624477388728235833881085870080.000000
984,-1.245894,0.462539,767217925266335522519883445024076189285011550871142232477027495248711373983247735610388702049736613087710340681310587522844892777576906362265240880995955409648802515137759691563363653616862712159688752916061815970988032.000000,2183939385730308635208420668460933914736575353792636055752251780277989982624268939247965316352032902605804190037285301907091865443511872780909337358499977323070554945362491120558481062474374010441479208921758922607624477388728235833881085870080.000000
985,-1.249382,0.460932,767217925266335522519883445024076189285011550871142232477027495248711373983247735610388702049736613087710340681310587522844892777576906362265240880995955409648802515137759691563363653616862712159688752916061815970988032.000000,2183939385730308635208420668460933914736575353792636055752251780277989982624268939247965316352032902605804190037285301907091865443511872780909337358499977323070554945362491120558481062474374010441479208921758922607624477388728235833881085870080.000000
986,-1.252848,0.459292,767217925266335522519883445024076189285011550871142232477027495248711373983247735610388702049736613087710340681310587522844892777576906362265240880995955409648802515137759691563363653616862712159688752916061815970988032.000000,2183939385730308635208420668460933914736575353792636055752251780277989982624268939247965316352032902605804190037285301907091865443511872780909337358499977323070554945362491120558481062474374010441479208921758922607624477388728235833881085870080.000000
987,-1.256292,0.457621,767217925266335522519883445024076189285011550871142232477027495248711373983247735610388702049736613087710340681310587522844892777576906362265240880995955409648802515137759691563363653616862712159688752916061815970988032.000000,2183939385730308635208420668460933914736575353792636055752251780277989982624268939247965316352032902605804190037285301907091865443511872780909337358499977323070554945362491120558481062474374010441479208921758922607624477388728235833881085870080.000000
988,-1.259714,0.455917,767217925266335522519883445024076189285011550871142232477027495248711373983247735610388702049736613087710340681310587522844892777576906362265240880995955409648802515137759691563363653616862712159688752916061815970988032.000000,2183939385730308635208420668460933914736575353792636055752251780277989982624268939247965316352032902605804190037285301907091865443511872780909337358499977323070554945362491120558481062474374010441479208921758922607624477388728235833881085870080.000000
989,-1.263114,0.454181,767217925266335522519883445024076189285011550871142232477027495248711373983247735610388702049736613087710340681310587522844892777576906362265240880995955409648802515137759691563363653616862712159688752916061815970988032.000000,2183939385730308635208420668460933914736575353792636055752251780277989982624268939247965316352032902605804190037285301907091865443511872780909337358499977323070554945362491120558481062474374010441479208921758922607624477388728235833881085870080.000000
990,-1.266492,0.452414,767217925266335522519883445024076189285011550871142232477027495248711373983247735610388702049736613087710340681310587522844892777576906362265240880995955409648802515137759691563363653616862712159688752916061815970988032.000000,2183939385730308635208420668460933914736575353792636055752251780277989982624268939247965316352032902605804190037285301907091865443511872780909337358499977323070554945362491120558481062474374010441479208921758922607624477388728235833881085870080.000000
991,-1.269847,0.450614,767217925266335522519883445024076189285011550871142232477027495248711373983247735610388702049736613087710340681310587522844892777576906362265240880995955409648802515137759691563363653616862712159688752916061815970988032.000000,2183939385730308635208420668460933914736575353792636055752251780277989982624268939247965316352032902605804190037285301907091865443511872780909337358499977323070554945362491120558481062474374010441479208921758922607624477388728235833881085870080.000000
992,-1.273181,0.448783,767217925266335522519883445024076189285011550871142232477027495248711373983247735610388702049736613087710340681310587522844892777576906362265240880995955409648802515137759691563363653616862712159688752916061815970988032.000000,2183939385730308635208420668460933914736575353792636055752251780277989982624268939247965316352032902605804190037285301907091865443511872780909337358499977323070554945362491120558481062474374010441479208921758922607624477388728235833881085870080.000000
993,-1.276492,0.446921,767217925266335522519883445024076189285011550871142232477027495248711373983247735610388702049736613087710340681310587522844892777576906362265240880995955409648802515137759691563363653616862712159688752916061815970988032.000000,2183939385730308635208420668460933914736575353792636055752251780277989982624268939247965316352032902605804190037285301907091865443511872780909337358499977323070554945362491120558481062474374010441479208921758922607624477388728235833881085870080.000000
994,-1.279780,0.445027,767217925266335522519883445024076189285011550871142232477027495248711373983247735610388702049736613087710340681310587522844892777576906362265240880995955409648802515137759691563363653616862712159688752916061815970988032.000000,2183939385730308635208420668460933914736575353792636055752251780277989982624268939247965316352032902605804190037285301907091865443511872780909337358499977323070554945362491120558481062474374010441479208921758922607624477388728235833881085870080.000000
995,-1.283046,0.443102,767217925266335522519883445024076189285011550871142232477027495248711373983247735610388702049736613087710340681310587522844892777576906362265240880995955409648802515137759691563363653616862712159688752916061815970988032.000000,2183939385730308635208420668460933914736575353792636055752251780277989982624268939247965316352032902605804190037285301907091865443511872780909337358499977323070554945362491120558481062474374010441479208921758922607624477388728235833881085870080.000000
996,-1.286290,0.441146,767217925266335522519883445024076189285011550871142232477027495248711373983247735610388702049736613087710340681310587522844892777576906362265240880995955409648802515137759691563363653616862712159688752916061815970988032.000000,2183939385730308635208420668460933914736575353792636055752251780277989982624268939247965316352032902605804190037285301907091865443511872780909337358499977323070554945362491120558481062474374010441479208921758922607624477388728235833881085870080.000000
997,-1.289511,0.439158,767217925266335522519883445024076189285011550871142232477027495248711373983247735610388702049736613087710340681310587522844892777576906362265240880995955409648802515137759691563363653616862712159688752916061815970988032.000000,2183939385730308635208420668460933914736575353792636055752251780277989982624268939247965316352032902605804190037285301907091865443511872780909337358499977323070554945362491120558481062474374010441479208921758922607624477388728235833881085870080.000000
998,-1.292709,0.437141,767217925266335522519883445024076189285011550871142232477027495248711373983247735610388702049736613087710340681310587522844892777576906362265240880995955409648802515137759691563363653616862712159688752916061815970988032.000000,2183939385730308635208420668460933914736575353792636055752251780277989982624268939247965316352032902605804190037285301907091865443511872780909337358499977323070554945362491120558481062474374010441479208921758922607624477388728235833881085870080.000000
999,-1.295885,0.435092,767217925266335522519883445024076189285011550871142232477027495248711373983247735610388702049736613087710340681310587522844892777576906362265240880995955409648802515137759691563363653616862712159688752916061815970988032.000000,2183939385730308635208420668460933914736575353792636055752251780277989982624268939247965316352032902605804190037285301907091865443511872780909337358499977323070554945362491120558481062474374010441479208921758922607624477388728235833881085870080.000000
1000,-1.299038,0.433013,767217925266335522519883445024076189285011550871142232477027495248711373983247735610388702049736613087710340681310587522844892777576906362265240880995955409648802515137759691563363653616862712159688752916061815970988032.000000,2183939385730308635208420668460933914736575353792636055752251780277989982624268939247965316352032902605804190037285301907091865443511872780909337358499977323070554945362491120558481062474374010441479208921758922607624477388728235833881085870080.000000
1001,-1.302168,0.430903,767217925266335522519883445024076189285011550871142232477027495248711373983247735610388702049736613087710340681310587522844892777576906362265240880995955409648802515137759691563363653616862712159688752916061815970988032.000000,2183939385730308635208420668460933914736575353792636055752251780277989982624268939247965316352032902605804190037285301907091865443511872780909337358499977323070554945362491120558481062474374010441479208921758922607624477388728235833881085870080.000000
1002,-1.305276,0.428763,767217925266335522519883445024076189285011550871142232477027495248711373983247735610388702049736613087710340681310587522844892777576906362265240880995955409648802515137759691563363653616862712159688752916061815970988032.000000,2183939385730308635208420668460933914736575353792636055752251780277989982624268939247965316352032902605804190037285301907091865443511872780909337358499977323070554945362491120558481062474374010441479208921758922607624477388728235833881085870080.000000
1003,-1.308360,0.426593,767217925266335522519883445024076189285011550871142232477027495248711373983247735610388702049736613087710340681310587522844892777576906362265240880995955409648802515137759691563363653616862712159688752916061815970988032.000000,2183939385730308635208420668460933914736575353792636055752251780277989982624268939247965316352032902605804190037285301907091865443511872780909337358499977323070554945362491120558481062474374010441479208921758922607624477388728235833881085870080.000000
1004,-1.311422,0.424394,767217925266335522519883445024076189285011550871142232477027495248711373983247735610388702049736613087710340681310587522844892777576906362265240880995955409648802515137759691563363653616862712159688752916061815970988032.000000,2183939385730308635208420668460933914736575353792636055752251780277989982624268939247965316352032902605804190037285301907091865443511872780909337358499977323070554945362491120558481062474374010441479208921758922607624477388728235833881085870080.000000
1005,-1.314460,0.422164,767217925266335522519883445024076189285011550871142232477027495248711373983247735610388702049736613087710340681310587522844892777576906362265240880995955409648802515137759691563363653616862712159688752916061815970988032.000000,2183939385730308635208420668460933914736575353792636055752251780277989982624268939247965316352032902605804190037285301907091865443511872780909337358499977323070554945362491120558481062474374010441479208921758922607624477388728235833881085870080.000000
1006,-1.317475,0.419905,767217925266335522519883445024076189285011550871142232477027495248711373983247735610388702049736613087710340681310587522844892777576906362265240880995955409648802515137759691563363653616862712159688752916061815970988032.000000,2183939385730308635208420668460933914736575353792636055752251780277989982624268939247965316352032902605804190037285301907091865443511872780909337358499977323070554945362491120558481062474374010441479208921758922607624477388728235833881085870080.000000
1007,-1.320468,0.417616,767217925266335522519883445024076189285011550871142232477027495248711373983247735610388702049736613087710340681310587522844892777576906362265240880995955409648802515137759691563363653616862712159688752916061815970988032.000000,2183939385730308635208420668460933914736575353792636055752251780277989982624268939247965316352032902605804190037285301907091865443511872780909337358499977323070554945362491120558481062474374010441479208921758922607624477388728235833881085870080.000000
1008,-1.323437,0.415298,767217925266335522519883445024076189285011550871142232477027495248711373983247735610388702049736613087710340681310587522844892777576906362265240880995955409648802515137759691563363653616862712159688752916061815970988032.000000,2183939385730308635208420668460933914736575353792636055752251780277989982624268939247965316352032902605804190037285301907091865443511872780909337358499977323070554945362491120558481062474374010441479208921758922607624477388728235833881085870080.000000
1009,-1.326383,0.412951,767217925266335522519883445024076189285011550871142232477027495248711373983247735610388702049736613087710340681310587522844892777576906362265240880995955409648802515137759691563363653616862712159688752916061815970988032.000000,2183939385730308635208420668460933914736575353792636055752251780277989982624268939247965316352032902605804190037285301907091865443511872780909337358499977323070554945362491120558481062474374010441479208921758922607624477388728235833881085870080.000000
1010,-1.329305,0.410575,767217925266335522519883445024076189285011550871142232477027495248711373983247735610388702049736613087710340681310587522844892777576906362265240880995955409648802515137759691563363653616862712159688752916061815970988032.000000,2183939385730308635208420668460933914736575353792636055752251780277989982624268939247965316352032902605804190037285301907091865443511872780909337358499977323070554945362491120558481062474374010441479208921758922607624477388728235833881085870080.000000
1011,-1.332205,0.408170,767217925266335522519883445024076189285011550871142232477027495248711373983247735610388702049736613087710340681310587522844892777576906362265240880995955409648802515137759691563363653616862712159688752916061815970988032.000000,2183939385730308635208420668460933914736575353792636055752251780277989982624268939247965316352032902605804190037285301907091865443511872780909337358499977323070554945362491120558481062474374010441479208921758922607624477388728235833881085870080.000000
1012,-1.335081,0.405736,767217925266335522519883445024076189285011550871142232477027495248711373983247735610388702049736613087710340681310587522844892777576906362265240880995955409648802515137759691563363653616862712159688752916061815970988032.000000,2183939385730308635208420668460933914736575353792636055752251780277989982624268939247965316352032902605804190037285301907091865443511872780909337358499977323070554945362491120558481062474374010441479208921758922607624477388728235833881085870080.000000
1013,-1.337933,0.403274,767217925266335522519883445024076189285011550871142232477027495248711373983247735610388702049736613087710340681310587522844892777576906362265240880995955409648802515137759691563363653616862712159688752916061815970988032.000000,2183939385730308635208420668460933914736575353792636055752251780277989982624268939247965316352032902605804190037285301907091865443511872780909337358499977323070554945362491120558481062474374010441479208921758922607624477388728235833881085870080.000000
1014,-1.340762,0.400783,767217925266335522519883445024076189285011550871142232477027495248711373983247735610388702049736613087710340681310587522844892777576906362265240880995955409648802515137759691563363653616862712159688752916061815970988032.000000,2183939385730308635208420668460933914736575353792636055752251780277989982624268939247965316352032902605804190037285301907091865443511872780909337358499977323070554945362491120558481062474374010441479208921758922607624477388728235833881085870080.000000
1015,-1.343568,0.398265,767217925266335522519883445024076189285011550871142232477027495248711373983247735610388702049736613087710340681310587522844892777576906362265240880995955409648802515137759691563363653616862712159688752916061815970988032.000000,2183939385730308635208420668460933914736575353792636055752251780277989982624268939247965316352032902605804190037285301907091865443511872780909337358499977323070554945362491120558481062474374010441479208921758922607624477388728235833881085870080.000000
1016,-1.346350,0.395718,767217925266335522519883445024076189285011550871142232477027495248711373983247735610388702049736613087710340681310587522844892777576906362265240880995955409648802515137759691563363653616862712159688752916061815970988032.000000,2183939385730308635208420668460933914736575353792636055752251780277989982624268939247965316352032902605804190037285301907091865443511872780909337358499977323070554945362491120558481062474374010441479208921758922607624477388728235833881085870080.000000
1017,-1.349108,0.393144,767217925266335522519883445024076189285011550871142232477027495248711373983247735610388702049736613087710340681310587522844892777576906362265240880995955409648802515137759691563363653616862712159688752916061815970988032.000000,2183939385730308635208420668460933914736575353792636055752251780277989982624268939247965316352032902605804190037285301907091865443511872780909337358499977323070554945362491120558481062474374010441479208921758922607624477388728235833881085870080.000000
1018,-1.351843,0.390542,767217925266335522519883445024076189285011550871142232477027495248711373983247735610388702049736613087710340681310587522844892777576906362265240880995955409648802515137759691563363653616862712159688752916061815970988032.000000,2183939385730308635208420668460933914736575353792636055752251780277989982624268939247965316352032902605804190037285301907091865443511872780909337358499977323070554945362491120558481062474374010441479208921758922607624477388728235833881085870080.000000
1019,-1.354553,0.387913,767217925266335522519883445024076189285011550871142232477027495248711373983247735610388702049736613087710340681310587522844892777576906362265240880995955409648802515137759691563363653616862712159688752916061815970988032.000000,2183939385730308635208420668460933914736575353792636055752251780277989982624268939247965316352032902605804190037285301907091865443511872780909337358499977323070554945362491120558481062474374010441479208921758922607624477388728235833881085870080.000000
1020,-1.357241,0.385257,767217925266335522519883445024076189285011550871142232477027495248711373983247735610388702049736613087710340681310587522844892777576906362265240880995955409648802515137759691563363653616862712159688752916061815970988032.000000,2183939385730308635208420668460933914736575353792636055752251780277989982624268939247965316352032902605804190037285301907091865443511872780909337358499977323070554945362491120558481062474374010441479208921758922607624477388728235833881085870080.000000
1021,-1.359904,0.382573,767217925266335522519883445024076189285011550871142232477027495248711373983247735610388702049736613087710340681310587522844892777576906362265240880995955409648802515137759691563363653616862712159688752916061815970988032.000000,2183939385730308635208420668460933914736575353792636055752251780277989982624268939247965316352032902605804190037285301907091865443511872780909337358499977323070554945362491120558481062474374010441479208921758922607624477388728235833881085870080.000000
1022,-1.362543,0.379863,767217925266335522519883445024076189285011550871142232477027495248711373983247735610388702049736613087710340681310587522844892777576906362265240880995955409648802515137759691563363653616862712159688752916061815970988032.000000,2183939385730308635208420668460933914736575353792636055752251780277989982624268939247965316352032902605804190037285301907091865443511872780909337358499977323070554945362491120558481062474374010441479208921758922607624477388728235833881085870080.000000
1023,-1.365159,0.377126,767217925266335522519883445024076189285011550871142232477027495248711373983247735610388702049736613087710340681310587522844892777576906362265240880995955409648802515137759691563363653616862712159688752916061815970988032.000000,2183939385730308635208420668460933914736575353792636055752251780277989982624268939247965316352032902605804190037285301907091865443511872780909337358499977323070554945362491120558481062474374010441479208921758922607624477388728235833881085870080.000000
1024,-1.367751,0.374362,767217925266335522519883445024076189285011550871142232477027495248711373983247735610388702049736613087710340681310587522844892777576906362265240880995955409648802515137759691563363653616862712159688752916061815970988032.000000,2183939385730308635208420668460933914736575353792636055752251780277989982624268939247965316352032902605804190037285301907091865443511872780909337358499977323070554945362491120558481062474374010441479208921758922607624477388728235833881085870080.000000
1025,-1.370318,0.371572,767217925266335522519883445024076189285011550871142232477027495248711373983247735610388702049736613087710340681310587522844892777576906362265240880995955409648802515137759691563363653616862712159688752916061815970988032.000000,2183939385730308635208420668460933914736575353792636055752251780277989982624268939247965316352032902605804190037285301907091865443511872780909337358499977323070554945362491120558481062474374010441479208921758922607624477388728235833881085870080.000000
1026,-1.372862,0.368757,767217925266335522519883445024076189285011550871142232477027495248711373983247735610388702049736613087710340681310587522844892777576906362265240880995955409648802515137759691563363653616862712159688752916061815970988032.000000,2183939385730308635208420668460933914736575353792636055752251780277989982624268939247965316352032902605804190037285301907091865443511872780909337358499977323070554945362491120558481062474374010441479208921758922607624477388728235833881085870080.000000
1027,-1.375381,0.365915,767217925266335522519883445024076189285011550871142232477027495248711373983247735610388702049736613087710340681310587522844892777576906362265240880995955409648802515137759691563363653616862712159688752916061815970988032.000000,2183939385730308635208420668460933914736575353792636055752251780277989982624268939247965316352032902605804190037285301907091865443511872780909337358499977323070554945362491120558481062474374010441479208921758922607624477388728235833881085870080.000000
1028,-1.377877,0.363047,767217925266335522519883445024076189285011550871142232477027495248711373983247735610388702049736613087710340681310587522844892777576906362265240880995955409648802515137759691563363653616862712159688752916061815970988032.000000,2183939385730308635208420668460933914736575353792636055752251780277989982624268939247965316352032902605804190037285301907091865443511872780909337358499977323070554945362491120558481062474374010441479208921758922607624477388728235833881085870080.000000
1029,-1.380348,0.360155,767217925266335522519883445024076189285011550871142232477027495248711373983247735610388702049736613087710340681310587522844892777576906362265240880995955409648802515137759691563363653616862712159688752916061815970988032.000000,2183939385730308635208420668460933914736575353792636055752251780277989982624268939247965316352032902605804190037285301907091865443511872780909337358499977323070554945362491120558481062474374010441479208921758922607624477388728235833881085870080.000000
1030,-1.382795,0.357236,767217925266335522519883445024076189285011550871142232477027495248711373983247735610388702049736613087710340681310587522844892777576906362265240880995955409648802515137759691563363653616862712159688752916061815970988032.000000,2183939385730308635208420668460933914736575353792636055752251780277989982624268939247965316352032902605804190037285301907091865443511872780909337358499977323070554945362491120558481062474374010441479208921758922607624477388728235833881085870080.000000
1031,-1.385217,0.354293,767217925266335522519883445024076189285011550871142232477027495248711373983247735610388702049736613087710340681310587522844892777576906362265240880995955409648802515137759691563363653616862712159688752916061815970988032.000000,2183939385730308635208420668460933914736575353792636055752251780277989982624268939247965316352032902605804190037285301907091865443511872780909337358499977323070554945362491120558481062474374010441479208921758922607624477388728235833881085870080.000000
1032,-1.387616,0.351325,767217925266335522519883445024076189285011550871142232477027495248711373983247735610388702049736613087710340681310587522844892777576906362265240880995955409648802515137759691563363653616862712159688752916061815970988032.000000,2183939385730308635208420668460933914736575353792636055752251780277989982624268939247965316352032902605804190037285301907091865443511872780909337358499977323070554945362491120558481062474374010441479208921758922607624477388728235833881085870080.000000
1033,-1.389990,0.348332,767217925266335522519883445024076189285011550871142232477027495248711373983247735610388702049736613087710340681310587522844892777576906362265240880995955409648802515137759691563363653616862712159688752916061815970988032.000000,2183939385730308635208420668460933914736575353792636055752251780277989982624268939247965316352032902605804190037285301907091865443511872780909337358499977323070554945362491120558481062474374010441479208921758922607624477388728235833881085870080.000000
1034,-1.392340,0.345315,767217925266335522519883445024076189285011550871142232477027495248711373983247735610388702049736613087710340681310587522844892777576906362265240880995955409648802515137759691563363653616862712159688752916061815970988032.000000,2183939385730308635208420668460933914736575353792636055752251780277989982624268939247965316352032902605804190037285301907091865443511872780909337358499977323070554945362491120558481062474374010441479208921758922607624477388728235833881085870080.000000
1035,-1.394665,0.342274,767217925266335522519883445024076189285011550871142232477027495248711373983247735610388702049736613087710340681310587522844892777576906362265240880995955409648802515137759691563363653616862712159688752916061815970988032.000000,2183939385730308635208420668460933914736575353792636055752251780277989982624268939247965316352032902605804190037285301907091865443511872780909337358499977323070554945362491120558481062474374010441479208921758922607624477388728235833881085870080.000000
1036,-1.396965,0.339208,767217925266335522519883445024076189285011550871142232477027495248711373983247735610388702049736613087710340681310587522844892777576906362265240880995955409648802515137759691563363653616862712159688752916061815970988032.000000,2183939385730308635208420668460933914736575353792636055752251780277989982624268939247965316352032902605804190037285301907091865443511872780909337358499977323070554945362491120558481062474374010441479208921758922607624477388728235833881085870080.000000
1037,-1.399242,0.336119,767217925266335522519883445024076189285011550871142232477027495248711373983247735610388702049736613087710340681310587522844892777576906362265240880995955409648802515137759691563363653616862712159688752916061815970988032.000000,2183939385730308635208420668460933914736575353792636055752251780277989982624268939247965316352032902605804190037285301907091865443511872780909337358499977323070554945362491120558481062474374010441479208921758922607624477388728235833881085870080.000000
1038,-1.401493,0.333006,767217925266335522519883445024076189285011550871142232477027495248711373983247735610388702049736613087710340681310587522844892777576906362265240880995955409648802515137759691563363653616862712159688752916061815970988032.000000,2183939385730308635208420668460933914736575353792636055752251780277989982624268939247965316352032902605804190037285301907091865443511872780909337358499977323070554945362491120558481062474374010441479208921758922607624477388728235833881085870080.000000
1039,-1.403721,0.329870,767217925266335522519883445024076189285011550871142232477027495248711373983247735610388702049736613087710340681310587522844892777576906362265240880995955409648802515137759691563363653616862712159688752916061815970988032.000000,2183939385730308635208420668460933914736575353792636055752251780277989982624268939247965316352032902605804190037285301907091865443511872780909337358499977323070554945362491120558481062474374010441479208921758922607624477388728235833881085870080.000000
1040,-1.405923,0.326710,767217925266335522519883445024076189285011550871142232477027495248711373983247735610388702049736613087710340681310587522844892777576906362265240880995955409648802515137759691563363653616862712159688752916061815970988032.000000,2183939385730308635208420668460933914736575353792636055752251780277989982624268939247965316352032902605804190037285301907091865443511872780909337358499977323070554945362491120558481062474374010441479208921758922607624477388728235833881085870080.000000
1041,-1.408101,0.323528,767217925266335522519883445024076189285011550871142232477027495248711373983247735610388702049736613087710340681310587522844892777576906362265240880995955409648802515137759691563363653616862712159688752916061815970988032.000000,2183939385730308635208420668460933914736575353792636055752251780277989982624268939247965316352032902605804190037285301907091865443511872780909337358499977323070554945362491120558481062474374010441479208921758922607624477388728235833881085870080.000000
1042,-1.410254,0.320323,767217925266335522519883445024076189285011550871142232477027495248711373983247735610388702049736613087710340681310587522844892777576906362265240880995955409648802515137759691563363653616862712159688752916061815970988032.000000,2183939385730308635208420668460933914736575353792636055752251780277989982624268939247965316352032902605804190037285301907091865443511872780909337358499977323070554945362491120558481062474374010441479208921758922607624477388728235833881085870080.000000
1043,-1.412382,0.317095,767217925266335522519883445024076189285011550871142232477027495248711373983247735610388702049736613087710340681310587522844892777576906362265240880995955409648802515137759691563363653616862712159688752916061815970988032.000000,2183939385730308635208420668460933914736575353792636055752251780277989982624268939247965316352032902605804190037285301907091865443511872780909337358499977323070554945362491120558481062474374010441479208921758922607624477388728235833881085870080.000000
1044,-1.414486,0.313846,767217925266335522519883445024076189285011550871142232477027495248711373983247735610388702049736613087710340681310587522844892777576906362265240880995955409648802515137759691563363653616862712159688752916061815970988032.000000,2183939385730308635208420668460933914736575353792636055752251780277989982624268939247965316352032902605804190037285301907091865443511872780909337358499977323070554945362491120558481062474374010441479208921758922607624477388728235833881085870080.000000
1045,-1.416565,0.310574,767217925266335522519883445024076189285011550871142232477027495248711373983247735610388702049736613087710340681310587522844892777576906362265240880995955409648802515137759691563363653616862712159688752916061815970988032.000000,2183939385730308635208420668460933914736575353792636055752251780277989982624268939247965316352032902605804190037285301907091865443511872780909337358499977323070554945362491120558481062474374010441479208921758922607624477388728235833881085870080.000000
1046,-1.418618,0.307280,767217925266335522519883445024076189285011550871142232477027495248711373983247735610388702049736613087710340681310587522844892777576906362265240880995955409648802515137759691563363653616862712159688752916061815970988032.000000,2183939385730308635208420668460933914736575353792636055752251780277989982624268939247965316352032902605804190037285301907091865443511872780909337358499977323070554945362491120558481062474374010441479208921758922607624477388728235833881085870080.000000
1047,-1.420647,0.303965,767217925266335522519883445024076189285011550871142232477027495248711373983247735610388702049736613087710340681310587522844892777576906362265240880995955409648802515137759691563363653616862712159688752916061815970988032.000000,2183939385730308635208420668460933914736575353792636055752251780277989982624268939247965316352032902605804190037285301907091865443511872780909337358499977323070554945362491120558481062474374010441479208921758922607624477388728235833881085870080.000000
1048,-1.422652,0.300629,767217925266335522519883445024076189285011550871142232477027495248711373983247735610388702049736613087710340681310587522844892777576906362265240880995955409648802515137759691563363653616862712159688752916061815970988032.000000,2183939385730308635208420668460933914736575353792636055752251780277989982624268939247965316352032902605804190037285301907091865443511872780909337358499977323070554945362491120558481062474374010441479208921758922607624477388728235833881085870080.000000
1049,-1.424631,0.297271,767217925266335522519883445024076189285011550871142232477027495248711373983247735610388702049736613087710340681310587522844892777576906362265240880995955409648802515137759691563363653616862712159688752916061815970988032.000000,2183939385730308635208420668460933914736575353792636055752251780277989982624268939247965316352032902605804190037285301907091865443511872780909337358499977323070554945362491120558481062474374010441479208921758922607624477388728235833881085870080.000000
1050,-1.426585,0.293893,767217925266335522519883445024076189285011550871142232477027495248711373983247735610388702049736613087710340681310587522844892777576906362265240880995955409648802515137759691563363653616862712159688752916061815970988032.000000,2183939385730308635208420668460933914736575353792636055752251780277989982624268939247965316352032902605804190037285301907091865443511872780909337358499977323070554945362491120558481062474374010441479208921758922607624477388728235833881085870080.000000
1051,-1.428514,0.290494,767217925266335522519883445024076189285011550871142232477027495248711373983247735610388702049736613087710340681310587522844892777576906362265240880995955409648802515137759691563363653616862712159688752916061815970988032.000000,2183939385730308635208420668460933914736575353792636055752251780277989982624268939247965316352032902605804190037285301907091865443511872780909337358499977323070554945362491120558481062474374010441479208921758922607624477388728235833881085870080.000000
1052,-1.430418,0.287074,767217925266335522519883445024076189285011550871142232477027495248711373983247735610388702049736613087710340681310587522844892777576906362265240880995955409648802515137759691563363653616862712159688752916061815970988032.000000,2183939385730308635208420668460933914736575353792636055752251780277989982624268939247965316352032902605804190037285301907091865443511872780909337358499977323070554945362491120558481062474374010441479208921758922607624477388728235833881085870080.000000
1053,-1.432297,0.283634,767217925266335522519883445024076189285011550871142232477027495248711373983247735610388702049736613087710340681310587522844892777576906362265240880995955409648802515137759691563363653616862712159688752916061815970988032.000000,2183939385730308635208420668460933914736575353792636055752251780277989982624268939247965316352032902605804190037285301907091865443511872780909337358499977323070554945362491120558481062474374010441479208921758922607624477388728235833881085870080.000000
1054,-1.434151,0.280175,767217925266335522519883445024076189285011550871142232477027495248711373983247735610388702049736613087710340681310587522844892777576906362265240880995955409648802515137759691563363653616862712159688752916061815970988032.000000,2183939385730308635208420668460933914736575353792636055752251780277989982624268939247965316352032902605804190037285301907091865443511872780909337358499977323070554945362491120558481062474374010441479208921758922607624477388728235833881085870080.000000
1055,-1.435979,0.276696,767217925266335522519883445024076189285011550871142232477027495248711373983247735610388702049736613087710340681310587522844892777576906362265240880995955409648802515137759691563363653616862712159688752916061815970988032.000000,2183939385730308635208420668460933914736575353792636055752251780277989982624268939247965316352032902605804190037285301907091865443511872780909337358499977323070554945362491120558481062474374010441479208921758922607624477388728235833881085870080.000000
1056,-1.437783,0.273197,767217925266335522519883445024076189285011550871142232477027495248711373983247735610388702049736613087710340681310587522844892777576906362265240880995955409648802515137759691563363653616862712159688752916061815970988032.000000,2183939385730308635208420668460933914736575353792636055752251780277989982624268939247965316352032902605804190037285301907091865443511872780909337358499977323070554945362491120558481062474374010441479208921758922607624477388728235833881085870080.000000
1057,-1.439561,0.269679,767217925266335522519883445024076189285011550871142232477027495248711373983247735610388702049736613087710340681310587522844892777576906362265240880995955409648802515137759691563363653616862712159688752916061815970988032.000000,2183939385730308635208420668460933914736575353792636055752251780277989982624268939247965316352032902605804190037285301907091865443511872780909337358499977323070554945362491120558481062474374010441479208921758922607624477388728235833881085870080.000000
1058,-1.441314,0.266143,767217925266335522519883445024076189285011550871142232477027495248711373983247735610388702049736613087710340681310587522844892777576906362265240880995955409648802515137759691563363653616862712159688752916061815970988032.000000,2183939385730308635208420668460933914736575353792636055752251780277989982624268939247965316352032902605804190037285301907091865443511872780909337358499977323070554945362491120558481062474374010441479208921758922607624477388728235833881085870080.000000
1059,-1.443042,0.262587,767217925266335522519883445024076189285011550871142232477027495248711373983247735610388702049736613087710340681310587522844892777576906362265240880995955409648802515137759691563363653616862712159688752916061815970988032.000000,2183939385730308635208420668460933914736575353792636055752251780277989982624268939247965316352032902605804190037285301907091865443511872780909337358499977323070554945362491120558481062474374010441479208921758922607624477388728235833881085870080.000000
1060,-1.444744,0.259014,767217925266335522519883445024076189285011550871142232477027495248711373983247735610388702049736613087710340681310587522844892777576906362265240880995955409648802515137759691563363653616862712159688752916061815970988032.000000,2183939385730308635208420668460933914736575353792636055752251780277989982624268939247965316352032902605804190037285301907091865443511872780909337358499977323070554945362491120558481062474374010441479208921758922607624477388728235833881085870080.000000
1061,-1.446421,0.255422,767217925266335522519883445024076189285011550871142232477027495248711373983247735610388702049736613087710340681310587522844892777576906362265240880995955409648802515137759691563363653616862712159688752916061815970988032.000000,2183939385730308635208420668460933914736575353792636055752251780277989982624268939247965316352032902605804190037285301907091865443511872780909337358499977323070554945362491120558481062474374010441479208921758922607624477388728235833881085870080.000000
1062,-1.448072,0.251812,767217925266335522519883445024076189285011550871142232477027495248711373983247735610388702049736613087710340681310587522844892777576906362265240880995955409648802515137759691563363653616862712159688752916061815970988032.000000,2183939385730308635208420668460933914736575353792636055752251780277989982624268939247965316352032902605804190037285301907091865443511872780909337358499977323070554945362491120558481062474374010441479208921758922607624477388728235833881085870080.000000
1063,-1.449699,0.248184,767217925266335522519883445024076189285011550871142232477027495248711373983247735610388702049736613087710340681310587522844892777576906362265240880995955409648802515137759691563363653616862712159688752916061815970988032.000000,2183939385730308635208420668460933914736575353792636055752251780277989982624268939247965316352032902605804190037285301907091865443511872780909337358499977323070554945362491120558481062474374010441479208921758922607624477388728235833881085870080.000000
1064,-1.451299,0.244539,767217925266335522519883445024076189285011550871142232477027495248711373983247735610388702049736613087710340681310587522844892777576906362265240880995955409648802515137759691563363653616862712159688752916061815970988032.000000,2183939385730308635208420668460933914736575353792636055752251780277989982624268939247965316352032902605804190037285301907091865443511872780909337358499977323070554945362491120558481062474374010441479208921758922607624477388728235833881085870080.000000
1065,-1.452875,0.240877,767217925266335522519883445024076189285011550871142232477027495248711373983247735610388702049736613087710340681310587522844892777576906362265240880995955409648802515137759691563363653616862712159688752916061815970988032.000000,2183939385730308635208420668460933914736575353792636055752251780277989982624268939247965316352032902605804190037285301907091865443511872780909337358499977323070554945362491120558481062474374010441479208921758922607624477388728235833881085870080.000000
1066,-1.454425,0.237198,767217925266335522519883445024076189285011550871142232477027495248711373983247735610388702049736613087710340681310587522844892777576906362265240880995955409648802515137759691563363653616862712159688752916061815970988032.000000,2183939385730308635208420668460933914736575353792636055752251780277989982624268939247965316352032902605804190037285301907091865443511872780909337358499977323070554945362491120558481062474374010441479208921758922607624477388728235833881085870080.000000
1067,-1.455949,0.233502,767217925266335522519883445024076189285011550871142232477027495248711373983247735610388702049736613087710340681310587522844892777576906362265240880995955409648802515137759691563363653616862712159688752916061815970988032.000000,2183939385730308635208420668460933914736575353792636055752251780277989982624268939247965316352032902605804190037285301907091865443511872780909337358499977323070554945362491120558481062474374010441479208921758922607624477388728235833881085870080.000000
1068,-1.457448,0.229790,767217925266335522519883445024076189285011550871142232477027495248711373983247735610388702049736613087710340681310587522844892777576906362265240880995955409648802515137759691563363653616862712159688752916061815970988032.000000,2183939385730308635208420668460933914736575353792636055752251780277989982624268939247965316352032902605804190037285301907091865443511872780909337358499977323070554945362491120558481062474374010441479208921758922607624477388728235833881085870080.000000
1069,-1.458921,0.226062,767217925266335522519883445024076189285011550871142232477027495248711373983247735610388702049736613087710340681310587522844892777576906362265240880995955409648802515137759691563363653616862712159688752916061815970988032.000000,2183939385730308635208420668460933914736575353792636055752251780277989982624268939247965316352032902605804190037285301907091865443511872780909337358499977323070554945362491120558481062474374010441479208921758922607624477388728235833881085870080.000000
1070,-1.460368,0.222318,767217925266335522519883445024076189285011550871142232477027495248711373983247735610388702049736613087710340681310587522844892777576906362265240880995955409648802515137759691563363653616862712159688752916061815970988032.000000,2183939385730308635208420668460933914736575353792636055752251780277989982624268939247965316352032902605804190037285301907091865443511872780909337358499977323070554945362491120558481062474374010441479208921758922607624477388728235833881085870080.000000
1071,-1.461790,0.218558,767217925266335522519883445024076189285011550871142232477027495248711373983247735610388702049736613087710340681310587522844892777576906362265240880995955409648802515137759691563363653616862712159688752916061815970988032.000000,2183939385730308635208420668460933914736575353792636055752251780277989982624268939247965316352032902605804190037285301907091865443511872780909337358499977323070554945362491120558481062474374010441479208921758922607624477388728235833881085870080.000000
1072,-1.463187,0.214783,767217925266335522519883445024076189285011550871142232477027495248711373983247735610388702049736613087710340681310587522844892777576906362265240880995955409648802515137759691563363653616862712159688752916061815970988032.000000,2183939385730308635208420668460933914736575353792636055752251780277989982624268939247965316352032902605804190037285301907091865443511872780909337358499977323070554945362491120558481062474374010441479208921758922607624477388728235833881085870080.000000
1073,-1.464557,0.210993,767217925266335522519883445024076189285011550871142232477027495248711373983247735610388702049736613087710340681310587522844892777576906362265240880995955409648802515137759691563363653616862712159688752916061815970988032.000000,2183939385730308635208420668460933914736575353792636055752251780277989982624268939247965316352032902605804190037285301907091865443511872780909337358499977323070554945362491120558481062474374010441479208921758922607624477388728235833881085870080.000000
1074,-1.465902,0.207188,767217925266335522519883445024076189285011550871142232477027495248711373983247735610388702049736613087710340681310587522844892777576906362265240880995955409648802515137759691563363653616862712159688752916061815970988032.000000,2183939385730308635208420668460933914736575353792636055752251780277989982624268939247965316352032902605804190037285301907091865443511872780909337358499977323070554945362491120558481062474374010441479208921758922607624477388728235833881085870080.000000
1075,-1.467221,0.203368,767217925266335522519883445024076189285011550871142232477027495248711373983247735610388702049736613087710340681310587522844892777576906362265240880995955409648802515137759691563363653616862712159688752916061815970988032.000000,2183939385730308635208420668460933914736575353792636055752251780277989982624268939247965316352032902605804190037285301907091865443511872780909337358499977323070554945362491120558481062474374010441479208921758922607624477388728235833881085870080.000000
1076,-1.468515,0.199535,767217925266335522519883445024076189285011550871142232477027495248711373983247735610388702049736613087710340681310587522844892777576906362265240880995955409648802515137759691563363653616862712159688752916061815970988032.000000,2183939385730308635208420668460933914736575353792636055752251780277989982624268939247965316352032902605804190037285301907091865443511872780909337358499977323070554945362491120558481062474374010441479208921758922607624477388728235833881085870080.000000
1077,-1.469783,0.195687,767217925266335522519883445024076189285011550871142232477027495248711373983247735610388702049736613087710340681310587522844892777576906362265240880995955409648802515137759691563363653616862712159688752916061815970988032.000000,2183939385730308635208420668460933914736575353792636055752251780277989982624268939247965316352032902605804190037285301907091865443511872780909337358499977323070554945362491120558481062474374010441479208921758922607624477388728235833881085870080.000000
1078,-1.471024,0.191825,767217925266335522519883445024076189285011550871142232477027495248711373983247735610388702049736613087710340681310587522844892777576906362265240880995955409648802515137759691563363653616862712159688752916061815970988032.000000,2183939385730308635208420668460933914736575353792636055752251780277989982624268939247965316352032902605804190037285301907091865443511872780909337358499977323070554945362491120558481062474374010441479208921758922607624477388728235833881085870080.000000
1079,-1.472241,0.187950,767217925266335522519883445024076189285011550871142232477027495248711373983247735610388702049736613087710340681310587522844892777576906362265240880995955409648802515137759691563363653616862712159688752916061815970988032.000000,2183939385730308635208420668460933914736575353792636055752251780277989982624268939247965316352032902605804190037285301907091865443511872780909337358499977323070554945362491120558481062474374010441479208921758922607624477388728235833881085870080.000000
1080,-1.473431,0.184062,767217925266335522519883445024076189285011550871142232477027495248711373983247735610388702049736613087710340681310587522844892777576906362265240880995955409648802515137759691563363653616862712159688752916061815970988032.000000,2183939385730308635208420668460933914736575353792636055752251780277989982624268939247965316352032902605804190037285301907091865443511872780909337358499977323070554945362491120558481062474374010441479208921758922607624477388728235833881085870080.000000
1081,-1.474595,0.180161,767217925266335522519883445024076189285011550871142232477027495248711373983247735610388702049736613087710340681310587522844892777576906362265240880995955409648802515137759691563363653616862712159688752916061815970988032.000000,2183939385730308635208420668460933914736575353792636055752251780277989982624268939247965316352032902605804190037285301907091865443511872780909337358499977323070554945362491120558481062474374010441479208921758922607624477388728235833881085870080.000000
1082,-1.475734,0.176248,767217925266335522519883445024076189285011550871142232477027495248711373983247735610388702049736613087710340681310587522844892777576906362265240880995955409648802515137759691563363653616862712159688752916061815970988032.000000,2183939385730308635208420668460933914736575353792636055752251780277989982624268939247965316352032902605804190037285301907091865443511872780909337358499977323070554945362491120558481062474374010441479208921758922607624477388728235833881085870080.000000
1083,-1.476847,0.172321,767217925266335522519883445024076189285011550871142232477027495248711373983247735610388702049736613087710340681310587522844892777576906362265240880995955409648802515137759691563363653616862712159688752916061815970988032.000000,2183939385730308635208420668460933914736575353792636055752251780277989982624268939247965316352032902605804190037285301907091865443511872780909337358499977323070554945362491120558481062474374010441479208921758922607624477388728235833881085870080.000000
1084,-1.477933,0.168383,767217925266335522519883445024076189285011550871142232477027495248711373983247735610388702049736613087710340681310587522844892777576906362265240880995955409648802515137759691563363653616862712159688752916061815970988032.000000,2183939385730308635208420668460933914736575353792636055752251780277989982624268939247965316352032902605804190037285301907091865443511872780909337358499977323070554945362491120558481062474374010441479208921758922607624477388728235833881085870080.000000
1085,-1.478994,0.164433,767217925266335522519883445024076189285011550871142232477027495248711373983247735610388702049736613087710340681310587522844892777576906362265240880995955409648802515137759691563363653616862712159688752916061815970988032.000000,2183939385730308635208420668460933914736575353792636055752251780277989982624268939247965316352032902605804190037285301907091865443511872780909337358499977323070554945362491120558481062474374010441479208921758922607624477388728235833881085870080.000000
1086,-1.480029,0.160472,767217925266335522519883445024076189285011550871142232477027495248711373983247735610388702049736613087710340681310587522844892777576906362265240880995955409648802515137759691563363653616862712159688752916061815970988032.000000,2183939385730308635208420668460933914736575353792636055752251780277989982624268939247965316352032902605804190037285301907091865443511872780909337358499977323070554945362491120558481062474374010441479208921758922607624477388728235833881085870080.000000
1087,-1.481038,0.156499,767217925266335522519883445024076189285011550871142232477027495248711373983247735610388702049736613087710340681310587522844892777576906362265240880995955409648802515137759691563363653616862712159688752916061815970988032.000000,2183939385730308635208420668460933914736575353792636055752251780277989982624268939247965316352032902605804190037285301907091865443511872780909337358499977323070554945362491120558481062474374010441479208921758922607624477388728235833881085870080.000000
1088,-1.482021,0.152515,767217925266335522519883445024076189285011550871142232477027495248711373983247735610388702049736613087710340681310587522844892777576906362265240880995955409648802515137759691563363653616862712159688752916061815970988032.000000,2183939385730308635208420668460933914736575353792636055752251780277989982624268939247965316352032902605804190037285301907091865443511872780909337358499977323070554945362491120558481062474374010441479208921758922607624477388728235833881085870080.000000
1089,-1.482978,0.148521,767217925266335522519883445024076189285011550871142232477027495248711373983247735610388702049736613087710340681310587522844892777576906362265240880995955409648802515137759691563363653616862712159688752916061815970988032.000000,2183939385730308635208420668460933914736575353792636055752251780277989982624268939247965316352032902605804190037285301907091865443511872780909337358499977323070554945362491120558481062474374010441479208921758922607624477388728235833881085870080.000000
1090,-1.483908,0.144516,767217925266335522519883445024076189285011550871142232477027495248711373983247735610388702049736613087710340681310587522844892777576906362265240880995955409648802515137759691563363653616862712159688752916061815970988032.000000,2183939385730308635208420668460933914736575353792636055752251780277989982624268939247965316352032902605804190037285301907091865443511872780909337358499977323070554945362491120558481062474374010441479208921758922607624477388728235833881085870080.000000
1091,-1.484813,0.140501,767217925266335522519883445024076189285011550871142232477027495248711373983247735610388702049736613087710340681310587522844892777576906362265240880995955409648802515137759691563363653616862712159688752916061815970988032.000000,2183939385730308635208420668460933914736575353792636055752251780277989982624268939247965316352032902605804190037285301907091865443511872780909337358499977323070554945362491120558481062474374010441479208921758922607624477388728235833881085870080.000000
1092,-1.485692,0.136476,767217925266335522519883445024076189285011550871142232477027495248711373983247735610388702049736613087710340681310587522844892777576906362265240880995955409648802515137759691563363653616862712159688752916061815970988032.000000,2183939385730308635208420668460933914736575353792636055752251780277989982624268939247965316352032902605804190037285301907091865443511872780909337358499977323070554945362491120558481062474374010441479208921758922607624477388728235833881085870080.000000
1093,-1.486545,0.132441,767217925266335522519883445024076189285011550871142232477027495248711373983247735610388702049736613087710340681310587522844892777576906362265240880995955409648802515137759691563363653616862712159688752916061815970988032.000000,2183939385730308635208420668460933914736575353792636055752251780277989982624268939247965316352032902605804190037285301907091865443511872780909337358499977323070554945362491120558481062474374010441479208921758922607624477388728235833881085870080.000000
1094,-1.487372,0.128398,767217925266335522519883445024076189285011550871142232477027495248711373983247735610388702049736613087710340681310587522844892777576906362265240880995955409648802515137759691563363653616862712159688752916061815970988032.000000,2183939385730308635208420668460933914736575353792636055752251780277989982624268939247965316352032902605804190037285301907091865443511872780909337358499977323070554945362491120558481062474374010441479208921758922607624477388728235833881085870080.000000
1095,-1.488172,0.124345,767217925266335522519883445024076189285011550871142232477027495248711373983247735610388702049736613087710340681310587522844892777576906362265240880995955409648802515137759691563363653616862712159688752916061815970988032.000000,2183939385730308635208420668460933914736575353792636055752251780277989982624268939247965316352032902605804190037285301907091865443511872780909337358499977323070554945362491120558481062474374010441479208921758922607624477388728235833881085870080.000000
1096,-1.488946,0.120283,767217925266335522519883445024076189285011550871142232477027495248711373983247735610388702049736613087710340681310587522844892777576906362265240880995955409648802515137759691563363653616862712159688752916061815970988032.000000,2183939385730308635208420668460933914736575353792636055752251780277989982624268939247965316352032902605804190037285301907091865443511872780909337358499977323070554945362491120558481062474374010441479208921758922607624477388728235833881085870080.000000
1097,-1.489695,0.116213,767217925266335522519883445024076189285011550871142232477027495248711373983247735610388702049736613087710340681310587522844892777576906362265240880995955409648802515137759691563363653616862712159688752916061815970988032.000000,2183939385730308635208420668460933914736575353792636055752251780277989982624268939247965316352032902605804190037285301907091865443511872780909337358499977323070554945362491120558481062474374010441479208921758922607624477388728235833881085870080.000000
1098,-1.490417,0.112135,767217925266335522519883445024076189285011550871142232477027495248711373983247735610388702049736613087710340681310587522844892777576906362265240880995955409648802515137759691563363653616862712159688752916061815970988032.000000,2183939385730308635208420668460933914736575353792636055752251780277989982624268939247965316352032902605804190037285301907091865443511872780909337358499977323070554945362491120558481062474374010441479208921758922607624477388728235833881085870080.000000
1099,-1.491113,0.108049,767217925266335522519883445024076189285011550871142232477027495248711373983247735610388702049736613087710340681310587522844892777576906362265240880995955409648802515137759691563363653616862712159688752916061815970988032.000000,2183939385730308635208420668460933914736575353792636055752251780277989982624268939247965316352032902605804190037285301907091865443511872780909337358499977323070554945362491120558481062474374010441479208921758922607624477388728235833881085870080.000000
1100,-1.491783,0.103956,767217925266335522519883445024076189285011550871142232477027495248711373983247735610388702049736613087710340681310587522844892777576906362265240880995955409648802515137759691563363653616862712159688752916061815970988032.000000,2183939385730308635208420668460933914736575353792636055752251780277989982624268939247965316352032902605804190037285301907091865443511872780909337358499977323070554945362491120558481062474374010441479208921758922607624477388728235833881085870080.000000
1101,-1.492427,0.099855,767217925266335522519883445024076189285011550871142232477027495248711373983247735610388702049736613087710340681310587522844892777576906362265240880995955409648802515137759691563363653616862712159688752916061815970988032.000000,2183939385730308635208420668460933914736575353792636055752251780277989982624268939247965316352032902605804190037285301907091865443511872780909337358499977323070554945362491120558481062474374010441479208921758922607624477388728235833881085870080.000000
1102,-1.493044,0.095747,767217925266335522519883445024076189285011550871142232477027495248711373983247735610388702049736613087710340681310587522844892777576906362265240880995955409648802515137759691563363653616862712159688752916061815970988032.000000,2183939385730308635208420668460933914736575353792636055752251780277989982624268939247965316352032902605804190037285301907091865443511872780909337358499977323070554945362491120558481062474374010441479208921758922607624477388728235833881085870080.000000
1103,-1.493635,0.091633,767217925266335522519883445024076189285011550871142232477027495248711373983247735610388702049736613087710340681310587522844892777576906362265240880995955409648802515137759691563363653616862712159688752916061815970988032.000000,2183939385730308635208420668460933914736575353792636055752251780277989982624268939247965316352032902605804190037285301907091865443511872780909337358499977323070554945362491120558481062474374010441479208921758922607624477388728235833881085870080.000000
1104,-1.494200,0.087512,767217925266335522519883445024076189285011550871142232477027495248711373983247735610388702049736613087710340681310587522844892777576906362265240880995955409648802515137759691563363653616862712159688752916061815970988032.000000,2183939385730308635208420668460933914736575353792636055752251780277989982624268939247965316352032902605804190037285301907091865443511872780909337358499977323070554945362491120558481062474374010441479208921758922607624477388728235833881085870080.000000
1105,-1.494739,0.083384,767217925266335522519883445024076189285011550871142232477027495248711373983247735610388702049736613087710340681310587522844892777576906362265240880995955409648802515137759691563363653616862712159688752916061815970988032.000000,2183939385730308635208420668460933914736575353792636055752251780277989982624268939247965316352032902605804190037285301907091865443511872780909337358499977323070554945362491120558481062474374010441479208921758922607624477388728235833881085870080.000000
1106,-1.495252,0.079251,767217925266335522519883445024076189285011550871142232477027495248711373983247735610388702049736613087710340681310587522844892777576906362265240880995955409648802515137759691563363653616862712159688752916061815970988032.000000,2183939385730308635208420668460933914736575353792636055752251780277989982624268939247965316352032902605804190037285301907091865443511872780909337358499977323070554945362491120558481062474374010441479208921758922607624477388728235833881085870080.000000
1107,-1.495738,0.075113,767217925266335522519883445024076189285011550871142232477027495248711373983247735610388702049736613087710340681310587522844892777576906362265240880995955409648802515137759691563363653616862712159688752916061815970988032.000000,2183939385730308635208420668460933914736575353792636055752251780277989982624268939247965316352032902605804190037285301907091865443511872780909337358499977323070554945362491120558481062474374010441479208921758922607624477388728235833881085870080.000000
1108,-1.496199,0.070969,767217925266335522519883445024076189285011550871142232477027495248711373983247735610388702049736613087710340681310587522844892777576906362265240880995955409648802515137759691563363653616862712159688752916061815970988032.000000,2183939385730308635208420668460933914736575353792636055752251780277989982624268939247965316352032902605804190037285301907091865443511872780909337358499977323070554945362491120558481062474374010441479208921758922607624477388728235833881085870080.000000
1109,-1.496632,0.066820,767217925266335522519883445024076189285011550871142232477027495248711373983247735610388702049736613087710340681310587522844892777576906362265240880995955409648802515137759691563363653616862712159688752916061815970988032.000000,2183939385730308635208420668460933914736575353792636055752251780277989982624268939247965316352032902605804190037285301907091865443511872780909337358499977323070554945362491120558481062474374010441479208921758922607624477388728235833881085870080.000000
1110,-1.497040,0.062667,767217925266335522519883445024076189285011550871142232477027495248711373983247735610388702049736613087710340681310587522844892777576906362265240880995955409648802515137759691563363653616862712159688752916061815970988032.000000,2183939385730308635208420668460933914736575353792636055752251780277989982624268939247965316352032902605804190037285301907091865443511872780909337358499977323070554945362491120558481062474374010441479208921758922607624477388728235833881085870080.000000
1111,-1.497421,0.058509,767217925266335522519883445024076189285011550871142232477027495248711373983247735610388702049736613087710340681310587522844892777576906362265240880995955409648802515137759691563363653616862712159688752916061815970988032.000000,2183939385730308635208420668460933914736575353792636055752251780277989982624268939247965316352032902605804190037285301907091865443511872780909337358499977323070554945362491120558481062474374010441479208921758922607624477388728235833881085870080.000000
1112,-1.497777,0.054347,767217925266335522519883445024076189285011550871142232477027495248711373983247735610388702049736613087710340681310587522844892777576906362265240880995955409648802515137759691563363653616862712159688752916061815970988032.000000,2183939385730308635208420668460933914736575353792636055752251780277989982624268939247965316352032902605804190037285301907091865443511872780909337358499977323070554945362491120558481062474374010441479208921758922607624477388728235833881085870080.000000
1113,-1.498105,0.050181,767217925266335522519883445024076189285011550871142232477027495248711373983247735610388702049736613087710340681310587522844892777576906362265240880995955409648802515137759691563363653616862712159688752916061815970988032.000000,2183939385730308635208420668460933914736575353792636055752251780277989982624268939247965316352032902605804190037285301907091865443511872780909337358499977323070554945362491120558481062474374010441479208921758922607624477388728235833881085870080.000000
1114,-1.498408,0.046012,767217925266335522519883445024076189285011550871142232477027495248711373983247735610388702049736613087710340681310587522844892777576906362265240880995955409648802515137759691563363653616862712159688752916061815970988032.000000,2183939385730308635208420668460933914736575353792636055752251780277989982624268939247965316352032902605804190037285301907091865443511872780909337358499977323070554945362491120558481062474374010441479208921758922607624477388728235833881085870080.000000
1115,-1.498684,0.041839,767217925266335522519883445024076189285011550871142232477027495248711373983247735610388702049736613087710340681310587522844892777576906362265240880995955409648802515137759691563363653616862712159688752916061815970988032.000000,2183939385730308635208420668460933914736575353792636055752251780277989982624268939247965316352032902605804190037285301907091865443511872780909337358499977323070554945362491120558481062474374010441479208921758922607624477388728235833881085870080.000000
1116,-1.498934,0.037663,767217925266335522519883445024076189285011550871142232477027495248711373983247735610388702049736613087710340681310587522844892777576906362265240880995955409648802515137759691563363653616862712159688752916061815970988032.000000,2183939385730308635208420668460933914736575353792636055752251780277989982624268939247965316352032902605804190037285301907091865443511872780909337358499977323070554945362491120558481062474374010441479208921758922607624477388728235833881085870080.000000
1117,-1.499158,0.033485,767217925266335522519883445024076189285011550871142232477027495248711373983247735610388702049736613087710340681310587522844892777576906362265240880995955409648802515137759691563363653616862712159688752916061815970988032.000000,2183939385730308635208420668460933914736575353792636055752251780277989982624268939247965316352032902605804190037285301907091865443511872780909337358499977323070554945362491120558481062474374010441479208921758922607624477388728235833881085870080.000000
1118,-1.499355,0.029305,767217925266335522519883445024076189285011550871142232477027495248711373983247735610388702049736613087710340681310587522844892777576906362265240880995955409648802515137759691563363653616862712159688752916061815970988032.000000,2183939385730308635208420668460933914736575353792636055752251780277989982624268939247965316352032902605804190037285301907091865443511872780909337358499977323070554945362491120558481062474374010441479208921758922607624477388728235833881085870080.000000
1119,-1.499526,0.025122,767217925266335522519883445024076189285011550871142232477027495248711373983247735610388702049736613087710340681310587522844892777576906362265240880995955409648802515137759691563363653616862712159688752916061815970988032.000000,2183939385730308635208420668460933914736575353792636055752251780277989982624268939247965316352032902605804190037285301907091865443511872780909337358499977323070554945362491120558481062474374010441479208921758922607624477388728235833881085870080.000000
1120,-1.499671,0.020938,767217925266335522519883445024076189285011550871142232477027495248711373983247735610388702049736613087710340681310587522844892777576906362265240880995955409648802515137759691563363653616862712159688752916061815970988032.000000,2183939385730308635208420668460933914736575353792636055752251780277989982624268939247965316352032902605804190037285301907091865443511872780909337358499977323070554945362491120558481062474374010441479208921758922607624477388728235833881085870080.000000
1121,-1.499789,0.016752,767217925266335522519883445024076189285011550871142232477027495248711373983247735610388702049736613087710340681310587522844892777576906362265240880995955409648802515137759691563363653616862712159688752916061815970988032.000000,2183939385730308635208420668460933914736575353792636055752251780277989982624268939247965316352032902605804190037285301907091865443511872780909337358499977323070554945362491120558481062474374010441479208921758922607624477388728235833881085870080.000000
1122,-1.499882,0.012565,767217925266335522519883445024076189285011550871142232477027495248711373983247735610388702049736613087710340681310587522844892777576906362265240880995955409648802515137759691563363653616862712159688752916061815970988032.000000,2183939385730308635208420668460933914736575353792636055752251780277989982624268939247965316352032902605804190037285301907091865443511872780909337358499977323070554945362491120558481062474374010441479208921758922607624477388728235833881085870080.000000
1123,-1.499947,0.008377,767217925266335522519883445024076189285011550871142232477027495248711373983247735610388702049736613087710340681310587522844892777576906362265240880995955409648802515137759691563363653616862712159688752916061815970988032.000000,2183939385730308635208420668460933914736575353792636055752251780277989982624268939247965316352032902605804190037285301907091865443511872780909337358499977323070554945362491120558481062474374010441479208921758922607624477388728235833881085870080.000000
1124,-1.499987,0.004189,767217925266335522519883445024076189285011550871142232477027495248711373983247735610388702049736613087710340681310587522844892777576906362265240880995955409648802515137759691563363653616862712159688752916061815970988032.000000,2183939385730308635208420668460933914736575353792636055752251780277989982624268939247965316352032902605804190037285301907091865443511872780909337358499977323070554945362491120558481062474374010441479208921758922607624477388728235833881085870080.000000
1125,-1.500000,0.000000,767217925266335522519883445024076189285011550871142232477027495248711373983247735610388702049736613087710340681310587522844892777576906362265240880995955409648802515137759691563363653616862712159688752916061815970988032.000000,2183939385730308635208420668460933914736575353792636055752251780277989982624268939247965316352032902605804190037285301907091865443511872780909337358499977323070554945362491120558481062474374010441479208921758922607624477388728235833881085870080.000000
1126,-1.499987,-0.004189,767217925266335522519883445024076189285011550871142232477027495248711373983247735610388702049736613087710340681310587522844892777576906362265240880995955409648802515137759691563363653616862712159688752916061815970988032.000000,2183939385730308635208420668460933914736575353792636055752251780277989982624268939247965316352032902605804190037285301907091865443511872780909337358499977323070554945362491120558481062474374010441479208921758922607624477388728235833881085870080.000000
1127,-1.499947,-0.008377,767217925266335522519883445024076189285011550871142232477027495248711373983247735610388702049736613087710340681310587522844892777576906362265240880995955409648802515137759691563363653616862712159688752916061815970988032.000000,2183939385730308635208420668460933914736575353792636055752251780277989982624268939247965316352032902605804190037285301907091865443511872780909337358499977323070554945362491120558481062474374010441479208921758922607624477388728235833881085870080.000000
1128,-1.499882,-0.012565,767217925266335522519883445024076189285011550871142232477027495248711373983247735610388702049736613087710340681310587522844892777576906362265240880995955409648802515137759691563363653616862712159688752916061815970988032.000000,2183939385730308635208420668460933914736575353792636055752251780277989982624268939247965316352032902605804190037285301907091865443511872780909337358499977323070554945362491120558481062474374010441479208921758922607624477388728235833881085870080.000000
1129,-1.499789,-0.016752,767217925266335522519883445024076189285011550871142232477027495248711373983247735610388702049736613087710340681310587522844892777576906362265240880995955409648802515137759691563363653616862712159688752916061815970988032.000000,2183939385730308635208420668460933914736575353792636055752251780277989982624268939247965316352032902605804190037285301907091865443511872780909337358499977323070554945362491120558481062474374010441479208921758922607624477388728235833881085870080.000000
1130,-1.499671,-0.020938,767217925266335522519883445024076189285011550871142232477027495248711373983247735610388702049736613087710340681310587522844892777576906362265240880995955409648802515137759691563363653616862712159688752916061815970988032.000000,2183939385730308635208420668460933914736575353792636055752251780277989982624268939247965316352032902605804190037285301907091865443511872780909337358499977323070554945362491120558481062474374010441479208921758922607624477388728235833881085870080.000000
1131,-1.499526,-0.025122,767217925266335522519883445024076189285011550871142232477027495248711373983247735610388702049736613087710340681310587522844892777576906362265240880995955409648802515137759691563363653616862712159688752916061815970988032.000000,2183939385730308635208420668460933914736575353792636055752251780277989982624268939247965316352032902605804190037285301907091865443511872780909337358499977323070554945362491120558481062474374010441479208921758922607624477388728235833881085870080.000000
1132,-1.499355,-0.029305,767217925266335522519883445024076189285011550871142232477027495248711373983247735610388702049736613087710340681310587522844892777576906362265240880995955409648802515137759691563363653616862712159688752916061815970988032.000000,2183939385730308635208420668460933914736575353792636055752251780277989982624268939247965316352032902605804190037285301907091865443511872780909337358499977323070554945362491120558481062474374010441479208921758922607624477388728235833881085870080.000000
1133,-1.499158,-0.033485,767217925266335522519883445024076189285011550871142232477027495248711373983247735610388702049736613087710340681310587522844892777576906362265240880995955409648802515137759691563363653616862712159688752916061815970988032.000000,2183939385730308635208420668460933914736575353792636055752251780277989982624268939247965316352032902605804190037285301907091865443511872780909337358499977323070554945362491120558481062474374010441479208921758922607624477388728235833881085870080.000000
1134,-1.498934,-0.037663,767217925266335522519883445024076189285011550871142232477027495248711373983247735610388702049736613087710340681310587522844892777576906362265240880995955409648802515137759691563363653616862712159688752916061815970988032.000000,2183939385730308635208420668460933914736575353792636055752251780277989982624268939247965316352032902605804190037285301907091865443511872780909337358499977323070554945362491120558481062474374010441479208921758922607624477388728235833881085870080.000000
1135,-1.498684,-0.041839,767217925266335522519883445024076189285011550871142232477027495248711373983247735610388702049736613087710340681310587522844892777576906362265240880995955409648802515137759691563363653616862712159688752916061815970988032.000000,2183939385730308635208420668460933914736575353792636055752251780277989982624268939247965316352032902605804190037285301907091865443511872780909337358499977323070554945362491120558481062474374010441479208921758922607624477388728235833881085870080.000000
1136,-1.498408,-0.046012,767217925266335522519883445024076189285011550871142232477027495248711373983247735610388702049736613087710340681310587522844892777576906362265240880995955409648802515137759691563363653616862712159688752916061815970988032.000000,2183939385730308635208420668460933914736575353792636055752251780277989982624268939247965316352032902605804190037285301907091865443511872780909337358499977323070554945362491120558481062474374010441479208921758922607624477388728235833881085870080.000000
1137,-1.498105,-0.050181,767217925266335522519883445024076189285011550871142232477027495248711373983247735610388702049736613087710340681310587522844892777576906362265240880995955409648802515137759691563363653616862712159688752916061815970988032.000000,2183939385730308635208420668460933914736575353792636055752251780277989982624268939247965316352032902605804190037285301907091865443511872780909337358499977323070554945362491120558481062474374010441479208921758922607624477388728235833881085870080.000000
1138,-1.497777,-0.054347,767217925266335522519883445024076189285011550871142232477027495248711373983247735610388702049736613087710340681310587522844892777576906362265240880995955409648802515137759691563363653616862712159688752916061815970988032.000000,2183939385730308635208420668460933914736575353792636055752251780277989982624268939247965316352032902605804190037285301907091865443511872780909337358499977323070554945362491120558481062474374010441479208921758922607624477388728235833881085870080.000000
1139,-1.497421,-0.058509,767217925266335522519883445024076189285011550871142232477027495248711373983247735610388702049736613087710340681310587522844892777576906362265240880995955409648802515137759691563363653616862712159688752916061815970988032.000000,2183939385730308635208420668460933914736575353792636055752251780277989982624268939247965316352032902605804190037285301907091865443511872780909337358499977323070554945362491120558481062474374010441479208921758922607624477388728235833881085870080.000000
1140,-1.497040,-0.062667,767217925266335522519883445024076189285011550871142232477027495248711373983247735610388702049736613087710340681310587522844892777576906362265240880995955409648802515137759691563363653616862712159688752916061815970988032.000000,2183939385730308635208420668460933914736575353792636055752251780277989982624268939247965316352032902605804190037285301907091865443511872780909337358499977323070554945362491120558481062474374010441479208921758922607624477388728235833881085870080.000000
1141,-1.496632,-0.066820,767217925266335522519883445024076189285011550871142232477027495248711373983247735610388702049736613087710340681310587522844892777576906362265240880995955409648802515137759691563363653616862712159688752916061815970988032.000000,2183939385730308635208420668460933914736575353792636055752251780277989982624268939247965316352032902605804190037285301907091865443511872780909337358499977323070554945362491120558481062474374010441479208921758922607624477388728235833881085870080.000000
1142,-1.496199,-0.070969,767217925266335522519883445024076189285011550871142232477027495248711373983247735610388702049736613087710340681310587522844892777576906362265240880995955409648802515137759691563363653616862712159688752916061815970988032.000000,2183939385730308635208420668460933914736575353792636055752251780277989982624268939247965316352032902605804190037285301907091865443511872780909337358499977323070554945362491120558481062474374010441479208921758922607624477388728235833881085870080.000000
1143,-1.495738,-0.075113,767217925266335522519883445024076189285011550871142232477027495248711373983247735610388702049736613087710340681310587522844892777576906362265240880995955409648802515137759691563363653616862712159688752916061815970988032.000000,2183939385730308635208420668460933914736575353792636055752251780277989982624268939247965316352032902605804190037285301907091865443511872780909337358499977323070554945362491120558481062474374010441479208921758922607624477388728235833881085870080.000000
1144,-1.495252,-0.079251,767217925266335522519883445024076189285011550871142232477027495248711373983247735610388702049736613087710340681310587522844892777576906362265240880995955409648802515137759691563363653616862712159688752916061815970988032.000000,2183939385730308635208420668460933914736575353792636055752251780277989982624268939247965316352032902605804190037285301907091865443511872780909337358499977323070554945362491120558481062474374010441479208921758922607624477388728235833881085870080.000000
1145,-1.494739,-0.083384,767217925266335522519883445024076189285011550871142232477027495248711373983247735610388702049736613087710340681310587522844892777576906362265240880995955409648802515137759691563363653616862712159688752916061815970988032.000000,2183939385730308635208420668460933914736575353792636055752251780277989982624268939247965316352032902605804190037285301907091865443511872780909337358499977323070554945362491120558481062474374010441479208921758922607624477388728235833881085870080.000000
1146,-1.494200,-0.087512,767217925266335522519883445024076189285011550871142232477027495248711373983247735610388702049736613087710340681310587522844892777576906362265240880995955409648802515137759691563363653616862712159688752916061815970988032.000000,2183939385730308635208420668460933914736575353792636055752251780277989982624268939247965316352032902605804190037285301907091865443511872780909337358499977323070554945362491120558481062474374010441479208921758922607624477388728235833881085870080.000000
1147,-1.493635,-0.091633,767217925266335522519883445024076189285011550871142232477027495248711373983247735610388702049736613087710340681310587522844892777576906362265240880995955409648802515137759691563363653616862712159688752916061815970988032.000000,2183939385730308635208420668460933914736575353792636055752251780277989982624268939247965316352032902605804190037285301907091865443511872780909337358499977323070554945362491120558481062474374010441479208921758922607624477388728235833881085870080.000000
1148,-1.493044,-0.095747,767217925266335522519883445024076189285011550871142232477027495248711373983247735610388702049736613087710340681310587522844892777576906362265240880995955409648802515137759691563363653616862712159688752916061815970988032.000000,2183939385730308635208420668460933914736575353792636055752251780277989982624268939247965316352032902605804190037285301907091865443511872780909337358499977323070554945362491120558481062474374010441479208921758922607624477388728235833881085870080.000000
1149,-1.492427,-0.099855,767217925266335522519883445024076189285011550871142232477027495248711373983247735610388702049736613087710340681310587522844892777576906362265240880995955409648802515137759691563363653616862712159688752916061815970988032.000000,2183939385730308635208420668460933914736575353792636055752251780277989982624268939247965316352032902605804190037285301907091865443511872780909337358499977323070554945362491120558481062474374010441479208921758922607624477388728235833881085870080.000000
1150,-1.491783,-0.103956,767217925266335522519883445024076189285011550871142232477027495248711373983247735610388702049736613087710340681310587522844892777576906362265240880995955409648802515137759691563363653616862712159688752916061815970988032.000000,2183939385730308635208420668460933914736575353792636055752251780277989982624268939247965316352032902605804190037285301907091865443511872780909337358499977323070554945362491120558481062474374010441479208921758922607624477388728235833881085870080.000000
1151,-1.491113,-0.108049,767217925266335522519883445024076189285011550871142232477027495248711373983247735610388702049736613087710340681310587522844892777576906362265240880995955409648802515137759691563363653616862712159688752916061815970988032.000000,2183939385730308635208420668460933914736575353792636055752251780277989982624268939247965316352032902605804190037285301907091865443511872780909337358499977323070554945362491120558481062474374010441479208921758922607624477388728235833881085870080.000000
1152,-1.490417,-0.112135,767217925266335522519883445024076189285011550871142232477027495248711373983247735610388702049736613087710340681310587522844892777576906362265240880995955409648802515137759691563363653616862712159688752916061815970988032.000000,2183939385730308635208420668460933914736575353792636055752251780277989982624268939247965316352032902605804190037285301907091865443511872780909337358499977323070554945362491120558481062474374010441479208921758922607624477388728235833881085870080.000000
1153,-1.489695,-0.116213,767217925266335522519883445024076189285011550871142232477027495248711373983247735610388702049736613087710340681310587522844892777576906362265240880995955409648802515137759691563363653616862712159688752916061815970988032.000000,2183939385730308635208420668460933914736575353792636055752251780277989982624268939247965316352032902605804190037285301907091865443511872780909337358499977323070554945362491120558481062474374010441479208921758922607624477388728235833881085870080.000000
1154,-1.488946,-0.120283,767217925266335522519883445024076189285011550871142232477027495248711373983247735610388702049736613087710340681310587522844892777576906362265240880995955409648802515137759691563363653616862712159688752916061815970988032.000000,2183939385730308635208420668460933914736575353792636055752251780277989982624268939247965316352032902605804190037285301907091865443511872780909337358499977323070554945362491120558481062474374010441479208921758922607624477388728235833881085870080.000000
1155,-1.488172,-0.124345,767217925266335522519883445024076189285011550871142232477027495248711373983247735610388702049736613087710340681310587522844892777576906362265240880995955409648802515137759691563363653616862712159688752916061815970988032.000000,2183939385730308635208420668460933914736575353792636055752251780277989982624268939247965316352032902605804190037285301907091865443511872780909337358499977323070554945362491120558481062474374010441479208921758922607624477388728235833881085870080.000000
1156,-1.487372,-0.128398,767217925266335522519883445024076189285011550871142232477027495248711373983247735610388702049736613087710340681310587522844892777576906362265240880995955409648802515137759691563363653616862712159688752916061815970988032.000000,2183939385730308635208420668460933914736575353792636055752251780277989982624268939247965316352032902605804190037285301907091865443511872780909337358499977323070554945362491120558481062474374010441479208921758922607624477388728235833881085870080.000000
1157,-1.486545,-0.132441,767217925266335522519883445024076189285011550871142232477027495248711373983247735610388702049736613087710340681310587522844892777576906362265240880995955409648802515137759691563363653616862712159688752916061815970988032.000000,2183939385730308635208420668460933914736575353792636055752251780277989982624268939247965316352032902605804190037285301907091865443511872780909337358499977323070554945362491120558481062474374010441479208921758922607624477388728235833881085870080.000000
1158,-1.485692,-0.136476,767217925266335522519883445024076189285011550871142232477027495248711373983247735610388702049736613087710340681310587522844892777576906362265240880995955409648802515137759691563363653616862712159688752916061815970988032.000000,2183939385730308635208420668460933914736575353792636055752251780277989982624268939247965316352032902605804190037285301907091865443511872780909337358499977323070554945362491120558481062474374010441479208921758922607624477388728235833881085870080.000000
1159,-1.484813,-0.140501,767217925266335522519883445024076189285011550871142232477027495248711373983247735610388702049736613087710340681310587522844892777576906362265240880995955409648802515137759691563363653616862712159688752916061815970988032.000000,2183939385730308635208420668460933914736575353792636055752251780277989982624268939247965316352032902605804190037285301907091865443511872780909337358499977323070554945362491120558481062474374010441479208921758922607624477388728235833881085870080.000000
1160,-1.483908,-0.144516,767217925266335522519883445024076189285011550871142232477027495248711373983247735610388702049736613087710340681310587522844892777576906362265240880995955409648802515137759691563363653616862712159688752916061815970988032.000000,2183939385730308635208420668460933914736575353792636055752251780277989982624268939247965316352032902605804190037285301907091865443511872780909337358499977323070554945362491120558481062474374010441479208921758922607624477388728235833881085870080.000000
1161,-1.482978,-0.148521,767217925266335522519883445024076189285011550871142232477027495248711373983247735610388702049736613087710340681310587522844892777576906362265240880995955409648802515137759691563363653616862712159688752916061815970988032.000000,2183939385730308635208420668460933914736575353792636055752251780277989982624268939247965316352032902605804190037285301907091865443511872780909337358499977323070554945362491120558481062474374010441479208921758922607624477388728235833881085870080.000000
1162,-1.482021,-0.152515,767217925266335522519883445024076189285011550871142232477027495248711373983247735610388702049736613087710340681310587522844892777576906362265240880995955409648802515137759691563363653616862712159688752916061815970988032.000000,2183939385730308635208420668460933914736575353792636055752251780277989982624268939247965316352032902605804190037285301907091865443511872780909337358499977323070554945362491120558481062474374010441479208921758922607624477388728235833881085870080.000000
1163,-1.481038,-0.156499,767217925266335522519883445024076189285011550871142232477027495248711373983247735610388702049736613087710340681310587522844892777576906362265240880995955409648802515137759691563363653616862712159688752916061815970988032.000000,2183939385730308635208420668460933914736575353792636055752251780277989982624268939247965316352032902605804190037285301907091865443511872780909337358499977323070554945362491120558481062474374010441479208921758922607624477388728235833881085870080.000000
1164,-1.480029,-0.160472,767217925266335522519883445024076189285011550871142232477027495248711373983247735610388702049736613087710340681310587522844892777576906362265240880995955409648802515137759691563363653616862712159688752916061815970988032.000000,2183939385730308635208420668460933914736575353792636055752251780277989982624268939247965316352032902605804190037285301907091865443511872780909337358499977323070554945362491120558481062474374010441479208921758922607624477388728235833881085870080.000000
1165,-1.478994,-0.164433,767217925266335522519883445024076189285011550871142232477027495248711373983247735610388702049736613087710340681310587522844892777576906362265240880995955409648802515137759691563363653616862712159688752916061815970988032.000000,2183939385730308635208420668460933914736575353792636055752251780277989982624268939247965316352032902605804190037285301907091865443511872780909337358499977323070554945362491120558481062474374010441479208921758922607624477388728235833881085870080.000000
1166,-1.477933,-0.168383,767217925266335522519883445024076189285011550871142232477027495248711373983247735610388702049736613087710340681310587522844892777576906362265240880995955409648802515137759691563363653616862712159688752916061815970988032.000000,2183939385730308635208420668460933914736575353792636055752251780277989982624268939247965316352032902605804190037285301907091865443511872780909337358499977323070554945362491120558481062474374010441479208921758922607624477388728235833881085870080.000000
1167,-1.476847,-0.172321,767217925266335522519883445024076189285011550871142232477027495248711373983247735610388702049736613087710340681310587522844892777576906362265240880995955409648802515137759691563363653616862712159688752916061815970988032.000000,2183939385730308635208420668460933914736575353792636055752251780277989982624268939247965316352032902605804190037285301907091865443511872780909337358499977323070554945362491120558481062474374010441479208921758922607624477388728235833881085870080.000000
1168,-1.475734,-0.176248,767217925266335522519883445024076189285011550871142232477027495248711373983247735610388702049736613087710340681310587522844892777576906362265240880995955409648802515137759691563363653616862712159688752916061815970988032.000000,2183939385730308635208420668460933914736575353792636055752251780277989982624268939247965316352032902605804190037285301907091865443511872780909337358499977323070554945362491120558481062474374010441479208921758922607624477388728235833881085870080.000000
1169,-1.474595,-0.180161,767217925266335522519883445024076189285011550871142232477027495248711373983247735610388702049736613087710340681310587522844892777576906362265240880995955409648802515137759691563363653616862712159688752916061815970988032.000000,2183939385730308635208420668460933914736575353792636055752251780277989982624268939247965316352032902605804190037285301907091865443511872780909337358499977323070554945362491120558481062474374010441479208921758922607624477388728235833881085870080.000000
1170,-1.473431,-0.184062,767217925266335522519883445024076189285011550871142232477027495248711373983247735610388702049736613087710340681310587522844892777576906362265240880995955409648802515137759691563363653616862712159688752916061815970988032.000000,2183939385730308635208420668460933914736575353792636055752251780277989982624268939247965316352032902605804190037285301907091865443511872780909337358499977323070554945362491120558481062474374010441479208921758922607624477388728235833881085870080.000000
1171,-1.472241,-0.187950,767217925266335522519883445024076189285011550871142232477027495248711373983247735610388702049736613087710340681310587522844892777576906362265240880995955409648802515137759691563363653616862712159688752916061815970988032.000000,2183939385730308635208420668460933914736575353792636055752251780277989982624268939247965316352032902605804190037285301907091865443511872780909337358499977323070554945362491120558481062474374010441479208921758922607624477388728235833881085870080.000000
1172,-1.471024,-0.191825,767217925266335522519883445024076189285011550871142232477027495248711373983247735610388702049736613087710340681310587522844892777576906362265240880995955409648802515137759691563363653616862712159688752916061815970988032.000000,2183939385730308635208420668460933914736575353792636055752251780277989982624268939247965316352032902605804190037285301907091865443511872780909337358499977323070554945362491120558481062474374010441479208921758922607624477388728235833881085870080.000000
1173,-1.469783,-0.195687,767217925266335522519883445024076189285011550871142232477027495248711373983247735610388702049736613087710340681310587522844892777576906362265240880995955409648802515137759691563363653616862712159688752916061815970988032.000000,2183939385730308635208420668460933914736575353792636055752251780277989982624268939247965316352032902605804190037285301907091865443511872780909337358499977323070554945362491120558481062474374010441479208921758922607624477388728235833881085870080.000000
1174,-1.468515,-0.199535,767217925266335522519883445024076189285011550871142232477027495248711373983247735610388702049736613087710340681310587522844892777576906362265240880995955409648802515137759691563363653616862712159688752916061815970988032.000000,2183939385730308635208420668460933914736575353792636055752251780277989982624268939247965316352032902605804190037285301907091865443511872780909337358499977323070554945362491120558481062474374010441479208921758922607624477388728235833881085870080.000000
1175,-1.467221,-0.203368,767217925266335522519883445024076189285011550871142232477027495248711373983247735610388702049736613087710340681310587522844892777576906362265240880995955409648802515137759691563363653616862712159688752916061815970988032.000000,2183939385730308635208420668460933914736575353792636055752251780277989982624268939247965316352032902605804190037285301907091865443511872780909337358499977323070554945362491120558481062474374010441479208921758922607624477388728235833881085870080.000000
1176,-1.465902,-0.207188,767217925266335522519883445024076189285011550871142232477027495248711373983247735610388702049736613087710340681310587522844892777576906362265240880995955409648802515137759691563363653616862712159688752916061815970988032.000000,2183939385730308635208420668460933914736575353792636055752251780277989982624268939247965316352032902605804190037285301907091865443511872780909337358499977323070554945362491120558481062474374010441479208921758922607624477388728235833881085870080.000000
1177,-1.464557,-0.210993,767217925266335522519883445024076189285011550871142232477027495248711373983247735610388702049736613087710340681310587522844892777576906362265240880995955409648802515137759691563363653616862712159688752916061815970988032.000000,2183939385730308635208420668460933914736575353792636055752251780277989982624268939247965316352032902605804190037285301907091865443511872780909337358499977323070554945362491120558481062474374010441479208921758922607624477388728235833881085870080.000000
1178,-1.463187,-0.214783,767217925266335522519883445024076189285011550871142232477027495248711373983247735610388702049736613087710340681310587522844892777576906362265240880995955409648802515137759691563363653616862712159688752916061815970988032.000000,2183939385730308635208420668460933914736575353792636055752251780277989982624268939247965316352032902605804190037285301907091865443511872780909337358499977323070554945362491120558481062474374010441479208921758922607624477388728235833881085870080.000000
1179,-1.461790,-0.218558,767217925266335522519883445024076189285011550871142232477027495248711373983247735610388702049736613087710340681310587522844892777576906362265240880995955409648802515137759691563363653616862712159688752916061815970988032.000000,2183939385730308635208420668460933914736575353792636055752251780277989982624268939247965316352032902605804190037285301907091865443511872780909337358499977323070554945362491120558481062474374010441479208921758922607624477388728235833881085870080.000000
1180,-1.460368,-0.222318,767217925266335522519883445024076189285011550871142232477027495248711373983247735610388702049736613087710340681310587522844892777576906362265240880995955409648802515137759691563363653616862712159688752916061815970988032.000000,2183939385730308635208420668460933914736575353792636055752251780277989982624268939247965316352032902605804190037285301907091865443511872780909337358499977323070554945362491120558481062474374010441479208921758922607624477388728235833881085870080.000000
1181,-1.458921,-0.226062,767217925266335522519883445024076189285011550871142232477027495248711373983247735610388702049736613087710340681310587522844892777576906362265240880995955409648802515137759691563363653616862712159688752916061815970988032.000000,2183939385730308635208420668460933914736575353792636055752251780277989982624268939247965316352032902605804190037285301907091865443511872780909337358499977323070554945362491120558481062474374010441479208921758922607624477388728235833881085870080.000000
1182,-1.457448,-0.229790,767217925266335522519883445024076189285011550871142232477027495248711373983247735610388702049736613087710340681310587522844892777576906362265240880995955409648802515137759691563363653616862712159688752916061815970988032.000000,2183939385730308635208420668460933914736575353792636055752251780277989982624268939247965316352032902605804190037285301907091865443511872780909337358499977323070554945362491120558481062474374010441479208921758922607624477388728235833881085870080.000000
1183,-1.455949,-0.233502,767217925266335522519883445024076189285011550871142232477027495248711373983247735610388702049736613087710340681310587522844892777576906362265240880995955409648802515137759691563363653616862712159688752916061815970988032.000000,2183939385730308635208420668460933914736575353792636055752251780277989982624268939247965316352032902605804190037285301907091865443511872780909337358499977323070554945362491120558481062474374010441479208921758922607624477388728235833881085870080.000000
1184,-1.454425,-0.237198,767217925266335522519883445024076189285011550871142232477027495248711373983247735610388702049736613087710340681310587522844892777576906362265240880995955409648802515137759691563363653616862712159688752916061815970988032.000000,2183939385730308635208420668460933914736575353792636055752251780277989982624268939247965316352032902605804190037285301907091865443511872780909337358499977323070554945362491120558481062474374010441479208921758922607624477388728235833881085870080.000000
1185,-1.452875,-0.240877,767217925266335522519883445024076189285011550871142232477027495248711373983247735610388702049736613087710340681310587522844892777576906362265240880995955409648802515137759691563363653616862712159688752916061815970988032.000000,2183939385730308635208420668460933914736575353792636055752251780277989982624268939247965316352032902605804190037285301907091865443511872780909337358499977323070554945362491120558481062474374010441479208921758922607624477388728235833881085870080.000000
1186,-1.451299,-0.244539,767217925266335522519883445024076189285011550871142232477027495248711373983247735610388702049736613087710340681310587522844892777576906362265240880995955409648802515137759691563363653616862712159688752916061815970988032.000000,2183939385730308635208420668460933914736575353792636055752251780277989982624268939247965316352032902605804190037285301907091865443511872780909337358499977323070554945362491120558481062474374010441479208921758922607624477388728235833881085870080.000000
1187,-1.449699,-0.248184,767217925266335522519883445024076189285011550871142232477027495248711373983247735610388702049736613087710340681310587522844892777576906362265240880995955409648802515137759691563363653616862712159688752916061815970988032.000000,2183939385730308635208420668460933914736575353792636055752251780277989982624268939247965316352032902605804190037285301907091865443511872780909337358499977323070554945362491120558481062474374010441479208921758922607624477388728235833881085870080.000000
1188,-1.448072,-0.251812,767217925266335522519883445024076189285011550871142232477027495248711373983247735610388702049736613087710340681310587522844892777576906362265240880995955409648802515137759691563363653616862712159688752916061815970988032.000000,2183939385730308635208420668460933914736575353792636055752251780277989982624268939247965316352032902605804190037285301907091865443511872780909337358499977323070554945362491120558481062474374010441479208921758922607624477388728235833881085870080.000000
1189,-1.446421,-0.255422,767217925266335522519883445024076189285011550871142232477027495248711373983247735610388702049736613087710340681310587522844892777576906362265240880995955409648802515137759691563363653616862712159688752916061815970988032.000000,2183939385730308635208420668460933914736575353792636055752251780277989982624268939247965316352032902605804190037285301907091865443511872780909337358499977323070554945362491120558481062474374010441479208921758922607624477388728235833881085870080.000000
1190,-1.444744,-0.259014,767217925266335522519883445024076189285011550871142232477027495248711373983247735610388702049736613087710340681310587522844892777576906362265240880995955409648802515137759691563363653616862712159688752916061815970988032.000000,2183939385730308635208420668460933914736575353792636055752251780277989982624268939247965316352032902605804190037285301907091865443511872780909337358499977323070554945362491120558481062474374010441479208921758922607624477388728235833881085870080.000000
1191,-1.443042,-0.262587,767217925266335522519883445024076189285011550871142232477027495248711373983247735610388702049736613087710340681310587522844892777576906362265240880995955409648802515137759691563363653616862712159688752916061815970988032.000000,2183939385730308635208420668460933914736575353792636055752251780277989982624268939247965316352032902605804190037285301907091865443511872780909337358499977323070554945362491120558481062474374010441479208921758922607624477388728235833881085870080.000000
1192,-1.441314,-0.266143,767217925266335522519883445024076189285011550871142232477027495248711373983247735610388702049736613087710340681310587522844892777576906362265240880995955409648802515137759691563363653616862712159688752916061815970988032.000000,2183939385730308635208420668460933914736575353792636055752251780277989982624268939247965316352032902605804190037285301907091865443511872780909337358499977323070554945362491120558481062474374010441479208921758922607624477388728235833881085870080.000000
1193,-1.439561,-0.269679,767217925266335522519883445024076189285011550871142232477027495248711373983247735610388702049736613087710340681310587522844892777576906362265240880995955409648802515137759691563363653616862712159688752916061815970988032.000000,2183939385730308635208420668460933914736575353792636055752251780277989982624268939247965316352032902605804190037285301907091865443511872780909337358499977323070554945362491120558481062474374010441479208921758922607624477388728235833881085870080.000000
1194,-1.437783,-0.273197,767217925266335522519883445024076189285011550871142232477027495248711373983247735610388702049736613087710340681310587522844892777576906362265240880995955409648802515137759691563363653616862712159688752916061815970988032.000000,2183939385730308635208420668460933914736575353792636055752251780277989982624268939247965316352032902605804190037285301907091865443511872780909337358499977323070554945362491120558481062474374010441479208921758922607624477388728235833881085870080.000000
1195,-1.435979,-0.276696,767217925266335522519883445024076189285011550871142232477027495248711373983247735610388702049736613087710340681310587522844892777576906362265240880995955409648802515137759691563363653616862712159688752916061815970988032.000000,2183939385730308635208420668460933914736575353792636055752251780277989982624268939247965316352032902605804190037285301907091865443511872780909337358499977323070554945362491120558481062474374010441479208921758922607624477388728235833881085870080.000000
1196,-1.434151,-0.280175,767217925266335522519883445024076189285011550871142232477027495248711373983247735610388702049736613087710340681310587522844892777576906362265240880995955409648802515137759691563363653616862712159688752916061815970988032.000000,2183939385730308635208420668460933914736575353792636055752251780277989982624268939247965316352032902605804190037285301907091865443511872780909337358499977323070554945362491120558481062474374010441479208921758922607624477388728235833881085870080.000000
1197,-1.432297,-0.283634,767217925266335522519883445024076189285011550871142232477027495248711373983247735610388702049736613087710340681310587522844892777576906362265240880995955409648802515137759691563363653616862712159688752916061815970988032.000000,2183939385730308635208420668460933914736575353792636055752251780277989982624268939247965316352032902605804190037285301907091865443511872780909337358499977323070554945362491120558481062474374010441479208921758922607624477388728235833881085870080.000000
1198,-1.430418,-0.287074,767217925266335522519883445024076189285011550871142232477027495248711373983247735610388702049736613087710340681310587522844892777576906362265240880995955409648802515137759691563363653616862712159688752916061815970988032.000000,2183939385730308635208420668460933914736575353792636055752251780277989982624268939247965316352032902605804190037285301907091865443511872780909337358499977323070554945362491120558481062474374010441479208921758922607624477388728235833881085870080.000000
1199,-1.428514,-0.290494,767217925266335522519883445024076189285011550871142232477027495248711373983247735610388702049736613087710340681310587522844892777576906362265240880995955409648802515137759691563363653616862712159688752916061815970988032.000000,2183939385730308635208420668460933914736575353792636055752251780277989982624268939247965316352032902605804190037285301907091865443511872780909337358499977323070554945362491120558481062474374010441479208921758922607624477388728235833881085870080.000000
1200,-1.426585,-0.293893,767217925266335522519883445024076189285011550871142232477027495248711373983247735610388702049736613087710340681310587522844892777576906362265240880995955409648802515137759691563363653616862712159688752916061815970988032.000000,2183939385730308635208420668460933914736575353792636055752251780277989982624268939247965316352032902605804190037285301907091865443511872780909337358499977323070554945362491120558481062474374010441479208921758922607624477388728235833881085870080.000000
1201,-1.424631,-0.297271,767217925266335522519883445024076189285011550871142232477027495248711373983247735610388702049736613087710340681310587522844892777576906362265240880995955409648802515137759691563363653616862712159688752916061815970988032.000000,2183939385730308635208420668460933914736575353792636055752251780277989982624268939247965316352032902605804190037285301907091865443511872780909337358499977323070554945362491120558481062474374010441479208921758922607624477388728235833881085870080.000000
1202,-1.422652,-0.300629,767217925266335522519883445024076189285011550871142232477027495248711373983247735610388702049736613087710340681310587522844892777576906362265240880995955409648802515137759691563363653616862712159688752916061815970988032.000000,2183939385730308635208420668460933914736575353792636055752251780277989982624268939247965316352032902605804190037285301907091865443511872780909337358499977323070554945362491120558481062474374010441479208921758922607624477388728235833881085870080.000000
1203,-1.420647,-0.303965,767217925266335522519883445024076189285011550871142232477027495248711373983247735610388702049736613087710340681310587522844892777576906362265240880995955409648802515137759691563363653616862712159688752916061815970988032.000000,2183939385730308635208420668460933914736575353792636055752251780277989982624268939247965316352032902605804190037285301907091865443511872780909337358499977323070554945362491120558481062474374010441479208921758922607624477388728235833881085870080.000000
1204,-1.418618,-0.307280,767217925266335522519883445024076189285011550871142232477027495248711373983247735610388702049736613087710340681310587522844892777576906362265240880995955409648802515137759691563363653616862712159688752916061815970988032.000000,2183939385730308635208420668460933914736575353792636055752251780277989982624268939247965316352032902605804190037285301907091865443511872780909337358499977323070554945362491120558481062474374010441479208921758922607624477388728235833881085870080.000000
1205,-1.416565,-0.310574,767217925266335522519883445024076189285011550871142232477027495248711373983247735610388702049736613087710340681310587522844892777576906362265240880995955409648802515137759691563363653616862712159688752916061815970988032.000000,2183939385730308635208420668460933914736575353792636055752251780277989982624268939247965316352032902605804190037285301907091865443511872780909337358499977323070554945362491120558481062474374010441479208921758922607624477388728235833881085870080.000000
1206,-1.414486,-0.313846,767217925266335522519883445024076189285011550871142232477027495248711373983247735610388702049736613087710340681310587522844892777576906362265240880995955409648802515137759691563363653616862712159688752916061815970988032.000000,2183939385730308635208420668460933914736575353792636055752251780277989982624268939247965316352032902605804190037285301907091865443511872780909337358499977323070554945362491120558481062474374010441479208921758922607624477388728235833881085870080.000000
1207,-1.412382,-0.317095,767217925266335522519883445024076189285011550871142232477027495248711373983247735610388702049736613087710340681310587522844892777576906362265240880995955409648802515137759691563363653616862712159688752916061815970988032.000000,2183939385730308635208420668460933914736575353792636055752251780277989982624268939247965316352032902605804190037285301907091865443511872780909337358499977323070554945362491120558481062474374010441479208921758922607624477388728235833881085870080.000000
1208,-1.410254,-0.320323,767217925266335522519883445024076189285011550871142232477027495248711373983247735610388702049736613087710340681310587522844892777576906362265240880995955409648802515137759691563363653616862712159688752916061815970988032.000000,2183939385730308635208420668460933914736575353792636055752251780277989982624268939247965316352032902605804190037285301907091865443511872780909337358499977323070554945362491120558481062474374010441479208921758922607624477388728235833881085870080.000000
1209,-1.408101,-0.323528,767217925266335522519883445024076189285011550871142232477027495248711373983247735610388702049736613087710340681310587522844892777576906362265240880995955409648802515137759691563363653616862712159688752916061815970988032.000000,2183939385730308635208420668460933914736575353792636055752251780277989982624268939247965316352032902605804190037285301907091865443511872780909337358499977323070554945362491120558481062474374010441479208921758922607624477388728235833881085870080.000000
1210,-1.405923,-0.326710,767217925266335522519883445024076189285011550871142232477027495248711373983247735610388702049736613087710340681310587522844892777576906362265240880995955409648802515137759691563363653616862712159688752916061815970988032.000000,2183939385730308635208420668460933914736575353792636055752251780277989982624268939247965316352032902605804190037285301907091865443511872780909337358499977323070554945362491120558481062474374010441479208921758922607624477388728235833881085870080.000000
1211,-1.403721,-0.329870,767217925266335522519883445024076189285011550871142232477027495248711373983247735610388702049736613087710340681310587522844892777576906362265240880995955409648802515137759691563363653616862712159688752916061815970988032.000000,2183939385730308635208420668460933914736575353792636055752251780277989982624268939247965316352032902605804190037285301907091865443511872780909337358499977323070554945362491120558481062474374010441479208921758922607624477388728235833881085870080.000000
1212,-1.401493,-0.333006,767217925266335522519883445024076189285011550871142232477027495248711373983247735610388702049736613087710340681310587522844892777576906362265240880995955409648802515137759691563363653616862712159688752916061815970988032.000000,2183939385730308635208420668460933914736575353792636055752251780277989982624268939247965316352032902605804190037285301907091865443511872780909337358499977323070554945362491120558481062474374010441479208921758922607624477388728235833881085870080.000000
1213,-1.399242,-0.336119,767217925266335522519883445024076189285011550871142232477027495248711373983247735610388702049736613087710340681310587522844892777576906362265240880995955409648802515137759691563363653616862712159688752916061815970988032.000000,2183939385730308635208420668460933914736575353792636055752251780277989982624268939247965316352032902605804190037285301907091865443511872780909337358499977323070554945362491120558481062474374010441479208921758922607624477388728235833881085870080.000000
1214,-1.396965,-0.339208,767217925266335522519883445024076189285011550871142232477027495248711373983247735610388702049736613087710340681310587522844892777576906362265240880995955409648802515137759691563363653616862712159688752916061815970988032.000000,2183939385730308635208420668460933914736575353792636055752251780277989982624268939247965316352032902605804190037285301907091865443511872780909337358499977323070554945362491120558481062474374010441479208921758922607624477388728235833881085870080.000000
1215,-1.394665,-0.342274,767217925266335522519883445024076189285011550871142232477027495248711373983247735610388702049736613087710340681310587522844892777576906362265240880995955409648802515137759691563363653616862712159688752916061815970988032.000000,2183939385730308635208420668460933914736575353792636055752251780277989982624268939247965316352032902605804190037285301907091865443511872780909337358499977323070554945362491120558481062474374010441479208921758922607624477388728235833881085870080.000000
1216,-1.392340,-0.345315,767217925266335522519883445024076189285011550871142232477027495248711373983247735610388702049736613087710340681310587522844892777576906362265240880995955409648802515137759691563363653616862712159688752916061815970988032.000000,2183939385730308635208420668460933914736575353792636055752251780277989982624268939247965316352032902605804190037285301907091865443511872780909337358499977323070554945362491120558481062474374010441479208921758922607624477388728235833881085870080.000000
1217,-1.389990,-0.348332,767217925266335522519883445024076189285011550871142232477027495248711373983247735610388702049736613087710340681310587522844892777576906362265240880995955409648802515137759691563363653616862712159688752916061815970988032.000000,2183939385730308635208420668460933914736575353792636055752251780277989982624268939247965316352032902605804190037285301907091865443511872780909337358499977323070554945362491120558481062474374010441479208921758922607624477388728235833881085870080.000000
1218,-1.387616,-0.351325,767217925266335522519883445024076189285011550871142232477027495248711373983247735610388702049736613087710340681310587522844892777576906362265240880995955409648802515137759691563363653616862712159688752916061815970988032.000000,2183939385730308635208420668460933914736575353792636055752251780277989982624268939247965316352032902605804190037285301907091865443511872780909337358499977323070554945362491120558481062474374010441479208921758922607624477388728235833881085870080.000000
1219,-1.385217,-0.354293,767217925266335522519883445024076189285011550871142232477027495248711373983247735610388702049736613087710340681310587522844892777576906362265240880995955409648802515137759691563363653616862712159688752916061815970988032.000000,2183939385730308635208420668460933914736575353792636055752251780277989982624268939247965316352032902605804190037285301907091865443511872780909337358499977323070554945362491120558481062474374010441479208921758922607624477388728235833881085870080.000000
1220,-1.382795,-0.357236,767217925266335522519883445024076189285011550871142232477027495248711373983247735610388702049736613087710340681310587522844892777576906362265240880995955409648802515137759691563363653616862712159688752916061815970988032.000000,2183939385730308635208420668460933914736575353792636055752251780277989982624268939247965316352032902605804190037285301907091865443511872780909337358499977323070554945362491120558481062474374010441479208921758922607624477388728235833881085870080.000000
1221,-1.380348,-0.360155,767217925266335522519883445024076189285011550871142232477027495248711373983247735610388702049736613087710340681310587522844892777576906362265240880995955409648802515137759691563363653616862712159688752916061815970988032.000000,2183939385730308635208420668460933914736575353792636055752251780277989982624268939247965316352032902605804190037285301907091865443511872780909337358499977323070554945362491120558481062474374010441479208921758922607624477388728235833881085870080.000000
1222,-1.377877,-0.363047,767217925266335522519883445024076189285011550871142232477027495248711373983247735610388702049736613087710340681310587522844892777576906362265240880995955409648802515137759691563363653616862712159688752916061815970988032.000000,2183939385730308635208420668460933914736575353792636055752251780277989982624268939247965316352032902605804190037285301907091865443511872780909337358499977323070554945362491120558481062474374010441479208921758922607624477388728235833881085870080.000000
1223,-1.375381,-0.365915,767217925266335522519883445024076189285011550871142232477027495248711373983247735610388702049736613087710340681310587522844892777576906362265240880995955409648802515137759691563363653616862712159688752916061815970988032.000000,2183939385730308635208420668460933914736575353792636055752251780277989982624268939247965316352032902605804190037285301907091865443511872780909337358499977323070554945362491120558481062474374010441479208921758922607624477388728235833881085870080.000000
1224,-1.372862,-0.368757,767217925266335522519883445024076189285011550871142232477027495248711373983247735610388702049736613087710340681310587522844892777576906362265240880995955409648802515137759691563363653616862712159688752916061815970988032.000000,2183939385730308635208420668460933914736575353792636055752251780277989982624268939247965316352032902605804190037285301907091865443511872780909337358499977323070554945362491120558481062474374010441479208921758922607624477388728235833881085870080.000000
1225,-1.370318,-0.371572,767217925266335522519883445024076189285011550871142232477027495248711373983247735610388702049736613087710340681310587522844892777576906362265240880995955409648802515137759691563363653616862712159688752916061815970988032.000000,2183939385730308635208420668460933914736575353792636055752251780277989982624268939247965316352032902605804190037285301907091865443511872780909337358499977323070554945362491120558481062474374010441479208921758922607624477388728235833881085870080.000000
1226,-1.367751,-0.374362,767217925266335522519883445024076189285011550871142232477027495248711373983247735610388702049736613087710340681310587522844892777576906362265240880995955409648802515137759691563363653616862712159688752916061815970988032.000000,2183939385730308635208420668460933914736575353792636055752251780277989982624268939247965316352032902605804190037285301907091865443511872780909337358499977323070554945362491120558481062474374010441479208921758922607624477388728235833881085870080.000000
1227,-1.365159,-0.377126,767217925266335522519883445024076189285011550871142232477027495248711373983247735610388702049736613087710340681310587522844892777576906362265240880995955409648802515137759691563363653616862712159688752916061815970988032.000000,2183939385730308635208420668460933914736575353792636055752251780277989982624268939247965316352032902605804190037285301907091865443511872780909337358499977323070554945362491120558481062474374010441479208921758922607624477388728235833881085870080.000000
1228,-1.362543,-0.379863,767217925266335522519883445024076189285011550871142232477027495248711373983247735610388702049736613087710340681310587522844892777576906362265240880995955409648802515137759691563363653616862712159688752916061815970988032.000000,2183939385730308635208420668460933914736575353792636055752251780277989982624268939247965316352032902605804190037285301907091865443511872780909337358499977323070554945362491120558481062474374010441479208921758922607624477388728235833881085870080.000000
1229,-1.359904,-0.382573,767217925266335522519883445024076189285011550871142232477027495248711373983247735610388702049736613087710340681310587522844892777576906362265240880995955409648802515137759691563363653616862712159688752916061815970988032.000000,2183939385730308635208420668460933914736575353792636055752251780277989982624268939247965316352032902605804190037285301907091865443511872780909337358499977323070554945362491120558481062474374010441479208921758922607624477388728235833881085870080.000000
1230,-1.357241,-0.385257,767217925266335522519883445024076189285011550871142232477027495248711373983247735610388702049736613087710340681310587522844892777576906362265240880995955409648802515137759691563363653616862712159688752916061815970988032.000000,2183939385730308635208420668460933914736575353792636055752251780277989982624268939247965316352032902605804190037285301907091865443511872780909337358499977323070554945362491120558481062474374010441479208921758922607624477388728235833881085870080.000000
1231,-1.354553,-0.387913,767217925266335522519883445024076189285011550871142232477027495248711373983247735610388702049736613087710340681310587522844892777576906362265240880995955409648802515137759691563363653616862712159688752916061815970988032.000000,2183939385730308635208420668460933914736575353792636055752251780277989982624268939247965316352032902605804190037285301907091865443511872780909337358499977323070554945362491120558481062474374010441479208921758922607624477388728235833881085870080.000000
1232,-1.351843,-0.390542,767217925266335522519883445024076189285011550871142232477027495248711373983247735610388702049736613087710340681310587522844892777576906362265240880995955409648802515137759691563363653616862712159688752916061815970988032.000000,2183939385730308635208420668460933914736575353792636055752251780277989982624268939247965316352032902605804190037285301907091865443511872780909337358499977323070554945362491120558481062474374010441479208921758922607624477388728235833881085870080.000000
1233,-1.349108,-0.393144,767217925266335522519883445024076189285011550871142232477027495248711373983247735610388702049736613087710340681310587522844892777576906362265240880995955409648802515137759691563363653616862712159688752916061815970988032.000000,2183939385730308635208420668460933914736575353792636055752251780277989982624268939247965316352032902605804190037285301907091865443511872780909337358499977323070554945362491120558481062474374010441479208921758922607624477388728235833881085870080.000000
1234,-1.346350,-0.395718,767217925266335522519883445024076189285011550871142232477027495248711373983247735610388702049736613087710340681310587522844892777576906362265240880995955409648802515137759691563363653616862712159688752916061815970988032.000000,2183939385730308635208420668460933914736575353792636055752251780277989982624268939247965316352032902605804190037285301907091865443511872780909337358499977323070554945362491120558481062474374010441479208921758922607624477388728235833881085870080.000000
1235,-1.343568,-0.398265,767217925266335522519883445024076189285011550871142232477027495248711373983247735610388702049736613087710340681310587522844892777576906362265240880995955409648802515137759691563363653616862712159688752916061815970988032.000000,2183939385730308635208420668460933914736575353792636055752251780277989982624268939247965316352032902605804190037285301907091865443511872780909337358499977323070554945362491120558481062474374010441479208921758922607624477388728235833881085870080.000000
1236,-1.340762,-0.400783,767217925266335522519883445024076189285011550871142232477027495248711373983247735610388702049736613087710340681310587522844892777576906362265240880995955409648802515137759691563363653616862712159688752916061815970988032.000000,2183939385730308635208420668460933914736575353792636055752251780277989982624268939247965316352032902605804190037285301907091865443511872780909337358499977323070554945362491120558481062474374010441479208921758922607624477388728235833881085870080.000000
1237,-1.337933,-0.403274,767217925266335522519883445024076189285011550871142232477027495248711373983247735610388702049736613087710340681310587522844892777576906362265240880995955409648802515137759691563363653616862712159688752916061815970988032.000000,2183939385730308635208420668460933914736575353792636055752251780277989982624268939247965316352032902605804190037285301907091865443511872780909337358499977323070554945362491120558481062474374010441479208921758922607624477388728235833881085870080.000000
1238,-1.335081,-0.405736,767217925266335522519883445024076189285011550871142232477027495248711373983247735610388702049736613087710340681310587522844892777576906362265240880995955409648802515137759691563363653616862712159688752916061815970988032.000000,2183939385730308635208420668460933914736575353792636055752251780277989982624268939247965316352032902605804190037285301907091865443511872780909337358499977323070554945362491120558481062474374010441479208921758922607624477388728235833881085870080.000000
1239,-1.332205,-0.408170,767217925266335522519883445024076189285011550871142232477027495248711373983247735610388702049736613087710340681310587522844892777576906362265240880995955409648802515137759691563363653616862712159688752916061815970988032.000000,2183939385730308635208420668460933914736575353792636055752251780277989982624268939247965316352032902605804190037285301907091865443511872780909337358499977323070554945362491120558481062474374010441479208921758922607624477388728235833881085870080.000000
1240,-1.329305,-0.410575,767217925266335522519883445024076189285011550871142232477027495248711373983247735610388702049736613087710340681310587522844892777576906362265240880995955409648802515137759691563363653616862712159688752916061815970988032.000000,2183939385730308635208420668460933914736575353792636055752251780277989982624268939247965316352032902605804190037285301907091865443511872780909337358499977323070554945362491120558481062474374010441479208921758922607624477388728235833881085870080.000000
1241,-1.326383,-0.412951,767217925266335522519883445024076189285011550871142232477027495248711373983247735610388702049736613087710340681310587522844892777576906362265240880995955409648802515137759691563363653616862712159688752916061815970988032.000000,2183939385730308635208420668460933914736575353792636055752251780277989982624268939247965316352032902605804190037285301907091865443511872780909337358499977323070554945362491120558481062474374010441479208921758922607624477388728235833881085870080.000000
1242,-1.323437,-0.415298,767217925266335522519883445024076189285011550871142232477027495248711373983247735610388702049736613087710340681310587522844892777576906362265240880995955409648802515137759691563363653616862712159688752916061815970988032.000000,2183939385730308635208420668460933914736575353792636055752251780277989982624268939247965316352032902605804190037285301907091865443511872780909337358499977323070554945362491120558481062474374010441479208921758922607624477388728235833881085870080.000000
1243,-1.320468,-0.417616,767217925266335522519883445024076189285011550871142232477027495248711373983247735610388702049736613087710340681310587522844892777576906362265240880995955409648802515137759691563363653616862712159688752916061815970988032.000000,2183939385730308635208420668460933914736575353792636055752251780277989982624268939247965316352032902605804190037285301907091865443511872780909337358499977323070554945362491120558481062474374010441479208921758922607624477388728235833881085870080.000000
1244,-1.317475,-0.419905,767217925266335522519883445024076189285011550871142232477027495248711373983247735610388702049736613087710340681310587522844892777576906362265240880995955409648802515137759691563363653616862712159688752916061815970988032.000000,2183939385730308635208420668460933914736575353792636055752251780277989982624268939247965316352032902605804190037285301907091865443511872780909337358499977323070554945362491120558481062474374010441479208921758922607624477388728235833881085870080.000000
1245,-1.314460,-0.422164,767217925266335522519883445024076189285011550871142232477027495248711373983247735610388702049736613087710340681310587522844892777576906362265240880995955409648802515137759691563363653616862712159688752916061815970988032.000000,2183939385730308635208420668460933914736575353792636055752251780277989982624268939247965316352032902605804190037285301907091865443511872780909337358499977323070554945362491120558481062474374010441479208921758922607624477388728235833881085870080.000000
1246,-1.311422,-0.424394,767217925266335522519883445024076189285011550871142232477027495248711373983247735610388702049736613087710340681310587522844892777576906362265240880995955409648802515137759691563363653616862712159688752916061815970988032.000000,2183939385730308635208420668460933914736575353792636055752251780277989982624268939247965316352032902605804190037285301907091865443511872780909337358499977323070554945362491120558481062474374010441479208921758922607624477388728235833881085870080.000000
1247,-1.308360,-0.426593,767217925266335522519883445024076189285011550871142232477027495248711373983247735610388702049736613087710340681310587522844892777576906362265240880995955409648802515137759691563363653616862712159688752916061815970988032.000000,2183939385730308635208420668460933914736575353792636055752251780277989982624268939247965316352032902605804190037285301907091865443511872780909337358499977323070554945362491120558481062474374010441479208921758922607624477388728235833881085870080.000000
1248,-1.305276,-0.428763,767217925266335522519883445024076189285011550871142232477027495248711373983247735610388702049736613087710340681310587522844892777576906362265240880995955409648802515137759691563363653616862712159688752916061815970988032.000000,2183939385730308635208420668460933914736575353792636055752251780277989982624268939247965316352032902605804190037285301907091865443511872780909337358499977323070554945362491120558481062474374010441479208921758922607624477388728235833881085870080.000000
1249,-1.302168,-0.430903,767217925266335522519883445024076189285011550871142232477027495248711373983247735610388702049736613087710340681310587522844892777576906362265240880995955409648802515137759691563363653616862712159688752916061815970988032.000000,2183939385730308635208420668460933914736575353792636055752251780277989982624268939247965316352032902605804190037285301907091865443511872780909337358499977323070554945362491120558481062474374010441479208921758922607624477388728235833881085870080.000000
1250,-1.299038,-0.433013,767217925266335522519883445024076189285011550871142232477027495248711373983247735610388702049736613087710340681310587522844892777576906362265240880995955409648802515137759691563363653616862712159688752916061815970988032.000000,2183939385730308635208420668460933914736575353792636055752251780277989982624268939247965316352032902605804190037285301907091865443511872780909337358499977323070554945362491120558481062474374010441479208921758922607624477388728235833881085870080.000000
1251,-1.295885,-0.435092,767217925266335522519883445024076189285011550871142232477027495248711373983247735610388702049736613087710340681310587522844892777576906362265240880995955409648802515137759691563363653616862712159688752916061815970988032.000000,2183939385730308635208420668460933914736575353792636055752251780277989982624268939247965316352032902605804190037285301907091865443511872780909337358499977323070554945362491120558481062474374010441479208921758922607624477388728235833881085870080.000000
1252,-1.292709,-0.437141,767217925266335522519883445024076189285011550871142232477027495248711373983247735610388702049736613087710340681310587522844892777576906362265240880995955409648802515137759691563363653616862712159688752916061815970988032.000000,2183939385730308635208420668460933914736575353792636055752251780277989982624268939247965316352032902605804190037285301907091865443511872780909337358499977323070554945362491120558481062474374010441479208921758922607624477388728235833881085870080.000000
1253,-1.289511,-0.439158,767217925266335522519883445024076189285011550871142232477027495248711373983247735610388702049736613087710340681310587522844892777576906362265240880995955409648802515137759691563363653616862712159688752916061815970988032.000000,2183939385730308635208420668460933914736575353792636055752251780277989982624268939247965316352032902605804190037285301907091865443511872780909337358499977323070554945362491120558481062474374010441479208921758922607624477388728235833881085870080.000000
1254,-1.286290,-0.441146,767217925266335522519883445024076189285011550871142232477027495248711373983247735610388702049736613087710340681310587522844892777576906362265240880995955409648802515137759691563363653616862712159688752916061815970988032.000000,2183939385730308635208420668460933914736575353792636055752251780277989982624268939247965316352032902605804190037285301907091865443511872780909337358499977323070554945362491120558481062474374010441479208921758922607624477388728235833881085870080.000000
1255,-1.283046,-0.443102,767217925266335522519883445024076189285011550871142232477027495248711373983247735610388702049736613087710340681310587522844892777576906362265240880995955409648802515137759691563363653616862712159688752916061815970988032.000000,2183939385730308635208420668460933914736575353792636055752251780277989982624268939247965316352032902605804190037285301907091865443511872780909337358499977323070554945362491120558481062474374010441479208921758922607624477388728235833881085870080.000000
1256,-1.279780,-0.445027,767217925266335522519883445024076189285011550871142232477027495248711373983247735610388702049736613087710340681310587522844892777576906362265240880995955409648802515137759691563363653616862712159688752916061815970988032.000000,2183939385730308635208420668460933914736575353792636055752251780277989982624268939247965316352032902605804190037285301907091865443511872780909337358499977323070554945362491120558481062474374010441479208921758922607624477388728235833881085870080.000000
1257,-1.276492,-0.446921,767217925266335522519883445024076189285011550871142232477027495248711373983247735610388702049736613087710340681310587522844892777576906362265240880995955409648802515137759691563363653616862712159688752916061815970988032.000000,2183939385730308635208420668460933914736575353792636055752251780277989982624268939247965316352032902605804190037285301907091865443511872780909337358499977323070554945362491120558481062474374010441479208921758922607624477388728235833881085870080.000000
1258,-1.273181,-0.448783,767217925266335522519883445024076189285011550871142232477027495248711373983247735610388702049736613087710340681310587522844892777576906362265240880995955409648802515137759691563363653616862712159688752916061815970988032.000000,2183939385730308635208420668460933914736575353792636055752251780277989982624268939247965316352032902605804190037285301907091865443511872780909337358499977323070554945362491120558481062474374010441479208921758922607624477388728235833881085870080.000000
1259,-1.269847,-0.450614,767217925266335522519883445024076189285011550871142232477027495248711373983247735610388702049736613087710340681310587522844892777576906362265240880995955409648802515137759691563363653616862712159688752916061815970988032.000000,2183939385730308635208420668460933914736575353792636055752251780277989982624268939247965316352032902605804190037285301907091865443511872780909337358499977323070554945362491120558481062474374010441479208921758922607624477388728235833881085870080.000000
1260,-1.266492,-0.452414,767217925266335522519883445024076189285011550871142232477027495248711373983247735610388702049736613087710340681310587522844892777576906362265240880995955409648802515137759691563363653616862712159688752916061815970988032.000000,2183939385730308635208420668460933914736575353792636055752251780277989982624268939247965316352032902605804190037285301907091865443511872780909337358499977323070554945362491120558481062474374010441479208921758922607624477388728235833881085870080.000000
1261,-1.263114,-0.454181,767217925266335522519883445024076189285011550871142232477027495248711373983247735610388702049736613087710340681310587522844892777576906362265240880995955409648802515137759691563363653616862712159688752916061815970988032.000000,2183939385730308635208420668460933914736575353792636055752251780277989982624268939247965316352032902605804190037285301907091865443511872780909337358499977323070554945362491120558481062474374010441479208921758922607624477388728235833881085870080.000000
1262,-1.259714,-0.455917,767217925266335522519883445024076189285011550871142232477027495248711373983247735610388702049736613087710340681310587522844892777576906362265240880995955409648802515137759691563363653616862712159688752916061815970988032.000000,2183939385730308635208420668460933914736575353792636055752251780277989982624268939247965316352032902605804190037285301907091865443511872780909337358499977323070554945362491120558481062474374010441479208921758922607624477388728235833881085870080.000000
1263,-1.256292,-0.457621,767217925266335522519883445024076189285011550871142232477027495248711373983247735610388702049736613087710340681310587522844892777576906362265240880995955409648802515137759691563363653616862712159688752916061815970988032.000000,2183939385730308635208420668460933914736575353792636055752251780277989982624268939247965316352032902605804190037285301907091865443511872780909337358499977323070554945362491120558481062474374010441479208921758922607624477388728235833881085870080.000000
1264,-1.252848,-0.459292,767217925266335522519883445024076189285011550871142232477027495248711373983247735610388702049736613087710340681310587522844892777576906362265240880995955409648802515137759691563363653616862712159688752916061815970988032.000000,2183939385730308635208420668460933914736575353792636055752251780277989982624268939247965316352032902605804190037285301907091865443511872780909337358499977323070554945362491120558481062474374010441479208921758922607624477388728235833881085870080.000000
1265,-1.249382,-0.460932,767217925266335522519883445024076189285011550871142232477027495248711373983247735610388702049736613087710340681310587522844892777576906362265240880995955409648802515137759691563363653616862712159688752916061815970988032.000000,2183939385730308635208420668460933914736575353792636055752251780277989982624268939247965316352032902605804190037285301907091865443511872780909337358499977323070554945362491120558481062474374010441479208921758922607624477388728235833881085870080.000000
1266,-1.245894,-0.462539,767217925266335522519883445024076189285011550871142232477027495248711373983247735610388702049736613087710340681310587522844892777576906362265240880995955409648802515137759691563363653616862712159688752916061815970988032.000000,2183939385730308635208420668460933914736575353792636055752251780277989982624268939247965316352032902605804190037285301907091865443511872780909337358499977323070554945362491120558481062474374010441479208921758922607624477388728235833881085870080.000000
1267,-1.242384,-0.464113,767217925266335522519883445024076189285011550871142232477027495248711373983247735610388702049736613087710340681310587522844892777576906362265240880995955409648802515137759691563363653616862712159688752916061815970988032.000000,2183939385730308635208420668460933914736575353792636055752251780277989982624268939247965316352032902605804190037285301907091865443511872780909337358499977323070554945362491120558481062474374010441479208921758922607624477388728235833881085870080.000000
1268,-1.238852,-0.465655,767217925266335522519883445024076189285011550871142232477027495248711373983247735610388702049736613087710340681310587522844892777576906362265240880995955409648802515137759691563363653616862712159688752916061815970988032.000000,2183939385730308635208420668460933914736575353792636055752251780277989982624268939247965316352032902605804190037285301907091865443511872780909337358499977323070554945362491120558481062474374010441479208921758922607624477388728235833881085870080.000000
1269,-1.235299,-0.467164,767217925266335522519883445024076189285011550871142232477027495248711373983247735610388702049736613087710340681310587522844892777576906362265240880995955409648802515137759691563363653616862712159688752916061815970988032.000000,2183939385730308635208420668460933914736575353792636055752251780277989982624268939247965316352032902605804190037285301907091865443511872780909337358499977323070554945362491120558481062474374010441479208921758922607624477388728235833881085870080.000000
1270,-1.231724,-0.468641,767217925266335522519883445024076189285011550871142232477027495248711373983247735610388702049736613087710340681310587522844892777576906362265240880995955409648802515137759691563363653616862712159688752916061815970988032.000000,2183939385730308635208420668460933914736575353792636055752251780277989982624268939247965316352032902605804190037285301907091865443511872780909337358499977323070554945362491120558481062474374010441479208921758922607624477388728235833881085870080.000000
1271,-1.228127,-0.470085,767217925266335522519883445024076189285011550871142232477027495248711373983247735610388702049736613087710340681310587522844892777576906362265240880995955409648802515137759691563363653616862712159688752916061815970988032.000000,2183939385730308635208420668460933914736575353792636055752251780277989982624268939247965316352032902605804190037285301907091865443511872780909337358499977323070554945362491120558481062474374010441479208921758922607624477388728235833881085870080.000000
1272,-1.224509,-0.471495,767217925266335522519883445024076189285011550871142232477027495248711373983247735610388702049736613087710340681310587522844892777576906362265240880995955409648802515137759691563363653616862712159688752916061815970988032.000000,2183939385730308635208420668460933914736575353792636055752251780277989982624268939247965316352032902605804190037285301907091865443511872780909337358499977323070554945362491120558481062474374010441479208921758922607624477388728235833881085870080.000000
1273,-1.220869,-0.472873,767217925266335522519883445024076189285011550871142232477027495248711373983247735610388702049736613087710340681310587522844892777576906362265240880995955409648802515137759691563363653616862712159688752916061815970988032.000000,2183939385730308635208420668460933914736575353792636055752251780277989982624268939247965316352032902605804190037285301907091865443511872780909337358499977323070554945362491120558481062474374010441479208921758922607624477388728235833881085870080.000000
1274,-1.217208,-0.474217,767217925266335522519883445024076189285011550871142232477027495248711373983247735610388702049736613087710340681310587522844892777576906362265240880995955409648802515137759691563363653616862712159688752916061815970988032.000000,2183939385730308635208420668460933914736575353792636055752251780277989982624268939247965316352032902605804190037285301907091865443511872780909337358499977323070554945362491120558481062474374010441479208921758922607624477388728235833881085870080.000000
1275,-1.213525,-0.475528,767217925266335522519883445024076189285011550871142232477027495248711373983247735610388702049736613087710340681310587522844892777576906362265240880995955409648802515137759691563363653616862712159688752916061815970988032.000000,2183939385730308635208420668460933914736575353792636055752251780277989982624268939247965316352032902605804190037285301907091865443511872780909337358499977323070554945362491120558481062474374010441479208921758922607624477388728235833881085870080.000000
1276,-1.209822,-0.476806,767217925266335522519883445024076189285011550871142232477027495248711373983247735610388702049736613087710340681310587522844892777576906362265240880995955409648802515137759691563363653616862712159688752916061815970988032.000000,2183939385730308635208420668460933914736575353792636055752251780277989982624268939247965316352032902605804190037285301907091865443511872780909337358499977323070554945362491120558481062474374010441479208921758922607624477388728235833881085870080.000000
1277,-1.206097,-0.478050,767217925266335522519883445024076189285011550871142232477027495248711373983247735610388702049736613087710340681310587522844892777576906362265240880995955409648802515137759691563363653616862712159688752916061815970988032.000000,2183939385730308635208420668460933914736575353792636055752251780277989982624268939247965316352032902605804190037285301907091865443511872780909337358499977323070554945362491120558481062474374010441479208921758922607624477388728235833881085870080.000000
1278,-1.202350,-0.479261,767217925266335522519883445024076189285011550871142232477027495248711373983247735610388702049736613087710340681310587522844892777576906362265240880995955409648802515137759691563363653616862712159688752916061815970988032.000000,2183939385730308635208420668460933914736575353792636055752251780277989982624268939247965316352032902605804190037285301907091865443511872780909337358499977323070554945362491120558481062474374010441479208921758922607624477388728235833881085870080.000000
1279,-1.198583,-0.480438,767217925266335522519883445024076189285011550871142232477027495248711373983247735610388702049736613087710340681310587522844892777576906362265240880995955409648802515137759691563363653616862712159688752916061815970988032.000000,2183939385730308635208420668460933914736575353792636055752251780277989982624268939247965316352032902605804190037285301907091865443511872780909337358499977323070554945362491120558481062474374010441479208921758922607624477388728235833881085870080.000000
1280,-1.194795,-0.481581,767217925266335522519883445024076189285011550871142232477027495248711373983247735610388702049736613087710340681310587522844892777576906362265240880995955409648802515137759691563363653616862712159688752916061815970988032.000000,2183939385730308635208420668460933914736575353792636055752251780277989982624268939247965316352032902605804190037285301907091865443511872780909337358499977323070554945362491120558481062474374010441479208921758922607624477388728235833881085870080.000000
1281,-1.190986,-0.482691,767217925266335522519883445024076189285011550871142232477027495248711373983247735610388702049736613087710340681310587522844892777576906362265240880995955409648802515137759691563363653616862712159688752916061815970988032.000000,2183939385730308635208420668460933914736575353792636055752251780277989982624268939247965316352032902605804190037285301907091865443511872780909337358499977323070554945362491120558481062474374010441479208921758922607624477388728235833881085870080.000000
1282,-1.187155,-0.483766,767217925266335522519883445024076189285011550871142232477027495248711373983247735610388702049736613087710340681310587522844892777576906362265240880995955409648802515137759691563363653616862712159688752916061815970988032.000000,2183939385730308635208420668460933914736575353792636055752251780277989982624268939247965316352032902605804190037285301907091865443511872780909337358499977323070554945362491120558481062474374010441479208921758922607624477388728235833881085870080.000000
1283,-1.183304,-0.484808,767217925266335522519883445024076189285011550871142232477027495248711373983247735610388702049736613087710340681310587522844892777576906362265240880995955409648802515137759691563363653616862712159688752916061815970988032.000000,2183939385730308635208420668460933914736575353792636055752251780277989982624268939247965316352032902605804190037285301907091865443511872780909337358499977323070554945362491120558481062474374010441479208921758922607624477388728235833881085870080.000000
1284,-1.179433,-0.485816,767217925266335522519883445024076189285011550871142232477027495248711373983247735610388702049736613087710340681310587522844892777576906362265240880995955409648802515137759691563363653616862712159688752916061815970988032.000000,2183939385730308635208420668460933914736575353792636055752251780277989982624268939247965316352032902605804190037285301907091865443511872780909337358499977323070554945362491120558481062474374010441479208921758922607624477388728235833881085870080.000000
1285,-1.175540,-0.486789,767217925266335522519883445024076189285011550871142232477027495248711373983247735610388702049736613087710340681310587522844892777576906362265240880995955409648802515137759691563363653616862712159688752916061815970988032.000000,2183939385730308635208420668460933914736575353792636055752251780277989982624268939247965316352032902605804190037285301907091865443511872780909337358499977323070554945362491120558481062474374010441479208921758922607624477388728235833881085870080.000000
1286,-1.171627,-0.487729,767217925266335522519883445024076189285011550871142232477027495248711373983247735610388702049736613087710340681310587522844892777576906362265240880995955409648802515137759691563363653616862712159688752916061815970988032.000000,2183939385730308635208420668460933914736575353792636055752251780277989982624268939247965316352032902605804190037285301907091865443511872780909337358499977323070554945362491120558481062474374010441479208921758922607624477388728235833881085870080.000000
1287,-1.167693,-0.488634,767217925266335522519883445024076189285011550871142232477027495248711373983247735610388702049736613087710340681310587522844892777576906362265240880995955409648802515137759691563363653616862712159688752916061815970988032.000000,2183939385730308635208420668460933914736575353792636055752251780277989982624268939247965316352032902605804190037285301907091865443511872780909337358499977323070554945362491120558481062474374010441479208921758922607624477388728235833881085870080.000000
1288,-1.163739,-0.489505,767217925266335522519883445024076189285011550871142232477027495248711373983247735610388702049736613087710340681310587522844892777576906362265240880995955409648802515137759691563363653616862712159688752916061815970988032.000000,2183939385730308635208420668460933914736575353792636055752251780277989982624268939247965316352032902605804190037285301907091865443511872780909337358499977323070554945362491120558481062474374010441479208921758922607624477388728235833881085870080.000000
1289,-1.159765,-0.490341,767217925266335522519883445024076189285011550871142232477027495248711373983247735610388702049736613087710340681310587522844892777576906362265240880995955409648802515137759691563363653616862712159688752916061815970988032.000000,2183939385730308635208420668460933914736575353792636055752251780277989982624268939247965316352032902605804190037285301907091865443511872780909337358499977323070554945362491120558481062474374010441479208921758922607624477388728235833881085870080.000000
1290,-1.155770,-0.491144,767217925266335522519883445024076189285011550871142232477027495248711373983247735610388702049736613087710340681310587522844892777576906362265240880995955409648802515137759691563363653616862712159688752916061815970988032.000000,2183939385730308635208420668460933914736575353792636055752251780277989982624268939247965316352032902605804190037285301907091865443511872780909337358499977323070554945362491120558481062474374010441479208921758922607624477388728235833881085870080.000000
1291,-1.151755,-0.491911,767217925266335522519883445024076189285011550871142232477027495248711373983247735610388702049736613087710340681310587522844892777576906362265240880995955409648802515137759691563363653616862712159688752916061815970988032.000000,2183939385730308635208420668460933914736575353792636055752251780277989982624268939247965316352032902605804190037285301907091865443511872780909337358499977323070554945362491120558481062474374010441479208921758922607624477388728235833881085870080.000000
1292,-1.147719,-0.492644,767217925266335522519883445024076189285011550871142232477027495248711373983247735610388702049736613087710340681310587522844892777576906362265240880995955409648802515137759691563363653616862712159688752916061815970988032.000000,2183939385730308635208420668460933914736575353792636055752251780277989982624268939247965316352032902605804190037285301907091865443511872780909337358499977323070554945362491120558481062474374010441479208921758922607624477388728235833881085870080.000000
1293,-1.143664,-0.493343,767217925266335522519883445024076189285011550871142232477027495248711373983247735610388702049736613087710340681310587522844892777576906362265240880995955409648802515137759691563363653616862712159688752916061815970988032.000000,2183939385730308635208420668460933914736575353792636055752251780277989982624268939247965316352032902605804190037285301907091865443511872780909337358499977323070554945362491120558481062474374010441479208921758922607624477388728235833881085870080.000000
1294,-1.139588,-0.494007,767217925266335522519883445024076189285011550871142232477027495248711373983247735610388702049736613087710340681310587522844892777576906362265240880995955409648802515137759691563363653616862712159688752916061815970988032.000000,2183939385730308635208420668460933914736575353792636055752251780277989982624268939247965316352032902605804190037285301907091865443511872780909337358499977323070554945362491120558481062474374010441479208921758922607624477388728235833881085870080.000000
1295,-1.135493,-0.494636,767217925266335522519883445024076189285011550871142232477027495248711373983247735610388702049736613087710340681310587522844892777576906362265240880995955409648802515137759691563363653616862712159688752916061815970988032.000000,2183939385730308635208420668460933914736575353792636055752251780277989982624268939247965316352032902605804190037285301907091865443511872780909337358499977323070554945362491120558481062474374010441479208921758922607624477388728235833881085870080.000000
1296,-1.131377,-0.495231,767217925266335522519883445024076189285011550871142232477027495248711373983247735610388702049736613087710340681310587522844892777576906362265240880995955409648802515137759691563363653616862712159688752916061815970988032.000000,2183939385730308635208420668460933914736575353792636055752251780277989982624268939247965316352032902605804190037285301907091865443511872780909337358499977323070554945362491120558481062474374010441479208921758922607624477388728235833881085870080.000000
1297,-1.127242,-0.495791,767217925266335522519883445024076189285011550871142232477027495248711373983247735610388702049736613087710340681310587522844892777576906362265240880995955409648802515137759691563363653616862712159688752916061815970988032.000000,2183939385730308635208420668460933914736575353792636055752251780277989982624268939247965316352032902605804190037285301907091865443511872780909337358499977323070554945362491120558481062474374010441479208921758922607624477388728235833881085870080.000000
1298,-1.123087,-0.496315,767217925266335522519883445024076189285011550871142232477027495248711373983247735610388702049736613087710340681310587522844892777576906362265240880995955409648802515137759691563363653616862712159688752916061815970988032.000000,2183939385730308635208420668460933914736575353792636055752251780277989982624268939247965316352032902605804190037285301907091865443511872780909337358499977323070554945362491120558481062474374010441479208921758922607624477388728235833881085870080.000000
1299,-1.118912,-0.496806,767217925266335522519883445024076189285011550871142232477027495248711373983247735610388702049736613087710340681310587522844892777576906362265240880995955409648802515137759691563363653616862712159688752916061815970988032.000000,2183939385730308635208420668460933914736575353792636055752251780277989982624268939247965316352032902605804190037285301907091865443511872780909337358499977323070554945362491120558481062474374010441479208921758922607624477388728235833881085870080.000000
1300,-1.114717,-0.497261,767217925266335522519883445024076189285011550871142232477027495248711373983247735610388702049736613087710340681310587522844892777576906362265240880995955409648802515137759691563363653616862712159688752916061815970988032.000000,2183939385730308635208420668460933914736575353792636055752251780277989982624268939247965316352032902605804190037285301907091865443511872780909337358499977323070554945362491120558481062474374010441479208921758922607624477388728235833881085870080.000000
1301,-1.110503,-0.497681,767217925266335522519883445024076189285011550871142232477027495248711373983247735610388702049736613087710340681310587522844892777576906362265240880995955409648802515137759691563363653616862712159688752916061815970988032.000000,2183939385730308635208420668460933914736575353792636055752251780277989982624268939247965316352032902605804190037285301907091865443511872780909337358499977323070554945362491120558481062474374010441479208921758922607624477388728235833881085870080.000000
1302,-1.106270,-0.498067,767217925266335522519883445024076189285011550871142232477027495248711373983247735610388702049736613087710340681310587522844892777576906362265240880995955409648802515137759691563363653616862712159688752916061815970988032.000000,2183939385730308635208420668460933914736575353792636055752251780277989982624268939247965316352032902605804190037285301907091865443511872780909337358499977323070554945362491120558481062474374010441479208921758922607624477388728235833881085870080.000000
1303,-1.102017,-0.498417,767217925266335522519883445024076189285011550871142232477027495248711373983247735610388702049736613087710340681310587522844892777576906362265240880995955409648802515137759691563363653616862712159688752916061815970988032.000000,2183939385730308635208420668460933914736575353792636055752251780277989982624268939247965316352032902605804190037285301907091865443511872780909337358499977323070554945362491120558481062474374010441479208921758922607624477388728235833881085870080.000000
1304,-1.097744,-0.498733,767217925266335522519883445024076189285011550871142232477027495248711373983247735610388702049736613087710340681310587522844892777576906362265240880995955409648802515137759691563363653616862712159688752916061815970988032.000000,2183939385730308635208420668460933914736575353792636055752251780277989982624268939247965316352032902605804190037285301907091865443511872780909337358499977323070554945362491120558481062474374010441479208921758922607624477388728235833881085870080.000000
1305,-1.093453,-0.499013,767217925266335522519883445024076189285011550871142232477027495248711373983247735610388702049736613087710340681310587522844892777576906362265240880995955409648802515137759691563363653616862712159688752916061815970988032.000000,2183939385730308635208420668460933914736575353792636055752251780277989982624268939247965316352032902605804190037285301907091865443511872780909337358499977323070554945362491120558481062474374010441479208921758922607624477388728235833881085870080.000000
1306,-1.089142,-0.499259,767217925266335522519883445024076189285011550871142232477027495248711373983247735610388702049736613087710340681310587522844892777576906362265240880995955409648802515137759691563363653616862712159688752916061815970988032.000000,2183939385730308635208420668460933914736575353792636055752251780277989982624268939247965316352032902605804190037285301907091865443511872780909337358499977323070554945362491120558481062474374010441479208921758922607624477388728235833881085870080.000000
1307,-1.084812,-0.499469,767217925266335522519883445024076189285011550871142232477027495248711373983247735610388702049736613087710340681310587522844892777576906362265240880995955409648802515137759691563363653616862712159688752916061815970988032.000000,2183939385730308635208420668460933914736575353792636055752251780277989982624268939247965316352032902605804190037285301907091865443511872780909337358499977323070554945362491120558481062474374010441479208921758922607624477388728235833881085870080.000000
1308,-1.080464,-0.499645,767217925266335522519883445024076189285011550871142232477027495248711373983247735610388702049736613087710340681310587522844892777576906362265240880995955409648802515137759691563363653616862712159688752916061815970988032.000000,2183939385730308635208420668460933914736575353792636055752251780277989982624268939247965316352032902605804190037285301907091865443511872780909337358499977323070554945362491120558481062474374010441479208921758922607624477388728235833881085870080.000000
1309,-1.076096,-0.499785,767217925266335522519883445024076189285011550871142232477027495248711373983247735610388702049736613087710340681310587522844892777576906362265240880995955409648802515137759691563363653616862712159688752916061815970988032.000000,2183939385730308635208420668460933914736575353792636055752251780277989982624268939247965316352032902605804190037285301907091865443511872780909337358499977323070554945362491120558481062474374010441479208921758922607624477388728235833881085870080.000000
1310,-1.071709,-0.499890,767217925266335522519883445024076189285011550871142232477027495248711373983247735610388702049736613087710340681310587522844892777576906362265240880995955409648802515137759691563363653616862712159688752916061815970988032.000000,2183939385730308635208420668460933914736575353792636055752251780277989982624268939247965316352032902605804190037285301907091865443511872780909337358499977323070554945362491120558481062474374010441479208921758922607624477388728235833881085870080.000000
1311,-1.067304,-0.499961,767217925266335522519883445024076189285011550871142232477027495248711373983247735610388702049736613087710340681310587522844892777576906362265240880995955409648802515137759691563363653616862712159688752916061815970988032.000000,2183939385730308635208420668460933914736575353792636055752251780277989982624268939247965316352032902605804190037285301907091865443511872780909337358499977323070554945362491120558481062474374010441479208921758922607624477388728235833881085870080.000000
1312,-1.062879,-0.499996,767217925266335522519883445024076189285011550871142232477027495248711373983247735610388702049736613087710340681310587522844892777576906362265240880995955409648802515137759691563363653616862712159688752916061815970988032.000000,2183939385730308635208420668460933914736575353792636055752251780277989982624268939247965316352032902605804190037285301907091865443511872780909337358499977323070554945362491120558481062474374010441479208921758922607624477388728235833881085870080.000000
1313,-1.058436,-0.499996,767217925266335522519883445024076189285011550871142232477027495248711373983247735610388702049736613087710340681310587522844892777576906362265240880995955409648802515137759691563363653616862712159688752916061815970988032.000000,2183939385730308635208420668460933914736575353792636055752251780277989982624268939247965316352032902605804190037285301907091865443511872780909337358499977323070554945362491120558481062474374010441479208921758922607624477388728235833881085870080.000000
1314,-1.053975,-0.499961,767217925266335522519883445024076189285011550871142232477027495248711373983247735610388702049736613087710340681310587522844892777576906362265240880995955409648802515137759691563363653616862712159688752916061815970988032.000000,2183939385730308635208420668460933914736575353792636055752251780277989982624268939247965316352032902605804190037285301907091865443511872780909337358499977323070554945362491120558481062474374010441479208921758922607624477388728235833881085870080.000000
1315,-1.049495,-0.499890,767217925266335522519883445024076189285011550871142232477027495248711373983247735610388702049736613087710340681310587522844892777576906362265240880995955409648802515137759691563363653616862712159688752916061815970988032.000000,2183939385730308635208420668460933914736575353792636055752251780277989982624268939247965316352032902605804190037285301907091865443511872780909337358499977323070554945362491120558481062474374010441479208921758922607624477388728235833881085870080.000000
1316,-1.044997,-0.499785,767217925266335522519883445024076189285011550871142232477027495248711373983247735610388702049736613087710340681310587522844892777576906362265240880995955409648802515137759691563363653616862712159688752916061815970988032.000000,2183939385730308635208420668460933914736575353792636055752251780277989982624268939247965316352032902605804190037285301907091865443511872780909337358499977323070554945362491120558481062474374010441479208921758922607624477388728235833881085870080.000000
1317,-1.040480,-0.499645,767217925266335522519883445024076189285011550871142232477027495248711373983247735610388702049736613087710340681310587522844892777576906362265240880995955409648802515137759691563363653616862712159688752916061815970988032.000000,2183939385730308635208420668460933914736575353792636055752251780277989982624268939247965316352032902605804190037285301907091865443511872780909337358499977323070554945362491120558481062474374010441479208921758922607624477388728235833881085870080.000000
1318,-1.035945,-0.499469,767217925266335522519883445024076189285011550871142232477027495248711373983247735610388702049736613087710340681310587522844892777576906362265240880995955409648802515137759691563363653616862712159688752916061815970988032.000000,2183939385730308635208420668460933914736575353792636055752251780277989982624268939247965316352032902605804190037285301907091865443511872780909337358499977323070554945362491120558481062474374010441479208921758922607624477388728235833881085870080.000000
1319,-1.031392,-0.499259,767217925266335522519883445024076189285011550871142232477027495248711373983247735610388702049736613087710340681310587522844892777576906362265240880995955409648802515137759691563363653616862712159688752916061815970988032.000000,2183939385730308635208420668460933914736575353792636055752251780277989982624268939247965316352032902605804190037285301907091865443511872780909337358499977323070554945362491120558481062474374010441479208921758922607624477388728235833881085870080.000000
1320,-1.026821,-0.499013,767217925266335522519883445024076189285011550871142232477027495248711373983247735610388702049736613087710340681310587522844892777576906362265240880995955409648802515137759691563363653616862712159688752916061815970988032.000000,2183939385730308635208420668460933914736575353792636055752251780277989982624268939247965316352032902605804190037285301907091865443511872780909337358499977323070554945362491120558481062474374010441479208921758922607624477388728235833881085870080.000000
1321,-1.022231,-0.498733,767217925266335522519883445024076189285011550871142232477027495248711373983247735610388702049736613087710340681310587522844892777576906362265240880995955409648802515137759691563363653616862712159688752916061815970988032.000000,2183939385730308635208420668460933914736575353792636055752251780277989982624268939247965316352032902605804190037285301907091865443511872780909337358499977323070554945362491120558481062474374010441479208921758922607624477388728235833881085870080.000000
1322,-1.017624,-0.498417,767217925266335522519883445024076189285011550871142232477027495248711373983247735610388702049736613087710340681310587522844892777576906362265240880995955409648802515137759691563363653616862712159688752916061815970988032.000000,2183939385730308635208420668460933914736575353792636055752251780277989982624268939247965316352032902605804190037285301907091865443511872780909337358499977323070554945362491120558481062474374010441479208921758922607624477388728235833881085870080.000000
1323,-1.012999,-0.498067,767217925266335522519883445024076189285011550871142232477027495248711373983247735610388702049736613087710340681310587522844892777576906362265240880995955409648802515137759691563363653616862712159688752916061815970988032.000000,2183939385730308635208420668460933914736575353792636055752251780277989982624268939247965316352032902605804190037285301907091865443511872780909337358499977323070554945362491120558481062474374010441479208921758922607624477388728235833881085870080.000000
1324,-1.008356,-0.497681,767217925266335522519883445024076189285011550871142232477027495248711373983247735610388702049736613087710340681310587522844892777576906362265240880995955409648802515137759691563363653616862712159688752916061815970988032.000000,2183939385730308635208420668460933914736575353792636055752251780277989982624268939247965316352032902605804190037285301907091865443511872780909337358499977323070554945362491120558481062474374010441479208921758922607624477388728235833881085870080.000000
1325,-1.003696,-0.497261,767217925266335522519883445024076189285011550871142232477027495248711373983247735610388702049736613087710340681310587522844892777576906362265240880995955409648802515137759691563363653616862712159688752916061815970988032.000000,2183939385730308635208420668460933914736575353792636055752251780277989982624268939247965316352032902605804190037285301907091865443511872780909337358499977323070554945362491120558481062474374010441479208921758922607624477388728235833881085870080.000000
1326,-0.999018,-0.496806,767217925266335522519883445024076189285011550871142232477027495248711373983247735610388702049736613087710340681310587522844892777576906362265240880995955409648802515137759691563363653616862712159688752916061815970988032.000000,2183939385730308635208420668460933914736575353792636055752251780277989982624268939247965316352032902605804190037285301907091865443511872780909337358499977323070554945362491120558481062474374010441479208921758922607624477388728235833881085870080.000000
1327,-0.994322,-0.496315,767217925266335522519883445024076189285011550871142232477027495248711373983247735610388702049736613087710340681310587522844892777576906362265240880995955409648802515137759691563363653616862712159688752916061815970988032.000000,2183939385730308635208420668460933914736575353792636055752251780277989982624268939247965316352032902605804190037285301907091865443511872780909337358499977323070554945362491120558481062474374010441479208921758922607624477388728235833881085870080.000000
1328,-0.989609,-0.495791,767217925266335522519883445024076189285011550871142232477027495248711373983247735610388702049736613087710340681310587522844892777576906362265240880995955409648802515137759691563363653616862712159688752916061815970988032.000000,2183939385730308635208420668460933914736575353792636055752251780277989982624268939247965316352032902605804190037285301907091865443511872780909337358499977323070554945362491120558481062474374010441479208921758922607624477388728235833881085870080.000000
1329,-0.984879,-0.495231,767217925266335522519883445024076189285011550871142232477027495248711373983247735610388702049736613087710340681310587522844892777576906362265240880995955409648802515137759691563363653616862712159688752916061815970988032.000000,2183939385730308635208420668460933914736575353792636055752251780277989982624268939247965316352032902605804190037285301907091865443511872780909337358499977323070554945362491120558481062474374010441479208921758922607624477388728235833881085870080.000000
1330,-0.980131,-0.494636,767217925266335522519883445024076189285011550871142232477027495248711373983247735610388702049736613087710340681310587522844892777576906362265240880995955409648802515137759691563363653616862712159688752916061815970988032.000000,2183939385730308635208420668460933914736575353792636055752251780277989982624268939247965316352032902605804190037285301907091865443511872780909337358499977323070554945362491120558481062474374010441479208921758922607624477388728235833881085870080.000000
1331,-0.975366,-0.494007,767217925266335522519883445024076189285011550871142232477027495248711373983247735610388702049736613087710340681310587522844892777576906362265240880995955409648802515137759691563363653616862712159688752916061815970988032.000000,2183939385730308635208420668460933914736575353792636055752251780277989982624268939247965316352032902605804190037285301907091865443511872780909337358499977323070554945362491120558481062474374010441479208921758922607624477388728235833881085870080.000000
1332,-0.970584,-0.493343,767217925266335522519883445024076189285011550871142232477027495248711373983247735610388702049736613087710340681310587522844892777576906362265240880995955409648802515137759691563363653616862712159688752916061815970988032.000000,2183939385730308635208420668460933914736575353792636055752251780277989982624268939247965316352032902605804190037285301907091865443511872780909337358499977323070554945362491120558481062474374010441479208921758922607624477388728235833881085870080.000000
1333,-0.965785,-0.492644,767217925266335522519883445024076189285011550871142232477027495248711373983247735610388702049736613087710340681310587522844892777576906362265240880995955409648802515137759691563363653616862712159688752916061815970988032.000000,2183939385730308635208420668460933914736575353792636055752251780277989982624268939247965316352032902605804190037285301907091865443511872780909337358499977323070554945362491120558481062474374010441479208921758922607624477388728235833881085870080.000000
1334,-0.960969,-0.491911,767217925266335522519883445024076189285011550871142232477027495248711373983247735610388702049736613087710340681310587522844892777576906362265240880995955409648802515137759691563363653616862712159688752916061815970988032.000000,2183939385730308635208420668460933914736575353792636055752251780277989982624268939247965316352032902605804190037285301907091865443511872780909337358499977323070554945362491120558481062474374010441479208921758922607624477388728235833881085870080.000000
1335,-0.956136,-0.491144,767217925266335522519883445024076189285011550871142232477027495248711373983247735610388702049736613087710340681310587522844892777576906362265240880995955409648802515137759691563363653616862712159688752916061815970988032.000000,2183939385730308635208420668460933914736575353792636055752251780277989982624268939247965316352032902605804190037285301907091865443511872780909337358499977323070554945362491120558481062474374010441479208921758922607624477388728235833881085870080.000000
1336,-0.951286,-0.490341,767217925266335522519883445024076189285011550871142232477027495248711373983247735610388702049736613087710340681310587522844892777576906362265240880995955409648802515137759691563363653616862712159688752916061815970988032.000000,2183939385730308635208420668460933914736575353792636055752251780277989982624268939247965316352032902605804190037285301907091865443511872780909337358499977323070554945362491120558481062474374010441479208921758922607624477388728235833881085870080.000000
1337,-0.946420,-0.489505,767217925266335522519883445024076189285011550871142232477027495248711373983247735610388702049736613087710340681310587522844892777576906362265240880995955409648802515137759691563363653616862712159688752916061815970988032.000000,2183939385730308635208420668460933914736575353792636055752251780277989982624268939247965316352032902605804190037285301907091865443511872780909337358499977323070554945362491120558481062474374010441479208921758922607624477388728235833881085870080.000000
1338,-0.941537,-0.488634,767217925266335522519883445024076189285011550871142232477027495248711373983247735610388702049736613087710340681310587522844892777576906362265240880995955409648802515137759691563363653616862712159688752916061815970988032.000000,2183939385730308635208420668460933914736575353792636055752251780277989982624268939247965316352032902605804190037285301907091865443511872780909337358499977323070554945362491120558481062474374010441479208921758922607624477388728235833881085870080.000000
1339,-0.936638,-0.487729,767217925266335522519883445024076189285011550871142232477027495248711373983247735610388702049736613087710340681310587522844892777576906362265240880995955409648802515137759691563363653616862712159688752916061815970988032.000000,2183939385730308635208420668460933914736575353792636055752251780277989982624268939247965316352032902605804190037285301907091865443511872780909337358499977323070554945362491120558481062474374010441479208921758922607624477388728235833881085870080.000000
1340,-0.931722,-0.486789,767217925266335522519883445024076189285011550871142232477027495248711373983247735610388702049736613087710340681310587522844892777576906362265240880995955409648802515137759691563363653616862712159688752916061815970988032.000000,2183939385730308635208420668460933914736575353792636055752251780277989982624268939247965316352032902605804190037285301907091865443511872780909337358499977323070554945362491120558481062474374010441479208921758922607624477388728235833881085870080.000000
1341,-0.926789,-0.485816,767217925266335522519883445024076189285011550871142232477027495248711373983247735610388702049736613087710340681310587522844892777576906362265240880995955409648802515137759691563363653616862712159688752916061815970988032.000000,2183939385730308635208420668460933914736575353792636055752251780277989982624268939247965316352032902605804190037285301907091865443511872780909337358499977323070554945362491120558481062474374010441479208921758922607624477388728235833881085870080.000000
1342,-0.921841,-0.484808,767217925266335522519883445024076189285011550871142232477027495248711373983247735610388702049736613087710340681310587522844892777576906362265240880995955409648802515137759691563363653616862712159688752916061815970988032.000000,2183939385730308635208420668460933914736575353792636055752251780277989982624268939247965316352032902605804190037285301907091865443511872780909337358499977323070554945362491120558481062474374010441479208921758922607624477388728235833881085870080.000000
1343,-0.916876,-0.483766,767217925266335522519883445024076189285011550871142232477027495248711373983247735610388702049736613087710340681310587522844892777576906362265240880995955409648802515137759691563363653616862712159688752916061815970988032.000000,2183939385730308635208420668460933914736575353792636055752251780277989982624268939247965316352032902605804190037285301907091865443511872780909337358499977323070554945362491120558481062474374010441479208921758922607624477388728235833881085870080.000000
1344,-0.911895,-0.482691,767217925266335522519883445024076189285011550871142232477027495248711373983247735610388702049736613087710340681310587522844892777576906362265240880995955409648802515137759691563363653616862712159688752916061815970988032.000000,2183939385730308635208420668460933914736575353792636055752251780277989982624268939247965316352032902605804190037285301907091865443511872780909337358499977323070554945362491120558481062474374010441479208921758922607624477388728235833881085870080.000000
1345,-0.906899,-0.481581,767217925266335522519883445024076189285011550871142232477027495248711373983247735610388702049736613087710340681310587522844892777576906362265240880995955409648802515137759691563363653616862712159688752916061815970988032.000000,2183939385730308635208420668460933914736575353792636055752251780277989982624268939247965316352032902605804190037285301907091865443511872780909337358499977323070554945362491120558481062474374010441479208921758922607624477388728235833881085870080.000000
1346,-0.901886,-0.480438,767217925266335522519883445024076189285011550871142232477027495248711373983247735610388702049736613087710340681310587522844892777576906362265240880995955409648802515137759691563363653616862712159688752916061815970988032.000000,2183939385730308635208420668460933914736575353792636055752251780277989982624268939247965316352032902605804190037285301907091865443511872780909337358499977323070554945362491120558481062474374010441479208921758922607624477388728235833881085870080.000000
1347,-0.896857,-0.479261,767217925266335522519883445024076189285011550871142232477027495248711373983247735610388702049736613087710340681310587522844892777576906362265240880995955409648802515137759691563363653616862712159688752916061815970988032.000000,2183939385730308635208420668460933914736575353792636055752251780277989982624268939247965316352032902605804190037285301907091865443511872780909337358499977323070554945362491120558481062474374010441479208921758922607624477388728235833881085870080.000000
1348,-0.891813,-0.478050,767217925266335522519883445024076189285011550871142232477027495248711373983247735610388702049736613087710340681310587522844892777576906362265240880995955409648802515137759691563363653616862712159688752916061815970988032.000000,2183939385730308635208420668460933914736575353792636055752251780277989982624268939247965316352032902605804190037285301907091865443511872780909337358499977323070554945362491120558481062474374010441479208921758922607624477388728235833881085870080.000000
1349,-0.886753,-0.476806,767217925266335522519883445024076189285011550871142232477027495248711373983247735610388702049736613087710340681310587522844892777576906362265240880995955409648802515137759691563363653616862712159688752916061815970988032.000000,2183939385730308635208420668460933914736575353792636055752251780277989982624268939247965316352032902605804190037285301907091865443511872780909337358499977323070554945362491120558481062474374010441479208921758922607624477388728235833881085870080.000000
1350,-0.881678,-0.475528,767217925266335522519883445024076189285011550871142232477027495248711373983247735610388702049736613087710340681310587522844892777576906362265240880995955409648802515137759691563363653616862712159688752916061815970988032.000000,2183939385730308635208420668460933914736575353792636055752251780277989982624268939247965316352032902605804190037285301907091865443511872780909337358499977323070554945362491120558481062474374010441479208921758922607624477388728235833881085870080.000000
1351,-0.876587,-0.474217,767217925266335522519883445024076189285011550871142232477027495248711373983247735610388702049736613087710340681310587522844892777576906362265240880995955409648802515137759691563363653616862712159688752916061815970988032.000000,2183939385730308635208420668460933914736575353792636055752251780277989982624268939247965316352032902605804190037285301907091865443511872780909337358499977323070554945362491120558481062474374010441479208921758922607624477388728235833881085870080.000000
1352,-0.871481,-0.472873,767217925266335522519883445024076189285011550871142232477027495248711373983247735610388702049736613087710340681310587522844892777576906362265240880995955409648802515137759691563363653616862712159688752916061815970988032.000000,2183939385730308635208420668460933914736575353792636055752251780277989982624268939247965316352032902605804190037285301907091865443511872780909337358499977323070554945362491120558481062474374010441479208921758922607624477388728235833881085870080.000000
1353,-0.866359,-0.471495,767217925266335522519883445024076189285011550871142232477027495248711373983247735610388702049736613087710340681310587522844892777576906362265240880995955409648802515137759691563363653616862712159688752916061815970988032.000000,2183939385730308635208420668460933914736575353792636055752251780277989982624268939247965316352032902605804190037285301907091865443511872780909337358499977323070554945362491120558481062474374010441479208921758922607624477388728235833881085870080.000000
1354,-0.861222,-0.470085,767217925266335522519883445024076189285011550871142232477027495248711373983247735610388702049736613087710340681310587522844892777576906362265240880995955409648802515137759691563363653616862712159688752916061815970988032.000000,2183939385730308635208420668460933914736575353792636055752251780277989982624268939247965316352032902605804190037285301907091865443511872780909337358499977323070554945362491120558481062474374010441479208921758922607624477388728235833881085870080.000000
1355,-0.856070,-0.468641,767217925266335522519883445024076189285011550871142232477027495248711373983247735610388702049736613087710340681310587522844892777576906362265240880995955409648802515137759691563363653616862712159688752916061815970988032.000000,2183939385730308635208420668460933914736575353792636055752251780277989982624268939247965316352032902605804190037285301907091865443511872780909337358499977323070554945362491120558481062474374010441479208921758922607624477388728235833881085870080.000000
1356,-0.850903,-0.467164,767217925266335522519883445024076189285011550871142232477027495248711373983247735610388702049736613087710340681310587522844892777576906362265240880995955409648802515137759691563363653616862712159688752916061815970988032.000000,2183939385730308635208420668460933914736575353792636055752251780277989982624268939247965316352032902605804190037285301907091865443511872780909337358499977323070554945362491120558481062474374010441479208921758922607624477388728235833881085870080.000000
1357,-0.845722,-0.465655,767217925266335522519883445024076189285011550871142232477027495248711373983247735610388702049736613087710340681310587522844892777576906362265240880995955409648802515137759691563363653616862712159688752916061815970988032.000000,2183939385730308635208420668460933914736575353792636055752251780277989982624268939247965316352032902605804190037285301907091865443511872780909337358499977323070554945362491120558481062474374010441479208921758922607624477388728235833881085870080.000000
1358,-0.840525,-0.464113,767217925266335522519883445024076189285011550871142232477027495248711373983247735610388702049736613087710340681310587522844892777576906362265240880995955409648802515137759691563363653616862712159688752916061815970988032.000000,2183939385730308635208420668460933914736575353792636055752251780277989982624268939247965316352032902605804190037285301907091865443511872780909337358499977323070554945362491120558481062474374010441479208921758922607624477388728235833881085870080.000000
1359,-0.835313,-0.462539,767217925266335522519883445024076189285011550871142232477027495248711373983247735610388702049736613087710340681310587522844892777576906362265240880995955409648802515137759691563363653616862712159688752916061815970988032.000000,2183939385730308635208420668460933914736575353792636055752251780277989982624268939247965316352032902605804190037285301907091865443511872780909337358499977323070554945362491120558481062474374010441479208921758922607624477388728235833881085870080.000000
1360,-0.830087,-0.460932,767217925266335522519883445024076189285011550871142232477027495248711373983247735610388702049736613087710340681310587522844892777576906362265240880995955409648802515137759691563363653616862712159688752916061815970988032.000000,2183939385730308635208420668460933914736575353792636055752251780277989982624268939247965316352032902605804190037285301907091865443511872780909337358499977323070554945362491120558481062474374010441479208921758922607624477388728235833881085870080.000000
1361,-0.824847,-0.459292,767217925266335522519883445024076189285011550871142232477027495248711373983247735610388702049736613087710340681310587522844892777576906362265240880995955409648802515137759691563363653616862712159688752916061815970988032.000000,2183939385730308635208420668460933914736575353792636055752251780277989982624268939247965316352032902605804190037285301907091865443511872780909337358499977323070554945362491120558481062474374010441479208921758922607624477388728235833881085870080.000000
1362,-0.819592,-0.457621,767217925266335522519883445024076189285011550871142232477027495248711373983247735610388702049736613087710340681310587522844892777576906362265240880995955409648802515137759691563363653616862712159688752916061815970988032.000000,2183939385730308635208420668460933914736575353792636055752251780277989982624268939247965316352032902605804190037285301907091865443511872780909337358499977323070554945362491120558481062474374010441479208921758922607624477388728235833881085870080.000000
1363,-0.814322,-0.455917,767217925266335522519883445024076189285011550871142232477027495248711373983247735610388702049736613087710340681310587522844892777576906362265240880995955409648802515137759691563363653616862712159688752916061815970988032.000000,2183939385730308635208420668460933914736575353792636055752251780277989982624268939247965316352032902605804190037285301907091865443511872780909337358499977323070554945362491120558481062474374010441479208921758922607624477388728235833881085870080.000000
1364,-0.809038,-0.454181,767217925266335522519883445024076189285011550871142232477027495248711373983247735610388702049736613087710340681310587522844892777576906362265240880995955409648802515137759691563363653616862712159688752916061815970988032.000000,2183939385730308635208420668460933914736575353792636055752251780277989982624268939247965316352032902605804190037285301907091865443511872780909337358499977323070554945362491120558481062474374010441479208921758922607624477388728235833881085870080.000000
1365,-0.803740,-0.452414,767217925266335522519883445024076189285011550871142232477027495248711373983247735610388702049736613087710340681310587522844892777576906362265240880995955409648802515137759691563363653616862712159688752916061815970988032.000000,2183939385730308635208420668460933914736575353792636055752251780277989982624268939247965316352032902605804190037285301907091865443511872780909337358499977323070554945362491120558481062474374010441479208921758922607624477388728235833881085870080.000000
1366,-0.798428,-0.450614,767217925266335522519883445024076189285011550871142232477027495248711373983247735610388702049736613087710340681310587522844892777576906362265240880995955409648802515137759691563363653616862712159688752916061815970988032.000000,2183939385730308635208420668460933914736575353792636055752251780277989982624268939247965316352032902605804190037285301907091865443511872780909337358499977323070554945362491120558481062474374010441479208921758922607624477388728235833881085870080.000000
1367,-0.793102,-0.448783,767217925266335522519883445024076189285011550871142232477027495248711373983247735610388702049736613087710340681310587522844892777576906362265240880995955409648802515137759691563363653616862712159688752916061815970988032.000000,2183939385730308635208420668460933914736575353792636055752251780277989982624268939247965316352032902605804190037285301907091865443511872780909337358499977323070554945362491120558481062474374010441479208921758922607624477388728235833881085870080.000000
1368,-0.787762,-0.446921,767217925266335522519883445024076189285011550871142232477027495248711373983247735610388702049736613087710340681310587522844892777576906362265240880995955409648802515137759691563363653616862712159688752916061815970988032.000000,2183939385730308635208420668460933914736575353792636055752251780277989982624268939247965316352032902605804190037285301907091865443511872780909337358499977323070554945362491120558481062474374010441479208921758922607624477388728235833881085870080.000000
1369,-0.782408,-0.445027,767217925266335522519883445024076189285011550871142232477027495248711373983247735610388702049736613087710340681310587522844892777576906362265240880995955409648802515137759691563363653616862712159688752916061815970988032.000000,2183939385730308635208420668460933914736575353792636055752251780277989982624268939247965316352032902605804190037285301907091865443511872780909337358499977323070554945362491120558481062474374010441479208921758922607624477388728235833881085870080.000000
1370,-0.777041,-0.443102,767217925266335522519883445024076189285011550871142232477027495248711373983247735610388702049736613087710340681310587522844892777576906362265240880995955409648802515137759691563363653616862712159688752916061815970988032.000000,2183939385730308635208420668460933914736575353792636055752251780277989982624268939247965316352032902605804190037285301907091865443511872780909337358499977323070554945362491120558481062474374010441479208921758922607624477388728235833881085870080.000000
1371,-0.771659,-0.441146,767217925266335522519883445024076189285011550871142232477027495248711373983247735610388702049736613087710340681310587522844892777576906362265240880995955409648802515137759691563363653616862712159688752916061815970988032.000000,2183939385730308635208420668460933914736575353792636055752251780277989982624268939247965316352032902605804190037285301907091865443511872780909337358499977323070554945362491120558481062474374010441479208921758922607624477388728235833881085870080.000000
1372,-0.766265,-0.439158,767217925266335522519883445024076189285011550871142232477027495248711373983247735610388702049736613087710340681310587522844892777576906362265240880995955409648802515137759691563363653616862712159688752916061815970988032.000000,2183939385730308635208420668460933914736575353792636055752251780277989982624268939247965316352032902605804190037285301907091865443511872780909337358499977323070554945362491120558481062474374010441479208921758922607624477388728235833881085870080.000000
1373,-0.760856,-0.437141,767217925266335522519883445024076189285011550871142232477027495248711373983247735610388702049736613087710340681310587522844892777576906362265240880995955409648802515137759691563363653616862712159688752916061815970988032.000000,2183939385730308635208420668460933914736575353792636055752251780277989982624268939247965316352032902605804190037285301907091865443511872780909337358499977323070554945362491120558481062474374010441479208921758922607624477388728235833881085870080.000000
1374,-0.755435,-0.435092,767217925266335522519883445024076189285011550871142232477027495248711373983247735610388702049736613087710340681310587522844892777576906362265240880995955409648802515137759691563363653616862712159688752916061815970988032.000000,2183939385730308635208420668460933914736575353792636055752251780277989982624268939247965316352032902605804190037285301907091865443511872780909337358499977323070554945362491120558481062474374010441479208921758922607624477388728235833881085870080.000000
1375,-0.750000,-0.433013,767217925266335522519883445024076189285011550871142232477027495248711373983247735610388702049736613087710340681310587522844892777576906362265240880995955409648802515137759691563363653616862712159688752916061815970988032.000000,2183939385730308635208420668460933914736575353792636055752251780277989982624268939247965316352032902605804190037285301907091865443511872780909337358499977323070554945362491120558481062474374010441479208921758922607624477388728235833881085870080.000000
1376,-0.744552,-0.430903,767217925266335522519883445024076189285011550871142232477027495248711373983247735610388702049736613087710340681310587522844892777576906362265240880995955409648802515137759691563363653616862712159688752916061815970988032.000000,2183939385730308635208420668460933914736575353792636055752251780277989982624268939247965316352032902605804190037285301907091865443511872780909337358499977323070554945362491120558481062474374010441479208921758922607624477388728235833881085870080.000000
1377,-0.739091,-0.428763,767217925266335522519883445024076189285011550871142232477027495248711373983247735610388702049736613087710340681310587522844892777576906362265240880995955409648802515137759691563363653616862712159688752916061815970988032.000000,2183939385730308635208420668460933914736575353792636055752251780277989982624268939247965316352032902605804190037285301907091865443511872780909337358499977323070554945362491120558481062474374010441479208921758922607624477388728235833881085870080.000000
1378,-0.733617,-0.426593,767217925266335522519883445024076189285011550871142232477027495248711373983247735610388702049736613087710340681310587522844892777576906362265240880995955409648802515137759691563363653616862712159688752916061815970988032.000000,2183939385730308635208420668460933914736575353792636055752251780277989982624268939247965316352032902605804190037285301907091865443511872780909337358499977323070554945362491120558481062474374010441479208921758922607624477388728235833881085870080.000000
1379,-0.728130,-0.424394,767217925266335522519883445024076189285011550871142232477027495248711373983247735610388702049736613087710340681310587522844892777576906362265240880995955409648802515137759691563363653616862712159688752916061815970988032.000000,2183939385730308635208420668460933914736575353792636055752251780277989982624268939247965316352032902605804190037285301907091865443511872780909337358499977323070554945362491120558481062474374010441479208921758922607624477388728235833881085870080.000000
1380,-0.722631,-0.422164,767217925266335522519883445024076189285011550871142232477027495248711373983247735610388702049736613087710340681310587522844892777576906362265240880995955409648802515137759691563363653616862712159688752916061815970988032.000000,2183939385730308635208420668460933914736575353792636055752251780277989982624268939247965316352032902605804190037285301907091865443511872780909337358499977323070554945362491120558481062474374010441479208921758922607624477388728235833881085870080.000000
1381,-0.717118,-0.419905,767217925266335522519883445024076189285011550871142232477027495248711373983247735610388702049736613087710340681310587522844892777576906362265240880995955409648802515137759691563363653616862712159688752916061815970988032.000000,2183939385730308635208420668460933914736575353792636055752251780277989982624268939247965316352032902605804190037285301907091865443511872780909337358499977323070554945362491120558481062474374010441479208921758922607624477388728235833881085870080.000000
1382,-0.711593,-0.417616,767217925266335522519883445024076189285011550871142232477027495248711373983247735610388702049736613087710340681310587522844892777576906362265240880995955409648802515137759691563363653616862712159688752916061815970988032.000000,2183939385730308635208420668460933914736575353792636055752251780277989982624268939247965316352032902605804190037285301907091865443511872780909337358499977323070554945362491120558481062474374010441479208921758922607624477388728235833881085870080.000000
1383,-0.706056,-0.415298,767217925266335522519883445024076189285011550871142232477027495248711373983247735610388702049736613087710340681310587522844892777576906362265240880995955409648802515137759691563363653616862712159688752916061815970988032.000000,2183939385730308635208420668460933914736575353792636055752251780277989982624268939247965316352032902605804190037285301907091865443511872780909337358499977323070554945362491120558481062474374010441479208921758922607624477388728235833881085870080.000000
1384,-0.700506,-0.412951,767217925266335522519883445024076189285011550871142232477027495248711373983247735610388702049736613087710340681310587522844892777576906362265240880995955409648802515137759691563363653616862712159688752916061815970988032.000000,2183939385730308635208420668460933914736575353792636055752251780277989982624268939247965316352032902605804190037285301907091865443511872780909337358499977323070554945362491120558481062474374010441479208921758922607624477388728235833881085870080.000000
1385,-0.694944,-0.410575,767217925266335522519883445024076189285011550871142232477027495248711373983247735610388702049736613087710340681310587522844892777576906362265240880995955409648802515137759691563363653616862712159688752916061815970988032.000000,2183939385730308635208420668460933914736575353792636055752251780277989982624268939247965316352032902605804190037285301907091865443511872780909337358499977323070554945362491120558481062474374010441479208921758922607624477388728235833881085870080.000000
1386,-0.689370,-0.408170,767217925266335522519883445024076189285011550871142232477027495248711373983247735610388702049736613087710340681310587522844892777576906362265240880995955409648802515137759691563363653616862712159688752916061815970988032.000000,2183939385730308635208420668460933914736575353792636055752251780277989982624268939247965316352032902605804190037285301907091865443511872780909337358499977323070554945362491120558481062474374010441479208921758922607624477388728235833881085870080.000000
1387,-0.683783,-0.405736,767217925266335522519883445024076189285011550871142232477027495248711373983247735610388702049736613087710340681310587522844892777576906362265240880995955409648802515137759691563363653616862712159688752916061815970988032.000000,2183939385730308635208420668460933914736575353792636055752251780277989982624268939247965316352032902605804190037285301907091865443511872780909337358499977323070554945362491120558481062474374010441479208921758922607624477388728235833881085870080.000000
1388,-0.678185,-0.403274,767217925266335522519883445024076189285011550871142232477027495248711373983247735610388702049736613087710340681310587522844892777576906362265240880995955409648802515137759691563363653616862712159688752916061815970988032.000000,2183939385730308635208420668460933914736575353792636055752251780277989982624268939247965316352032902605804190037285301907091865443511872780909337358499977323070554945362491120558481062474374010441479208921758922607624477388728235833881085870080.000000
1389,-0.672575,-0.400783,767217925266335522519883445024076189285011550871142232477027495248711373983247735610388702049736613087710340681310587522844892777576906362265240880995955409648802515137759691563363653616862712159688752916061815970988032.000000,2183939385730308635208420668460933914736575353792636055752251780277989982624268939247965316352032902605804190037285301907091865443511872780909337358499977323070554945362491120558481062474374010441479208921758922607624477388728235833881085870080.000000
1390,-0.666953,-0.398265,767217925266335522519883445024076189285011550871142232477027495248711373983247735610388702049736613087710340681310587522844892777576906362265240880995955409648802515137759691563363653616862712159688752916061815970988032.000000,2183939385730308635208420668460933914736575353792636055752251780277989982624268939247965316352032902605804190037285301907091865443511872780909337358499977323070554945362491120558481062474374010441479208921758922607624477388728235833881085870080.000000
1391,-0.661319,-0.395718,767217925266335522519883445024076189285011550871142232477027495248711373983247735610388702049736613087710340681310587522844892777576906362265240880995955409648802515137759691563363653616862712159688752916061815970988032.000000,2183939385730308635208420668460933914736575353792636055752251780277989982624268939247965316352032902605804190037285301907091865443511872780909337358499977323070554945362491120558481062474374010441479208921758922607624477388728235833881085870080.000000
1392,-0.655674,-0.393144,767217925266335522519883445024076189285011550871142232477027495248711373983247735610388702049736613087710340681310587522844892777576906362265240880995955409648802515137759691563363653616862712159688752916061815970988032.000000,2183939385730308635208420668460933914736575353792636055752251780277989982624268939247965316352032902605804190037285301907091865443511872780909337358499977323070554945362491120558481062474374010441479208921758922607624477388728235833881085870080.000000
1393,-0.650017,-0.390542,767217925266335522519883445024076189285011550871142232477027495248711373983247735610388702049736613087710340681310587522844892777576906362265240880995955409648802515137759691563363653616862712159688752916061815970988032.000000,2183939385730308635208420668460933914736575353792636055752251780277989982624268939247965316352032902605804190037285301907091865443511872780909337358499977323070554945362491120558481062474374010441479208921758922607624477388728235833881085870080.000000
1394,-0.644349,-0.387913,767217925266335522519883445024076189285011550871142232477027495248711373983247735610388702049736613087710340681310587522844892777576906362265240880995955409648802515137759691563363653616862712159688752916061815970988032.000000,2183939385730308635208420668460933914736575353792636055752251780277989982624268939247965316352032902605804190037285301907091865443511872780909337358499977323070554945362491120558481062474374010441479208921758922607624477388728235833881085870080.000000
1395,-0.638669,-0.385257,767217925266335522519883445024076189285011550871142232477027495248711373983247735610388702049736613087710340681310587522844892777576906362265240880995955409648802515137759691563363653616862712159688752916061815970988032.000000,2183939385730308635208420668460933914736575353792636055752251780277989982624268939247965316352032902605804190037285301907091865443511872780909337358499977323070554945362491120558481062474374010441479208921758922607624477388728235833881085870080.000000
1396,-0.632978,-0.382573,767217925266335522519883445024076189285011550871142232477027495248711373983247735610388702049736613087710340681310587522844892777576906362265240880995955409648802515137759691563363653616862712159688752916061815970988032.000000,2183939385730308635208420668460933914736575353792636055752251780277989982624268939247965316352032902605804190037285301907091865443511872780909337358499977323070554945362491120558481062474374010441479208921758922607624477388728235833881085870080.000000
1397,-0.627276,-0.379863,767217925266335522519883445024076189285011550871142232477027495248711373983247735610388702049736613087710340681310587522844892777576906362265240880995955409648802515137759691563363653616862712159688752916061815970988032.000000,2183939385730308635208420668460933914736575353792636055752251780277989982624268939247965316352032902605804190037285301907091865443511872780909337358499977323070554945362491120558481062474374010441479208921758922607624477388728235833881085870080.000000
1398,-0.621563,-0.377126,767217925266335522519883445024076189285011550871142232477027495248711373983247735610388702049736613087710340681310587522844892777576906362265240880995955409648802515137759691563363653616862712159688752916061815970988032.000000,2183939385730308635208420668460933914736575353792636055752251780277989982624268939247965316352032902605804190037285301907091865443511872780909337358499977323070554945362491120558481062474374010441479208921758922607624477388728235833881085870080.000000
1399,-0.615840,-0.374362,767217925266335522519883445024076189285011550871142232477027495248711373983247735610388702049736613087710340681310587522844892777576906362265240880995955409648802515137759691563363653616862712159688752916061815970988032.000000,2183939385730308635208420668460933914736575353792636055752251780277989982624268939247965316352032902605804190037285301907091865443511872780909337358499977323070554945362491120558481062474374010441479208921758922607624477388728235833881085870080.000000
1400,-0.610105,-0.371572,767217925266335522519883445024076189285011550871142232477027495248711373983247735610388702049736613087710340681310587522844892777576906362265240880995955409648802515137759691563363653616862712159688752916061815970988032.000000,2183939385730308635208420668460933914736575353792636055752251780277989982624268939247965316352032902605804190037285301907091865443511872780909337358499977323070554945362491120558481062474374010441479208921758922607624477388728235833881085870080.000000
1401,-0.604360,-0.368757,767217925266335522519883445024076189285011550871142232477027495248711373983247735610388702049736613087710340681310587522844892777576906362265240880995955409648802515137759691563363653616862712159688752916061815970988032.000000,2183939385730308635208420668460933914736575353792636055752251780277989982624268939247965316352032902605804190037285301907091865443511872780909337358499977323070554945362491120558481062474374010441479208921758922607624477388728235833881085870080.000000
1402,-0.598604,-0.365915,767217925266335522519883445024076189285011550871142232477027495248711373983247735610388702049736613087710340681310587522844892777576906362265240880995955409648802515137759691563363653616862712159688752916061815970988032.000000,2183939385730308635208420668460933914736575353792636055752251780277989982624268939247965316352032902605804190037285301907091865443511872780909337358499977323070554945362491120558481062474374010441479208921758922607624477388728235833881085870080.000000
1403,-0.592837,-0.363047,767217925266335522519883445024076189285011550871142232477027495248711373983247735610388702049736613087710340681310587522844892777576906362265240880995955409648802515137759691563363653616862712159688752916061815970988032.000000,2183939385730308635208420668460933914736575353792636055752251780277989982624268939247965316352032902605804190037285301907091865443511872780909337358499977323070554945362491120558481062474374010441479208921758922607624477388728235833881085870080.000000
1404,-0.587061,-0.360155,767217925266335522519883445024076189285011550871142232477027495248711373983247735610388702049736613087710340681310587522844892777576906362265240880995955409648802515137759691563363653616862712159688752916061815970988032.000000,2183939385730308635208420668460933914736575353792636055752251780277989982624268939247965316352032902605804190037285301907091865443511872780909337358499977323070554945362491120558481062474374010441479208921758922607624477388728235833881085870080.000000
1405,-0.581273,-0.357236,767217925266335522519883445024076189285011550871142232477027495248711373983247735610388702049736613087710340681310587522844892777576906362265240880995955409648802515137759691563363653616862712159688752916061815970988032.000000,2183939385730308635208420668460933914736575353792636055752251780277989982624268939247965316352032902605804190037285301907091865443511872780909337358499977323070554945362491120558481062474374010441479208921758922607624477388728235833881085870080.000000
1406,-0.575476,-0.354293,767217925266335522519883445024076189285011550871142232477027495248711373983247735610388702049736613087710340681310587522844892777576906362265240880995955409648802515137759691563363653616862712159688752916061815970988032.000000,2183939385730308635208420668460933914736575353792636055752251780277989982624268939247965316352032902605804190037285301907091865443511872780909337358499977323070554945362491120558481062474374010441479208921758922607624477388728235833881085870080.000000
1407,-0.569669,-0.351325,767217925266335522519883445024076189285011550871142232477027495248711373983247735610388702049736613087710340681310587522844892777576906362265240880995955409648802515137759691563363653616862712159688752916061815970988032.000000,2183939385730308635208420668460933914736575353792636055752251780277989982624268939247965316352032902605804190037285301907091865443511872780909337358499977323070554945362491120558481062474374010441479208921758922607624477388728235833881085870080.000000
1408,-0.563851,-0.348332,767217925266335522519883445024076189285011550871142232477027495248711373983247735610388702049736613087710340681310587522844892777576906362265240880995955409648802515137759691563363653616862712159688752916061815970988032.000000,2183939385730308635208420668460933914736575353792636055752251780277989982624268939247965316352032902605804190037285301907091865443511872780909337358499977323070554945362491120558481062474374010441479208921758922607624477388728235833881085870080.000000
1409,-0.558024,-0.345315,767217925266335522519883445024076189285011550871142232477027495248711373983247735610388702049736613087710340681310587522844892777576906362265240880995955409648802515137759691563363653616862712159688752916061815970988032.000000,2183939385730308635208420668460933914736575353792636055752251780277989982624268939247965316352032902605804190037285301907091865443511872780909337358499977323070554945362491120558481062474374010441479208921758922607624477388728235833881085870080.000000
1410,-0.552187,-0.342274,767217925266335522519883445024076189285011550871142232477027495248711373983247735610388702049736613087710340681310587522844892777576906362265240880995955409648802515137759691563363653616862712159688752916061815970988032.000000,2183939385730308635208420668460933914736575353792636055752251780277989982624268939247965316352032902605804190037285301907091865443511872780909337358499977323070554945362491120558481062474374010441479208921758922607624477388728235833881085870080.000000
1411,-0.546340,-0.339208,767217925266335522519883445024076189285011550871142232477027495248711373983247735610388702049736613087710340681310587522844892777576906362265240880995955409648802515137759691563363653616862712159688752916061815970988032.000000,2183939385730308635208420668460933914736575353792636055752251780277989982624268939247965316352032902605804190037285301907091865443511872780909337358499977323070554945362491120558481062474374010441479208921758922607624477388728235833881085870080.000000
1412,-0.540484,-0.336119,767217925266335522519883445024076189285011550871142232477027495248711373983247735610388702049736613087710340681310587522844892777576906362265240880995955409648802515137759691563363653616862712159688752916061815970988032.000000,2183939385730308635208420668460933914736575353792636055752251780277989982624268939247965316352032902605804190037285301907091865443511872780909337358499977323070554945362491120558481062474374010441479208921758922607624477388728235833881085870080.000000
1413,-0.534618,-0.333006,767217925266335522519883445024076189285011550871142232477027495248711373983247735610388702049736613087710340681310587522844892777576906362265240880995955409648802515137759691563363653616862712159688752916061815970988032.000000,2183939385730308635208420668460933914736575353792636055752251780277989982624268939247965316352032902605804190037285301907091865443511872780909337358499977323070554945362491120558481062474374010441479208921758922607624477388728235833881085870080.000000
1414,-0.528743,-0.329870,767217925266335522519883445024076189285011550871142232477027495248711373983247735610388702049736613087710340681310587522844892777576906362265240880995955409648802515137759691563363653616862712159688752916061815970988032.000000,2183939385730308635208420668460933914736575353792636055752251780277989982624268939247965316352032902605804190037285301907091865443511872780909337358499977323070554945362491120558481062474374010441479208921758922607624477388728235833881085870080.000000
1415,-0.522858,-0.326710,767217925266335522519883445024076189285011550871142232477027495248711373983247735610388702049736613087710340681310587522844892777576906362265240880995955409648802515137759691563363653616862712159688752916061815970988032.000000,2183939385730308635208420668460933914736575353792636055752251780277989982624268939247965316352032902605804190037285301907091865443511872780909337358499977323070554945362491120558481062474374010441479208921758922607624477388728235833881085870080.000000
1416,-0.516964,-0.323528,767217925266335522519883445024076189285011550871142232477027495248711373983247735610388702049736613087710340681310587522844892777576906362265240880995955409648802515137759691563363653616862712159688752916061815970988032.000000,2183939385730308635208420668460933914736575353792636055752251780277989982624268939247965316352032902605804190037285301907091865443511872780909337358499977323070554945362491120558481062474374010441479208921758922607624477388728235833881085870080.000000
1417,-0.511062,-0.320323,767217925266335522519883445024076189285011550871142232477027495248711373983247735610388702049736613087710340681310587522844892777576906362265240880995955409648802515137759691563363653616862712159688752916061815970988032.000000,2183939385730308635208420668460933914736575353792636055752251780277989982624268939247965316352032902605804190037285301907091865443511872780909337358499977323070554945362491120558481062474374010441479208921758922607624477388728235833881085870080.000000
1418,-0.505150,-0.317095,767217925266335522519883445024076189285011550871142232477027495248711373983247735610388702049736613087710340681310587522844892777576906362265240880995955409648802515137759691563363653616862712159688752916061815970988032.000000,2183939385730308635208420668460933914736575353792636055752251780277989982624268939247965316352032902605804190037285301907091865443511872780909337358499977323070554945362491120558481062474374010441479208921758922607624477388728235833881085870080.000000
1419,-0.499229,-0.313846,767217925266335522519883445024076189285011550871142232477027495248711373983247735610388702049736613087710340681310587522844892777576906362265240880995955409648802515137759691563363653616862712159688752916061815970988032.000000,2183939385730308635208420668460933914736575353792636055752251780277989982624268939247965316352032902605804190037285301907091865443511872780909337358499977323070554945362491120558481062474374010441479208921758922607624477388728235833881085870080.000000
1420,-0.493300,-0.310574,767217925266335522519883445024076189285011550871142232477027495248711373983247735610388702049736613087710340681310587522844892777576906362265240880995955409648802515137759691563363653616862712159688752916061815970988032.000000,2183939385730308635208420668460933914736575353792636055752251780277989982624268939247965316352032902605804190037285301907091865443511872780909337358499977323070554945362491120558481062474374010441479208921758922607624477388728235833881085870080.000000
1421,-0.487362,-0.307280,767217925266335522519883445024076189285011550871142232477027495248711373983247735610388702049736613087710340681310587522844892777576906362265240880995955409648802515137759691563363653616862712159688752916061815970988032.000000,2183939385730308635208420668460933914736575353792636055752251780277989982624268939247965316352032902605804190037285301907091865443511872780909337358499977323070554945362491120558481062474374010441479208921758922607624477388728235833881085870080.000000
1422,-0.481415,-0.303965,767217925266335522519883445024076189285011550871142232477027495248711373983247735610388702049736613087710340681310587522844892777576906362265240880995955409648802515137759691563363653616862712159688752916061815970988032.000000,2183939385730308635208420668460933914736575353792636055752251780277989982624268939247965316352032902605804190037285301907091865443511872780909337358499977323070554945362491120558481062474374010441479208921758922607624477388728235833881085870080.000000
1423,-0.475460,-0.300629,767217925266335522519883445024076189285011550871142232477027495248711373983247735610388702049736613087710340681310587522844892777576906362265240880995955409648802515137759691563363653616862712159688752916061815970988032.000000,2183939385730308635208420668460933914736575353792636055752251780277989982624268939247965316352032902605804190037285301907091865443511872780909337358499977323070554945362491120558481062474374010441479208921758922607624477388728235833881085870080.000000
1424,-0.469497,-0.297271,767217925266335522519883445024076189285011550871142232477027495248711373983247735610388702049736613087710340681310587522844892777576906362265240880995955409648802515137759691563363653616862712159688752916061815970988032.000000,2183939385730308635208420668460933914736575353792636055752251780277989982624268939247965316352032902605804190037285301907091865443511872780909337358499977323070554945362491120558481062474374010441479208921758922607624477388728235833881085870080.000000
1425,-0.463525,-0.293893,767217925266335522519883445024076189285011550871142232477027495248711373983247735610388702049736613087710340681310587522844892777576906362265240880995955409648802515137759691563363653616862712159688752916061815970988032.000000,2183939385730308635208420668460933914736575353792636055752251780277989982624268939247965316352032902605804190037285301907091865443511872780909337358499977323070554945362491120558481062474374010441479208921758922607624477388728235833881085870080.000000
1426,-0.457546,-0.290494,767217925266335522519883445024076189285011550871142232477027495248711373983247735610388702049736613087710340681310587522844892777576906362265240880995955409648802515137759691563363653616862712159688752916061815970988032.000000,2183939385730308635208420668460933914736575353792636055752251780277989982624268939247965316352032902605804190037285301907091865443511872780909337358499977323070554945362491120558481062474374010441479208921758922607624477388728235833881085870080.000000
1427,-0.451558,-0.287074,767217925266335522519883445024076189285011550871142232477027495248711373983247735610388702049736613087710340681310587522844892777576906362265240880995955409648802515137759691563363653616862712159688752916061815970988032.000000,2183939385730308635208420668460933914736575353792636055752251780277989982624268939247965316352032902605804190037285301907091865443511872780909337358499977323070554945362491120558481062474374010441479208921758922607624477388728235833881085870080.000000
1428,-0.445562,-0.283634,767217925266335522519883445024076189285011550871142232477027495248711373983247735610388702049736613087710340681310587522844892777576906362265240880995955409648802515137759691563363653616862712159688752916061815970988032.000000,2183939385730308635208420668460933914736575353792636055752251780277989982624268939247965316352032902605804190037285301907091865443511872780909337358499977323070554945362491120558481062474374010441479208921758922607624477388728235833881085870080.000000
1429,-0.439559,-0.280175,767217925266335522519883445024076189285011550871142232477027495248711373983247735610388702049736613087710340681310587522844892777576906362265240880995955409648802515137759691563363653616862712159688752916061815970988032.000000,2183939385730308635208420668460933914736575353792636055752251780277989982624268939247965316352032902605804190037285301907091865443511872780909337358499977323070554945362491120558481062474374010441479208921758922607624477388728235833881085870080.000000
1430,-0.433548,-0.276696,767217925266335522519883445024076189285011550871142232477027495248711373983247735610388702049736613087710340681310587522844892777576906362265240880995955409648802515137759691563363653616862712159688752916061815970988032.000000,2183939385730308635208420668460933914736575353792636055752251780277989982624268939247965316352032902605804190037285301907091865443511872780909337358499977323070554945362491120558481062474374010441479208921758922607624477388728235833881085870080.000000
1431,-0.427529,-0.273197,767217925266335522519883445024076189285011550871142232477027495248711373983247735610388702049736613087710340681310587522844892777576906362265240880995955409648802515137759691563363653616862712159688752916061815970988032.000000,2183939385730308635208420668460933914736575353792636055752251780277989982624268939247965316352032902605804190037285301907091865443511872780909337358499977323070554945362491120558481062474374010441479208921758922607624477388728235833881085870080.000000
1432,-0.421503,-0.269679,767217925266335522519883445024076189285011550871142232477027495248711373983247735610388702049736613087710340681310587522844892777576906362265240880995955409648802515137759691563363653616862712159688752916061815970988032.000000,2183939385730308635208420668460933914736575353792636055752251780277989982624268939247965316352032902605804190037285301907091865443511872780909337358499977323070554945362491120558481062474374010441479208921758922607624477388728235833881085870080.000000
1433,-0.415469,-0.266143,767217925266335522519883445024076189285011550871142232477027495248711373983247735610388702049736613087710340681310587522844892777576906362265240880995955409648802515137759691563363653616862712159688752916061815970988032.000000,2183939385730308635208420668460933914736575353792636055752251780277989982624268939247965316352032902605804190037285301907091865443511872780909337358499977323070554945362491120558481062474374010441479208921758922607624477388728235833881085870080.000000
1434,-0.409428,-0.262587,767217925266335522519883445024076189285011550871142232477027495248711373983247735610388702049736613087710340681310587522844892777576906362265240880995955409648802515137759691563363653616862712159688752916061815970988032.000000,2183939385730308635208420668460933914736575353792636055752251780277989982624268939247965316352032902605804190037285301907091865443511872780909337358499977323070554945362491120558481062474374010441479208921758922607624477388728235833881085870080.000000
1435,-0.403380,-0.259014,767217925266335522519883445024076189285011550871142232477027495248711373983247735610388702049736613087710340681310587522844892777576906362265240880995955409648802515137759691563363653616862712159688752916061815970988032.000000,2183939385730308635208420668460933914736575353792636055752251780277989982624268939247965316352032902605804190037285301907091865443511872780909337358499977323070554945362491120558481062474374010441479208921758922607624477388728235833881085870080.000000
1436,-0.397324,-0.255422,767217925266335522519883445024076189285011550871142232477027495248711373983247735610388702049736613087710340681310587522844892777576906362265240880995955409648802515137759691563363653616862712159688752916061815970988032.000000,2183939385730308635208420668460933914736575353792636055752251780277989982624268939247965316352032902605804190037285301907091865443511872780909337358499977323070554945362491120558481062474374010441479208921758922607624477388728235833881085870080.000000
1437,-0.391262,-0.251812,767217925266335522519883445024076189285011550871142232477027495248711373983247735610388702049736613087710340681310587522844892777576906362265240880995955409648802515137759691563363653616862712159688752916061815970988032.000000,2183939385730308635208420668460933914736575353792636055752251780277989982624268939247965316352032902605804190037285301907091865443511872780909337358499977323070554945362491120558481062474374010441479208921758922607624477388728235833881085870080.000000
1438,-0.385193,-0.248184,767217925266335522519883445024076189285011550871142232477027495248711373983247735610388702049736613087710340681310587522844892777576906362265240880995955409648802515137759691563363653616862712159688752916061815970988032.000000,2183939385730308635208420668460933914736575353792636055752251780277989982624268939247965316352032902605804190037285301907091865443511872780909337358499977323070554945362491120558481062474374010441479208921758922607624477388728235833881085870080.000000
1439,-0.379117,-0.244539,767217925266335522519883445024076189285011550871142232477027495248711373983247735610388702049736613087710340681310587522844892777576906362265240880995955409648802515137759691563363653616862712159688752916061815970988032.000000,2183939385730308635208420668460933914736575353792636055752251780277989982624268939247965316352032902605804190037285301907091865443511872780909337358499977323070554945362491120558481062474374010441479208921758922607624477388728235833881085870080.000000
1440,-0.373035,-0.240877,767217925266335522519883445024076189285011550871142232477027495248711373983247735610388702049736613087710340681310587522844892777576906362265240880995955409648802515137759691563363653616862712159688752916061815970988032.000000,2183939385730308635208420668460933914736575353792636055752251780277989982624268939247965316352032902605804190037285301907091865443511872780909337358499977323070554945362491120558481062474374010441479208921758922607624477388728235833881085870080.000000
1441,-0.366946,-0.237198,767217925266335522519883445024076189285011550871142232477027495248711373983247735610388702049736613087710340681310587522844892777576906362265240880995955409648802515137759691563363653616862712159688752916061815970988032.000000,2183939385730308635208420668460933914736575353792636055752251780277989982624268939247965316352032902605804190037285301907091865443511872780909337358499977323070554945362491120558481062474374010441479208921758922607624477388728235833881085870080.000000
1442,-0.360850,-0.233502,767217925266335522519883445024076189285011550871142232477027495248711373983247735610388702049736613087710340681310587522844892777576906362265240880995955409648802515137759691563363653616862712159688752916061815970988032.000000,2183939385730308635208420668460933914736575353792636055752251780277989982624268939247965316352032902605804190037285301907091865443511872780909337358499977323070554945362491120558481062474374010441479208921758922607624477388728235833881085870080.000000
1443,-0.354748,-0.229790,767217925266335522519883445024076189285011550871142232477027495248711373983247735610388702049736613087710340681310587522844892777576906362265240880995955409648802515137759691563363653616862712159688752916061815970988032.000000,2183939385730308635208420668460933914736575353792636055752251780277989982624268939247965316352032902605804190037285301907091865443511872780909337358499977323070554945362491120558481062474374010441479208921758922607624477388728235833881085870080.000000
1444,-0.348640,-0.226062,767217925266335522519883445024076189285011550871142232477027495248711373983247735610388702049736613087710340681310587522844892777576906362265240880995955409648802515137759691563363653616862712159688752916061815970988032.000000,2183939385730308635208420668460933914736575353792636055752251780277989982624268939247965316352032902605804190037285301907091865443511872780909337358499977323070554945362491120558481062474374010441479208921758922607624477388728235833881085870080.000000
1445,-0.342526,-0.222318,767217925266335522519883445024076189285011550871142232477027495248711373983247735610388702049736613087710340681310587522844892777576906362265240880995955409648802515137759691563363653616862712159688752916061815970988032.000000,2183939385730308635208420668460933914736575353792636055752251780277989982624268939247965316352032902605804190037285301907091865443511872780909337358499977323070554945362491120558481062474374010441479208921758922607624477388728235833881085870080.000000
1446,-0.336406,-0.218558,767217925266335522519883445024076189285011550871142232477027495248711373983247735610388702049736613087710340681310587522844892777576906362265240880995955409648802515137759691563363653616862712159688752916061815970988032.000000,2183939385730308635208420668460933914736575353792636055752251780277989982624268939247965316352032902605804190037285301907091865443511872780909337358499977323070554945362491120558481062474374010441479208921758922607624477388728235833881085870080.000000
1447,-0.330280,-0.214783,767217925266335522519883445024076189285011550871142232477027495248711373983247735610388702049736613087710340681310587522844892777576906362265240880995955409648802515137759691563363653616862712159688752916061815970988032.000000,2183939385730308635208420668460933914736575353792636055752251780277989982624268939247965316352032902605804190037285301907091865443511872780909337358499977323070554945362491120558481062474374010441479208921758922607624477388728235833881085870080.000000
1448,-0.324148,-0.210993,767217925266335522519883445024076189285011550871142232477027495248711373983247735610388702049736613087710340681310587522844892777576906362265240880995955409648802515137759691563363653616862712159688752916061815970988032.000000,2183939385730308635208420668460933914736575353792636055752251780277989982624268939247965316352032902605804190037285301907091865443511872780909337358499977323070554945362491120558481062474374010441479208921758922607624477388728235833881085870080.000000
1449,-0.318011,-0.207188,767217925266335522519883445024076189285011550871142232477027495248711373983247735610388702049736613087710340681310587522844892777576906362265240880995955409648802515137759691563363653616862712159688752916061815970988032.000000,2183939385730308635208420668460933914736575353792636055752251780277989982624268939247965316352032902605804190037285301907091865443511872780909337358499977323070554945362491120558481062474374010441479208921758922607624477388728235833881085870080.000000
1450,-0.311868,-0.203368,767217925266335522519883445024076189285011550871142232477027495248711373983247735610388702049736613087710340681310587522844892777576906362265240880995955409648802515137759691563363653616862712159688752916061815970988032.000000,2183939385730308635208420668460933914736575353792636055752251780277989982624268939247965316352032902605804190037285301907091865443511872780909337358499977323070554945362491120558481062474374010441479208921758922607624477388728235833881085870080.000000
1451,-0.305719,-0.199535,767217925266335522519883445024076189285011550871142232477027495248711373983247735610388702049736613087710340681310587522844892777576906362265240880995955409648802515137759691563363653616862712159688752916061815970988032.000000,2183939385730308635208420668460933914736575353792636055752251780277989982624268939247965316352032902605804190037285301907091865443511872780909337358499977323070554945362491120558481062474374010441479208921758922607624477388728235833881085870080.000000
1452,-0.299565,-0.195687,767217925266335522519883445024076189285011550871142232477027495248711373983247735610388702049736613087710340681310587522844892777576906362265240880995955409648802515137759691563363653616862712159688752916061815970988032.000000,2183939385730308635208420668460933914736575353792636055752251780277989982624268939247965316352032902605804190037285301907091865443511872780909337358499977323070554945362491120558481062474374010441479208921758922607624477388728235833881085870080.000000
1453,-0.293406,-0.191825,767217925266335522519883445024076189285011550871142232477027495248711373983247735610388702049736613087710340681310587522844892777576906362265240880995955409648802515137759691563363653616862712159688752916061815970988032.000000,2183939385730308635208420668460933914736575353792636055752251780277989982624268939247965316352032902605804190037285301907091865443511872780909337358499977323070554945362491120558481062474374010441479208921758922607624477388728235833881085870080.000000
1454,-0.287241,-0.187950,767217925266335522519883445024076189285011550871142232477027495248711373983247735610388702049736613087710340681310587522844892777576906362265240880995955409648802515137759691563363653616862712159688752916061815970988032.000000,2183939385730308635208420668460933914736575353792636055752251780277989982624268939247965316352032902605804190037285301907091865443511872780909337358499977323070554945362491120558481062474374010441479208921758922607624477388728235833881085870080.000000
1455,-0.281072,-0.184062,767217925266335522519883445024076189285011550871142232477027495248711373983247735610388702049736613087710340681310587522844892777576906362265240880995955409648802515137759691563363653616862712159688752916061815970988032.000000,2183939385730308635208420668460933914736575353792636055752251780277989982624268939247965316352032902605804190037285301907091865443511872780909337358499977323070554945362491120558481062474374010441479208921758922607624477388728235833881085870080.000000
1456,-0.274898,-0.180161,767217925266335522519883445024076189285011550871142232477027495248711373983247735610388702049736613087710340681310587522844892777576906362265240880995955409648802515137759691563363653616862712159688752916061815970988032.000000,2183939385730308635208420668460933914736575353792636055752251780277989982624268939247965316352032902605804190037285301907091865443511872780909337358499977323070554945362491120558481062474374010441479208921758922607624477388728235833881085870080.000000
1457,-0.268718,-0.176248,767217925266335522519883445024076189285011550871142232477027495248711373983247735610388702049736613087710340681310587522844892777576906362265240880995955409648802515137759691563363653616862712159688752916061815970988032.000000,2183939385730308635208420668460933914736575353792636055752251780277989982624268939247965316352032902605804190037285301907091865443511872780909337358499977323070554945362491120558481062474374010441479208921758922607624477388728235833881085870080.000000
1458,-0.262535,-0.172321,767217925266335522519883445024076189285011550871142232477027495248711373983247735610388702049736613087710340681310587522844892777576906362265240880995955409648802515137759691563363653616862712159688752916061815970988032.000000,2183939385730308635208420668460933914736575353792636055752251780277989982624268939247965316352032902605804190037285301907091865443511872780909337358499977323070554945362491120558481062474374010441479208921758922607624477388728235833881085870080.000000
1459,-0.256346,-0.168383,767217925266335522519883445024076189285011550871142232477027495248711373983247735610388702049736613087710340681310587522844892777576906362265240880995955409648802515137759691563363653616862712159688752916061815970988032.000000,2183939385730308635208420668460933914736575353792636055752251780277989982624268939247965316352032902605804190037285301907091865443511872780909337358499977323070554945362491120558481062474374010441479208921758922607624477388728235833881085870080.000000
1460,-0.250153,-0.164433,767217925266335522519883445024076189285011550871142232477027495248711373983247735610388702049736613087710340681310587522844892777576906362265240880995955409648802515137759691563363653616862712159688752916061815970988032.000000,2183939385730308635208420668460933914736575353792636055752251780277989982624268939247965316352032902605804190037285301907091865443511872780909337358499977323070554945362491120558481062474374010441479208921758922607624477388728235833881085870080.000000
1461,-0.243956,-0.160472,767217925266335522519883445024076189285011550871142232477027495248711373983247735610388702049736613087710340681310587522844892777576906362265240880995955409648802515137759691563363653616862712159688752916061815970988032.000000,2183939385730308635208420668460933914736575353792636055752251780277989982624268939247965316352032902605804190037285301907091865443511872780909337358499977323070554945362491120558481062474374010441479208921758922607624477388728235833881085870080.000000
1462,-0.237754,-0.156499,767217925266335522519883445024076189285011550871142232477027495248711373983247735610388702049736613087710340681310587522844892777576906362265240880995955409648802515137759691563363653616862712159688752916061815970988032.000000,2183939385730308635208420668460933914736575353792636055752251780277989982624268939247965316352032902605804190037285301907091865443511872780909337358499977323070554945362491120558481062474374010441479208921758922607624477388728235833881085870080.000000
1463,-0.231548,-0.152515,767217925266335522519883445024076189285011550871142232477027495248711373983247735610388702049736613087710340681310587522844892777576906362265240880995955409648802515137759691563363653616862712159688752916061815970988032.000000,2183939385730308635208420668460933914736575353792636055752251780277989982624268939247965316352032902605804190037285301907091865443511872780909337358499977323070554945362491120558481062474374010441479208921758922607624477388728235833881085870080.000000
1464,-0.225338,-0.148521,767217925266335522519883445024076189285011550871142232477027495248711373983247735610388702049736613087710340681310587522844892777576906362265240880995955409648802515137759691563363653616862712159688752916061815970988032.000000,2183939385730308635208420668460933914736575353792636055752251780277989982624268939247965316352032902605804190037285301907091865443511872780909337358499977323070554945362491120558481062474374010441479208921758922607624477388728235833881085870080.000000
1465,-0.219125,-0.144516,767217925266335522519883445024076189285011550871142232477027495248711373983247735610388702049736613087710340681310587522844892777576906362265240880995955409648802515137759691563363653616862712159688752916061815970988032.000000,2183939385730308635208420668460933914736575353792636055752251780277989982624268939247965316352032902605804190037285301907091865443511872780909337358499977323070554945362491120558481062474374010441479208921758922607624477388728235833881085870080.000000
1466,-0.212907,-0.140501,767217925266335522519883445024076189285011550871142232477027495248711373983247735610388702049736613087710340681310587522844892777576906362265240880995955409648802515137759691563363653616862712159688752916061815970988032.000000,2183939385730308635208420668460933914736575353792636055752251780277989982624268939247965316352032902605804190037285301907091865443511872780909337358499977323070554945362491120558481062474374010441479208921758922607624477388728235833881085870080.000000
1467,-0.206685,-0.136476,767217925266335522519883445024076189285011550871142232477027495248711373983247735610388702049736613087710340681310587522844892777576906362265240880995955409648802515137759691563363653616862712159688752916061815970988032.000000,2183939385730308635208420668460933914736575353792636055752251780277989982624268939247965316352032902605804190037285301907091865443511872780909337358499977323070554945362491120558481062474374010441479208921758922607624477388728235833881085870080.000000
1468,-0.200460,-0.132441,767217925266335522519883445024076189285011550871142232477027495248711373983247735610388702049736613087710340681310587522844892777576906362265240880995955409648802515137759691563363653616862712159688752916061815970988032.000000,2183939385730308635208420668460933914736575353792636055752251780277989982624268939247965316352032902605804190037285301907091865443511872780909337358499977323070554945362491120558481062474374010441479208921758922607624477388728235833881085870080.000000
1469,-0.194232,-0.128398,767217925266335522519883445024076189285011550871142232477027495248711373983247735610388702049736613087710340681310587522844892777576906362265240880995955409648802515137759691563363653616862712159688752916061815970988032.000000,2183939385730308635208420668460933914736575353792636055752251780277989982624268939247965316352032902605804190037285301907091865443511872780909337358499977323070554945362491120558481062474374010441479208921758922607624477388728235833881085870080.000000
1470,-0.188000,-0.124345,767217925266335522519883445024076189285011550871142232477027495248711373983247735610388702049736613087710340681310587522844892777576906362265240880995955409648802515137759691563363653616862712159688752916061815970988032.000000,2183939385730308635208420668460933914736575353792636055752251780277989982624268939247965316352032902605804190037285301907091865443511872780909337358499977323070554945362491120558481062474374010441479208921758922607624477388728235833881085870080.000000
1471,-0.181765,-0.120283,767217925266335522519883445024076189285011550871142232477027495248711373983247735610388702049736613087710340681310587522844892777576906362265240880995955409648802515137759691563363653616862712159688752916061815970988032.000000,2183939385730308635208420668460933914736575353792636055752251780277989982624268939247965316352032902605804190037285301907091865443511872780909337358499977323070554945362491120558481062474374010441479208921758922607624477388728235833881085870080.000000
1472,-0.175526,-0.116213,767217925266335522519883445024076189285011550871142232477027495248711373983247735610388702049736613087710340681310587522844892777576906362265240880995955409648802515137759691563363653616862712159688752916061815970988032.000000,2183939385730308635208420668460933914736575353792636055752251780277989982624268939247965316352032902605804190037285301907091865443511872780909337358499977323070554945362491120558481062474374010441479208921758922607624477388728235833881085870080.000000
1473,-0.169285,-0.112135,767217925266335522519883445024076189285011550871142232477027495248711373983247735610388702049736613087710340681310587522844892777576906362265240880995955409648802515137759691563363653616862712159688752916061815970988032.000000,2183939385730308635208420668460933914736575353792636055752251780277989982624268939247965316352032902605804190037285301907091865443511872780909337358499977323070554945362491120558481062474374010441479208921758922607624477388728235833881085870080.000000
1474,-0.163040,-0.108049,767217925266335522519883445024076189285011550871142232477027495248711373983247735610388702049736613087710340681310587522844892777576906362265240880995955409648802515137759691563363653616862712159688752916061815970988032.000000,2183939385730308635208420668460933914736575353792636055752251780277989982624268939247965316352032902605804190037285301907091865443511872780909337358499977323070554945362491120558481062474374010441479208921758922607624477388728235833881085870080.000000
1475,-0.156793,-0.103956,767217925266335522519883445024076189285011550871142232477027495248711373983247735610388702049736613087710340681310587522844892777576906362265240880995955409648802515137759691563363653616862712159688752916061815970988032.000000,2183939385730308635208420668460933914736575353792636055752251780277989982624268939247965316352032902605804190037285301907091865443511872780909337358499977323070554945362491120558481062474374010441479208921758922607624477388728235833881085870080.000000
1476,-0.150543,-0.099855,767217925266335522519883445024076189285011550871142232477027495248711373983247735610388702049736613087710340681310587522844892777576906362265240880995955409648802515137759691563363653616862712159688752916061815970988032.000000,2183939385730308635208420668460933914736575353792636055752251780277989982624268939247965316352032902605804190037285301907091865443511872780909337358499977323070554945362491120558481062474374010441479208921758922607624477388728235833881085870080.000000
1477,-0.144290,-0.095747,767217925266335522519883445024076189285011550871142232477027495248711373983247735610388702049736613087710340681310587522844892777576906362265240880995955409648802515137759691563363653616862712159688752916061815970988032.000000,2183939385730308635208420668460933914736575353792636055752251780277989982624268939247965316352032902605804190037285301907091865443511872780909337358499977323070554945362491120558481062474374010441479208921758922607624477388728235833881085870080.000000
1478,-0.138035,-0.091633,767217925266335522519883445024076189285011550871142232477027495248711373983247735610388702049736613087710340681310587522844892777576906362265240880995955409648802515137759691563363653616862712159688752916061815970988032.000000,2183939385730308635208420668460933914736575353792636055752251780277989982624268939247965316352032902605804190037285301907091865443511872780909337358499977323070554945362491120558481062474374010441479208921758922607624477388728235833881085870080.000000
1479,-0.131777,-0.087512,767217925266335522519883445024076189285011550871142232477027495248711373983247735610388702049736613087710340681310587522844892777576906362265240880995955409648802515137759691563363653616862712159688752916061815970988032.000000,2183939385730308635208420668460933914736575353792636055752251780277989982624268939247965316352032902605804190037285301907091865443511872780909337358499977323070554945362491120558481062474374010441479208921758922607624477388728235833881085870080.000000
1480,-0.125517,-0.083384,767217925266335522519883445024076189285011550871142232477027495248711373983247735610388702049736613087710340681310587522844892777576906362265240880995955409648802515137759691563363653616862712159688752916061815970988032.000000,2183939385730308635208420668460933914736575353792636055752251780277989982624268939247965316352032902605804190037285301907091865443511872780909337358499977323070554945362491120558481062474374010441479208921758922607624477388728235833881085870080.000000
1481,-0.119255,-0.079251,767217925266335522519883445024076189285011550871142232477027495248711373983247735610388702049736613087710340681310587522844892777576906362265240880995955409648802515137759691563363653616862712159688752916061815970988032.000000,2183939385730308635208420668460933914736575353792636055752251780277989982624268939247965316352032902605804190037285301907091865443511872780909337358499977323070554945362491120558481062474374010441479208921758922607624477388728235833881085870080.000000
1482,-0.112990,-0.075113,767217925266335522519883445024076189285011550871142232477027495248711373983247735610388702049736613087710340681310587522844892777576906362265240880995955409648802515137759691563363653616862712159688752916061815970988032.000000,2183939385730308635208420668460933914736575353792636055752251780277989982624268939247965316352032902605804190037285301907091865443511872780909337358499977323070554945362491120558481062474374010441479208921758922607624477388728235833881085870080.000000
1483,-0.106724,-0.070969,767217925266335522519883445024076189285011550871142232477027495248711373983247735610388702049736613087710340681310587522844892777576906362265240880995955409648802515137759691563363653616862712159688752916061815970988032.000000,2183939385730308635208420668460933914736575353792636055752251780277989982624268939247965316352032902605804190037285301907091865443511872780909337358499977323070554945362491120558481062474374010441479208921758922607624477388728235833881085870080.000000
1484,-0.100456,-0.066820,767217925266335522519883445024076189285011550871142232477027495248711373983247735610388702049736613087710340681310587522844892777576906362265240880995955409648802515137759691563363653616862712159688752916061815970988032.000000,2183939385730308635208420668460933914736575353792636055752251780277989982624268939247965316352032902605804190037285301907091865443511872780909337358499977323070554945362491120558481062474374010441479208921758922607624477388728235833881085870080.000000
1485,-0.094186,-0.062667,767217925266335522519883445024076189285011550871142232477027495248711373983247735610388702049736613087710340681310587522844892777576906362265240880995955409648802515137759691563363653616862712159688752916061815970988032.000000,2183939385730308635208420668460933914736575353792636055752251780277989982624268939247965316352032902605804190037285301907091865443511872780909337358499977323070554945362491120558481062474374010441479208921758922607624477388728235833881085870080.000000
1486,-0.087914,-0.058509,767217925266335522519883445024076189285011550871142232477027495248711373983247735610388702049736613087710340681310587522844892777576906362265240880995955409648802515137759691563363653616862712159688752916061815970988032.000000,2183939385730308635208420668460933914736575353792636055752251780277989982624268939247965316352032902605804190037285301907091865443511872780909337358499977323070554945362491120558481062474374010441479208921758922607624477388728235833881085870080.000000
1487,-0.081641,-0.054347,767217925266335522519883445024076189285011550871142232477027495248711373983247735610388702049736613087710340681310587522844892777576906362265240880995955409648802515137759691563363653616862712159688752916061815970988032.000000,2183939385730308635208420668460933914736575353792636055752251780277989982624268939247965316352032902605804190037285301907091865443511872780909337358499977323070554945362491120558481062474374010441479208921758922607624477388728235833881085870080.000000
1488,-0.075366,-0.050181,767217925266335522519883445024076189285011550871142232477027495248711373983247735610388702049736613087710340681310587522844892777576906362265240880995955409648802515137759691563363653616862712159688752916061815970988032.000000,2183939385730308635208420668460933914736575353792636055752251780277989982624268939247965316352032902605804190037285301907091865443511872780909337358499977323070554945362491120558481062474374010441479208921758922607624477388728235833881085870080.000000
1489,-0.069091,-0.046012,767217925266335522519883445024076189285011550871142232477027495248711373983247735610388702049736613087710340681310587522844892777576906362265240880995955409648802515137759691563363653616862712159688752916061815970988032.000000,2183939385730308635208420668460933914736575353792636055752251780277989982624268939247965316352032902605804190037285301907091865443511872780909337358499977323070554945362491120558481062474374010441479208921758922607624477388728235833881085870080.000000
1490,-0.062813,-0.041839,767217925266335522519883445024076189285011550871142232477027495248711373983247735610388702049736613087710340681310587522844892777576906362265240880995955409648802515137759691563363653616862712159688752916061815970988032.000000,2183939385730308635208420668460933914736575353792636055752251780277989982624268939247965316352032902605804190037285301907091865443511872780909337358499977323070554945362491120558481062474374010441479208921758922607624477388728235833881085870080.000000
1491,-0.056535,-0.037663,767217925266335522519883445024076189285011550871142232477027495248711373983247735610388702049736613087710340681310587522844892777576906362265240880995955409648802515137759691563363653616862712159688752916061815970988032.000000,2183939385730308635208420668460933914736575353792636055752251780277989982624268939247965316352032902605804190037285301907091865443511872780909337358499977323070554945362491120558481062474374010441479208921758922607624477388728235833881085870080.000000
1492,-0.050256,-0.033485,767217925266335522519883445024076189285011550871142232477027495248711373983247735610388702049736613087710340681310587522844892777576906362265240880995955409648802515137759691563363653616862712159688752916061815970988032.000000,2183939385730308635208420668460933914736575353792636055752251780277989982624268939247965316352032902605804190037285301907091865443511872780909337358499977323070554945362491120558481062474374010441479208921758922607624477388728235833881085870080.000000
1493,-0.043976,-0.029305,767217925266335522519883445024076189285011550871142232477027495248711373983247735610388702049736613087710340681310587522844892777576906362265240880995955409648802515137759691563363653616862712159688752916061815970988032.000000,2183939385730308635208420668460933914736575353792636055752251780277989982624268939247965316352032902605804190037285301907091865443511872780909337358499977323070554945362491120558481062474374010441479208921758922607624477388728235833881085870080.000000
1494,-0.037695,-0.025122,767217925266335522519883445024076189285011550871142232477027495248711373983247735610388702049736613087710340681310587522844892777576906362265240880995955409648802515137759691563363653616862712159688752916061815970988032.000000,2183939385730308635208420668460933914736575353792636055752251780277989982624268939247965316352032902605804190037285301907091865443511872780909337358499977323070554945362491120558481062474374010441479208921758922607624477388728235833881085870080.000000
1495,-0.031414,-0.020938,767217925266335522519883445024076189285011550871142232477027495248711373983247735610388702049736613087710340681310587522844892777576906362265240880995955409648802515137759691563363653616862712159688752916061815970988032.000000,2183939385730308635208420668460933914736575353792636055752251780277989982624268939247965316352032902605804190037285301907091865443511872780909337358499977323070554945362491120558481062474374010441479208921758922607624477388728235833881085870080.000000
1496,-0.025132,-0.016752,767217925266335522519883445024076189285011550871142232477027495248711373983247735610388702049736613087710340681310587522844892777576906362265240880995955409648802515137759691563363653616862712159688752916061815970988032.000000,2183939385730308635208420668460933914736575353792636055752251780277989982624268939247965316352032902605804190037285301907091865443511872780909337358499977323070554945362491120558481062474374010441479208921758922607624477388728235833881085870080.000000
1497,-0.018849,-0.012565,767217925266335522519883445024076189285011550871142232477027495248711373983247735610388702049736613087710340681310587522844892777576906362265240880995955409648802515137759691563363653616862712159688752916061815970988032.000000,2183939385730308635208420668460933914736575353792636055752251780277989982624268939247965316352032902605804190037285301907091865443511872780909337358499977323070554945362491120558481062474374010441479208921758922607624477388728235833881085870080.000000
1498,-0.012566,-0.008377,767217925266335522519883445024076189285011550871142232477027495248711373983247735610388702049736613087710340681310587522844892777576906362265240880995955409648802515137759691563363653616862712159688752916061815970988032.000000,2183939385730308635208420668460933914736575353792636055752251780277989982624268939247965316352032902605804190037285301907091865443511872780909337358499977323070554945362491120558481062474374010441479208921758922607624477388728235833881085870080.000000
1499,-0.006283,-0.004189,767217925266335522519883445024076189285011550871142232477027495248711373983247735610388702049736613087710340681310587522844892777576906362265240880995955409648802515137759691563363653616862712159688752916061815970988032.000000,2183939385730308635208420668460933914736575353792636055752251780277989982624268939247965316352032902605804190037285301907091865443511872780909337358499977323070554945362491120558481062474374010441479208921758922607624477388728235833881085870080.000000
