[0.148s] DEBUG:colcon:Command line arguments: ['/usr/bin/colcon', 'build']
[0.148s] DEBUG:colcon:Parsed command line arguments: Namespace(log_base=None, log_level=None, verb_name='build', build_base='build', install_base='install', merge_install=False, symlink_install=False, test_result_base=None, continue_on_error=False, executor='parallel', parallel_workers=24, event_handlers=None, ignore_user_meta=False, metas=['./colcon.meta'], base_paths=['.'], packages_ignore=None, packages_ignore_regex=None, paths=None, packages_up_to=None, packages_up_to_regex=None, packages_above=None, packages_above_and_dependencies=None, packages_above_depth=None, packages_select_by_dep=None, packages_skip_by_dep=None, packages_skip_up_to=None, packages_select_build_failed=False, packages_skip_build_finished=False, packages_select_test_failures=False, packages_skip_test_passed=False, packages_select=None, packages_skip=None, packages_select_regex=None, packages_skip_regex=None, packages_start=None, packages_end=None, allow_overriding=[], cmake_args=None, cmake_target=None, cmake_target_skip_unavailable=False, cmake_clean_cache=False, cmake_clean_first=False, cmake_force_configure=False, ament_cmake_args=None, catkin_cmake_args=None, catkin_skip_building_tests=False, mixin_files=None, mixin=None, verb_parser=<colcon_mixin.mixin.mixin_argument.MixinArgumentDecorator object at 0x7a7ea6033280>, verb_extension=<colcon_core.verb.build.BuildVerb object at 0x7a7ea6198460>, main=<bound method BuildVerb.main of <colcon_core.verb.build.BuildVerb object at 0x7a7ea6198460>>, mixin_verb=('build',))
[0.346s] Level 1:colcon.colcon_core.package_discovery:discover_packages(colcon_meta) check parameters
[0.346s] Level 1:colcon.colcon_core.package_discovery:discover_packages(recursive) check parameters
[0.346s] Level 1:colcon.colcon_core.package_discovery:discover_packages(ignore) check parameters
[0.346s] Level 1:colcon.colcon_core.package_discovery:discover_packages(path) check parameters
[0.346s] Level 1:colcon.colcon_core.package_discovery:discover_packages(colcon_meta) discover
[0.346s] Level 1:colcon.colcon_core.package_discovery:discover_packages(recursive) discover
[0.346s] INFO:colcon.colcon_core.package_discovery:Crawling recursively for packages in '/home/tona/astro_ws_pas'
[0.347s] Level 1:colcon.colcon_core.package_identification:_identify(.) by extensions ['ignore', 'ignore_ament_install']
[0.347s] Level 1:colcon.colcon_core.package_identification:_identify(.) by extension 'ignore'
[0.347s] Level 1:colcon.colcon_core.package_identification:_identify(.) by extension 'ignore_ament_install'
[0.347s] Level 1:colcon.colcon_core.package_identification:_identify(.) by extensions ['colcon_pkg']
[0.347s] Level 1:colcon.colcon_core.package_identification:_identify(.) by extension 'colcon_pkg'
[0.347s] Level 1:colcon.colcon_core.package_identification:_identify(.) by extensions ['colcon_meta']
[0.347s] Level 1:colcon.colcon_core.package_identification:_identify(.) by extension 'colcon_meta'
[0.347s] Level 1:colcon.colcon_core.package_identification:_identify(.) by extensions ['ros']
[0.347s] Level 1:colcon.colcon_core.package_identification:_identify(.) by extension 'ros'
[0.353s] Level 1:colcon.colcon_core.package_identification:_identify(.) by extensions ['cmake', 'python']
[0.353s] Level 1:colcon.colcon_core.package_identification:_identify(.) by extension 'cmake'
[0.354s] Level 1:colcon.colcon_core.package_identification:_identify(.) by extension 'python'
[0.354s] Level 1:colcon.colcon_core.package_identification:_identify(.) by extensions ['python_setup_py']
[0.354s] Level 1:colcon.colcon_core.package_identification:_identify(.) by extension 'python_setup_py'
[0.354s] Level 1:colcon.colcon_core.package_identification:_identify(bags) by extensions ['ignore', 'ignore_ament_install']
[0.354s] Level 1:colcon.colcon_core.package_identification:_identify(bags) by extension 'ignore'
[0.354s] Level 1:colcon.colcon_core.package_identification:_identify(bags) by extension 'ignore_ament_install'
[0.354s] Level 1:colcon.colcon_core.package_identification:_identify(bags) by extensions ['colcon_pkg']
[0.357s] Level 1:colcon.colcon_core.package_identification:_identify(bags) by extension 'colcon_pkg'
[0.357s] Level 1:colcon.colcon_core.package_identification:_identify(bags) by extensions ['colcon_meta']
[0.357s] Level 1:colcon.colcon_core.package_identification:_identify(bags) by extension 'colcon_meta'
[0.357s] Level 1:colcon.colcon_core.package_identification:_identify(bags) by extensions ['ros']
[0.357s] Level 1:colcon.colcon_core.package_identification:_identify(bags) by extension 'ros'
[0.357s] Level 1:colcon.colcon_core.package_identification:_identify(bags) by extensions ['cmake', 'python']
[0.357s] Level 1:colcon.colcon_core.package_identification:_identify(bags) by extension 'cmake'
[0.357s] Level 1:colcon.colcon_core.package_identification:_identify(bags) by extension 'python'
[0.357s] Level 1:colcon.colcon_core.package_identification:_identify(bags) by extensions ['python_setup_py']
[0.357s] Level 1:colcon.colcon_core.package_identification:_identify(bags) by extension 'python_setup_py'
[0.358s] Level 1:colcon.colcon_core.package_identification:_identify(bags/bag_duga_putanja) by extensions ['ignore', 'ignore_ament_install']
[0.358s] Level 1:colcon.colcon_core.package_identification:_identify(bags/bag_duga_putanja) by extension 'ignore'
[0.358s] Level 1:colcon.colcon_core.package_identification:_identify(bags/bag_duga_putanja) by extension 'ignore_ament_install'
[0.358s] Level 1:colcon.colcon_core.package_identification:_identify(bags/bag_duga_putanja) by extensions ['colcon_pkg']
[0.358s] Level 1:colcon.colcon_core.package_identification:_identify(bags/bag_duga_putanja) by extension 'colcon_pkg'
[0.358s] Level 1:colcon.colcon_core.package_identification:_identify(bags/bag_duga_putanja) by extensions ['colcon_meta']
[0.358s] Level 1:colcon.colcon_core.package_identification:_identify(bags/bag_duga_putanja) by extension 'colcon_meta'
[0.358s] Level 1:colcon.colcon_core.package_identification:_identify(bags/bag_duga_putanja) by extensions ['ros']
[0.358s] Level 1:colcon.colcon_core.package_identification:_identify(bags/bag_duga_putanja) by extension 'ros'
[0.358s] Level 1:colcon.colcon_core.package_identification:_identify(bags/bag_duga_putanja) by extensions ['cmake', 'python']
[0.358s] Level 1:colcon.colcon_core.package_identification:_identify(bags/bag_duga_putanja) by extension 'cmake'
[0.358s] Level 1:colcon.colcon_core.package_identification:_identify(bags/bag_duga_putanja) by extension 'python'
[0.358s] Level 1:colcon.colcon_core.package_identification:_identify(bags/bag_duga_putanja) by extensions ['python_setup_py']
[0.358s] Level 1:colcon.colcon_core.package_identification:_identify(bags/bag_duga_putanja) by extension 'python_setup_py'
[0.358s] Level 1:colcon.colcon_core.package_identification:_identify(bags/bag_duga_putanja_opt) by extensions ['ignore', 'ignore_ament_install']
[0.359s] Level 1:colcon.colcon_core.package_identification:_identify(bags/bag_duga_putanja_opt) by extension 'ignore'
[0.359s] Level 1:colcon.colcon_core.package_identification:_identify(bags/bag_duga_putanja_opt) by extension 'ignore_ament_install'
[0.359s] Level 1:colcon.colcon_core.package_identification:_identify(bags/bag_duga_putanja_opt) by extensions ['colcon_pkg']
[0.359s] Level 1:colcon.colcon_core.package_identification:_identify(bags/bag_duga_putanja_opt) by extension 'colcon_pkg'
[0.359s] Level 1:colcon.colcon_core.package_identification:_identify(bags/bag_duga_putanja_opt) by extensions ['colcon_meta']
[0.359s] Level 1:colcon.colcon_core.package_identification:_identify(bags/bag_duga_putanja_opt) by extension 'colcon_meta'
[0.359s] Level 1:colcon.colcon_core.package_identification:_identify(bags/bag_duga_putanja_opt) by extensions ['ros']
[0.359s] Level 1:colcon.colcon_core.package_identification:_identify(bags/bag_duga_putanja_opt) by extension 'ros'
[0.359s] Level 1:colcon.colcon_core.package_identification:_identify(bags/bag_duga_putanja_opt) by extensions ['cmake', 'python']
[0.359s] Level 1:colcon.colcon_core.package_identification:_identify(bags/bag_duga_putanja_opt) by extension 'cmake'
[0.359s] Level 1:colcon.colcon_core.package_identification:_identify(bags/bag_duga_putanja_opt) by extension 'python'
[0.359s] Level 1:colcon.colcon_core.package_identification:_identify(bags/bag_duga_putanja_opt) by extensions ['python_setup_py']
[0.359s] Level 1:colcon.colcon_core.package_identification:_identify(bags/bag_duga_putanja_opt) by extension 'python_setup_py'
[0.359s] Level 1:colcon.colcon_core.package_identification:_identify(bags/bag_naprijed) by extensions ['ignore', 'ignore_ament_install']
[0.359s] Level 1:colcon.colcon_core.package_identification:_identify(bags/bag_naprijed) by extension 'ignore'
[0.359s] Level 1:colcon.colcon_core.package_identification:_identify(bags/bag_naprijed) by extension 'ignore_ament_install'
[0.359s] Level 1:colcon.colcon_core.package_identification:_identify(bags/bag_naprijed) by extensions ['colcon_pkg']
[0.359s] Level 1:colcon.colcon_core.package_identification:_identify(bags/bag_naprijed) by extension 'colcon_pkg'
[0.359s] Level 1:colcon.colcon_core.package_identification:_identify(bags/bag_naprijed) by extensions ['colcon_meta']
[0.359s] Level 1:colcon.colcon_core.package_identification:_identify(bags/bag_naprijed) by extension 'colcon_meta'
[0.359s] Level 1:colcon.colcon_core.package_identification:_identify(bags/bag_naprijed) by extensions ['ros']
[0.359s] Level 1:colcon.colcon_core.package_identification:_identify(bags/bag_naprijed) by extension 'ros'
[0.359s] Level 1:colcon.colcon_core.package_identification:_identify(bags/bag_naprijed) by extensions ['cmake', 'python']
[0.359s] Level 1:colcon.colcon_core.package_identification:_identify(bags/bag_naprijed) by extension 'cmake'
[0.359s] Level 1:colcon.colcon_core.package_identification:_identify(bags/bag_naprijed) by extension 'python'
[0.359s] Level 1:colcon.colcon_core.package_identification:_identify(bags/bag_naprijed) by extensions ['python_setup_py']
[0.359s] Level 1:colcon.colcon_core.package_identification:_identify(bags/bag_naprijed) by extension 'python_setup_py'
[0.359s] Level 1:colcon.colcon_core.package_identification:_identify(bags/bag_naprijed_opt) by extensions ['ignore', 'ignore_ament_install']
[0.359s] Level 1:colcon.colcon_core.package_identification:_identify(bags/bag_naprijed_opt) by extension 'ignore'
[0.360s] Level 1:colcon.colcon_core.package_identification:_identify(bags/bag_naprijed_opt) by extension 'ignore_ament_install'
[0.360s] Level 1:colcon.colcon_core.package_identification:_identify(bags/bag_naprijed_opt) by extensions ['colcon_pkg']
[0.360s] Level 1:colcon.colcon_core.package_identification:_identify(bags/bag_naprijed_opt) by extension 'colcon_pkg'
[0.360s] Level 1:colcon.colcon_core.package_identification:_identify(bags/bag_naprijed_opt) by extensions ['colcon_meta']
[0.360s] Level 1:colcon.colcon_core.package_identification:_identify(bags/bag_naprijed_opt) by extension 'colcon_meta'
[0.360s] Level 1:colcon.colcon_core.package_identification:_identify(bags/bag_naprijed_opt) by extensions ['ros']
[0.360s] Level 1:colcon.colcon_core.package_identification:_identify(bags/bag_naprijed_opt) by extension 'ros'
[0.360s] Level 1:colcon.colcon_core.package_identification:_identify(bags/bag_naprijed_opt) by extensions ['cmake', 'python']
[0.360s] Level 1:colcon.colcon_core.package_identification:_identify(bags/bag_naprijed_opt) by extension 'cmake'
[0.360s] Level 1:colcon.colcon_core.package_identification:_identify(bags/bag_naprijed_opt) by extension 'python'
[0.360s] Level 1:colcon.colcon_core.package_identification:_identify(bags/bag_naprijed_opt) by extensions ['python_setup_py']
[0.360s] Level 1:colcon.colcon_core.package_identification:_identify(bags/bag_naprijed_opt) by extension 'python_setup_py'
[0.360s] Level 1:colcon.colcon_core.package_identification:_identify(bags/bag_nazad) by extensions ['ignore', 'ignore_ament_install']
[0.360s] Level 1:colcon.colcon_core.package_identification:_identify(bags/bag_nazad) by extension 'ignore'
[0.360s] Level 1:colcon.colcon_core.package_identification:_identify(bags/bag_nazad) by extension 'ignore_ament_install'
[0.360s] Level 1:colcon.colcon_core.package_identification:_identify(bags/bag_nazad) by extensions ['colcon_pkg']
[0.360s] Level 1:colcon.colcon_core.package_identification:_identify(bags/bag_nazad) by extension 'colcon_pkg'
[0.360s] Level 1:colcon.colcon_core.package_identification:_identify(bags/bag_nazad) by extensions ['colcon_meta']
[0.360s] Level 1:colcon.colcon_core.package_identification:_identify(bags/bag_nazad) by extension 'colcon_meta'
[0.360s] Level 1:colcon.colcon_core.package_identification:_identify(bags/bag_nazad) by extensions ['ros']
[0.360s] Level 1:colcon.colcon_core.package_identification:_identify(bags/bag_nazad) by extension 'ros'
[0.360s] Level 1:colcon.colcon_core.package_identification:_identify(bags/bag_nazad) by extensions ['cmake', 'python']
[0.360s] Level 1:colcon.colcon_core.package_identification:_identify(bags/bag_nazad) by extension 'cmake'
[0.360s] Level 1:colcon.colcon_core.package_identification:_identify(bags/bag_nazad) by extension 'python'
[0.360s] Level 1:colcon.colcon_core.package_identification:_identify(bags/bag_nazad) by extensions ['python_setup_py']
[0.360s] Level 1:colcon.colcon_core.package_identification:_identify(bags/bag_nazad) by extension 'python_setup_py'
[0.360s] Level 1:colcon.colcon_core.package_identification:_identify(bags/bag_nazad_opt) by extensions ['ignore', 'ignore_ament_install']
[0.360s] Level 1:colcon.colcon_core.package_identification:_identify(bags/bag_nazad_opt) by extension 'ignore'
[0.360s] Level 1:colcon.colcon_core.package_identification:_identify(bags/bag_nazad_opt) by extension 'ignore_ament_install'
[0.360s] Level 1:colcon.colcon_core.package_identification:_identify(bags/bag_nazad_opt) by extensions ['colcon_pkg']
[0.360s] Level 1:colcon.colcon_core.package_identification:_identify(bags/bag_nazad_opt) by extension 'colcon_pkg'
[0.360s] Level 1:colcon.colcon_core.package_identification:_identify(bags/bag_nazad_opt) by extensions ['colcon_meta']
[0.360s] Level 1:colcon.colcon_core.package_identification:_identify(bags/bag_nazad_opt) by extension 'colcon_meta'
[0.360s] Level 1:colcon.colcon_core.package_identification:_identify(bags/bag_nazad_opt) by extensions ['ros']
[0.360s] Level 1:colcon.colcon_core.package_identification:_identify(bags/bag_nazad_opt) by extension 'ros'
[0.360s] Level 1:colcon.colcon_core.package_identification:_identify(bags/bag_nazad_opt) by extensions ['cmake', 'python']
[0.360s] Level 1:colcon.colcon_core.package_identification:_identify(bags/bag_nazad_opt) by extension 'cmake'
[0.361s] Level 1:colcon.colcon_core.package_identification:_identify(bags/bag_nazad_opt) by extension 'python'
[0.361s] Level 1:colcon.colcon_core.package_identification:_identify(bags/bag_nazad_opt) by extensions ['python_setup_py']
[0.361s] Level 1:colcon.colcon_core.package_identification:_identify(bags/bag_nazad_opt) by extension 'python_setup_py'
[0.361s] Level 1:colcon.colcon_core.package_identification:_identify(bags/bag_osmica_sporo) by extensions ['ignore', 'ignore_ament_install']
[0.361s] Level 1:colcon.colcon_core.package_identification:_identify(bags/bag_osmica_sporo) by extension 'ignore'
[0.361s] Level 1:colcon.colcon_core.package_identification:_identify(bags/bag_osmica_sporo) by extension 'ignore_ament_install'
[0.361s] Level 1:colcon.colcon_core.package_identification:_identify(bags/bag_osmica_sporo) by extensions ['colcon_pkg']
[0.361s] Level 1:colcon.colcon_core.package_identification:_identify(bags/bag_osmica_sporo) by extension 'colcon_pkg'
[0.361s] Level 1:colcon.colcon_core.package_identification:_identify(bags/bag_osmica_sporo) by extensions ['colcon_meta']
[0.361s] Level 1:colcon.colcon_core.package_identification:_identify(bags/bag_osmica_sporo) by extension 'colcon_meta'
[0.361s] Level 1:colcon.colcon_core.package_identification:_identify(bags/bag_osmica_sporo) by extensions ['ros']
[0.361s] Level 1:colcon.colcon_core.package_identification:_identify(bags/bag_osmica_sporo) by extension 'ros'
[0.361s] Level 1:colcon.colcon_core.package_identification:_identify(bags/bag_osmica_sporo) by extensions ['cmake', 'python']
[0.361s] Level 1:colcon.colcon_core.package_identification:_identify(bags/bag_osmica_sporo) by extension 'cmake'
[0.361s] Level 1:colcon.colcon_core.package_identification:_identify(bags/bag_osmica_sporo) by extension 'python'
[0.361s] Level 1:colcon.colcon_core.package_identification:_identify(bags/bag_osmica_sporo) by extensions ['python_setup_py']
[0.361s] Level 1:colcon.colcon_core.package_identification:_identify(bags/bag_osmica_sporo) by extension 'python_setup_py'
[0.361s] Level 1:colcon.colcon_core.package_identification:_identify(bags/bag_osmica_sporo_opt) by extensions ['ignore', 'ignore_ament_install']
[0.361s] Level 1:colcon.colcon_core.package_identification:_identify(bags/bag_osmica_sporo_opt) by extension 'ignore'
[0.361s] Level 1:colcon.colcon_core.package_identification:_identify(bags/bag_osmica_sporo_opt) by extension 'ignore_ament_install'
[0.361s] Level 1:colcon.colcon_core.package_identification:_identify(bags/bag_osmica_sporo_opt) by extensions ['colcon_pkg']
[0.361s] Level 1:colcon.colcon_core.package_identification:_identify(bags/bag_osmica_sporo_opt) by extension 'colcon_pkg'
[0.361s] Level 1:colcon.colcon_core.package_identification:_identify(bags/bag_osmica_sporo_opt) by extensions ['colcon_meta']
[0.361s] Level 1:colcon.colcon_core.package_identification:_identify(bags/bag_osmica_sporo_opt) by extension 'colcon_meta'
[0.361s] Level 1:colcon.colcon_core.package_identification:_identify(bags/bag_osmica_sporo_opt) by extensions ['ros']
[0.361s] Level 1:colcon.colcon_core.package_identification:_identify(bags/bag_osmica_sporo_opt) by extension 'ros'
[0.361s] Level 1:colcon.colcon_core.package_identification:_identify(bags/bag_osmica_sporo_opt) by extensions ['cmake', 'python']
[0.361s] Level 1:colcon.colcon_core.package_identification:_identify(bags/bag_osmica_sporo_opt) by extension 'cmake'
[0.361s] Level 1:colcon.colcon_core.package_identification:_identify(bags/bag_osmica_sporo_opt) by extension 'python'
[0.361s] Level 1:colcon.colcon_core.package_identification:_identify(bags/bag_osmica_sporo_opt) by extensions ['python_setup_py']
[0.361s] Level 1:colcon.colcon_core.package_identification:_identify(bags/bag_osmica_sporo_opt) by extension 'python_setup_py'
[0.361s] Level 1:colcon.colcon_core.package_identification:_identify(bags/bag_trajek_sporo) by extensions ['ignore', 'ignore_ament_install']
[0.361s] Level 1:colcon.colcon_core.package_identification:_identify(bags/bag_trajek_sporo) by extension 'ignore'
[0.361s] Level 1:colcon.colcon_core.package_identification:_identify(bags/bag_trajek_sporo) by extension 'ignore_ament_install'
[0.361s] Level 1:colcon.colcon_core.package_identification:_identify(bags/bag_trajek_sporo) by extensions ['colcon_pkg']
[0.361s] Level 1:colcon.colcon_core.package_identification:_identify(bags/bag_trajek_sporo) by extension 'colcon_pkg'
[0.361s] Level 1:colcon.colcon_core.package_identification:_identify(bags/bag_trajek_sporo) by extensions ['colcon_meta']
[0.361s] Level 1:colcon.colcon_core.package_identification:_identify(bags/bag_trajek_sporo) by extension 'colcon_meta'
[0.362s] Level 1:colcon.colcon_core.package_identification:_identify(bags/bag_trajek_sporo) by extensions ['ros']
[0.362s] Level 1:colcon.colcon_core.package_identification:_identify(bags/bag_trajek_sporo) by extension 'ros'
[0.362s] Level 1:colcon.colcon_core.package_identification:_identify(bags/bag_trajek_sporo) by extensions ['cmake', 'python']
[0.362s] Level 1:colcon.colcon_core.package_identification:_identify(bags/bag_trajek_sporo) by extension 'cmake'
[0.362s] Level 1:colcon.colcon_core.package_identification:_identify(bags/bag_trajek_sporo) by extension 'python'
[0.362s] Level 1:colcon.colcon_core.package_identification:_identify(bags/bag_trajek_sporo) by extensions ['python_setup_py']
[0.362s] Level 1:colcon.colcon_core.package_identification:_identify(bags/bag_trajek_sporo) by extension 'python_setup_py'
[0.362s] Level 1:colcon.colcon_core.package_identification:_identify(bags/bag_trajek_sporo_2) by extensions ['ignore', 'ignore_ament_install']
[0.362s] Level 1:colcon.colcon_core.package_identification:_identify(bags/bag_trajek_sporo_2) by extension 'ignore'
[0.362s] Level 1:colcon.colcon_core.package_identification:_identify(bags/bag_trajek_sporo_2) by extension 'ignore_ament_install'
[0.362s] Level 1:colcon.colcon_core.package_identification:_identify(bags/bag_trajek_sporo_2) by extensions ['colcon_pkg']
[0.362s] Level 1:colcon.colcon_core.package_identification:_identify(bags/bag_trajek_sporo_2) by extension 'colcon_pkg'
[0.362s] Level 1:colcon.colcon_core.package_identification:_identify(bags/bag_trajek_sporo_2) by extensions ['colcon_meta']
[0.362s] Level 1:colcon.colcon_core.package_identification:_identify(bags/bag_trajek_sporo_2) by extension 'colcon_meta'
[0.362s] Level 1:colcon.colcon_core.package_identification:_identify(bags/bag_trajek_sporo_2) by extensions ['ros']
[0.362s] Level 1:colcon.colcon_core.package_identification:_identify(bags/bag_trajek_sporo_2) by extension 'ros'
[0.362s] Level 1:colcon.colcon_core.package_identification:_identify(bags/bag_trajek_sporo_2) by extensions ['cmake', 'python']
[0.362s] Level 1:colcon.colcon_core.package_identification:_identify(bags/bag_trajek_sporo_2) by extension 'cmake'
[0.362s] Level 1:colcon.colcon_core.package_identification:_identify(bags/bag_trajek_sporo_2) by extension 'python'
[0.362s] Level 1:colcon.colcon_core.package_identification:_identify(bags/bag_trajek_sporo_2) by extensions ['python_setup_py']
[0.362s] Level 1:colcon.colcon_core.package_identification:_identify(bags/bag_trajek_sporo_2) by extension 'python_setup_py'
[0.362s] Level 1:colcon.colcon_core.package_identification:_identify(bags/bag_trajek_sporo_2_opt) by extensions ['ignore', 'ignore_ament_install']
[0.362s] Level 1:colcon.colcon_core.package_identification:_identify(bags/bag_trajek_sporo_2_opt) by extension 'ignore'
[0.362s] Level 1:colcon.colcon_core.package_identification:_identify(bags/bag_trajek_sporo_2_opt) by extension 'ignore_ament_install'
[0.362s] Level 1:colcon.colcon_core.package_identification:_identify(bags/bag_trajek_sporo_2_opt) by extensions ['colcon_pkg']
[0.362s] Level 1:colcon.colcon_core.package_identification:_identify(bags/bag_trajek_sporo_2_opt) by extension 'colcon_pkg'
[0.362s] Level 1:colcon.colcon_core.package_identification:_identify(bags/bag_trajek_sporo_2_opt) by extensions ['colcon_meta']
[0.362s] Level 1:colcon.colcon_core.package_identification:_identify(bags/bag_trajek_sporo_2_opt) by extension 'colcon_meta'
[0.362s] Level 1:colcon.colcon_core.package_identification:_identify(bags/bag_trajek_sporo_2_opt) by extensions ['ros']
[0.362s] Level 1:colcon.colcon_core.package_identification:_identify(bags/bag_trajek_sporo_2_opt) by extension 'ros'
[0.362s] Level 1:colcon.colcon_core.package_identification:_identify(bags/bag_trajek_sporo_2_opt) by extensions ['cmake', 'python']
[0.362s] Level 1:colcon.colcon_core.package_identification:_identify(bags/bag_trajek_sporo_2_opt) by extension 'cmake'
[0.362s] Level 1:colcon.colcon_core.package_identification:_identify(bags/bag_trajek_sporo_2_opt) by extension 'python'
[0.362s] Level 1:colcon.colcon_core.package_identification:_identify(bags/bag_trajek_sporo_2_opt) by extensions ['python_setup_py']
[0.362s] Level 1:colcon.colcon_core.package_identification:_identify(bags/bag_trajek_sporo_2_opt) by extension 'python_setup_py'
[0.362s] Level 1:colcon.colcon_core.package_identification:_identify(bags/bag_trajek_sporo_opt) by extensions ['ignore', 'ignore_ament_install']
[0.362s] Level 1:colcon.colcon_core.package_identification:_identify(bags/bag_trajek_sporo_opt) by extension 'ignore'
[0.362s] Level 1:colcon.colcon_core.package_identification:_identify(bags/bag_trajek_sporo_opt) by extension 'ignore_ament_install'
[0.362s] Level 1:colcon.colcon_core.package_identification:_identify(bags/bag_trajek_sporo_opt) by extensions ['colcon_pkg']
[0.362s] Level 1:colcon.colcon_core.package_identification:_identify(bags/bag_trajek_sporo_opt) by extension 'colcon_pkg'
[0.362s] Level 1:colcon.colcon_core.package_identification:_identify(bags/bag_trajek_sporo_opt) by extensions ['colcon_meta']
[0.363s] Level 1:colcon.colcon_core.package_identification:_identify(bags/bag_trajek_sporo_opt) by extension 'colcon_meta'
[0.363s] Level 1:colcon.colcon_core.package_identification:_identify(bags/bag_trajek_sporo_opt) by extensions ['ros']
[0.363s] Level 1:colcon.colcon_core.package_identification:_identify(bags/bag_trajek_sporo_opt) by extension 'ros'
[0.363s] Level 1:colcon.colcon_core.package_identification:_identify(bags/bag_trajek_sporo_opt) by extensions ['cmake', 'python']
[0.363s] Level 1:colcon.colcon_core.package_identification:_identify(bags/bag_trajek_sporo_opt) by extension 'cmake'
[0.363s] Level 1:colcon.colcon_core.package_identification:_identify(bags/bag_trajek_sporo_opt) by extension 'python'
[0.363s] Level 1:colcon.colcon_core.package_identification:_identify(bags/bag_trajek_sporo_opt) by extensions ['python_setup_py']
[0.363s] Level 1:colcon.colcon_core.package_identification:_identify(bags/bag_trajek_sporo_opt) by extension 'python_setup_py'
[0.363s] Level 1:colcon.colcon_core.package_identification:_identify(bags/test_bag) by extensions ['ignore', 'ignore_ament_install']
[0.367s] Level 1:colcon.colcon_core.package_identification:_identify(bags/test_bag) by extension 'ignore'
[0.367s] Level 1:colcon.colcon_core.package_identification:_identify(bags/test_bag) by extension 'ignore_ament_install'
[0.367s] Level 1:colcon.colcon_core.package_identification:_identify(bags/test_bag) by extensions ['colcon_pkg']
[0.367s] Level 1:colcon.colcon_core.package_identification:_identify(bags/test_bag) by extension 'colcon_pkg'
[0.367s] Level 1:colcon.colcon_core.package_identification:_identify(bags/test_bag) by extensions ['colcon_meta']
[0.367s] Level 1:colcon.colcon_core.package_identification:_identify(bags/test_bag) by extension 'colcon_meta'
[0.367s] Level 1:colcon.colcon_core.package_identification:_identify(bags/test_bag) by extensions ['ros']
[0.367s] Level 1:colcon.colcon_core.package_identification:_identify(bags/test_bag) by extension 'ros'
[0.368s] Level 1:colcon.colcon_core.package_identification:_identify(bags/test_bag) by extensions ['cmake', 'python']
[0.368s] Level 1:colcon.colcon_core.package_identification:_identify(bags/test_bag) by extension 'cmake'
[0.368s] Level 1:colcon.colcon_core.package_identification:_identify(bags/test_bag) by extension 'python'
[0.368s] Level 1:colcon.colcon_core.package_identification:_identify(bags/test_bag) by extensions ['python_setup_py']
[0.368s] Level 1:colcon.colcon_core.package_identification:_identify(bags/test_bag) by extension 'python_setup_py'
[0.368s] Level 1:colcon.colcon_core.package_identification:_identify(bags/test_bag_opt) by extensions ['ignore', 'ignore_ament_install']
[0.368s] Level 1:colcon.colcon_core.package_identification:_identify(bags/test_bag_opt) by extension 'ignore'
[0.368s] Level 1:colcon.colcon_core.package_identification:_identify(bags/test_bag_opt) by extension 'ignore_ament_install'
[0.368s] Level 1:colcon.colcon_core.package_identification:_identify(bags/test_bag_opt) by extensions ['colcon_pkg']
[0.368s] Level 1:colcon.colcon_core.package_identification:_identify(bags/test_bag_opt) by extension 'colcon_pkg'
[0.368s] Level 1:colcon.colcon_core.package_identification:_identify(bags/test_bag_opt) by extensions ['colcon_meta']
[0.368s] Level 1:colcon.colcon_core.package_identification:_identify(bags/test_bag_opt) by extension 'colcon_meta'
[0.368s] Level 1:colcon.colcon_core.package_identification:_identify(bags/test_bag_opt) by extensions ['ros']
[0.368s] Level 1:colcon.colcon_core.package_identification:_identify(bags/test_bag_opt) by extension 'ros'
[0.368s] Level 1:colcon.colcon_core.package_identification:_identify(bags/test_bag_opt) by extensions ['cmake', 'python']
[0.368s] Level 1:colcon.colcon_core.package_identification:_identify(bags/test_bag_opt) by extension 'cmake'
[0.368s] Level 1:colcon.colcon_core.package_identification:_identify(bags/test_bag_opt) by extension 'python'
[0.368s] Level 1:colcon.colcon_core.package_identification:_identify(bags/test_bag_opt) by extensions ['python_setup_py']
[0.368s] Level 1:colcon.colcon_core.package_identification:_identify(bags/test_bag_opt) by extension 'python_setup_py'
[0.369s] Level 1:colcon.colcon_core.package_identification:_identify(build) by extensions ['ignore', 'ignore_ament_install']
[0.369s] Level 1:colcon.colcon_core.package_identification:_identify(build) by extension 'ignore'
[0.369s] Level 1:colcon.colcon_core.package_identification:_identify(build) ignored
[0.369s] Level 1:colcon.colcon_core.package_identification:_identify(gb_bags) by extensions ['ignore', 'ignore_ament_install']
[0.369s] Level 1:colcon.colcon_core.package_identification:_identify(gb_bags) by extension 'ignore'
[0.369s] Level 1:colcon.colcon_core.package_identification:_identify(gb_bags) by extension 'ignore_ament_install'
[0.369s] Level 1:colcon.colcon_core.package_identification:_identify(gb_bags) by extensions ['colcon_pkg']
[0.369s] Level 1:colcon.colcon_core.package_identification:_identify(gb_bags) by extension 'colcon_pkg'
[0.369s] Level 1:colcon.colcon_core.package_identification:_identify(gb_bags) by extensions ['colcon_meta']
[0.369s] Level 1:colcon.colcon_core.package_identification:_identify(gb_bags) by extension 'colcon_meta'
[0.369s] Level 1:colcon.colcon_core.package_identification:_identify(gb_bags) by extensions ['ros']
[0.369s] Level 1:colcon.colcon_core.package_identification:_identify(gb_bags) by extension 'ros'
[0.369s] Level 1:colcon.colcon_core.package_identification:_identify(gb_bags) by extensions ['cmake', 'python']
[0.369s] Level 1:colcon.colcon_core.package_identification:_identify(gb_bags) by extension 'cmake'
[0.369s] Level 1:colcon.colcon_core.package_identification:_identify(gb_bags) by extension 'python'
[0.369s] Level 1:colcon.colcon_core.package_identification:_identify(gb_bags) by extensions ['python_setup_py']
[0.369s] Level 1:colcon.colcon_core.package_identification:_identify(gb_bags) by extension 'python_setup_py'
[0.369s] Level 1:colcon.colcon_core.package_identification:_identify(gb_bags/rosbag2_2026_09_02-16_50_30) by extensions ['ignore', 'ignore_ament_install']
[0.369s] Level 1:colcon.colcon_core.package_identification:_identify(gb_bags/rosbag2_2026_09_02-16_50_30) by extension 'ignore'
[0.369s] Level 1:colcon.colcon_core.package_identification:_identify(gb_bags/rosbag2_2026_09_02-16_50_30) by extension 'ignore_ament_install'
[0.369s] Level 1:colcon.colcon_core.package_identification:_identify(gb_bags/rosbag2_2026_09_02-16_50_30) by extensions ['colcon_pkg']
[0.369s] Level 1:colcon.colcon_core.package_identification:_identify(gb_bags/rosbag2_2026_09_02-16_50_30) by extension 'colcon_pkg'
[0.369s] Level 1:colcon.colcon_core.package_identification:_identify(gb_bags/rosbag2_2026_09_02-16_50_30) by extensions ['colcon_meta']
[0.369s] Level 1:colcon.colcon_core.package_identification:_identify(gb_bags/rosbag2_2026_09_02-16_50_30) by extension 'colcon_meta'
[0.370s] Level 1:colcon.colcon_core.package_identification:_identify(gb_bags/rosbag2_2026_09_02-16_50_30) by extensions ['ros']
[0.370s] Level 1:colcon.colcon_core.package_identification:_identify(gb_bags/rosbag2_2026_09_02-16_50_30) by extension 'ros'
[0.370s] Level 1:colcon.colcon_core.package_identification:_identify(gb_bags/rosbag2_2026_09_02-16_50_30) by extensions ['cmake', 'python']
[0.370s] Level 1:colcon.colcon_core.package_identification:_identify(gb_bags/rosbag2_2026_09_02-16_50_30) by extension 'cmake'
[0.370s] Level 1:colcon.colcon_core.package_identification:_identify(gb_bags/rosbag2_2026_09_02-16_50_30) by extension 'python'
[0.370s] Level 1:colcon.colcon_core.package_identification:_identify(gb_bags/rosbag2_2026_09_02-16_50_30) by extensions ['python_setup_py']
[0.370s] Level 1:colcon.colcon_core.package_identification:_identify(gb_bags/rosbag2_2026_09_02-16_50_30) by extension 'python_setup_py'
[0.370s] Level 1:colcon.colcon_core.package_identification:_identify(gb_bags/rosbag2_2026_09_02-16_51_46) by extensions ['ignore', 'ignore_ament_install']
[0.370s] Level 1:colcon.colcon_core.package_identification:_identify(gb_bags/rosbag2_2026_09_02-16_51_46) by extension 'ignore'
[0.370s] Level 1:colcon.colcon_core.package_identification:_identify(gb_bags/rosbag2_2026_09_02-16_51_46) by extension 'ignore_ament_install'
[0.370s] Level 1:colcon.colcon_core.package_identification:_identify(gb_bags/rosbag2_2026_09_02-16_51_46) by extensions ['colcon_pkg']
[0.370s] Level 1:colcon.colcon_core.package_identification:_identify(gb_bags/rosbag2_2026_09_02-16_51_46) by extension 'colcon_pkg'
[0.370s] Level 1:colcon.colcon_core.package_identification:_identify(gb_bags/rosbag2_2026_09_02-16_51_46) by extensions ['colcon_meta']
[0.370s] Level 1:colcon.colcon_core.package_identification:_identify(gb_bags/rosbag2_2026_09_02-16_51_46) by extension 'colcon_meta'
[0.370s] Level 1:colcon.colcon_core.package_identification:_identify(gb_bags/rosbag2_2026_09_02-16_51_46) by extensions ['ros']
[0.370s] Level 1:colcon.colcon_core.package_identification:_identify(gb_bags/rosbag2_2026_09_02-16_51_46) by extension 'ros'
[0.370s] Level 1:colcon.colcon_core.package_identification:_identify(gb_bags/rosbag2_2026_09_02-16_51_46) by extensions ['cmake', 'python']
[0.370s] Level 1:colcon.colcon_core.package_identification:_identify(gb_bags/rosbag2_2026_09_02-16_51_46) by extension 'cmake'
[0.370s] Level 1:colcon.colcon_core.package_identification:_identify(gb_bags/rosbag2_2026_09_02-16_51_46) by extension 'python'
[0.370s] Level 1:colcon.colcon_core.package_identification:_identify(gb_bags/rosbag2_2026_09_02-16_51_46) by extensions ['python_setup_py']
[0.370s] Level 1:colcon.colcon_core.package_identification:_identify(gb_bags/rosbag2_2026_09_02-16_51_46) by extension 'python_setup_py'
[0.370s] Level 1:colcon.colcon_core.package_identification:_identify(gb_bags/rosbag2_2026_09_02-16_52_20) by extensions ['ignore', 'ignore_ament_install']
[0.370s] Level 1:colcon.colcon_core.package_identification:_identify(gb_bags/rosbag2_2026_09_02-16_52_20) by extension 'ignore'
[0.370s] Level 1:colcon.colcon_core.package_identification:_identify(gb_bags/rosbag2_2026_09_02-16_52_20) by extension 'ignore_ament_install'
[0.370s] Level 1:colcon.colcon_core.package_identification:_identify(gb_bags/rosbag2_2026_09_02-16_52_20) by extensions ['colcon_pkg']
[0.370s] Level 1:colcon.colcon_core.package_identification:_identify(gb_bags/rosbag2_2026_09_02-16_52_20) by extension 'colcon_pkg'
[0.370s] Level 1:colcon.colcon_core.package_identification:_identify(gb_bags/rosbag2_2026_09_02-16_52_20) by extensions ['colcon_meta']
[0.370s] Level 1:colcon.colcon_core.package_identification:_identify(gb_bags/rosbag2_2026_09_02-16_52_20) by extension 'colcon_meta'
[0.370s] Level 1:colcon.colcon_core.package_identification:_identify(gb_bags/rosbag2_2026_09_02-16_52_20) by extensions ['ros']
[0.370s] Level 1:colcon.colcon_core.package_identification:_identify(gb_bags/rosbag2_2026_09_02-16_52_20) by extension 'ros'
[0.370s] Level 1:colcon.colcon_core.package_identification:_identify(gb_bags/rosbag2_2026_09_02-16_52_20) by extensions ['cmake', 'python']
[0.370s] Level 1:colcon.colcon_core.package_identification:_identify(gb_bags/rosbag2_2026_09_02-16_52_20) by extension 'cmake'
[0.370s] Level 1:colcon.colcon_core.package_identification:_identify(gb_bags/rosbag2_2026_09_02-16_52_20) by extension 'python'
[0.370s] Level 1:colcon.colcon_core.package_identification:_identify(gb_bags/rosbag2_2026_09_02-16_52_20) by extensions ['python_setup_py']
[0.370s] Level 1:colcon.colcon_core.package_identification:_identify(gb_bags/rosbag2_2026_09_02-16_52_20) by extension 'python_setup_py'
[0.371s] Level 1:colcon.colcon_core.package_identification:_identify(gb_bags/rosbag2_2026_09_02-16_52_51) by extensions ['ignore', 'ignore_ament_install']
[0.371s] Level 1:colcon.colcon_core.package_identification:_identify(gb_bags/rosbag2_2026_09_02-16_52_51) by extension 'ignore'
[0.371s] Level 1:colcon.colcon_core.package_identification:_identify(gb_bags/rosbag2_2026_09_02-16_52_51) by extension 'ignore_ament_install'
[0.371s] Level 1:colcon.colcon_core.package_identification:_identify(gb_bags/rosbag2_2026_09_02-16_52_51) by extensions ['colcon_pkg']
[0.371s] Level 1:colcon.colcon_core.package_identification:_identify(gb_bags/rosbag2_2026_09_02-16_52_51) by extension 'colcon_pkg'
[0.371s] Level 1:colcon.colcon_core.package_identification:_identify(gb_bags/rosbag2_2026_09_02-16_52_51) by extensions ['colcon_meta']
[0.371s] Level 1:colcon.colcon_core.package_identification:_identify(gb_bags/rosbag2_2026_09_02-16_52_51) by extension 'colcon_meta'
[0.371s] Level 1:colcon.colcon_core.package_identification:_identify(gb_bags/rosbag2_2026_09_02-16_52_51) by extensions ['ros']
[0.371s] Level 1:colcon.colcon_core.package_identification:_identify(gb_bags/rosbag2_2026_09_02-16_52_51) by extension 'ros'
[0.371s] Level 1:colcon.colcon_core.package_identification:_identify(gb_bags/rosbag2_2026_09_02-16_52_51) by extensions ['cmake', 'python']
[0.371s] Level 1:colcon.colcon_core.package_identification:_identify(gb_bags/rosbag2_2026_09_02-16_52_51) by extension 'cmake'
[0.371s] Level 1:colcon.colcon_core.package_identification:_identify(gb_bags/rosbag2_2026_09_02-16_52_51) by extension 'python'
[0.371s] Level 1:colcon.colcon_core.package_identification:_identify(gb_bags/rosbag2_2026_09_02-16_52_51) by extensions ['python_setup_py']
[0.371s] Level 1:colcon.colcon_core.package_identification:_identify(gb_bags/rosbag2_2026_09_02-16_52_51) by extension 'python_setup_py'
[0.371s] Level 1:colcon.colcon_core.package_identification:_identify(gb_bags/rosbag2_2026_09_02-16_53_34) by extensions ['ignore', 'ignore_ament_install']
[0.371s] Level 1:colcon.colcon_core.package_identification:_identify(gb_bags/rosbag2_2026_09_02-16_53_34) by extension 'ignore'
[0.371s] Level 1:colcon.colcon_core.package_identification:_identify(gb_bags/rosbag2_2026_09_02-16_53_34) by extension 'ignore_ament_install'
[0.371s] Level 1:colcon.colcon_core.package_identification:_identify(gb_bags/rosbag2_2026_09_02-16_53_34) by extensions ['colcon_pkg']
[0.371s] Level 1:colcon.colcon_core.package_identification:_identify(gb_bags/rosbag2_2026_09_02-16_53_34) by extension 'colcon_pkg'
[0.371s] Level 1:colcon.colcon_core.package_identification:_identify(gb_bags/rosbag2_2026_09_02-16_53_34) by extensions ['colcon_meta']
[0.371s] Level 1:colcon.colcon_core.package_identification:_identify(gb_bags/rosbag2_2026_09_02-16_53_34) by extension 'colcon_meta'
[0.371s] Level 1:colcon.colcon_core.package_identification:_identify(gb_bags/rosbag2_2026_09_02-16_53_34) by extensions ['ros']
[0.371s] Level 1:colcon.colcon_core.package_identification:_identify(gb_bags/rosbag2_2026_09_02-16_53_34) by extension 'ros'
[0.371s] Level 1:colcon.colcon_core.package_identification:_identify(gb_bags/rosbag2_2026_09_02-16_53_34) by extensions ['cmake', 'python']
[0.371s] Level 1:colcon.colcon_core.package_identification:_identify(gb_bags/rosbag2_2026_09_02-16_53_34) by extension 'cmake'
[0.371s] Level 1:colcon.colcon_core.package_identification:_identify(gb_bags/rosbag2_2026_09_02-16_53_34) by extension 'python'
[0.371s] Level 1:colcon.colcon_core.package_identification:_identify(gb_bags/rosbag2_2026_09_02-16_53_34) by extensions ['python_setup_py']
[0.371s] Level 1:colcon.colcon_core.package_identification:_identify(gb_bags/rosbag2_2026_09_02-16_53_34) by extension 'python_setup_py'
[0.371s] Level 1:colcon.colcon_core.package_identification:_identify(install) by extensions ['ignore', 'ignore_ament_install']
[0.371s] Level 1:colcon.colcon_core.package_identification:_identify(install) by extension 'ignore'
[0.371s] Level 1:colcon.colcon_core.package_identification:_identify(install) ignored
[0.372s] Level 1:colcon.colcon_core.package_identification:_identify(log) by extensions ['ignore', 'ignore_ament_install']
[0.372s] Level 1:colcon.colcon_core.package_identification:_identify(log) by extension 'ignore'
[0.372s] Level 1:colcon.colcon_core.package_identification:_identify(log) ignored
[0.372s] Level 1:colcon.colcon_core.package_identification:_identify(optimizer_output) by extensions ['ignore', 'ignore_ament_install']
[0.372s] Level 1:colcon.colcon_core.package_identification:_identify(optimizer_output) by extension 'ignore'
[0.372s] Level 1:colcon.colcon_core.package_identification:_identify(optimizer_output) by extension 'ignore_ament_install'
[0.372s] Level 1:colcon.colcon_core.package_identification:_identify(optimizer_output) by extensions ['colcon_pkg']
[0.372s] Level 1:colcon.colcon_core.package_identification:_identify(optimizer_output) by extension 'colcon_pkg'
[0.372s] Level 1:colcon.colcon_core.package_identification:_identify(optimizer_output) by extensions ['colcon_meta']
[0.372s] Level 1:colcon.colcon_core.package_identification:_identify(optimizer_output) by extension 'colcon_meta'
[0.372s] Level 1:colcon.colcon_core.package_identification:_identify(optimizer_output) by extensions ['ros']
[0.372s] Level 1:colcon.colcon_core.package_identification:_identify(optimizer_output) by extension 'ros'
[0.372s] Level 1:colcon.colcon_core.package_identification:_identify(optimizer_output) by extensions ['cmake', 'python']
[0.372s] Level 1:colcon.colcon_core.package_identification:_identify(optimizer_output) by extension 'cmake'
[0.372s] Level 1:colcon.colcon_core.package_identification:_identify(optimizer_output) by extension 'python'
[0.372s] Level 1:colcon.colcon_core.package_identification:_identify(optimizer_output) by extensions ['python_setup_py']
[0.372s] Level 1:colcon.colcon_core.package_identification:_identify(optimizer_output) by extension 'python_setup_py'
[0.372s] Level 1:colcon.colcon_core.package_identification:_identify(results) by extensions ['ignore', 'ignore_ament_install']
[0.372s] Level 1:colcon.colcon_core.package_identification:_identify(results) by extension 'ignore'
[0.372s] Level 1:colcon.colcon_core.package_identification:_identify(results) by extension 'ignore_ament_install'
[0.372s] Level 1:colcon.colcon_core.package_identification:_identify(results) by extensions ['colcon_pkg']
[0.372s] Level 1:colcon.colcon_core.package_identification:_identify(results) by extension 'colcon_pkg'
[0.372s] Level 1:colcon.colcon_core.package_identification:_identify(results) by extensions ['colcon_meta']
[0.372s] Level 1:colcon.colcon_core.package_identification:_identify(results) by extension 'colcon_meta'
[0.372s] Level 1:colcon.colcon_core.package_identification:_identify(results) by extensions ['ros']
[0.372s] Level 1:colcon.colcon_core.package_identification:_identify(results) by extension 'ros'
[0.372s] Level 1:colcon.colcon_core.package_identification:_identify(results) by extensions ['cmake', 'python']
[0.372s] Level 1:colcon.colcon_core.package_identification:_identify(results) by extension 'cmake'
[0.372s] Level 1:colcon.colcon_core.package_identification:_identify(results) by extension 'python'
[0.372s] Level 1:colcon.colcon_core.package_identification:_identify(results) by extensions ['python_setup_py']
[0.372s] Level 1:colcon.colcon_core.package_identification:_identify(results) by extension 'python_setup_py'
[0.372s] Level 1:colcon.colcon_core.package_identification:_identify(src) by extensions ['ignore', 'ignore_ament_install']
[0.372s] Level 1:colcon.colcon_core.package_identification:_identify(src) by extension 'ignore'
[0.372s] Level 1:colcon.colcon_core.package_identification:_identify(src) by extension 'ignore_ament_install'
[0.372s] Level 1:colcon.colcon_core.package_identification:_identify(src) by extensions ['colcon_pkg']
[0.373s] Level 1:colcon.colcon_core.package_identification:_identify(src) by extension 'colcon_pkg'
[0.373s] Level 1:colcon.colcon_core.package_identification:_identify(src) by extensions ['colcon_meta']
[0.373s] Level 1:colcon.colcon_core.package_identification:_identify(src) by extension 'colcon_meta'
[0.377s] Level 1:colcon.colcon_core.package_identification:_identify(src) by extensions ['ros']
[0.377s] Level 1:colcon.colcon_core.package_identification:_identify(src) by extension 'ros'
[0.377s] Level 1:colcon.colcon_core.package_identification:_identify(src) by extensions ['cmake', 'python']
[0.377s] Level 1:colcon.colcon_core.package_identification:_identify(src) by extension 'cmake'
[0.377s] Level 1:colcon.colcon_core.package_identification:_identify(src) by extension 'python'
[0.377s] Level 1:colcon.colcon_core.package_identification:_identify(src) by extensions ['python_setup_py']
[0.377s] Level 1:colcon.colcon_core.package_identification:_identify(src) by extension 'python_setup_py'
[0.377s] Level 1:colcon.colcon_core.package_identification:_identify(src/ASTRO) by extensions ['ignore', 'ignore_ament_install']
[0.377s] Level 1:colcon.colcon_core.package_identification:_identify(src/ASTRO) by extension 'ignore'
[0.377s] Level 1:colcon.colcon_core.package_identification:_identify(src/ASTRO) by extension 'ignore_ament_install'
[0.378s] Level 1:colcon.colcon_core.package_identification:_identify(src/ASTRO) by extensions ['colcon_pkg']
[0.378s] Level 1:colcon.colcon_core.package_identification:_identify(src/ASTRO) by extension 'colcon_pkg'
[0.378s] Level 1:colcon.colcon_core.package_identification:_identify(src/ASTRO) by extensions ['colcon_meta']
[0.378s] Level 1:colcon.colcon_core.package_identification:_identify(src/ASTRO) by extension 'colcon_meta'
[0.378s] Level 1:colcon.colcon_core.package_identification:_identify(src/ASTRO) by extensions ['ros']
[0.378s] Level 1:colcon.colcon_core.package_identification:_identify(src/ASTRO) by extension 'ros'
[0.378s] Level 1:colcon.colcon_core.package_identification:_identify(src/ASTRO) by extensions ['cmake', 'python']
[0.378s] Level 1:colcon.colcon_core.package_identification:_identify(src/ASTRO) by extension 'cmake'
[0.378s] Level 1:colcon.colcon_core.package_identification:_identify(src/ASTRO) by extension 'python'
[0.378s] Level 1:colcon.colcon_core.package_identification:_identify(src/ASTRO) by extensions ['python_setup_py']
[0.378s] Level 1:colcon.colcon_core.package_identification:_identify(src/ASTRO) by extension 'python_setup_py'
[0.378s] Level 1:colcon.colcon_core.package_identification:_identify(src/ASTRO/astro) by extensions ['ignore', 'ignore_ament_install']
[0.378s] Level 1:colcon.colcon_core.package_identification:_identify(src/ASTRO/astro) by extension 'ignore'
[0.378s] Level 1:colcon.colcon_core.package_identification:_identify(src/ASTRO/astro) by extension 'ignore_ament_install'
[0.378s] Level 1:colcon.colcon_core.package_identification:_identify(src/ASTRO/astro) by extensions ['colcon_pkg']
[0.378s] Level 1:colcon.colcon_core.package_identification:_identify(src/ASTRO/astro) by extension 'colcon_pkg'
[0.378s] Level 1:colcon.colcon_core.package_identification:_identify(src/ASTRO/astro) by extensions ['colcon_meta']
[0.378s] Level 1:colcon.colcon_core.package_identification:_identify(src/ASTRO/astro) by extension 'colcon_meta'
[0.378s] Level 1:colcon.colcon_core.package_identification:_identify(src/ASTRO/astro) by extensions ['ros']
[0.378s] Level 1:colcon.colcon_core.package_identification:_identify(src/ASTRO/astro) by extension 'ros'
[0.381s] DEBUG:colcon.colcon_core.package_identification:Package 'src/ASTRO/astro' with type 'ros.ament_cmake' and name 'astro'
[0.381s] Level 1:colcon.colcon_core.package_identification:_identify(src/ASTRO/astro_navigation) by extensions ['ignore', 'ignore_ament_install']
[0.381s] Level 1:colcon.colcon_core.package_identification:_identify(src/ASTRO/astro_navigation) by extension 'ignore'
[0.381s] Level 1:colcon.colcon_core.package_identification:_identify(src/ASTRO/astro_navigation) by extension 'ignore_ament_install'
[0.381s] Level 1:colcon.colcon_core.package_identification:_identify(src/ASTRO/astro_navigation) by extensions ['colcon_pkg']
[0.381s] Level 1:colcon.colcon_core.package_identification:_identify(src/ASTRO/astro_navigation) by extension 'colcon_pkg'
[0.381s] Level 1:colcon.colcon_core.package_identification:_identify(src/ASTRO/astro_navigation) by extensions ['colcon_meta']
[0.381s] Level 1:colcon.colcon_core.package_identification:_identify(src/ASTRO/astro_navigation) by extension 'colcon_meta'
[0.381s] Level 1:colcon.colcon_core.package_identification:_identify(src/ASTRO/astro_navigation) by extensions ['ros']
[0.382s] Level 1:colcon.colcon_core.package_identification:_identify(src/ASTRO/astro_navigation) by extension 'ros'
[0.382s] DEBUG:colcon.colcon_core.package_identification:Package 'src/ASTRO/astro_navigation' with type 'ros.ament_cmake' and name 'astro_navigation'
[0.382s] Level 1:colcon.colcon_core.package_identification:_identify(src/ASTRO/astro_serial_cpp) by extensions ['ignore', 'ignore_ament_install']
[0.382s] Level 1:colcon.colcon_core.package_identification:_identify(src/ASTRO/astro_serial_cpp) by extension 'ignore'
[0.382s] Level 1:colcon.colcon_core.package_identification:_identify(src/ASTRO/astro_serial_cpp) by extension 'ignore_ament_install'
[0.382s] Level 1:colcon.colcon_core.package_identification:_identify(src/ASTRO/astro_serial_cpp) by extensions ['colcon_pkg']
[0.382s] Level 1:colcon.colcon_core.package_identification:_identify(src/ASTRO/astro_serial_cpp) by extension 'colcon_pkg'
[0.382s] Level 1:colcon.colcon_core.package_identification:_identify(src/ASTRO/astro_serial_cpp) by extensions ['colcon_meta']
[0.382s] Level 1:colcon.colcon_core.package_identification:_identify(src/ASTRO/astro_serial_cpp) by extension 'colcon_meta'
[0.382s] Level 1:colcon.colcon_core.package_identification:_identify(src/ASTRO/astro_serial_cpp) by extensions ['ros']
[0.382s] Level 1:colcon.colcon_core.package_identification:_identify(src/ASTRO/astro_serial_cpp) by extension 'ros'
[0.382s] DEBUG:colcon.colcon_core.package_identification:Package 'src/ASTRO/astro_serial_cpp' with type 'ros.ament_cmake' and name 'astro_serial_cpp'
[0.383s] Level 1:colcon.colcon_core.package_identification:_identify(src/ASTRO/astro_slam) by extensions ['ignore', 'ignore_ament_install']
[0.383s] Level 1:colcon.colcon_core.package_identification:_identify(src/ASTRO/astro_slam) by extension 'ignore'
[0.383s] Level 1:colcon.colcon_core.package_identification:_identify(src/ASTRO/astro_slam) by extension 'ignore_ament_install'
[0.383s] Level 1:colcon.colcon_core.package_identification:_identify(src/ASTRO/astro_slam) by extensions ['colcon_pkg']
[0.383s] Level 1:colcon.colcon_core.package_identification:_identify(src/ASTRO/astro_slam) by extension 'colcon_pkg'
[0.383s] Level 1:colcon.colcon_core.package_identification:_identify(src/ASTRO/astro_slam) by extensions ['colcon_meta']
[0.383s] Level 1:colcon.colcon_core.package_identification:_identify(src/ASTRO/astro_slam) by extension 'colcon_meta'
[0.383s] Level 1:colcon.colcon_core.package_identification:_identify(src/ASTRO/astro_slam) by extensions ['ros']
[0.383s] Level 1:colcon.colcon_core.package_identification:_identify(src/ASTRO/astro_slam) by extension 'ros'
[0.383s] DEBUG:colcon.colcon_core.package_identification:Package 'src/ASTRO/astro_slam' with type 'ros.ament_python' and name 'astro_slam'
[0.387s] Level 1:colcon.colcon_core.package_identification:_identify(src/ASTRO/build) by extensions ['ignore', 'ignore_ament_install']
[0.387s] Level 1:colcon.colcon_core.package_identification:_identify(src/ASTRO/build) by extension 'ignore'
[0.387s] Level 1:colcon.colcon_core.package_identification:_identify(src/ASTRO/build) ignored
[0.387s] Level 1:colcon.colcon_core.package_identification:_identify(src/ASTRO/install) by extensions ['ignore', 'ignore_ament_install']
[0.388s] Level 1:colcon.colcon_core.package_identification:_identify(src/ASTRO/install) by extension 'ignore'
[0.388s] Level 1:colcon.colcon_core.package_identification:_identify(src/ASTRO/install) ignored
[0.388s] Level 1:colcon.colcon_core.package_identification:_identify(src/ASTRO/log) by extensions ['ignore', 'ignore_ament_install']
[0.388s] Level 1:colcon.colcon_core.package_identification:_identify(src/ASTRO/log) by extension 'ignore'
[0.388s] Level 1:colcon.colcon_core.package_identification:_identify(src/ASTRO/log) ignored
[0.388s] Level 1:colcon.colcon_core.package_identification:_identify(worlds) by extensions ['ignore', 'ignore_ament_install']
[0.388s] Level 1:colcon.colcon_core.package_identification:_identify(worlds) by extension 'ignore'
[0.388s] Level 1:colcon.colcon_core.package_identification:_identify(worlds) by extension 'ignore_ament_install'
[0.388s] Level 1:colcon.colcon_core.package_identification:_identify(worlds) by extensions ['colcon_pkg']
[0.388s] Level 1:colcon.colcon_core.package_identification:_identify(worlds) by extension 'colcon_pkg'
[0.388s] Level 1:colcon.colcon_core.package_identification:_identify(worlds) by extensions ['colcon_meta']
[0.388s] Level 1:colcon.colcon_core.package_identification:_identify(worlds) by extension 'colcon_meta'
[0.388s] Level 1:colcon.colcon_core.package_identification:_identify(worlds) by extensions ['ros']
[0.388s] Level 1:colcon.colcon_core.package_identification:_identify(worlds) by extension 'ros'
[0.389s] Level 1:colcon.colcon_core.package_identification:_identify(worlds) by extensions ['cmake', 'python']
[0.389s] Level 1:colcon.colcon_core.package_identification:_identify(worlds) by extension 'cmake'
[0.389s] Level 1:colcon.colcon_core.package_identification:_identify(worlds) by extension 'python'
[0.389s] Level 1:colcon.colcon_core.package_identification:_identify(worlds) by extensions ['python_setup_py']
[0.389s] Level 1:colcon.colcon_core.package_identification:_identify(worlds) by extension 'python_setup_py'
[0.389s] Level 1:colcon.colcon_core.package_identification:_identify(worlds/01 CRTA_detailed) by extensions ['ignore', 'ignore_ament_install']
[0.389s] Level 1:colcon.colcon_core.package_identification:_identify(worlds/01 CRTA_detailed) by extension 'ignore'
[0.389s] Level 1:colcon.colcon_core.package_identification:_identify(worlds/01 CRTA_detailed) by extension 'ignore_ament_install'
[0.389s] Level 1:colcon.colcon_core.package_identification:_identify(worlds/01 CRTA_detailed) by extensions ['colcon_pkg']
[0.389s] Level 1:colcon.colcon_core.package_identification:_identify(worlds/01 CRTA_detailed) by extension 'colcon_pkg'
[0.389s] Level 1:colcon.colcon_core.package_identification:_identify(worlds/01 CRTA_detailed) by extensions ['colcon_meta']
[0.389s] Level 1:colcon.colcon_core.package_identification:_identify(worlds/01 CRTA_detailed) by extension 'colcon_meta'
[0.389s] Level 1:colcon.colcon_core.package_identification:_identify(worlds/01 CRTA_detailed) by extensions ['ros']
[0.389s] Level 1:colcon.colcon_core.package_identification:_identify(worlds/01 CRTA_detailed) by extension 'ros'
[0.389s] Level 1:colcon.colcon_core.package_identification:_identify(worlds/01 CRTA_detailed) by extensions ['cmake', 'python']
[0.389s] Level 1:colcon.colcon_core.package_identification:_identify(worlds/01 CRTA_detailed) by extension 'cmake'
[0.389s] Level 1:colcon.colcon_core.package_identification:_identify(worlds/01 CRTA_detailed) by extension 'python'
[0.389s] Level 1:colcon.colcon_core.package_identification:_identify(worlds/01 CRTA_detailed) by extensions ['python_setup_py']
[0.389s] Level 1:colcon.colcon_core.package_identification:_identify(worlds/01 CRTA_detailed) by extension 'python_setup_py'
[0.389s] Level 1:colcon.colcon_core.package_identification:_identify(worlds/01 CRTA_detailed/crta_namjesteno) by extensions ['ignore', 'ignore_ament_install']
[0.389s] Level 1:colcon.colcon_core.package_identification:_identify(worlds/01 CRTA_detailed/crta_namjesteno) by extension 'ignore'
[0.389s] Level 1:colcon.colcon_core.package_identification:_identify(worlds/01 CRTA_detailed/crta_namjesteno) by extension 'ignore_ament_install'
[0.389s] Level 1:colcon.colcon_core.package_identification:_identify(worlds/01 CRTA_detailed/crta_namjesteno) by extensions ['colcon_pkg']
[0.389s] Level 1:colcon.colcon_core.package_identification:_identify(worlds/01 CRTA_detailed/crta_namjesteno) by extension 'colcon_pkg'
[0.389s] Level 1:colcon.colcon_core.package_identification:_identify(worlds/01 CRTA_detailed/crta_namjesteno) by extensions ['colcon_meta']
[0.389s] Level 1:colcon.colcon_core.package_identification:_identify(worlds/01 CRTA_detailed/crta_namjesteno) by extension 'colcon_meta'
[0.389s] Level 1:colcon.colcon_core.package_identification:_identify(worlds/01 CRTA_detailed/crta_namjesteno) by extensions ['ros']
[0.389s] Level 1:colcon.colcon_core.package_identification:_identify(worlds/01 CRTA_detailed/crta_namjesteno) by extension 'ros'
[0.389s] Level 1:colcon.colcon_core.package_identification:_identify(worlds/01 CRTA_detailed/crta_namjesteno) by extensions ['cmake', 'python']
[0.389s] Level 1:colcon.colcon_core.package_identification:_identify(worlds/01 CRTA_detailed/crta_namjesteno) by extension 'cmake'
[0.389s] Level 1:colcon.colcon_core.package_identification:_identify(worlds/01 CRTA_detailed/crta_namjesteno) by extension 'python'
[0.390s] Level 1:colcon.colcon_core.package_identification:_identify(worlds/01 CRTA_detailed/crta_namjesteno) by extensions ['python_setup_py']
[0.390s] Level 1:colcon.colcon_core.package_identification:_identify(worlds/01 CRTA_detailed/crta_namjesteno) by extension 'python_setup_py'
[0.390s] Level 1:colcon.colcon_core.package_identification:_identify(worlds/01 CRTA_detailed/crta_namjesteno/models) by extensions ['ignore', 'ignore_ament_install']
[0.390s] Level 1:colcon.colcon_core.package_identification:_identify(worlds/01 CRTA_detailed/crta_namjesteno/models) by extension 'ignore'
[0.390s] Level 1:colcon.colcon_core.package_identification:_identify(worlds/01 CRTA_detailed/crta_namjesteno/models) by extension 'ignore_ament_install'
[0.390s] Level 1:colcon.colcon_core.package_identification:_identify(worlds/01 CRTA_detailed/crta_namjesteno/models) by extensions ['colcon_pkg']
[0.390s] Level 1:colcon.colcon_core.package_identification:_identify(worlds/01 CRTA_detailed/crta_namjesteno/models) by extension 'colcon_pkg'
[0.390s] Level 1:colcon.colcon_core.package_identification:_identify(worlds/01 CRTA_detailed/crta_namjesteno/models) by extensions ['colcon_meta']
[0.390s] Level 1:colcon.colcon_core.package_identification:_identify(worlds/01 CRTA_detailed/crta_namjesteno/models) by extension 'colcon_meta'
[0.390s] Level 1:colcon.colcon_core.package_identification:_identify(worlds/01 CRTA_detailed/crta_namjesteno/models) by extensions ['ros']
[0.390s] Level 1:colcon.colcon_core.package_identification:_identify(worlds/01 CRTA_detailed/crta_namjesteno/models) by extension 'ros'
[0.390s] Level 1:colcon.colcon_core.package_identification:_identify(worlds/01 CRTA_detailed/crta_namjesteno/models) by extensions ['cmake', 'python']
[0.390s] Level 1:colcon.colcon_core.package_identification:_identify(worlds/01 CRTA_detailed/crta_namjesteno/models) by extension 'cmake'
[0.390s] Level 1:colcon.colcon_core.package_identification:_identify(worlds/01 CRTA_detailed/crta_namjesteno/models) by extension 'python'
[0.390s] Level 1:colcon.colcon_core.package_identification:_identify(worlds/01 CRTA_detailed/crta_namjesteno/models) by extensions ['python_setup_py']
[0.390s] Level 1:colcon.colcon_core.package_identification:_identify(worlds/01 CRTA_detailed/crta_namjesteno/models) by extension 'python_setup_py'
[0.390s] Level 1:colcon.colcon_core.package_identification:_identify(worlds/01 CRTA_detailed/crta_namjesteno/models/map) by extensions ['ignore', 'ignore_ament_install']
[0.390s] Level 1:colcon.colcon_core.package_identification:_identify(worlds/01 CRTA_detailed/crta_namjesteno/models/map) by extension 'ignore'
[0.390s] Level 1:colcon.colcon_core.package_identification:_identify(worlds/01 CRTA_detailed/crta_namjesteno/models/map) by extension 'ignore_ament_install'
[0.390s] Level 1:colcon.colcon_core.package_identification:_identify(worlds/01 CRTA_detailed/crta_namjesteno/models/map) by extensions ['colcon_pkg']
[0.390s] Level 1:colcon.colcon_core.package_identification:_identify(worlds/01 CRTA_detailed/crta_namjesteno/models/map) by extension 'colcon_pkg'
[0.390s] Level 1:colcon.colcon_core.package_identification:_identify(worlds/01 CRTA_detailed/crta_namjesteno/models/map) by extensions ['colcon_meta']
[0.390s] Level 1:colcon.colcon_core.package_identification:_identify(worlds/01 CRTA_detailed/crta_namjesteno/models/map) by extension 'colcon_meta'
[0.390s] Level 1:colcon.colcon_core.package_identification:_identify(worlds/01 CRTA_detailed/crta_namjesteno/models/map) by extensions ['ros']
[0.390s] Level 1:colcon.colcon_core.package_identification:_identify(worlds/01 CRTA_detailed/crta_namjesteno/models/map) by extension 'ros'
[0.390s] Level 1:colcon.colcon_core.package_identification:_identify(worlds/01 CRTA_detailed/crta_namjesteno/models/map) by extensions ['cmake', 'python']
[0.390s] Level 1:colcon.colcon_core.package_identification:_identify(worlds/01 CRTA_detailed/crta_namjesteno/models/map) by extension 'cmake'
[0.390s] Level 1:colcon.colcon_core.package_identification:_identify(worlds/01 CRTA_detailed/crta_namjesteno/models/map) by extension 'python'
[0.390s] Level 1:colcon.colcon_core.package_identification:_identify(worlds/01 CRTA_detailed/crta_namjesteno/models/map) by extensions ['python_setup_py']
[0.390s] Level 1:colcon.colcon_core.package_identification:_identify(worlds/01 CRTA_detailed/crta_namjesteno/models/map) by extension 'python_setup_py'
[0.390s] Level 1:colcon.colcon_core.package_identification:_identify(worlds/01 CRTA_detailed/crta_namjesteno/models/mesh) by extensions ['ignore', 'ignore_ament_install']
[0.390s] Level 1:colcon.colcon_core.package_identification:_identify(worlds/01 CRTA_detailed/crta_namjesteno/models/mesh) by extension 'ignore'
[0.390s] Level 1:colcon.colcon_core.package_identification:_identify(worlds/01 CRTA_detailed/crta_namjesteno/models/mesh) by extension 'ignore_ament_install'
[0.390s] Level 1:colcon.colcon_core.package_identification:_identify(worlds/01 CRTA_detailed/crta_namjesteno/models/mesh) by extensions ['colcon_pkg']
[0.391s] Level 1:colcon.colcon_core.package_identification:_identify(worlds/01 CRTA_detailed/crta_namjesteno/models/mesh) by extension 'colcon_pkg'
[0.391s] Level 1:colcon.colcon_core.package_identification:_identify(worlds/01 CRTA_detailed/crta_namjesteno/models/mesh) by extensions ['colcon_meta']
[0.391s] Level 1:colcon.colcon_core.package_identification:_identify(worlds/01 CRTA_detailed/crta_namjesteno/models/mesh) by extension 'colcon_meta'
[0.391s] Level 1:colcon.colcon_core.package_identification:_identify(worlds/01 CRTA_detailed/crta_namjesteno/models/mesh) by extensions ['ros']
[0.391s] Level 1:colcon.colcon_core.package_identification:_identify(worlds/01 CRTA_detailed/crta_namjesteno/models/mesh) by extension 'ros'
[0.391s] Level 1:colcon.colcon_core.package_identification:_identify(worlds/01 CRTA_detailed/crta_namjesteno/models/mesh) by extensions ['cmake', 'python']
[0.391s] Level 1:colcon.colcon_core.package_identification:_identify(worlds/01 CRTA_detailed/crta_namjesteno/models/mesh) by extension 'cmake'
[0.391s] Level 1:colcon.colcon_core.package_identification:_identify(worlds/01 CRTA_detailed/crta_namjesteno/models/mesh) by extension 'python'
[0.391s] Level 1:colcon.colcon_core.package_identification:_identify(worlds/01 CRTA_detailed/crta_namjesteno/models/mesh) by extensions ['python_setup_py']
[0.391s] Level 1:colcon.colcon_core.package_identification:_identify(worlds/01 CRTA_detailed/crta_namjesteno/models/mesh) by extension 'python_setup_py'
[0.391s] Level 1:colcon.colcon_core.package_identification:_identify(worlds/01 CRTA_detailed/crta_namjesteno/worlds) by extensions ['ignore', 'ignore_ament_install']
[0.391s] Level 1:colcon.colcon_core.package_identification:_identify(worlds/01 CRTA_detailed/crta_namjesteno/worlds) by extension 'ignore'
[0.391s] Level 1:colcon.colcon_core.package_identification:_identify(worlds/01 CRTA_detailed/crta_namjesteno/worlds) by extension 'ignore_ament_install'
[0.391s] Level 1:colcon.colcon_core.package_identification:_identify(worlds/01 CRTA_detailed/crta_namjesteno/worlds) by extensions ['colcon_pkg']
[0.391s] Level 1:colcon.colcon_core.package_identification:_identify(worlds/01 CRTA_detailed/crta_namjesteno/worlds) by extension 'colcon_pkg'
[0.391s] Level 1:colcon.colcon_core.package_identification:_identify(worlds/01 CRTA_detailed/crta_namjesteno/worlds) by extensions ['colcon_meta']
[0.391s] Level 1:colcon.colcon_core.package_identification:_identify(worlds/01 CRTA_detailed/crta_namjesteno/worlds) by extension 'colcon_meta'
[0.391s] Level 1:colcon.colcon_core.package_identification:_identify(worlds/01 CRTA_detailed/crta_namjesteno/worlds) by extensions ['ros']
[0.391s] Level 1:colcon.colcon_core.package_identification:_identify(worlds/01 CRTA_detailed/crta_namjesteno/worlds) by extension 'ros'
[0.391s] Level 1:colcon.colcon_core.package_identification:_identify(worlds/01 CRTA_detailed/crta_namjesteno/worlds) by extensions ['cmake', 'python']
[0.391s] Level 1:colcon.colcon_core.package_identification:_identify(worlds/01 CRTA_detailed/crta_namjesteno/worlds) by extension 'cmake'
[0.391s] Level 1:colcon.colcon_core.package_identification:_identify(worlds/01 CRTA_detailed/crta_namjesteno/worlds) by extension 'python'
[0.391s] Level 1:colcon.colcon_core.package_identification:_identify(worlds/01 CRTA_detailed/crta_namjesteno/worlds) by extensions ['python_setup_py']
[0.391s] Level 1:colcon.colcon_core.package_identification:_identify(worlds/01 CRTA_detailed/crta_namjesteno/worlds) by extension 'python_setup_py'
[0.391s] Level 1:colcon.colcon_core.package_identification:_identify(worlds/02 CRTA_simplified) by extensions ['ignore', 'ignore_ament_install']
[0.391s] Level 1:colcon.colcon_core.package_identification:_identify(worlds/02 CRTA_simplified) by extension 'ignore'
[0.391s] Level 1:colcon.colcon_core.package_identification:_identify(worlds/02 CRTA_simplified) by extension 'ignore_ament_install'
[0.391s] Level 1:colcon.colcon_core.package_identification:_identify(worlds/02 CRTA_simplified) by extensions ['colcon_pkg']
[0.391s] Level 1:colcon.colcon_core.package_identification:_identify(worlds/02 CRTA_simplified) by extension 'colcon_pkg'
[0.391s] Level 1:colcon.colcon_core.package_identification:_identify(worlds/02 CRTA_simplified) by extensions ['colcon_meta']
[0.391s] Level 1:colcon.colcon_core.package_identification:_identify(worlds/02 CRTA_simplified) by extension 'colcon_meta'
[0.391s] Level 1:colcon.colcon_core.package_identification:_identify(worlds/02 CRTA_simplified) by extensions ['ros']
[0.391s] Level 1:colcon.colcon_core.package_identification:_identify(worlds/02 CRTA_simplified) by extension 'ros'
[0.391s] Level 1:colcon.colcon_core.package_identification:_identify(worlds/02 CRTA_simplified) by extensions ['cmake', 'python']
[0.391s] Level 1:colcon.colcon_core.package_identification:_identify(worlds/02 CRTA_simplified) by extension 'cmake'
[0.391s] Level 1:colcon.colcon_core.package_identification:_identify(worlds/02 CRTA_simplified) by extension 'python'
[0.391s] Level 1:colcon.colcon_core.package_identification:_identify(worlds/02 CRTA_simplified) by extensions ['python_setup_py']
[0.391s] Level 1:colcon.colcon_core.package_identification:_identify(worlds/02 CRTA_simplified) by extension 'python_setup_py'
[0.391s] Level 1:colcon.colcon_core.package_identification:_identify(worlds/02 CRTA_simplified/crta_pojednostavljeno) by extensions ['ignore', 'ignore_ament_install']
[0.392s] Level 1:colcon.colcon_core.package_identification:_identify(worlds/02 CRTA_simplified/crta_pojednostavljeno) by extension 'ignore'
[0.392s] Level 1:colcon.colcon_core.package_identification:_identify(worlds/02 CRTA_simplified/crta_pojednostavljeno) by extension 'ignore_ament_install'
[0.392s] Level 1:colcon.colcon_core.package_identification:_identify(worlds/02 CRTA_simplified/crta_pojednostavljeno) by extensions ['colcon_pkg']
[0.392s] Level 1:colcon.colcon_core.package_identification:_identify(worlds/02 CRTA_simplified/crta_pojednostavljeno) by extension 'colcon_pkg'
[0.392s] Level 1:colcon.colcon_core.package_identification:_identify(worlds/02 CRTA_simplified/crta_pojednostavljeno) by extensions ['colcon_meta']
[0.392s] Level 1:colcon.colcon_core.package_identification:_identify(worlds/02 CRTA_simplified/crta_pojednostavljeno) by extension 'colcon_meta'
[0.392s] Level 1:colcon.colcon_core.package_identification:_identify(worlds/02 CRTA_simplified/crta_pojednostavljeno) by extensions ['ros']
[0.392s] Level 1:colcon.colcon_core.package_identification:_identify(worlds/02 CRTA_simplified/crta_pojednostavljeno) by extension 'ros'
[0.392s] Level 1:colcon.colcon_core.package_identification:_identify(worlds/02 CRTA_simplified/crta_pojednostavljeno) by extensions ['cmake', 'python']
[0.392s] Level 1:colcon.colcon_core.package_identification:_identify(worlds/02 CRTA_simplified/crta_pojednostavljeno) by extension 'cmake'
[0.392s] Level 1:colcon.colcon_core.package_identification:_identify(worlds/02 CRTA_simplified/crta_pojednostavljeno) by extension 'python'
[0.392s] Level 1:colcon.colcon_core.package_identification:_identify(worlds/02 CRTA_simplified/crta_pojednostavljeno) by extensions ['python_setup_py']
[0.392s] Level 1:colcon.colcon_core.package_identification:_identify(worlds/02 CRTA_simplified/crta_pojednostavljeno) by extension 'python_setup_py'
[0.392s] Level 1:colcon.colcon_core.package_identification:_identify(worlds/02 CRTA_simplified/crta_pojednostavljeno/CRTA_v4) by extensions ['ignore', 'ignore_ament_install']
[0.392s] Level 1:colcon.colcon_core.package_identification:_identify(worlds/02 CRTA_simplified/crta_pojednostavljeno/CRTA_v4) by extension 'ignore'
[0.392s] Level 1:colcon.colcon_core.package_identification:_identify(worlds/02 CRTA_simplified/crta_pojednostavljeno/CRTA_v4) by extension 'ignore_ament_install'
[0.392s] Level 1:colcon.colcon_core.package_identification:_identify(worlds/02 CRTA_simplified/crta_pojednostavljeno/CRTA_v4) by extensions ['colcon_pkg']
[0.392s] Level 1:colcon.colcon_core.package_identification:_identify(worlds/02 CRTA_simplified/crta_pojednostavljeno/CRTA_v4) by extension 'colcon_pkg'
[0.392s] Level 1:colcon.colcon_core.package_identification:_identify(worlds/02 CRTA_simplified/crta_pojednostavljeno/CRTA_v4) by extensions ['colcon_meta']
[0.392s] Level 1:colcon.colcon_core.package_identification:_identify(worlds/02 CRTA_simplified/crta_pojednostavljeno/CRTA_v4) by extension 'colcon_meta'
[0.392s] Level 1:colcon.colcon_core.package_identification:_identify(worlds/02 CRTA_simplified/crta_pojednostavljeno/CRTA_v4) by extensions ['ros']
[0.392s] Level 1:colcon.colcon_core.package_identification:_identify(worlds/02 CRTA_simplified/crta_pojednostavljeno/CRTA_v4) by extension 'ros'
[0.392s] Level 1:colcon.colcon_core.package_identification:_identify(worlds/02 CRTA_simplified/crta_pojednostavljeno/CRTA_v4) by extensions ['cmake', 'python']
[0.392s] Level 1:colcon.colcon_core.package_identification:_identify(worlds/02 CRTA_simplified/crta_pojednostavljeno/CRTA_v4) by extension 'cmake'
[0.392s] Level 1:colcon.colcon_core.package_identification:_identify(worlds/02 CRTA_simplified/crta_pojednostavljeno/CRTA_v4) by extension 'python'
[0.392s] Level 1:colcon.colcon_core.package_identification:_identify(worlds/02 CRTA_simplified/crta_pojednostavljeno/CRTA_v4) by extensions ['python_setup_py']
[0.392s] Level 1:colcon.colcon_core.package_identification:_identify(worlds/02 CRTA_simplified/crta_pojednostavljeno/CRTA_v4) by extension 'python_setup_py'
[0.392s] Level 1:colcon.colcon_core.package_identification:_identify(worlds/02 CRTA_simplified/crta_pojednostavljeno/CRTA_v4/map) by extensions ['ignore', 'ignore_ament_install']
[0.392s] Level 1:colcon.colcon_core.package_identification:_identify(worlds/02 CRTA_simplified/crta_pojednostavljeno/CRTA_v4/map) by extension 'ignore'
[0.392s] Level 1:colcon.colcon_core.package_identification:_identify(worlds/02 CRTA_simplified/crta_pojednostavljeno/CRTA_v4/map) by extension 'ignore_ament_install'
[0.392s] Level 1:colcon.colcon_core.package_identification:_identify(worlds/02 CRTA_simplified/crta_pojednostavljeno/CRTA_v4/map) by extensions ['colcon_pkg']
[0.392s] Level 1:colcon.colcon_core.package_identification:_identify(worlds/02 CRTA_simplified/crta_pojednostavljeno/CRTA_v4/map) by extension 'colcon_pkg'
[0.392s] Level 1:colcon.colcon_core.package_identification:_identify(worlds/02 CRTA_simplified/crta_pojednostavljeno/CRTA_v4/map) by extensions ['colcon_meta']
[0.392s] Level 1:colcon.colcon_core.package_identification:_identify(worlds/02 CRTA_simplified/crta_pojednostavljeno/CRTA_v4/map) by extension 'colcon_meta'
[0.392s] Level 1:colcon.colcon_core.package_identification:_identify(worlds/02 CRTA_simplified/crta_pojednostavljeno/CRTA_v4/map) by extensions ['ros']
[0.392s] Level 1:colcon.colcon_core.package_identification:_identify(worlds/02 CRTA_simplified/crta_pojednostavljeno/CRTA_v4/map) by extension 'ros'
[0.392s] Level 1:colcon.colcon_core.package_identification:_identify(worlds/02 CRTA_simplified/crta_pojednostavljeno/CRTA_v4/map) by extensions ['cmake', 'python']
[0.392s] Level 1:colcon.colcon_core.package_identification:_identify(worlds/02 CRTA_simplified/crta_pojednostavljeno/CRTA_v4/map) by extension 'cmake'
[0.392s] Level 1:colcon.colcon_core.package_identification:_identify(worlds/02 CRTA_simplified/crta_pojednostavljeno/CRTA_v4/map) by extension 'python'
[0.392s] Level 1:colcon.colcon_core.package_identification:_identify(worlds/02 CRTA_simplified/crta_pojednostavljeno/CRTA_v4/map) by extensions ['python_setup_py']
[0.392s] Level 1:colcon.colcon_core.package_identification:_identify(worlds/02 CRTA_simplified/crta_pojednostavljeno/CRTA_v4/map) by extension 'python_setup_py'
[0.393s] Level 1:colcon.colcon_core.package_identification:_identify(worlds/02 CRTA_simplified/crta_pojednostavljeno/CRTA_v4/mesh) by extensions ['ignore', 'ignore_ament_install']
[0.393s] Level 1:colcon.colcon_core.package_identification:_identify(worlds/02 CRTA_simplified/crta_pojednostavljeno/CRTA_v4/mesh) by extension 'ignore'
[0.393s] Level 1:colcon.colcon_core.package_identification:_identify(worlds/02 CRTA_simplified/crta_pojednostavljeno/CRTA_v4/mesh) by extension 'ignore_ament_install'
[0.393s] Level 1:colcon.colcon_core.package_identification:_identify(worlds/02 CRTA_simplified/crta_pojednostavljeno/CRTA_v4/mesh) by extensions ['colcon_pkg']
[0.393s] Level 1:colcon.colcon_core.package_identification:_identify(worlds/02 CRTA_simplified/crta_pojednostavljeno/CRTA_v4/mesh) by extension 'colcon_pkg'
[0.393s] Level 1:colcon.colcon_core.package_identification:_identify(worlds/02 CRTA_simplified/crta_pojednostavljeno/CRTA_v4/mesh) by extensions ['colcon_meta']
[0.393s] Level 1:colcon.colcon_core.package_identification:_identify(worlds/02 CRTA_simplified/crta_pojednostavljeno/CRTA_v4/mesh) by extension 'colcon_meta'
[0.393s] Level 1:colcon.colcon_core.package_identification:_identify(worlds/02 CRTA_simplified/crta_pojednostavljeno/CRTA_v4/mesh) by extensions ['ros']
[0.393s] Level 1:colcon.colcon_core.package_identification:_identify(worlds/02 CRTA_simplified/crta_pojednostavljeno/CRTA_v4/mesh) by extension 'ros'
[0.393s] Level 1:colcon.colcon_core.package_identification:_identify(worlds/02 CRTA_simplified/crta_pojednostavljeno/CRTA_v4/mesh) by extensions ['cmake', 'python']
[0.393s] Level 1:colcon.colcon_core.package_identification:_identify(worlds/02 CRTA_simplified/crta_pojednostavljeno/CRTA_v4/mesh) by extension 'cmake'
[0.393s] Level 1:colcon.colcon_core.package_identification:_identify(worlds/02 CRTA_simplified/crta_pojednostavljeno/CRTA_v4/mesh) by extension 'python'
[0.393s] Level 1:colcon.colcon_core.package_identification:_identify(worlds/02 CRTA_simplified/crta_pojednostavljeno/CRTA_v4/mesh) by extensions ['python_setup_py']
[0.393s] Level 1:colcon.colcon_core.package_identification:_identify(worlds/02 CRTA_simplified/crta_pojednostavljeno/CRTA_v4/mesh) by extension 'python_setup_py'
[0.393s] Level 1:colcon.colcon_core.package_identification:_identify(worlds/02 CRTA_simplified/crta_pojednostavljeno/worlds) by extensions ['ignore', 'ignore_ament_install']
[0.393s] Level 1:colcon.colcon_core.package_identification:_identify(worlds/02 CRTA_simplified/crta_pojednostavljeno/worlds) by extension 'ignore'
[0.393s] Level 1:colcon.colcon_core.package_identification:_identify(worlds/02 CRTA_simplified/crta_pojednostavljeno/worlds) by extension 'ignore_ament_install'
[0.397s] Level 1:colcon.colcon_core.package_identification:_identify(worlds/02 CRTA_simplified/crta_pojednostavljeno/worlds) by extensions ['colcon_pkg']
[0.397s] Level 1:colcon.colcon_core.package_identification:_identify(worlds/02 CRTA_simplified/crta_pojednostavljeno/worlds) by extension 'colcon_pkg'
[0.397s] Level 1:colcon.colcon_core.package_identification:_identify(worlds/02 CRTA_simplified/crta_pojednostavljeno/worlds) by extensions ['colcon_meta']
[0.397s] Level 1:colcon.colcon_core.package_identification:_identify(worlds/02 CRTA_simplified/crta_pojednostavljeno/worlds) by extension 'colcon_meta'
[0.397s] Level 1:colcon.colcon_core.package_identification:_identify(worlds/02 CRTA_simplified/crta_pojednostavljeno/worlds) by extensions ['ros']
[0.397s] Level 1:colcon.colcon_core.package_identification:_identify(worlds/02 CRTA_simplified/crta_pojednostavljeno/worlds) by extension 'ros'
[0.397s] Level 1:colcon.colcon_core.package_identification:_identify(worlds/02 CRTA_simplified/crta_pojednostavljeno/worlds) by extensions ['cmake', 'python']
[0.398s] Level 1:colcon.colcon_core.package_identification:_identify(worlds/02 CRTA_simplified/crta_pojednostavljeno/worlds) by extension 'cmake'
[0.398s] Level 1:colcon.colcon_core.package_identification:_identify(worlds/02 CRTA_simplified/crta_pojednostavljeno/worlds) by extension 'python'
[0.398s] Level 1:colcon.colcon_core.package_identification:_identify(worlds/02 CRTA_simplified/crta_pojednostavljeno/worlds) by extensions ['python_setup_py']
[0.398s] Level 1:colcon.colcon_core.package_identification:_identify(worlds/02 CRTA_simplified/crta_pojednostavljeno/worlds) by extension 'python_setup_py'
[0.398s] Level 1:colcon.colcon_core.package_discovery:discover_packages(recursive) using defaults
[0.398s] Level 1:colcon.colcon_core.package_discovery:discover_packages(ignore) discover
[0.398s] Level 1:colcon.colcon_core.package_discovery:discover_packages(ignore) using defaults
[0.398s] Level 1:colcon.colcon_core.package_discovery:discover_packages(path) discover
[0.398s] Level 1:colcon.colcon_core.package_discovery:discover_packages(path) using defaults
[0.442s] Level 1:colcon.colcon_core.package_discovery:discover_packages(prefix_path) check parameters
[0.442s] Level 1:colcon.colcon_core.package_discovery:discover_packages(prefix_path) discover
[0.449s] DEBUG:colcon.colcon_installed_package_information.package_discovery:Found 2 installed packages in /home/tona/astro_ws/install
[0.449s] DEBUG:colcon.colcon_installed_package_information.package_discovery:Found 4 installed packages in /home/tona/astro_ws_pas/install
[0.450s] DEBUG:colcon.colcon_installed_package_information.package_discovery:Found 389 installed packages in /opt/ros/humble
[0.451s] Level 1:colcon.colcon_core.package_discovery:discover_packages(prefix_path) using defaults
[0.511s] Level 5:colcon.colcon_core.verb:set package 'astro' build argument 'cmake_args' from command line to 'None'
[0.511s] Level 5:colcon.colcon_core.verb:set package 'astro' build argument 'cmake_target' from command line to 'None'
[0.511s] Level 5:colcon.colcon_core.verb:set package 'astro' build argument 'cmake_target_skip_unavailable' from command line to 'False'
[0.511s] Level 5:colcon.colcon_core.verb:set package 'astro' build argument 'cmake_clean_cache' from command line to 'False'
[0.511s] Level 5:colcon.colcon_core.verb:set package 'astro' build argument 'cmake_clean_first' from command line to 'False'
[0.511s] Level 5:colcon.colcon_core.verb:set package 'astro' build argument 'cmake_force_configure' from command line to 'False'
[0.511s] Level 5:colcon.colcon_core.verb:set package 'astro' build argument 'ament_cmake_args' from command line to 'None'
[0.511s] Level 5:colcon.colcon_core.verb:set package 'astro' build argument 'catkin_cmake_args' from command line to 'None'
[0.511s] Level 5:colcon.colcon_core.verb:set package 'astro' build argument 'catkin_skip_building_tests' from command line to 'False'
[0.511s] DEBUG:colcon.colcon_core.verb:Building package 'astro' with the following arguments: {'ament_cmake_args': None, 'build_base': '/home/tona/astro_ws_pas/build/astro', 'catkin_cmake_args': None, 'catkin_skip_building_tests': False, 'cmake_args': None, 'cmake_clean_cache': False, 'cmake_clean_first': False, 'cmake_force_configure': False, 'cmake_target': None, 'cmake_target_skip_unavailable': False, 'install_base': '/home/tona/astro_ws_pas/install/astro', 'merge_install': False, 'path': '/home/tona/astro_ws_pas/src/ASTRO/astro', 'symlink_install': False, 'test_result_base': None}
[0.511s] Level 5:colcon.colcon_core.verb:set package 'astro_navigation' build argument 'cmake_args' from command line to 'None'
[0.511s] Level 5:colcon.colcon_core.verb:set package 'astro_navigation' build argument 'cmake_target' from command line to 'None'
[0.511s] Level 5:colcon.colcon_core.verb:set package 'astro_navigation' build argument 'cmake_target_skip_unavailable' from command line to 'False'
[0.511s] Level 5:colcon.colcon_core.verb:set package 'astro_navigation' build argument 'cmake_clean_cache' from command line to 'False'
[0.511s] Level 5:colcon.colcon_core.verb:set package 'astro_navigation' build argument 'cmake_clean_first' from command line to 'False'
[0.511s] Level 5:colcon.colcon_core.verb:set package 'astro_navigation' build argument 'cmake_force_configure' from command line to 'False'
[0.511s] Level 5:colcon.colcon_core.verb:set package 'astro_navigation' build argument 'ament_cmake_args' from command line to 'None'
[0.511s] Level 5:colcon.colcon_core.verb:set package 'astro_navigation' build argument 'catkin_cmake_args' from command line to 'None'
[0.511s] Level 5:colcon.colcon_core.verb:set package 'astro_navigation' build argument 'catkin_skip_building_tests' from command line to 'False'
[0.511s] DEBUG:colcon.colcon_core.verb:Building package 'astro_navigation' with the following arguments: {'ament_cmake_args': None, 'build_base': '/home/tona/astro_ws_pas/build/astro_navigation', 'catkin_cmake_args': None, 'catkin_skip_building_tests': False, 'cmake_args': None, 'cmake_clean_cache': False, 'cmake_clean_first': False, 'cmake_force_configure': False, 'cmake_target': None, 'cmake_target_skip_unavailable': False, 'install_base': '/home/tona/astro_ws_pas/install/astro_navigation', 'merge_install': False, 'path': '/home/tona/astro_ws_pas/src/ASTRO/astro_navigation', 'symlink_install': False, 'test_result_base': None}
[0.511s] Level 5:colcon.colcon_core.verb:set package 'astro_serial_cpp' build argument 'cmake_args' from command line to 'None'
[0.511s] Level 5:colcon.colcon_core.verb:set package 'astro_serial_cpp' build argument 'cmake_target' from command line to 'None'
[0.511s] Level 5:colcon.colcon_core.verb:set package 'astro_serial_cpp' build argument 'cmake_target_skip_unavailable' from command line to 'False'
[0.511s] Level 5:colcon.colcon_core.verb:set package 'astro_serial_cpp' build argument 'cmake_clean_cache' from command line to 'False'
[0.511s] Level 5:colcon.colcon_core.verb:set package 'astro_serial_cpp' build argument 'cmake_clean_first' from command line to 'False'
[0.511s] Level 5:colcon.colcon_core.verb:set package 'astro_serial_cpp' build argument 'cmake_force_configure' from command line to 'False'
[0.511s] Level 5:colcon.colcon_core.verb:set package 'astro_serial_cpp' build argument 'ament_cmake_args' from command line to 'None'
[0.511s] Level 5:colcon.colcon_core.verb:set package 'astro_serial_cpp' build argument 'catkin_cmake_args' from command line to 'None'
[0.511s] Level 5:colcon.colcon_core.verb:set package 'astro_serial_cpp' build argument 'catkin_skip_building_tests' from command line to 'False'
[0.511s] DEBUG:colcon.colcon_core.verb:Building package 'astro_serial_cpp' with the following arguments: {'ament_cmake_args': None, 'build_base': '/home/tona/astro_ws_pas/build/astro_serial_cpp', 'catkin_cmake_args': None, 'catkin_skip_building_tests': False, 'cmake_args': None, 'cmake_clean_cache': False, 'cmake_clean_first': False, 'cmake_force_configure': False, 'cmake_target': None, 'cmake_target_skip_unavailable': False, 'install_base': '/home/tona/astro_ws_pas/install/astro_serial_cpp', 'merge_install': False, 'path': '/home/tona/astro_ws_pas/src/ASTRO/astro_serial_cpp', 'symlink_install': False, 'test_result_base': None}
[0.512s] Level 5:colcon.colcon_core.verb:set package 'astro_slam' build argument 'cmake_args' from command line to 'None'
[0.512s] Level 5:colcon.colcon_core.verb:set package 'astro_slam' build argument 'cmake_target' from command line to 'None'
[0.512s] Level 5:colcon.colcon_core.verb:set package 'astro_slam' build argument 'cmake_target_skip_unavailable' from command line to 'False'
[0.512s] Level 5:colcon.colcon_core.verb:set package 'astro_slam' build argument 'cmake_clean_cache' from command line to 'False'
[0.512s] Level 5:colcon.colcon_core.verb:set package 'astro_slam' build argument 'cmake_clean_first' from command line to 'False'
[0.512s] Level 5:colcon.colcon_core.verb:set package 'astro_slam' build argument 'cmake_force_configure' from command line to 'False'
[0.512s] Level 5:colcon.colcon_core.verb:set package 'astro_slam' build argument 'ament_cmake_args' from command line to 'None'
[0.512s] Level 5:colcon.colcon_core.verb:set package 'astro_slam' build argument 'catkin_cmake_args' from command line to 'None'
[0.512s] Level 5:colcon.colcon_core.verb:set package 'astro_slam' build argument 'catkin_skip_building_tests' from command line to 'False'
[0.512s] DEBUG:colcon.colcon_core.verb:Building package 'astro_slam' with the following arguments: {'ament_cmake_args': None, 'build_base': '/home/tona/astro_ws_pas/build/astro_slam', 'catkin_cmake_args': None, 'catkin_skip_building_tests': False, 'cmake_args': None, 'cmake_clean_cache': False, 'cmake_clean_first': False, 'cmake_force_configure': False, 'cmake_target': None, 'cmake_target_skip_unavailable': False, 'install_base': '/home/tona/astro_ws_pas/install/astro_slam', 'merge_install': False, 'path': '/home/tona/astro_ws_pas/src/ASTRO/astro_slam', 'symlink_install': False, 'test_result_base': None}
[0.512s] INFO:colcon.colcon_core.executor:Executing jobs using 'parallel' executor
[0.517s] DEBUG:colcon.colcon_parallel_executor.executor.parallel:run_until_complete
[0.518s] INFO:colcon.colcon_ros.task.ament_cmake.build:Building ROS package in '/home/tona/astro_ws_pas/src/ASTRO/astro' with build type 'ament_cmake'
[0.518s] INFO:colcon.colcon_cmake.task.cmake.build:Building CMake package in '/home/tona/astro_ws_pas/src/ASTRO/astro'
[0.519s] INFO:colcon.colcon_core.plugin_system:Skipping extension 'colcon_core.shell.bat': Not used on non-Windows systems
[0.519s] INFO:colcon.colcon_core.shell:Skip shell extension 'powershell' for command environment: Not usable outside of PowerShell
[0.519s] DEBUG:colcon.colcon_core.shell:Skip shell extension 'dsv' for command environment
[0.522s] INFO:colcon.colcon_ros.task.ament_cmake.build:Building ROS package in '/home/tona/astro_ws_pas/src/ASTRO/astro_navigation' with build type 'ament_cmake'
[0.523s] INFO:colcon.colcon_cmake.task.cmake.build:Building CMake package in '/home/tona/astro_ws_pas/src/ASTRO/astro_navigation'
[0.523s] INFO:colcon.colcon_core.shell:Skip shell extension 'powershell' for command environment: Not usable outside of PowerShell
[0.523s] DEBUG:colcon.colcon_core.shell:Skip shell extension 'dsv' for command environment
[0.525s] INFO:colcon.colcon_ros.task.ament_cmake.build:Building ROS package in '/home/tona/astro_ws_pas/src/ASTRO/astro_serial_cpp' with build type 'ament_cmake'
[0.525s] INFO:colcon.colcon_cmake.task.cmake.build:Building CMake package in '/home/tona/astro_ws_pas/src/ASTRO/astro_serial_cpp'
[0.525s] INFO:colcon.colcon_core.shell:Skip shell extension 'powershell' for command environment: Not usable outside of PowerShell
[0.525s] DEBUG:colcon.colcon_core.shell:Skip shell extension 'dsv' for command environment
[0.527s] INFO:colcon.colcon_ros.task.ament_python.build:Building ROS package in '/home/tona/astro_ws_pas/src/ASTRO/astro_slam' with build type 'ament_python'
[0.527s] Level 1:colcon.colcon_core.shell:create_environment_hook('astro_slam', 'ament_prefix_path')
[0.527s] INFO:colcon.colcon_core.shell:Creating environment hook '/home/tona/astro_ws_pas/install/astro_slam/share/astro_slam/hook/ament_prefix_path.ps1'
[0.527s] INFO:colcon.colcon_core.shell:Creating environment descriptor '/home/tona/astro_ws_pas/install/astro_slam/share/astro_slam/hook/ament_prefix_path.dsv'
[0.527s] INFO:colcon.colcon_core.shell:Creating environment hook '/home/tona/astro_ws_pas/install/astro_slam/share/astro_slam/hook/ament_prefix_path.sh'
[0.528s] INFO:colcon.colcon_core.shell:Skip shell extension 'powershell' for command environment: Not usable outside of PowerShell
[0.528s] DEBUG:colcon.colcon_core.shell:Skip shell extension 'dsv' for command environment
[0.531s] DEBUG:colcon.colcon_core.event_handler.log_command:Invoking command in '/home/tona/astro_ws_pas/build/astro': CMAKE_PREFIX_PATH=${CMAKE_PREFIX_PATH}:/home/tona/astro_ws_pas/install/astro_slam:/opt/ros/humble /usr/bin/cmake --build /home/tona/astro_ws_pas/build/astro -- -j24 -l24
[0.533s] DEBUG:colcon.colcon_core.event_handler.log_command:Invoking command in '/home/tona/astro_ws_pas/build/astro_navigation': CMAKE_PREFIX_PATH=${CMAKE_PREFIX_PATH}:/home/tona/astro_ws_pas/install/astro_slam:/opt/ros/humble /usr/bin/cmake --build /home/tona/astro_ws_pas/build/astro_navigation -- -j24 -l24
[0.534s] DEBUG:colcon.colcon_core.event_handler.log_command:Invoking command in '/home/tona/astro_ws_pas/build/astro_serial_cpp': CMAKE_PREFIX_PATH=${CMAKE_PREFIX_PATH}:/home/tona/astro_ws_pas/install/astro_slam:/opt/ros/humble /usr/bin/cmake --build /home/tona/astro_ws_pas/build/astro_serial_cpp -- -j24 -l24
[0.652s] INFO:colcon.colcon_core.task.python.build:Building Python package in '/home/tona/astro_ws_pas/src/ASTRO/astro_slam'
[0.652s] INFO:colcon.colcon_core.shell:Skip shell extension 'powershell' for command environment: Not usable outside of PowerShell
[0.652s] DEBUG:colcon.colcon_core.shell:Skip shell extension 'dsv' for command environment
[0.657s] DEBUG:colcon.colcon_core.event_handler.log_command:Invoked command in '/home/tona/astro_ws_pas/build/astro' returned '0': CMAKE_PREFIX_PATH=${CMAKE_PREFIX_PATH}:/home/tona/astro_ws_pas/install/astro_slam:/opt/ros/humble /usr/bin/cmake --build /home/tona/astro_ws_pas/build/astro -- -j24 -l24
[0.662s] DEBUG:colcon.colcon_core.event_handler.log_command:Invoking command in '/home/tona/astro_ws_pas/build/astro': CMAKE_PREFIX_PATH=${CMAKE_PREFIX_PATH}:/home/tona/astro_ws_pas/install/astro_slam:/opt/ros/humble /usr/bin/cmake --install /home/tona/astro_ws_pas/build/astro
[0.662s] DEBUG:colcon.colcon_core.event_handler.log_command:Invoked command in '/home/tona/astro_ws_pas/build/astro_serial_cpp' returned '0': CMAKE_PREFIX_PATH=${CMAKE_PREFIX_PATH}:/home/tona/astro_ws_pas/install/astro_slam:/opt/ros/humble /usr/bin/cmake --build /home/tona/astro_ws_pas/build/astro_serial_cpp -- -j24 -l24
[0.663s] DEBUG:colcon.colcon_core.event_handler.log_command:Invoking command in '/home/tona/astro_ws_pas/build/astro_serial_cpp': CMAKE_PREFIX_PATH=${CMAKE_PREFIX_PATH}:/home/tona/astro_ws_pas/install/astro_slam:/opt/ros/humble /usr/bin/cmake --install /home/tona/astro_ws_pas/build/astro_serial_cpp
[0.668s] DEBUG:colcon.colcon_core.event_handler.log_command:Invoked command in '/home/tona/astro_ws_pas/build/astro_navigation' returned '0': CMAKE_PREFIX_PATH=${CMAKE_PREFIX_PATH}:/home/tona/astro_ws_pas/install/astro_slam:/opt/ros/humble /usr/bin/cmake --build /home/tona/astro_ws_pas/build/astro_navigation -- -j24 -l24
[0.678s] DEBUG:colcon.colcon_core.event_handler.log_command:Invoking command in '/home/tona/astro_ws_pas/build/astro_navigation': CMAKE_PREFIX_PATH=${CMAKE_PREFIX_PATH}:/home/tona/astro_ws_pas/install/astro_slam:/opt/ros/humble /usr/bin/cmake --install /home/tona/astro_ws_pas/build/astro_navigation
[0.681s] Level 1:colcon.colcon_core.environment:create_environment_scripts_only(astro_serial_cpp)
[0.691s] Level 1:colcon.colcon_core.environment:checking '/home/tona/astro_ws_pas/install/astro_serial_cpp' for CMake module files
[0.692s] Level 1:colcon.colcon_core.environment:checking '/home/tona/astro_ws_pas/install/astro_serial_cpp' for CMake config files
[0.692s] Level 1:colcon.colcon_core.shell:create_environment_hook('astro_serial_cpp', 'cmake_prefix_path')
[0.692s] INFO:colcon.colcon_core.shell:Creating environment hook '/home/tona/astro_ws_pas/install/astro_serial_cpp/share/astro_serial_cpp/hook/cmake_prefix_path.ps1'
[0.694s] DEBUG:colcon.colcon_core.event_handler.log_command:Invoked command in '/home/tona/astro_ws_pas/build/astro_serial_cpp' returned '0': CMAKE_PREFIX_PATH=${CMAKE_PREFIX_PATH}:/home/tona/astro_ws_pas/install/astro_slam:/opt/ros/humble /usr/bin/cmake --install /home/tona/astro_ws_pas/build/astro_serial_cpp
[0.694s] INFO:colcon.colcon_core.shell:Creating environment descriptor '/home/tona/astro_ws_pas/install/astro_serial_cpp/share/astro_serial_cpp/hook/cmake_prefix_path.dsv'
[0.694s] INFO:colcon.colcon_core.shell:Creating environment hook '/home/tona/astro_ws_pas/install/astro_serial_cpp/share/astro_serial_cpp/hook/cmake_prefix_path.sh'
[0.695s] Level 1:colcon.colcon_core.environment:checking '/home/tona/astro_ws_pas/install/astro_serial_cpp/lib'
[0.695s] Level 1:colcon.colcon_core.environment:checking '/home/tona/astro_ws_pas/install/astro_serial_cpp/bin'
[0.695s] Level 1:colcon.colcon_core.environment:checking '/home/tona/astro_ws_pas/install/astro_serial_cpp/lib/pkgconfig/astro_serial_cpp.pc'
[0.695s] Level 1:colcon.colcon_core.environment:checking '/home/tona/astro_ws_pas/install/astro_serial_cpp/lib/python3.10/site-packages'
[0.695s] Level 1:colcon.colcon_core.environment:checking '/home/tona/astro_ws_pas/install/astro_serial_cpp/bin'
[0.695s] INFO:colcon.colcon_core.shell:Creating package script '/home/tona/astro_ws_pas/install/astro_serial_cpp/share/astro_serial_cpp/package.ps1'
[0.696s] INFO:colcon.colcon_core.shell:Creating package descriptor '/home/tona/astro_ws_pas/install/astro_serial_cpp/share/astro_serial_cpp/package.dsv'
[0.696s] INFO:colcon.colcon_core.shell:Creating package script '/home/tona/astro_ws_pas/install/astro_serial_cpp/share/astro_serial_cpp/package.sh'
[0.697s] INFO:colcon.colcon_core.shell:Creating package script '/home/tona/astro_ws_pas/install/astro_serial_cpp/share/astro_serial_cpp/package.bash'
[0.697s] INFO:colcon.colcon_core.shell:Creating package script '/home/tona/astro_ws_pas/install/astro_serial_cpp/share/astro_serial_cpp/package.zsh'
[0.697s] Level 1:colcon.colcon_core.environment:create_file_with_runtime_dependencies(/home/tona/astro_ws_pas/install/astro_serial_cpp/share/colcon-core/packages/astro_serial_cpp)
[0.698s] Level 1:colcon.colcon_core.environment:create_environment_scripts_only(astro_serial_cpp)
[0.698s] Level 1:colcon.colcon_core.environment:checking '/home/tona/astro_ws_pas/install/astro_serial_cpp' for CMake module files
[0.698s] Level 1:colcon.colcon_core.environment:checking '/home/tona/astro_ws_pas/install/astro_serial_cpp' for CMake config files
[0.698s] Level 1:colcon.colcon_core.shell:create_environment_hook('astro_serial_cpp', 'cmake_prefix_path')
[0.698s] INFO:colcon.colcon_core.shell:Creating environment hook '/home/tona/astro_ws_pas/install/astro_serial_cpp/share/astro_serial_cpp/hook/cmake_prefix_path.ps1'
[0.698s] INFO:colcon.colcon_core.shell:Creating environment descriptor '/home/tona/astro_ws_pas/install/astro_serial_cpp/share/astro_serial_cpp/hook/cmake_prefix_path.dsv'
[0.699s] INFO:colcon.colcon_core.shell:Creating environment hook '/home/tona/astro_ws_pas/install/astro_serial_cpp/share/astro_serial_cpp/hook/cmake_prefix_path.sh'
[0.699s] Level 1:colcon.colcon_core.environment:checking '/home/tona/astro_ws_pas/install/astro_serial_cpp/lib'
[0.699s] Level 1:colcon.colcon_core.environment:checking '/home/tona/astro_ws_pas/install/astro_serial_cpp/bin'
[0.699s] Level 1:colcon.colcon_core.environment:checking '/home/tona/astro_ws_pas/install/astro_serial_cpp/lib/pkgconfig/astro_serial_cpp.pc'
[0.699s] Level 1:colcon.colcon_core.environment:checking '/home/tona/astro_ws_pas/install/astro_serial_cpp/lib/python3.10/site-packages'
[0.699s] Level 1:colcon.colcon_core.environment:checking '/home/tona/astro_ws_pas/install/astro_serial_cpp/bin'
[0.699s] INFO:colcon.colcon_core.shell:Creating package script '/home/tona/astro_ws_pas/install/astro_serial_cpp/share/astro_serial_cpp/package.ps1'
[0.700s] INFO:colcon.colcon_core.shell:Creating package descriptor '/home/tona/astro_ws_pas/install/astro_serial_cpp/share/astro_serial_cpp/package.dsv'
[0.704s] INFO:colcon.colcon_core.shell:Creating package script '/home/tona/astro_ws_pas/install/astro_serial_cpp/share/astro_serial_cpp/package.sh'
[0.705s] INFO:colcon.colcon_core.shell:Creating package script '/home/tona/astro_ws_pas/install/astro_serial_cpp/share/astro_serial_cpp/package.bash'
[0.705s] INFO:colcon.colcon_core.shell:Creating package script '/home/tona/astro_ws_pas/install/astro_serial_cpp/share/astro_serial_cpp/package.zsh'
[0.706s] Level 1:colcon.colcon_core.environment:create_file_with_runtime_dependencies(/home/tona/astro_ws_pas/install/astro_serial_cpp/share/colcon-core/packages/astro_serial_cpp)
[0.706s] Level 1:colcon.colcon_core.environment:create_environment_scripts_only(astro)
[0.707s] Level 1:colcon.colcon_core.environment:checking '/home/tona/astro_ws_pas/install/astro' for CMake module files
[0.707s] DEBUG:colcon.colcon_core.event_handler.log_command:Invoked command in '/home/tona/astro_ws_pas/build/astro' returned '0': CMAKE_PREFIX_PATH=${CMAKE_PREFIX_PATH}:/home/tona/astro_ws_pas/install/astro_slam:/opt/ros/humble /usr/bin/cmake --install /home/tona/astro_ws_pas/build/astro
[0.707s] Level 1:colcon.colcon_core.environment:checking '/home/tona/astro_ws_pas/install/astro' for CMake config files
[0.708s] Level 1:colcon.colcon_core.shell:create_environment_hook('astro', 'cmake_prefix_path')
[0.708s] INFO:colcon.colcon_core.shell:Creating environment hook '/home/tona/astro_ws_pas/install/astro/share/astro/hook/cmake_prefix_path.ps1'
[0.708s] INFO:colcon.colcon_core.shell:Creating environment descriptor '/home/tona/astro_ws_pas/install/astro/share/astro/hook/cmake_prefix_path.dsv'
[0.708s] INFO:colcon.colcon_core.shell:Creating environment hook '/home/tona/astro_ws_pas/install/astro/share/astro/hook/cmake_prefix_path.sh'
[0.709s] Level 1:colcon.colcon_core.environment:checking '/home/tona/astro_ws_pas/install/astro/lib'
[0.709s] Level 1:colcon.colcon_core.environment:checking '/home/tona/astro_ws_pas/install/astro/bin'
[0.709s] Level 1:colcon.colcon_core.environment:checking '/home/tona/astro_ws_pas/install/astro/lib/pkgconfig/astro.pc'
[0.709s] Level 1:colcon.colcon_core.environment:checking '/home/tona/astro_ws_pas/install/astro/lib/python3.10/site-packages'
[0.709s] Level 1:colcon.colcon_core.environment:checking '/home/tona/astro_ws_pas/install/astro/bin'
[0.709s] INFO:colcon.colcon_core.shell:Creating package script '/home/tona/astro_ws_pas/install/astro/share/astro/package.ps1'
[0.710s] INFO:colcon.colcon_core.shell:Creating package descriptor '/home/tona/astro_ws_pas/install/astro/share/astro/package.dsv'
[0.710s] INFO:colcon.colcon_core.shell:Creating package script '/home/tona/astro_ws_pas/install/astro/share/astro/package.sh'
[0.710s] INFO:colcon.colcon_core.shell:Creating package script '/home/tona/astro_ws_pas/install/astro/share/astro/package.bash'
[0.710s] INFO:colcon.colcon_core.shell:Creating package script '/home/tona/astro_ws_pas/install/astro/share/astro/package.zsh'
[0.711s] Level 1:colcon.colcon_core.environment:create_file_with_runtime_dependencies(/home/tona/astro_ws_pas/install/astro/share/colcon-core/packages/astro)
[0.711s] Level 1:colcon.colcon_core.environment:create_environment_scripts_only(astro)
[0.711s] Level 1:colcon.colcon_core.environment:checking '/home/tona/astro_ws_pas/install/astro' for CMake module files
[0.711s] Level 1:colcon.colcon_core.environment:checking '/home/tona/astro_ws_pas/install/astro' for CMake config files
[0.712s] Level 1:colcon.colcon_core.shell:create_environment_hook('astro', 'cmake_prefix_path')
[0.712s] INFO:colcon.colcon_core.shell:Creating environment hook '/home/tona/astro_ws_pas/install/astro/share/astro/hook/cmake_prefix_path.ps1'
[0.712s] INFO:colcon.colcon_core.shell:Creating environment descriptor '/home/tona/astro_ws_pas/install/astro/share/astro/hook/cmake_prefix_path.dsv'
[0.712s] INFO:colcon.colcon_core.shell:Creating environment hook '/home/tona/astro_ws_pas/install/astro/share/astro/hook/cmake_prefix_path.sh'
[0.712s] Level 1:colcon.colcon_core.environment:checking '/home/tona/astro_ws_pas/install/astro/lib'
[0.712s] Level 1:colcon.colcon_core.environment:checking '/home/tona/astro_ws_pas/install/astro/bin'
[0.716s] Level 1:colcon.colcon_core.environment:checking '/home/tona/astro_ws_pas/install/astro/lib/pkgconfig/astro.pc'
[0.717s] Level 1:colcon.colcon_core.environment:checking '/home/tona/astro_ws_pas/install/astro/lib/python3.10/site-packages'
[0.717s] Level 1:colcon.colcon_core.environment:checking '/home/tona/astro_ws_pas/install/astro/bin'
[0.718s] INFO:colcon.colcon_core.shell:Creating package script '/home/tona/astro_ws_pas/install/astro/share/astro/package.ps1'
[0.718s] INFO:colcon.colcon_core.shell:Creating package descriptor '/home/tona/astro_ws_pas/install/astro/share/astro/package.dsv'
[0.719s] INFO:colcon.colcon_core.shell:Creating package script '/home/tona/astro_ws_pas/install/astro/share/astro/package.sh'
[0.719s] INFO:colcon.colcon_core.shell:Creating package script '/home/tona/astro_ws_pas/install/astro/share/astro/package.bash'
[0.719s] INFO:colcon.colcon_core.shell:Creating package script '/home/tona/astro_ws_pas/install/astro/share/astro/package.zsh'
[0.719s] Level 1:colcon.colcon_core.environment:create_file_with_runtime_dependencies(/home/tona/astro_ws_pas/install/astro/share/colcon-core/packages/astro)
[0.720s] Level 1:colcon.colcon_core.environment:create_environment_scripts_only(astro_navigation)
[0.720s] Level 1:colcon.colcon_core.environment:checking '/home/tona/astro_ws_pas/install/astro_navigation' for CMake module files
[0.720s] Level 1:colcon.colcon_core.environment:checking '/home/tona/astro_ws_pas/install/astro_navigation' for CMake config files
[0.721s] DEBUG:colcon.colcon_core.event_handler.log_command:Invoked command in '/home/tona/astro_ws_pas/build/astro_navigation' returned '0': CMAKE_PREFIX_PATH=${CMAKE_PREFIX_PATH}:/home/tona/astro_ws_pas/install/astro_slam:/opt/ros/humble /usr/bin/cmake --install /home/tona/astro_ws_pas/build/astro_navigation
[0.721s] Level 1:colcon.colcon_core.shell:create_environment_hook('astro_navigation', 'cmake_prefix_path')
[0.721s] INFO:colcon.colcon_core.shell:Creating environment hook '/home/tona/astro_ws_pas/install/astro_navigation/share/astro_navigation/hook/cmake_prefix_path.ps1'
[0.726s] INFO:colcon.colcon_core.shell:Creating environment descriptor '/home/tona/astro_ws_pas/install/astro_navigation/share/astro_navigation/hook/cmake_prefix_path.dsv'
[0.727s] INFO:colcon.colcon_core.shell:Creating environment hook '/home/tona/astro_ws_pas/install/astro_navigation/share/astro_navigation/hook/cmake_prefix_path.sh'
[0.727s] Level 1:colcon.colcon_core.environment:checking '/home/tona/astro_ws_pas/install/astro_navigation/bin'
[0.728s] Level 1:colcon.colcon_core.environment:checking '/home/tona/astro_ws_pas/install/astro_navigation/lib/pkgconfig/astro_navigation.pc'
[0.728s] Level 1:colcon.colcon_core.environment:checking '/home/tona/astro_ws_pas/install/astro_navigation/lib/python3.10/site-packages'
[0.728s] Level 1:colcon.colcon_core.environment:checking '/home/tona/astro_ws_pas/install/astro_navigation/bin'
[0.728s] INFO:colcon.colcon_core.shell:Creating package script '/home/tona/astro_ws_pas/install/astro_navigation/share/astro_navigation/package.ps1'
[0.729s] INFO:colcon.colcon_core.shell:Creating package descriptor '/home/tona/astro_ws_pas/install/astro_navigation/share/astro_navigation/package.dsv'
[0.729s] INFO:colcon.colcon_core.shell:Creating package script '/home/tona/astro_ws_pas/install/astro_navigation/share/astro_navigation/package.sh'
[0.729s] INFO:colcon.colcon_core.shell:Creating package script '/home/tona/astro_ws_pas/install/astro_navigation/share/astro_navigation/package.bash'
[0.729s] INFO:colcon.colcon_core.shell:Creating package script '/home/tona/astro_ws_pas/install/astro_navigation/share/astro_navigation/package.zsh'
[0.730s] Level 1:colcon.colcon_core.environment:create_file_with_runtime_dependencies(/home/tona/astro_ws_pas/install/astro_navigation/share/colcon-core/packages/astro_navigation)
[0.730s] Level 1:colcon.colcon_core.environment:create_environment_scripts_only(astro_navigation)
[0.730s] Level 1:colcon.colcon_core.environment:checking '/home/tona/astro_ws_pas/install/astro_navigation' for CMake module files
[0.730s] Level 1:colcon.colcon_core.environment:checking '/home/tona/astro_ws_pas/install/astro_navigation' for CMake config files
[0.731s] Level 1:colcon.colcon_core.shell:create_environment_hook('astro_navigation', 'cmake_prefix_path')
[0.731s] INFO:colcon.colcon_core.shell:Creating environment hook '/home/tona/astro_ws_pas/install/astro_navigation/share/astro_navigation/hook/cmake_prefix_path.ps1'
[0.731s] INFO:colcon.colcon_core.shell:Creating environment descriptor '/home/tona/astro_ws_pas/install/astro_navigation/share/astro_navigation/hook/cmake_prefix_path.dsv'
[0.736s] INFO:colcon.colcon_core.shell:Creating environment hook '/home/tona/astro_ws_pas/install/astro_navigation/share/astro_navigation/hook/cmake_prefix_path.sh'
[0.737s] Level 1:colcon.colcon_core.environment:checking '/home/tona/astro_ws_pas/install/astro_navigation/bin'
[0.737s] Level 1:colcon.colcon_core.environment:checking '/home/tona/astro_ws_pas/install/astro_navigation/lib/pkgconfig/astro_navigation.pc'
[0.737s] Level 1:colcon.colcon_core.environment:checking '/home/tona/astro_ws_pas/install/astro_navigation/lib/python3.10/site-packages'
[0.738s] Level 1:colcon.colcon_core.environment:checking '/home/tona/astro_ws_pas/install/astro_navigation/bin'
[0.738s] INFO:colcon.colcon_core.shell:Creating package script '/home/tona/astro_ws_pas/install/astro_navigation/share/astro_navigation/package.ps1'
[0.738s] INFO:colcon.colcon_core.shell:Creating package descriptor '/home/tona/astro_ws_pas/install/astro_navigation/share/astro_navigation/package.dsv'
[0.739s] INFO:colcon.colcon_core.shell:Creating package script '/home/tona/astro_ws_pas/install/astro_navigation/share/astro_navigation/package.sh'
[0.739s] INFO:colcon.colcon_core.shell:Creating package script '/home/tona/astro_ws_pas/install/astro_navigation/share/astro_navigation/package.bash'
[0.739s] INFO:colcon.colcon_core.shell:Creating package script '/home/tona/astro_ws_pas/install/astro_navigation/share/astro_navigation/package.zsh'
[0.739s] Level 1:colcon.colcon_core.environment:create_file_with_runtime_dependencies(/home/tona/astro_ws_pas/install/astro_navigation/share/colcon-core/packages/astro_navigation)
[1.055s] DEBUG:colcon.colcon_core.task.python.build:Available setuptools commands: alias, clean, bdist_egg, extract_messages, build_scripts, bdist_rpm, upload_docs, install_lib, build, bdist_wheel, compile_catalog, test, install, bdist, saveopts, build_clib, easy_install, upload, register, sdist, check, install_scripts, rotate, symlink_data, bdist_dumb, egg_info, build_py, setopt, develop, update_catalog, install_headers, install_data, dist_info, build_ext, install_egg_info, init_catalog
[1.056s] DEBUG:colcon.colcon_core.event_handler.log_command:Invoking command in '/home/tona/astro_ws_pas/src/ASTRO/astro_slam': PYTHONPATH=/home/tona/astro_ws_pas/build/astro_slam/prefix_override:/usr/lib/python3/dist-packages/colcon_core/task/python/colcon_distutils_commands:/home/tona/astro_ws_pas/install/astro_slam/lib/python3.10/site-packages:${PYTHONPATH} /usr/bin/python3 -W ignore:setup.py install is deprecated -W ignore:easy_install command is deprecated setup.py egg_info --egg-base ../../../build/astro_slam build --build-base /home/tona/astro_ws_pas/build/astro_slam/build install --record /home/tona/astro_ws_pas/build/astro_slam/install.log --install-scripts $base/lib/astro_slam --single-version-externally-managed install_data
[1.441s] Level 1:colcon.colcon_core.environment:checking '/home/tona/astro_ws_pas/install/astro_slam' for CMake module files
[1.441s] DEBUG:colcon.colcon_core.event_handler.log_command:Invoked command in '/home/tona/astro_ws_pas/src/ASTRO/astro_slam' returned '0': PYTHONPATH=/home/tona/astro_ws_pas/build/astro_slam/prefix_override:/usr/lib/python3/dist-packages/colcon_core/task/python/colcon_distutils_commands:/home/tona/astro_ws_pas/install/astro_slam/lib/python3.10/site-packages:${PYTHONPATH} /usr/bin/python3 -W ignore:setup.py install is deprecated -W ignore:easy_install command is deprecated setup.py egg_info --egg-base ../../../build/astro_slam build --build-base /home/tona/astro_ws_pas/build/astro_slam/build install --record /home/tona/astro_ws_pas/build/astro_slam/install.log --install-scripts $base/lib/astro_slam --single-version-externally-managed install_data
[1.442s] Level 1:colcon.colcon_core.environment:checking '/home/tona/astro_ws_pas/install/astro_slam' for CMake config files
[1.442s] Level 1:colcon.colcon_core.environment:checking '/home/tona/astro_ws_pas/install/astro_slam/lib'
[1.442s] Level 1:colcon.colcon_core.environment:checking '/home/tona/astro_ws_pas/install/astro_slam/bin'
[1.442s] Level 1:colcon.colcon_core.environment:checking '/home/tona/astro_ws_pas/install/astro_slam/lib/pkgconfig/astro_slam.pc'
[1.442s] Level 1:colcon.colcon_core.environment:checking '/home/tona/astro_ws_pas/install/astro_slam/lib/python3.10/site-packages'
[1.442s] Level 1:colcon.colcon_core.shell:create_environment_hook('astro_slam', 'pythonpath')
[1.442s] INFO:colcon.colcon_core.shell:Creating environment hook '/home/tona/astro_ws_pas/install/astro_slam/share/astro_slam/hook/pythonpath.ps1'
[1.443s] INFO:colcon.colcon_core.shell:Creating environment descriptor '/home/tona/astro_ws_pas/install/astro_slam/share/astro_slam/hook/pythonpath.dsv'
[1.443s] INFO:colcon.colcon_core.shell:Creating environment hook '/home/tona/astro_ws_pas/install/astro_slam/share/astro_slam/hook/pythonpath.sh'
[1.444s] Level 1:colcon.colcon_core.environment:checking '/home/tona/astro_ws_pas/install/astro_slam/bin'
[1.448s] Level 1:colcon.colcon_core.environment:create_environment_scripts_only(astro_slam)
[1.448s] INFO:colcon.colcon_core.shell:Creating package script '/home/tona/astro_ws_pas/install/astro_slam/share/astro_slam/package.ps1'
[1.449s] INFO:colcon.colcon_core.shell:Creating package descriptor '/home/tona/astro_ws_pas/install/astro_slam/share/astro_slam/package.dsv'
[1.450s] INFO:colcon.colcon_core.shell:Creating package script '/home/tona/astro_ws_pas/install/astro_slam/share/astro_slam/package.sh'
[1.450s] INFO:colcon.colcon_core.shell:Creating package script '/home/tona/astro_ws_pas/install/astro_slam/share/astro_slam/package.bash'
[1.450s] INFO:colcon.colcon_core.shell:Creating package script '/home/tona/astro_ws_pas/install/astro_slam/share/astro_slam/package.zsh'
[1.450s] Level 1:colcon.colcon_core.environment:create_file_with_runtime_dependencies(/home/tona/astro_ws_pas/install/astro_slam/share/colcon-core/packages/astro_slam)
[1.451s] DEBUG:colcon.colcon_parallel_executor.executor.parallel:closing loop
[1.451s] DEBUG:colcon.colcon_parallel_executor.executor.parallel:loop closed
[1.451s] DEBUG:colcon.colcon_parallel_executor.executor.parallel:run_until_complete finished with '0'
[1.451s] DEBUG:colcon.colcon_core.event_reactor:joining thread
[1.461s] INFO:colcon.colcon_core.plugin_system:Skipping extension 'colcon_notification.desktop_notification.terminal_notifier': Not used on non-Darwin systems
[1.461s] INFO:colcon.colcon_core.plugin_system:Skipping extension 'colcon_notification.desktop_notification.win32': Not used on non-Windows systems
[1.461s] INFO:colcon.colcon_notification.desktop_notification:Sending desktop notification using 'notify2'
[1.471s] DEBUG:colcon.colcon_core.event_reactor:joined thread
[1.472s] INFO:colcon.colcon_core.shell:Creating prefix script '/home/tona/astro_ws_pas/install/local_setup.ps1'
[1.473s] INFO:colcon.colcon_core.shell:Creating prefix util module '/home/tona/astro_ws_pas/install/_local_setup_util_ps1.py'
[1.475s] INFO:colcon.colcon_core.shell:Creating prefix chain script '/home/tona/astro_ws_pas/install/setup.ps1'
[1.476s] INFO:colcon.colcon_core.shell:Creating prefix script '/home/tona/astro_ws_pas/install/local_setup.sh'
[1.476s] INFO:colcon.colcon_core.shell:Creating prefix util module '/home/tona/astro_ws_pas/install/_local_setup_util_sh.py'
[1.476s] INFO:colcon.colcon_core.shell:Creating prefix chain script '/home/tona/astro_ws_pas/install/setup.sh'
[1.477s] INFO:colcon.colcon_core.shell:Creating prefix script '/home/tona/astro_ws_pas/install/local_setup.bash'
[1.477s] INFO:colcon.colcon_core.shell:Creating prefix chain script '/home/tona/astro_ws_pas/install/setup.bash'
[1.478s] INFO:colcon.colcon_core.shell:Creating prefix script '/home/tona/astro_ws_pas/install/local_setup.zsh'
[1.478s] INFO:colcon.colcon_core.shell:Creating prefix chain script '/home/tona/astro_ws_pas/install/setup.zsh'
