time_s,x_m,y_m,yaw_rad,target_x_m,target_y_m,target_error_m,linear_velocity_m_s,angular_velocity_rad_s
0.001271,-4.787543,2.201373,0.820262,-4.743785,2.399889,0.203281,0.075000,1.000000
0.033654,-4.787543,2.201373,0.820262,-4.743785,2.399889,0.203281,0.075000,1.000000
0.066798,-4.787276,2.201660,0.823673,-4.743785,2.399889,0.202944,0.075000,1.000000
0.100055,-4.786882,2.202085,0.831173,-4.743785,2.399889,0.202445,0.075000,1.000000
0.133639,-4.785490,2.203632,0.855656,-4.743785,2.399889,0.200640,0.075000,1.000000
0.166770,-4.785490,2.203632,0.855656,-4.743785,2.399889,0.200640,0.075000,1.000000
0.200181,-4.785490,2.203632,0.855656,-4.743785,2.399889,0.200640,0.075000,1.000000
0.233499,-4.780598,2.209697,0.949028,-4.740509,2.413731,0.207936,0.075000,0.997501
0.267018,-4.779299,2.211509,0.977900,-4.740509,2.413731,0.205909,0.075000,0.953161
0.300345,-4.777410,2.214370,1.025350,-4.740509,2.413731,0.202748,0.075000,0.874333
0.333669,-4.776336,2.216165,1.054591,-4.740509,2.413731,0.200789,0.075000,0.822951
0.367028,-4.775615,2.217435,1.075017,-4.737201,2.427505,0.213553,0.075000,0.725195
0.400371,-4.774158,2.220186,1.114696,-4.737201,2.427505,0.210587,0.075000,0.655448
0.433730,-4.772757,2.223113,1.151665,-4.737201,2.427505,0.207461,0.075000,0.589014
0.466629,-4.771480,2.226034,1.184806,-4.737201,2.427505,0.204366,0.075000,0.527851
0.500227,-4.770912,2.227432,1.199701,-4.737201,2.427505,0.202893,0.075000,0.499658
0.533705,-4.769798,2.230351,1.225156,-4.733860,2.441204,0.213894,0.075000,0.411191
0.566621,-4.768828,2.233086,1.247054,-4.733860,2.441204,0.211035,0.075000,0.371105
0.600346,-4.768369,2.234453,1.257234,-4.733860,2.441204,0.209611,0.075000,0.352167
0.633655,-4.767546,2.237034,1.276490,-4.733860,2.441204,0.206930,0.075000,0.315130
0.667034,-4.766779,2.239599,1.295142,-4.733860,2.441204,0.204275,0.075000,0.277940
0.700375,-4.766372,2.241040,1.304668,-4.733860,2.441204,0.202787,0.075000,0.258687
0.733658,-4.765682,2.243606,1.317353,-4.733860,2.441204,0.200145,0.075000,0.233919
0.766615,-4.764991,2.246301,1.330230,-4.730485,2.454826,0.211360,0.075000,0.180971
0.800347,-4.764654,2.247679,1.335433,-4.730485,2.454826,0.209946,0.075000,0.171061
0.833589,-4.763933,2.250716,1.344056,-4.730485,2.454826,0.206832,0.075000,0.155365
0.866901,-4.763244,2.253722,1.351016,-4.730485,2.454826,0.203754,0.075000,0.142991
0.900310,-4.762904,2.255243,1.354609,-4.730485,2.454826,0.202199,0.075000,0.136331
0.933695,-4.762246,2.258265,1.361484,-4.727074,2.468365,0.213024,0.075000,0.101935
0.966795,-4.761945,2.259684,1.363985,-4.727074,2.468365,0.211574,0.075000,0.097432
1.000342,-4.761337,2.262601,1.369217,-4.727074,2.468365,0.208597,0.075000,0.087656
1.033727,-4.760762,2.265436,1.374424,-4.727074,2.468365,0.205706,0.075000,0.077435
1.066604,-4.760175,2.268400,1.378071,-4.727074,2.468365,0.202686,0.075000,0.070737
1.100360,-4.759880,2.269913,1.379964,-4.727074,2.468365,0.201145,0.075000,0.067122
1.133696,-4.759291,2.272975,1.383292,-4.723624,2.481817,0.211866,0.075000,0.043312
1.167020,-4.759291,2.272975,1.383292,-4.723624,2.481817,0.211866,0.075000,0.043312
1.200412,-4.759291,2.272975,1.383292,-4.723624,2.481817,0.211866,0.075000,0.043312
1.233722,-4.759291,2.272975,1.383292,-4.723624,2.481817,0.211866,0.075000,0.043312
1.267294,-4.758961,2.274715,1.384848,-4.723624,2.481817,0.210095,0.075000,0.040345
1.300361,-4.757094,2.284842,1.393362,-4.720135,2.495179,0.213559,0.075000,0.008182
1.333687,-4.756527,2.288017,1.396346,-4.720135,2.495179,0.210334,0.075000,0.001314
1.366622,-4.756052,2.290718,1.397234,-4.720135,2.495179,0.207592,0.075000,-0.000797
1.400379,-4.755751,2.292434,1.397835,-4.720135,2.495179,0.205850,0.075000,-0.002272
1.433587,-4.755236,2.295387,1.398275,-4.720135,2.495179,0.202852,0.075000,-0.003430
1.466610,-4.754750,2.298177,1.398686,-4.720135,2.495179,0.200020,0.075000,-0.004558
1.500459,-4.754489,2.299677,1.399145,-4.716603,2.508445,0.212178,0.075000,-0.018540
1.533670,-4.753972,2.302655,1.398929,-4.716603,2.508445,0.209155,0.075000,-0.018561
1.566668,-4.753454,2.305642,1.398722,-4.716603,2.508445,0.206124,0.075000,-0.018609
1.600400,-4.753191,2.307153,1.398722,-4.716603,2.508445,0.204590,0.075000,-0.018889
1.633844,-4.752675,2.310123,1.398560,-4.716603,2.508445,0.201576,0.075000,-0.019053
1.666790,-4.752161,2.313074,1.398269,-4.713029,2.521612,0.212178,0.075000,-0.030561
1.700321,-4.751896,2.314597,1.398081,-4.713029,2.521612,0.210632,0.075000,-0.030564
1.733775,-4.751362,2.317652,1.397567,-4.713029,2.521612,0.207531,0.075000,-0.030239
1.766672,-4.750854,2.320553,1.396656,-4.713029,2.521612,0.204587,0.075000,-0.028886
1.800418,-4.750553,2.322266,1.396149,-4.713029,2.521612,0.202847,0.075000,-0.028133
1.833626,-4.750064,2.325034,1.395279,-4.713029,2.521612,0.200036,0.075000,-0.026748
1.866917,-4.749524,2.328073,1.394191,-4.709409,2.534675,0.210461,0.075000,-0.036054
1.900283,-4.749264,2.329529,1.393840,-4.709409,2.534675,0.208982,0.075000,-0.035726
1.933675,-4.748741,2.332454,1.393272,-4.709409,2.534675,0.206011,0.075000,-0.035382
1.971668,-4.748474,2.333942,1.392567,-4.709409,2.534675,0.204499,0.075000,-0.034181
2.000481,-4.747898,2.337131,1.391028,-4.709409,2.534675,0.201259,0.075000,-0.031456
2.033541,-4.747428,2.339714,1.389978,-4.705742,2.547631,0.212054,0.075000,-0.040203
2.066908,-4.746898,2.342615,1.389498,-4.705742,2.547631,0.209107,0.075000,-0.040195
2.100205,-4.746516,2.344695,1.388756,-4.705742,2.547631,0.206992,0.075000,-0.039228
2.133607,-4.746340,2.345655,1.388245,-4.705742,2.547631,0.206016,0.075000,-0.038360
2.166987,-4.746340,2.345655,1.388245,-4.705742,2.547631,0.206016,0.075000,-0.038360
2.212509,-4.746060,2.347172,1.387300,-4.705742,2.547631,0.204473,0.075000,-0.036630
2.233816,-4.744965,2.353046,1.385305,-4.702028,2.560475,0.211826,0.075000,-0.043956
2.266683,-4.744135,2.357458,1.383429,-4.702028,2.560475,0.207338,0.075000,-0.041328
2.300332,-4.743862,2.358894,1.383051,-4.702028,2.560475,0.205876,0.075000,-0.040998
2.333651,-4.743289,2.361909,1.381997,-4.702028,2.560475,0.202807,0.075000,-0.039639
2.366593,-4.742717,2.364895,1.380409,-4.698264,2.573204,0.212999,0.075000,-0.046619
2.400332,-4.742430,2.366383,1.379870,-4.698264,2.573204,0.211484,0.075000,-0.046015
2.433628,-4.741853,2.369363,1.378438,-4.698264,2.573204,0.208449,0.075000,-0.043916
2.466652,-4.741265,2.372380,1.376767,-4.698264,2.573204,0.205376,0.075000,-0.041161
2.500294,-4.740978,2.373836,1.375744,-4.698264,2.573204,0.203892,0.075000,-0.039255
2.533678,-4.740409,2.376708,1.373849,-4.698264,2.573204,0.200965,0.075000,-0.035672
2.566630,-4.739833,2.379593,1.372307,-4.694448,2.585813,0.211154,0.075000,-0.042943
2.600376,-4.739533,2.381082,1.371634,-4.694448,2.585813,0.209636,0.075000,-0.041960
2.633658,-4.738948,2.383975,1.369634,-4.694448,2.585813,0.206685,0.075000,-0.038314
2.667042,-4.738357,2.386870,1.368174,-4.694448,2.585813,0.203731,0.075000,-0.035838
2.700357,-4.738054,2.388343,1.367500,-4.694448,2.585813,0.202226,0.075000,-0.034707
2.733597,-4.737442,2.391307,1.366202,-4.690580,2.598298,0.212229,0.075000,-0.042516
2.766608,-4.736833,2.394237,1.364957,-4.690580,2.598298,0.209237,0.075000,-0.040753
2.800273,-4.736535,2.395666,1.364553,-4.690580,2.598298,0.207778,0.075000,-0.040356
2.833467,-4.735911,2.398640,1.362932,-4.690580,2.598298,0.204739,0.075000,-0.037591
2.866907,-4.735286,2.401598,1.361606,-4.690580,2.598298,0.201716,0.075000,-0.035426
2.900281,-4.734975,2.403062,1.360795,-4.690580,2.598298,0.200219,0.075000,-0.033934
2.933668,-4.734354,2.405971,1.359228,-4.686659,2.610656,0.210168,0.075000,-0.041314
2.966576,-4.733706,2.408983,1.357254,-4.686659,2.610656,0.207088,0.075000,-0.037767
3.000367,-4.733203,2.411303,1.356065,-4.686659,2.610656,0.204714,0.075000,-0.035746
3.033741,-4.732760,2.413329,1.354709,-4.686659,2.610656,0.202642,0.075000,-0.033127
3.067031,-4.732171,2.416011,1.353407,-4.682682,2.622884,0.212710,0.075000,-0.040953
3.100205,-4.731746,2.417934,1.352441,-4.682682,2.622884,0.210741,0.075000,-0.039431
3.133572,-4.731746,2.417934,1.352441,-4.682682,2.622884,0.210741,0.075000,-0.039431
3.166755,-4.731746,2.417934,1.352441,-4.682682,2.622884,0.210741,0.075000,-0.039431
3.206811,-4.731550,2.418818,1.351795,-4.682682,2.622884,0.209835,0.075000,-0.038233
3.233708,-4.729571,2.427642,1.347704,-4.682682,2.622884,0.200794,0.075000,-0.031387
3.266688,-4.728916,2.430526,1.346481,-4.678648,2.634976,0.210539,0.075000,-0.039826
3.300238,-4.728584,2.431981,1.346022,-4.678648,2.634976,0.209047,0.075000,-0.039299
3.333664,-4.727920,2.434879,1.344887,-4.678648,2.634976,0.206075,0.075000,-0.037677
3.366603,-4.727256,2.437765,1.343804,-4.678648,2.634976,0.203113,0.075000,-0.036110
3.400360,-4.726920,2.439223,1.343130,-4.678648,2.634976,0.201617,0.075000,-0.034977
3.433652,-4.726230,2.442196,1.341563,-4.674557,2.646930,0.211154,0.075000,-0.042606
3.466621,-4.725566,2.445035,1.340147,-4.674557,2.646930,0.208240,0.075000,-0.040397
3.500388,-4.725238,2.446435,1.339500,-4.674557,2.646930,0.206802,0.075000,-0.039395
3.533758,-4.724553,2.449336,1.337903,-4.674557,2.646930,0.203821,0.075000,-0.036628
3.566607,-4.723858,2.452264,1.336511,-4.674557,2.646930,0.200812,0.075000,-0.034256
3.600380,-4.723520,2.453681,1.335757,-4.670407,2.658743,0.211828,0.075000,-0.043429
3.633643,-4.722830,2.456556,1.334486,-4.670407,2.658743,0.208873,0.075000,-0.041612
3.666599,-4.722111,2.459538,1.332826,-4.670407,2.658743,0.205806,0.075000,-0.038816
3.700332,-4.721764,2.460969,1.332043,-4.670407,2.658743,0.204333,0.075000,-0.037460
3.733586,-4.721061,2.463852,1.330150,-4.670407,2.658743,0.201366,0.075000,-0.033859
3.766780,-4.720556,2.465910,1.329035,-4.666197,2.670410,0.211602,0.075000,-0.042633
3.800242,-4.719967,2.468293,1.327776,-4.666197,2.670410,0.209147,0.075000,-0.040622
3.833420,-4.719260,2.471141,1.326073,-4.666197,2.670410,0.206213,0.075000,-0.037644
3.866612,-4.718556,2.473959,1.324550,-4.666197,2.670410,0.203309,0.075000,-0.034970
3.900376,-4.718061,2.475925,1.323698,-4.666197,2.670410,0.201282,0.075000,-0.033563
3.933755,-4.717463,2.478294,1.322842,-4.661926,2.681928,0.211072,0.075000,-0.043346
3.967004,-4.717080,2.479809,1.322219,-4.661926,2.681928,0.209510,0.075000,-0.042508
4.002787,-4.716705,2.481286,1.321542,-4.661926,2.681928,0.207985,0.075000,-0.041507
4.033673,-4.715584,2.485676,1.319059,-4.661926,2.681928,0.203456,0.075000,-0.037234
4.067004,-4.715068,2.487683,1.317908,-4.661926,2.681928,0.201384,0.075000,-0.035147
4.100332,-4.714464,2.490015,1.316764,-4.657594,2.693295,0.211085,0.075000,-0.044434
4.133456,-4.714098,2.491426,1.316006,-4.657594,2.693295,0.209628,0.075000,-0.043246
4.166787,-4.714098,2.491426,1.316006,-4.657594,2.693295,0.209628,0.075000,-0.043246
4.200326,-4.714098,2.491426,1.316006,-4.657594,2.693295,0.209628,0.075000,-0.043246
4.233693,-4.714098,2.491426,1.316006,-4.657594,2.693295,0.209628,0.075000,-0.043246
4.266678,-4.711053,2.503004,1.310007,-4.653198,2.704506,0.209642,0.075000,-0.044851
4.300440,-4.710669,2.504441,1.309061,-4.653198,2.704506,0.208156,0.075000,-0.043222
4.333485,-4.709870,2.507419,1.307060,-4.653198,2.704506,0.205072,0.075000,-0.039634
4.366712,-4.709065,2.510394,1.305077,-4.653198,2.704506,0.201991,0.075000,-0.035930
4.400274,-4.708680,2.511807,1.303837,-4.653198,2.704506,0.200526,0.075000,-0.033366
4.433643,-4.707907,2.514631,1.302296,-4.648739,2.715558,0.209457,0.075000,-0.042683
4.466618,-4.707128,2.517460,1.300639,-4.648739,2.715558,0.206524,0.075000,-0.039880
4.500397,-4.706734,2.518882,1.299828,-4.648739,2.715558,0.205048,0.075000,-0.038479
4.533664,-4.705951,2.521698,1.298611,-4.648739,2.715558,0.202126,0.075000,-0.036576
4.566616,-4.705154,2.524551,1.297263,-4.644216,2.726449,0.210894,0.075000,-0.046460
4.600376,-4.704655,2.526327,1.296125,-4.644216,2.726449,0.209050,0.075000,-0.044562
4.633784,-4.703889,2.529042,1.294462,-4.644216,2.726449,0.206228,0.075000,-0.041743
4.667180,-4.703076,2.531904,1.292750,-4.644216,2.726449,0.203254,0.075000,-0.038751
4.700441,-4.702660,2.533361,1.291967,-4.644216,2.726449,0.201739,0.075000,-0.037394
4.733512,-4.701825,2.536273,1.290205,-4.639627,2.737174,0.210309,0.075000,-0.046701
4.766639,-4.701007,2.539108,1.288603,-4.639627,2.737174,0.207359,0.075000,-0.044165
4.800234,-4.700579,2.540585,1.287794,-4.639627,2.737174,0.205822,0.075000,-0.042862
4.833443,-4.699725,2.543515,1.285632,-4.639627,2.737174,0.202771,0.075000,-0.038814
4.866670,-4.698889,2.546364,1.284130,-4.634973,2.747733,0.211269,0.075000,-0.048951
4.900437,-4.698466,2.547801,1.283240,-4.634973,2.747733,0.209772,0.075000,-0.047532
4.933730,-4.697590,2.550755,1.280929,-4.634973,2.747733,0.206691,0.075000,-0.043351
4.972407,-4.697030,2.552631,1.279492,-4.634973,2.747733,0.204733,0.075000,-0.040675
5.000384,-4.696308,2.555037,1.277856,-4.634973,2.747733,0.202222,0.075000,-0.037635
5.033796,-4.695508,2.557686,1.276008,-4.630252,2.758120,0.210789,0.075000,-0.047347
5.066845,-4.694634,2.560560,1.274295,-4.630252,2.758120,0.207786,0.075000,-0.044592
5.100266,-4.694204,2.561968,1.273619,-4.630252,2.758120,0.206314,0.075000,-0.043594
5.133303,-4.693335,2.564803,1.272240,-4.630252,2.758120,0.203350,0.075000,-0.041468
5.166814,-4.692803,2.566530,1.271133,-4.630252,2.758120,0.201543,0.075000,-0.039469
5.200439,-4.692803,2.566530,1.271133,-4.630252,2.758120,0.201543,0.075000,-0.039469
5.233459,-4.692803,2.566530,1.271133,-4.630252,2.758120,0.201543,0.075000,-0.039469
5.266516,-4.690188,2.574945,1.267332,-4.625464,2.768334,0.203932,0.075000,-0.047806
5.300383,-4.689633,2.576718,1.266259,-4.625464,2.768334,0.202076,0.075000,-0.046036
5.333709,-4.688791,2.579391,1.264419,-4.620610,2.778372,0.210338,0.075000,-0.056428
5.366631,-4.687883,2.582257,1.262454,-4.620610,2.778372,0.207333,0.075000,-0.053323
5.400416,-4.687423,2.583703,1.261537,-4.620610,2.778372,0.205816,0.075000,-0.051883
5.433806,-4.686392,2.586924,1.259651,-4.620610,2.778372,0.202435,0.075000,-0.048957
5.466635,-4.685574,2.589467,1.258003,-4.615687,2.788231,0.210693,0.075000,-0.060058
5.500370,-4.685037,2.591125,1.256577,-4.615687,2.788231,0.208951,0.075000,-0.057653
5.533699,-4.684114,2.593960,1.254081,-4.615687,2.788231,0.205970,0.075000,-0.053259
5.566603,-4.683285,2.596487,1.251986,-4.615687,2.788231,0.203311,0.075000,-0.049492
5.600386,-4.682820,2.597896,1.250988,-4.615687,2.788231,0.201828,0.075000,-0.047751
5.633577,-4.681698,2.601276,1.248112,-4.610696,2.797909,0.209059,0.075000,-0.056995
5.667061,-4.680933,2.603559,1.246232,-4.610696,2.797909,0.206652,0.075000,-0.053769
5.700382,-4.680372,2.605229,1.245219,-4.610696,2.797909,0.204891,0.075000,-0.052227
5.733581,-4.679338,2.608287,1.243117,-4.610696,2.797909,0.201664,0.075000,-0.048683
5.766659,-4.678566,2.610554,1.241395,-4.605638,2.807403,0.209924,0.075000,-0.060489
5.800357,-4.678010,2.612180,1.240572,-4.605638,2.807403,0.208206,0.075000,-0.059518
5.833828,-4.677075,2.614904,1.239059,-4.605638,2.807403,0.205327,0.075000,-0.057505
5.866615,-4.676049,2.617880,1.236504,-4.605638,2.807403,0.202180,0.075000,-0.052972
5.900381,-4.675532,2.619366,1.234988,-4.605638,2.807403,0.200607,0.075000,-0.050026
5.933691,-4.675034,2.620793,1.233745,-4.600511,2.816711,0.209613,0.075000,-0.063039
5.966609,-4.673519,2.625100,1.229803,-4.600511,2.816711,0.205049,0.075000,-0.056203
6.000399,-4.672990,2.626592,1.228375,-4.600511,2.816711,0.203466,0.075000,-0.053572
6.033828,-4.671968,2.629453,1.226159,-4.600511,2.816711,0.200428,0.075000,-0.049662
6.066641,-4.670920,2.632368,1.223695,-4.595315,2.825830,0.207710,0.075000,-0.061260
6.100110,-4.670920,2.632368,1.223695,-4.595315,2.825830,0.207710,0.075000,-0.061260
6.133792,-4.669882,2.635233,1.221222,-4.595315,2.825830,0.204664,0.075000,-0.057038
6.166988,-4.669383,2.636603,1.220197,-4.595315,2.825830,0.203206,0.075000,-0.055338
6.200369,-4.669383,2.636603,1.220197,-4.595315,2.825830,0.203206,0.075000,-0.055338
6.233244,-4.668373,2.639360,1.217865,-4.595315,2.825830,0.200271,0.075000,-0.051133
6.267074,-4.665825,2.646220,1.211970,-4.590051,2.834758,0.203195,0.075000,-0.057376
6.300199,-4.665309,2.647594,1.211051,-4.590051,2.834758,0.201728,0.075000,-0.055938
6.333726,-4.664278,2.650331,1.208942,-4.584718,2.843493,0.208905,0.075000,-0.069051
6.366647,-4.663282,2.652959,1.207273,-4.584718,2.843493,0.206096,0.075000,-0.066885
6.400421,-4.662777,2.654287,1.206299,-4.584718,2.843493,0.204676,0.075000,-0.065436
6.433325,-4.661700,2.657109,1.204330,-4.584718,2.843493,0.201657,0.075000,-0.062517
6.466635,-4.660595,2.659983,1.202438,-4.579317,2.852034,0.208541,0.075000,-0.076698
6.500427,-4.660054,2.661386,1.201388,-4.579317,2.852034,0.207038,0.075000,-0.075279
6.533704,-4.658920,2.664309,1.198845,-4.579317,2.852034,0.203904,0.075000,-0.071358
6.566809,-4.657772,2.667245,1.195776,-4.579317,2.852034,0.200754,0.075000,-0.065949
6.600381,-4.657222,2.668644,1.194294,-4.573849,2.860377,0.209076,0.075000,-0.080513
6.633838,-4.656142,2.671368,1.190892,-4.573849,2.860377,0.206148,0.075000,-0.074542
6.666629,-4.655012,2.674192,1.187123,-4.573849,2.860377,0.203107,0.075000,-0.067491
6.700150,-4.654439,2.675613,1.185610,-4.573849,2.860377,0.201575,0.075000,-0.064770
6.733652,-4.653279,2.678469,1.182583,-4.568312,2.868522,0.208181,0.075000,-0.077324
6.767210,-4.652125,2.681285,1.179084,-4.568312,2.868522,0.205140,0.075000,-0.071084
6.800262,-4.651549,2.682678,1.177576,-4.568312,2.868522,0.203633,0.075000,-0.068437
6.833706,-4.650418,2.685400,1.175194,-4.568312,2.868522,0.200686,0.075000,-0.064508
6.866604,-4.649291,2.688094,1.172551,-4.562708,2.876466,0.207318,0.075000,-0.078601
6.900626,-4.648724,2.689440,1.171147,-4.562708,2.876466,0.205858,0.075000,-0.076310
6.933745,-4.647629,2.692030,1.169174,-4.562708,2.876466,0.203047,0.075000,-0.073567
6.966830,-4.647067,2.693353,1.168228,-4.562708,2.876466,0.201611,0.075000,-0.072273
7.000416,-4.645807,2.696307,1.165112,-4.557036,2.884208,0.207815,0.075000,-0.085799
7.033760,-4.644748,2.698767,1.162186,-4.557036,2.884208,0.205138,0.075000,-0.080906
7.066627,-4.643597,2.701419,1.158429,-4.557036,2.884208,0.202249,0.075000,-0.073917
7.100321,-4.642882,2.703053,1.156408,-4.557036,2.884208,0.200466,0.075000,-0.070198
7.133766,-4.642359,2.704242,1.155008,-4.551298,2.891746,0.208446,0.075000,-0.087085
7.166764,-4.642359,2.704242,1.155008,-4.551298,2.891746,0.208446,0.075000,-0.087085
7.207695,-4.641484,2.706225,1.153126,-4.551298,2.891746,0.206280,0.075000,-0.084364
7.233702,-4.638520,2.712854,1.145967,-4.545495,2.899079,0.208167,0.075000,-0.092317
7.266667,-4.637260,2.715633,1.143098,-4.545495,2.899079,0.205117,0.075000,-0.088071
7.300297,-4.636630,2.717015,1.141369,-4.545495,2.899079,0.203599,0.075000,-0.085145
7.333688,-4.635328,2.719852,1.137450,-4.545495,2.899079,0.200480,0.075000,-0.078008
7.366625,-4.634036,2.722641,1.134331,-4.539626,2.906205,0.206419,0.075000,-0.093403
7.400649,-4.633417,2.723966,1.132955,-4.539626,2.906205,0.204958,0.075000,-0.091385
7.433431,-4.632165,2.726635,1.129523,-4.539626,2.906205,0.202012,0.075000,-0.085550
7.466619,-4.630956,2.729189,1.125762,-4.533692,2.913122,0.208067,0.075000,-0.099431
7.500343,-4.630385,2.730388,1.123736,-4.533692,2.913122,0.206740,0.075000,-0.095815
7.533550,-4.629125,2.733008,1.119759,-4.533692,2.913122,0.203835,0.075000,-0.088780
7.566639,-4.627797,2.735745,1.116616,-4.533692,2.913122,0.200795,0.075000,-0.083639
7.600336,-4.627124,2.737122,1.114972,-4.527695,2.919831,0.208012,0.075000,-0.102255
7.633762,-4.625768,2.739884,1.111433,-4.527695,2.919831,0.204938,0.075000,-0.096690
7.666783,-4.624445,2.742553,1.107671,-4.527695,2.919831,0.201960,0.075000,-0.090225
7.700342,-4.623789,2.743867,1.105834,-4.527695,2.919831,0.200494,0.075000,-0.086973
7.733674,-4.622448,2.746534,1.102022,-4.521634,2.926330,0.206131,0.075000,-0.102467
7.766620,-4.621109,2.749171,1.097529,-4.521634,2.926330,0.203176,0.075000,-0.094385
7.800323,-4.620428,2.750501,1.095910,-4.521634,2.926330,0.201683,0.075000,-0.091779
7.833635,-4.619046,2.753184,1.092396,-4.515512,2.932616,0.207160,0.075000,-0.108434
7.866660,-4.617576,2.756013,1.088330,-4.515512,2.932616,0.203976,0.075000,-0.101856
7.900414,-4.616836,2.757426,1.086333,-4.515512,2.932616,0.202381,0.075000,-0.098538
7.933767,-4.615353,2.760236,1.082222,-4.509329,2.938691,0.207575,0.075000,-0.114402
7.966901,-4.615353,2.760236,1.082222,-4.509329,2.938691,0.207575,0.075000,-0.114402
8.000266,-4.613112,2.764430,1.075470,-4.509329,2.938691,0.202824,0.075000,-0.103072
8.033300,-4.611880,2.766706,1.071793,-4.509329,2.938691,0.200239,0.075000,-0.096547
8.066739,-4.610960,2.768393,1.068463,-4.503086,2.944553,0.206564,0.075000,-0.114040
8.100368,-4.609512,2.771024,1.063992,-4.503086,2.944553,0.203565,0.075000,-0.106420
8.133594,-4.609053,2.771849,1.062780,-4.503086,2.944553,0.202621,0.075000,-0.104423
8.166998,-4.609053,2.771849,1.062780,-4.503086,2.944553,0.202621,0.075000,-0.104423
8.200717,-4.609053,2.771849,1.062780,-4.503086,2.944553,0.202621,0.075000,-0.104423
8.235480,-4.608089,2.773581,1.060411,-4.503086,2.944553,0.200642,0.075000,-0.100597
8.266486,-4.603037,2.782481,1.046060,-4.490425,2.955633,0.206550,0.075000,-0.125564
8.300210,-4.601974,2.784318,1.042961,-4.490425,2.955633,0.204430,0.075000,-0.120612
8.333678,-4.600733,2.786442,1.039682,-4.490425,2.955633,0.201974,0.075000,-0.115432
8.366594,-4.599224,2.789005,1.035159,-4.484010,2.960851,0.206894,0.075000,-0.132798
8.400249,-4.598174,2.790775,1.031463,-4.484010,2.960851,0.204839,0.075000,-0.126466
8.433734,-4.596925,2.792855,1.027122,-4.484010,2.960851,0.202416,0.075000,-0.118772
8.466591,-4.595422,2.795337,1.022141,-4.477541,2.965853,0.207296,0.075000,-0.135532
8.500522,-4.594373,2.797052,1.018220,-4.477541,2.965853,0.205289,0.075000,-0.128659
8.533703,-4.593071,2.799160,1.013972,-4.477541,2.965853,0.202814,0.075000,-0.121329
8.566664,-4.591560,2.801581,1.009087,-4.471018,2.970640,0.207633,0.075000,-0.138870
8.600389,-4.590792,2.802801,1.006684,-4.471018,2.970640,0.206193,0.075000,-0.134999
8.633477,-4.589157,2.805379,1.001928,-4.471018,2.970640,0.203145,0.075000,-0.127346
8.667228,-4.587525,2.807925,0.997132,-4.471018,2.970640,0.200125,0.075000,-0.119214
8.700355,-4.586692,2.809215,0.994547,-4.464444,2.975210,0.206153,0.075000,-0.141868
8.733793,-4.585051,2.811732,0.989137,-4.464444,2.975210,0.203153,0.075000,-0.132745
8.766647,-4.583322,2.814354,0.983987,-4.464444,2.975210,0.200016,0.075000,-0.124039
8.800292,-4.582564,2.815495,0.981532,-4.457820,2.979564,0.206106,0.075000,-0.147424
8.833599,-4.580384,2.818745,0.975484,-4.457820,2.979564,0.202200,0.075000,-0.138174
8.866621,-4.579160,2.820549,0.972402,-4.457820,2.979564,0.200023,0.075000,-0.133485
8.900365,-4.578299,2.821813,0.969728,-4.451147,2.983701,0.205853,0.075000,-0.157100
8.933788,-4.576615,2.824261,0.964075,-4.451147,2.983701,0.202887,0.075000,-0.147773
8.966570,-4.574865,2.826776,0.958626,-4.444428,2.987622,0.207087,0.075000,-0.166966
9.000674,-4.573974,2.828046,0.955421,-4.444428,2.987622,0.205539,0.075000,-0.161710
9.033604,-4.572216,2.830523,0.948720,-4.444428,2.987622,0.202508,0.075000,-0.150015
9.066615,-4.570519,2.832883,0.942327,-4.437665,2.991326,0.206771,0.075000,-0.167463
9.100275,-4.570519,2.832883,0.942327,-4.437665,2.991326,0.206771,0.075000,-0.167463
9.133535,-4.567920,2.836436,0.933236,-4.437665,2.991326,0.202379,0.075000,-0.152231
9.167079,-4.567029,2.837638,0.930665,-4.437665,2.991326,0.200886,0.075000,-0.148116
9.200349,-4.565814,2.839270,0.926762,-4.430858,2.994815,0.205930,0.075000,-0.171292
9.233604,-4.563454,2.842394,0.918157,-4.430858,2.994815,0.202024,0.075000,-0.156598
9.267016,-4.563454,2.842394,0.918157,-4.430858,2.994815,0.202024,0.075000,-0.156598
9.300441,-4.563454,2.842394,0.918157,-4.430858,2.994815,0.202024,0.075000,-0.156598
9.333250,-4.558373,2.848944,0.900471,-4.424011,2.998087,0.200740,0.075000,-0.156771
9.366645,-4.557022,2.850644,0.896565,-4.417125,3.001145,0.205479,0.075000,-0.181530
9.400488,-4.556060,2.851849,0.893860,-4.417125,3.001145,0.203942,0.075000,-0.177665
9.433714,-4.554167,2.854197,0.887590,-4.417125,3.001145,0.200932,0.075000,-0.167404
9.466650,-4.552270,2.856521,0.881123,-4.410203,3.003987,0.204767,0.075000,-0.188033
9.500237,-4.551284,2.857717,0.877315,-4.410203,3.003987,0.203221,0.075000,-0.181561
9.533469,-4.549271,2.860128,0.868950,-4.410203,3.003987,0.200088,0.075000,-0.166358
9.566887,-4.547345,2.862398,0.861355,-4.403246,3.006614,0.203870,0.075000,-0.185121
9.600251,-4.546385,2.863517,0.857649,-4.403246,3.006614,0.202400,0.075000,-0.178688
9.633600,-4.544017,2.866243,0.848983,-4.396256,3.009028,0.205477,0.075000,-0.196170
9.666601,-4.542556,2.867898,0.843834,-4.396256,3.009028,0.203276,0.075000,-0.187783
9.700287,-4.541567,2.869009,0.840490,-4.396256,3.009028,0.201793,0.075000,-0.182290
9.733660,-4.539593,2.871205,0.833298,-4.389237,3.011229,0.205459,0.075000,-0.202889
9.766613,-4.537553,2.873445,0.826649,-4.389237,3.011229,0.202440,0.075000,-0.192563
9.800420,-4.536482,2.874608,0.822494,-4.389237,3.011229,0.200864,0.075000,-0.185285
9.833744,-4.534257,2.876994,0.814713,-4.382191,3.013218,0.204160,0.075000,-0.206010
9.866667,-4.532330,2.879032,0.807786,-4.382191,3.013218,0.201365,0.075000,-0.194572
9.900359,-4.531292,2.880118,0.803520,-4.375119,3.014995,0.206353,0.075000,-0.220581
9.933757,-4.530262,2.881186,0.799590,-4.375119,3.014995,0.204876,0.075000,-0.214221
9.975757,-4.527607,2.883904,0.789029,-4.375119,3.014995,0.201091,0.075000,-0.196079
10.000293,-4.525680,2.885840,0.780893,-4.368024,3.016562,0.204801,0.075000,-0.216072
10.033340,-4.523470,2.888021,0.772466,-4.368024,3.016562,0.201708,0.075000,-0.201860
10.066767,-4.522354,2.889108,0.768476,-4.368024,3.016562,0.200155,0.075000,-0.195072
10.100419,-4.520522,2.890873,0.761047,-4.360910,3.017920,0.204003,0.075000,-0.217279
10.133604,-4.519445,2.891899,0.756979,-4.360910,3.017920,0.202520,0.075000,-0.210467
10.166801,-4.518013,2.893252,0.751461,-4.360910,3.017920,0.200558,0.075000,-0.200897
10.217945,-4.516704,2.894474,0.746590,-4.353778,3.019069,0.205107,0.075000,-0.228150
10.233795,-4.513012,2.897858,0.732990,-4.353778,3.019069,0.200119,0.075000,-0.205523
10.267095,-4.510712,2.899921,0.724883,-4.346631,3.020012,0.203333,0.075000,-0.228517
10.300119,-4.509583,2.900921,0.721019,-4.346631,3.020012,0.201831,0.075000,-0.222397
10.333667,-4.507339,2.902885,0.713126,-4.339472,3.020749,0.205113,0.075000,-0.245722
10.366601,-4.505022,2.904881,0.703829,-4.339472,3.020749,0.202070,0.075000,-0.230210
10.400113,-4.503899,2.905835,0.699637,-4.339472,3.020749,0.200603,0.075000,-0.223184
10.433576,-4.501570,2.907785,0.689964,-4.332304,3.021283,0.203796,0.075000,-0.243214
10.466773,-4.499222,2.909715,0.680340,-4.332304,3.021283,0.200771,0.075000,-0.226665
10.500340,-4.498084,2.910636,0.675614,-4.325129,3.021613,0.205497,0.075000,-0.255318
10.533670,-4.495673,2.912558,0.665229,-4.325129,3.021613,0.202430,0.075000,-0.237499
10.566776,-4.493289,2.914420,0.655286,-4.317951,3.021743,0.205576,0.075000,-0.257387
10.600400,-4.492135,2.915307,0.650457,-4.317951,3.021743,0.204129,0.075000,-0.249284
10.633464,-4.489818,2.917061,0.640318,-4.317951,3.021743,0.201237,0.075000,-0.231338
10.666606,-4.487479,2.918796,0.631203,-4.310772,3.021673,0.204473,0.075000,-0.253807
10.700337,-4.486262,2.919685,0.626693,-4.310772,3.021673,0.202974,0.075000,-0.246518
10.733360,-4.483738,2.921505,0.617607,-4.303595,3.021406,0.205989,0.075000,-0.269513
10.766604,-4.481255,2.923260,0.607804,-4.303595,3.021406,0.202967,0.075000,-0.253513
10.800119,-4.480052,2.924097,0.602517,-4.303595,3.021406,0.201509,0.075000,-0.244144
10.833454,-4.477552,2.925807,0.592164,-4.296424,3.020943,0.204593,0.075000,-0.264708
10.866611,-4.475063,2.927472,0.582435,-4.296424,3.020943,0.201615,0.075000,-0.248503
10.900338,-4.473797,2.928307,0.577432,-4.296424,3.020943,0.200106,0.075000,-0.239823
10.933733,-4.471286,2.929934,0.567728,-4.289261,3.020286,0.203216,0.075000,-0.262735
10.966774,-4.469999,2.930754,0.562432,-4.289261,3.020286,0.201699,0.075000,-0.253647
11.000107,-4.466690,2.932825,0.548930,-4.282109,3.019437,0.203892,0.075000,-0.269686
11.033485,-4.464835,2.933955,0.541325,-4.282109,3.019437,0.201732,0.075000,-0.256709
11.066591,-4.462230,2.935513,0.531351,-4.274972,3.018397,0.204782,0.075000,-0.279315
11.100271,-4.460955,2.936262,0.526405,-4.274972,3.018397,0.203312,0.075000,-0.271284
11.133732,-4.459706,2.936988,0.521634,-4.274972,3.018397,0.201877,0.075000,-0.263408
11.166775,-4.459706,2.936988,0.521634,-4.274972,3.018397,0.201877,0.075000,-0.263408
11.200298,-4.459706,2.936988,0.521634,-4.274972,3.018397,0.201877,0.075000,-0.263408
11.233276,-4.453323,2.940570,0.495831,-4.267852,3.017170,0.200666,0.075000,-0.259078
11.266675,-4.449431,2.942648,0.479431,-4.260754,3.015757,0.202346,0.075000,-0.270677
11.300433,-4.448097,2.943342,0.474043,-4.260754,3.015757,0.200851,0.075000,-0.261387
11.333871,-4.445396,2.944718,0.463610,-4.253680,3.014161,0.203905,0.075000,-0.284036
11.366787,-4.443554,2.945639,0.456324,-4.253680,3.014161,0.201860,0.075000,-0.271888
11.400326,-4.441309,2.946735,0.447441,-4.246633,3.012383,0.205447,0.075000,-0.296660
11.433789,-4.438597,2.948028,0.436553,-4.246633,3.012383,0.202464,0.075000,-0.278668
11.467020,-4.435888,2.949282,0.424743,-4.239617,3.010426,0.205575,0.075000,-0.297785
11.500462,-4.434270,2.950014,0.417370,-4.239617,3.010426,0.203812,0.075000,-0.285001
11.533717,-4.431743,2.951127,0.407134,-4.239617,3.010426,0.201069,0.075000,-0.267452
11.566682,-4.428955,2.952321,0.396040,-4.232636,3.008293,0.204143,0.075000,-0.289078
11.600447,-4.427609,2.952884,0.390930,-4.232636,3.008293,0.202694,0.075000,-0.280704
11.633609,-4.424868,2.954005,0.380379,-4.225692,3.005986,0.205848,0.075000,-0.303066
11.666701,-4.422091,2.955107,0.368961,-4.225692,3.005986,0.202883,0.075000,-0.283965
11.700410,-4.420756,2.955624,0.363452,-4.225692,3.005986,0.201461,0.075000,-0.274403
11.733449,-4.417999,2.956663,0.351338,-4.218788,3.003506,0.204644,0.075000,-0.293429
11.766596,-4.415194,2.957683,0.339692,-4.218788,3.003506,0.201680,0.075000,-0.273346
11.800359,-4.413769,2.958186,0.333886,-4.218788,3.003506,0.200179,0.075000,-0.263044
11.833521,-4.410849,2.959190,0.322955,-4.211930,3.000858,0.203237,0.075000,-0.285887
11.866587,-4.407991,2.960139,0.312205,-4.211930,3.000858,0.200245,0.075000,-0.267733
11.900310,-4.406512,2.960617,0.306373,-4.205119,2.998044,0.204842,0.075000,-0.298574
11.933497,-4.403622,2.961522,0.294826,-4.205119,2.998044,0.201835,0.075000,-0.279023
11.967032,-4.403622,2.961522,0.294826,-4.205119,2.998044,0.201835,0.075000,-0.279023
12.000432,-4.399195,2.962838,0.276472,-4.198359,2.995066,0.203406,0.075000,-0.287833
12.033655,-4.396383,2.963628,0.265669,-4.198359,2.995066,0.200504,0.075000,-0.269358
12.066881,-4.394084,2.964253,0.256896,-4.191654,2.991926,0.204313,0.075000,-0.295474
12.100293,-4.392003,2.964796,0.249372,-4.191654,2.991926,0.202177,0.075000,-0.283230
12.133454,-4.390583,2.965158,0.244278,-4.191654,2.991926,0.200722,0.075000,-0.274745
12.166892,-4.390583,2.965158,0.244278,-4.191654,2.991926,0.200722,0.075000,-0.274745
12.200331,-4.390583,2.965158,0.244278,-4.191654,2.991926,0.200722,0.075000,-0.274745
12.233734,-4.381915,2.967190,0.210235,-4.178423,2.985176,0.204286,0.075000,-0.298053
12.266877,-4.379913,2.967617,0.202752,-4.178423,2.985176,0.202253,0.075000,-0.285705
12.300366,-4.377507,2.968107,0.194065,-4.171903,2.981570,0.206044,0.075000,-0.311391
12.333544,-4.374517,2.968686,0.183035,-4.171903,2.981570,0.203022,0.075000,-0.293675
12.366882,-4.371698,2.969201,0.172055,-4.171903,2.981570,0.200178,0.075000,-0.274755
12.400432,-4.370179,2.969465,0.165724,-4.165453,2.977815,0.204896,0.075000,-0.304139
12.433666,-4.367072,2.969974,0.152189,-4.165453,2.977815,0.201771,0.075000,-0.280203
12.466778,-4.364038,2.970430,0.139394,-4.159075,2.973913,0.204993,0.075000,-0.297806
12.500271,-4.362009,2.970715,0.130853,-4.159075,2.973913,0.202959,0.075000,-0.282914
12.533609,-4.359707,2.971012,0.121163,-4.159075,2.973913,0.200654,0.075000,-0.265389
12.566670,-4.356754,2.971364,0.109836,-4.152772,2.969868,0.203987,0.075000,-0.286549
12.600302,-4.354747,2.971586,0.102772,-4.152772,2.969868,0.201982,0.075000,-0.274895
12.633643,-4.352335,2.971830,0.094436,-4.146550,2.965681,0.205877,0.075000,-0.301113
12.666663,-4.349180,2.972122,0.084157,-4.146550,2.965681,0.202732,0.075000,-0.285277
12.700415,-4.347706,2.972246,0.079105,-4.146550,2.965681,0.201263,0.075000,-0.276988
12.733706,-4.344796,2.972469,0.067638,-4.140410,2.961358,0.204688,0.075000,-0.297149
12.766691,-4.342001,2.972651,0.056537,-4.140410,2.961358,0.201908,0.075000,-0.278006
12.800144,-4.340529,2.972734,0.050949,-4.140410,2.961358,0.200443,0.075000,-0.268229
12.833473,-4.337491,2.972880,0.038733,-4.134357,2.956899,0.203762,0.075000,-0.287038
12.866627,-4.334466,2.972989,0.027219,-4.134357,2.956899,0.200755,0.075000,-0.267111
12.900155,-4.332203,2.973051,0.018667,-4.128393,2.952309,0.204863,0.075000,-0.292393
12.933393,-4.329651,2.973093,0.008853,-4.128393,2.952309,0.202328,0.075000,-0.275603
12.966843,-4.328160,2.973106,0.003390,-4.128393,2.952309,0.200846,0.075000,-0.266168
13.003863,-4.326656,2.973111,-0.002121,-4.122524,2.947591,0.205721,0.075000,-0.296393
13.033644,-4.322272,2.973077,-0.018606,-4.122524,2.947591,0.201367,0.075000,-0.268387
13.066645,-4.319321,2.973014,-0.030598,-4.116752,2.942747,0.204818,0.075000,-0.286713
13.100306,-4.317838,2.972969,-0.036059,-4.116752,2.942747,0.203345,0.075000,-0.277544
13.133511,-4.314847,2.972853,-0.046925,-4.116752,2.942747,0.200370,0.075000,-0.258798
13.166615,-4.313260,2.972779,-0.052468,-4.111080,2.937782,0.205187,0.075000,-0.289128
13.200253,-4.313260,2.972779,-0.052468,-4.111080,2.937782,0.205187,0.075000,-0.289128
13.233765,-4.313260,2.972779,-0.052468,-4.111080,2.937782,0.205187,0.075000,-0.289128
13.266858,-4.313260,2.972779,-0.052468,-4.111080,2.937782,0.205187,0.075000,-0.289128
13.318874,-4.311708,2.972697,-0.057654,-4.111080,2.937782,0.203643,0.075000,-0.280880
13.333718,-4.299913,2.971800,-0.101592,-4.100053,2.927498,0.204711,0.075000,-0.284010
13.366618,-4.296863,2.971481,-0.113413,-4.100053,2.927498,0.201664,0.075000,-0.263436
13.400386,-4.295235,2.971295,-0.119564,-4.100053,2.927498,0.200035,0.075000,-0.252454
13.433734,-4.292168,2.970917,-0.131568,-4.094705,2.922186,0.203387,0.075000,-0.270810
13.466638,-4.289199,2.970517,-0.143117,-4.094705,2.922186,0.200409,0.075000,-0.250175
13.500333,-4.287701,2.970301,-0.148704,-4.089471,2.916766,0.205331,0.075000,-0.279587
13.533775,-4.285029,2.969894,-0.158387,-4.089471,2.916766,0.202647,0.075000,-0.263224
13.566654,-4.282316,2.969455,-0.167470,-4.084355,2.911239,0.206343,0.075000,-0.286582
13.600381,-4.280885,2.969213,-0.171822,-4.084355,2.911239,0.204902,0.075000,-0.280079
13.633618,-4.277843,2.968679,-0.180414,-4.084355,2.911239,0.201834,0.075000,-0.267435
13.666597,-4.274792,2.968115,-0.191548,-4.079361,2.905610,0.205183,0.075000,-0.286886
13.700266,-4.273354,2.967837,-0.197157,-4.079361,2.905610,0.203728,0.075000,-0.277326
13.733630,-4.270435,2.967245,-0.208402,-4.079361,2.905610,0.200769,0.075000,-0.257617
13.766598,-4.267527,2.966622,-0.219797,-4.074492,2.899883,0.204247,0.075000,-0.276222
13.800343,-4.266069,2.966296,-0.225122,-4.074492,2.899883,0.202763,0.075000,-0.267231
13.833595,-4.263057,2.965598,-0.236416,-4.069750,2.894059,0.206120,0.075000,-0.285658
13.866598,-4.260114,2.964881,-0.247210,-4.069750,2.894059,0.203112,0.075000,-0.267700
13.900304,-4.258688,2.964522,-0.252636,-4.069750,2.894059,0.201649,0.075000,-0.258217
13.933675,-4.255796,2.963766,-0.264317,-4.065141,2.888143,0.205106,0.075000,-0.275600
13.966855,-4.255796,2.963766,-0.264317,-4.065141,2.888143,0.205106,0.075000,-0.275600
14.000119,-4.251385,2.962549,-0.280774,-4.065141,2.888143,0.200558,0.075000,-0.247174
14.033699,-4.248529,2.961718,-0.291179,-4.060666,2.882138,0.204023,0.075000,-0.267841
14.066604,-4.246751,2.961185,-0.298343,-4.060666,2.882138,0.202178,0.075000,-0.255136
14.100327,-4.245780,2.960886,-0.302292,-4.060666,2.882138,0.201169,0.075000,-0.247940
14.133408,-4.241258,2.959446,-0.320041,-4.056329,2.876047,0.202865,0.075000,-0.254950
14.166776,-4.239586,2.958892,-0.326702,-4.056329,2.876047,0.201112,0.075000,-0.242938
14.200283,-4.239586,2.958892,-0.326702,-4.056329,2.876047,0.201112,0.075000,-0.242938
14.233685,-4.239586,2.958892,-0.326702,-4.056329,2.876047,0.201112,0.075000,-0.242938
14.266774,-4.239586,2.958892,-0.326702,-4.056329,2.876047,0.201112,0.075000,-0.242938
14.300435,-4.229938,2.955457,-0.362273,-4.048083,2.863621,0.203728,0.075000,-0.258103
14.333489,-4.227090,2.954369,-0.372281,-4.048083,2.863621,0.200696,0.075000,-0.241064
14.366743,-4.224234,2.953246,-0.381980,-4.044179,2.857293,0.204026,0.075000,-0.263302
14.400267,-4.222877,2.952701,-0.386488,-4.044179,2.857293,0.202573,0.075000,-0.256028
14.433725,-4.220046,2.951541,-0.396248,-4.040427,2.850892,0.205896,0.075000,-0.277451
14.466601,-4.217144,2.950320,-0.406128,-4.040427,2.850892,0.202768,0.075000,-0.261791
14.500265,-4.215520,2.949622,-0.411760,-4.040427,2.850892,0.201010,0.075000,-0.252456
14.533721,-4.213224,2.948614,-0.420088,-4.036828,2.844422,0.204869,0.075000,-0.276267
14.566589,-4.210473,2.947378,-0.429813,-4.036828,2.844422,0.201873,0.075000,-0.260514
14.600403,-4.209112,2.946754,-0.435095,-4.036828,2.844422,0.200384,0.075000,-0.251291
14.633612,-4.206338,2.945455,-0.446109,-4.033386,2.837887,0.203674,0.075000,-0.270225
14.666590,-4.203719,2.944195,-0.457083,-4.033386,2.837887,0.200785,0.075000,-0.250797
14.700307,-4.202369,2.943531,-0.462606,-4.030104,2.831288,0.205606,0.075000,-0.278731
14.733634,-4.199701,2.942191,-0.473706,-4.030104,2.831288,0.202639,0.075000,-0.259633
14.766909,-4.197019,2.940809,-0.484432,-4.026984,2.824631,0.205934,0.075000,-0.278526
14.799938,-4.195623,2.940074,-0.490109,-4.026984,2.824631,0.204367,0.075000,-0.269015
14.833271,-4.192877,2.938599,-0.500273,-4.026984,2.824631,0.201268,0.075000,-0.252151
14.866820,-4.190130,2.937089,-0.510794,-4.024030,2.817917,0.204428,0.075000,-0.272302
14.900271,-4.188865,2.936380,-0.515954,-4.024030,2.817917,0.202987,0.075000,-0.263549
14.933797,-4.187606,2.935666,-0.520967,-4.024030,2.817917,0.201548,0.075000,-0.254958
14.966746,-4.184593,2.933925,-0.533108,-4.021245,2.811151,0.204343,0.075000,-0.272074
15.000374,-4.182040,2.932412,-0.543016,-4.021245,2.811151,0.201394,0.075000,-0.255571
15.033564,-4.179908,2.931119,-0.551341,-4.018630,2.804335,0.205145,0.075000,-0.279385
15.066635,-4.177393,2.929565,-0.561372,-4.018630,2.804335,0.202208,0.075000,-0.262832
15.100322,-4.175972,2.928671,-0.567174,-4.018630,2.804335,0.200539,0.075000,-0.252839
15.133528,-4.173700,2.927216,-0.577372,-4.016189,2.797472,0.204066,0.075000,-0.273022
15.166747,-4.172498,2.926433,-0.582473,-4.016189,2.797472,0.202641,0.075000,-0.264366
15.200370,-4.172498,2.926433,-0.582473,-4.016189,2.797472,0.202641,0.075000,-0.264366
15.233672,-4.172498,2.926433,-0.582473,-4.016189,2.797472,0.202641,0.075000,-0.264366
15.266638,-4.166269,2.922237,-0.608404,-4.013925,2.790567,0.201359,0.075000,-0.258596
15.300324,-4.163532,2.920322,-0.619184,-4.011839,2.783621,0.204200,0.075000,-0.279204
15.333763,-4.161297,2.918721,-0.628398,-4.011839,2.783621,0.201468,0.075000,-0.264027
15.366608,-4.158937,2.916997,-0.638667,-4.009935,2.776638,0.204699,0.075000,-0.284820
15.400380,-4.157762,2.916125,-0.644077,-4.009935,2.776638,0.203247,0.075000,-0.275686
15.433717,-4.155427,2.914362,-0.654150,-4.009935,2.776638,0.200339,0.075000,-0.258664
15.466687,-4.153029,2.912513,-0.664292,-4.008215,2.769622,0.203443,0.075000,-0.280612
15.500286,-4.151839,2.911582,-0.669531,-4.008215,2.769622,0.201942,0.075000,-0.271908
15.533690,-4.149427,2.909662,-0.680454,-4.006681,2.762574,0.204966,0.075000,-0.291846
15.566626,-4.147110,2.907776,-0.692019,-4.006681,2.762574,0.202000,0.075000,-0.271944
15.600371,-4.145956,2.906820,-0.697753,-4.006681,2.762574,0.200510,0.075000,-0.261785
15.633697,-4.143703,2.904919,-0.709671,-4.005336,2.755499,0.203646,0.075000,-0.279569
15.666606,-4.141441,2.902965,-0.721025,-4.005336,2.755499,0.200676,0.075000,-0.259685
15.700387,-4.139678,2.901415,-0.729311,-4.004181,2.748399,0.204385,0.075000,-0.284931
15.733798,-4.138083,2.899985,-0.736675,-4.004181,2.748399,0.202257,0.075000,-0.272832
15.767020,-4.135820,2.897923,-0.747628,-4.003220,2.741277,0.205234,0.075000,-0.293364
15.800294,-4.134727,2.896909,-0.753145,-4.003220,2.741277,0.203754,0.075000,-0.284201
15.833561,-4.132556,2.894862,-0.764413,-4.003220,2.741277,0.200789,0.075000,-0.264664
15.866600,-4.130414,2.892797,-0.776074,-4.002453,2.734136,0.203831,0.075000,-0.283979
15.900393,-4.129204,2.891610,-0.782624,-4.002453,2.734136,0.202148,0.075000,-0.272633
15.933628,-4.127276,2.889683,-0.792413,-4.001883,2.726980,0.205416,0.075000,-0.295681
15.967041,-4.126204,2.888596,-0.798036,-4.001883,2.726980,0.203901,0.075000,-0.286403
16.003331,-4.123723,2.886035,-0.811049,-4.001883,2.726980,0.200359,0.075000,-0.264210
16.033667,-4.121953,2.884164,-0.820849,-4.001513,2.719810,0.203761,0.075000,-0.287759
16.067039,-4.119809,2.881850,-0.833108,-4.001513,2.719810,0.200627,0.075000,-0.266355
16.100340,-4.118447,2.880351,-0.841062,-4.001343,2.712630,0.204558,0.075000,-0.293129
16.133716,-4.117797,2.879624,-0.844922,-4.001343,2.712630,0.203590,0.075000,-0.286509
16.167251,-4.117797,2.879624,-0.844922,-4.001343,2.712630,0.203590,0.075000,-0.286509
16.200328,-4.117797,2.879624,-0.844922,-4.001343,2.712630,0.203590,0.075000,-0.286509
16.233439,-4.117797,2.879624,-0.844922,-4.001343,2.712630,0.203590,0.075000,-0.286509
16.267065,-4.117797,2.879624,-0.844922,-4.001343,2.712630,0.203590,0.075000,-0.286509
16.300420,-4.117797,2.879624,-0.844922,-4.001343,2.712630,0.203590,0.075000,-0.286509
16.333279,-4.106778,2.866455,-0.910663,-4.002055,2.691054,0.204286,0.075000,-0.297577
16.367044,-4.106778,2.866455,-0.910663,-4.002055,2.691054,0.204286,0.075000,-0.297577
16.400423,-4.106778,2.866455,-0.910663,-4.002055,2.691054,0.204286,0.075000,-0.297577
16.433716,-4.106778,2.866455,-0.910663,-4.002055,2.691054,0.204286,0.075000,-0.297577
16.466629,-4.100835,2.858525,-0.950289,-4.002705,2.683859,0.200344,0.075000,-0.270594
16.500362,-4.099646,2.856861,-0.958186,-4.003563,2.676667,0.204210,0.075000,-0.299781
16.533737,-4.098134,2.854699,-0.968356,-4.003563,2.676667,0.201591,0.075000,-0.282500
16.566998,-4.098134,2.854699,-0.968356,-4.003563,2.676667,0.201591,0.075000,-0.282500
16.600346,-4.098134,2.854699,-0.968356,-4.003563,2.676667,0.201591,0.075000,-0.282500
16.633542,-4.098134,2.854699,-0.968356,-4.003563,2.676667,0.201591,0.075000,-0.282500
16.666636,-4.093341,2.847509,-1.002950,-4.005912,2.662302,0.204806,0.075000,-0.308730
16.700377,-4.091281,2.844256,-1.016755,-4.005912,2.662302,0.200985,0.075000,-0.286336
16.733420,-4.089807,2.841862,-1.026985,-4.007405,2.655134,0.204101,0.075000,-0.313251
16.766998,-4.089807,2.841862,-1.026985,-4.007405,2.655134,0.204101,0.075000,-0.313251
16.800333,-4.089807,2.841862,-1.026985,-4.007405,2.655134,0.204101,0.075000,-0.313251
16.833566,-4.089807,2.841862,-1.026985,-4.007405,2.655134,0.204101,0.075000,-0.313251
16.866922,-4.089807,2.841862,-1.026985,-4.007405,2.655134,0.204101,0.075000,-0.313251
16.900354,-4.083732,2.831332,-1.076614,-4.011033,2.640839,0.203895,0.075000,-0.316936
16.933514,-4.082477,2.828989,-1.087999,-4.011033,2.640839,0.201258,0.075000,-0.297151
16.966892,-4.081902,2.827892,-1.093595,-4.011033,2.640839,0.200029,0.075000,-0.286924
17.000315,-4.081902,2.827892,-1.093595,-4.011033,2.640839,0.200029,0.075000,-0.286924
17.033596,-4.081902,2.827892,-1.093595,-4.011033,2.640839,0.200029,0.075000,-0.286924
17.066943,-4.081902,2.827892,-1.093595,-4.011033,2.640839,0.200029,0.075000,-0.286924
17.100161,-4.077239,2.818444,-1.135244,-4.015522,2.626612,0.201516,0.075000,-0.307584
17.133680,-4.076588,2.817044,-1.141149,-4.018092,2.619529,0.205994,0.075000,-0.342835
17.166970,-4.075599,2.814886,-1.151085,-4.018092,2.619529,0.203645,0.075000,-0.326629
17.200374,-4.075599,2.814886,-1.151085,-4.018092,2.619529,0.203645,0.075000,-0.326629
17.233672,-4.075599,2.814886,-1.151085,-4.018092,2.619529,0.203645,0.075000,-0.326629
17.267035,-4.075599,2.814886,-1.151085,-4.018092,2.619529,0.203645,0.075000,-0.326629
17.299902,-4.075240,2.814080,-1.154762,-4.018092,2.619529,0.202771,0.075000,-0.320464
17.333669,-4.075240,2.814080,-1.154762,-4.018092,2.619529,0.202771,0.075000,-0.320464
17.376386,-4.074415,2.812213,-1.163224,-4.018092,2.619529,0.200747,0.075000,-0.306052
17.400195,-4.069761,2.800685,-1.217161,-4.023885,2.605438,0.200564,0.075000,-0.305518
17.433670,-4.069761,2.800685,-1.217161,-4.023885,2.605438,0.200564,0.075000,-0.305518
17.467004,-4.069761,2.800685,-1.217161,-4.023885,2.605438,0.200564,0.075000,-0.305518
17.500169,-4.066455,2.791198,-1.261484,-4.030553,2.591457,0.202942,0.075000,-0.322974
17.533518,-4.065421,2.787919,-1.276782,-4.034215,2.584512,0.205787,0.075000,-0.343341
17.567040,-4.064902,2.786204,-1.283770,-4.034215,2.584512,0.204012,0.075000,-0.332381
17.600305,-4.064273,2.784056,-1.292339,-4.034215,2.584512,0.201794,0.075000,-0.318625
17.633594,-4.063453,2.781154,-1.304767,-4.038097,2.577601,0.205126,0.075000,-0.345212
17.667009,-4.062662,2.778219,-1.317599,-4.038097,2.577601,0.202116,0.075000,-0.324023
17.700340,-4.062214,2.776488,-1.325353,-4.038097,2.577601,0.200344,0.075000,-0.310589
17.733727,-4.061538,2.773753,-1.337614,-4.042198,2.570724,0.203948,0.075000,-0.337765
17.767015,-4.060866,2.770886,-1.350940,-4.042198,2.570724,0.201030,0.075000,-0.314684
17.800351,-4.060552,2.769483,-1.357512,-4.046519,2.563884,0.206077,0.075000,-0.350893
17.833670,-4.059973,2.766761,-1.371539,-4.046519,2.563884,0.203323,0.075000,-0.326184
17.866846,-4.059412,2.763941,-1.384153,-4.046519,2.563884,0.200473,0.075000,-0.304224
17.900308,-4.059135,2.762475,-1.390216,-4.051058,2.557081,0.205552,0.075000,-0.342504
17.933672,-4.058582,2.759389,-1.402890,-4.051058,2.557081,0.202447,0.075000,-0.321956
17.967021,-4.058184,2.757037,-1.412157,-4.051058,2.557081,0.200083,0.075000,-0.306640
18.000399,-4.057799,2.754602,-1.422719,-4.055816,2.550319,0.204293,0.075000,-0.337572
18.033543,-4.057387,2.751778,-1.434793,-4.055816,2.550319,0.201466,0.075000,-0.317315
18.066604,-4.056973,2.748691,-1.448109,-4.060793,2.543597,0.205130,0.075000,-0.343293
18.100335,-4.056973,2.748691,-1.448109,-4.060793,2.543597,0.205130,0.075000,-0.343293
18.133696,-4.056611,2.745669,-1.461194,-4.060793,2.543597,0.202116,0.075000,-0.321417
18.167057,-4.056293,2.742704,-1.473974,-4.065988,2.536917,0.206015,0.075000,-0.348041
18.200349,-4.056293,2.742704,-1.473974,-4.065988,2.536917,0.206015,0.075000,-0.348041
18.233434,-4.056293,2.742704,-1.473974,-4.065988,2.536917,0.206015,0.075000,-0.348041
18.267011,-4.056293,2.742704,-1.473974,-4.065988,2.536917,0.206015,0.075000,-0.348041
18.300266,-4.056293,2.742704,-1.473974,-4.065988,2.536917,0.206015,0.075000,-0.348041
18.352453,-4.056152,2.741250,-1.480562,-4.065988,2.536917,0.204570,0.075000,-0.337033
18.367019,-4.055288,2.727648,-1.542003,-4.077029,2.523689,0.205114,0.075000,-0.328059
18.400101,-4.055200,2.724069,-1.559153,-4.077029,2.523689,0.201565,0.075000,-0.297336
18.433653,-4.055180,2.722002,-1.569776,-4.082874,2.517144,0.206721,0.075000,-0.326472
18.466661,-4.055187,2.719050,-1.583074,-4.082874,2.517144,0.203795,0.075000,-0.303445
18.500332,-4.055206,2.717535,-1.589477,-4.082874,2.517144,0.202292,0.075000,-0.292263
18.533700,-4.055272,2.714498,-1.601732,-4.088934,2.510646,0.206613,0.075000,-0.320235
18.566979,-4.055347,2.712086,-1.611397,-4.088934,2.510646,0.204221,0.075000,-0.304316
18.600368,-4.055470,2.709221,-1.622631,-4.088934,2.510646,0.201376,0.075000,-0.285200
18.633538,-4.055610,2.706657,-1.633607,-4.095209,2.504195,0.206298,0.075000,-0.315012
18.666599,-4.055803,2.703707,-1.646296,-4.095209,2.504195,0.203366,0.075000,-0.293110
18.700441,-4.055916,2.702211,-1.652537,-4.095209,2.504195,0.201876,0.075000,-0.282100
18.733679,-4.056175,2.699170,-1.664898,-4.101697,2.497794,0.206457,0.075000,-0.309661
18.766614,-4.056462,2.696213,-1.677232,-4.101697,2.497794,0.203509,0.075000,-0.288531
18.800355,-4.056645,2.694504,-1.683649,-4.101697,2.497794,0.201803,0.075000,-0.277636
18.833621,-4.056959,2.691791,-1.693657,-4.108397,2.491443,0.206846,0.075000,-0.309646
18.867015,-4.056959,2.691791,-1.693657,-4.108397,2.491443,0.206846,0.075000,-0.309646
18.900369,-4.057542,2.687276,-1.711331,-4.108397,2.491443,0.202328,0.075000,-0.279976
18.934131,-4.057970,2.684316,-1.723919,-4.115307,2.485142,0.207263,0.075000,-0.305973
18.966768,-4.058196,2.682846,-1.730652,-4.115307,2.485142,0.205787,0.075000,-0.294143
19.000342,-4.058660,2.680027,-1.743240,-4.115307,2.485142,0.202950,0.075000,-0.271510
19.033522,-4.059182,2.677082,-1.755265,-4.122427,2.478893,0.208035,0.075000,-0.298290
19.066616,-4.059742,2.674123,-1.766081,-4.122427,2.478893,0.205047,0.075000,-0.280780
19.100388,-4.060030,2.672666,-1.771399,-4.122427,2.478893,0.203572,0.075000,-0.271886
19.133666,-4.060030,2.672666,-1.771399,-4.122427,2.478893,0.203572,0.075000,-0.271886
19.167038,-4.060957,2.668234,-1.788084,-4.129755,2.472696,0.207288,0.075000,-0.291215
19.200341,-4.060957,2.668234,-1.788084,-4.129755,2.472696,0.207288,0.075000,-0.291215
19.233658,-4.060957,2.668234,-1.788084,-4.129755,2.472696,0.207288,0.075000,-0.291215
19.267039,-4.061328,2.666554,-1.793911,-4.129755,2.472696,0.205580,0.075000,-0.282002
19.300087,-4.063393,2.658001,-1.828506,-4.137289,2.466552,0.205215,0.075000,-0.269055
19.333592,-4.063787,2.656507,-1.834699,-4.137289,2.466552,0.203680,0.075000,-0.258015
19.367017,-4.065029,2.652012,-1.851765,-4.145028,2.460462,0.207585,0.075000,-0.275557
19.400116,-4.065458,2.650523,-1.857447,-4.145028,2.460462,0.206046,0.075000,-0.265990
19.433680,-4.066336,2.647575,-1.868818,-4.145028,2.460462,0.202988,0.075000,-0.246105
19.466613,-4.067247,2.644640,-1.880152,-4.152971,2.454425,0.208639,0.075000,-0.272729
19.500344,-4.067683,2.643277,-1.885823,-4.152971,2.454425,0.207217,0.075000,-0.262888
19.533677,-4.068588,2.640527,-1.897215,-4.152971,2.454425,0.204339,0.075000,-0.242516
19.566608,-4.069630,2.637479,-1.908218,-4.152971,2.454425,0.201133,0.075000,-0.222970
19.600286,-4.070218,2.635801,-1.914097,-4.161114,2.448442,0.208244,0.075000,-0.259736
19.633693,-4.071058,2.633467,-1.922466,-4.161114,2.448442,0.205777,0.075000,-0.245717
19.666604,-4.072091,2.630673,-1.932066,-4.161114,2.448442,0.202813,0.075000,-0.229316
19.700328,-4.072613,2.629290,-1.937222,-4.161114,2.448442,0.201342,0.075000,-0.219930
19.733448,-4.073677,2.626538,-1.947474,-4.169457,2.442514,0.207458,0.075000,-0.248314
19.766608,-4.074796,2.623730,-1.957091,-4.169457,2.442514,0.204451,0.075000,-0.232182
19.800332,-4.075363,2.622336,-1.961795,-4.169457,2.442514,0.202952,0.075000,-0.224083
19.833587,-4.076529,2.619526,-1.970903,-4.177996,2.436640,0.209148,0.075000,-0.253944
19.867081,-4.077738,2.616685,-1.979818,-4.177996,2.436640,0.206077,0.075000,-0.239973
19.900366,-4.078334,2.615310,-1.984145,-4.177996,2.436640,0.204586,0.075000,-0.232960
19.933520,-4.079505,2.612654,-1.992365,-4.177996,2.436640,0.201696,0.075000,-0.219322
19.966764,-4.080103,2.611321,-1.996903,-4.177996,2.436640,0.200241,0.075000,-0.211232
20.000199,-4.081397,2.608485,-2.007108,-4.186731,2.430822,0.206542,0.075000,-0.238934
20.033824,-4.082576,2.605971,-2.015018,-4.186731,2.430822,0.203778,0.075000,-0.226077
20.066615,-4.083899,2.603204,-2.024200,-4.186731,2.430822,0.200723,0.075000,-0.210154
20.100219,-4.084673,2.601616,-2.029571,-4.195659,2.425059,0.208544,0.075000,-0.245129
20.133598,-4.085254,2.600439,-2.033532,-4.195659,2.425059,0.207237,0.075000,-0.238720
20.166790,-4.085254,2.600439,-2.033532,-4.195659,2.425059,0.207237,0.075000,-0.238720
20.200298,-4.085254,2.600439,-2.033532,-4.195659,2.425059,0.207237,0.075000,-0.238720
20.242519,-4.086036,2.598871,-2.038926,-4.195659,2.425059,0.205494,0.075000,-0.229726
20.267041,-4.090019,2.591196,-2.066010,-4.204777,2.419351,0.206641,0.075000,-0.226085
20.300374,-4.091548,2.588379,-2.075500,-4.204777,2.419351,0.203449,0.075000,-0.209935
20.333745,-4.092920,2.585908,-2.084293,-4.204777,2.419351,0.200632,0.075000,-0.193956
20.366620,-4.094395,2.583305,-2.093151,-4.214084,2.413698,0.207586,0.075000,-0.221713
20.400408,-4.095152,2.581989,-2.097617,-4.214084,2.413698,0.206074,0.075000,-0.214186
20.433820,-4.096713,2.579318,-2.106475,-4.214084,2.413698,0.202992,0.075000,-0.198917
20.466647,-4.098230,2.576773,-2.114622,-4.214084,2.413698,0.200039,0.075000,-0.184466
20.500434,-4.098991,2.575514,-2.118755,-4.223576,2.408101,0.208683,0.075000,-0.219652
20.533852,-4.100561,2.572953,-2.126596,-4.223576,2.408101,0.205691,0.075000,-0.207030
20.566617,-4.102139,2.570423,-2.134716,-4.223576,2.408101,0.202720,0.075000,-0.193122
20.600309,-4.102965,2.569117,-2.138962,-4.223576,2.408101,0.201179,0.075000,-0.185569
20.633664,-4.104631,2.566521,-2.147905,-4.233252,2.402558,0.208392,0.075000,-0.211061
20.666671,-4.106284,2.563991,-2.155964,-4.233252,2.402558,0.205381,0.075000,-0.197679
20.700442,-4.107130,2.562714,-2.159852,-4.233252,2.402558,0.203854,0.075000,-0.191146
20.733658,-4.108870,2.560124,-2.168833,-4.233252,2.402558,0.200743,0.075000,-0.174721
20.767034,-4.109992,2.558477,-2.174330,-4.243107,2.397071,0.209216,0.075000,-0.205519
20.800421,-4.111385,2.556463,-2.181284,-4.243107,2.397071,0.206776,0.075000,-0.193597
20.833754,-4.113061,2.554078,-2.189174,-4.243107,2.397071,0.203870,0.075000,-0.179792
20.866603,-4.114770,2.551682,-2.195797,-4.243107,2.397071,0.200936,0.075000,-0.168589
20.900616,-4.115671,2.550434,-2.199470,-4.253141,2.391638,0.210034,0.075000,-0.201784
20.933577,-4.117408,2.548053,-2.206611,-4.253141,2.391638,0.207097,0.075000,-0.190303
20.966987,-4.117408,2.548053,-2.206611,-4.253141,2.391638,0.207097,0.075000,-0.190303
21.000361,-4.119150,2.545703,-2.213914,-4.253141,2.391638,0.204180,0.075000,-0.177886
21.033431,-4.122006,2.541923,-2.225420,-4.263349,2.386259,0.210260,0.075000,-0.196188
21.066966,-4.123105,2.540491,-2.229612,-4.263349,2.386259,0.208461,0.075000,-0.189567
21.100162,-4.124650,2.538501,-2.235729,-4.263349,2.386259,0.205948,0.075000,-0.179370
21.133666,-4.125546,2.537358,-2.239274,-4.263349,2.386259,0.204501,0.075000,-0.173276
21.166992,-4.127323,2.535114,-2.247037,-4.263349,2.386259,0.201645,0.075000,-0.158964
21.200315,-4.127323,2.535114,-2.247037,-4.263349,2.386259,0.201645,0.075000,-0.158964
21.233645,-4.127323,2.535114,-2.247037,-4.263349,2.386259,0.201645,0.075000,-0.158964
21.266748,-4.127323,2.535114,-2.247037,-4.263349,2.386259,0.201645,0.075000,-0.158964
21.300260,-4.127323,2.535114,-2.247037,-4.263349,2.386259,0.201645,0.075000,-0.158964
21.333362,-4.128558,2.533576,-2.252216,-4.273729,2.380935,0.210652,0.075000,-0.187081
21.366579,-4.138040,2.522235,-2.285468,-4.284278,2.375663,0.207048,0.075000,-0.167908
21.400325,-4.139061,2.521059,-2.288844,-4.284278,2.375663,0.205494,0.075000,-0.162260
21.433740,-4.141069,2.518767,-2.295677,-4.284278,2.375663,0.202454,0.075000,-0.150271
21.466611,-4.143114,2.516466,-2.303137,-4.294993,2.370445,0.210688,0.075000,-0.172421
21.500688,-4.144117,2.515351,-2.306621,-4.294993,2.370445,0.209192,0.075000,-0.166589
21.533419,-4.146101,2.513166,-2.312871,-4.294993,2.370445,0.206247,0.075000,-0.156210
21.566607,-4.148168,2.510918,-2.318904,-4.294993,2.370445,0.203200,0.075000,-0.146065
21.600269,-4.149347,2.509648,-2.322163,-4.294993,2.370445,0.201471,0.075000,-0.140508
21.633649,-4.151267,2.507598,-2.328514,-4.305870,2.365279,0.210136,0.075000,-0.164116
21.666614,-4.153360,2.505393,-2.335439,-4.305870,2.365279,0.207103,0.075000,-0.152224
21.700134,-4.154524,2.504180,-2.339068,-4.305870,2.365279,0.205424,0.075000,-0.145905
21.733807,-4.156393,2.502251,-2.344613,-4.305870,2.365279,0.202743,0.075000,-0.136093
21.766608,-4.158509,2.500090,-2.349997,-4.316907,2.360165,0.211350,0.075000,-0.160844
21.800302,-4.159576,2.499010,-2.352460,-4.316907,2.360165,0.209836,0.075000,-0.157319
21.833590,-4.161672,2.496904,-2.357916,-4.316907,2.360165,0.206871,0.075000,-0.148656
21.866605,-4.163793,2.494795,-2.363758,-4.316907,2.360165,0.203885,0.075000,-0.138693
21.900368,-4.164852,2.493752,-2.366433,-4.316907,2.360165,0.202401,0.075000,-0.134138
21.933642,-4.166991,2.491662,-2.372276,-4.328100,2.355102,0.211199,0.075000,-0.156618
21.967010,-4.168061,2.490626,-2.375031,-4.328100,2.355102,0.209712,0.075000,-0.152290
22.000293,-4.170335,2.488443,-2.380874,-4.328100,2.355102,0.206566,0.075000,-0.142792
22.033753,-4.172320,2.486558,-2.386465,-4.328100,2.355102,0.203833,0.075000,-0.132913
22.066713,-4.174570,2.484447,-2.392549,-4.328100,2.355102,0.200753,0.075000,-0.121837
22.100219,-4.174570,2.484447,-2.392549,-4.328100,2.355102,0.200753,0.075000,-0.121837
22.133649,-4.175674,2.483420,-2.395223,-4.339445,2.350090,0.211183,0.075000,-0.149239
22.166599,-4.179016,2.480347,-2.403792,-4.339445,2.350090,0.206651,0.075000,-0.135011
22.200241,-4.180503,2.478995,-2.407101,-4.339445,2.350090,0.204644,0.075000,-0.129598
22.233426,-4.183525,2.476279,-2.414449,-4.339445,2.350090,0.200586,0.075000,-0.116487
22.266986,-4.183525,2.476279,-2.414449,-4.339445,2.350090,0.200586,0.075000,-0.116487
22.300362,-4.183525,2.476279,-2.414449,-4.339445,2.350090,0.200586,0.075000,-0.116487
22.348574,-4.185084,2.474891,-2.418385,-4.350940,2.345127,0.210587,0.075000,-0.140705
22.366632,-4.191339,2.469438,-2.432421,-4.350940,2.345127,0.202301,0.075000,-0.117197
22.400347,-4.192478,2.468461,-2.434424,-4.350940,2.345127,0.200803,0.075000,-0.113970
22.433750,-4.194771,2.466506,-2.439231,-4.362580,2.340213,0.210023,0.075000,-0.136099
22.467046,-4.197056,2.464577,-2.443942,-4.362580,2.340213,0.207038,0.075000,-0.128655
22.500329,-4.198175,2.463638,-2.446157,-4.362580,2.340213,0.205580,0.075000,-0.125107
22.533750,-4.200478,2.461721,-2.451403,-4.362580,2.340213,0.202586,0.075000,-0.115853
22.566599,-4.202831,2.459783,-2.456577,-4.374362,2.335347,0.211914,0.075000,-0.135398
22.600300,-4.203970,2.458852,-2.458711,-4.374362,2.335347,0.210445,0.075000,-0.132233
22.633757,-4.206243,2.457007,-2.463625,-4.374362,2.335347,0.207522,0.075000,-0.124122
22.666601,-4.208611,2.455106,-2.469921,-4.374362,2.335347,0.204489,0.075000,-0.112403
22.700283,-4.209825,2.454141,-2.472650,-4.374362,2.335347,0.202940,0.075000,-0.107410
22.733727,-4.212207,2.452263,-2.477626,-4.386283,2.330527,0.212420,0.075000,-0.126329
22.766606,-4.214728,2.450296,-2.483946,-4.386283,2.330527,0.209226,0.075000,-0.115082
22.800332,-4.216011,2.449305,-2.487171,-4.386283,2.330527,0.207607,0.075000,-0.109125
22.833586,-4.218390,2.447485,-2.492543,-4.386283,2.330527,0.204615,0.075000,-0.099176
22.866603,-4.220790,2.445667,-2.496670,-4.386283,2.330527,0.201606,0.075000,-0.091895
22.900307,-4.222010,2.444750,-2.498616,-4.386283,2.330527,0.200081,0.075000,-0.088442
22.933697,-4.224329,2.443015,-2.501916,-4.398338,2.325754,0.209831,0.075000,-0.111232
22.966971,-4.225504,2.442141,-2.503888,-4.398338,2.325754,0.208368,0.075000,-0.108072
23.000410,-4.227904,2.440366,-2.507644,-4.398338,2.325754,0.205387,0.075000,-0.102064
23.033527,-4.230312,2.438599,-2.511156,-4.398338,2.325754,0.202403,0.075000,-0.096397
23.066611,-4.232714,2.436849,-2.515159,-4.410524,2.321026,0.212206,0.075000,-0.115600
23.100281,-4.233970,2.435940,-2.517563,-4.410524,2.321026,0.210657,0.075000,-0.111605
23.133521,-4.236405,2.434191,-2.522054,-4.410524,2.321026,0.207662,0.075000,-0.104006
23.166958,-4.236405,2.434191,-2.522054,-4.410524,2.321026,0.207662,0.075000,-0.104006
23.200334,-4.236405,2.434191,-2.522054,-4.410524,2.321026,0.207662,0.075000,-0.104006
23.233800,-4.236405,2.434191,-2.522054,-4.410524,2.321026,0.207662,0.075000,-0.104006
23.266609,-4.245056,2.428101,-2.537187,-4.422836,2.316341,0.209990,0.075000,-0.102814
23.300268,-4.246331,2.427221,-2.539804,-4.422836,2.316341,0.208443,0.075000,-0.098074
23.333681,-4.248900,2.425461,-2.544750,-4.422836,2.316341,0.205331,0.075000,-0.088988
23.366592,-4.251463,2.423723,-2.549596,-4.422836,2.316341,0.202236,0.075000,-0.079716
23.400333,-4.252701,2.422891,-2.551706,-4.422836,2.316341,0.200745,0.075000,-0.075652
23.433656,-4.255158,2.421250,-2.555408,-4.435271,2.311699,0.210813,0.075000,-0.094218
23.467112,-4.257583,2.419642,-2.558184,-4.435271,2.311699,0.207905,0.075000,-0.090178
23.500430,-4.258789,2.418845,-2.559912,-4.435271,2.311699,0.206461,0.075000,-0.087263
23.533661,-4.261291,2.417204,-2.563268,-4.435271,2.311699,0.203471,0.075000,-0.081573
23.566608,-4.263780,2.415581,-2.566453,-4.435271,2.311699,0.200501,0.075000,-0.076045
23.600325,-4.265028,2.414772,-2.568264,-4.447825,2.307099,0.212152,0.075000,-0.096634
23.633650,-4.266299,2.413952,-2.570103,-4.447825,2.307099,0.210641,0.075000,-0.093666
23.666637,-4.270180,2.411465,-2.575136,-4.447825,2.307099,0.206034,0.075000,-0.085606
23.700337,-4.271405,2.410685,-2.576647,-4.447825,2.307099,0.204583,0.075000,-0.083134
23.733726,-4.273949,2.409077,-2.580624,-4.447825,2.307099,0.201575,0.075000,-0.075738
23.766602,-4.276436,2.407516,-2.583363,-4.460494,2.302539,0.211891,0.075000,-0.094121
23.800420,-4.277709,2.406721,-2.584742,-4.460494,2.302539,0.210391,0.075000,-0.092194
23.833564,-4.280309,2.405105,-2.588310,-4.460494,2.302539,0.207332,0.075000,-0.086306
23.866999,-4.282442,2.403788,-2.592693,-4.460494,2.302539,0.204827,0.075000,-0.077740
23.900327,-4.284374,2.402608,-2.595876,-4.460494,2.302539,0.202564,0.075000,-0.071610
23.933540,-4.286926,2.401062,-2.599664,-4.473274,2.298018,0.212940,0.075000,-0.086410
23.967046,-4.288163,2.400318,-2.601366,-4.473274,2.298018,0.211498,0.075000,-0.083571
24.000422,-4.290825,2.398724,-2.604318,-4.473274,2.298018,0.208397,0.075000,-0.078972
24.033648,-4.293145,2.397344,-2.606708,-4.473274,2.298018,0.205699,0.075000,-0.075232
24.066725,-4.294446,2.396573,-2.608632,-4.473274,2.298018,0.204188,0.075000,-0.071641
24.100296,-4.297024,2.395055,-2.611656,-4.473274,2.298018,0.201197,0.075000,-0.066247
24.133643,-4.298331,2.394289,-2.613141,-4.486159,2.293534,0.213146,0.075000,-0.084655
24.166770,-4.300970,2.392751,-2.616388,-4.486159,2.293534,0.210092,0.075000,-0.079382
24.200384,-4.300970,2.392751,-2.616388,-4.486159,2.293534,0.210092,0.075000,-0.079382
24.233641,-4.300970,2.392751,-2.616388,-4.486159,2.293534,0.210092,0.075000,-0.079382
24.274489,-4.302287,2.391988,-2.617766,-4.486159,2.293534,0.208572,0.075000,-0.077244
24.300304,-4.310477,2.387297,-2.626430,-4.499147,2.289087,0.212701,0.075000,-0.082785
24.333653,-4.312623,2.386083,-2.628923,-4.499147,2.289087,0.210237,0.075000,-0.078794
24.366646,-4.315269,2.384597,-2.632594,-4.499147,2.289087,0.207203,0.075000,-0.072234
24.400405,-4.316625,2.383840,-2.634655,-4.499147,2.289087,0.205651,0.075000,-0.068321
24.433672,-4.319302,2.382357,-2.638839,-4.499147,2.289087,0.202592,0.075000,-0.060033
24.466610,-4.322045,2.380852,-2.642573,-4.512233,2.284675,0.213123,0.075000,-0.072312
24.500315,-4.323301,2.380167,-2.644084,-4.512233,2.284675,0.211693,0.075000,-0.069725
24.533691,-4.325851,2.378785,-2.646438,-4.512233,2.284675,0.208794,0.075000,-0.066020
24.566599,-4.328409,2.377405,-2.648131,-4.512233,2.284675,0.205889,0.075000,-0.063776
24.600215,-4.329728,2.376695,-2.649182,-4.512233,2.284675,0.204392,0.075000,-0.062142
24.633666,-4.332399,2.375264,-2.651614,-4.512233,2.284675,0.201362,0.075000,-0.057966
24.666787,-4.334978,2.373890,-2.653690,-4.525413,2.280297,0.212191,0.075000,-0.073270
24.700204,-4.336264,2.373208,-2.654850,-4.525413,2.280297,0.210736,0.075000,-0.071534
24.733558,-4.339005,2.371760,-2.657718,-4.525413,2.280297,0.207638,0.075000,-0.066759
24.766601,-4.341692,2.370349,-2.660197,-4.525413,2.280297,0.204604,0.075000,-0.062677
24.800265,-4.343004,2.369664,-2.661295,-4.525413,2.280297,0.203125,0.075000,-0.060892
24.833679,-4.345688,2.368268,-2.663917,-4.525413,2.280297,0.200099,0.075000,-0.056171
24.866623,-4.348380,2.366876,-2.666567,-4.538681,2.275950,0.210908,0.075000,-0.069445
24.900421,-4.349675,2.366210,-2.667512,-4.538681,2.275950,0.209452,0.075000,-0.068159
24.933640,-4.352340,2.364845,-2.670514,-4.538681,2.275950,0.206459,0.075000,-0.062856
24.966999,-4.352340,2.364845,-2.670514,-4.538681,2.275950,0.206459,0.075000,-0.062856
25.000334,-4.356397,2.362787,-2.675499,-4.538681,2.275950,0.201912,0.075000,-0.053284
25.033672,-4.359076,2.361442,-2.678336,-4.552035,2.271634,0.212834,0.075000,-0.064951
25.066774,-4.360909,2.360526,-2.680295,-4.552035,2.271634,0.210786,0.075000,-0.061573
25.100229,-4.361797,2.360085,-2.681130,-4.552035,2.271634,0.209795,0.075000,-0.060168
25.133622,-4.364443,2.358774,-2.683202,-4.552035,2.271634,0.206843,0.075000,-0.056873
25.166954,-4.364443,2.358774,-2.683202,-4.552035,2.271634,0.206843,0.075000,-0.056873
25.200429,-4.364443,2.358774,-2.683202,-4.552035,2.271634,0.206843,0.075000,-0.056873
25.233176,-4.369845,2.356119,-2.687609,-4.552035,2.271634,0.200825,0.075000,-0.049248
25.267110,-4.374036,2.354079,-2.690801,-4.565468,2.267348,0.210164,0.075000,-0.060400
25.300379,-4.376721,2.352781,-2.692847,-4.565468,2.267348,0.207182,0.075000,-0.057198
25.333712,-4.379212,2.351583,-2.694785,-4.565468,2.267348,0.204419,0.075000,-0.054000
25.366605,-4.381805,2.350341,-2.696294,-4.565468,2.267348,0.201544,0.075000,-0.051799
25.400454,-4.383604,2.349483,-2.697601,-4.578977,2.263088,0.213623,0.075000,-0.064686
25.433562,-4.385809,2.348436,-2.699813,-4.578977,2.263088,0.211183,0.075000,-0.060941
25.466611,-4.388369,2.347226,-2.702101,-4.578977,2.263088,0.208353,0.075000,-0.057103
25.500413,-4.390139,2.346394,-2.703733,-4.578977,2.263088,0.206397,0.075000,-0.054238
25.533631,-4.392411,2.345332,-2.706140,-4.578977,2.263088,0.203890,0.075000,-0.049663
25.566605,-4.395123,2.344072,-2.708176,-4.578977,2.263088,0.200900,0.075000,-0.046070
25.600371,-4.396451,2.343457,-2.709313,-4.592558,2.258855,0.213577,0.075000,-0.058507
25.633690,-4.399117,2.342229,-2.712067,-4.592558,2.258855,0.210643,0.075000,-0.053594
25.666887,-4.402013,2.340904,-2.714664,-4.592558,2.258855,0.207459,0.075000,-0.048971
25.700340,-4.403384,2.340281,-2.715771,-4.592558,2.258855,0.205954,0.075000,-0.047004
25.733551,-4.406072,2.339063,-2.717475,-4.592558,2.258855,0.203003,0.075000,-0.044168
25.766599,-4.408809,2.337828,-2.719347,-4.592558,2.258855,0.200001,0.075000,-0.040809
25.800220,-4.410141,2.337230,-2.720078,-4.606205,2.254646,0.212747,0.075000,-0.053718
25.833525,-4.412840,2.336021,-2.721482,-4.606205,2.254646,0.209790,0.075000,-0.051888
25.866600,-4.415495,2.334836,-2.723517,-4.606205,2.254646,0.206883,0.075000,-0.048425
25.900309,-4.417006,2.334165,-2.724780,-4.606205,2.254646,0.205230,0.075000,-0.046133
25.933667,-4.419484,2.333069,-2.725747,-4.606205,2.254646,0.202522,0.075000,-0.044977
25.966975,-4.419484,2.333069,-2.725747,-4.606205,2.254646,0.202522,0.075000,-0.044977
26.000223,-4.424100,2.331036,-2.728963,-4.619914,2.250460,0.211745,0.075000,-0.052548
26.033674,-4.426425,2.330019,-2.730720,-4.619914,2.250460,0.209207,0.075000,-0.049620
26.066606,-4.429213,2.328806,-2.733063,-4.619914,2.250460,0.206167,0.075000,-0.045395
26.100470,-4.431115,2.327983,-2.734550,-4.619914,2.250460,0.204095,0.075000,-0.042679
26.133506,-4.433447,2.326978,-2.736485,-4.619914,2.250460,0.201556,0.075000,-0.038947
26.167099,-4.433447,2.326978,-2.736485,-4.619914,2.250460,0.201556,0.075000,-0.038947
26.200282,-4.433447,2.326978,-2.736485,-4.619914,2.250460,0.201556,0.075000,-0.038947
26.252307,-4.435580,2.326064,-2.737736,-4.633681,2.246294,0.213558,0.075000,-0.049279
26.266771,-4.441962,2.323351,-2.741948,-4.633681,2.246294,0.206625,0.075000,-0.042298
26.300364,-4.444643,2.322220,-2.743746,-4.633681,2.246294,0.203716,0.075000,-0.039088
26.333707,-4.447345,2.321086,-2.745721,-4.633681,2.246294,0.200785,0.075000,-0.035299
26.366622,-4.450128,2.319924,-2.747344,-4.647500,2.242148,0.212143,0.075000,-0.044489
26.400411,-4.451535,2.319338,-2.747830,-4.647500,2.242148,0.210619,0.075000,-0.043983
26.433616,-4.454212,2.318227,-2.749075,-4.647500,2.242148,0.207721,0.075000,-0.042213
26.466611,-4.456952,2.317094,-2.751396,-4.647500,2.242148,0.204757,0.075000,-0.037761
26.500326,-4.458311,2.316535,-2.752178,-4.647500,2.242148,0.203287,0.075000,-0.036384
26.533678,-4.460983,2.315440,-2.753559,-4.647500,2.242148,0.200400,0.075000,-0.033985
26.566614,-4.463737,2.314315,-2.754729,-4.661367,2.238020,0.211845,0.075000,-0.043524
26.600277,-4.465179,2.313728,-2.755594,-4.661367,2.238020,0.210289,0.075000,-0.042113
26.633657,-4.468040,2.312566,-2.756838,-4.661367,2.238020,0.207201,0.075000,-0.040361
26.666591,-4.470874,2.311420,-2.758224,-4.661367,2.238020,0.204145,0.075000,-0.038174
26.700432,-4.472294,2.310847,-2.759303,-4.661367,2.238020,0.202614,0.075000,-0.036090
26.733509,-4.475109,2.309716,-2.760385,-4.675277,2.233908,0.214043,0.075000,-0.044795
26.766593,-4.477831,2.308626,-2.761449,-4.675277,2.233908,0.211111,0.075000,-0.043521
26.800376,-4.479270,2.308051,-2.762124,-4.675277,2.233908,0.209561,0.075000,-0.042557
26.833499,-4.482185,2.306891,-2.764447,-4.675277,2.233908,0.206425,0.075000,-0.038207
26.866608,-4.484944,2.305799,-2.766650,-4.675277,2.233908,0.203458,0.075000,-0.033898
26.900478,-4.486316,2.305259,-2.767701,-4.675277,2.233908,0.201984,0.075000,-0.031795
26.933597,-4.489326,2.304080,-2.769104,-4.689226,2.229810,0.213251,0.075000,-0.039290
26.967018,-4.490538,2.303607,-2.769890,-4.689226,2.229810,0.211950,0.075000,-0.037918
27.000424,-4.493425,2.302482,-2.770908,-4.689226,2.229810,0.208852,0.075000,-0.036606
27.033620,-4.496204,2.301403,-2.772327,-4.689226,2.229810,0.205872,0.075000,-0.034218
27.066769,-4.497863,2.300761,-2.773370,-4.689226,2.229810,0.204093,0.075000,-0.032263
27.100304,-4.498739,2.300423,-2.773955,-4.689226,2.229810,0.203154,0.075000,-0.031120
27.133222,-4.502939,2.298810,-2.776832,-4.703208,2.225724,0.213189,0.075000,-0.034812
27.167030,-4.502939,2.298810,-2.776832,-4.703208,2.225724,0.213189,0.075000,-0.034812
27.200403,-4.502939,2.298810,-2.776832,-4.703208,2.225724,0.213189,0.075000,-0.034812
27.233655,-4.502939,2.298810,-2.776832,-4.703208,2.225724,0.213189,0.075000,-0.034812
27.278022,-4.504949,2.298042,-2.777930,-4.703208,2.225724,0.211037,0.075000,-0.032925
27.300139,-4.515003,2.294236,-2.782504,-4.703208,2.225724,0.200288,0.075000,-0.024903
27.333639,-4.517141,2.293433,-2.783608,-4.717220,2.221649,0.212566,0.075000,-0.031777
27.366599,-4.520010,2.292361,-2.784942,-4.717220,2.221649,0.209503,0.075000,-0.029520
27.400404,-4.521425,2.291834,-2.785643,-4.717220,2.221649,0.207994,0.075000,-0.028264
27.433362,-4.524350,2.290747,-2.786697,-4.717220,2.221649,0.204874,0.075000,-0.026549
27.467130,-4.527107,2.289727,-2.788175,-4.717220,2.221649,0.201935,0.075000,-0.023656
27.500381,-4.528482,2.289219,-2.788715,-4.717220,2.221649,0.200469,0.075000,-0.022658
27.533638,-4.531299,2.288183,-2.789770,-4.731255,2.217583,0.212054,0.075000,-0.029261
27.566588,-4.534038,2.287178,-2.790813,-4.731255,2.217583,0.209137,0.075000,-0.027584
27.600348,-4.535451,2.286661,-2.791570,-4.731255,2.217583,0.207632,0.075000,-0.026163
27.633470,-4.538283,2.285628,-2.792542,-4.731255,2.217583,0.204617,0.075000,-0.024555
27.666621,-4.541101,2.284603,-2.794021,-4.731255,2.217583,0.201619,0.075000,-0.021613
27.700341,-4.542467,2.284109,-2.794776,-4.731255,2.217583,0.200167,0.075000,-0.020040
27.733653,-4.545265,2.283098,-2.796182,-4.745310,2.213525,0.211799,0.075000,-0.025272
27.766825,-4.548084,2.282085,-2.797464,-4.745310,2.213525,0.208804,0.075000,-0.022922
27.800388,-4.549492,2.281580,-2.797842,-4.745310,2.213525,0.207307,0.075000,-0.022343
27.833567,-4.552347,2.280559,-2.798409,-4.745310,2.213525,0.204275,0.075000,-0.021617
27.866821,-4.555337,2.279491,-2.799272,-4.745310,2.213525,0.201101,0.075000,-0.020153
27.900287,-4.556818,2.278963,-2.800002,-4.759380,2.209471,0.214151,0.075000,-0.025931
27.933599,-4.559649,2.277958,-2.800813,-4.759380,2.209471,0.211146,0.075000,-0.024743
27.966567,-4.562504,2.276946,-2.801759,-4.759380,2.209471,0.208117,0.075000,-0.023185
28.000117,-4.563982,2.276424,-2.802191,-4.759380,2.209471,0.206550,0.075000,-0.022493
28.033713,-4.566876,2.275403,-2.803515,-4.759380,2.209471,0.203481,0.075000,-0.019909
28.066602,-4.569603,2.274445,-2.804309,-4.759380,2.209471,0.200591,0.075000,-0.018502
28.100106,-4.571511,2.273776,-2.804850,-4.773459,2.205421,0.213202,0.075000,-0.024321
28.133528,-4.571511,2.273776,-2.804850,-4.773459,2.205421,0.213202,0.075000,-0.024321
28.166755,-4.575258,2.272466,-2.806191,-4.773459,2.205421,0.209233,0.075000,-0.022030
28.200324,-4.575258,2.272466,-2.806191,-4.773459,2.205421,0.209233,0.075000,-0.022030
28.233600,-4.575258,2.272466,-2.806191,-4.773459,2.205421,0.209233,0.075000,-0.022030
28.278686,-4.577357,2.271734,-2.807021,-4.773459,2.205421,0.207010,0.075000,-0.020501
28.300392,-4.585070,2.269062,-2.809934,-4.787543,2.201373,0.213487,0.075000,-0.021147
28.333835,-4.587835,2.268110,-2.810502,-4.787543,2.201373,0.210563,0.075000,-0.020384
28.366600,-4.590717,2.267120,-2.811473,-4.787543,2.201373,0.207516,0.075000,-0.018639
28.400405,-4.592193,2.266614,-2.811879,-4.787543,2.201373,0.205956,0.075000,-0.017937
28.433535,-4.595080,2.265627,-2.812906,-4.787543,2.201373,0.202905,0.075000,-0.015939
28.466670,-4.597947,2.264651,-2.814079,-4.801627,2.197325,0.214518,0.075000,-0.019284
28.500446,-4.599432,2.264146,-2.814619,-4.801627,2.197325,0.212950,0.075000,-0.018300
28.533489,-4.602304,2.263173,-2.815431,-4.801627,2.197325,0.209917,0.075000,-0.016895
28.566606,-4.605108,2.262225,-2.816187,-4.801627,2.197325,0.206958,0.075000,-0.015550
28.600470,-4.606525,2.261747,-2.816647,-4.801627,2.197325,0.205463,0.075000,-0.014658
28.633528,-4.609362,2.260791,-2.816971,-4.801627,2.197325,0.202469,0.075000,-0.014294
28.666602,-4.612202,2.259836,-2.817584,-4.815706,2.193276,0.214112,0.075000,-0.018459
28.700298,-4.613618,2.259360,-2.817746,-4.815706,2.193276,0.212618,0.075000,-0.018337
28.733590,-4.616429,2.258417,-2.818286,-4.815706,2.193276,0.209654,0.075000,-0.017566
28.766611,-4.619311,2.257452,-2.818827,-4.815706,2.193276,0.206614,0.075000,-0.016774
28.800331,-4.620671,2.256997,-2.819286,-4.815706,2.193276,0.205180,0.075000,-0.015891
28.833355,-4.623418,2.256080,-2.819907,-4.815706,2.193276,0.202284,0.075000,-0.014804
28.866901,-4.623418,2.256080,-2.819907,-4.815706,2.193276,0.202284,0.075000,-0.014804
28.900346,-4.627647,2.254673,-2.821177,-4.829775,2.189222,0.212460,0.075000,-0.017090
28.933541,-4.630451,2.253743,-2.822042,-4.829775,2.189222,0.209507,0.075000,-0.015502
28.966940,-4.631862,2.253276,-2.822177,-4.829775,2.189222,0.208020,0.075000,-0.015400
29.000327,-4.634761,2.252318,-2.822962,-4.829775,2.189222,0.204967,0.075000,-0.013940
29.033509,-4.637792,2.251319,-2.823718,-4.829775,2.189222,0.201775,0.075000,-0.012506
29.066595,-4.640672,2.250372,-2.824312,-4.843830,2.185163,0.213367,0.075000,-0.015687
29.100099,-4.642293,2.249839,-2.824466,-4.843830,2.185163,0.211660,0.075000,-0.015578
29.133637,-4.643501,2.249443,-2.824629,-4.843830,2.185163,0.210389,0.075000,-0.015378
29.167018,-4.643501,2.249443,-2.824629,-4.843830,2.185163,0.210389,0.075000,-0.015378
29.200119,-4.643501,2.249443,-2.824629,-4.843830,2.185163,0.210389,0.075000,-0.015378
29.252433,-4.644895,2.248986,-2.824927,-4.843830,2.185163,0.208922,0.075000,-0.014883
29.266875,-4.654761,2.245763,-2.826711,-4.857865,2.181097,0.213150,0.075000,-0.015581
29.300451,-4.656893,2.245069,-2.827083,-4.857865,2.181097,0.210908,0.075000,-0.015032
29.333540,-4.658983,2.244389,-2.827936,-4.857865,2.181097,0.208710,0.075000,-0.013303
29.366773,-4.660876,2.243775,-2.828045,-4.857865,2.181097,0.206721,0.075000,-0.013298
29.400408,-4.663204,2.243021,-2.828206,-4.857865,2.181097,0.204273,0.075000,-0.013222
29.433588,-4.666038,2.242102,-2.828638,-4.857865,2.181097,0.201294,0.075000,-0.012539
29.467066,-4.667956,2.241482,-2.829147,-4.871877,2.177022,0.213866,0.075000,-0.014691
29.500418,-4.670522,2.240653,-2.829496,-4.871877,2.177022,0.211170,0.075000,-0.014241
29.533756,-4.673069,2.239832,-2.829926,-4.871877,2.177022,0.208494,0.075000,-0.013573
29.566597,-4.675017,2.239204,-2.830287,-4.871877,2.177022,0.206447,0.075000,-0.012970
29.600448,-4.677955,2.238259,-2.830810,-4.871877,2.177022,0.203361,0.075000,-0.012077
29.633591,-4.680391,2.237477,-2.831080,-4.871877,2.177022,0.200802,0.075000,-0.011714
29.666601,-4.683350,2.236528,-2.831332,-4.885859,2.172937,0.212259,0.075000,-0.014130
29.700305,-4.685591,2.235809,-2.831870,-4.885859,2.172937,0.209905,0.075000,-0.013167
29.733736,-4.687734,2.235123,-2.832585,-4.885859,2.172937,0.207655,0.075000,-0.011728
29.766603,-4.690637,2.234197,-2.833098,-4.885859,2.172937,0.204608,0.075000,-0.010822
29.800101,-4.692337,2.233655,-2.833252,-4.885859,2.172937,0.202824,0.075000,-0.010633
29.833547,-4.695109,2.232772,-2.833705,-4.899808,2.168839,0.214451,0.075000,-0.012024
29.866626,-4.697911,2.231882,-2.834461,-4.899808,2.168839,0.211511,0.075000,-0.010569
29.900345,-4.699748,2.231299,-2.834786,-4.899808,2.168839,0.209584,0.075000,-0.009990
29.933404,-4.702077,2.230562,-2.835200,-4.899808,2.168839,0.207141,0.075000,-0.009223
29.966757,-4.703470,2.230121,-2.835200,-4.899808,2.168839,0.205680,0.075000,-0.009354
30.000318,-4.703470,2.230121,-2.835200,-4.899808,2.168839,0.205680,0.075000,-0.009354
30.033693,-4.709088,2.228348,-2.836363,-4.913718,2.164726,0.214292,0.075000,-0.008857
30.066594,-4.712051,2.227414,-2.836959,-4.913718,2.164726,0.211186,0.075000,-0.007706
30.100303,-4.713550,2.226943,-2.837283,-4.913718,2.164726,0.209615,0.075000,-0.007047
30.133631,-4.715016,2.226483,-2.837876,-4.913718,2.164726,0.208078,0.075000,-0.005727
30.167150,-4.716912,2.225888,-2.838057,-4.913718,2.164726,0.206091,0.075000,-0.005399
30.200306,-4.716912,2.225888,-2.838057,-4.913718,2.164726,0.206091,0.075000,-0.005399
30.233630,-4.716912,2.225888,-2.838057,-4.913718,2.164726,0.206091,0.075000,-0.005399
30.278976,-4.718656,2.225342,-2.838090,-4.913718,2.164726,0.204263,0.075000,-0.005417
30.300417,-4.727957,2.222436,-2.840270,-4.927586,2.160598,0.208987,0.075000,-0.002229
30.333672,-4.730827,2.221544,-2.840594,-4.927586,2.160598,0.205981,0.075000,-0.001504
30.366586,-4.733688,2.220656,-2.840720,-4.927586,2.160598,0.202986,0.075000,-0.001238
30.400331,-4.735102,2.220217,-2.840964,-4.927586,2.160598,0.201505,0.075000,-0.000652
30.433776,-4.738017,2.219314,-2.841018,-4.941405,2.156452,0.212881,0.075000,-0.001912
30.466601,-4.740914,2.218416,-2.841072,-4.941405,2.156452,0.209847,0.075000,-0.001836
30.500304,-4.742522,2.217918,-2.841256,-4.941405,2.156452,0.208165,0.075000,-0.001424
30.533675,-4.745183,2.217094,-2.841168,-4.941405,2.156452,0.205379,0.075000,-0.001678
30.566616,-4.748056,2.216204,-2.841402,-4.941405,2.156452,0.202371,0.075000,-0.001148
30.600431,-4.749488,2.215761,-2.841375,-4.941405,2.156452,0.200872,0.075000,-0.001232
30.633649,-4.752279,2.214897,-2.841483,-4.955171,2.152287,0.212333,0.075000,-0.001867
30.666609,-4.755170,2.214003,-2.841809,-4.955171,2.152287,0.209306,0.075000,-0.001140
30.700391,-4.756600,2.213561,-2.841809,-4.955171,2.152287,0.207810,0.075000,-0.001156
30.733649,-4.759529,2.212656,-2.842377,-4.955171,2.152287,0.204745,0.075000,0.000199
30.766669,-4.762381,2.211776,-2.842611,-4.955171,2.152287,0.201760,0.075000,0.000790
30.800121,-4.763814,2.211334,-2.842557,-4.955171,2.152287,0.200260,0.075000,0.000666
30.833604,-4.766658,2.210457,-2.842476,-4.968880,2.148101,0.211618,0.075000,-0.000024
30.866631,-4.769536,2.209570,-2.843016,-4.968880,2.148101,0.208606,0.075000,0.001273
30.900410,-4.771173,2.209067,-2.843383,-4.968880,2.148101,0.206894,0.075000,0.002182
30.933780,-4.773848,2.208244,-2.843080,-4.968880,2.148101,0.204095,0.075000,0.001497
30.967073,-4.775328,2.207789,-2.842864,-4.968880,2.148101,0.202547,0.075000,0.000987
31.000163,-4.778721,2.206744,-2.843342,-4.982527,2.143892,0.213278,0.075000,0.002080
31.033658,-4.781161,2.205994,-2.843081,-4.982527,2.143892,0.210725,0.075000,0.001511
31.066628,-4.784036,2.205109,-2.842901,-4.982527,2.143892,0.207717,0.075000,0.001119
31.100389,-4.785884,2.204540,-2.843081,-4.982527,2.143892,0.205784,0.075000,0.001578
31.133673,-4.788166,2.203838,-2.843324,-4.982527,2.143892,0.203396,0.075000,0.002217
31.166766,-4.789549,2.203413,-2.843082,-4.982527,2.143892,0.201948,0.075000,0.001648
31.200302,-4.789549,2.203413,-2.843082,-4.982527,2.143892,0.201948,0.075000,0.001648
31.233548,-4.789549,2.203413,-2.843082,-4.982527,2.143892,0.201948,0.075000,0.001648
31.272665,-4.791109,2.202933,-2.843143,-4.982527,2.143892,0.200316,0.075000,0.001828
31.300212,-4.799667,2.200304,-2.843648,-4.996108,2.139658,0.205589,0.075000,0.003641
31.333447,-4.802862,2.199323,-2.844163,-4.996108,2.139658,0.202247,0.075000,0.005037
31.366989,-4.804327,2.198874,-2.844325,-4.996108,2.139658,0.200715,0.075000,0.005518
31.400382,-4.806748,2.198132,-2.844019,-5.009617,2.135399,0.212347,0.075000,0.005489
31.433768,-4.809572,2.197267,-2.844209,-5.009617,2.135399,0.209393,0.075000,0.006100
31.467041,-4.812415,2.196396,-2.844713,-5.009617,2.135399,0.206420,0.075000,0.007503
31.500343,-4.813848,2.195958,-2.844471,-5.009617,2.135399,0.204922,0.075000,0.007021
31.533703,-4.816719,2.195078,-2.844335,-5.009617,2.135399,0.201919,0.075000,0.006893
31.566601,-4.819610,2.194192,-2.844065,-5.023051,2.131112,0.212995,0.075000,0.007368
31.600408,-4.821074,2.193743,-2.843930,-5.023051,2.131112,0.211464,0.075000,0.007155
31.633608,-4.824071,2.192824,-2.843362,-5.023051,2.131112,0.208330,0.075000,0.006003
31.666616,-4.826933,2.191944,-2.843272,-5.023051,2.131112,0.205336,0.075000,0.005959
31.700330,-4.828341,2.191511,-2.843272,-5.023051,2.131112,0.203862,0.075000,0.006046
31.733680,-4.831116,2.190658,-2.843029,-5.023051,2.131112,0.200959,0.075000,0.005619
31.766604,-4.833879,2.189807,-2.842489,-5.036404,2.126796,0.212101,0.075000,0.005958
31.800309,-4.835287,2.189373,-2.842624,-5.036404,2.126796,0.210627,0.075000,0.006363
31.833546,-4.838107,2.188503,-2.842300,-5.036404,2.126796,0.207676,0.075000,0.005761
31.866591,-4.841030,2.187601,-2.841795,-5.036404,2.126796,0.204617,0.075000,0.004698
31.900396,-4.842473,2.187155,-2.841741,-5.036404,2.126796,0.203107,0.075000,0.004635
31.933517,-4.845331,2.186271,-2.841387,-5.036404,2.126796,0.200115,0.075000,0.003888
31.966818,-4.845331,2.186271,-2.841387,-5.036404,2.126796,0.200115,0.075000,0.003888
32.000382,-4.849670,2.184927,-2.840551,-5.049673,2.122450,0.209534,0.075000,0.004139
32.033770,-4.852500,2.184048,-2.840496,-5.049673,2.122450,0.206570,0.075000,0.004125
32.066634,-4.855342,2.183165,-2.840010,-5.049673,2.122450,0.203594,0.075000,0.003048
32.100137,-4.856987,2.182654,-2.840194,-5.049673,2.122450,0.201872,0.075000,0.003556
32.133629,-4.858243,2.182263,-2.840053,-5.049673,2.122450,0.200556,0.075000,0.003253
32.166784,-4.858243,2.182263,-2.840053,-5.049673,2.122450,0.200556,0.075000,0.003253
32.200412,-4.858243,2.182263,-2.840053,-5.049673,2.122450,0.200556,0.075000,0.003253
32.233710,-4.867015,2.179531,-2.839006,-5.062852,2.118071,0.205255,0.075000,0.003671
32.267075,-4.869832,2.178651,-2.838879,-5.062852,2.118071,0.202303,0.075000,0.003465
32.300484,-4.871239,2.178212,-2.838879,-5.062852,2.118071,0.200829,0.075000,0.003516
32.333463,-4.874095,2.177320,-2.838663,-5.075938,2.113659,0.211644,0.075000,0.006120
32.366616,-4.876930,2.176433,-2.838357,-5.075938,2.113659,0.208674,0.075000,0.005559
32.400271,-4.878358,2.175987,-2.838276,-5.075938,2.113659,0.207178,0.075000,0.005444
32.433788,-4.881200,2.175097,-2.838275,-5.075938,2.113659,0.204200,0.075000,0.005602
32.466655,-4.884134,2.174178,-2.837788,-5.075938,2.113659,0.201125,0.075000,0.004557
32.500391,-4.885604,2.173717,-2.838111,-5.088926,2.109212,0.213308,0.075000,0.008743
32.533780,-4.888406,2.172839,-2.837597,-5.088926,2.109212,0.210373,0.075000,0.007762
32.566666,-4.891228,2.171954,-2.837354,-5.088926,2.109212,0.207414,0.075000,0.007394
32.600214,-4.892832,2.171450,-2.837354,-5.088926,2.109212,0.205733,0.075000,0.007516
32.633731,-4.895463,2.170624,-2.837307,-5.088926,2.109212,0.202976,0.075000,0.007605
32.666677,-4.898310,2.169730,-2.837199,-5.101812,2.104729,0.213631,0.075000,0.011176
32.700303,-4.899763,2.169273,-2.837253,-5.101812,2.104729,0.212108,0.075000,0.011464
32.733424,-4.902632,2.168372,-2.837090,-5.101812,2.104729,0.209100,0.075000,0.011407
32.767051,-4.905558,2.167452,-2.836495,-5.101812,2.104729,0.206034,0.075000,0.010302
32.800216,-4.906980,2.167004,-2.836387,-5.101812,2.104729,0.204543,0.075000,0.010188
32.833532,-4.909853,2.166099,-2.835982,-5.101812,2.104729,0.201531,0.075000,0.009487
32.866603,-4.912636,2.165221,-2.835477,-5.114591,2.100208,0.212162,0.075000,0.012548
32.900361,-4.913997,2.164790,-2.835477,-5.114591,2.100208,0.210734,0.075000,0.012719
32.933552,-4.916797,2.163905,-2.835151,-5.114591,2.100208,0.207798,0.075000,0.012296
32.966745,-4.916797,2.163905,-2.835151,-5.114591,2.100208,0.207798,0.075000,0.012296
33.000224,-4.921083,2.162548,-2.834360,-5.114591,2.100208,0.203302,0.075000,0.010882
33.033675,-4.921083,2.162548,-2.834360,-5.114591,2.100208,0.203302,0.075000,0.010882
33.066612,-4.926833,2.160722,-2.834045,-5.127260,2.095648,0.210726,0.075000,0.015175
33.100190,-4.928304,2.160255,-2.833694,-5.127260,2.095648,0.209184,0.075000,0.014561
33.133661,-4.929745,2.159797,-2.833261,-5.127260,2.095648,0.207671,0.075000,0.013732
33.166940,-4.929745,2.159797,-2.833261,-5.127260,2.095648,0.207671,0.075000,0.013732
33.200420,-4.929745,2.159797,-2.833261,-5.127260,2.095648,0.207671,0.075000,0.013732
33.233757,-4.938219,2.157093,-2.831684,-5.139814,2.091047,0.212138,0.075000,0.015758
33.266605,-4.941062,2.156182,-2.831558,-5.139814,2.091047,0.209153,0.075000,0.015908
33.300357,-4.942637,2.155678,-2.831100,-5.139814,2.091047,0.207499,0.075000,0.015060
33.333725,-4.945440,2.154778,-2.830253,-5.139814,2.091047,0.204556,0.075000,0.013419
33.366594,-4.948449,2.153808,-2.828867,-5.139814,2.091047,0.201394,0.075000,0.010392
33.400356,-4.949868,2.153349,-2.828569,-5.152249,2.086405,0.213166,0.075000,0.015080
33.433521,-4.952642,2.152452,-2.828623,-5.152249,2.086405,0.210250,0.075000,0.015630
33.466610,-4.955562,2.151507,-2.828839,-5.152249,2.086405,0.207181,0.075000,0.016620
33.500332,-4.956948,2.151059,-2.828462,-5.152249,2.086405,0.205725,0.075000,0.015940
33.533516,-4.959674,2.150176,-2.828652,-5.152249,2.086405,0.202859,0.075000,0.016861
33.566887,-4.961552,2.149569,-2.828473,-5.152249,2.086405,0.200886,0.075000,0.016747
33.600348,-4.963960,2.148789,-2.827886,-5.164562,2.081721,0.211516,0.075000,0.021141
33.633699,-4.966875,2.147842,-2.827076,-5.164562,2.081721,0.208451,0.075000,0.019817
33.666993,-4.968749,2.147233,-2.826643,-5.164562,2.081721,0.206481,0.075000,0.019148
33.700461,-4.971127,2.146458,-2.825717,-5.164562,2.081721,0.203980,0.075000,0.017347
33.733733,-4.974085,2.145490,-2.824336,-5.164562,2.081721,0.200868,0.075000,0.014435
33.766614,-4.976941,2.144551,-2.823415,-5.176747,2.076993,0.210919,0.075000,0.018669
33.800439,-4.978455,2.144053,-2.823078,-5.176747,2.076993,0.209325,0.075000,0.018150
33.833595,-4.981083,2.143186,-2.822317,-5.176747,2.076993,0.206558,0.075000,0.016793
33.867018,-4.983024,2.142544,-2.821881,-5.176747,2.076993,0.204513,0.075000,0.016063
33.900398,-4.985859,2.141605,-2.821112,-5.176747,2.076993,0.201527,0.075000,0.014630
33.933485,-4.988331,2.140784,-2.820479,-5.188802,2.072219,0.211872,0.075000,0.019899
33.966778,-4.989815,2.140290,-2.820047,-5.188802,2.072219,0.210309,0.075000,0.019167
34.000196,-4.992747,2.139313,-2.818802,-5.188802,2.072219,0.207218,0.075000,0.016732
34.033619,-4.995542,2.138377,-2.818425,-5.188802,2.072219,0.204270,0.075000,0.016288
34.066605,-4.998325,2.137445,-2.817523,-5.188802,2.072219,0.201336,0.075000,0.014520
34.100375,-4.999740,2.136969,-2.817280,-5.200723,2.067400,0.212683,0.075000,0.020981
34.133547,-5.001152,2.136495,-2.816927,-5.200723,2.067400,0.211194,0.075000,0.020441
34.167094,-5.001152,2.136495,-2.816927,-5.200723,2.067400,0.211194,0.075000,0.020441
34.200289,-5.001152,2.136495,-2.816927,-5.200723,2.067400,0.211194,0.075000,0.020441
34.235624,-5.003261,2.135785,-2.816473,-5.200723,2.067400,0.208968,0.075000,0.019793
34.266609,-5.012467,2.132675,-2.814511,-5.212505,2.062534,0.211979,0.075000,0.023966
34.300343,-5.013909,2.132185,-2.813647,-5.212505,2.062534,0.210455,0.075000,0.022263
34.333664,-5.016779,2.131208,-2.812807,-5.212505,2.062534,0.207424,0.075000,0.020885
34.366595,-5.019602,2.130244,-2.812052,-5.212505,2.062534,0.204441,0.075000,0.019644
34.400443,-5.020999,2.129767,-2.811916,-5.212505,2.062534,0.202965,0.075000,0.019597
34.433754,-5.023801,2.128807,-2.810998,-5.212505,2.062534,0.200003,0.075000,0.017880
34.466612,-5.026706,2.127809,-2.810043,-5.224145,2.057620,0.209544,0.075000,0.023903
34.500053,-5.028128,2.127320,-2.809611,-5.224145,2.057620,0.208040,0.075000,0.023211
34.533655,-5.031016,2.126324,-2.808800,-5.224145,2.057620,0.204986,0.075000,0.021921
34.566947,-5.032912,2.125668,-2.807795,-5.224145,2.057620,0.202980,0.075000,0.019883
34.600244,-5.035314,2.124835,-2.806727,-5.224145,2.057620,0.200438,0.075000,0.017715
34.633549,-5.038180,2.123837,-2.806077,-5.235640,2.052657,0.209897,0.075000,0.024924
34.666619,-5.040921,2.122881,-2.805808,-5.235640,2.052657,0.206995,0.075000,0.024975
34.700407,-5.042272,2.122409,-2.805458,-5.235640,2.052657,0.205564,0.075000,0.024472
34.733545,-5.045076,2.121429,-2.804592,-5.235640,2.052657,0.202594,0.075000,0.023050
34.766618,-5.047856,2.120454,-2.803746,-5.246985,2.047644,0.212023,0.075000,0.029933
34.800334,-5.049457,2.119892,-2.803317,-5.246985,2.047644,0.210326,0.075000,0.029399
34.833531,-5.052122,2.118954,-2.802612,-5.246985,2.047644,0.207501,0.075000,0.028504
34.866620,-5.054908,2.117971,-2.801546,-5.246985,2.047644,0.204547,0.075000,0.026719
34.900399,-5.056338,2.117465,-2.800682,-5.246985,2.047644,0.203030,0.075000,0.024994
34.933695,-5.059259,2.116428,-2.799492,-5.258178,2.042581,0.212184,0.075000,0.031499
34.966878,-5.059259,2.116428,-2.799492,-5.258178,2.042581,0.212184,0.075000,0.031499
35.000346,-5.063401,2.114951,-2.798059,-5.258178,2.042581,0.207787,0.075000,0.029379
35.033374,-5.066217,2.113943,-2.797412,-5.258178,2.042581,0.204796,0.075000,0.028660
35.066598,-5.069018,2.112939,-2.796456,-5.258178,2.042581,0.201821,0.075000,0.027136
35.100337,-5.070334,2.112466,-2.796159,-5.258178,2.042581,0.200423,0.075000,0.026775
35.133635,-5.071629,2.112000,-2.795834,-5.269215,2.037467,0.211176,0.075000,0.035400
35.166756,-5.073732,2.111242,-2.795090,-5.269215,2.037467,0.208941,0.075000,0.034381
35.200333,-5.073732,2.111242,-2.795090,-5.269215,2.037467,0.208941,0.075000,0.034381
35.249958,-5.074852,2.110837,-2.794572,-5.269215,2.037467,0.207750,0.075000,0.033529
35.266593,-5.082929,2.107902,-2.790310,-5.280092,2.032302,0.211160,0.075000,0.035207
35.300235,-5.084386,2.107369,-2.789447,-5.280092,2.032302,0.209609,0.075000,0.033673
35.333656,-5.087080,2.106378,-2.787968,-5.280092,2.032302,0.206739,0.075000,0.031026
35.366597,-5.089907,2.105333,-2.787068,-5.280092,2.032302,0.203725,0.075000,0.029734
35.400319,-5.091538,2.104729,-2.786361,-5.280092,2.032302,0.201986,0.075000,0.028499
35.433610,-5.094424,2.103658,-2.785063,-5.290807,2.027083,0.210784,0.075000,0.036200
35.466592,-5.097018,2.102691,-2.784336,-5.290807,2.027083,0.208016,0.075000,0.035417
35.500368,-5.098593,2.102104,-2.783911,-5.290807,2.027083,0.206336,0.075000,0.034968
35.533417,-5.101597,2.100980,-2.782815,-5.290807,2.027083,0.203129,0.075000,0.033376
35.566604,-5.103845,2.100137,-2.781893,-5.290807,2.027083,0.200728,0.075000,0.031876
35.600376,-5.105192,2.099630,-2.781216,-5.301356,2.021812,0.211036,0.075000,0.040939
35.633490,-5.107944,2.098592,-2.779920,-5.301356,2.021812,0.208094,0.075000,0.038980
35.666604,-5.110687,2.097553,-2.778568,-5.301356,2.021812,0.205162,0.075000,0.036797
35.700378,-5.112056,2.097033,-2.778163,-5.301356,2.021812,0.203698,0.075000,0.036333
35.733603,-5.114901,2.095950,-2.776459,-5.301356,2.021812,0.200654,0.075000,0.033182
35.766604,-5.117746,2.094861,-2.775109,-5.311736,2.016487,0.209224,0.075000,0.041757
35.800364,-5.119128,2.094331,-2.774458,-5.311736,2.016487,0.207744,0.075000,0.040789
35.833564,-5.121932,2.093252,-2.772918,-5.311736,2.016487,0.204740,0.075000,0.038222
35.866595,-5.124793,2.092144,-2.770178,-5.311736,2.016487,0.201672,0.075000,0.032578
35.900360,-5.126196,2.091598,-2.769072,-5.311736,2.016487,0.200167,0.075000,0.030308
35.933686,-5.128975,2.090511,-2.767611,-5.321945,2.011109,0.208667,0.075000,0.039237
35.966760,-5.128975,2.090511,-2.767611,-5.321945,2.011109,0.208667,0.075000,0.039237
36.000393,-5.133267,2.088823,-2.765928,-5.321945,2.011109,0.204056,0.075000,0.036874
36.033651,-5.136090,2.087708,-2.764146,-5.321945,2.011109,0.201020,0.075000,0.033550
36.066592,-5.138758,2.086649,-2.762459,-5.331978,2.005676,0.209501,0.075000,0.042260
36.100471,-5.140603,2.085914,-2.761527,-5.331978,2.005676,0.207515,0.075000,0.040828
36.133637,-5.141557,2.085533,-2.761090,-5.331978,2.005676,0.206488,0.075000,0.040178
36.166748,-5.141557,2.085533,-2.761090,-5.331978,2.005676,0.206488,0.075000,0.040178
36.200384,-5.141557,2.085533,-2.761090,-5.331978,2.005676,0.206488,0.075000,0.040178
36.235645,-5.143514,2.084751,-2.760265,-5.331978,2.005676,0.204381,0.075000,0.038992
36.266605,-5.152640,2.081063,-2.753814,-5.341834,2.000188,0.205755,0.075000,0.039323
36.300389,-5.153861,2.080564,-2.753032,-5.341834,2.000188,0.204436,0.075000,0.037918
36.333550,-5.156495,2.079485,-2.751410,-5.341834,2.000188,0.201590,0.075000,0.034964
36.366609,-5.159346,2.078311,-2.749177,-5.351509,1.994646,0.209587,0.075000,0.043460
36.400273,-5.160746,2.077731,-2.748202,-5.351509,1.994646,0.208071,0.075000,0.041752
36.433495,-5.162182,2.077135,-2.747362,-5.351509,1.994646,0.206517,0.075000,0.040351
36.466643,-5.166581,2.075298,-2.742383,-5.351509,1.994646,0.201751,0.075000,0.029861
36.500393,-5.168077,2.074667,-2.740818,-5.351509,1.994646,0.200126,0.075000,0.026438
36.533729,-5.170993,2.073430,-2.739006,-5.361001,1.989048,0.207903,0.075000,0.036901
36.566582,-5.173816,2.072227,-2.738248,-5.361001,1.989048,0.204834,0.075000,0.036159
36.600341,-5.175202,2.071635,-2.737789,-5.361001,1.989048,0.203328,0.075000,0.035569
36.633459,-5.177928,2.070470,-2.736709,-5.361001,1.989048,0.200363,0.075000,0.033924
36.666643,-5.180586,2.069330,-2.736022,-5.370308,1.983396,0.208276,0.075000,0.047375
36.700339,-5.181873,2.068778,-2.735401,-5.370308,1.983396,0.206876,0.075000,0.046516
36.733700,-5.184498,2.067648,-2.734374,-5.370308,1.983396,0.204019,0.075000,0.045303
36.766635,-5.187249,2.066461,-2.733643,-5.370308,1.983396,0.201023,0.075000,0.044842
36.800370,-5.188638,2.065860,-2.733102,-5.379426,1.977688,0.210177,0.075000,0.058093
36.833530,-5.191436,2.064648,-2.731940,-5.379426,1.977688,0.207129,0.075000,0.057000
36.866621,-5.194105,2.063488,-2.730156,-5.379426,1.977688,0.204220,0.075000,0.054253
36.900152,-5.195416,2.062916,-2.729185,-5.379426,1.977688,0.202790,0.075000,0.052626
36.933708,-5.198219,2.061688,-2.727155,-5.388354,1.971925,0.210259,0.075000,0.063357
36.966773,-5.199648,2.061060,-2.726345,-5.388354,1.971925,0.208698,0.075000,0.062368
37.000448,-5.202531,2.059787,-2.723812,-5.388354,1.971925,0.205548,0.075000,0.058118
37.033604,-5.205078,2.058654,-2.721518,-5.388354,1.971925,0.202761,0.075000,0.054050
37.066617,-5.207870,2.057405,-2.718685,-5.397089,1.966106,0.210093,0.075000,0.063406
37.100415,-5.209364,2.056733,-2.717562,-5.397089,1.966106,0.208456,0.075000,0.061713
37.133726,-5.210512,2.056215,-2.716758,-5.397089,1.966106,0.207197,0.075000,0.060526
37.166801,-5.210512,2.056215,-2.716758,-5.397089,1.966106,0.207197,0.075000,0.060526
37.200174,-5.210512,2.056215,-2.716758,-5.397089,1.966106,0.207197,0.075000,0.060526
37.244290,-5.211893,2.055590,-2.715403,-5.397089,1.966106,0.205681,0.075000,0.058128
37.267051,-5.220087,2.051831,-2.705901,-5.405629,1.960233,0.206920,0.075000,0.055296
37.300426,-5.222802,2.050564,-2.702895,-5.405629,1.960233,0.203925,0.075000,0.049538
37.333450,-5.225510,2.049293,-2.701704,-5.405629,1.960233,0.200934,0.075000,0.048051
37.366629,-5.228250,2.048002,-2.699957,-5.413971,1.954305,0.208018,0.075000,0.061550
37.400377,-5.229643,2.047344,-2.699109,-5.413971,1.954305,0.206478,0.075000,0.060420
37.433589,-5.232398,2.046036,-2.697067,-5.413971,1.954305,0.203430,0.075000,0.057208
37.466617,-5.235153,2.044723,-2.695801,-5.413971,1.954305,0.200378,0.075000,0.055793
37.500485,-5.236515,2.044072,-2.695074,-5.422115,1.948322,0.208842,0.075000,0.071253
37.533463,-5.239295,2.042740,-2.693395,-5.422115,1.948322,0.205762,0.075000,0.069307
37.566640,-5.241997,2.041439,-2.691422,-5.422115,1.948322,0.202763,0.075000,0.066493
37.600389,-5.243407,2.040758,-2.690098,-5.422115,1.948322,0.201198,0.075000,0.064242
37.633746,-5.246263,2.039371,-2.687475,-5.430057,1.942285,0.207860,0.075000,0.076626
37.666617,-5.248887,2.038089,-2.685048,-5.430057,1.942285,0.204941,0.075000,0.072890
37.700324,-5.250190,2.037449,-2.683783,-5.430057,1.942285,0.203490,0.075000,0.070826
37.733607,-5.252863,2.036129,-2.680399,-5.430057,1.942285,0.200510,0.075000,0.064490
37.766510,-5.255335,2.034899,-2.676797,-5.437796,1.936194,0.207447,0.075000,0.074906
37.800230,-5.256580,2.034274,-2.675041,-5.437796,1.936194,0.206055,0.075000,0.071662
37.833661,-5.259193,2.032955,-2.671415,-5.437796,1.936194,0.203130,0.075000,0.064785
37.866806,-5.260914,2.032081,-2.668988,-5.437796,1.936194,0.201200,0.075000,0.060004
37.900374,-5.263148,2.030937,-2.666771,-5.445330,1.930050,0.208251,0.075000,0.074202
37.933520,-5.265782,2.029581,-2.664553,-5.445330,1.930050,0.205290,0.075000,0.070938
37.966828,-5.265782,2.029581,-2.664553,-5.445330,1.930050,0.205290,0.075000,0.070938
38.000436,-5.269803,2.027493,-2.659060,-5.445330,1.930050,0.200761,0.075000,0.060393
38.033655,-5.272429,2.026115,-2.656466,-5.452658,1.923853,0.207220,0.075000,0.074731
38.067022,-5.274148,2.025209,-2.655178,-5.452658,1.923853,0.205277,0.075000,0.073018
38.100159,-5.276426,2.024003,-2.652935,-5.452658,1.923853,0.202701,0.075000,0.069337
38.133609,-5.277729,2.023310,-2.651668,-5.452658,1.923853,0.201226,0.075000,0.067211
38.166929,-5.277729,2.023310,-2.651668,-5.452658,1.923853,0.201226,0.075000,0.067211
38.200244,-5.277729,2.023310,-2.651668,-5.452658,1.923853,0.201226,0.075000,0.067211
38.237935,-5.279210,2.022520,-2.650690,-5.459778,1.917604,0.208836,0.075000,0.084866
38.267089,-5.288636,2.017433,-2.641407,-5.466689,1.911304,0.207283,0.075000,0.090026
38.300364,-5.290384,2.016478,-2.639087,-5.466689,1.911304,0.205293,0.075000,0.086134
38.333545,-5.292587,2.015266,-2.636425,-5.466689,1.911304,0.202780,0.075000,0.081698
38.366590,-5.295127,2.013857,-2.632485,-5.473388,1.904952,0.208896,0.075000,0.094063
38.400352,-5.296466,2.013110,-2.630809,-5.473388,1.904952,0.207363,0.075000,0.091421
38.433643,-5.299122,2.011618,-2.627025,-5.473388,1.904952,0.204320,0.075000,0.084874
38.466620,-5.301680,2.010169,-2.623635,-5.473388,1.904952,0.201381,0.075000,0.078929
38.500355,-5.302985,2.009425,-2.621855,-5.479876,1.898551,0.208767,0.075000,0.096136
38.533710,-5.305646,2.007900,-2.617715,-5.479876,1.898551,0.205702,0.075000,0.088930
38.566915,-5.308127,2.006464,-2.614981,-5.479876,1.898551,0.202837,0.075000,0.084702
38.600338,-5.309434,2.005704,-2.613521,-5.479876,1.898551,0.201326,0.075000,0.082356
38.633647,-5.312046,2.004177,-2.609574,-5.486151,1.892101,0.207059,0.075000,0.096404
38.666922,-5.314521,2.002717,-2.605967,-5.486151,1.892101,0.204188,0.075000,0.090280
38.700295,-5.315939,2.001875,-2.603818,-5.486151,1.892101,0.202540,0.075000,0.086453
38.733693,-5.318393,2.000409,-2.600051,-5.492211,1.885603,0.208310,0.075000,0.101207
38.766583,-5.321031,1.998820,-2.596348,-5.492211,1.885603,0.205234,0.075000,0.095225
38.800367,-5.322363,1.998012,-2.594507,-5.492211,1.885603,0.203677,0.075000,0.092170
38.833670,-5.324942,1.996438,-2.590350,-5.492211,1.885603,0.200657,0.075000,0.084577
38.866616,-5.327480,1.994874,-2.586654,-5.498056,1.879057,0.206179,0.075000,0.100699
38.900370,-5.328738,1.994094,-2.585036,-5.498056,1.879057,0.204700,0.075000,0.098211
38.933614,-5.331301,1.992497,-2.581518,-5.498056,1.879057,0.201682,0.075000,0.092427
38.970381,-5.333036,1.991409,-2.578801,-5.503685,1.872466,0.208011,0.075000,0.110339
38.999987,-5.335310,1.989972,-2.575356,-5.503685,1.872466,0.205324,0.075000,0.104840
39.033590,-5.337577,1.988528,-2.571494,-5.503685,1.872466,0.202639,0.075000,0.098086
39.066489,-5.340182,1.986854,-2.567401,-5.509098,1.865830,0.207796,0.075000,0.114273
39.100238,-5.340182,1.986854,-2.567401,-5.509098,1.865830,0.207796,0.075000,0.114273
39.133696,-5.342811,1.985150,-2.563054,-5.509098,1.865830,0.204666,0.075000,0.107150
39.166751,-5.344695,1.983920,-2.560055,-5.509098,1.865830,0.202419,0.075000,0.102140
39.200263,-5.344695,1.983920,-2.560055,-5.509098,1.865830,0.202419,0.075000,0.102140
39.248434,-5.345692,1.983264,-2.558332,-5.509098,1.865830,0.201227,0.075000,0.099076
39.266609,-5.352691,1.978594,-2.546025,-5.514292,1.859150,0.200952,0.075000,0.101838
39.300344,-5.353947,1.977743,-2.543920,-5.519269,1.852428,0.207449,0.075000,0.122707
39.333684,-5.356437,1.976045,-2.540293,-5.519269,1.852428,0.204439,0.075000,0.117453
39.366609,-5.359046,1.974251,-2.535717,-5.519269,1.852428,0.201277,0.075000,0.109778
39.400414,-5.360347,1.973350,-2.533665,-5.524027,1.845665,0.207593,0.075000,0.131324
39.433719,-5.362816,1.971628,-2.529451,-5.524027,1.845665,0.204587,0.075000,0.124898
39.466826,-5.365172,1.969970,-2.523912,-5.524027,1.845665,0.201709,0.075000,0.114728
39.500306,-5.366354,1.969130,-2.521021,-5.524027,1.845665,0.200261,0.075000,0.109184
39.533723,-5.368739,1.967421,-2.516541,-5.528567,1.838863,0.205115,0.075000,0.127526
39.566609,-5.371197,1.965644,-2.511652,-5.528567,1.838863,0.202086,0.075000,0.119258
39.600372,-5.372569,1.964644,-2.508822,-5.528567,1.838863,0.200390,0.075000,0.114233
39.633673,-5.374824,1.962986,-2.504335,-5.532887,1.832023,0.205269,0.075000,0.133050
39.666974,-5.377277,1.961165,-2.499191,-5.532887,1.832023,0.202219,0.075000,0.124352
39.700390,-5.378516,1.960238,-2.496577,-5.532887,1.832023,0.200673,0.075000,0.119769
39.733679,-5.381054,1.958324,-2.492435,-5.536988,1.825146,0.205065,0.075000,0.140592
39.766616,-5.383234,1.956666,-2.487924,-5.536988,1.825146,0.202331,0.075000,0.133253
39.800429,-5.384431,1.955749,-2.485520,-5.536988,1.825146,0.200825,0.075000,0.129280
39.833596,-5.386931,1.953819,-2.480215,-5.540870,1.818234,0.205135,0.075000,0.147885
39.866692,-5.389225,1.952030,-2.475652,-5.540870,1.818234,0.202231,0.075000,0.140864
39.900124,-5.390480,1.951044,-2.472812,-5.540870,1.818234,0.200638,0.075000,0.136044
39.933699,-5.392894,1.949130,-2.466744,-5.544532,1.811290,0.204924,0.075000,0.153420
39.966696,-5.395214,1.947269,-2.461531,-5.544532,1.811290,0.201955,0.075000,0.145036
40.000411,-5.396410,1.946302,-2.458963,-5.544532,1.811290,0.200421,0.075000,0.140871
40.033733,-5.398801,1.944353,-2.453747,-5.547976,1.804314,0.204606,0.075000,0.161105
40.066626,-5.401119,1.942443,-2.448192,-5.547976,1.804314,0.201610,0.075000,0.152135
40.100217,-5.402277,1.941481,-2.445360,-5.547976,1.804314,0.200107,0.075000,0.147365
40.133565,-5.404532,1.939590,-2.438735,-5.551200,1.797309,0.204342,0.075000,0.164696
40.166784,-5.404532,1.939590,-2.438735,-5.551200,1.797309,0.204342,0.075000,0.164696
40.200281,-5.404532,1.939590,-2.438735,-5.551200,1.797309,0.204342,0.075000,0.164696
40.250251,-5.406244,1.938140,-2.433392,-5.551200,1.797309,0.202103,0.075000,0.155177
40.266662,-5.412466,1.932731,-2.416075,-5.554206,1.790276,0.200957,0.075000,0.155155
40.300404,-5.413429,1.931877,-2.413202,-5.556993,1.783217,0.206665,0.075000,0.179940
40.333633,-5.415672,1.929870,-2.406895,-5.556993,1.783217,0.203663,0.075000,0.169785
40.366623,-5.417922,1.927832,-2.400882,-5.556993,1.783217,0.200635,0.075000,0.159948
40.400210,-5.419034,1.926815,-2.397668,-5.559563,1.776135,0.206040,0.075000,0.185021
40.433658,-5.421188,1.924826,-2.390315,-5.559563,1.776135,0.203117,0.075000,0.172269
40.466629,-5.423272,1.922872,-2.382360,-5.559563,1.776135,0.200267,0.075000,0.157328
40.500382,-5.424356,1.921844,-2.379017,-5.561916,1.769031,0.205608,0.075000,0.182945
40.533527,-5.426511,1.919777,-2.372608,-5.561916,1.769031,0.202630,0.075000,0.172528
40.566625,-5.428691,1.917662,-2.366052,-5.564053,1.761908,0.206354,0.075000,0.193133
40.600334,-5.429796,1.916579,-2.362866,-5.564053,1.761908,0.204812,0.075000,0.188296
40.633645,-5.431974,1.914423,-2.356621,-5.564053,1.761908,0.201756,0.075000,0.178555
40.666605,-5.434228,1.912165,-2.350014,-5.565974,1.754768,0.205258,0.075000,0.200258
40.700288,-5.435259,1.911120,-2.346377,-5.565974,1.754768,0.203795,0.075000,0.194248
40.733759,-5.437371,1.908959,-2.338528,-5.565974,1.754768,0.200783,0.075000,0.180562
40.766635,-5.439559,1.906684,-2.330458,-5.567680,1.747612,0.204252,0.075000,0.199575
40.800477,-5.440609,1.905579,-2.326084,-5.567680,1.747612,0.202733,0.075000,0.191825
40.833598,-5.442509,1.903551,-2.317380,-5.569173,1.740444,0.206513,0.075000,0.208673
40.866826,-5.444515,1.901375,-2.309536,-5.569173,1.740444,0.203564,0.075000,0.195495
40.900324,-5.445511,1.900282,-2.305997,-5.569173,1.740444,0.202090,0.075000,0.189629
40.933737,-5.446484,1.899206,-2.302275,-5.569173,1.740444,0.200643,0.075000,0.183125
40.966832,-5.448479,1.896974,-2.294242,-5.570453,1.733266,0.204151,0.075000,0.203307
41.005354,-5.450527,1.894646,-2.285958,-5.570453,1.733266,0.201062,0.075000,0.188991
41.033764,-5.452327,1.892566,-2.278396,-5.571522,1.726079,0.204756,0.075000,0.210357
41.066589,-5.454387,1.890147,-2.270665,-5.571522,1.726079,0.201591,0.075000,0.197827
41.100318,-5.455447,1.888888,-2.266486,-5.572381,1.718888,0.206334,0.075000,0.225446
41.133487,-5.457273,1.886694,-2.259337,-5.572381,1.718888,0.203491,0.075000,0.214234
41.166918,-5.457273,1.886694,-2.259337,-5.572381,1.718888,0.203491,0.075000,0.214234
41.200326,-5.459263,1.884265,-2.251325,-5.572381,1.718888,0.200362,0.075000,0.200978
41.233828,-5.459263,1.884265,-2.251325,-5.572381,1.718888,0.200362,0.075000,0.200978
41.266864,-5.459263,1.884265,-2.251325,-5.572381,1.718888,0.200362,0.075000,0.200978
41.300261,-5.459263,1.884265,-2.251325,-5.572381,1.718888,0.200362,0.075000,0.200978
41.333386,-5.466823,1.874662,-2.220131,-5.573473,1.704498,0.200824,0.075000,0.222483
41.366661,-5.468640,1.872259,-2.211882,-5.573710,1.697305,0.204080,0.075000,0.245221
41.400266,-5.469515,1.871087,-2.207826,-5.573710,1.697305,0.202625,0.075000,0.238796
41.433663,-5.471335,1.868614,-2.197692,-5.573743,1.690117,0.205788,0.075000,0.257120
41.466606,-5.473067,1.866213,-2.188156,-5.573743,1.690117,0.202843,0.075000,0.241181
41.500587,-5.473902,1.865036,-2.183363,-5.573743,1.690117,0.201407,0.075000,0.232788
41.533739,-5.475628,1.862567,-2.173477,-5.573573,1.682937,0.204598,0.075000,0.252450
41.566631,-5.477267,1.860175,-2.164455,-5.573573,1.682937,0.201714,0.075000,0.237398
41.600417,-5.478127,1.858901,-2.159385,-5.573573,1.682937,0.200183,0.075000,0.228434
41.633728,-5.479794,1.856390,-2.149624,-5.573202,1.675767,0.203346,0.075000,0.249290
41.666943,-5.481437,1.853863,-2.140472,-5.573202,1.675767,0.200347,0.075000,0.234000
41.700169,-5.482242,1.852607,-2.135658,-5.572632,1.668610,0.205001,0.075000,0.263460
41.733732,-5.483754,1.850207,-2.125456,-5.572632,1.668610,0.202180,0.075000,0.245684
41.766669,-5.484767,1.848572,-2.118911,-5.572632,1.668610,0.200266,0.075000,0.234139
41.800172,-5.486069,1.846430,-2.110345,-5.571866,1.661469,0.203891,0.075000,0.257568
41.833501,-5.487594,1.843869,-2.100306,-5.571866,1.661469,0.200926,0.075000,0.240279
41.866612,-5.489157,1.841183,-2.089128,-5.570904,1.654348,0.203937,0.075000,0.259132
41.900575,-5.489920,1.839845,-2.084140,-5.570904,1.654348,0.202405,0.075000,0.250815
41.933670,-5.490649,1.838552,-2.079165,-5.570904,1.654348,0.200928,0.075000,0.242195
41.967233,-5.492116,1.835903,-2.069134,-5.569749,1.647248,0.204004,0.075000,0.264065
42.000281,-5.492116,1.835903,-2.069134,-5.569749,1.647248,0.204004,0.075000,0.264065
42.033637,-5.492116,1.835903,-2.069134,-5.569749,1.647248,0.204004,0.075000,0.264065
42.067052,-5.492116,1.835903,-2.069134,-5.569749,1.647248,0.204004,0.075000,0.264065
42.100343,-5.492116,1.835903,-2.069134,-5.569749,1.647248,0.204004,0.075000,0.264065
42.133472,-5.492116,1.835903,-2.069134,-5.569749,1.647248,0.204004,0.075000,0.264065
42.166786,-5.492116,1.835903,-2.069134,-5.569749,1.647248,0.204004,0.075000,0.264065
42.200128,-5.500262,1.819879,-2.007513,-5.565150,1.626109,0.204346,0.075000,0.277320
42.233595,-5.500262,1.819879,-2.007513,-5.565150,1.626109,0.204346,0.075000,0.277320
42.266788,-5.500262,1.819879,-2.007513,-5.565150,1.626109,0.204346,0.075000,0.277320
42.300476,-5.502132,1.815822,-1.991536,-5.563246,1.619126,0.205972,0.075000,0.289383
42.333549,-5.502132,1.815822,-1.991536,-5.563246,1.619126,0.205972,0.075000,0.289383
42.366767,-5.502132,1.815822,-1.991536,-5.563246,1.619126,0.205972,0.075000,0.289383
42.402236,-5.502729,1.814488,-1.985860,-5.563246,1.619126,0.204521,0.075000,0.279723
42.433489,-5.507356,1.803402,-1.941994,-5.558896,1.605274,0.204722,0.075000,0.284382
42.466603,-5.508482,1.800487,-1.930039,-5.558896,1.605274,0.201617,0.075000,0.263643
42.500353,-5.509066,1.798930,-1.923525,-5.556455,1.598412,0.206042,0.075000,0.292083
42.533682,-5.510031,1.796290,-1.913075,-5.556455,1.598412,0.203251,0.075000,0.274540
42.566881,-5.511020,1.793490,-1.901489,-5.556455,1.598412,0.200300,0.075000,0.253840
42.600273,-5.511760,1.791333,-1.893196,-5.553841,1.591596,0.204122,0.075000,0.280485
42.633583,-5.512477,1.789175,-1.884924,-5.553841,1.591596,0.201863,0.075000,0.266388
42.666618,-5.513410,1.786281,-1.874497,-5.551055,1.584829,0.204938,0.075000,0.289556
42.700279,-5.513857,1.784855,-1.869428,-5.551055,1.584829,0.203455,0.075000,0.281422
42.733731,-5.514758,1.781896,-1.858047,-5.551055,1.584829,0.200381,0.075000,0.261787
42.766615,-5.515624,1.778939,-1.847393,-5.548101,1.578116,0.203433,0.075000,0.285118
42.800391,-5.516040,1.777473,-1.841888,-5.548101,1.578116,0.201919,0.075000,0.275867
42.833565,-5.516844,1.774549,-1.830533,-5.544981,1.571458,0.205031,0.075000,0.296944
42.866613,-5.517623,1.771592,-1.819801,-5.544981,1.571458,0.201995,0.075000,0.279469
42.900258,-5.518007,1.770081,-1.813813,-5.544981,1.571458,0.200446,0.075000,0.268961
42.933652,-5.518711,1.767206,-1.802704,-5.541699,1.564860,0.203648,0.075000,0.290955
42.966837,-5.518711,1.767206,-1.802704,-5.541699,1.564860,0.203648,0.075000,0.290955
43.000343,-5.519820,1.762383,-1.784023,-5.538257,1.558324,0.204890,0.075000,0.299692
43.033650,-5.520345,1.759933,-1.774529,-5.538257,1.558324,0.202403,0.075000,0.283750
43.066603,-5.520956,1.756933,-1.762262,-5.534658,1.551854,0.205536,0.075000,0.302685
43.100352,-5.521319,1.755059,-1.754902,-5.534658,1.551854,0.203642,0.075000,0.290405
43.133689,-5.521504,1.754064,-1.750918,-5.534658,1.551854,0.202637,0.075000,0.283530
43.167034,-5.522130,1.750561,-1.737406,-5.530906,1.545454,0.205295,0.075000,0.300866
43.200126,-5.522302,1.749539,-1.733579,-5.530906,1.545454,0.204267,0.075000,0.294608
43.233520,-5.522302,1.749539,-1.733579,-5.530906,1.545454,0.204267,0.075000,0.294608
43.273609,-5.522574,1.747885,-1.727635,-5.530906,1.545454,0.202603,0.075000,0.284900
43.300257,-5.523696,1.740197,-1.696286,-5.527003,1.539125,0.201098,0.075000,0.270586
43.333672,-5.524009,1.737661,-1.685989,-5.522952,1.532873,0.204791,0.075000,0.293145
43.366666,-5.524343,1.734703,-1.674334,-5.522952,1.532873,0.201835,0.075000,0.273019
43.400443,-5.524500,1.733195,-1.668739,-5.522952,1.532873,0.200328,0.075000,0.263257
43.433728,-5.524778,1.730289,-1.658330,-5.518756,1.526700,0.203678,0.075000,0.286812
43.466629,-5.525045,1.727162,-1.647725,-5.518756,1.526700,0.200561,0.075000,0.269435
43.500401,-5.525164,1.725614,-1.642222,-5.514419,1.520609,0.205287,0.075000,0.300732
43.533770,-5.525369,1.722637,-1.630964,-5.514419,1.520609,0.202324,0.075000,0.281882
43.566627,-5.525541,1.719635,-1.618719,-5.509945,1.514604,0.205623,0.075000,0.300381
43.600341,-5.525617,1.718061,-1.612442,-5.509945,1.514604,0.204060,0.075000,0.289736
43.633741,-5.525726,1.715260,-1.601609,-5.509945,1.514604,0.201276,0.075000,0.270978
43.666681,-5.525812,1.712202,-1.590082,-5.505335,1.508688,0.204542,0.075000,0.291582
43.700644,-5.525841,1.710704,-1.584766,-5.505335,1.508688,0.203054,0.075000,0.282872
43.733460,-5.525876,1.707569,-1.573079,-5.500594,1.502864,0.206260,0.075000,0.302625
43.766595,-5.525875,1.704518,-1.561365,-5.500594,1.502864,0.203233,0.075000,0.283005
43.800348,-5.525861,1.703014,-1.555691,-5.500594,1.502864,0.201739,0.075000,0.273241
43.833673,-5.525806,1.700011,-1.543524,-5.495724,1.497136,0.205093,0.075000,0.291685
43.866598,-5.525720,1.697119,-1.532554,-5.495724,1.497136,0.202219,0.075000,0.273003
43.900376,-5.525662,1.695607,-1.526863,-5.495724,1.497136,0.200716,0.075000,0.263015
43.933633,-5.525523,1.692640,-1.515985,-5.490730,1.491507,0.204120,0.075000,0.284676
43.966770,-5.525442,1.691168,-1.510909,-5.490730,1.491507,0.202656,0.075000,0.276364
44.000339,-5.525201,1.687362,-1.497645,-5.485614,1.485981,0.205235,0.075000,0.293952
44.033633,-5.525025,1.685011,-1.489209,-5.485614,1.485981,0.202895,0.075000,0.280076
44.066584,-5.524779,1.682088,-1.478440,-5.480380,1.480560,0.206360,0.075000,0.300851
44.100345,-5.524641,1.680607,-1.472778,-5.480380,1.480560,0.204885,0.075000,0.291484
44.133595,-5.524340,1.677629,-1.461678,-5.480380,1.480560,0.201912,0.075000,0.272723
44.166767,-5.524178,1.676148,-1.455668,-5.480380,1.480560,0.200432,0.075000,0.261862
44.200137,-5.524178,1.676148,-1.455668,-5.480380,1.480560,0.200432,0.075000,0.261862
44.252337,-5.524011,1.674707,-1.449913,-5.475032,1.475248,0.205385,0.075000,0.291223
44.266999,-5.523181,1.668357,-1.425658,-5.469572,1.470049,0.205426,0.075000,0.288668
44.300319,-5.522817,1.665909,-1.416497,-5.469572,1.470049,0.202968,0.075000,0.273216
44.333761,-5.522359,1.663013,-1.405695,-5.469572,1.470049,0.200054,0.075000,0.254296
44.366612,-5.521866,1.660098,-1.395517,-5.464005,1.464965,0.203531,0.075000,0.276967
44.400392,-5.521604,1.658616,-1.390651,-5.464005,1.464965,0.202035,0.075000,0.269115
44.433679,-5.521062,1.655683,-1.380595,-5.458333,1.459999,0.205492,0.075000,0.291308
44.466665,-5.520502,1.652811,-1.369231,-5.458333,1.459999,0.202587,0.075000,0.271775
44.500353,-5.520194,1.651306,-1.363894,-5.458333,1.459999,0.201059,0.075000,0.262725
44.533653,-5.519583,1.648434,-1.352415,-5.452561,1.455156,0.204569,0.075000,0.281447
44.566612,-5.518908,1.645431,-1.340974,-5.452561,1.455156,0.201511,0.075000,0.261744
44.600323,-5.518567,1.643972,-1.335603,-5.452561,1.455156,0.200020,0.075000,0.252306
44.633657,-5.517851,1.641024,-1.324081,-5.446692,1.450438,0.203438,0.075000,0.271337
44.666666,-5.517100,1.638073,-1.312841,-5.446692,1.450438,0.200410,0.075000,0.251614
44.700382,-5.516722,1.636641,-1.307446,-5.440729,1.445848,0.205371,0.075000,0.281033
44.733569,-5.515936,1.633757,-1.296427,-5.440729,1.445848,0.202401,0.075000,0.262194
44.766671,-5.515135,1.630936,-1.286423,-5.434676,1.441389,0.205917,0.075000,0.283593
44.800367,-5.514739,1.629580,-1.280904,-5.434676,1.441389,0.204514,0.075000,0.274094
44.833647,-5.513893,1.626772,-1.270069,-5.434676,1.441389,0.201599,0.075000,0.255262
44.866693,-5.513019,1.623979,-1.260169,-5.428536,1.437065,0.205120,0.075000,0.277001
44.900410,-5.512552,1.622523,-1.254979,-5.428536,1.437065,0.203601,0.075000,0.268487
44.933542,-5.511584,1.619584,-1.245073,-5.428536,1.437065,0.200525,0.075000,0.252132
44.966810,-5.510860,1.617439,-1.236572,-5.422313,1.432879,0.204702,0.075000,0.275690
45.000429,-5.510074,1.615190,-1.227673,-5.422313,1.432879,0.202334,0.075000,0.260268
45.033875,-5.509128,1.612564,-1.217585,-5.416011,1.428833,0.205980,0.075000,0.280645
45.066815,-5.508075,1.609729,-1.207183,-5.416011,1.428833,0.202976,0.075000,0.263456
45.100227,-5.507466,1.608131,-1.201430,-5.416011,1.428833,0.201276,0.075000,0.253712
45.133665,-5.507002,1.606932,-1.196982,-5.409632,1.424931,0.206410,0.075000,0.283823
45.166802,-5.506432,1.605478,-1.191215,-5.409632,1.424931,0.204859,0.075000,0.274155
45.200355,-5.506432,1.605478,-1.191215,-5.409632,1.424931,0.204859,0.075000,0.274155
45.239889,-5.505848,1.604015,-1.185289,-5.409632,1.424931,0.203294,0.075000,0.263905
45.266663,-5.502368,1.595769,-1.151628,-5.403182,1.421176,0.200800,0.075000,0.242307
45.300516,-5.501771,1.594430,-1.146328,-5.396662,1.417571,0.205736,0.075000,0.271035
45.333771,-5.500535,1.591714,-1.135301,-5.396662,1.417571,0.202769,0.075000,0.251890
45.366634,-5.499275,1.589025,-1.125692,-5.390078,1.414118,0.206195,0.075000,0.273444
45.400388,-5.498628,1.587667,-1.120774,-5.390078,1.414118,0.204700,0.075000,0.265514
45.433565,-5.497253,1.584840,-1.110798,-5.390078,1.414118,0.201575,0.075000,0.249104
45.466610,-5.495930,1.582186,-1.100222,-5.383431,1.410820,0.204993,0.075000,0.268599
45.500466,-5.495250,1.580850,-1.094422,-5.383431,1.410820,0.203504,0.075000,0.258377
45.533435,-5.493810,1.578079,-1.083258,-5.383431,1.410820,0.200397,0.075000,0.238631
45.566636,-5.492385,1.575406,-1.072686,-5.376726,1.407681,0.203736,0.075000,0.258640
45.600480,-5.491626,1.574011,-1.067292,-5.376726,1.407681,0.202157,0.075000,0.249426
45.633670,-5.490174,1.571391,-1.057345,-5.369967,1.404703,0.205511,0.075000,0.270307
45.666670,-5.488680,1.568755,-1.046331,-5.369967,1.404703,0.202500,0.075000,0.251282
45.700640,-5.487947,1.567487,-1.040752,-5.369967,1.404703,0.201043,0.075000,0.241132
45.733517,-5.486495,1.565024,-1.030109,-5.363156,1.401888,0.204514,0.075000,0.260309
45.766614,-5.485071,1.562667,-1.019095,-5.363156,1.401888,0.201775,0.075000,0.240189
45.800401,-5.484318,1.561442,-1.013967,-5.363156,1.401888,0.200344,0.075000,0.230892
45.833427,-5.482709,1.558872,-1.004504,-5.356297,1.399240,0.203623,0.075000,0.253662
45.866603,-5.481015,1.556217,-0.995097,-5.356297,1.399240,0.200490,0.075000,0.238243
45.900411,-5.480191,1.554949,-0.990647,-5.349394,1.396761,0.205259,0.075000,0.269231
45.933467,-5.478489,1.552364,-0.981475,-5.349394,1.396761,0.202182,0.075000,0.254853
45.966634,-5.476830,1.549895,-0.972379,-5.342450,1.394454,0.205476,0.075000,0.277866
46.000231,-5.475725,1.548274,-0.965513,-5.342450,1.394454,0.203526,0.075000,0.266453
46.033670,-5.474260,1.546166,-0.956851,-5.342450,1.394454,0.200974,0.075000,0.251766
46.066619,-5.472532,1.543727,-0.946488,-5.335468,1.392320,0.204231,0.075000,0.272193
46.100386,-5.471517,1.542318,-0.940362,-5.335468,1.392320,0.202506,0.075000,0.261816
46.133685,-5.470709,1.541210,-0.935117,-5.335468,1.392320,0.201143,0.075000,0.252412
46.166789,-5.470709,1.541210,-0.935117,-5.335468,1.392320,0.201143,0.075000,0.252412
46.217397,-5.469562,1.539656,-0.927494,-5.328452,1.390364,0.205427,0.075000,0.276690
46.233285,-5.464955,1.533651,-0.899676,-5.321405,1.388586,0.204084,0.075000,0.266584
46.266716,-5.463625,1.531983,-0.892436,-5.321405,1.388586,0.201964,0.075000,0.254336
46.300432,-5.462702,1.530837,-0.887784,-5.321405,1.388586,0.200499,0.075000,0.246522
46.333642,-5.460875,1.528603,-0.878128,-5.314331,1.386989,0.203788,0.075000,0.268946
46.366633,-5.459020,1.526378,-0.868098,-5.314331,1.386989,0.200908,0.075000,0.251809
46.400331,-5.457939,1.525102,-0.862511,-5.307233,1.385576,0.205377,0.075000,0.280848
46.433704,-5.456079,1.522941,-0.852832,-5.307233,1.385576,0.202545,0.075000,0.264933
46.467120,-5.454766,1.521437,-0.846560,-5.307233,1.385576,0.200560,0.075000,0.254655
46.500402,-5.452955,1.519399,-0.837373,-5.300114,1.384349,0.203958,0.075000,0.278126
46.533710,-5.450983,1.517221,-0.827409,-5.300114,1.384349,0.201039,0.075000,0.261541
46.567081,-5.449637,1.515757,-0.820971,-5.292976,1.383310,0.205146,0.075000,0.289667
46.600205,-5.447804,1.513798,-0.811186,-5.292976,1.383310,0.202481,0.075000,0.273269
46.633680,-5.445949,1.511854,-0.800288,-5.285825,1.382461,0.205870,0.075000,0.292286
46.667076,-5.444685,1.510553,-0.792415,-5.285825,1.382461,0.204069,0.075000,0.278309
46.700187,-5.442709,1.508559,-0.780690,-5.285825,1.382461,0.201279,0.075000,0.257033
46.733700,-5.440970,1.506844,-0.771294,-5.278661,1.381804,0.204888,0.075000,0.279706
46.766680,-5.438764,1.504711,-0.760468,-5.278661,1.381804,0.201839,0.075000,0.261479
46.800393,-5.437312,1.503330,-0.753231,-5.271490,1.381341,0.205860,0.075000,0.288278
46.833609,-5.435426,1.501568,-0.743987,-5.271490,1.381341,0.203297,0.075000,0.272941
46.866670,-5.433216,1.499545,-0.732391,-5.271490,1.381341,0.200319,0.075000,0.252240
46.900188,-5.431538,1.498036,-0.723854,-5.264313,1.381073,0.204069,0.075000,0.277515
46.933690,-5.429875,1.496572,-0.715160,-5.264313,1.381073,0.201868,0.075000,0.262147
46.967074,-5.429875,1.496572,-0.715160,-5.264313,1.381073,0.201868,0.075000,0.262147
47.000442,-5.426557,1.493718,-0.698763,-5.257134,1.381004,0.203491,0.075000,0.273929
47.033752,-5.424259,1.491798,-0.688572,-5.257134,1.381004,0.200514,0.075000,0.256763
47.066644,-5.421914,1.489877,-0.678510,-5.249956,1.381133,0.203457,0.075000,0.281061
47.100109,-5.420726,1.488919,-0.673414,-5.249956,1.381133,0.201941,0.075000,0.272760
47.133761,-5.418353,1.487036,-0.663237,-5.242781,1.381464,0.204868,0.075000,0.296674
47.167052,-5.417202,1.486136,-0.657980,-5.242781,1.381464,0.203418,0.075000,0.288092
47.200435,-5.417202,1.486136,-0.657980,-5.242781,1.381464,0.203418,0.075000,0.288092
47.251266,-5.416037,1.485236,-0.652494,-5.242781,1.381464,0.201956,0.075000,0.278786
47.266616,-5.409905,1.480659,-0.624689,-5.235613,1.381997,0.200279,0.075000,0.273048
47.300347,-5.408782,1.479849,-0.619275,-5.228454,1.382735,0.204815,0.075000,0.305013
47.333668,-5.406243,1.478051,-0.607273,-5.228454,1.382735,0.201728,0.075000,0.284776
47.366623,-5.403733,1.476317,-0.595150,-5.221307,1.383677,0.204600,0.075000,0.305324
47.400509,-5.402433,1.475437,-0.589420,-5.221307,1.383677,0.203042,0.075000,0.296021
47.433548,-5.400025,1.473837,-0.577566,-5.221307,1.383677,0.200172,0.075000,0.275056
47.466608,-5.397575,1.472251,-0.564631,-5.214175,1.384827,0.203171,0.075000,0.294146
47.500317,-5.396313,1.471451,-0.559183,-5.214175,1.384827,0.201687,0.075000,0.285078
47.533689,-5.393779,1.469875,-0.548090,-5.207061,1.386185,0.204616,0.075000,0.308827
47.566607,-5.391226,1.468325,-0.537153,-5.207061,1.386185,0.201653,0.075000,0.290965
47.600357,-5.389836,1.467497,-0.530766,-5.207061,1.386185,0.200046,0.075000,0.279800
47.633682,-5.387351,1.466048,-0.519454,-5.199967,1.387752,0.203084,0.075000,0.303695
47.666603,-5.384721,1.464553,-0.507531,-5.199967,1.387752,0.200081,0.075000,0.283197
47.700350,-5.383392,1.463814,-0.501635,-5.192895,1.389529,0.204469,0.075000,0.316564
47.733702,-5.380646,1.462319,-0.488996,-5.192895,1.389529,0.201368,0.075000,0.295130
47.766606,-5.378002,1.460921,-0.477676,-5.185848,1.391518,0.204303,0.075000,0.319856
47.800665,-5.376632,1.460212,-0.471710,-5.185848,1.391518,0.202774,0.075000,0.310110
47.833591,-5.373929,1.458843,-0.459678,-5.178829,1.393718,0.205683,0.075000,0.333216
47.866609,-5.371270,1.457536,-0.447679,-5.178829,1.393718,0.202746,0.075000,0.313511
47.900379,-5.369918,1.456886,-0.441429,-5.178829,1.393718,0.201259,0.075000,0.302759
47.933441,-5.367287,1.455654,-0.428593,-5.171840,1.396132,0.204310,0.075000,0.324472
47.969876,-5.365869,1.455006,-0.421980,-5.171840,1.396132,0.202764,0.075000,0.313270
48.000344,-5.362972,1.453717,-0.408555,-5.164883,1.398760,0.205572,0.075000,0.334405
48.033618,-5.360357,1.452594,-0.396768,-5.164883,1.398760,0.202752,0.075000,0.314864
48.066720,-5.358563,1.451842,-0.388773,-5.164883,1.398760,0.200822,0.075000,0.301193
48.100361,-5.356290,1.450918,-0.378900,-5.157960,1.401602,0.204369,0.075000,0.329739
48.133684,-5.354930,1.450376,-0.372555,-5.157960,1.401602,0.202919,0.075000,0.318972
48.167130,-5.353565,1.449843,-0.366310,-5.157960,1.401602,0.201465,0.075000,0.308218
48.200179,-5.353565,1.449843,-0.366310,-5.157960,1.401602,0.201465,0.075000,0.308218
48.251065,-5.352212,1.449324,-0.359972,-5.157960,1.401602,0.200028,0.075000,0.296936
48.266642,-5.343734,1.446290,-0.320558,-5.144227,1.407932,0.203161,0.075000,0.320528
48.300392,-5.342407,1.445850,-0.314623,-5.144227,1.407932,0.201775,0.075000,0.310362
48.334058,-5.339382,1.444876,-0.301147,-5.137421,1.411420,0.204714,0.075000,0.333522
48.366634,-5.336613,1.444025,-0.289788,-5.137421,1.411420,0.201843,0.075000,0.315085
48.400309,-5.335120,1.443580,-0.283927,-5.137421,1.411420,0.200298,0.075000,0.305450
48.433730,-5.332214,1.442742,-0.271332,-5.130657,1.415125,0.203441,0.075000,0.331175
48.466667,-5.329354,1.441955,-0.258825,-5.130657,1.415125,0.200501,0.075000,0.309935
48.500337,-5.327948,1.441582,-0.252594,-5.123938,1.419046,0.205251,0.075000,0.346134
48.533706,-5.325069,1.440849,-0.239756,-5.123938,1.419046,0.202310,0.075000,0.324727
48.566666,-5.322192,1.440155,-0.226904,-5.117265,1.423183,0.205628,0.075000,0.349595
48.600329,-5.320720,1.439815,-0.220314,-5.117265,1.423183,0.204133,0.075000,0.338756
48.633468,-5.317797,1.439170,-0.207580,-5.117265,1.423183,0.201168,0.075000,0.317333
48.666632,-5.314819,1.438553,-0.194035,-5.110641,1.427537,0.204475,0.075000,0.341549
48.700186,-5.313260,1.438246,-0.186460,-5.110641,1.427537,0.202902,0.075000,0.328376
48.733760,-5.310558,1.437745,-0.173918,-5.110641,1.427537,0.200178,0.075000,0.306200
48.766671,-5.307636,1.437241,-0.160094,-5.104067,1.432107,0.203634,0.075000,0.330173
48.800440,-5.306155,1.437002,-0.153412,-5.104067,1.432107,0.202148,0.075000,0.318665
48.833560,-5.303194,1.436554,-0.140503,-5.097544,1.436893,0.205650,0.075000,0.344460
48.866633,-5.300278,1.436150,-0.127806,-5.097544,1.436893,0.202735,0.075000,0.323311
48.900363,-5.298802,1.435961,-0.121750,-5.097544,1.436893,0.201259,0.075000,0.313152
48.933278,-5.295814,1.435605,-0.109213,-5.091075,1.441896,0.204836,0.075000,0.340451
48.966794,-5.295814,1.435605,-0.109213,-5.091075,1.441896,0.204836,0.075000,0.340451
49.000374,-5.291244,1.435132,-0.090202,-5.091075,1.441896,0.200283,0.075000,0.308714
49.033495,-5.288248,1.434871,-0.077252,-5.084660,1.447114,0.203956,0.075000,0.335572
49.066982,-5.286212,1.434713,-0.068068,-5.084660,1.447114,0.201933,0.075000,0.319792
49.100367,-5.285153,1.434641,-0.063220,-5.084660,1.447114,0.200881,0.075000,0.311183
49.133630,-5.282215,1.434465,-0.049927,-5.078301,1.452547,0.204714,0.075000,0.336883
49.167054,-5.282215,1.434465,-0.049927,-5.078301,1.452547,0.204714,0.075000,0.336883
49.219044,-5.280285,1.434368,-0.041367,-5.078301,1.452547,0.202801,0.075000,0.322358
49.233528,-5.273258,1.434161,-0.011816,-5.071999,1.458194,0.202689,0.075000,0.321417
49.266610,-5.270233,1.434134,0.000281,-5.065756,1.464056,0.206654,0.075000,0.349650
49.300419,-5.268718,1.434134,0.006575,-5.065756,1.464056,0.205155,0.075000,0.339594
49.333739,-5.265695,1.434163,0.019072,-5.065756,1.464056,0.202160,0.075000,0.318996
49.366668,-5.262644,1.434231,0.032535,-5.059573,1.470130,0.206220,0.075000,0.344195
49.400317,-5.261122,1.434280,0.039480,-5.059573,1.470130,0.204712,0.075000,0.332484
49.433654,-5.258126,1.434408,0.052482,-5.059573,1.470130,0.201740,0.075000,0.310292
49.466661,-5.255218,1.434571,0.065956,-5.053451,1.476417,0.206061,0.075000,0.335101
49.500272,-5.253763,1.434667,0.072481,-5.053451,1.476417,0.204617,0.075000,0.324050
49.533897,-5.250751,1.434895,0.085485,-5.053451,1.476417,0.201621,0.075000,0.301645
49.566634,-5.247753,1.435162,0.098456,-5.047391,1.482915,0.205975,0.075000,0.327947
49.600257,-5.246249,1.435311,0.104671,-5.047391,1.482915,0.204477,0.075000,0.317707
49.633781,-5.243256,1.435635,0.117433,-5.047391,1.482915,0.201491,0.075000,0.295659
49.666663,-5.240308,1.435992,0.130311,-5.041393,1.489624,0.206018,0.075000,0.321957
49.700441,-5.238710,1.436201,0.138107,-5.041393,1.489624,0.204421,0.075000,0.308100
49.733750,-5.235949,1.436595,0.151966,-5.041393,1.489624,0.201653,0.075000,0.282382
49.766632,-5.232997,1.437058,0.165588,-5.035460,1.496542,0.206300,0.075000,0.306748
49.800429,-5.231493,1.437309,0.172338,-5.035460,1.496542,0.204787,0.075000,0.294943
49.833498,-5.228411,1.437856,0.184750,-5.035460,1.496542,0.201679,0.075000,0.273420
49.866661,-5.225339,1.438439,0.196915,-5.029591,1.503668,0.206331,0.075000,0.301506
49.900246,-5.223773,1.438751,0.203245,-5.029591,1.503668,0.204746,0.075000,0.290847
49.933740,-5.222281,1.439059,0.209273,-5.029591,1.503668,0.203234,0.075000,0.280462
49.967087,-5.218895,1.439789,0.222431,-5.023787,1.511001,0.207697,0.075000,0.306187
50.000406,-5.216076,1.440433,0.233206,-5.023787,1.511001,0.204829,0.075000,0.288640
50.033588,-5.213727,1.440997,0.242647,-5.023787,1.511001,0.202430,0.075000,0.272291
50.066637,-5.211857,1.441460,0.250196,-5.023787,1.511001,0.200516,0.075000,0.258801
50.100169,-5.209422,1.442088,0.259461,-5.018049,1.518539,0.206078,0.075000,0.291908
50.133735,-5.207921,1.442486,0.264951,-5.018049,1.518539,0.204537,0.075000,0.282998
50.167087,-5.207921,1.442486,0.264951,-5.018049,1.518539,0.204537,0.075000,0.282998
50.200230,-5.207921,1.442486,0.264951,-5.018049,1.518539,0.204537,0.075000,0.282998
50.235801,-5.206446,1.442886,0.270486,-5.018049,1.518539,0.203019,0.075000,0.273703
50.266595,-5.196719,1.445756,0.310129,-5.012378,1.526281,0.201161,0.075000,0.252380
50.300355,-5.195296,1.446212,0.316116,-5.006774,1.534225,0.208055,0.075000,0.289283
50.333530,-5.192422,1.447163,0.328086,-5.006774,1.534225,0.205049,0.075000,0.268719
50.366599,-5.189530,1.448154,0.338386,-5.006774,1.534225,0.202011,0.075000,0.251431
50.400330,-5.188002,1.448692,0.344171,-5.006774,1.534225,0.200398,0.075000,0.241128
50.433643,-5.185096,1.449742,0.354553,-5.001237,1.542369,0.205873,0.075000,0.271750
50.466602,-5.182170,1.450832,0.365758,-5.001237,1.542369,0.202770,0.075000,0.252583
50.500313,-5.180762,1.451372,0.371122,-5.001237,1.542369,0.201271,0.075000,0.243102
50.533816,-5.178101,1.452415,0.381068,-4.995768,1.550713,0.207142,0.075000,0.273085
50.566693,-5.175238,1.453570,0.391018,-4.995768,1.550713,0.204074,0.075000,0.257043
50.600373,-5.173839,1.454146,0.395740,-4.995768,1.550713,0.202570,0.075000,0.249284
50.633644,-5.171064,1.455313,0.405686,-4.990367,1.559253,0.208459,0.075000,0.278352
50.666741,-5.169260,1.456088,0.412664,-4.990367,1.559253,0.206509,0.075000,0.266848
50.700345,-5.167026,1.457072,0.421297,-4.990367,1.559253,0.204082,0.075000,0.252142
50.733742,-5.164328,1.458290,0.432975,-4.990367,1.559253,0.201137,0.075000,0.230582
50.766590,-5.161727,1.459501,0.444124,-4.985034,1.567989,0.207340,0.075000,0.256390
50.800324,-5.160243,1.460207,0.449887,-4.985034,1.567989,0.205706,0.075000,0.246546
50.833632,-5.157706,1.461440,0.459351,-4.985034,1.567989,0.202899,0.075000,0.230125
50.866528,-5.155068,1.462750,0.468281,-4.979770,1.576917,0.209197,0.075000,0.259979
50.900386,-5.153558,1.463514,0.473292,-4.979770,1.576917,0.207515,0.075000,0.252208
50.933702,-5.151071,1.464794,0.482163,-4.979770,1.576917,0.204733,0.075000,0.237483
50.966938,-5.149780,1.465470,0.486984,-4.979770,1.576917,0.203282,0.075000,0.229080
51.000333,-5.147049,1.466925,0.497450,-4.979770,1.576917,0.200201,0.075000,0.210051
51.033722,-5.144390,1.468378,0.507192,-4.974575,1.586036,0.206593,0.075000,0.238551
51.066728,-5.142619,1.469362,0.513297,-4.974575,1.586036,0.204577,0.075000,0.228425
51.100346,-5.140311,1.470668,0.520686,-4.974575,1.586036,0.201937,0.075000,0.216158
51.133512,-5.137731,1.472155,0.528770,-4.969448,1.595344,0.208554,0.075000,0.246816
51.167024,-5.137731,1.472155,0.528770,-4.969448,1.595344,0.208554,0.075000,0.246816
51.200378,-5.137731,1.472155,0.528770,-4.969448,1.595344,0.208554,0.075000,0.246816
51.238764,-5.136413,1.472925,0.533633,-4.969448,1.595344,0.207036,0.075000,0.238764
51.266602,-5.128666,1.477632,0.563609,-4.964389,1.604838,0.207769,0.075000,0.228959
51.300286,-5.127415,1.478422,0.568568,-4.964389,1.604838,0.206297,0.075000,0.220272
51.333528,-5.124995,1.479977,0.577554,-4.964389,1.604838,0.203431,0.075000,0.204442
51.366642,-5.122536,1.481586,0.586872,-4.964389,1.604838,0.200503,0.075000,0.187217
51.400222,-5.121305,1.482405,0.590951,-4.959398,1.614515,0.208966,0.075000,0.223273
51.433441,-5.118800,1.484094,0.599630,-4.959398,1.614515,0.205958,0.075000,0.208780
51.466602,-5.116361,1.485768,0.607539,-4.959398,1.614515,0.203010,0.075000,0.195409
51.500300,-5.114992,1.486720,0.611412,-4.959398,1.614515,0.201348,0.075000,0.189057
51.533565,-5.112567,1.488426,0.619345,-4.954476,1.624374,0.208506,0.075000,0.217651
51.566574,-5.110062,1.490219,0.627841,-4.954476,1.624374,0.205438,0.075000,0.203532
51.600462,-5.108838,1.491108,0.632167,-4.954476,1.624374,0.203930,0.075000,0.195981
51.633669,-5.106339,1.492947,0.641355,-4.954476,1.624374,0.200837,0.075000,0.179170
51.666604,-5.103958,1.494731,0.648671,-4.949621,1.634412,0.208161,0.075000,0.208523
51.700257,-5.102716,1.495673,0.652392,-4.949621,1.634412,0.206608,0.075000,0.202697
51.733658,-5.100296,1.497529,0.660530,-4.949621,1.634412,0.203568,0.075000,0.188799
51.766644,-5.098062,1.499271,0.668695,-4.949621,1.634412,0.200744,0.075000,0.173803
51.799931,-5.096929,1.500166,0.672939,-4.944833,1.644626,0.209766,0.075000,0.206437
51.833506,-5.094621,1.502014,0.681186,-4.944833,1.644626,0.206821,0.075000,0.192420
51.866588,-5.092204,1.503978,0.687355,-4.944833,1.644626,0.203716,0.075000,0.183189
51.900306,-5.091014,1.504955,0.690831,-4.944833,1.644626,0.202181,0.075000,0.177410
51.933465,-5.088643,1.506923,0.697858,-4.940113,1.655014,0.209744,0.075000,0.204903
51.967005,-5.087470,1.507906,0.701437,-4.940113,1.655014,0.208218,0.075000,0.199354
52.000179,-5.085099,1.509916,0.708728,-4.940113,1.655014,0.205121,0.075000,0.187640
52.033678,-5.082856,1.511846,0.715654,-4.940113,1.655014,0.202170,0.075000,0.176013
52.067128,-5.081221,1.513267,0.721183,-4.940113,1.655014,0.200009,0.075000,0.166048
52.100383,-5.079450,1.514829,0.727247,-4.935458,1.665572,0.208464,0.075000,0.194200
52.133673,-5.078479,1.515692,0.730369,-4.935458,1.665572,0.207169,0.075000,0.189124
52.167012,-5.076842,1.517159,0.736033,-4.935458,1.665572,0.204977,0.075000,0.179413
52.200194,-5.076842,1.517159,0.736033,-4.935458,1.665572,0.204977,0.075000,0.179413
52.250758,-5.075985,1.517935,0.739327,-4.935458,1.665572,0.203825,0.075000,0.173390
52.266642,-5.069519,1.523941,0.762234,-4.930870,1.676298,0.206001,0.075000,0.170325
52.300382,-5.068407,1.525003,0.766390,-4.930870,1.676298,0.204467,0.075000,0.162754
52.333682,-5.066281,1.527057,0.773298,-4.930870,1.676298,0.201517,0.075000,0.150382
52.366602,-5.064162,1.529131,0.779125,-4.926346,1.687189,0.209703,0.075000,0.177662
52.400463,-5.062977,1.530301,0.782755,-4.926346,1.687189,0.208043,0.075000,0.171807
52.433565,-5.060853,1.532421,0.789277,-4.926346,1.687189,0.205049,0.075000,0.160941
52.466609,-5.058824,1.534472,0.796146,-4.926346,1.687189,0.202170,0.075000,0.148546
52.500234,-5.057789,1.535529,0.799794,-4.926346,1.687189,0.200694,0.075000,0.141667
52.533669,-5.055793,1.537590,0.806310,-4.921887,1.698241,0.209139,0.075000,0.166352
52.566611,-5.053793,1.539683,0.812959,-4.921887,1.698241,0.206252,0.075000,0.154900
52.600241,-5.052789,1.540744,0.815877,-4.921887,1.698241,0.204794,0.075000,0.150003
52.633659,-5.050742,1.542925,0.821039,-4.921887,1.698241,0.201808,0.075000,0.141662
52.666608,-5.048650,1.545179,0.826749,-4.917492,1.709452,0.210210,0.075000,0.167016
52.700425,-5.047612,1.546306,0.829516,-4.917492,1.709452,0.208681,0.075000,0.162857
52.733789,-5.045536,1.548581,0.835175,-4.917492,1.709452,0.205608,0.075000,0.153978
52.767023,-5.044370,1.549868,0.838726,-4.917492,1.709452,0.203875,0.075000,0.147916
52.800046,-5.041946,1.552575,0.845789,-4.917492,1.709452,0.200248,0.075000,0.135639
52.833568,-5.040176,1.554577,0.851111,-4.913159,1.720818,0.209211,0.075000,0.160599
52.866607,-5.038402,1.556607,0.857349,-4.913159,1.720818,0.206521,0.075000,0.149697
52.900349,-5.037557,1.557583,0.860175,-4.913159,1.720818,0.205233,0.075000,0.144708
52.933768,-5.035645,1.559812,0.865795,-4.913159,1.720818,0.202301,0.075000,0.135018
52.966802,-5.035645,1.559812,0.865795,-4.913159,1.720818,0.202301,0.075000,0.135018
53.000402,-5.032577,1.563439,0.875216,-4.908888,1.732337,0.209345,0.075000,0.151527
53.033519,-5.030775,1.565603,0.880647,-4.908888,1.732337,0.206534,0.075000,0.142514
53.066773,-5.029486,1.567164,0.884094,-4.908888,1.732337,0.204514,0.075000,0.136931
53.100459,-5.028795,1.568007,0.885951,-4.908888,1.732337,0.203425,0.075000,0.133843
53.133720,-5.026907,1.570325,0.891073,-4.908888,1.732337,0.200440,0.075000,0.125054
53.166952,-5.024996,1.572696,0.897268,-4.904678,1.744004,0.209339,0.075000,0.146145
53.200269,-5.024996,1.572696,0.897268,-4.904678,1.744004,0.209339,0.075000,0.146145
53.233633,-5.024996,1.572696,0.897268,-4.904678,1.744004,0.209339,0.075000,0.146145
53.276816,-5.023967,1.573986,0.900485,-4.904678,1.744004,0.207691,0.075000,0.140742
53.300108,-5.018337,1.581190,0.918003,-4.900528,1.755816,0.210649,0.075000,0.140662
53.333266,-5.016804,1.583200,0.922771,-4.900528,1.755816,0.208126,0.075000,0.132624
53.366602,-5.014968,1.585631,0.928842,-4.900528,1.755816,0.205084,0.075000,0.121758
53.400337,-5.014103,1.586789,0.931597,-4.900528,1.755816,0.203640,0.075000,0.116736
53.433578,-5.013242,1.587947,0.934034,-4.900528,1.755816,0.202199,0.075000,0.112385
53.466612,-5.010563,1.591590,0.941833,-4.896437,1.767771,0.209915,0.075000,0.128928
53.500335,-5.009696,1.592780,0.944044,-4.896437,1.767771,0.208445,0.075000,0.125458
53.533663,-5.007917,1.595242,0.948256,-4.896437,1.767771,0.205412,0.075000,0.118916
53.566627,-5.006168,1.597685,0.953395,-4.896437,1.767771,0.202410,0.075000,0.109739
53.600338,-5.005315,1.598888,0.955858,-4.896437,1.767771,0.200937,0.075000,0.105231
53.633477,-5.003598,1.601324,0.960918,-4.892404,1.779863,0.210334,0.075000,0.125600
53.667044,-5.002728,1.602570,0.963715,-4.892404,1.779863,0.208817,0.075000,0.120743
53.700376,-5.000541,1.605731,0.970654,-4.892404,1.779863,0.204977,0.075000,0.108322
53.733553,-4.999265,1.607599,0.974226,-4.892404,1.779863,0.202717,0.075000,0.101925
53.766612,-4.997540,1.610146,0.979438,-4.888427,1.792090,0.212155,0.075000,0.120509
53.800300,-4.996706,1.611388,0.981653,-4.888427,1.792090,0.210660,0.075000,0.116975
53.833541,-4.995078,1.613829,0.985862,-4.888427,1.792090,0.207730,0.075000,0.110143
53.866608,-4.993395,1.616376,0.990559,-4.888427,1.792090,0.204679,0.075000,0.101951
53.900389,-4.992572,1.617631,0.993221,-4.888427,1.792090,0.203180,0.075000,0.096916
53.933696,-4.990969,1.620097,0.997572,-4.888427,1.792090,0.200241,0.075000,0.088889
53.967027,-4.990159,1.621351,0.999966,-4.884505,1.804449,0.211394,0.075000,0.112227
54.000419,-4.988515,1.623917,1.004319,-4.884505,1.804449,0.208350,0.075000,0.105055
54.033673,-4.986928,1.626417,1.007957,-4.884505,1.804449,0.205392,0.075000,0.099224
54.066595,-4.985319,1.628974,1.012407,-4.884505,1.804449,0.202373,0.075000,0.091181
54.100415,-4.984531,1.630235,1.014607,-4.884505,1.804449,0.200887,0.075000,0.087063
54.133692,-4.983731,1.631523,1.016959,-4.880637,1.816934,0.212146,0.075000,0.109267
54.167029,-4.982183,1.634030,1.020177,-4.880637,1.816934,0.209202,0.075000,0.104656
54.200120,-4.982183,1.634030,1.020177,-4.880637,1.816934,0.209202,0.075000,0.104656
54.233725,-4.982183,1.634030,1.020177,-4.880637,1.816934,0.209202,0.075000,0.104656
54.281872,-4.981407,1.635293,1.021983,-4.880637,1.816934,0.207721,0.075000,0.101812
54.300399,-4.976681,1.643101,1.033596,-4.876822,1.829543,0.211500,0.075000,0.107473
54.333673,-4.975137,1.645700,1.038458,-4.876822,1.829543,0.208481,0.075000,0.098916
54.366600,-4.973642,1.648244,1.042549,-4.876822,1.829543,0.205533,0.075000,0.091798
54.400335,-4.972879,1.649552,1.045060,-4.876822,1.829543,0.204019,0.075000,0.087014
54.433679,-4.971336,1.652217,1.049090,-4.876822,1.829543,0.200941,0.075000,0.079636
54.466606,-4.969844,1.654817,1.051836,-4.873057,1.842271,0.210966,0.075000,0.100326
54.500457,-4.969108,1.656104,1.053642,-4.873057,1.842271,0.209485,0.075000,0.097443
54.533667,-4.967642,1.658687,1.057074,-4.873057,1.842271,0.206518,0.075000,0.091929
54.566608,-4.966163,1.661313,1.060116,-4.873057,1.842271,0.203506,0.075000,0.087176
54.600473,-4.965398,1.662678,1.062033,-4.873057,1.842271,0.201942,0.075000,0.083787
54.633523,-4.963926,1.665325,1.066549,-4.869343,1.855116,0.212052,0.075000,0.098809
54.666602,-4.962528,1.667864,1.070580,-4.869343,1.855116,0.209156,0.075000,0.091904
54.700114,-4.961804,1.669189,1.071983,-4.869343,1.855116,0.207648,0.075000,0.089867
54.733516,-4.960394,1.671782,1.075765,-4.869343,1.855116,0.204699,0.075000,0.083211
54.766597,-4.958993,1.674381,1.078600,-4.869343,1.855116,0.201748,0.075000,0.078619
54.800370,-4.958304,1.675666,1.080411,-4.869343,1.855116,0.200290,0.075000,0.075249
54.833598,-4.956905,1.678291,1.083981,-4.865677,1.868071,0.210568,0.075000,0.091917
54.867029,-4.955952,1.680093,1.086368,-4.865677,1.868071,0.208531,0.075000,0.088002
54.900406,-4.954762,1.682358,1.089278,-4.865677,1.868071,0.205975,0.075000,0.083117
54.933442,-4.954070,1.683682,1.091035,-4.865677,1.868071,0.204482,0.075000,0.080042
54.966772,-4.952459,1.686788,1.095755,-4.865677,1.868071,0.200984,0.075000,0.071064
55.000420,-4.951297,1.689051,1.097924,-4.862057,1.881135,0.211802,0.075000,0.089573
55.033857,-4.949972,1.691644,1.100328,-4.862057,1.881135,0.208891,0.075000,0.086315
55.066776,-4.948964,1.693627,1.102679,-4.862057,1.881135,0.206668,0.075000,0.082498
55.100333,-4.948632,1.694284,1.103534,-4.862057,1.881135,0.205933,0.075000,0.081014
55.133834,-4.947862,1.695809,1.105153,-4.862057,1.881135,0.204226,0.075000,0.078412
55.166875,-4.946409,1.698707,1.108676,-4.862057,1.881135,0.200986,0.075000,0.072166
55.200235,-4.944663,1.702225,1.113409,-4.858482,1.894301,0.210525,0.075000,0.084606
55.233624,-4.944663,1.702225,1.113409,-4.858482,1.894301,0.210525,0.075000,0.084606
55.266768,-4.944663,1.702225,1.113409,-4.858482,1.894301,0.210525,0.075000,0.084606
55.300221,-4.941257,1.709202,1.121676,-4.858482,1.894301,0.202764,0.075000,0.070528
55.333754,-4.940443,1.710890,1.123395,-4.858482,1.894301,0.200891,0.075000,0.067573
55.366580,-4.938765,1.714395,1.127013,-4.854951,1.907568,0.210572,0.075000,0.081696
55.400344,-4.938141,1.715709,1.128797,-4.854951,1.907568,0.209118,0.075000,0.078573
55.433610,-4.936905,1.718325,1.131319,-4.854951,1.907568,0.206226,0.075000,0.074657
55.466591,-4.935618,1.721065,1.133340,-4.854951,1.907568,0.203201,0.075000,0.071905
55.500389,-4.934974,1.722442,1.135288,-4.854951,1.907568,0.201681,0.075000,0.068167
55.533245,-4.933364,1.725911,1.138814,-4.851461,1.920929,0.211518,0.075000,0.081238
55.567085,-4.932977,1.726751,1.139510,-4.851461,1.920929,0.210594,0.075000,0.080302
55.600424,-4.931720,1.729485,1.142069,-4.851461,1.920929,0.207587,0.075000,0.076467
55.633726,-4.930536,1.732081,1.144816,-4.851461,1.920929,0.204736,0.075000,0.071883
55.666615,-4.929327,1.734750,1.147687,-4.851461,1.920929,0.201806,0.075000,0.066848
55.700293,-4.928712,1.736117,1.149063,-4.851461,1.920929,0.200308,0.075000,0.064418
55.733680,-4.927510,1.738803,1.152420,-4.848011,1.934382,0.211118,0.075000,0.076481
55.766656,-4.926306,1.741511,1.154046,-4.848011,1.934382,0.208157,0.075000,0.074759
55.800233,-4.925664,1.742962,1.155587,-4.848011,1.934382,0.206570,0.075000,0.072183
55.833502,-4.924471,1.745673,1.158254,-4.848011,1.934382,0.203610,0.075000,0.067729
55.866777,-4.923670,1.747502,1.160526,-4.848011,1.934382,0.201614,0.075000,0.063445
55.900184,-4.922219,1.750846,1.164466,-4.844600,1.947921,0.211809,0.075000,0.073470
55.933554,-4.921431,1.752680,1.166784,-4.844600,1.947921,0.209814,0.075000,0.069343
55.970748,-4.921431,1.752680,1.166784,-4.844600,1.947921,0.209814,0.075000,0.069343
56.000145,-4.919584,1.757020,1.171465,-4.844600,1.947921,0.205100,0.075000,0.061076
56.033514,-4.918508,1.759573,1.174702,-4.844600,1.947921,0.202330,0.075000,0.054745
56.066591,-4.917357,1.762332,1.178395,-4.841225,1.961542,0.213263,0.075000,0.064136
56.100091,-4.916745,1.763812,1.179288,-4.841225,1.961542,0.211661,0.075000,0.063001
56.133577,-4.915637,1.766498,1.180761,-4.841225,1.961542,0.208757,0.075000,0.061230
56.167086,-4.915637,1.766498,1.180761,-4.841225,1.961542,0.208757,0.075000,0.061230
56.200398,-4.915637,1.766498,1.180761,-4.841225,1.961542,0.208757,0.075000,0.061230
56.233753,-4.915637,1.766498,1.180761,-4.841225,1.961542,0.208757,0.075000,0.061230
56.266935,-4.915122,1.767750,1.181520,-4.841225,1.961542,0.207404,0.075000,0.060203
56.300360,-4.911145,1.777546,1.189920,-4.837884,1.975242,0.210834,0.075000,0.061638
56.333687,-4.910043,1.780303,1.192271,-4.837884,1.975242,0.207865,0.075000,0.057737
56.366626,-4.908961,1.783028,1.195272,-4.837884,1.975242,0.204934,0.075000,0.052056
56.400087,-4.908398,1.784457,1.196492,-4.837884,1.975242,0.203399,0.075000,0.049845
56.433743,-4.907301,1.787256,1.198629,-4.837884,1.975242,0.200393,0.075000,0.046000
56.466609,-4.906198,1.790085,1.200680,-4.834577,1.989015,0.211431,0.075000,0.058011
56.500369,-4.905640,1.791523,1.201817,-4.834577,1.989015,0.209888,0.075000,0.056159
56.533442,-4.904510,1.794448,1.204277,-4.834577,1.989015,0.206753,0.075000,0.051908
56.566597,-4.903445,1.797230,1.206931,-4.834577,1.989015,0.203775,0.075000,0.046904
56.600403,-4.902846,1.798802,1.208524,-4.834577,1.989015,0.202094,0.075000,0.043747
56.633567,-4.901810,1.801542,1.210879,-4.831300,2.002858,0.213307,0.075000,0.053966
56.666600,-4.900815,1.804189,1.213202,-4.831300,2.002858,0.210480,0.075000,0.049890
56.700335,-4.900285,1.805608,1.214182,-4.831300,2.002858,0.208965,0.075000,0.048272
56.733654,-4.899259,1.808366,1.215989,-4.831300,2.002858,0.206023,0.075000,0.045261
56.766604,-4.898266,1.811047,1.217353,-4.831300,2.002858,0.203164,0.075000,0.043175
56.800298,-4.897691,1.812606,1.218185,-4.831300,2.002858,0.201503,0.075000,0.041826
56.833509,-4.896689,1.815334,1.219818,-4.828052,2.016765,0.212804,0.075000,0.053028
56.866605,-4.895652,1.818168,1.221906,-4.828052,2.016765,0.209786,0.075000,0.049574
56.900454,-4.895065,1.819783,1.222943,-4.828052,2.016765,0.208069,0.075000,0.047902
56.933460,-4.894085,1.822489,1.224299,-4.828052,2.016765,0.205191,0.075000,0.045943
56.967019,-4.894085,1.822489,1.224299,-4.828052,2.016765,0.205191,0.075000,0.045943
57.000451,-4.892490,1.826916,1.227214,-4.828052,2.016765,0.200487,0.075000,0.040808
57.033558,-4.891557,1.829527,1.228751,-4.824831,2.030732,0.211981,0.075000,0.051473
57.066589,-4.890916,1.831329,1.230363,-4.824831,2.030732,0.210069,0.075000,0.048580
57.100426,-4.890564,1.832322,1.231275,-4.824831,2.030732,0.209016,0.075000,0.046888
57.133694,-4.889550,1.835197,1.233208,-4.824831,2.030732,0.205967,0.075000,0.043581
57.166994,-4.889049,1.836623,1.234367,-4.824831,2.030732,0.204456,0.075000,0.041394
57.200361,-4.889049,1.836623,1.234367,-4.824831,2.030732,0.204456,0.075000,0.041394
57.248763,-4.888403,1.838471,1.235524,-4.824831,2.030732,0.202499,0.075000,0.039340
57.266606,-4.885654,1.846413,1.239509,-4.821635,2.044756,0.208419,0.075000,0.045754
57.300359,-4.885186,1.847772,1.240889,-4.821635,2.044756,0.206982,0.075000,0.043060
57.333537,-4.884272,1.850449,1.243128,-4.821635,2.044756,0.204153,0.075000,0.038757
57.366603,-4.883319,1.853254,1.244514,-4.821635,2.044756,0.201191,0.075000,0.036451
57.400394,-4.882837,1.854678,1.245082,-4.818462,2.058830,0.214061,0.075000,0.047301
57.433822,-4.881835,1.857648,1.246327,-4.818462,2.058830,0.210927,0.075000,0.045758
57.466607,-4.880873,1.860511,1.247565,-4.818462,2.058830,0.207907,0.075000,0.044110
57.500321,-4.880395,1.861939,1.248376,-4.818462,2.058830,0.206402,0.075000,0.042790
57.533510,-4.879445,1.864787,1.250376,-4.818462,2.058830,0.203400,0.075000,0.039128
57.567027,-4.878474,1.867717,1.252361,-4.818462,2.058830,0.200314,0.075000,0.035372
57.600263,-4.877999,1.869158,1.253225,-4.815310,2.072951,0.213217,0.075000,0.044894
57.633265,-4.877063,1.872008,1.254710,-4.815310,2.072951,0.210218,0.075000,0.042642
57.666620,-4.876092,1.874981,1.255813,-4.815310,2.072951,0.207091,0.075000,0.041268
57.700466,-4.875631,1.876395,1.257000,-4.815310,2.072951,0.205604,0.075000,0.038981
57.733434,-4.875172,1.877809,1.257704,-4.815310,2.072951,0.204117,0.075000,0.037826
57.766590,-4.873781,1.882116,1.259886,-4.812176,2.087114,0.214054,0.075000,0.044342
57.800347,-4.873306,1.883593,1.260885,-4.812176,2.087114,0.212504,0.075000,0.042640
57.833570,-4.872419,1.886365,1.261724,-4.812176,2.087114,0.209593,0.075000,0.041824
57.866576,-4.871547,1.889101,1.263480,-4.812176,2.087114,0.206722,0.075000,0.038733
57.900225,-4.871108,1.890485,1.264368,-4.812176,2.087114,0.205271,0.075000,0.037120
57.933634,-4.870225,1.893279,1.266260,-4.812176,2.087114,0.202340,0.075000,0.033509
57.967014,-4.869775,1.894712,1.266965,-4.812176,2.087114,0.200838,0.075000,0.032258
58.000188,-4.868814,1.897780,1.268262,-4.809060,2.101314,0.212124,0.075000,0.040013
58.033532,-4.867936,1.900596,1.270047,-4.809060,2.101314,0.209175,0.075000,0.036870
58.066586,-4.867027,1.903532,1.271856,-4.809060,2.101314,0.206102,0.075000,0.033572
58.100428,-4.866543,1.905105,1.272953,-4.809060,2.101314,0.204456,0.075000,0.031433
58.133507,-4.865691,1.907883,1.274635,-4.809060,2.101314,0.201551,0.075000,0.028159
58.167011,-4.865251,1.909326,1.275393,-4.809060,2.101314,0.200042,0.075000,0.026689
58.200342,-4.865251,1.909326,1.275393,-4.809060,2.101314,0.200042,0.075000,0.026689
58.233518,-4.865251,1.909326,1.275393,-4.809060,2.101314,0.200042,0.075000,0.026689
58.279843,-4.864704,1.911124,1.276511,-4.805959,2.115547,0.212697,0.075000,0.033984
58.300318,-4.862219,1.919365,1.280057,-4.805959,2.115547,0.204090,0.075000,0.028071
58.333711,-4.861312,1.922398,1.281082,-4.805959,2.115547,0.200925,0.075000,0.026403
58.366599,-4.860470,1.925227,1.282815,-4.802870,2.129809,0.212536,0.075000,0.031840
58.400317,-4.860036,1.926693,1.283436,-4.802870,2.129809,0.211007,0.075000,0.030831
58.433666,-4.859194,1.929545,1.284600,-4.802870,2.129809,0.208033,0.075000,0.028911
58.466663,-4.858358,1.932389,1.285545,-4.802870,2.129809,0.205069,0.075000,0.027442
58.500325,-4.857941,1.933808,1.286275,-4.802870,2.129809,0.203590,0.075000,0.026051
58.533729,-4.857118,1.936628,1.287220,-4.802870,2.129809,0.200653,0.075000,0.024453
58.566630,-4.856344,1.939287,1.288782,-4.799792,2.144094,0.212471,0.075000,0.029656
58.600334,-4.855938,1.940688,1.289350,-4.799792,2.144094,0.211012,0.075000,0.028722
58.633707,-4.855109,1.943560,1.290756,-4.799792,2.144094,0.208023,0.075000,0.026161
58.666599,-4.854254,1.946534,1.291714,-4.799792,2.144094,0.204930,0.075000,0.024611
58.700359,-4.853826,1.948028,1.291958,-4.799792,2.144094,0.203375,0.075000,0.024390
58.733681,-4.852967,1.951031,1.293010,-4.799792,2.144094,0.200252,0.075000,0.022518
58.766603,-4.852119,1.954010,1.293926,-4.796722,2.158397,0.211761,0.075000,0.028787
58.799905,-4.851714,1.955432,1.294547,-4.796722,2.158397,0.210283,0.075000,0.027716
58.833345,-4.850909,1.958276,1.295683,-4.796722,2.158397,0.207328,0.075000,0.025763
58.866488,-4.850099,1.961150,1.296941,-4.796722,2.158397,0.204342,0.075000,0.023435
58.899976,-4.849682,1.962634,1.297481,-4.796722,2.158397,0.202800,0.075000,0.022459
58.933313,-4.848881,1.965496,1.298915,-4.793659,2.172715,0.214451,0.075000,0.026680
58.966661,-4.848479,1.966936,1.299511,-4.793659,2.172715,0.212955,0.075000,0.025655
58.999964,-4.847578,1.970180,1.300705,-4.793659,2.172715,0.209589,0.075000,0.023622
59.033275,-4.846926,1.972538,1.301351,-4.793659,2.172715,0.207142,0.075000,0.022619
59.066490,-4.846170,1.975275,1.302184,-4.793659,2.172715,0.204303,0.075000,0.021208
59.100278,-4.845766,1.976743,1.302895,-4.793659,2.172715,0.202781,0.075000,0.019776
59.133777,-4.845430,1.977968,1.303433,-4.793659,2.172715,0.201510,0.075000,0.018691
59.167022,-4.845430,1.977968,1.303433,-4.793659,2.172715,0.201510,0.075000,0.018691
59.210872,-4.844939,1.979760,1.304027,-4.790600,2.187042,0.214286,0.075000,0.024230
59.233675,-4.843096,1.986535,1.306687,-4.790600,2.187042,0.207265,0.075000,0.019394
59.266906,-4.842635,1.988241,1.307173,-4.790600,2.187042,0.205498,0.075000,0.018546
59.300245,-4.841926,1.990868,1.307931,-4.790600,2.187042,0.202777,0.075000,0.017171
59.333709,-4.841148,1.993761,1.308380,-4.790600,2.187042,0.199782,0.075000,0.016563
59.366881,-4.840619,1.995730,1.309359,-4.790600,2.187042,0.197743,0.075000,0.014432
59.400358,-4.839873,1.998519,1.309828,-4.790600,2.187042,0.194855,0.075000,0.013649
59.433674,-4.839100,2.001418,1.310498,-4.790600,2.187042,0.191856,0.075000,0.012327
59.467021,-4.838501,2.003667,1.310820,-4.790600,2.187042,0.189528,0.075000,0.011782
59.500374,-4.837905,2.005906,1.310915,-4.790600,2.187042,0.187211,0.075000,0.011819
59.533694,-4.837128,2.008829,1.311348,-4.790600,2.187042,0.184187,0.075000,0.011033
59.566606,-4.836363,2.011714,1.312286,-4.790600,2.187042,0.181201,0.075000,0.008802
59.600446,-4.835795,2.013863,1.312691,-4.790600,2.187042,0.178979,0.075000,0.007890
59.633698,-4.835237,2.015977,1.312826,-4.790600,2.187042,0.176792,0.075000,0.007703
59.666599,-4.834473,2.018871,1.312880,-4.790600,2.187042,0.173800,0.075000,0.007814
59.700363,-4.833973,2.020768,1.313124,-4.790600,2.187042,0.171838,0.075000,0.007285
59.733662,-4.833323,2.023235,1.313601,-4.790600,2.187042,0.169287,0.075000,0.006093
59.766565,-4.832601,2.025981,1.314304,-4.790600,2.187042,0.166447,0.075000,0.004187
59.800390,-4.832244,2.027340,1.314871,-4.790600,2.187042,0.165042,0.075000,0.002542
59.833546,-4.831516,2.030125,1.315250,-4.790600,2.187042,0.162163,0.075000,0.001461
59.866602,-4.830795,2.032884,1.315354,-4.790600,2.187042,0.159312,0.075000,0.001184
59.900396,-4.830425,2.034301,1.315354,-4.790600,2.187042,0.157847,0.075000,0.001206
59.933698,-4.830425,2.034301,1.315354,-4.790600,2.187042,0.157847,0.075000,0.001206
59.967059,-4.830425,2.034301,1.315354,-4.790600,2.187042,0.157847,0.075000,0.001206
60.000360,-4.830425,2.034301,1.315354,-4.790600,2.187042,0.157847,0.075000,0.001206
60.033540,-4.828025,2.043500,1.315463,-4.790600,2.187042,0.148341,0.075000,0.000948
60.066527,-4.827202,2.046653,1.315463,-4.790600,2.187042,0.145082,0.075000,0.000991
60.100421,-4.827202,2.046653,1.315463,-4.790600,2.187042,0.145082,0.075000,0.000991
60.133710,-4.827202,2.046653,1.315463,-4.790600,2.187042,0.145082,0.075000,0.000991
60.167153,-4.827202,2.046653,1.315463,-4.790600,2.187042,0.145082,0.075000,0.000991
60.199940,-4.824590,2.056662,1.315974,-4.790600,2.187042,0.134738,0.075000,-0.000764
60.233621,-4.824186,2.058213,1.315708,-4.790600,2.187042,0.133134,0.075000,0.000217
60.266744,-4.824186,2.058213,1.315708,-4.790600,2.187042,0.133134,0.075000,0.000217
60.300358,-4.824186,2.058213,1.315708,-4.790600,2.187042,0.133134,0.075000,0.000217
60.333550,-4.824186,2.058213,1.315708,-4.790600,2.187042,0.133134,0.075000,0.000217
60.366762,-4.821538,2.068361,1.315268,-4.790600,2.187042,0.122647,0.075000,0.002120
60.400411,-4.821538,2.068361,1.315268,-4.790600,2.187042,0.122647,0.075000,0.002120
60.433626,-4.821538,2.068361,1.315268,-4.790600,2.187042,0.122647,0.075000,0.002120
60.466917,-4.821538,2.068361,1.315268,-4.790600,2.187042,0.122647,0.075000,0.002120
60.500256,-4.821538,2.068361,1.315268,-4.790600,2.187042,0.122647,0.075000,0.002120
60.533574,-4.821538,2.068361,1.315268,-4.790600,2.187042,0.122647,0.075000,0.002120
60.566784,-4.821538,2.068361,1.315268,-4.790600,2.187042,0.122647,0.075000,0.002120
60.600438,-4.821538,2.068361,1.315268,-4.790600,2.187042,0.122647,0.075000,0.002120
60.633559,-4.821538,2.068361,1.315268,-4.790600,2.187042,0.122647,0.075000,0.002120
60.666792,-4.821538,2.068361,1.315268,-4.790600,2.187042,0.122647,0.075000,0.002120
60.700388,-4.821538,2.068361,1.315268,-4.790600,2.187042,0.122647,0.075000,0.002120
60.733656,-4.821538,2.068361,1.315268,-4.790600,2.187042,0.122647,0.075000,0.002120
60.767047,-4.821538,2.068361,1.315268,-4.790600,2.187042,0.122647,0.075000,0.002120
60.800355,-4.821538,2.068361,1.315268,-4.790600,2.187042,0.122647,0.075000,0.002120
60.833465,-4.818130,2.081398,1.315434,-4.790600,2.187042,0.109172,0.075000,0.001973
60.866885,-4.812857,2.101629,1.316300,-4.790600,2.187042,0.088265,0.075000,-0.002405
60.900389,-4.812857,2.101629,1.316300,-4.790600,2.187042,0.088265,0.075000,-0.002405
60.933609,-4.812857,2.101629,1.316300,-4.790600,2.187042,0.088265,0.075000,-0.002405
60.966774,-4.810248,2.111646,1.315694,-4.790600,2.187042,0.077913,0.075000,0.001086
61.000394,-4.809703,2.113736,1.315857,-4.790600,2.187042,0.075754,0.075000,0.000073
61.033705,-4.808688,2.117631,1.315844,-4.790600,2.187042,0.071729,0.075000,0.000144
61.066606,-4.808044,2.120100,1.315573,-4.790600,2.187042,0.069177,0.075000,0.002143
61.100273,-4.807663,2.121561,1.315843,-4.790600,2.187042,0.067667,0.075000,0.000246
61.133557,-4.806809,2.124840,1.316152,-4.790600,2.187042,0.064279,0.075000,-0.002163
61.166827,-4.806547,2.125844,1.316287,-4.790600,2.187042,0.063242,0.075000,-0.003299
61.200330,-4.806547,2.125844,1.316287,-4.790600,2.187042,0.063242,0.075000,-0.003299
61.233559,-4.806547,2.125844,1.316287,-4.790600,2.187042,0.063242,0.075000,-0.003299
61.266998,-4.804986,2.131837,1.315852,-4.790600,2.187042,0.057048,0.075000,0.000070
61.300347,-4.803815,2.136334,1.315808,-4.790600,2.187042,0.052401,0.075000,0.000358
61.333750,-4.802984,2.139523,1.315896,-4.790600,2.187042,0.049106,0.075000,-0.000489
61.366610,-4.802241,2.142375,1.316005,-4.790600,2.187042,0.046159,0.075000,-0.001745
61.400422,-4.801864,2.143823,1.316059,-4.790600,2.187042,0.044662,0.075000,-0.002468
61.433627,-4.801101,2.146753,1.315816,-4.790600,2.187042,0.041635,0.075000,0.000127
61.466607,-4.800335,2.149690,1.315418,-4.790600,2.187042,0.038599,0.075000,0.005390
61.500418,-4.799973,2.151076,1.315796,-4.790600,2.187042,0.037167,0.075000,0.000724
61.533674,-4.799269,2.153779,1.316337,-4.790600,2.187042,0.034374,0.075000,-0.007242
61.566605,-4.798550,2.156544,1.316624,-4.790600,2.187042,0.031517,0.075000,-0.013278
61.600337,-4.798188,2.157938,1.316410,-4.790600,2.187042,0.030077,0.075000,-0.011021
61.633714,-4.797455,2.160757,1.316275,-4.790600,2.187042,0.027164,0.075000,-0.010973
61.666902,-4.796704,2.163641,1.316036,-4.790600,2.187042,0.024184,0.075000,-0.008807
61.700289,-4.796314,2.165141,1.315955,-4.790600,2.187042,0.022634,0.075000,-0.008257
61.733570,-4.795528,2.168155,1.315550,-4.790600,2.187042,0.019519,0.075000,-0.000409
61.766616,-4.794780,2.171022,1.315314,-4.790600,2.187042,0.016556,0.075000,0.006436
61.800345,-4.794400,2.172479,1.314719,-4.790600,2.187042,0.015050,0.075000,0.027549
61.833712,-4.793641,2.175375,1.314637,-4.790600,2.187042,0.012057,0.075000,0.047147
61.866352,-4.792874,2.178305,1.314757,nan,nan,nan,0.000000,0.000000
