time,x,z
0.0,0.0,0.0
0.008,-3.806600000000153e-05,1.791399999998e-05
0.017,2.342999999998402e-06,2.6015999999989825e-05
0.025,1.1090999999997797e-05,2.0858999999984196e-05
0.033,3.248399999999929e-05,2.8426999999969782e-05
0.042,-7.156000000001217e-06,-3.050000000059949e-07
0.05,-1.445300000000281e-05,-2.5180000000069036e-06
0.058,-7.201000000001817e-06,5.340999999964291e-06
0.067,4.61899999999911e-06,5.340999999964291e-06
0.075,-1.4105000000002102e-05,1.3961999999978492e-05
0.083,2.7708999999999026e-05,1.3442999999974115e-05
0.092,-8.330000000004306e-07,6.6989999999989e-06
0.1,-1.828400000000209e-05,1.7089999999886363e-06
0.108,-3.692100000000226e-05,9.643999999975339e-06
0.117,-1.3958000000001414e-05,2.6458999999978694e-05
0.125,-1.1806000000001357e-05,-1.0269000000034945e-05
0.133,1.114399999999939e-05,-2.9750000000439147e-06
0.142,-4.175000000000359e-06,7.216999999976048e-06
0.15,1.9139999999986945e-06,4.455999999986027e-06
0.158,9.139999999997761e-06,7.186999999964083e-06
0.167,1.7099999999985183e-06,1.562499999999134e-05
0.175,-2.342700000000121e-05,-1.0773000000019461e-05
0.183,-3.068600000000199e-05,-1.5503000000000045e-05
0.192,-2.1724000000000743e-05,1.611299999998428e-05
0.2,-1.3909000000001184e-05,4.9899999999825084e-06
0.208,5.01499999999884e-06,1.606799999998021e-05
0.217,2.1310999999997818e-05,2.1544999999983938e-05
0.225,-1.6216000000001188e-05,-1.8508999999999887e-05
0.233,-4.962800000000121e-05,-1.753200000004229e-05
0.242,-3.3246000000000664e-05,1.812699999997891e-05
0.25,-8.9150000000017e-06,2.210999999999186e-05
0.258,3.875299999999901e-05,2.6168999999964804e-05
0.267,2.6131999999998157e-05,5.080999999990121e-06
0.275,6.149999999989497e-07,6.709999999798821e-07
0.283,-2.1501000000001894e-05,4.1049999999764886e-06
0.292,-4.4043000000000554e-05,-2.7310000000335677e-06
0.3,3.922599999999811e-05,5.019999999994473e-06
0.308,1.9855999999998653e-05,1.5487999999980184e-05
0.317,2.8884999999997593e-05,7.8739999999633e-06
0.325,2.100099999999966e-05,-2.3800000000240296e-06
0.333,7.763999999998647e-06,2.0247999999972732e-05
0.342,1.734599999999968e-05,1.3061999999980367e-05
0.35,2.2050999999998627e-05,4.317999999975397e-06
0.358,6.307399999999803e-05,8.31599999998045e-06
0.367,2.2751999999997413e-05,2.273599999996767e-05
0.375,-1.959000000002764e-06,3.420999999997898e-05
0.383,6.563999999998835e-06,4.540999999999573e-05
0.392,1.2521999999997452e-05,2.4886999999973458e-05
0.4,1.8965999999998734e-05,1.9799999997904827e-07
0.408,1.690299999999867e-05,-5.493000000023063e-06
0.417,-3.486000000000114e-05,2.654999999990304e-06
0.425,2.096499999999779e-05,1.7303999999995767e-05
0.433,9.05000000000003e-06,1.594499999998944e-05
0.442,1.1654999999999305e-05,-3.860000000022179e-06
0.45,2.826899999999917e-05,8.91099999997258e-06
0.458,1.3579999999999148e-05,1.3198999999963767e-05
0.467,3.3424999999998387e-05,3.1432999999969624e-05
0.475,5.245999999998682e-06,2.3635999999965795e-05
0.483,7.84499999999938e-06,2.281199999998318e-05
0.492,7.608799999999846e-05,3.260799999996178e-05
0.5,2.890499999999921e-05,2.0797999999960792e-05
0.508,4.3451999999997645e-05,3.938299999997619e-05
0.517,4.8071000000000225e-05,2.3742999999992742e-05
0.525,3.3018999999998716e-05,3.1402999999985415e-05
0.533,1.8824999999998357e-05,5.584999999974638e-06
0.542,5.749999999998812e-06,1.245099999999666e-05
0.55,-1.5740000000001933e-05,-1.1658000000025481e-05
0.558,-3.0436000000000005e-05,-1.5198000000021805e-05
0.567,-3.6740000000003853e-06,4.05729999999882e-05
0.575,-3.818000000000918e-06,2.1132999999978752e-05
0.583,3.5869999999993407e-06,9.33799999996987e-06
0.592,1.545499999999929e-05,9.887999999985686e-06
0.6,-1.3100000000001999e-05,2.149999999997987e-05
0.608,-1.741200000000137e-05,1.6555999999973148e-05
0.617,-2.0537000000001027e-05,2.0675999999969497e-05
0.625,-1.353000000000118e-05,-2.9510000000038117e-05
0.633,-7.825000000001234e-06,-4.6249000000025964e-05
0.642,2.197499999999873e-05,-2.4353000000032488e-05
0.65,2.0230999999999028e-05,3.479000000000676e-06
0.658,-1.1543000000002746e-05,9.536999999976148e-06
0.667,-1.2390000000001011e-06,-2.4033000000006632e-05
0.675,2.1439999999990633e-06,1.5015000000007106e-05
0.683,1.5267999999998838e-05,1.7837999999964493e-05
0.692,1.6866999999998536e-05,2.955599999998615e-05
0.7,-2.093300000000249e-05,2.5573999999972674e-05
0.708,1.3659999999974387e-06,6.911999999997809e-06
0.717,2.6160999999998505e-05,1.7119999999981594e-05
0.725,1.6695999999998337e-05,7.779999999790732e-07
0.733,-1.6773000000001176e-05,-2.3040000000085215e-06
0.742,-3.7055000000001115e-05,-7.660000000020428e-06
0.75,-2.0797000000001217e-05,1.7549999999921795e-06
0.758,-1.878800000000222e-05,8.224999999972837e-06
0.767,1.3129999999993147e-06,-2.3300000000003873e-05
0.775,8.15499999999754e-06,-5.264000000032576e-06
0.783,-4.4007999999999894e-05,-2.6001000000025476e-05
0.792,-7.93270000000023e-05,8.941999999984018e-06
0.8,-8.506000000001873e-06,1.611299999998428e-05
0.808,2.058799999999847e-05,9.429999999976957e-06
0.817,3.3921999999996996e-05,8.300999999988345e-06
0.825,-7.233000000002321e-06,2.224699999997526e-05
0.833,-1.0610000000001174e-05,1.5883999999993792e-05
0.842,-1.896800000000115e-05,1.7180999999977242e-05
0.85,2.182599999999736e-05,1.2710999999970829e-05
0.858,8.55399999999916e-06,-2.3270000000019664e-05
0.867,1.861799999999976e-05,-9.094000000015035e-06
0.875,-3.9497000000001184e-05,1.0253999999987329e-05
0.883,-5.279500000000305e-05,1.2527999999983885e-05
0.892,-6.773000000001583e-06,2.028999999986736e-06
0.9,8.732999999998617e-06,7.445999999966535e-06
0.908,4.5836999999998226e-05,5.53899999999885e-06
0.917,2.1130999999997152e-05,1.707500000000528e-05
0.925,-8.532000000002066e-06,2.311699999996142e-05
0.933,-1.2170000000002318e-05,2.7769999999815997e-06
0.942,-1.4268000000001307e-05,-4.089000000040421e-06
0.95,6.96299999999872e-06,1.6433999999981852e-05
0.958,2.3160999999998974e-05,2.569599999996397e-05
0.967,1.8495999999998056e-05,3.3202999999981664e-05
0.975,-3.521300000000095e-05,3.587299999996407e-05
0.983,2.3831999999997938e-05,2.4413999999972624e-05
0.992,1.1814999999998355e-05,3.554999999960673e-06
1.0,-1.7414999999999792e-05,-4.7300000000083386e-07
1.008,1.3577999999998466e-05,-3.0520000000033853e-06
1.017,-1.5812000000000465e-05,1.208499999996726e-05
1.025,2.1421999999998373e-05,-6.592000000027465e-06
1.033,2.2680999999998355e-05,-2.7310000000335677e-06
1.042,1.5032999999997632e-05,5.416999999979799e-06
1.05,1.2538999999997177e-05,3.325999999970186e-06
1.058,6.413999999997991e-06,2.2674999999972023e-05
1.067,-1.1766000000001595e-05,1.632699999998266e-05
1.075,4.188599999999966e-05,2.6047000000001264e-05
1.083,2.7540999999998983e-05,5.489999999608308e-07
1.092,1.744699999999856e-05,6.713999999963249e-06
1.1,7.656999999999456e-06,1.4541999999978517e-05
1.108,-1.1239000000001428e-05,1.797499999997565e-05
1.117,5.3968999999997463e-05,5.5114999999994474e-05
1.125,5.978299999999902e-05,3.158999999974821e-06
1.133,4.5570999999997724e-05,1.2389999999973256e-05
1.142,7.783999999998528e-06,1.4815999999973073e-05
1.15,-3.457700000000091e-05,3.7539999999669504e-06
1.158,-1.7751000000001613e-05,1.2511999999964551e-05
1.167,1.422099999999829e-05,3.2199999999982243e-06
1.175,3.516499999999846e-05,3.63309999999728e-05
1.183,2.9676999999998788e-05,2.1773999999974425e-05
1.192,8.807999999999039e-06,2.9586999999969832e-05
1.2,2.096799999999968e-05,1.1504999999994991e-05
1.208,2.3205999999999574e-05,3.6224000000001366e-05
1.217,6.987999999999786e-05,2.0081000000005123e-05
1.225,2.2727999999997903e-05,2.3894999999968247e-05
1.233,-1.933600000000174e-05,1.707500000000528e-05
1.242,9.325999999998738e-06,3.6666999999990235e-05
1.25,1.1178999999998315e-05,1.8325999999985187e-05
1.258,4.118099999999951e-05,3.820799999998403e-05
1.267,6.283699999999962e-05,2.5573999999972674e-05
1.275,2.7023999999998757e-05,1.5136999999970646e-05
1.283,-8.079000000001113e-06,3.3752999999969724e-05
1.292,-1.122400000000065e-05,2.9312000000003557e-05
1.3,2.2399999999971054e-06,1.4649999999782892e-06
1.308,5.252999999998467e-06,-1.3700000001115598e-07
1.317,3.671699999999861e-05,7.0649999999727875e-06
1.325,3.874999999998671e-06,9.963999999973439e-06
1.333,-6.196000000001714e-06,-4.669000000012691e-06
1.342,-1.5330000000014776e-06,-3.0520000000033853e-06
1.35,6.810999999998929e-06,1.2969999999834503e-06
1.358,2.3792999999999384e-05,2.1422999999992642e-05
1.367,8.559999999997736e-06,8.132999999965751e-06
1.375,1.2281999999998877e-05,4.806999999995565e-06
1.383,-2.394900000000054e-05,2.9759999999878772e-06
1.392,-6.835000000001909e-06,1.2755999999974899e-05
1.4,8.785999999998476e-06,1.4663999999969812e-05
1.408,-6.308000000001743e-06,2.4276999999961468e-05
1.417,3.0393999999997826e-05,8.224999999972837e-06
1.425,3.0669999999989594e-06,2.4810999999985706e-05
1.433,-5.492000000001038e-06,3.877299999999195e-05
1.442,-4.304000000001848e-06,3.706399999997556e-05
1.45,-1.0755000000002915e-05,4.897999999975422e-06
1.458,2.4224999999999247e-05,1.577799999996632e-05
1.467,3.7776999999999256e-05,1.7303999999995767e-05
1.475,1.9979999999978487e-06,1.5655999999975023e-05
1.483,-1.610600000000184e-05,3.324899999998521e-05
1.492,-2.2770000000019164e-06,-5.722000000041305e-06
1.5,1.1213999999998975e-05,4.7300000000083386e-07
1.508,-5.243000000000261e-06,1.2969999999834503e-06
1.517,-1.505000000000603e-06,1.4327999999952379e-05
1.525,2.7165999999998608e-05,2.352899999999436e-05
1.533,1.1334999999997736e-05,2.030999999999561e-05
1.542,-1.6807000000000627e-05,1.4770999999996759e-05
1.55,2.858199999999922e-05,3.9763999999969935e-05
1.558,6.209999999975263e-07,2.9952999999971475e-05
1.567,3.1883999999999385e-05,6.957999999998576e-05
1.575,2.172699999999743e-05,3.1936999999981897e-05
1.583,1.7499999999982807e-06,-2.3650000000041693e-06
1.592,-3.5668000000002587e-05,-5.661000000017902e-06
1.6,8.558999999999997e-06,2.6259999999972417e-05
1.608,6.381599999999779e-05,4.5608999999974253e-05
1.617,7.106299999999795e-05,2.9326999999995662e-05
1.625,2.4164999999999603e-05,2.531399999997075e-05
1.633,-3.339700000000098e-05,2.4674000000002305e-05
1.642,-1.4710000000001111e-05,2.1056999999963244e-05
1.65,3.3022999999998345e-05,3.036499999997666e-05
1.658,5.390699999999714e-05,3.549199999999808e-05
1.667,3.0713999999999395e-05,1.6173999999979927e-05
1.675,1.9731999999998e-05,1.3778999999991548e-05
1.683,2.459199999999863e-05,2.865599999996027e-05
1.692,5.567999999999199e-06,4.6309999999993856e-05
1.7,1.4123999999997305e-05,3.765899999996769e-05
1.708,6.099999999998468e-07,2.0629999999965953e-05
1.717,-1.55960000000014e-05,-1.2726000000018445e-05
1.725,3.566199999999707e-05,3.376799999996183e-05
1.733,1.602099999999801e-05,4.478499999999164e-05
1.742,9.429999999999508e-06,7.094999999984752e-06
1.75,2.0909999999992046e-06,1.9529999999712278e-06
1.758,2.4863999999997707e-05,2.1773999999974425e-05
1.767,4.7153999999998905e-05,1.1001999999982193e-05
1.775,2.4828999999997048e-05,2.4840999999969915e-05
1.783,3.763999999999851e-05,2.569599999996397e-05
1.792,2.2972999999997315e-05,3.427099999997463e-05
1.8,-5.589999999999762e-06,-2.4870000000232206e-06
1.808,-7.100000000009876e-07,8.31599999998045e-06
1.817,4.93919999999988e-05,2.6214999999968347e-05
1.825,3.9204999999998755e-05,4.1595999999977096e-05
1.833,1.8737999999999047e-05,2.3223999999988365e-05
1.842,1.7409999999998954e-05,1.5121999999978541e-05
1.85,-1.2710000000000846e-05,2.891499999996272e-05
1.858,3.251099999999896e-05,2.8426999999969782e-05
1.867,1.6796999999997217e-05,4.267899999998992e-05
1.875,1.2349999999987371e-06,1.1153999999985453e-05
1.883,8.927999999998326e-06,6.103999999979015e-06
1.892,4.573499999999814e-05,1.0100999999984595e-05
1.9,5.3995999999998864e-05,1.1733999999985478e-05
1.908,2.8646999999997966e-05,2.3773000000004707e-05
1.917,9.090999999999266e-06,3.1936999999981897e-05
1.925,3.293999999997438e-06,1.068099999998462e-05
1.933,6.015999999997579e-06,4.4662999999972586e-05
1.942,3.931599999999931e-05,1.7516999999994676e-05
1.95,-3.858600000000191e-05,-1.565500000003106e-05
1.958,-2.6656000000001637e-05,-1.6342000000030277e-05
1.967,-8.227000000001275e-06,-9.415000000040363e-06
1.975,-3.3590000000031234e-06,2.7144999999978436e-05
1.983,3.231699999999872e-05,2.368199999996934e-05
1.992,1.6887999999999626e-05,2.212999999973153e-06
2.0,-2.7316000000001187e-05,-9.460000000016677e-07
2.008,-1.3764000000001178e-05,1.3335999999974923e-05
2.017,1.3185999999998366e-05,4.3789999999988005e-06
2.025,1.873999999998932e-06,7.445999999966535e-06
2.033,1.6966999999997942e-05,-6.0580000000032275e-06
2.042,-3.2270000000014787e-06,1.4999999992104662e-08
2.05,1.1528999999997971e-05,-4.135000000043965e-06
2.058,2.2553999999999283e-05,1.2328999999977608e-05
2.067,7.999999999997592e-06,8.864999999969037e-06
2.075,1.3858999999999747e-05,-1.2009000000007264e-05
2.083,-9.013000000002158e-06,-7.660000000020428e-06
2.092,-2.1200000000030222e-06,1.9069999999676845e-06
2.1,2.0129999999998413e-05,9.231999999997909e-06
2.108,1.8856999999997126e-05,5.279999999996399e-06
2.117,2.0269999999999316e-06,5.126999999965909e-06
2.125,5.892999999998136e-06,-8.514000000042765e-06
2.133,1.3089999999979507e-06,8.376999999976098e-06
2.142,-3.158300000000169e-05,1.4388999999975782e-05
2.15,-1.1866000000002735e-05,-6.180000000022279e-06
2.158,-9.176000000001364e-06,-4.974000000018686e-06
2.167,-2.2809000000002105e-05,-3.277600000001213e-05
2.175,4.889999999998715e-06,1.4922999999972264e-05
2.183,1.3429999999998304e-05,2.9586999999969832e-05
2.192,-1.532000000002004e-06,4.1595999999977096e-05
2.2,7.632999999999945e-06,8.178999999969294e-06
2.208,1.6332999999998585e-05,2.9139999999927557e-06
2.217,-1.3040000000023172e-06,-2.0691000000017112e-05
2.225,-2.267000000000241e-06,1.4434999999979325e-05
2.233,-8.878000000002093e-06,2.1285999999981486e-05
2.242,-6.05300000000239e-06,9.765999999966635e-06
2.25,-4.0605000000002583e-05,-1.6937000000022406e-05
2.258,-7.652000000000353e-06,-1.2039000000019229e-05
2.267,7.271299999999856e-05,1.3228999999975732e-05
2.275,3.911399999999808e-05,3.324899999998521e-05
2.283,1.5419999999984751e-06,4.607999999989287e-06
2.292,-2.662500000000234e-05,1.985199999998688e-05
2.3,1.8359999999998516e-05,1.5731999999962776e-05
2.308,4.875599999999876e-05,3.7124999999998964e-05
2.317,3.9738999999998706e-05,2.590899999996288e-05
2.325,-2.434500000000027e-05,-1.0223000000003646e-05
2.333,-7.110000000001143e-06,8.666999999989988e-06
2.342,6.326099999999849e-05,4.439999999966693e-06
2.35,6.13389999999988e-05,4.231299999996052e-05
2.358,6.648599999999928e-05,8.92599999999244e-06
2.367,-9.41800000000062e-06,-1.1140000000242622e-06
2.375,-1.7548000000002645e-05,5.706999999993689e-06
2.383,4.071699999999741e-05,9.33799999996987e-06
2.392,1.9320999999999228e-05,8.147999999985611e-06
2.4,5.423799999999812e-05,5.8289999999572295e-06
2.408,1.6964999999998995e-05,2.2582999999992692e-05
2.417,2.624099999999803e-05,3.079199999997395e-05
2.425,1.8568000000000057e-05,1.611299999998428e-05
2.433,4.1420999999998084e-05,6.27099999997438e-06
2.442,3.331299999999836e-05,1.896699999998086e-05
2.45,4.969799999999906e-05,0.0001301880000000033
2.458,8.913599999999834e-05,0.000376311999999962
2.467,3.8375999999997953e-05,0.0007235259999999744
2.475,-4.26570000000015e-05,0.0012058559999999774
2.483,-5.569100000000181e-05,0.0017559199999999942
2.492,-4.174800000000117e-05,0.0024217989999999745
2.5,-0.0001984340000000008,0.003205535999999981
2.508,-0.0003328850000000015,0.004127685999999964
2.517,-0.0003381380000000017,0.005199996999999984
2.525,-0.0003789250000000022,0.0064154969999999645
2.533,-0.00044609500000000225,0.007642486999999976
2.542,-0.0005822300000000013,0.009036757999999978
2.55,-0.0006543940000000009,0.010436568999999979
2.558,-0.0006604900000000014,0.01194964599999998
2.567,-0.0007897880000000031,0.01354031399999997
2.575,-0.0009697490000000007,0.015122237999999982
2.583,-0.0010189220000000002,0.016879928999999988
2.592,-0.0011655040000000012,0.018648162999999968
2.6,-0.001318157000000002,0.020522719999999994
2.608,-0.0013687030000000006,0.022492492999999975
2.617,-0.0016098460000000016,0.024508986999999982
2.625,-0.0016713700000000019,0.026613021999999986
2.633,-0.0018946440000000026,0.02888880899999996
2.642,-0.0019999560000000024,0.031173903999999975
2.65,-0.002328737000000001,0.03359993
2.658,-0.0023590620000000003,0.035927550999999974
2.667,-0.0026058840000000028,0.03842988599999997
2.675,-0.0026569070000000018,0.04106565899999998
2.683,-0.002907888000000001,0.043915236999999996
2.692,-0.0031004230000000015,0.04681014999999994
2.7,-0.0031749690000000014,0.04972393799999997
2.708,-0.0034911560000000005,0.052759674000000034
2.717,-0.003592950000000001,0.05575796500000002
2.725,-0.003720323000000001,0.058696411000000004
2.733,-0.003943686000000002,0.061738921999999974
2.742,-0.004135450000000001,0.064864441
2.75,-0.004207599000000001,0.06792196699999997
2.758,-0.0044711290000000025,0.07112374899999996
2.767,-0.0048056700000000015,0.074527283
2.775,-0.0048643620000000005,0.07767608599999998
2.783,-0.0050766640000000016,0.080833557
2.792,-0.005402066000000002,0.084198212
2.8,-0.005562829000000002,0.08750744599999999
2.808,-0.0057385740000000015,0.09098193399999993
2.817,-0.006066247000000002,0.09450811799999997
2.825,-0.006222514000000002,0.09788619999999998
2.833,-0.006378268000000001,0.10136666899999996
2.842,-0.006640267000000002,0.10486984300000002
2.85,-0.006890045000000001,0.10842285199999996
2.858,-0.007066161000000001,0.11192040999999997
2.867,-0.007194093000000002,0.11555709799999997
2.875,-0.007442405000000003,0.11921084599999998
2.883,-0.007689147000000004,0.12281292700000002
2.892,-0.007791243000000003,0.126272644
2.9,-0.008108241000000002,0.129953461
2.908,-0.008484542000000001,0.133769562
2.917,-0.008623288000000003,0.137492371
2.925,-0.008808314000000001,0.141348755
2.933,-0.008908854,0.14503005999999996
2.942,-0.009279019000000003,0.14866393999999994
2.95,-0.009617398000000003,0.15242428599999996
2.958,-0.009935019,0.15626940899999997
2.967,-0.010049962000000003,0.16014297499999997
2.975,-0.010225078000000002,0.16401522799999996
2.983,-0.010489417000000001,0.16778814699999994
2.992,-0.010812226000000001,0.17158904999999997
3.0,-0.011034429000000002,0.17546539299999997
3.008,-0.011315771999999998,0.17939044199999998
3.017,-0.011477172,0.18335110500000001
3.025,-0.011717366000000003,0.187248444
3.033,-0.011946994000000002,0.19112091099999995
3.042,-0.012161660000000001,0.19507330299999998
3.05,-0.012619359,0.19897476199999997
3.058,-0.012944751000000001,0.20293890399999998
3.067,-0.013150319,0.206874481
3.075,-0.013395774,0.210726898
3.083,-0.013707597000000002,0.21466189600000002
3.092,-0.014112340000000001,0.21866491700000001
3.1,-0.014427194,0.222784912
3.108,-0.014559728000000001,0.226972809
3.117,-0.014868512,0.23087219199999998
3.125,-0.015203412,0.23478079200000002
3.133,-0.015582932,0.23884991500000002
3.142,-0.015898997,0.24287417599999994
3.15,-0.016148053000000002,0.24695669599999998
3.158,-0.016501056000000004,0.25104287699999994
3.167,-0.016825236,0.25506131
3.175,-0.017116412,0.259069122
3.183,-0.017409934000000002,0.263235413
3.192,-0.017707375,0.267550293
3.2,-0.018007157,0.271670136
3.208,-0.018347594000000002,0.275565918
3.217,-0.018709599,0.27968255599999997
3.225,-0.019182351,0.28380542
3.233,-0.019537084,0.287918793
3.242,-0.019882682,0.29211294599999993
3.25,-0.020265391,0.2963068849999999
3.258,-0.020599902,0.300457336
3.267,-0.020991893,0.30454669199999995
3.275,-0.021456647000000002,0.30883605999999997
3.283,-0.021848668,0.31323168999999995
3.292,-0.02218315,0.31732537799999994
3.3,-0.022468496999999997,0.32128625499999997
3.308,-0.022911025,0.325402344
3.317,-0.023318526000000006,0.329629395
3.325,-0.023724933000000004,0.333914002
3.333,-0.024151702000000004,0.3379746699999999
3.342,-0.024529483000000005,0.341797852
3.35,-0.02481853,0.34553247099999995
3.358,-0.025301672999999997,0.34941558799999994
3.367,-0.025819723999999995,0.353366333
3.375,-0.026355941,0.35706005900000004
3.383,-0.026909552000000003,0.360603272
3.392,-0.027424041000000003,0.3640843509999999
3.4,-0.027802264,0.36729901099999995
3.408,-0.028509765,0.370493286
3.417,-0.029169753000000007,0.37371820099999997
3.425,-0.029752749000000002,0.376767151
3.433,-0.030288230000000006,0.37964465299999994
3.442,-0.030877307,0.38239031999999995
3.45,-0.031760146,0.38513568099999995
3.458,-0.032668239,0.3877952269999999
3.467,-0.033479342,0.390110474
3.475,-0.034279963,0.392391174
3.483,-0.035110747,0.394469238
3.492,-0.036059058000000005,0.3964487309999999
3.5,-0.037087245,0.3981978759999999
3.508,-0.038451571,0.399882324
3.517,-0.039873450000000005,0.401339478
3.525,-0.041301574,0.402747253
3.533,-0.042577727,0.403966736
3.542,-0.043928431000000004,0.40494360399999996
3.55,-0.045372508,0.405977661
3.558,-0.046931518,0.40697192399999993
3.567,-0.048598388000000006,0.40770257600000004
3.575,-0.050057489999999996,0.408261475
3.583,-0.051376555,0.408811279
3.592,-0.052687545,0.40920593299999997
3.6,-0.053970393,0.409535156
3.608,-0.05527275,0.409697632
3.617,-0.056620757,0.409773682
3.625,-0.05794196999999999,0.40990087900000005
3.633,-0.059168219,0.40989300500000003
3.642,-0.060339026,0.40975708
3.65,-0.061557867999999995,0.409534058
3.658,-0.06285490300000002,0.4091256099999999
3.667,-0.064107207,0.4087825319999999
3.675,-0.06533024500000001,0.408383728
3.683,-0.066490889,0.40782214399999994
3.692,-0.06766898199999999,0.4072390749999999
3.7,-0.06881341400000002,0.40658898899999996
3.708,-0.069926818,0.40579711899999993
3.717,-0.07096295799999999,0.404934204
3.725,-0.07164541499999999,0.40400018299999996
3.733,-0.072294677,0.40290966800000005
3.742,-0.07288260499999999,0.401781555
3.75,-0.07352323799999999,0.40066601599999996
3.758,-0.074294379,0.39945575
3.767,-0.074920134,0.3982634279999999
3.775,-0.07533304499999999,0.39695519999999995
3.783,-0.075726439,0.39562316899999994
3.792,-0.076156745,0.394294495
3.8,-0.076406836,0.393049377
3.808,-0.07654013000000001,0.391664185
3.817,-0.076714797,0.39023413100000004
3.825,-0.07669994299999999,0.388960022
3.833,-0.07666329900000002,0.387759949
3.842,-0.07671882500000002,0.38655926499999993
3.85,-0.076794211,0.3853817749999999
3.858,-0.07678159200000001,0.38419634999999996
3.867,-0.07675968800000002,0.3831417239999999
3.875,-0.07671982499999999,0.382067688
3.883,-0.076756392,0.38103399699999996
3.892,-0.076807715,0.38000415
3.9,-0.07691975300000001,0.37896295199999996
3.908,-0.07697543199999998,0.377977173
3.917,-0.077052649,0.377015259
3.925,-0.07713687,0.376130493
3.933,-0.07727703,0.37517541500000007
3.942,-0.077457686,0.374276123
3.95,-0.07756256,0.3733855589999999
3.958,-0.07768403500000001,0.37248028599999994
3.967,-0.07766674700000001,0.371529358
3.975,-0.077697181,0.37059851099999996
3.983,-0.07784403100000001,0.36963415499999996
3.992,-0.078048858,0.36874560599999995
4.0,-0.07827535099999999,0.36783929400000004
4.008,-0.078526336,0.36696423300000003
4.017,-0.079059142,0.3661099849999999
4.025,-0.079875106,0.36529644799999994
4.033,-0.080782515,0.36464752199999995
4.042,-0.08172273899999999,0.364045288
4.05,-0.082832091,0.36345465099999996
4.058,-0.084121627,0.36290716599999995
4.067,-0.08539820000000001,0.362396912
4.075,-0.086708762,0.361936096
4.083,-0.088004516,0.361447815
4.092,-0.08940373100000001,0.36100585899999993
4.1,-0.09091169600000001,0.36057721
4.108,-0.092507163,0.360064026
4.117,-0.09417889299999999,0.35963738999999995
4.125,-0.095888793,0.35917767300000003
4.133,-0.097555907,0.35875231899999993
4.142,-0.09944351900000001,0.358270691
4.15,-0.10141682300000002,0.3577827149999999
4.158,-0.10344124500000001,0.3572496949999999
4.167,-0.10554193,0.3567897339999999
4.175,-0.10755073400000001,0.35633386199999995
4.183,-0.10998655600000001,0.35578387499999997
4.192,-0.11225602600000001,0.35525323500000006
4.2,-0.114444556,0.3546889649999999
4.208,-0.11676068,0.354137024
4.217,-0.11920399400000001,0.353549927
4.225,-0.12179731599999999,0.35295257599999996
4.233,-0.12423895200000001,0.352433899
4.242,-0.12699941900000003,0.35177685599999997
4.25,-0.129802581,0.351156189
4.258,-0.132309325,0.350494324
4.267,-0.135205565,0.3497855839999999
4.275,-0.13832850500000002,0.34913794
4.283,-0.14104586700000002,0.34836364799999997
4.292,-0.14401451,0.34767401099999995
4.3,-0.147076125,0.34690173300000005
4.308,-0.150045211,0.34620397999999997
4.317,-0.15315483000000002,0.345450928
4.325,-0.156319274,0.34468634
4.333,-0.15929518,0.343944885
4.342,-0.162368575,0.343191162
4.35,-0.165502364,0.34241534399999995
4.358,-0.168586684,0.3415979
4.367,-0.17180241300000001,0.34089666799999996
4.375,-0.175131713,0.34013018799999994
4.383,-0.17853659000000002,0.33935907
4.392,-0.181921203,0.33860119599999994
4.4,-0.185258422,0.337721375
4.408,-0.188636413,0.33682501200000003
4.417,-0.19199847300000003,0.33598498499999996
4.425,-0.19531056100000002,0.33511590599999996
4.433,-0.198829574,0.334289429
4.442,-0.202352843,0.333455933
4.45,-0.20575459200000001,0.3326392819999999
4.458,-0.209191604,0.33179803500000005
4.467,-0.212585936,0.33089520299999997
4.475,-0.21599436800000002,0.33007415799999995
4.483,-0.219747222,0.32918731700000003
4.492,-0.22343456900000003,0.32847113000000006
4.5,-0.226844878,0.32754760699999996
4.508,-0.230288756,0.32664446999999996
4.517,-0.23394233600000003,0.3257275999999999
4.525,-0.23760304200000001,0.32480212399999997
4.533,-0.24115159500000002,0.323888916
4.542,-0.244733214,0.322973572
4.55,-0.24837347299999998,0.32207379199999997
4.558,-0.251739592,0.32116278099999995
4.567,-0.25535275199999996,0.320250916
4.575,-0.258974547,0.31942956499999997
4.583,-0.262750304,0.31853222700000006
4.592,-0.26633877499999997,0.317643005
4.6,-0.269581237,0.316655335
4.608,-0.273260772,0.3158678589999999
4.617,-0.276920653,0.31498773199999996
4.625,-0.28039211899999994,0.31418042
4.633,-0.28390572999999997,0.31337567099999997
4.642,-0.287141997,0.3125979609999999
4.65,-0.29045184199999996,0.31184643600000006
4.658,-0.29353390399999996,0.311123779
4.667,-0.296645598,0.310557007
4.675,-0.29992791599999996,0.31002282699999995
4.683,-0.30311267,0.30956561299999996
4.692,-0.306045989,0.30916455099999995
4.7,-0.30883596699999993,0.308835938
4.708,-0.311892241,0.30856610100000004
4.717,-0.31491082699999995,0.308340088
4.725,-0.31766314599999995,0.308180786
4.733,-0.320079101,0.308088135
4.742,-0.32273498399999995,0.3080271
4.75,-0.32545547399999997,0.3080136109999999
4.758,-0.32795049899999995,0.30805554199999996
4.767,-0.330469939,0.3081881099999999
4.775,-0.33281716799999994,0.308476074
4.783,-0.335380736,0.30875805700000003
4.792,-0.337886229,0.30908667
4.8,-0.34036169299999997,0.3094935299999999
4.808,-0.34274948,0.30999322499999993
4.817,-0.34516030799999997,0.310509461
4.825,-0.34733593599999996,0.31088140899999994
4.833,-0.34962625,0.311384338
4.842,-0.351910247,0.31189154099999994
4.85,-0.35420132299999996,0.31244860800000007
4.858,-0.356405639,0.31302417000000005
4.867,-0.35871047899999997,0.3135834959999999
4.875,-0.36091717399999995,0.314168762
4.883,-0.36325475999999995,0.31494042999999994
4.892,-0.365477691,0.31563653599999997
4.9,-0.36785086,0.316310913
4.908,-0.37006732099999995,0.31701471000000003
4.917,-0.372526488,0.317865662
4.925,-0.374850127,0.31851043700000004
4.933,-0.37714083800000003,0.319196838
4.942,-0.37931539799999997,0.32005279499999995
4.95,-0.381796019,0.320830383
4.958,-0.38403781,0.321544006
4.967,-0.386346251,0.322462708
4.975,-0.38864211899999995,0.323299805
4.983,-0.39106964,0.32403430200000005
4.992,-0.393654326,0.325110535
5.0,-0.396066771,0.32599432399999995
5.008,-0.398504851,0.326809021
5.017,-0.400985167,0.327765137
5.025,-0.403574065,0.32871649199999997
5.033,-0.406085265,0.329660889
5.042,-0.40867626799999995,0.330511719
5.05,-0.41142526099999993,0.33148571800000004
5.058,-0.41410717699999994,0.3324882199999999
5.067,-0.41673843299999996,0.33341168200000004
5.075,-0.41970556499999995,0.334550781
5.083,-0.422656829,0.335563721
5.092,-0.425507354,0.3363544919999999
5.1,-0.42852450499999994,0.3374530640000001
5.108,-0.43149114899999996,0.338446899
5.117,-0.434269469,0.3393228759999999
5.125,-0.43746057,0.34043689
5.133,-0.440543425,0.34139386000000005
5.142,-0.443580779,0.342377014
5.15,-0.446768859,0.34345086700000005
5.158,-0.449947936,0.34446044900000006
5.167,-0.453245482,0.34547906500000003
5.175,-0.45639184499999996,0.34643335
5.183,-0.459515044,0.34742016600000003
5.192,-0.46289065399999996,0.348599609
5.2,-0.466225341,0.34972143600000005
5.208,-0.46967117199999997,0.350678955
5.217,-0.473253447,0.3517657470000001
5.225,-0.47642687899999997,0.3527270509999999
5.233,-0.479776214,0.35374469
5.242,-0.483263305,0.35481274399999996
5.25,-0.486660216,0.355860596
5.258,-0.49042645199999996,0.35696765100000005
5.267,-0.49396755899999994,0.357930176
5.275,-0.497326507,0.35897930899999997
5.283,-0.501035827,0.359978821
5.292,-0.5045171190000001,0.36107312
5.3,-0.5082610160000001,0.362256836
5.308,-0.5120158990000001,0.363411072
5.317,-0.515518035,0.36451580799999994
5.325,-0.5192483820000001,0.365593689
5.333,-0.522825286,0.36665722700000003
5.342,-0.5264393610000001,0.367843872
5.35,-0.530100676,0.3689066769999999
5.358,-0.5338088060000001,0.37002252199999996
5.367,-0.537567717,0.37106463599999995
5.375,-0.541160552,0.372120911
5.383,-0.544866362,0.373266419
5.392,-0.548578399,0.37442962699999993
5.4,-0.552256255,0.37558026099999997
5.408,-0.556185759,0.376733643
5.417,-0.5597341600000001,0.37772344999999996
5.425,-0.5633579400000001,0.378784973
5.433,-0.5669203180000001,0.379967835
5.442,-0.570397002,0.38101129200000006
5.45,-0.574092864,0.382191284
5.458,-0.5779520560000001,0.383317993
5.467,-0.581388274,0.38442828399999995
5.475,-0.5849817190000001,0.3854737549999999
5.483,-0.588571013,0.386769531
5.492,-0.592302703,0.38801178000000003
5.5,-0.5959971000000001,0.389154541
5.508,-0.5996360770000001,0.390240723
5.517,-0.603195952,0.391184509
5.525,-0.606639251,0.39228131099999997
5.533,-0.610143706,0.393580017
5.542,-0.6139778130000001,0.39474054000000003
5.55,-0.6174477220000001,0.39588647499999996
5.558,-0.6209288620000001,0.39694573999999994
5.567,-0.6244295950000001,0.39817913799999993
5.575,-0.627847258,0.399332275
5.583,-0.6314043260000001,0.400621582
5.592,-0.634947356,0.401952454
5.6,-0.6384514450000001,0.40318335000000005
5.608,-0.6421528000000001,0.404431458
5.617,-0.6455110770000001,0.40555511499999997
5.625,-0.6489693900000001,0.4067736209999999
5.633,-0.6524981980000001,0.40810229500000006
5.642,-0.65598648,0.40922210699999995
5.65,-0.6595630180000001,0.410575562
5.658,-0.663066497,0.41176458699999996
5.667,-0.666481658,0.413014404
5.675,-0.67009793,0.41432452399999997
5.683,-0.6734756150000001,0.41558978300000005
5.692,-0.6769093310000001,0.41700207499999997
5.7,-0.680307952,0.418175659
5.708,-0.6836214890000001,0.4195032959999999
5.717,-0.6869026170000001,0.420844788
5.725,-0.69019461,0.422127747
5.733,-0.693255034,0.42354736299999995
5.742,-0.696307097,0.4249480589999999
5.75,-0.699656646,0.42632031299999995
5.758,-0.702710601,0.42767486599999993
5.767,-0.705597747,0.42912121599999997
5.775,-0.708807708,0.43058789100000006
5.783,-0.711777434,0.43208050500000006
5.792,-0.7146358939999999,0.433588379
5.8,-0.717584319,0.435090149
5.808,-0.7205397020000001,0.43661572299999996
5.817,-0.723314605,0.43820031700000006
5.825,-0.7260552050000001,0.4397100829999999
5.833,-0.728910247,0.4413312989999999
5.842,-0.731655547,0.4430223999999999
5.85,-0.734294768,0.444703003
5.858,-0.736900969,0.44625640899999997
5.867,-0.739568694,0.44785247800000005
5.875,-0.7420640550000001,0.449543457
5.883,-0.744534209,0.451201721
5.892,-0.747188384,0.45284069799999993
5.9,-0.749844146,0.454515381
5.908,-0.752449675,0.456122315
5.917,-0.754950042,0.457738281
5.925,-0.757642669,0.459426209
5.933,-0.7602030930000001,0.46109906
5.942,-0.762714812,0.46284991499999995
5.95,-0.7653871750000001,0.4645043339999999
5.958,-0.767960174,0.466236145
5.967,-0.77027957,0.46792553699999995
5.975,-0.772605803,0.46960253899999993
5.983,-0.7751443170000001,0.471413757
5.992,-0.777571196,0.473180481
6.0,-0.780049346,0.47515209999999997
6.008,-0.782427886,0.4769202269999999
6.017,-0.784843657,0.47877276600000007
6.025,-0.7872082810000001,0.48063604699999996
6.033,-0.7895599050000001,0.482560059
6.042,-0.79177188,0.48443682899999996
6.05,-0.793963775,0.48623217799999996
6.058,-0.796529632,0.48822387700000003
6.067,-0.7988214410000001,0.48999194299999993
6.075,-0.801099212,0.49205761699999995
6.083,-0.80325949,0.493976074
6.092,-0.805711394,0.49604504399999994
6.1,-0.808082366,0.49801562499999996
6.108,-0.8103730760000001,0.500018005
6.117,-0.8125659470000001,0.5020448
6.125,-0.81497586,0.504227295
6.133,-0.817218047,0.506223938
6.142,-0.819393584,0.5083051759999999
6.15,-0.821650725,0.510353027
6.158,-0.8240386040000001,0.512558777
6.167,-0.826300383,0.514676148
6.175,-0.8285339039999999,0.517074524
6.183,-0.830770476,0.5192751469999999
6.192,-0.8329996020000001,0.521506226
6.2,-0.835306426,0.5235969239999999
6.208,-0.8376590870000001,0.525871033
6.217,-0.8399772630000001,0.528152283
6.225,-0.8420842580000001,0.5303606569999999
6.233,-0.8443148490000001,0.5326694949999999
6.242,-0.8465940240000001,0.5349768069999999
6.25,-0.848898833,0.537262146
6.258,-0.851212737,0.539616455
6.267,-0.8535143119999999,0.5418719479999999
6.275,-0.8559010300000001,0.544088806
6.283,-0.858263701,0.5465803220000001
6.292,-0.860570037,0.5489868769999999
6.3,-0.8627654100000001,0.551468567
6.308,-0.8651185600000001,0.5538191530000001
6.317,-0.867535064,0.556333984
6.325,-0.8698962090000001,0.5587335819999999
6.333,-0.8721137990000001,0.561233582
6.342,-0.874381316,0.563662354
6.35,-0.8766569510000001,0.56598169
6.358,-0.878935332,0.5683874509999999
6.367,-0.881252288,0.5707561039999999
6.375,-0.883822295,0.573249085
6.383,-0.8862711480000001,0.57574469
6.392,-0.888640105,0.57843335
6.4,-0.8908471360000001,0.580855042
6.408,-0.893085174,0.583200623
6.417,-0.8954530930000001,0.585582581
6.425,-0.8978519580000001,0.588112427
6.433,-0.9002212820000001,0.5907529909999999
6.442,-0.9024734790000001,0.593252075
6.45,-0.9049300830000001,0.59572467
6.458,-0.90730429,0.598067139
6.467,-0.9095373830000001,0.6004762570000001
6.475,-0.911880523,0.602816467
6.483,-0.9145555710000001,0.605343079
6.492,-0.9172389209999999,0.608151672
6.5,-0.9197483820000001,0.610815369
6.508,-0.922121917,0.613439575
6.517,-0.924598357,0.615941956
6.525,-0.9271084890000001,0.618394592
6.533,-0.9297107840000001,0.621017151
6.542,-0.932199248,0.623763855
6.55,-0.934891814,0.626519592
6.558,-0.9375946950000001,0.6291657719999999
6.567,-0.939988189,0.631610352
6.575,-0.9425219410000001,0.634112427
6.583,-0.945314788,0.636709961
6.592,-0.948062529,0.639478821
6.6,-0.9507048020000001,0.6421293339999999
6.608,-0.9533569020000001,0.6448671269999999
6.617,-0.9560900560000001,0.647638733
6.625,-0.958698699,0.6502772219999999
6.633,-0.9614189750000001,0.6530227049999999
6.642,-0.964145781,0.655736267
6.65,-0.9669397270000001,0.6583969120000001
6.658,-0.969574126,0.6612397459999999
6.667,-0.9721108690000001,0.6639561159999999
6.675,-0.9749398490000001,0.666710144
6.683,-0.977837249,0.669321594
6.692,-0.980601775,0.671940735
6.7,-0.9833782030000001,0.674765442
6.708,-0.986164946,0.677576355
6.717,-0.9888637379999999,0.68027832
6.725,-0.9915865160000001,0.682971985
6.733,-0.9945072930000001,0.6857478029999999
6.742,-0.99738156,0.688660889
6.75,-1.000207244,0.6915211179999999
6.758,-1.002940276,0.694281738
6.767,-1.0058823540000001,0.696968567
6.775,-1.008872344,0.699767151
6.783,-1.011711089,0.70251355
6.792,-1.014591399,0.7052727049999999
6.8,-1.0175523370000001,0.708014587
6.808,-1.0203829030000002,0.710793457
6.817,-1.0232026049999998,0.7135236209999999
6.825,-1.026172942,0.7163041379999999
6.833,-1.02913388,0.7192610469999999
6.842,-1.032169646,0.722077881
6.85,-1.0352648610000001,0.7246792599999999
6.858,-1.0383644699999999,0.727414185
6.867,-1.041339934,0.730231506
6.875,-1.0441072679999999,0.732970154
6.883,-1.047039031,0.735765564
6.892,-1.050003631,0.738492554
6.9,-1.052925872,0.741330689
6.908,-1.0559881279999999,0.7441975710000001
6.917,-1.059123992,0.74701239
6.925,-1.062037932,0.749947449
6.933,-1.064800261,0.7527081299999999
6.942,-1.067594695,0.7553590699999999
6.95,-1.070265349,0.7581401979999999
6.958,-1.072858855,0.7608541259999999
6.967,-1.075618865,0.763569336
6.975,-1.0784035330000001,0.766401306
6.983,-1.081151702,0.769163635
6.992,-1.083819549,0.7718289190000001
7.0,-1.0864660330000002,0.774576965
7.008,-1.089161956,0.777373474
7.017,-1.091858489,0.78008252
7.025,-1.0943854659999999,0.782919312
7.033,-1.096856536,0.785611694
7.042,-1.099283416,0.7880853879999999
7.05,-1.10162155,0.790697876
7.058,-1.103950896,0.793346558
7.067,-1.1063433520000001,0.7960977779999999
7.075,-1.108719085,0.7986874999999999
7.083,-1.1110697930000002,0.8013337400000001
7.092,-1.113303801,0.803945252
7.1,-1.115379485,0.806538391
7.108,-1.117695281,0.809177551
7.117,-1.119901214,0.8117125239999999
7.125,-1.121882171,0.81444635
7.133,-1.123889495,0.8169520869999999
7.142,-1.1258863209999999,0.8194959110000001
7.15,-1.1279162280000001,0.822111511
7.158,-1.129905608,0.824726502
7.167,-1.1318149100000001,0.8273701779999999
7.175,-1.133671355,0.8298601689999999
7.183,-1.1353670340000002,0.8323339229999999
7.192,-1.13711032,0.8348668819999999
7.2,-1.138871184,0.8374952999999999
7.208,-1.140617888,0.8400669559999999
7.217,-1.142262175,0.842721985
7.225,-1.1439119560000002,0.845250916
7.233,-1.145573089,0.847863586
7.242,-1.1470795580000002,0.8503895869999999
7.25,-1.148738128,0.852971008
7.258,-1.1502019950000002,0.8555867310000002
7.267,-1.1516925949999999,0.858172058
7.275,-1.153267424,0.8607744749999998
7.283,-1.1547360519999998,0.863352234
7.292,-1.156115691,0.8659406129999999
7.3,-1.1576028740000002,0.868582825
7.308,-1.159047576,0.8712833860000001
7.317,-1.1605197440000001,0.873929627
7.325,-1.161834807,0.8766858520000002
7.333,-1.1630636890000001,0.8792630010000001
7.342,-1.1642675470000001,0.881742004
7.35,-1.1654339280000001,0.8843064580000001
7.358,-1.166600921,0.886849793
7.367,-1.167736541,0.889390198
7.375,-1.168873626,0.892026672
7.383,-1.169984954,0.894656921
7.392,-1.171082854,0.897273254
7.4,-1.172119109,0.899854797
7.408,-1.173094329,0.902430481
7.417,-1.174158904,0.9050791629999998
7.425,-1.1751829520000001,0.907757507
7.433,-1.176040374,0.9102265019999999
7.442,-1.177011321,0.9127399290000001
7.45,-1.177834319,0.915335388
7.458,-1.178671599,0.9177615359999999
7.467,-1.179361052,0.920163757
7.475,-1.180103118,0.92269342
7.483,-1.180785003,0.925092224
7.492,-1.1812373950000001,0.9276213989999998
7.5,-1.181855437,0.930175476
7.508,-1.182350676,0.932660828
7.517,-1.182897307,0.9351052859999999
7.525,-1.18344052,0.937525818
7.533,-1.18393344,0.9398130490000002
7.542,-1.184403045,0.942114319
7.55,-1.184783904,0.9444734499999999
7.558,-1.1850054620000001,0.946736267
7.567,-1.185256072,0.9490755009999999
7.575,-1.1854185480000001,0.951422791
7.583,-1.185559539,0.953804993
7.592,-1.18574948,0.956052673
7.6,-1.185728362,0.9583359989999999
7.608,-1.1857695000000001,0.960687561
7.617,-1.18577426,0.9628726200000001
7.625,-1.185713347,0.9650995479999999
7.633,-1.185710906,0.9672323610000001
7.642,-1.185605559,0.969554382
7.65,-1.185358733,0.9716968380000001
7.658,-1.185199798,0.9737189329999999
7.667,-1.18491867,0.9757147829999998
7.675,-1.1846575609999999,0.9777570189999999
7.683,-1.184252898,0.9797505490000001
7.692,-1.183830901,0.9818753050000001
7.7,-1.183282561,0.98396283
7.708,-1.182880095,0.9858650509999999
7.717,-1.182383147,0.9878151250000001
7.725,-1.181656829,0.9899338989999998
7.733,-1.181171599,0.991862854
7.742,-1.180625091,0.9936018679999999
7.75,-1.1799164720000002,0.9955707399999999
7.758,-1.179178679,0.9974834599999999
7.767,-1.1784732350000002,0.9993049929999999
7.775,-1.177835174,1.0011032110000002
7.783,-1.177046477,1.002840027
7.792,-1.176135833,1.0047543339999998
7.8,-1.175371306,1.006615418
7.808,-1.1745910330000002,1.008342468
7.817,-1.1737427660000002,1.0101871949999999
7.825,-1.172896087,1.011922791
7.833,-1.172031463,1.013659241
7.842,-1.171178435,1.0155421750000002
7.85,-1.170181975,1.017266174
7.858,-1.169241424,1.01896991
7.867,-1.168467376,1.020676575
7.875,-1.1674026780000002,1.022361267
7.883,-1.166477508,1.024095886
7.892,-1.165715911,1.0258151250000003
7.9,-1.164793425,1.027382996
7.908,-1.163786223,1.0289080200000003
7.917,-1.1627779230000002,1.0305704960000002
7.925,-1.161828704,1.0321453250000001
7.933,-1.1608403,1.0335182500000002
7.942,-1.159725066,1.0350563360000002
7.95,-1.158662444,1.036632752
7.958,-1.157612883,1.0380541380000001
7.967,-1.15652304,1.039366394
7.975,-1.155396453,1.0407424929999998
7.983,-1.1543719170000002,1.042079529
7.992,-1.153289031,1.043447815
8.0,-1.151788909,1.044587708
8.008,-1.150553924,1.045852966
8.017,-1.149472747,1.0471063840000001
8.025,-1.148270598,1.0484739379999999
8.033,-1.147026458,1.049781189
8.042,-1.145713225,1.0510767209999998
8.05,-1.144356902,1.0523392939999998
8.058,-1.142938445,1.053729309
8.067,-1.14167343,1.0551233519999998
8.075,-1.140258758,1.0566193240000001
8.083,-1.138743987,1.0580830689999998
8.092,-1.137343352,1.0596187129999999
8.1,-1.136053435,1.0612964480000002
8.108,-1.1346310720000001,1.062988953
8.117,-1.133192473,1.064717957
8.125,-1.131862761,1.066507874
8.133,-1.1304584650000002,1.06839386
8.142,-1.129048552,1.0702406619999998
8.15,-1.127528899,1.0721824340000001
8.158,-1.126103484,1.0742158810000002
8.167,-1.124566863,1.076236267
8.175,-1.123048674,1.078365051
8.183,-1.121562591,1.0805584110000002
8.192,-1.119894256,1.082774841
8.2,-1.118401336,1.084999207
8.208,-1.116739348,1.087230408
8.217,-1.115113372,1.0896206669999997
8.225,-1.11346176,1.0921870729999998
8.233,-1.11170053,1.0946874389999999
8.242,-1.110119109,1.0971713259999998
8.25,-1.1082361740000002,1.099774231
8.258,-1.106489226,1.1023281859999998
8.267,-1.104907927,1.1048621220000001
8.275,-1.103153899,1.1075089720000002
8.283,-1.101395232,1.1102232059999997
8.292,-1.099663787,1.1128501590000002
8.3,-1.097786223,1.1155889279999998
8.308,-1.0960310960000001,1.118308044
8.317,-1.0942411790000002,1.121045349
8.325,-1.092411834,1.123881775
8.333,-1.0905669850000002,1.12663971
8.342,-1.0887194510000002,1.1296116330000001
8.35,-1.086713714,1.132494934
8.358,-1.0847828050000001,1.1354784549999999
8.367,-1.082857757,1.138355164
8.375,-1.08101303,1.1412879029999998
8.383,-1.0790475760000002,1.1442615360000001
8.392,-1.077102996,1.1472863159999998
8.4,-1.075083587,1.1502235720000002
8.408,-1.073094817,1.153266419
8.417,-1.071146087,1.1562595830000002
8.425,-1.069178313,1.1592943729999998
8.433,-1.067185515,1.1623130490000002
8.442,-1.065160979,1.165587097
8.45,-1.0630507500000002,1.1687610469999998
8.458,-1.061027068,1.171892273
8.467,-1.0589512620000001,1.17506012
8.475,-1.056973723,1.178190125
8.483,-1.0549682299999998,1.181311096
8.492,-1.052834807,1.184495422
8.5,-1.0508157640000002,1.187694031
8.508,-1.048740691,1.1908893429999998
8.517,-1.046687713,1.194173035
8.525,-1.044676238,1.197260681
8.533,-1.042646087,1.200509094
8.542,-1.040412932,1.203905212
8.55,-1.038277678,1.2071621700000001
8.558,-1.036144866,1.2104120479999998
8.567,-1.033982757,1.2137088010000001
8.575,-1.0319150080000001,1.2169758910000001
8.583,-1.0298528740000001,1.2202125860000002
8.592,-1.027769988,1.223505432
8.6,-1.0255689380000002,1.226878723
8.608,-1.0233337089999999,1.230201477
8.617,-1.021399627,1.233476868
8.625,-1.0191132500000002,1.2367887570000002
8.633,-1.01694406,1.2401978150000001
8.642,-1.0148577570000001,1.2436217649999999
8.65,-1.012795195,1.247003845
8.658,-1.0106483450000001,1.250333435
8.667,-1.00844284,1.2537048950000003
8.675,-1.0063591600000001,1.2570324099999999
8.683,-1.004244903,1.260309753
8.692,-1.0021222220000001,1.263686829
8.7,-0.9998359059999999,1.2670518190000002
8.708,-0.9977955620000001,1.2705054319999998
8.717,-0.995674712,1.273812317
8.725,-0.99357791,1.277183167
8.733,-0.9914345390000001,1.280615906
8.742,-0.989154937,1.2840606079999999
8.75,-0.98694992,1.287544006
8.758,-0.984772674,1.2908867800000001
8.767,-0.982764129,1.294263855
8.775,-0.9806321710000001,1.2976930540000002
8.783,-0.978475615,1.3010867310000003
8.792,-0.9763126520000001,1.304463196
8.8,-0.9740898729999999,1.3078847049999998
8.808,-0.972038848,1.3111823119999997
8.817,-0.9699388110000001,1.314539002
8.825,-0.9677684620000001,1.3180562130000002
8.833,-0.9655494680000001,1.3214928590000001
8.842,-0.963388884,1.324958557
8.85,-0.9611833180000001,1.328420715
8.858,-0.959120147,1.331844421
8.867,-0.956907378,1.335309021
8.875,-0.9547922050000001,1.3386425169999998
8.883,-0.952772735,1.342131775
8.892,-0.950591887,1.345439636
8.9,-0.948581939,1.3488903199999998
8.908,-0.946381804,1.3523626099999997
8.917,-0.944320708,1.3558128050000002
8.925,-0.942191863,1.3592775270000002
8.933,-0.940009307,1.3627529910000002
8.942,-0.937864043,1.3662036739999999
8.95,-0.935730987,1.3696954959999998
8.958,-0.933568633,1.3731239619999998
8.967,-0.9314934380000001,1.3764728389999998
8.975,-0.9293275440000001,1.3798945920000003
8.983,-0.92734207,1.3833450319999998
8.992,-0.9252305590000001,1.386832703
9.0,-0.923101409,1.390287415
9.008,-0.9209979540000001,1.3937860720000002
9.017,-0.9188123460000001,1.3973099979999999
9.025,-0.916700713,1.4006919559999997
9.033,-0.914686004,1.4041832890000001
9.042,-0.912372893,1.4077221070000001
9.05,-0.910216643,1.4112018430000002
9.058,-0.908359588,1.414596375
9.067,-0.90617166,1.4180768430000001
9.075,-0.9039393000000001,1.4216564329999999
9.083,-0.901863677,1.425158508
9.092,-0.899819793,1.428686951
9.1,-0.897656279,1.4322160030000002
9.108,-0.8956392510000001,1.435809265
9.117,-0.893541778,1.4394118040000001
9.125,-0.891361174,1.442968811
9.133,-0.8892284840000001,1.4464503780000002
9.142,-0.88727011,1.4498569950000002
9.15,-0.8851651300000001,1.453452576
9.158,-0.883086455,1.4570390020000001
9.167,-0.880969207,1.460509461
9.175,-0.87886801,1.464027893
9.183,-0.8768533620000001,1.4676692510000002
9.192,-0.874780425,1.471323425
9.2,-0.8726966850000001,1.474915711
9.208,-0.8705376880000001,1.4785861210000002
9.217,-0.8683788750000001,1.4821430049999997
9.225,-0.866370757,1.485634583
9.233,-0.8643424980000001,1.489099548
9.242,-0.862284575,1.492663269
9.25,-0.860202117,1.4962697139999999
9.258,-0.858190459,1.4998753050000002
9.267,-0.8561326590000001,1.5034566040000001
9.275,-0.8541127610000001,1.507010925
9.283,-0.852040679,1.510536926
9.292,-0.8499588920000001,1.514119446
9.3,-0.847716582,1.51770929
9.308,-0.8456364430000001,1.5211675419999997
9.317,-0.843593718,1.524545227
9.325,-0.8415425100000001,1.528061096
9.333,-0.8394389940000001,1.531494934
9.342,-0.837288115,1.534826599
9.35,-0.8352825,1.538206604
9.358,-0.833139739,1.5416033329999999
9.367,-0.831103423,1.5448976439999997
9.375,-0.829037078,1.548268127
9.383,-0.8269131150000001,1.5515778199999999
9.392,-0.824807219,1.554777283
9.4,-0.822574431,1.558013001
9.408,-0.820507293,1.5612251590000001
9.417,-0.8184252,1.5643945920000002
9.425,-0.816273833,1.567475281
9.433,-0.814205596,1.570603088
9.442,-0.8120588060000001,1.573727722
9.45,-0.8098905319999999,1.5768391720000001
9.458,-0.807707427,1.5799483029999997
9.467,-0.805503447,1.58316095
9.475,-0.8032839039999999,1.586221375
9.483,-0.8011379690000001,1.589311462
9.492,-0.798916106,1.5924011839999999
9.5,-0.79670645,1.5954260859999998
9.508,-0.7944530930000001,1.5984685669999998
9.517,-0.792128264,1.6015097049999998
9.525,-0.7900372000000001,1.6044579470000002
9.533,-0.7877483200000001,1.6073423459999998
9.542,-0.7854645680000001,1.6102777709999998
9.55,-0.783242278,1.613203796
9.558,-0.780972075,1.6162400510000001
9.567,-0.7786256400000001,1.6191983029999997
9.575,-0.77643698,1.622042053
9.583,-0.7741991260000001,1.625055969
9.592,-0.7719179979999999,1.6280463259999998
9.6,-0.769724578,1.6308988649999998
9.608,-0.767303069,1.633751648
9.617,-0.764980498,1.636718445
9.625,-0.762735991,1.6396593629999998
9.633,-0.760365081,1.642473206
9.642,-0.757996123,1.645360535
9.65,-0.75571054,1.648294495
9.658,-0.753278899,1.651122376
9.667,-0.751059783,1.653929138
9.675,-0.748646636,1.656765564
9.683,-0.7462968430000001,1.6596961060000002
9.692,-0.743996978,1.6625443729999998
9.7,-0.741669463,1.665371399
9.708,-0.7391960740000001,1.6682182009999997
9.717,-0.736825042,1.6710520629999999
9.725,-0.734347686,1.673845032
9.733,-0.731893828,1.676672302
9.742,-0.7295473320000001,1.679526306
9.75,-0.726989592,1.6823402710000002
9.758,-0.72460086,1.68518158
9.767,-0.722388396,1.687986145
9.775,-0.720004485,1.69070929
9.783,-0.71745523,1.693450012
9.792,-0.7151332690000001,1.6961548459999998
9.8,-0.712681365,1.699004456
9.808,-0.71019052,1.701850281
9.817,-0.70784207,1.7045570680000002
9.825,-0.7053711229999999,1.707293152
9.833,-0.702894011,1.7100990600000001
9.842,-0.700403045,1.712909973
9.85,-0.697795684,1.7157070920000002
9.858,-0.695256377,1.7185249630000001
9.867,-0.692891997,1.721260193
9.875,-0.6904521780000001,1.723902039
9.883,-0.6879291679999999,1.726698792
9.892,-0.6854610280000001,1.7294193729999998
9.9,-0.6829194020000001,1.7321130980000001
9.908,-0.680328154,1.734872986
9.917,-0.677788115,1.7375707399999998
9.925,-0.675243071,1.740233215
9.933,-0.6726786790000001,1.742930725
9.942,-0.6700655200000001,1.7456901249999999
9.95,-0.6674183640000001,1.748497864
9.958,-0.6648301080000001,1.7513082890000002
9.967,-0.6621464530000001,1.7540090940000002
9.975,-0.659663848,1.7567040409999999
9.983,-0.6570060719999999,1.7593554079999998
9.992,-0.654501372,1.7621099240000002
10.0,-0.6519558400000001,1.764879456
10.008,-0.6493917530000001,1.76754657
10.017,-0.6468236380000001,1.7701371460000002
10.025,-0.64416751,1.772825134
10.033,-0.641585967,1.775450745
10.042,-0.6390488580000001,1.778096985
10.05,-0.6364663380000001,1.7808394169999997
10.058,-0.633723723,1.7835361939999999
10.067,-0.631075652,1.7861489870000002
10.075,-0.6284594410000001,1.7886856080000002
10.083,-0.625854461,1.791270081
10.092,-0.6233296190000001,1.793875061
10.1,-0.62065689,1.7964761349999998
10.108,-0.617917632,1.799198181
10.117,-0.615262481,1.8018281860000003
10.125,-0.6125137620000001,1.804484436
10.133,-0.609860198,1.8070249630000004
10.142,-0.6073424980000001,1.8095849
10.15,-0.604775481,1.8121669310000001
10.158,-0.602020659,1.8147153930000002
10.167,-0.5991836840000001,1.817297791
10.175,-0.596311187,1.819984436
10.183,-0.5936737360000001,1.822611877
10.192,-0.5909602960000001,1.825146057
10.2,-0.588272185,1.8276448360000002
10.208,-0.585564605,1.8302080690000002
10.217,-0.5828165580000001,1.832723938
10.225,-0.580045562,1.8353074340000002
10.233,-0.577281707,1.8378037720000004
10.242,-0.5746448660000001,1.840290344
10.25,-0.571827483,1.8427400509999998
10.258,-0.569108123,1.8451753540000002
10.267,-0.566261809,1.8475681759999998
10.275,-0.5634563280000001,1.8501685180000003
10.283,-0.560547088,1.8527095340000002
10.292,-0.557651153,1.8551707150000003
10.3,-0.554932952,1.8575757450000001
10.308,-0.5521151420000001,1.860021057
10.317,-0.5493364550000001,1.862506653
10.325,-0.546476165,1.8649878540000002
10.333,-0.5436225270000001,1.8673721310000002
10.342,-0.540768401,1.869638245
10.35,-0.5379544970000001,1.8720925900000003
10.358,-0.535055633,1.8745249629999998
10.367,-0.532216033,1.877010559
10.375,-0.529338591,1.879394836
10.383,-0.526252654,1.8818555299999997
10.392,-0.5233872980000001,1.8841582640000003
10.4,-0.520542266,1.8865564580000003
10.408,-0.5175255420000001,1.88897345
10.417,-0.514773833,1.8912085570000001
10.425,-0.5118649590000001,1.893548645
10.433,-0.508924773,1.8958452760000002
10.442,-0.5061673270000001,1.898111633
10.45,-0.503106353,1.9005000610000002
10.458,-0.500124297,1.9029414670000002
10.467,-0.49730279399999994,1.905183655
10.475,-0.49449285800000004,1.9073984990000001
10.483,-0.4914808029999999,1.909634827
10.492,-0.48858605899999996,1.9119265749999999
10.5,-0.485537139,1.9141958620000001
10.508,-0.48247607299999995,1.916519348
10.517,-0.479616637,1.9187232060000001
10.525,-0.476634093,1.9209317019999999
10.533,-0.473654601,1.9231375119999998
10.542,-0.470832824,1.9252410279999999
10.55,-0.46783438,1.9274929809999999
10.558,-0.46491262699999997,1.929724915
10.567,-0.461869048,1.932006409
10.575,-0.458901519,1.9341472780000002
10.583,-0.456019713,1.9362888790000001
10.592,-0.453033446,1.938493958
10.6,-0.44999416999999997,1.940664124
10.608,-0.44699478,1.9428633420000003
10.617,-0.44401187,1.944935364
10.625,-0.44108129799999996,1.9470877080000002
10.633,-0.437950774,1.9491211549999998
10.642,-0.435012725,1.951208313
10.65,-0.43191348199999996,1.9533347779999999
10.658,-0.42894790499999996,1.9553455199999998
10.667,-0.426037322,1.957383118
10.675,-0.422847869,1.9595122680000001
10.683,-0.419760924,1.9615881960000001
10.692,-0.41679394399999997,1.9636953739999998
10.7,-0.413800963,1.9658203740000002
10.708,-0.410753325,1.967792786
10.717,-0.407614654,1.969909485
10.725,-0.404546264,1.9718762820000002
10.733,-0.401363982,1.9739146120000002
10.742,-0.398235686,1.975916809
10.75,-0.39510012699999997,1.9778860470000001
10.758,-0.391986022,1.9798762820000002
10.767,-0.38894586099999995,1.9818779909999997
10.775,-0.3857536,1.9838220830000002
10.783,-0.382602599,1.9858501590000004
10.792,-0.379465911,1.9877844850000002
10.8,-0.37630160399999996,1.9898320920000003
10.808,-0.373076598,1.991786194
10.817,-0.36998196299999997,1.993699768
10.825,-0.36672665299999996,1.9956817020000002
10.833,-0.36355798199999995,1.9975791630000002
10.842,-0.360288604,1.9995459599999998
10.85,-0.356851195,2.001481506
10.858,-0.353657958,2.003323792
10.867,-0.350551452,2.0053633420000003
10.875,-0.347356414,2.0071707150000004
10.883,-0.34413241499999997,2.0091226200000003
10.892,-0.34093279899999995,2.0110776980000002
10.9,-0.337694762,2.012946106
10.908,-0.334420318,2.014902161
10.917,-0.331301421,2.016657044
10.925,-0.328142486,2.0184856570000003
10.933,-0.324921691,2.020394592
10.942,-0.32159048399999995,2.0222175900000003
10.95,-0.318232543,2.0241631470000003
10.958,-0.31495019399999996,2.025908997
10.967,-0.311715972,2.027720276
10.975,-0.308503783,2.029547424
10.983,-0.305295989,2.0312744750000005
10.992,-0.30210482699999996,2.0331021120000003
11.0,-0.298921874,2.034885071
11.008,-0.295615386,2.0365044560000003
11.017,-0.29232925299999996,2.0382952270000003
11.025,-0.28920443599999995,2.0399746700000003
11.033,-0.285923583,2.041714661
11.042,-0.282647063,2.043447083
11.05,-0.27923178,2.0451602170000003
11.058,-0.276057464,2.046826477
11.067,-0.272805694,2.048525208
11.075,-0.269349334,2.050147278
11.083,-0.266090972,2.0518472290000003
11.092,-0.262814971,2.053518372
11.1,-0.259625518,2.055107727
11.108,-0.256232634,2.056837219
11.117,-0.252962401,2.058408753
11.125,-0.249712737,2.0599727170000004
11.133,-0.246386855,2.061626282
11.142,-0.24303852700000003,2.063208313
11.15,-0.239769469,2.0648193970000004
11.158,-0.236478347,2.066423645
11.167,-0.233114638,2.06796344
11.175,-0.229759749,2.069513489
11.183,-0.226378951,2.071075012
11.192,-0.222989776,2.072573792
11.2,-0.21956465,2.0740593869999997
11.208,-0.21634854,2.0755440060000003
11.217,-0.21294358700000002,2.077041809
11.225,-0.209551085,2.078571838
11.233,-0.206037993,2.0800586549999998
11.242,-0.202692656,2.081608704
11.25,-0.199291884,2.0830830689999997
11.258,-0.19578994600000002,2.084583557
11.267,-0.192468795,2.0860930790000003
11.275,-0.189031005,2.087588928
11.283,-0.18568737700000001,2.0890188600000004
11.292,-0.182017394,2.090417786
11.3,-0.178566405,2.091805481
11.308,-0.175310744,2.0932156369999997
11.317,-0.171943084,2.094627991
11.325,-0.16853147799999998,2.095956116
11.333,-0.165055129,2.097327454
11.342,-0.161726211,2.098736877
11.35,-0.158247085,2.100083801
11.358,-0.154781814,2.1014634400000003
11.367,-0.15132141000000002,2.102914124
11.375,-0.147886077,2.104174866
11.383,-0.144479033,2.10561261
11.392,-0.141062407,2.106881165
11.4,-0.137585845,2.108179504
11.408,-0.134188476,2.109494202
11.417,-0.13081909100000003,2.110809143
11.425,-0.12747323500000002,2.1120557250000003
11.433,-0.123912475,2.113318665
11.442,-0.120283843,2.1146050420000004
11.45,-0.116953521,2.1158037720000005
11.458,-0.11371313400000002,2.117063538
11.467,-0.110263053,2.1182796020000003
11.475,-0.10675006000000001,2.119514221
11.483,-0.103344451,2.1207896120000003
11.492,-0.09989298899999999,2.122015198
11.5,-0.09652717499999999,2.123201233
11.508,-0.093082145,2.1243797
11.517,-0.08966975299999999,2.125539368
11.525,-0.08618814,2.12678717
11.533,-0.082701148,2.1279299930000004
11.542,-0.07927314700000002,2.129086243
11.55,-0.075908484,2.130276184
11.558,-0.07244612,2.131464905
11.567,-0.06898258900000001,2.1325706180000004
11.575,-0.065624389,2.133712219
11.583,-0.06224496400000001,2.134750549
11.592,-0.058659095,2.135964172
11.6,-0.05525730800000001,2.1369680790000003
11.608,-0.051770476,2.137983215
11.617,-0.04838259,2.139069885
11.625,-0.045006083,2.140274719
11.633,-0.041562709,2.141301086
11.642,-0.037891662,2.142382385
11.65,-0.034392215000000004,2.143295471
11.658,-0.030960105,2.144431213
11.667,-0.027495791,2.145499329
11.675,-0.024057891000000005,2.146571594
11.683,-0.020670873000000003,2.1475264280000004
11.692,-0.017147313,2.1485498659999998
11.7,-0.013635735,2.1493919070000005
11.708,-0.010054068000000003,2.150324036
11.717,-0.006603594000000001,2.1513408810000003
11.725,-0.003190026000000002,2.152311585
11.733,0.0002865969999999978,2.1532678830000003
11.742,0.004014751999999999,2.154156799
11.75,0.007505205999999999,2.15505426
11.758,0.011044479999999999,2.156099182
11.767,0.014594486999999998,2.157059387
11.775,0.017962326,2.158088684
11.783,0.02137323,2.159013489
11.792,0.024976935999999998,2.159821838
11.8,0.028570627999999997,2.1607100220000004
11.808,0.03209712099999999,2.1616614380000003
11.817,0.035474378,2.162575501
11.825,0.038842506,2.16334552
11.833,0.042585503999999996,2.164183167
11.842,0.046407842,2.164938782
11.85,0.049912618,2.165756165
11.858,0.053226823,2.1666807250000004
11.867,0.056750333,2.167656555
11.875,0.060292702999999996,2.1684917599999998
11.883,0.06367134599999999,2.169340393
11.892,0.067147809,2.170156555
11.9,0.07086152000000001,2.1710225220000003
11.908,0.07425827900000001,2.1716787720000004
11.917,0.077669351,2.172553772
11.925,0.08126117,2.17340509
11.933,0.084707528,2.174203674
11.942,0.08827391200000001,2.174880432
11.95,0.09177453699999999,2.1755913700000002
11.958,0.095310166,2.176445862
11.967,0.098923539,2.177108704
11.975,0.102315499,2.177979309
11.983,0.105831956,2.17877179
11.992,0.10934301099999999,2.179511047
12.0,0.11285589700000001,2.180212708
12.008,0.11647423700000001,2.180907044
12.017,0.11983718999999998,2.1816819460000003
12.025,0.12330668,2.182495911
12.033,0.126928567,2.1831663210000003
12.042,0.130469293,2.183877503
12.05,0.133938554,2.1845559690000003
12.058,0.13759866399999998,2.18524469
12.067,0.14124881099999997,2.1858728640000002
12.075,0.144723771,2.18648346
12.083,0.148221238,2.187203674
12.092,0.151757478,2.187789612
12.1,0.155446153,2.188502991
12.108,0.15895662,2.1890366820000002
12.117,0.16267656,2.1896653440000002
12.125,0.16628701899999998,2.190315247
12.133,0.169974946,2.190956848
12.142,0.17360853699999998,2.191539612
12.15,0.17725496,2.19216217
12.158,0.181031068,2.19276178
12.167,0.18465020899999998,2.193262024
12.175,0.188403504,2.193846497
12.183,0.19211109999999998,2.1943201290000003
12.192,0.195832322,2.1949275509999997
12.2,0.19950907999999998,2.195462219
12.208,0.20312583999999997,2.195956848
12.217,0.20667299,2.196474426
12.225,0.21035917799999998,2.196896545
12.233,0.21404559399999998,2.197433411
12.242,0.21773790099999998,2.1978425900000005
12.25,0.221321458,2.1982525030000004
12.258,0.22484840499999997,2.1986619259999998
12.267,0.22840768499999997,2.199052551
12.275,0.23204199299999997,2.1993826290000005
12.283,0.235582048,2.199630676
12.292,0.23903434899999998,2.1998997190000003
12.3,0.24246769799999998,2.200113098
12.308,0.245851365,2.200218323
12.317,0.249315187,2.200341858
12.325,0.2524787,2.200424622
12.333,0.25593924100000004,2.200433899
12.342,0.25934147700000004,2.200513977
12.35,0.26264062600000004,2.200617004
12.358,0.26601269600000005,2.20060553
12.367,0.269376985,2.2005977170000004
12.375,0.27272107,2.200573059
12.383,0.27605001900000004,2.200556702
12.392,0.27962420800000004,2.200505432
12.4,0.282863069,2.2004331670000004
12.408,0.286157472,2.200319885
12.417,0.289486085,2.200176086
12.425,0.29272415300000004,2.199987854
12.433,0.295912263,2.199745667
12.442,0.299172975,2.199478577
12.45,0.302447267,2.19913971
12.458,0.30572546500000003,2.198785217
12.467,0.30876928800000003,2.1984263310000003
12.475,0.31194983000000004,2.197962708
12.483,0.315110322,2.1976162720000003
12.492,0.31830706900000005,2.197247376
12.5,0.321534761,2.196744934
12.508,0.324567689,2.196263977
12.517,0.327709901,2.195863098
12.525,0.33080014100000005,2.1953206180000002
12.533,0.333950807,2.1947356570000003
12.542,0.33702292,2.194115295
12.55,0.34015109400000004,2.193407288
12.558,0.34333777,2.192836975
12.567,0.34653726300000004,2.192173889
12.575,0.349747407,2.191583557
12.583,0.35287085100000004,2.190871643
12.592,0.35598086700000003,2.190137024
12.6,0.35913058600000003,2.1893941040000002
12.608,0.36226193300000004,2.1886782840000003
12.617,0.36541052300000004,2.1878084110000002
12.625,0.368511018,2.187044251
12.633,0.37150915600000006,2.186165344
12.642,0.37457168700000004,2.1851826780000003
12.65,0.377413728,2.184260071
12.658,0.380285127,2.183337952
12.667,0.38326254400000004,2.182270569
12.675,0.386200837,2.1813440550000003
12.683,0.389225831,2.1803201290000005
12.692,0.39209320200000003,2.17936261
12.7,0.39497165,2.178281799
12.708,0.39794021700000004,2.177250549
12.717,0.400807984,2.1761594850000003
12.725,0.40384140100000004,2.175110413
12.733,0.40676773200000005,2.1740469360000003
12.742,0.409726319,2.1727857060000004
12.75,0.4125766,2.1716631470000003
12.758,0.41547842500000004,2.170398254
12.767,0.418352082,2.1692344360000004
12.775,0.421196748,2.167971008
12.783,0.424227723,2.1666414190000003
12.792,0.427140779,2.165381409
12.8,0.43012729000000005,2.164065003
12.808,0.43305771,2.162731751
12.817,0.435893312,2.1613858030000004
12.825,0.438768678,2.160051819
12.833,0.441753724,2.158545471
12.842,0.444461061,2.157072327
12.85,0.447269044,2.1556487430000004
12.858,0.449934968,2.1541607060000003
12.867,0.452678102,2.152667053
12.875,0.45537066800000003,2.151146057
12.883,0.458055055,2.149571838
12.892,0.46071872100000005,2.1479739380000002
12.9,0.463330659,2.1464192509999998
12.908,0.46609005800000003,2.144821838
12.917,0.468808656,2.143162415
12.925,0.47160101400000004,2.141497376
12.933,0.474320069,2.1399568479999997
12.942,0.476981416,2.138238342
12.95,0.479600984,2.136602844
12.958,0.48220645200000006,2.134874085
12.967,0.484766236,2.133134827
12.975,0.487386628,2.131318909
12.983,0.489964387,2.129471741
12.992,0.492615815,2.127510559
13.0,0.49515759400000003,2.12560553
13.008,0.497639863,2.1237598269999998
13.017,0.500181642,2.121807922
13.025,0.502846467,2.1198899540000005
13.033,0.505371369,2.117894836
13.042,0.507850709,2.1159422
13.05,0.510228547,2.114055237
13.058,0.5127390449999999,2.1120393680000005
13.067,0.515227357,2.110115784
13.075,0.51761844,2.108100647
13.083,0.519991487,2.106121399
13.092,0.5223544019999999,2.104107727
13.1,0.5247330029999999,2.1019963990000003
13.108,0.527007051,2.099888001
13.117,0.529279206,2.0978125610000005
13.125,0.5315635689999999,2.095793762
13.133,0.534002717,2.093612366
13.142,0.5363731999999999,2.0915513310000002
13.15,0.538600556,2.089388489
13.158,0.5408099679999999,2.087293762
13.167,0.5431137399999999,2.085187317
13.175,0.545368074,2.082998108
13.183,0.5475345159999999,2.080846008
13.192,0.5497055369999999,2.078631409
13.2,0.5518160719999999,2.076239563
13.208,0.553864167,2.0739812619999998
13.217,0.5558685619999999,2.0717063600000003
13.225,0.5578683179999999,2.069405579
13.233,0.559864045,2.067140686
13.242,0.5618858959999999,2.064774963
13.25,0.56389438,2.062455872
13.258,0.565965119,2.060056702
13.267,0.567884248,2.057766174
13.275,0.569820344,2.055529114
13.283,0.571716523,2.0531060180000003
13.292,0.573731599,2.050693176
13.3,0.575599336,2.0483421020000003
13.308,0.577436616,2.045851624
13.317,0.5793106389999999,2.0435144650000003
13.325,0.5811176459999999,2.041128479
13.333,0.582958894,2.0386926880000003
13.342,0.5846487739999999,2.036223938
13.35,0.586414094,2.033862854
13.358,0.588138337,2.031334778
13.367,0.58996573,2.028663635
13.375,0.5916749579999999,2.026081116
13.383,0.593362031,2.023708313
13.392,0.5950115669999999,2.021312805
13.4,0.596586885,2.018619446
13.408,0.598273164,2.015816956
13.417,0.5999325879999999,2.0133352660000003
13.425,0.601523103,2.010829407
13.433,0.6030206,2.008356506
13.442,0.604487825,2.005709778
13.45,0.6060436109999999,2.003100403
13.458,0.60758896,2.000475159
13.467,0.609094575,1.9980674439999997
13.475,0.6105411079999999,1.99538385
13.483,0.611938935,1.992602356
13.492,0.6134006049999999,1.9898836059999998
13.5,0.614795808,1.9873233030000002
13.508,0.616172761,1.984785461
13.517,0.6175036939999999,1.9820435180000002
13.525,0.618907746,1.979257874
13.533,0.6202206739999999,1.9766182250000002
13.542,0.621603852,1.9739612430000002
13.55,0.622921296,1.9714592899999999
13.558,0.624128877,1.9686934200000001
13.567,0.6253499459999999,1.965993225
13.575,0.62659842,1.9632007450000004
13.583,0.627864472,1.960540833
13.592,0.6290135809999999,1.9577805790000005
13.6,0.6301058049999999,1.9550696410000001
13.608,0.63117386,1.952056213
13.617,0.632374971,1.949277893
13.625,0.633549104,1.9466939090000004
13.633,0.634707856,1.9439900509999997
13.642,0.635675813,1.941154358
13.65,0.6368608099999999,1.938279846
13.658,0.6378506789999999,1.935478088
13.667,0.6389444289999999,1.932769592
13.675,0.6400242629999999,1.929956116
13.683,0.6409550489999999,1.927032288
13.692,0.6420494699999999,1.924152405
13.7,0.642987763,1.9213137820000004
13.708,0.643941743,1.9184785770000001
13.717,0.644870881,1.9154663700000003
13.725,0.645860017,1.9124468380000001
13.733,0.6468830879999999,1.9097031860000002
13.742,0.647820527,1.906809387
13.75,0.648645539,1.9038753050000001
13.758,0.6495903639999999,1.900897278
13.767,0.6504868479999999,1.8979343869999998
13.775,0.6513122259999999,1.895070374
13.783,0.652157319,1.8920654909999999
13.792,0.652964997,1.8890298460000001
13.8,0.6538156439999999,1.8861062619999998
13.808,0.6546750189999999,1.883098694
13.817,0.65535312,1.8800881960000004
13.825,0.656238618,1.877138977
13.833,0.656872468,1.8740515750000002
13.842,0.657691438,1.871130676
13.85,0.658376741,1.868026184
13.858,0.659093293,1.865106506
13.867,0.659791413,1.8620413210000004
13.875,0.6604320379999999,1.858980286
13.883,0.661129609,1.855987366
13.892,0.6617444159999999,1.852867249
13.9,0.662368989,1.8497732540000005
13.908,0.6629715279999999,1.846624817
13.917,0.6635434889999999,1.8435110470000002
13.925,0.664169648,1.8403528440000003
13.933,0.6646825879999999,1.8372495730000002
13.942,0.665308076,1.834182068
13.95,0.665811067,1.8309717410000004
13.958,0.6663935249999999,1.827877747
13.967,0.6669205639999999,1.824818665
13.975,0.667432283,1.821841492
13.983,0.6677964179999999,1.8187216190000002
13.992,0.6682727369999999,1.8156295780000002
14.0,0.6686597,1.812810974
14.008,0.668926057,1.8097091680000004
14.017,0.669247407,1.8067257689999998
14.025,0.66949405,1.803695984
14.033,0.669698335,1.800706726
14.042,0.669910859,1.797807922
14.05,0.6701172799999999,1.7948366089999999
14.058,0.670286714,1.7919535519999998
14.067,0.6703729559999999,1.7889036260000002
14.075,0.670585603,1.786049866
14.083,0.670566072,1.783062927
14.092,0.670707612,1.7800720829999999
14.1,0.6706424269999999,1.777066589
14.108,0.6706535349999999,1.7740338750000002
14.117,0.6705900579999999,1.7710817259999998
14.125,0.670544709,1.768027161
14.133,0.6704942329999999,1.765027161
14.142,0.6703387160000001,1.762107239
14.15,0.6701771559999999,1.759193298
14.158,0.669938386,1.756242371
14.167,0.669815278,1.7534264529999999
14.175,0.669533113,1.750451843
14.183,0.669389924,1.7475115359999998
14.192,0.669097749,1.744580139
14.2,0.668908479,1.7417191769999998
14.208,0.668593354,1.7387456669999999
14.217,0.668249177,1.7358822630000001
14.225,0.667830842,1.7328569950000001
14.233,0.667470002,1.729887756
14.242,0.6671236279999999,1.7268560179999999
14.25,0.6666506659999999,1.72384491
14.258,0.666227021,1.7208700559999999
14.267,0.6657028509999999,1.717928406
14.275,0.665230561,1.714943054
14.283,0.664630281,1.711907166
14.292,0.66405185,1.708988953
14.3,0.6634580999999999,1.70591217
14.308,0.662839631,1.702907654
14.317,0.662177522,1.6998474730000002
14.325,0.661456269,1.696799011
14.333,0.660796113,1.693768372
14.342,0.660035676,1.690813538
14.35,0.659276094,1.687822449
14.358,0.658497468,1.68482428
14.367,0.657626557,1.681984924
14.375,0.656828157,1.679091003
14.383,0.6559025579999999,1.6762901000000001
14.392,0.655009309,1.6734446410000001
14.4,0.654097077,1.6706162720000002
14.408,0.6531219189999999,1.667773865
14.417,0.6521643989999999,1.6649586790000002
14.425,0.65119687,1.662211975
14.433,0.650150971,1.6591925659999998
14.442,0.6491377879999999,1.6564209599999997
14.45,0.648104707,1.6535112919999997
14.458,0.646987397,1.650804504
14.467,0.6459651799999999,1.647955139
14.475,0.6447892159999999,1.645267273
14.483,0.64365677,1.642452332
14.492,0.642445893,1.639745911
14.5,0.641299714,1.6370224000000002
14.508,0.640092012,1.63427948
14.517,0.6387243969999999,1.6316109010000002
14.525,0.637484407,1.6289486689999997
14.533,0.6361279609999999,1.6262445680000002
14.542,0.634717012,1.6235442510000002
14.55,0.6334088449999999,1.6207938839999998
14.558,0.631950532,1.6181813360000001
14.567,0.630448091,1.615483582
14.575,0.629086701,1.612903015
14.583,0.6275564889999999,1.610411194
14.592,0.6261312569999999,1.6078036500000001
14.6,0.624583955,1.6052890020000001
14.608,0.623080903,1.6028298950000002
14.617,0.621551972,1.600248352
14.625,0.619990876,1.597870789
14.633,0.618360871,1.5954281619999997
14.642,0.616764375,1.5928952029999999
14.65,0.6151040959999999,1.5904652710000002
14.658,0.6134509589999999,1.5881248169999997
14.667,0.611708406,1.5856657110000003
14.675,0.6099355169999999,1.5832725220000001
14.683,0.6082659619999999,1.5808063360000002
14.692,0.606439424,1.5784219359999998
14.7,0.604645417,1.5760090939999998
14.708,0.6028060619999999,1.5736922
14.717,0.600980989,1.571141296
14.725,0.5991340039999999,1.5689356079999999
14.733,0.5972109079999999,1.5665327759999998
14.742,0.595371247,1.564109192
14.75,0.593381379,1.5617522579999998
14.758,0.591416596,1.55954596
14.767,0.5893587349999999,1.5572855840000002
14.775,0.5874112859999999,1.555068909
14.783,0.5852782299999999,1.5528313599999999
14.792,0.5831788039999999,1.5506445920000003
14.8,0.5811439519999999,1.548326355
14.808,0.579117158,1.546142395
14.817,0.576942475,1.543994202
14.825,0.5749060979999999,1.54191156
14.833,0.572886506,1.5398567509999999
14.842,0.570743318,1.5377361450000002
14.85,0.5685005809999999,1.5356969610000002
14.858,0.5663462229999999,1.533759216
14.867,0.56429654,1.5318330690000002
14.875,0.5621111769999999,1.5298630979999999
14.883,0.5599275829999999,1.5279343870000002
14.892,0.557667756,1.5260431519999997
14.9,0.5553525709999999,1.524150696
14.908,0.5530273139999999,1.522167542
14.917,0.5507541819999999,1.520288269
14.925,0.548412995,1.5184309690000002
14.933,0.546084626,1.516630432
14.942,0.543775178,1.5147964480000002
14.95,0.5414372259999999,1.512959168
14.958,0.539154756,1.511102234
14.967,0.536654695,1.5094192510000002
14.975,0.53425406,1.5077753299999999
14.983,0.531804719,1.506098938
14.992,0.529525971,1.504401428
15.0,0.527002778,1.5027297969999998
15.008,0.524560029,1.501085877
15.017,0.52212552,1.499459534
15.025,0.5196720589999999,1.497897644
15.033,0.517198701,1.496420349
15.042,0.5145494089999999,1.4948654180000003
15.05,0.511968934,1.493408997
15.058,0.509556794,1.4919443970000001
15.067,0.507203797,1.4904657590000001
15.075,0.504807496,1.4889935909999998
15.083,0.5021466689999999,1.487605164
15.092,0.49966961800000004,1.4862756959999999
15.1,0.49727627700000004,1.4849113159999998
15.108,0.49472989000000006,1.4836784060000001
15.117,0.492189088,1.48244342
15.125,0.489676484,1.48127533
15.133,0.48712167500000003,1.4800947879999997
15.142,0.48448285,1.4789202270000001
15.15,0.48185315,1.4777266239999998
15.158,0.47918078700000005,1.4766362919999998
15.167,0.476404145,1.475474915
15.175,0.473756562,1.4743486940000001
15.183,0.47125879,1.4732406619999998
15.192,0.468663392,1.4722526249999999
15.2,0.465974641,1.4711637570000002
15.208,0.46322888300000004,1.470097595
15.217,0.460446687,1.4691397099999999
15.225,0.45777530000000005,1.4681532589999997
15.233,0.455215333,1.467156311
15.242,0.45259173700000005,1.4662247929999999
15.25,0.449849488,1.4653557739999998
15.258,0.44714953700000004,1.4644896850000002
15.267,0.444526063,1.4636215209999999
15.275,0.441865907,1.4627991329999999
15.283,0.439047303,1.461946594
15.292,0.436318391,1.461113831
15.3,0.43367840700000004,1.4603517460000002
15.308,0.43097781500000004,1.45960907
15.317,0.42821600400000004,1.4589266969999999
15.325,0.42536908100000004,1.4582313839999999
15.333,0.42248794700000003,1.45746405
15.342,0.41985138000000005,1.4567599489999998
15.35,0.41720172200000005,1.456117249
15.358,0.41426880000000005,1.4555582889999998
15.367,0.41143945400000004,1.4549672239999998
15.375,0.408775392,1.454368347
15.383,0.406097291,1.453811096
15.392,0.40327661200000003,1.453274719
15.4,0.40033258200000005,1.45285553
15.408,0.39739462400000003,1.45242572
15.417,0.39455990700000004,1.4519833369999997
15.425,0.39191592500000005,1.451522766
15.433,0.389071534,1.45112262
15.442,0.386065309,1.4507593380000001
15.45,0.383157106,1.4504037479999998
15.458,0.38041330100000004,1.450041443
15.467,0.37753317399999997,1.449783386
15.475,0.374522096,1.4495238649999997
15.483,0.371654908,1.449257507
15.492,0.36886895900000005,1.448978333
15.5,0.365997346,1.448761047
15.508,0.36311587600000006,1.44858551
15.517,0.360253572,1.4483958129999999
15.525,0.357308137,1.4482860720000001
15.533,0.354262055,1.4482135619999998
15.542,0.351340303,1.4480713499999998
15.55,0.348538667,1.448022644
15.558,0.34553079300000006,1.448024475
15.567,0.342542359,1.4479819950000001
15.575,0.33961258,1.447956848
15.583,0.33665106300000003,1.4480066529999998
15.592,0.33360556100000005,1.448151062
15.6,0.330610139,1.448255798
15.608,0.32768542600000006,1.44836908
15.617,0.32471383800000003,1.448471741
15.625,0.321810853,1.448655579
15.633,0.31890039200000003,1.4488974
15.642,0.315885377,1.449155335
15.65,0.31293982000000004,1.4493823849999998
15.658,0.310063874,1.449653015
15.667,0.30715030000000004,1.449933899
15.675,0.304273652,1.450262146
15.683,0.301384187,1.450584778
15.692,0.298396302,1.4508992310000002
15.7,0.295462678,1.4512533570000001
15.708,0.292533143,1.4516505739999999
15.717,0.289651094,1.4521013790000001
15.725,0.286762086,1.4525314329999999
15.733,0.283803773,1.453045715
15.742,0.280931794,1.453497009
15.75,0.27811483900000006,1.4540578000000002
15.758,0.275212251,1.454628967
15.767,0.272330659,1.4552300419999997
15.775,0.269482057,1.4557959600000001
15.783,0.26664413600000003,1.456374695
15.792,0.263847108,1.4570326540000003
15.8,0.260999955,1.4577423710000001
15.808,0.258170854,1.4584694210000002
15.817,0.255357011,1.4592171020000002
15.825,0.252529801,1.4599713749999998
15.833,0.24976168899999998,1.4607190550000002
15.842,0.247115632,1.4615476690000002
15.85,0.244330354,1.4624147339999998
15.858,0.241655702,1.4632942510000002
15.867,0.238989442,1.464190247
15.875,0.236334077,1.465084778
15.883,0.233616685,1.4659974980000001
15.892,0.230951158,1.4669657589999998
15.9,0.22831649899999998,1.4679789429999999
15.908,0.225701295,1.469002869
15.917,0.223171067,1.4699817510000002
15.925,0.22063371399999998,1.470938049
15.933,0.21808599999999997,1.471942078
15.942,0.21553239500000002,1.473064758
15.95,0.213014848,1.474237854
15.958,0.21056041099999998,1.475376404
15.967,0.20823076,1.4764655150000001
15.975,0.20586064299999998,1.4776079709999999
15.983,0.203416795,1.4788339229999998
15.992,0.20095926,1.4801726689999999
16.0,0.198728685,1.481524597
16.008,0.19646197599999998,1.482787293
16.017,0.194251786,1.4840675659999998
16.025,0.19198758,1.4854114379999999
16.033,0.18980316299999997,1.486717224
16.042,0.18774002199999998,1.4880119019999998
16.05,0.185794068,1.4892915649999998
16.058,0.183835801,1.490719544
16.067,0.18175778299999998,1.492256409
16.075,0.17992855900000002,1.4937622679999998
16.083,0.178111314,1.495200745
16.092,0.17634132499999997,1.496721741
16.1,0.174681108,1.498295105
16.108,0.172947419,1.4998652950000002
16.117,0.17133305499999998,1.5014249880000001
16.125,0.16979239,1.503006531
16.133,0.168269349,1.50459845
16.142,0.16683487,1.506262268
16.15,0.165326814,1.5078995970000002
16.158,0.16390384,1.509496033
16.167,0.16250396799999997,1.5111353150000002
16.175,0.16112265099999998,1.5128494259999998
16.183,0.159807633,1.514558655
16.192,0.158606141,1.516236755
16.2,0.157458253,1.518015808
16.208,0.156296617,1.519841736
16.217,0.155132432,1.5216395869999997
16.225,0.15401094199999998,1.523400086
16.233,0.153090272,1.5251707149999998
16.242,0.152102204,1.5270424189999998
16.25,0.151129136,1.528975403
16.258,0.150091462,1.530888977
16.267,0.14913247799999998,1.532816956
16.275,0.148197938,1.534781921
16.283,0.14742866599999999,1.5368411260000001
16.292,0.146407273,1.538853821
16.3,0.145521195,1.540771179
16.308,0.144731523,1.542714417
16.317,0.143895936,1.544766541
16.325,0.143084611,1.546760071
16.333,0.142237626,1.5487426149999997
16.342,0.141468492,1.5507079470000003
16.35,0.140749574,1.5527824099999998
16.358,0.140068803,1.554830017
16.367,0.139372163,1.5567756959999999
16.375,0.138658128,1.5588070680000001
16.383,0.13810428,1.5609418339999999
16.392,0.137468766,1.5630825809999997
16.4,0.136852464,1.565193543
16.408,0.136285966,1.5673976439999997
16.417,0.13576059099999999,1.5695862429999998
16.425,0.135225564,1.571693909
16.433,0.134816514,1.5738932500000002
16.442,0.13440535099999998,1.576198181
16.45,0.134041734,1.57836322
16.458,0.133633264,1.58052655
16.467,0.133396813,1.582821838
16.475,0.133079873,1.585038757
16.483,0.132780725,1.587289856
16.492,0.132608834,1.5895783079999997
16.5,0.132434342,1.5918201289999998
16.508,0.132155816,1.5940889279999997
16.517,0.132019937,1.596453796
16.525,0.131825486,1.5986736449999999
16.533,0.1318052,1.6008501590000002
16.542,0.13183905899999998,1.6032300419999999
16.55,0.131756021,1.6054702760000001
16.558,0.131661698,1.6076954959999998
16.567,0.131809907,1.6100750119999998
16.575,0.131678361,1.612290711
16.583,0.131752511,1.6146970829999998
16.592,0.131816972,1.6170795290000002
16.6,0.13172235200000001,1.6194623409999997
16.608,0.131790338,1.6219418339999998
16.617,0.131817575,1.624503845
16.625,0.13173185099999998,1.6270621950000002
16.633,0.13163977899999998,1.629668762
16.642,0.131549386,1.632137878
16.65,0.131549913,1.634902893
16.658,0.131389878,1.6375905150000003
16.667,0.131241532,1.6402224730000001
16.675,0.131163293,1.643031921
16.683,0.130986482,1.645750183
16.692,0.13085991,1.648606751
16.7,0.130677072,1.6514481810000001
16.708,0.130572373,1.654368103
16.717,0.130418748,1.657298645
16.725,0.13025968999999998,1.660260315
16.733,0.130104295,1.6632799679999999
16.742,0.129962632,1.666298645
16.75,0.12973658899999999,1.6692614140000002
16.758,0.12959580299999998,1.6722941279999999
16.767,0.129427232,1.675531067
16.775,0.129240144,1.6786943970000001
16.783,0.12908931799999998,1.6819984739999998
16.792,0.128767564,1.685150696
16.8,0.12868470099999998,1.688395935
16.808,0.128353921,1.6915849
16.817,0.128118569,1.694908142
16.825,0.127875131,1.698233826
16.833,0.127606011,1.701532776
16.842,0.127269136,1.704882629
16.85,0.12711818,1.708304016
16.858,0.126716447,1.711612122
16.867,0.126548593,1.7150327760000001
16.875,0.126238053,1.718474304
16.883,0.125995889,1.7220803829999998
16.892,0.125842004,1.725618958
16.9,0.125625321,1.7291351929999998
16.908,0.125328019,1.732629089
16.917,0.124965943,1.7360559690000001
16.925,0.12469302499999999,1.73970929
16.933,0.12442102899999999,1.743328064
16.942,0.12416205699999999,1.7468875119999998
16.95,0.123853204,1.7504968870000002
16.958,0.12359393399999999,1.7541065060000003
16.967,0.12326689299999999,1.757656555
16.975,0.122986718,1.761310608
16.983,0.12268632599999998,1.7651105349999998
16.992,0.122533914,1.7688687130000003
17.0,0.122149598,1.772566834
17.008,0.121904351,1.7761648560000003
17.017,0.12148192699999999,1.779791687
17.025,0.121207498,1.7835657349999998
17.033,0.12103059499999999,1.7873678589999997
17.042,0.120650659,1.7911355590000002
17.05,0.120295068,1.79487738
17.058,0.119977517,1.7985540160000002
17.067,0.11961888200000001,1.802262878
17.075,0.11927144,1.8059957890000002
17.083,0.11910021300000001,1.8098662720000003
17.092,0.118961122,1.813814636
17.1,0.11848335399999999,1.8176055300000002
17.108,0.11815661,1.8212053830000001
17.117,0.11774852899999999,1.8249929810000003
17.125,0.11743610500000001,1.828878235
17.133,0.11715835699999999,1.8327255250000003
17.142,0.11679999599999999,1.8365181270000002
17.15,0.11653862099999998,1.8403396610000002
17.158,0.116067582,1.8440137329999997
17.167,0.11570624599999998,1.8477986450000001
17.175,0.115433694,1.8517847290000002
17.183,0.115283036,1.8557586059999998
17.192,0.114745919,1.8596094360000004
17.2,0.11444867,1.8632693479999998
17.208,0.114085397,1.8671741330000002
17.217,0.113776567,1.8712188110000003
17.225,0.113413087,1.8751350710000003
17.233,0.11301170499999999,1.8789761349999998
17.242,0.112602326,1.8828862920000002
17.25,0.112298112,1.8868057250000003
17.258,0.11199935999999999,1.890829895
17.267,0.11168009300000001,1.8948518680000004
17.275,0.11133474099999999,1.8987463990000002
17.283,0.11084891599999999,1.9025559690000002
17.292,0.11050821799999999,1.9065549930000003
17.3,0.11001649599999999,1.9106013790000005
17.308,0.10955964800000001,1.914526672
17.317,0.109149316,1.9184295040000001
17.325,0.10878721699999999,1.9224060669999998
17.333,0.10836280200000001,1.92647052
17.342,0.108025018,1.930465393
17.35,0.107676736,1.934525452
17.358,0.10728373799999999,1.938606262
17.367,0.106886659,1.942535217
17.375,0.10642485900000001,1.94646637
17.383,0.10601807499999999,1.950524963
17.392,0.10557803400000002,1.954749573
17.4,0.10510293700000001,1.9587600710000004
17.408,0.10461690600000001,1.9627483520000002
17.417,0.10415807399999999,1.966829407
17.425,0.103753381,1.9710154420000001
17.433,0.10340210799999999,1.9753018189999998
17.442,0.102916741,1.97929718
17.45,0.10252208800000001,1.983247864
17.458,0.10213014299999998,1.9873108520000002
17.467,0.101713464,1.9913179319999998
17.475,0.101208627,1.995450012
17.483,0.10071696599999999,1.9996035769999998
17.492,0.100263604,2.003703186
17.5,0.099728601,2.007771301
17.508,0.099166543,2.0118975220000004
17.517,0.098785867,2.016092346
17.525,0.09835281499999998,2.020362854
17.533,0.097859574,2.024325256
17.542,0.09735543899999999,2.028451477
17.55,0.096881257,2.0326087040000003
17.558,0.096499795,2.0366658330000003
17.567,0.096140863,2.0406558230000003
17.575,0.09580408600000001,2.0446187129999998
17.583,0.09543628000000001,2.04849762
17.592,0.095152665,2.0524295040000005
17.6,0.09485872000000001,2.056255432
17.608,0.09463844399999999,2.060028626
17.617,0.094410356,2.0638462530000004
17.625,0.094363099,2.067546692
17.633,0.094309274,2.0712551880000003
17.642,0.09423631399999999,2.074773254
17.65,0.09420783299999999,2.0782837530000005
17.658,0.094217736,2.0819175420000002
17.667,0.094315492,2.085354797
17.675,0.09433070499999999,2.0887429809999998
17.683,0.094480645,2.0923399049999998
17.692,0.094552667,2.095827942
17.7,0.09471849199999999,2.099129944
17.708,0.09488449199999999,2.102504456
17.717,0.095049417,2.1057962040000002
17.725,0.09536647099999998,2.109057678
17.733,0.095636849,2.112496155
17.742,0.09601838800000001,2.11581427
17.75,0.096384362,2.119068909
17.758,0.096805574,2.122351135
17.767,0.09726268899999999,2.125682434
17.775,0.09770184400000001,2.128931213
17.783,0.098173661,2.132193176
17.792,0.09866776399999999,2.135551819
17.8,0.09907696599999999,2.138708557
17.808,0.09964251000000002,2.1420464480000003
17.817,0.10015491600000001,2.145240051
17.825,0.10072165799999999,2.1484656369999997
17.833,0.10134918300000001,2.151724915
17.842,0.101867562,2.155036438
17.85,0.10257158799999999,2.158294251
17.858,0.103247285,2.161426575
17.867,0.10391681,2.164681458
17.875,0.104565034,2.167972229
17.883,0.10541229400000002,2.171240051
17.892,0.106097367,2.174492737
17.9,0.106878999,2.177646057
17.908,0.107741532,2.1810657350000002
17.917,0.10847445,2.184387756
17.925,0.10928248699999998,2.187742249
17.933,0.110164285,2.191118469
17.942,0.110964166,2.194562073
17.95,0.111743447,2.1979151000000003
17.958,0.112447457,2.201257385
17.967,0.11329329799999999,2.204610901
17.975,0.11408246699999999,2.207982727
17.983,0.11495329400000001,2.211411194
17.992,0.11579756999999999,2.214897278
18.0,0.11658200200000002,2.2183499149999997
18.008,0.117322015,2.221806213
18.017,0.11823745799999999,2.225316223
18.025,0.119026994,2.228847473
18.033,0.119776475,2.232157044
18.042,0.12056102099999999,2.235594299
18.05,0.12137722100000001,2.239180725
18.058,0.12224009,2.242590393
18.067,0.12301577899999999,2.246062317
18.075,0.123840844,2.249606751
18.083,0.12463777300000001,2.2530488890000004
18.092,0.125408723,2.256594544
18.1,0.126144822,2.260204651
18.108,0.12699793299999998,2.263757629
18.117,0.127784455,2.267379456
18.125,0.128590509,2.2709732060000003
18.133,0.129295495,2.274491272
18.142,0.130054277,2.278090149
18.15,0.130871118,2.281737854
18.158,0.131685182,2.2853184200000003
18.167,0.132527398,2.288841126
18.175,0.133242997,2.292613342
18.183,0.134119577,2.2961138310000004
18.192,0.134784295,2.299691956
18.2,0.135598008,2.303461243
18.208,0.136481484,2.30722467
18.217,0.137302919,2.310878479
18.225,0.13806955099999998,2.3145962530000004
18.233,0.13882219,2.3182942509999998
18.242,0.13967209,2.321975403
18.25,0.140480683,2.325710754
18.258,0.141299958,2.3293721310000004
18.267,0.142046601,2.3329512329999997
18.275,0.142883485,2.336680969
18.283,0.143600862,2.340195374
18.292,0.144252198,2.343795471
18.3,0.145070481,2.347414124
18.308,0.14585458499999998,2.3508101200000002
18.317,0.146578553,2.35403302
18.325,0.14724563699999998,2.357094055
18.333,0.148082032,2.3600820920000003
18.342,0.148810578,2.362854065
18.35,0.14970398099999999,2.365446106
18.358,0.150508409,2.3679561159999998
18.367,0.151486772,2.370313782
18.375,0.15244287199999998,2.3724075320000004
18.383,0.153135987,2.3743662720000005
18.392,0.1536046,2.375989807
18.4,0.154290605,2.377567932
18.408,0.154839768,2.378885559
18.417,0.155217469,2.379901917
18.425,0.15548992999999997,2.3809226690000003
18.433,0.155602281,2.3818074339999997
18.442,0.15565149,2.382474426
18.45,0.155752366,2.3828027950000004
18.458,0.155774049,2.382905823
18.467,0.15575610499999998,2.3828411259999998
18.475,0.15569790799999997,2.382606262
18.483,0.155544999,2.38221344
18.492,0.15536308399999998,2.381674866
18.5,0.155166902,2.381030823
18.508,0.15492588899999998,2.380313538
18.517,0.15471511899999998,2.3795239870000002
18.525,0.154526689,2.3786838990000003
18.533,0.154333116,2.377724426
18.542,0.15406994699999998,2.37662262
18.55,0.153786561,2.3754487920000003
18.558,0.153564164,2.374258118
18.567,0.153267732,2.372996155
18.575,0.152837068,2.371658997
18.583,0.15240390099999998,2.3702451780000002
18.592,0.15199786499999998,2.368813049
18.6,0.15150915599999998,2.367238098
18.608,0.151007386,2.3655579220000003
18.617,0.15061343500000002,2.3639844360000004
18.625,0.150187486,2.3623242799999997
18.633,0.14969125499999997,2.36063092
18.642,0.149120103,2.3594915160000003
18.65,0.14880049199999998,2.35845221
18.658,0.148366014,2.357575745
18.667,0.14801182699999998,2.356974915
18.675,0.147904527,2.356646301
18.683,0.14798957899999998,2.356317932
18.692,0.148003724,2.355803528
18.7,0.14791923599999998,2.355257141
18.708,0.14795498799999998,2.354669495
18.717,0.147919755,2.353896545
18.725,0.147890458,2.353022766
18.733,0.147738221,2.352041565
18.742,0.147500535,2.3509014280000002
18.75,0.14726613,2.3497520140000003
18.758,0.147047181,2.34836261
18.767,0.146733293,2.346906067
18.775,0.146334077,2.3453274540000004
18.783,0.145854646,2.343575012
18.792,0.14534462099999998,2.3417278440000002
18.8,0.144755906,2.339701721
18.808,0.14415141399999998,2.337584778
18.817,0.14366589500000002,2.335331848
18.825,0.143049043,2.33291095
18.833,0.142468965,2.3304617309999998
18.842,0.14170997700000001,2.327791809
18.85,0.141043504,2.3251177370000002
18.858,0.140189607,2.3221465450000003
18.867,0.139426545,2.319219055
18.875,0.138631593,2.316220276
18.883,0.137762529,2.3130369259999997
18.892,0.13696678299999998,2.309899963
18.9,0.136127488,2.306560608
18.908,0.135217263,2.3032835080000003
18.917,0.13432529599999998,2.299853577
18.925,0.133337327,2.296282288
18.933,0.132439965,2.292712952
18.942,0.131481401,2.2890906369999997
18.95,0.130348649,2.2854622190000002
18.958,0.129350091,2.2818296510000002
18.967,0.128340028,2.2780693970000003
18.975,0.127122712,2.2741841430000003
18.983,0.125976518,2.2702783810000002
18.992,0.124957498,2.26632135
19.0,0.12392262400000001,2.2623450320000003
19.008,0.122808206,2.25829718
19.017,0.12148401,2.254231751
19.025,0.12023747399999998,2.250254944
19.033,0.118978051,2.246366028
19.042,0.117779512,2.242412659
19.05,0.11660511099999998,2.2387107540000004
19.058,0.115518708,2.235121155
19.067,0.11442407299999999,2.231424133
19.075,0.11319821999999999,2.2277568970000003
19.083,0.112167344,2.224158997
19.092,0.11121297599999999,2.220421692
19.1,0.110121247,2.216749329
19.108,0.10904416,2.212948303
19.117,0.10800473099999999,2.209137268
19.125,0.10700232800000001,2.205231751
19.133,0.105856286,2.2013850710000002
19.142,0.10471388300000001,2.197384827
19.15,0.103563089,2.193539856
19.158,0.10237043100000001,2.18979596
19.167,0.101242776,2.1859888310000004
19.175,0.10003588999999999,2.182256165
19.183,0.098850045,2.178255432
19.192,0.09787658800000001,2.174261292
19.2,0.096667596,2.1704033810000003
19.208,0.09548947199999999,2.16657843
19.217,0.094267411,2.1626946410000003
19.225,0.09303224299999999,2.158598206
19.233,0.09186728799999999,2.1545127560000004
19.242,0.090661462,2.150406067
19.25,0.089443727,2.146488098
19.258,0.088256478,2.142658264
19.267,0.086965615,2.138743469
19.275,0.08564095399999999,2.134654846
19.283,0.08469032399999998,2.130631897
19.292,0.08353765199999999,2.126656067
19.3,0.08226829599999999,2.12268219
19.308,0.08106311900000002,2.118688294
19.317,0.079829278,2.114669006
19.325,0.07868804999999998,2.1106026000000004
19.333,0.07748733599999999,2.1065313110000004
19.342,0.076293374,2.102428528
19.35,0.07491288100000001,2.09842096
19.358,0.07376517599999999,2.0945205689999997
19.367,0.072523915,2.0906082150000005
19.375,0.071243871,2.0866665650000003
19.383,0.069953981,2.0826089480000003
19.392,0.068684213,2.0783938600000003
19.4,0.067318303,2.0741900030000004
19.408,0.06613253499999999,2.0699151000000002
19.417,0.064867143,2.065760559
19.425,0.063614968,2.0616297
19.433,0.062185578,2.0576052860000003
19.442,0.060983411,2.053491028
19.45,0.059691579,2.049392883
19.458,0.058380287999999995,2.045375061
19.467,0.0570971,2.041256165
19.475,0.055726232,2.0373130489999998
19.483,0.054372884,2.0333638310000004
19.492,0.052895700000000004,2.029310852
19.5,0.051701257,2.02526593
19.508,0.050349178999999994,2.021254211
19.517,0.049087284999999994,2.017044983
19.525,0.047691484,2.012802307
19.533,0.046343717,2.008534485
19.542,0.045055595999999996,2.0043357540000004
19.55,0.043729863,2.00003717
19.558,0.04239813,1.9958657840000003
19.567,0.040972823,1.9917971800000003
19.575,0.03971038,1.9876155399999997
19.583,0.038449240999999995,1.9835984500000001
19.592,0.036968186,1.9796187129999998
19.6,0.035785789,1.975548645
19.608,0.034401836,1.9714016720000003
19.617,0.032991600999999995,1.9673069460000003
19.625,0.031453709999999996,1.963262024
19.633,0.030150014,1.959135559
19.642,0.028697500999999997,1.9549783330000001
19.65,0.027199185,1.950794251
19.658,0.025653665,1.946692932
19.667,0.024291888999999997,1.9425984500000002
19.675,0.022855766,1.9387901000000003
19.683,0.021428178,1.934784729
19.692,0.02000432,1.9305974729999997
19.7,0.018492215,1.9265232540000001
19.708,0.017134409,1.9224241330000003
19.717,0.015708087,1.9182886350000001
19.725,0.014400580999999999,1.9141651000000004
19.733,0.012779979999999998,1.910114563
19.742,0.011226484999999998,1.9059719850000003
19.75,0.009670417999999998,1.9017822880000002
19.758,0.008203316999999998,1.8977703250000002
19.767,0.0068313509999999985,1.8937920530000003
19.775,0.0054867549999999985,1.889781067
19.783,0.003946274999999998,1.8857544560000004
19.792,0.002393023999999999,1.881593567
19.8,0.0008903829999999998,1.8773948360000001
19.808,-0.0004205980000000012,1.8732224729999998
19.817,-0.0019265700000000007,1.8691914670000003
19.825,-0.0034584010000000016,1.8651401980000002
19.833,-0.004944632000000001,1.8609783330000003
19.842,-0.0065615130000000015,1.856962952
19.85,-0.007964658,1.85289093
19.858,-0.009392810000000001,1.8488770140000002
19.867,-0.010914058,1.844767639
19.875,-0.012485993,1.8405818479999998
19.883,-0.013910073000000002,1.836446838
19.892,-0.015256938000000001,1.8324230350000001
19.9,-0.0166997,1.8282919309999999
19.908,-0.018264726000000002,1.8243201290000002
19.917,-0.019724337,1.8201804810000004
19.925,-0.0212093,1.816215271
19.933,-0.022641401999999998,1.812190857
19.942,-0.024130388999999995,1.808002503
19.95,-0.025721221000000002,1.803883118
19.958,-0.02732466,1.7997970579999998
19.967,-0.028857181000000003,1.795674133
19.975,-0.030230891000000003,1.791605042
19.983,-0.031738967,1.787541809
19.992,-0.033284964,1.7834849240000001
20.0,-0.034853339000000004,1.7794606320000002
20.008,-0.036344317,1.775491394
20.017,-0.037897925,1.771433777
20.025,-0.039330630000000005,1.7673997190000001
20.033,-0.0408455,1.763388489
20.042,-0.042355608999999995,1.7592734989999999
20.05,-0.043990928,1.755182434
20.058,-0.045504340000000004,1.7510189820000002
20.067,-0.046955233000000006,1.7469461060000002
20.075,-0.048593505,1.7429702759999999
20.083,-0.050032584000000005,1.7388999630000002
20.092,-0.051727862,1.7348471070000002
20.1,-0.053329047,1.730790222
20.108,-0.054830356000000004,1.7267239380000001
20.117,-0.05638780100000001,1.722708923
20.125,-0.05799447500000001,1.7186509399999998
20.133,-0.05959786100000001,1.7145415649999998
20.142,-0.061149787000000004,1.7103240359999998
20.15,-0.062690459,1.706149719
20.158,-0.064154509,1.702229187
20.167,-0.065640166,1.6982340699999998
20.175,-0.06730292400000001,1.6940422969999998
20.183,-0.06895421500000001,1.689842224
20.192,-0.070565345,1.6859341429999999
20.2,-0.07204782000000001,1.681982483
20.208,-0.073584334,1.677834534
20.217,-0.07527584000000001,1.6736162719999998
20.225,-0.076870353,1.669480408
20.233,-0.07829920900000001,1.665435364
20.242,-0.079919295,1.661390442
20.25,-0.081542807,1.657347107
20.258,-0.08314898600000001,1.65329596
20.267,-0.084856704,1.6491903689999998
20.275,-0.086430915,1.645017883
20.283,-0.087982177,1.6410167850000001
20.292,-0.089558997,1.636955017
20.3,-0.09120571799999999,1.6328143919999998
20.308,-0.092876342,1.628545227
20.317,-0.094476966,1.624550476
20.325,-0.09612452599999999,1.6203632199999998
20.333,-0.09783109200000001,1.616251526
20.342,-0.099376525,1.6122271120000002
20.35,-0.10106279700000001,1.6081166379999998
20.358,-0.10265634099999998,1.604254456
20.367,-0.104228141,1.60023407
20.375,-0.10590337999999999,1.5961087040000002
20.383,-0.10758970500000001,1.5920648799999997
20.392,-0.10925173099999999,1.588004578
20.4,-0.11078745200000001,1.5838716429999997
20.408,-0.11248718199999999,1.5797749630000002
20.417,-0.11433437199999999,1.5757658079999999
20.425,-0.115861358,1.5717734989999999
20.433,-0.117559104,1.5678710329999999
20.442,-0.11911886499999999,1.564096985
20.45,-0.12069021499999999,1.560105896
20.458,-0.122398391,1.5562247930000002
20.467,-0.123844649,1.5523412479999998
20.475,-0.125468932,1.548514221
20.483,-0.127121062,1.544695252
20.492,-0.128781005,1.5408718870000002
20.5,-0.130408553,1.537264832
20.508,-0.132024596,1.5337214970000002
20.517,-0.13359699900000002,1.5303400269999998
20.525,-0.135296355,1.5269215699999998
20.533,-0.136817626,1.523686707
20.542,-0.13820758000000002,1.5206254270000001
20.55,-0.139534133,1.5176776730000001
20.558,-0.140905654,1.5148135379999998
20.567,-0.14190792700000002,1.5122598270000003
20.575,-0.14295173500000002,1.5097504269999997
20.583,-0.143893035,1.5074851690000002
20.592,-0.144744903,1.5051245730000002
20.6,-0.145479705,1.503211731
20.608,-0.14619773800000002,1.501297058
20.617,-0.14685755800000003,1.499493469
20.625,-0.14753218,1.4978374630000002
20.633,-0.148088439,1.4963079219999997
20.642,-0.148583922,1.4949133909999999
20.65,-0.149035811,1.4936813360000003
20.658,-0.149388305,1.4926292110000001
20.667,-0.149688964,1.4917119749999999
20.675,-0.14994822600000002,1.490998474
20.683,-0.15021667400000002,1.490436829
20.692,-0.150508147,1.4899082639999999
20.7,-0.15071304200000002,1.489420349
20.708,-0.150887114,1.4889974979999998
20.717,-0.151034392,1.4885944210000002
20.725,-0.15114489600000003,1.488270447
20.733,-0.151233199,1.4879852909999998
20.742,-0.15131758,1.487710877
20.75,-0.151406859,1.4874213259999998
20.758,-0.15150666699999998,1.4871871950000002
20.767,-0.151617095,1.4870590209999999
20.775,-0.15165090800000003,1.487012634
20.783,-0.15159413000000002,1.4870287479999997
20.792,-0.151588851,1.4870791629999998
20.8,-0.15156345999999998,1.4871400759999998
20.808,-0.151503966,1.48716156
20.817,-0.15147911,1.4871533810000002
20.825,-0.151499923,1.4871710820000001
20.833,-0.15151274,1.4871603389999999
20.842,-0.151546966,1.487116882
20.85,-0.1515652,1.4871044310000001
20.858,-0.151563414,1.4871118770000002
20.867,-0.15155952300000003,1.48712262
20.875,-0.151523833,1.4871366579999998
20.883,-0.15152574100000002,1.487144592
20.892,-0.151514953,1.4871561890000002
20.9,-0.151523391,1.487153137
20.908,-0.15152838,1.487154602
20.917,-0.151532668,1.4871525270000001
20.925,-0.151546676,1.48711554
20.933,-0.151544661,1.487114075
20.942,-0.151540709,1.487128845
20.95,-0.151533873,1.487150818
20.958,-0.151524764,1.4871361689999998
20.967,-0.151517318,1.4871382450000001
20.975,-0.15153411800000002,1.4871420290000001
20.983,-0.151548858,1.4871525270000001
20.992,-0.151536406,1.4871351929999999
21.0,-0.151569701,1.4871206670000001
21.008,-0.15156065300000002,1.487125061
21.017,-0.151549254,1.4871334840000001
21.025,-0.15156092699999998,1.487168762
21.033,-0.151538375,1.487163025
21.042,-0.151525893,1.4871410520000001
21.05,-0.151537612,1.48715741
21.058,-0.15155204700000002,1.4871543580000002
21.067,-0.15154312000000003,1.487138489
21.075,-0.151549407,1.4871547239999998
21.083,-0.15154843,1.4871591189999998
21.092,-0.151545287,1.4871532589999998
21.1,-0.151550811,1.487152283
21.108,-0.151551772,1.4871532589999998
21.117,-0.15155728,1.4871647339999998
21.125,-0.15157240200000002,1.4871548459999997
21.133,-0.15155313,1.4871561890000002
21.142,-0.15157072300000002,1.4871517939999999
21.15,-0.151567992,1.4871527709999999
21.158,-0.151547774,1.4871604609999998
21.167,-0.151544082,1.487141785
21.175,-0.151540893,1.487134705
21.183,-0.151535613,1.4871423950000002
21.192,-0.151542678,1.487133972
21.2,-0.15154051100000002,1.4871351929999999
21.208,-0.151548247,1.4871376339999998
21.217,-0.151550368,1.4871409299999998
21.225,-0.151538375,1.4871272580000001
21.233,-0.15154025200000001,1.4871192020000001
21.242,-0.15153033300000002,1.4871356809999998
21.25,-0.15155017,1.4871218869999998
21.258,-0.15154704200000002,1.4871358029999997
21.267,-0.15153642200000003,1.4871205439999997
21.275,-0.151554549,1.4871256709999998
21.283,-0.151540923,1.487136536
21.292,-0.151553573,1.4871419069999998
21.3,-0.15154475300000003,1.487129822
21.308,-0.151560485,1.487125427
21.317,-0.151542266,1.4871286009999998
21.325,-0.151543883,1.4871228639999998
21.333,-0.151549758,1.487128723
21.342,-0.15153939700000002,1.4871337279999999
21.35,-0.151551024,1.487123962
21.358,-0.151540954,1.487131287
21.367,-0.151532027,1.4871351929999999
21.375,-0.15154222,1.487130676
21.383,-0.151541381,1.487117981
21.392,-0.151542159,1.4871223759999999
21.4,-0.151545531,1.48714032
21.408,-0.151548003,1.487132752
21.417,-0.15154093800000001,1.4871261599999999
21.425,-0.15155026100000002,1.4871237179999999
21.433,-0.151548537,1.4871271360000002
21.442,-0.151545165,1.487131775
21.45,-0.15154093800000001,1.4871261599999999
21.458,-0.151531936,1.4871181029999998
21.467,-0.151523574,1.487119812
21.475,-0.15153694,1.4871348270000002
21.483,-0.151540877,1.487128357
21.492,-0.151533187,1.4871419069999998
21.5,-0.151531981,1.4871353150000002
21.508,-0.15153478900000003,1.487132629
21.517,-0.151537047,1.4871358029999997
21.525,-0.15153544500000002,1.487143127
21.533,-0.15153895500000003,1.487129334
21.542,-0.15155046000000003,1.48714325
21.55,-0.15154167100000002,1.4871344610000001
21.558,-0.151536803,1.4871353150000002
21.567,-0.15154333400000003,1.487151672
21.575,-0.15154789600000002,1.4871386110000002
21.583,-0.15153689500000003,1.48714032
21.592,-0.15155306899999998,1.487155945
21.6,-0.151538421,1.4871289670000003
21.608,-0.15155371,1.4871494749999998
21.617,-0.15155114600000003,1.4871489869999999
21.625,-0.15153939700000002,1.487154602
21.633,-0.15153642200000003,1.487145447
21.642,-0.15152259699999998,1.487137756
21.65,-0.15153608600000001,1.487156433
21.658,-0.15153066900000003,1.4871486210000002
21.667,-0.151521377,1.487168762
21.675,-0.15153517,1.4871543580000002
21.683,-0.15153317200000002,1.487149353
21.692,-0.151541991,1.487159241
21.7,-0.151538222,1.4871447139999998
21.708,-0.151527053,1.4871389769999999
21.717,-0.151530822,1.4871262819999997
21.725,-0.151547393,1.4871609499999998
21.733,-0.151527007,1.4871599730000002
21.742,-0.151534957,1.4871423950000002
21.75,-0.151535933,1.4871419069999998
21.758,-0.151526931,1.487151306
21.767,-0.151524947,1.4871752320000002
21.775,-0.15152957,1.487167908
21.783,-0.151521346,1.4871625370000001
21.792,-0.15153066900000003,1.4871589969999999
21.8,-0.151514113,1.487138367
21.808,-0.151529555,1.487164978
21.817,-0.151525435,1.487164978
21.825,-0.151538802,1.4871647339999998
21.833,-0.151545485,1.4871547239999998
21.842,-0.151534835,1.4871532589999998
21.85,-0.151551284,1.4871514279999998
21.858,-0.151526107,1.4871548459999997
21.867,-0.151534377,1.487148254
21.875,-0.15153712400000002,1.4871338499999998
21.883,-0.151519393,1.4871458130000001
21.892,-0.151540374,1.487161682
21.9,-0.151518935,1.4871527709999999
21.908,-0.151518599,1.487146057
21.917,-0.151518691,1.487140686
21.925,-0.15153454500000002,1.487153137
21.933,-0.151532714,1.487145569
21.942,-0.15151994200000002,1.4871580199999999
21.95,-0.15153019600000003,1.487156433
21.958,-0.151515578,1.487131775
21.967,-0.151512267,1.487140686
21.975,-0.151531432,1.4871572879999997
21.983,-0.151537871,1.487158264
21.992,-0.151533706,1.4871381229999998
22.0,-0.15152221600000002,1.487132141
22.008,-0.151526397,1.4871309200000002
22.017,-0.151536971,1.4871419069999998
22.025,-0.15154101500000003,1.487166809
22.033,-0.15154127400000003,1.487166077
22.042,-0.151534041,1.487145447
22.05,-0.15151899600000002,1.487137756
22.058,-0.15152415400000002,1.4871495970000002
22.067,-0.15152166600000003,1.4871624149999998
22.075,-0.15153337,1.487163025
22.083,-0.151524474,1.487138489
22.092,-0.151526442,1.4871489869999999
22.1,-0.151542281,1.48717926
22.108,-0.151532378,1.4871638790000001
22.117,-0.15153016600000002,1.487165466
22.125,-0.15154127400000003,1.487142151
22.133,-0.151521331,1.4871528929999998
22.142,-0.151526793,1.4871653440000001
22.15,-0.151534255,1.4871627809999999
22.158,-0.151534377,1.487150696
22.167,-0.151533584,1.4871434940000001
22.175,-0.151542724,1.4871624149999998
22.183,-0.151533828,1.4871591189999998
22.192,-0.151537612,1.4871517939999999
22.2,-0.151528151,1.487148865
22.208,-0.151533355,1.487150208
22.217,-0.15153457500000003,1.4871571659999998
22.225,-0.15152638100000002,1.4871632689999998
22.233,-0.151545424,1.487152161
22.242,-0.151536986,1.4871427609999999
22.25,-0.15152406200000001,1.487134583
22.258,-0.15152114800000002,1.487158875
22.267,-0.15153196600000002,1.487153015
22.275,-0.151535888,1.4871525270000001
22.283,-0.151539916,1.487158264
22.292,-0.15154792700000003,1.487163147
22.3,-0.15155441200000003,1.487158386
22.308,-0.151534514,1.487148254
22.317,-0.15154380700000003,1.4871690060000002
22.325,-0.151546721,1.487166443
22.333,-0.15153643700000002,1.487153992
22.342,-0.151544539,1.487165466
22.35,-0.151550368,1.4871527709999999
22.358,-0.151542205,1.487164002
22.367,-0.151544829,1.487157776
22.375,-0.15152905200000003,1.487147034
22.383,-0.151515227,1.4871381229999998
22.392,-0.15154354800000003,1.4871527709999999
22.4,-0.15153390400000002,1.4871528929999998
22.408,-0.151532714,1.487154114
22.417,-0.15153427,1.4871519169999998
22.425,-0.15154974300000001,1.4871465449999999
22.433,-0.151552077,1.487146423
22.442,-0.15153956500000001,1.4871486210000002
22.45,-0.15153337,1.487133118
22.458,-0.151528991,1.4871434940000001
22.467,-0.151526198,1.487133118
22.475,-0.15153729100000002,1.48715448
22.483,-0.151530608,1.487147766
22.492,-0.15151628,1.4871520390000001
22.5,-0.151530028,1.4871361689999998
22.508,-0.151527816,1.4871448360000001
22.517,-0.151530318,1.487132263
22.525,-0.151542556,1.487139832
22.533,-0.151535888,1.4871376339999998
22.542,-0.15152569500000002,1.487135559
22.55,-0.151529036,1.487137756
22.558,-0.151535552,1.487156921
22.567,-0.15153054700000002,1.487160706
22.575,-0.151520598,1.487134583
22.583,-0.151531981,1.4871320189999997
22.592,-0.15152696100000002,1.487128845
22.6,-0.15153735200000001,1.4871361689999998
22.608,-0.15154746900000002,1.4871504520000003
22.617,-0.15151861500000002,1.487130188
22.625,-0.151534774,1.4871415409999997
22.633,-0.15152629,1.487142151
22.642,-0.15153753600000003,1.4871367800000002
22.65,-0.151533004,1.487149719
22.658,-0.151529632,1.4871205439999997
22.667,-0.151548964,1.4871314089999998
22.675,-0.151546065,1.487139221
22.683,-0.15153895500000003,1.487143982
22.692,-0.151536681,1.4871461790000002
22.7,-0.151532195,1.4871272580000001
22.708,-0.15155462500000003,1.4871381229999998
22.717,-0.15154402100000003,1.487146057
22.725,-0.151528716,1.4871472779999997
22.733,-0.15153909200000001,1.4871404419999998
22.742,-0.151542113,1.487144104
22.75,-0.151534697,1.487146912
22.758,-0.15154815600000002,1.4871558230000002
22.767,-0.151535201,1.487131165
22.775,-0.151548537,1.487138367
22.783,-0.15154910200000002,1.487151184
22.792,-0.151542022,1.487151184
22.8,-0.151532378,1.487144104
22.808,-0.151549407,1.4871458130000001
22.817,-0.151552031,1.487137756
22.825,-0.151536406,1.487136047
22.833,-0.151541472,1.487132752
22.842,-0.151565459,1.487158264
22.85,-0.151550017,1.487158753
22.858,-0.151559585,1.487156067
22.867,-0.151542495,1.4871538700000002
22.875,-0.15156364300000003,1.4871538700000002
22.883,-0.151543471,1.4871510619999997
22.892,-0.15155047500000002,1.4871648560000001
22.9,-0.151549285,1.4871447139999998
22.908,-0.15154441700000001,1.487137024
22.917,-0.15154354800000003,1.4871329960000002
22.925,-0.151532195,1.4871537479999999
22.933,-0.151542235,1.487136047
22.942,-0.15153964100000003,1.4871566769999998
22.95,-0.151537703,1.487154114
22.958,-0.15154382200000002,1.487134705
22.967,-0.15155306899999998,1.487143005
22.975,-0.15155505300000002,1.487143616
22.983,-0.151538833,1.4871323849999998
22.992,-0.151527144,1.487126892
23.0,-0.151543837,1.4871572879999997
23.008,-0.15153887800000002,1.4871624149999998
23.017,-0.151547789,1.48715155
23.025,-0.151543609,1.4871371459999998
23.033,-0.151545119,1.487134094
23.042,-0.151525237,1.487122253
23.05,-0.15152603,1.487145081
23.058,-0.15153007400000001,1.4871458130000001
23.067,-0.151535323,1.487149719
23.075,-0.151533736,1.4871438599999998
23.083,-0.15152510000000002,1.4871344610000001
23.092,-0.15153778,1.487139343
23.1,-0.151530745,1.4871400759999998
23.108,-0.151529815,1.487134949
23.117,-0.15153459100000002,1.4871394649999998
23.125,-0.151533004,1.487127014
23.133,-0.151544387,1.487151672
23.142,-0.151554351,1.487152649
23.15,-0.151543166,1.487132507
23.158,-0.15152998200000004,1.487137024
23.167,-0.151523497,1.4871224979999997
23.175,-0.15154576,1.4871427609999999
23.183,-0.151544845,1.4871348270000002
23.192,-0.15153033300000002,1.487133606
23.2,-0.15152947900000002,1.487121765
23.208,-0.151533767,1.4871297
23.217,-0.15153080600000002,1.4871461790000002
23.225,-0.151531569,1.487154968
23.233,-0.151532195,1.487141296
23.242,-0.15153019600000003,1.4871399539999999
23.25,-0.151519378,1.487139832
23.258,-0.15153570500000002,1.4871438599999998
23.267,-0.151548751,1.48715741
23.275,-0.151527923,1.4871361689999998
23.283,-0.151521117,1.4871458130000001
23.292,-0.15153085200000002,1.4871337279999999
23.3,-0.15154188400000002,1.487130676
23.308,-0.151533065,1.4871495970000002
23.317,-0.15152601500000001,1.4871474
23.325,-0.151540618,1.4871390990000002
23.333,-0.151526717,1.487130188
23.342,-0.151540786,1.4871300659999998
23.35,-0.151540908,1.4871375119999999
23.358,-0.151527053,1.487134949
23.367,-0.151525405,1.4871305540000002
23.375,-0.15152917400000002,1.487129822
23.383,-0.151541549,1.4871289670000003
23.392,-0.151542418,1.487146423
23.4,-0.151538466,1.487148377
23.408,-0.151539306,1.487142273
23.417,-0.151524596,1.4871277470000002
23.425,-0.151527007,1.4871266479999998
23.433,-0.15154304400000002,1.4871400759999998
23.442,-0.151537002,1.487153503
23.45,-0.151533538,1.4871382450000001
23.458,-0.15153691,1.4871190799999998
23.467,-0.15152949400000001,1.4871305540000002
23.475,-0.15153265300000002,1.487136902
23.483,-0.151550109,1.487138001
23.492,-0.15152580200000001,1.4871386110000002
23.5,-0.15153749,1.487144104
23.508,-0.15155943200000002,1.487130798
23.517,-0.15155110100000002,1.487130188
23.525,-0.151543532,1.487135437
23.533,-0.15152358900000001,1.487135559
23.542,-0.15153019600000003,1.4871344610000001
23.55,-0.151536696,1.4871229860000001
23.558,-0.151543273,1.4871361689999998
23.567,-0.15155526600000002,1.4871314089999998
23.575,-0.151542815,1.487135925
23.583,-0.15153681800000002,1.4871281129999998
23.592,-0.151524352,1.487131287
23.6,-0.151536529,1.4871510619999997
23.608,-0.15153591800000002,1.487154114
23.617,-0.151540236,1.4871320189999997
23.625,-0.151545592,1.4871229860000001
23.633,-0.151543242,1.4871420290000001
23.642,-0.15154821699999999,1.4871476439999998
23.65,-0.15154334900000002,1.487141663
23.658,-0.151538222,1.4871138309999998
23.667,-0.15154423400000003,1.4871224979999997
23.675,-0.151531951,1.4871448360000001
23.683,-0.15153102000000002,1.4871410520000001
23.692,-0.151531691,1.4871356809999998
23.7,-0.15153617800000002,1.4871320189999997
23.708,-0.15152067500000002,1.487126892
23.717,-0.151529586,1.4871491089999997
23.725,-0.151539534,1.4871614380000002
23.733,-0.15154354800000003,1.487153626
23.742,-0.15153343100000002,1.487113709
23.75,-0.151551299,1.487126892
