time,x,y,z,yaw,linear_velocity,angular_velocity
0.0,-1.4218610618888938,-1.7735095945812778,0.0,-1.3070469261309703,0.0,0.0
0.01408702,-1.4218610618888938,-1.7735095945812778,0.0,-1.3070469261309703,0.0,0.0
0.033974902,-1.4218610618888938,-1.7735095945812778,0.0,-1.3070469261309703,0.0,0.0
0.054091537,-1.4218610618888938,-1.7735095945812778,0.0,-1.3070469261309703,0.0,0.0
0.074135203,-1.4218610618888938,-1.7735095945812778,0.0,-1.3070469261309703,0.0,0.0
0.094039908,-1.4218610618888938,-1.7735095945812778,0.0,-1.3070469261309703,0.0,0.0
0.114068834,-1.4218610618888938,-1.7735095945812778,0.0,-1.3070469261309703,0.0,0.0
0.134435889,-1.4218610618888938,-1.7735095945812778,0.0,-1.3070469261309703,0.0,0.0
0.154057778,-1.4218610618888938,-1.7735095945812778,0.0,-1.3070469261309703,0.0,0.0
0.173972796,-1.4218610618888938,-1.7735095945812778,0.0,-1.3070469261309703,0.0,0.0
0.19406641,-1.4218610618888938,-1.7735095945812778,0.0,-1.3070469261309703,0.0,0.0
0.214068513,-1.4218610618888938,-1.7735095945812778,0.0,-1.3070469261309703,0.0,0.0
0.233975406,-1.4218610618888938,-1.7735095945812778,0.0,-1.3070469261309703,0.0,0.0
0.254081624,-1.4218610618888938,-1.7735095945812778,0.0,-1.3070469261309703,0.0,0.0
0.274079612,-1.4218610618888938,-1.7735095945812778,0.0,-1.3070469261309703,0.0,0.0
0.294032131,-1.4218610618888938,-1.7735095945812778,0.0,-1.3070469261309703,0.0,0.0
0.314038035,-1.4218610618888938,-1.7735095945812778,0.0,-1.3070469261309703,0.0,0.0
0.334154566,-1.4218610618888938,-1.7735095945812778,0.0,-1.3070469261309703,0.0,0.0
0.354028803,-1.4218610618888938,-1.7735095945812778,0.0,-1.3070469261309703,0.0,0.0
0.373975904,-1.4218610618888938,-1.7735095945812778,0.0,-1.3070469261309703,0.0,0.0
0.394107852,-1.4218610618888938,-1.7735095945812778,0.0,-1.3070469261309703,0.0,0.0
0.414058964,-1.4218610618888938,-1.7735095945812778,0.0,-1.3070469261309703,0.0,0.0
0.433986326,-1.4218610618888938,-1.7735095945812778,0.0,-1.3070469261309703,0.0,0.0
0.453970095,-1.4218610618888938,-1.7735095945812778,0.0,-1.3070469261309703,0.0,0.0
0.474199232,-1.4218610618888938,-1.7735095945812778,0.0,-1.3070469261309703,0.0,0.0
0.494003311,-1.4218610618888938,-1.7735095945812778,0.0,-1.3070469261309703,0.0,0.0
0.514012393,-1.4218610618888938,-1.7735095945812778,0.0,-1.3070469261309703,0.0,0.0
0.534123924,-1.4218610618888938,-1.7735095945812778,0.0,-1.3070469261309703,0.0,0.0
0.55404441,-1.4218610618888938,-1.7735095945812778,0.0,-1.3070469261309703,0.0,0.0
0.574102555,-1.4218610618888938,-1.7735095945812778,0.0,-1.3070469261309703,0.0,0.0
0.594086897,-1.4218610618888938,-1.7735095945812778,0.0,-1.3070469261309703,0.0,0.0
0.61408051,-1.4218610618888938,-1.7735095945812778,0.0,-1.3070469261309703,0.0,0.0
0.634051622,-1.4218610618888938,-1.7735095945812778,0.0,-1.3070469261309703,0.0,0.0
0.654083621,-1.4218610618888938,-1.7735095945812778,0.0,-1.3070469261309703,0.0,0.0
0.674260518,-1.4218610618888938,-1.7735095945812778,0.0,-1.3070469261309703,0.0,0.0
0.694149598,-1.4218610618888938,-1.7735095945812778,0.0,-1.3070469261309703,0.0,0.0
0.71430264,-1.4218610618888938,-1.7735095945812778,0.0,-1.3070469261309703,0.0,0.0
0.734064478,-1.4218610618888938,-1.7735095945812778,0.0,-1.3070469261309703,0.0,0.0
0.754147936,-1.4218610618888938,-1.7735095945812778,0.0,-1.3070469261309703,0.0,0.0
0.774051912,-1.4218610618888938,-1.7735095945812778,0.0,-1.3070469261309703,0.0,0.0
0.794064119,-1.4218610618888938,-1.7735095945812778,0.0,-1.3070469261309703,0.0,0.0
0.814087836,-1.4218610618888938,-1.7735095945812778,0.0,-1.3070469261309703,0.0,0.0
0.834096554,-1.4218610618888938,-1.7735095945812778,0.0,-1.3070469261309703,0.0,0.0
0.854053603,-1.4218610618888938,-1.7735095945812778,0.0,-1.3070469261309703,0.0,0.0
0.874079612,-1.4218610618888938,-1.7735095945812778,0.0,-1.3070469261309703,0.0,0.0
0.894055256,-1.4218610618888938,-1.7735095945812778,0.0,-1.3070469261309703,0.0,0.0
0.914082619,-1.4218610618888938,-1.7735095945812778,0.0,-1.3070469261309703,0.0,0.0
0.934228005,-1.4218610618888938,-1.7735095945812778,0.0,-1.3070469261309703,0.0,0.0
0.954073907,-1.4218610618888938,-1.7735095945812778,0.0,-1.3070469261309703,0.0,0.0
0.973948612,-1.4218610618888938,-1.7735095945812778,0.0,-1.3070469261309703,0.0,0.0
0.994071654,-1.4218610618888938,-1.7735095945812778,0.0,-1.3070469261309703,0.0,0.0
1.013990734,-1.4218610618888938,-1.7735095945812778,0.0,-1.3070469261309703,0.0,0.0
1.034046171,-1.4218610618888938,-1.7735095945812778,0.0,-1.3070469261309703,0.0,0.0
1.05395223,-1.4218610618888938,-1.7735095945812778,0.0,-1.3070469261309703,0.0,0.0
1.074072303,-1.4218610618888938,-1.7735095945812778,0.0,-1.3070469261309703,0.0,0.0
1.094052426,-1.4218610618888938,-1.7735095945812778,0.0,-1.3070469261309703,0.0,0.0
1.114032289,-1.4218610618888938,-1.7735095945812778,0.0,-1.3070469261309703,0.0,0.0
1.134032256,-1.4218610618888938,-1.7735095945812778,0.0,-1.3070469261309703,0.0,0.0
1.154168371,-1.4218610618888938,-1.7735095945812778,0.0,-1.3070469261309703,0.0,0.0
1.17416141,-1.4218610618888938,-1.7735095945812778,0.0,-1.3070469261309703,0.0,0.0
1.194069293,-1.4218610618888938,-1.7735095945812778,0.0,-1.3070469261309703,0.0,0.0
1.21403452,-1.4218610618888938,-1.7735095945812778,0.0,-1.3070469261309703,0.0,0.0
1.234039643,-1.4218610618888938,-1.7735095945812778,0.0,-1.3070469261309703,0.0,0.0
1.253973047,-1.4218610618888938,-1.7735095945812778,0.0,-1.3070469261309703,0.0,0.0
1.274167391,-1.4218610618888938,-1.7735095945812778,0.0,-1.3070469261309703,0.0,0.0
1.293970481,-1.4218610618888938,-1.7735095945812778,0.0,-1.3070469261309703,0.0,0.0
1.313934458,-1.4218610618888938,-1.7735095945812778,0.0,-1.3070469261309703,0.0,0.0
1.334052291,-1.4218610618888938,-1.7735095945812778,0.0,-1.3070469261309703,0.0,0.0
1.354280126,-1.4218610618888938,-1.7735095945812778,0.0,-1.3070469261309703,0.0,0.0
1.373973057,-1.4218610618888938,-1.7735095945812778,0.0,-1.3070469261309703,0.0,0.0
1.3940374,-1.4218610618888938,-1.7735095945812778,0.0,-1.3070469261309703,0.0,0.0
1.413994762,-1.4218610618888938,-1.7735095945812778,0.0,-1.3070469261309703,0.0,0.0
1.433963999,-1.4218610618888938,-1.7735095945812778,0.0,-1.3070469261309703,0.0,0.0
1.453942351,-1.4218610618888938,-1.7735095945812778,0.0,-1.3070469261309703,0.0,0.0
1.474085706,-1.4218610618888938,-1.7735095945812778,0.0,-1.3070469261309703,0.0,0.0
1.493962338,-1.4218610618888938,-1.7735095945812778,0.0,-1.3070469261309703,0.0,0.0
1.513937669,-1.4218610618888938,-1.7735095945812778,0.0,-1.3070469261309703,0.0,0.0
1.534037741,-1.4218610618888938,-1.7735095945812778,0.0,-1.3070469261309703,0.0,0.0
1.554040156,-1.4218610618888938,-1.7735095945812778,0.0,-1.3070469261309703,0.0,0.0
1.574018821,-1.4218610618888938,-1.7735095945812778,0.0,-1.3070469261309703,0.0,0.0
1.596376477,-1.4218610618888938,-1.7735095945812778,0.0,-1.3070469261309703,0.0,0.0
1.620381292,-1.4217980588037247,-1.7737429045130142,0.0,-1.3074357082197898,0.01008,-0.016216216216216217
1.634087212,-1.4216792977177333,-1.7741833750617677,0.0,-1.3082174846737806,0.03312,-0.05675675675675674
1.660381017,-1.4213249798692065,-1.7755015964416931,0.0,-1.3109217686715957,0.05184,-0.1027027027027027
1.684242444,-1.420877660181805,-1.7771839626547434,0.0,-1.3135744305364248,0.07271999999999999,-0.1108108108108108
1.696222195,-1.4206223934710982,-1.7781543776106843,0.0,-1.314867690234413,0.08388,-0.1081081081081081
1.72027326,-1.4199355781129188,-1.7807791488370415,0.0,-1.3174259505850239,0.11321999999999999,-0.10675675675675675
1.74430219,-1.4191566776661624,-1.783787239651156,0.0,-1.3195703124160665,0.12924,-0.0891891891891892
1.756203867,-1.4187486667764568,-1.7853770063487466,0.0,-1.3205903985498726,0.13698,-0.08513513513513511
1.780460195,-1.4178450511421934,-1.7889128143084707,0.0,-1.3234112830869313,0.15209999999999999,-0.11756756756756756
1.804540584,-1.4168869320038977,-1.7927064692768415,0.0,-1.3267553337005373,0.16128,-0.13783783783783782
1.816362155,-1.4164235663779225,-1.7945673458196496,0.0,-1.3281249730456515,0.16271999999999998,-0.11621621621621624
1.840272489,-1.4154636112289463,-1.7984451707639484,0.0,-1.3305567217322554,0.16649999999999998,-0.10135135135135134
1.86435767,-1.4145149044976923,-1.802317906730955,0.0,-1.33331938574104,0.16578,-0.11486486486486491
1.876606903,-1.4140447500396778,-1.8042603390399576,0.0,-1.334742876110686,0.16505999999999998,-0.11756756756756745
1.900876253,-1.4131361199889878,-1.8080378324812163,0.0,-1.338320442257531,0.1629,-0.14999999999999997
1.924277674,-1.4122585001635601,-1.8117446781857998,0.0,-1.3424707916425596,0.15875999999999998,-0.17297297297297293
1.937175458,-1.4118399382866789,-1.8135458911125206,0.0,-1.344541904197987,0.15444,-0.17297297297297293
1.960288281,-1.4110498618681668,-1.816978082879105,0.0,-1.3489595813813986,0.14652,-0.18378378378378374
1.984282679,-1.4102978221651272,-1.820312348777895,0.0,-1.3540399758685218,0.14273999999999998,-0.2121621621621621
1.996307482,-1.4099422708575504,-1.821926905675541,0.0,-1.3566006088061804,0.13698,-0.2121621621621621
2.02076324,-1.4093056607965582,-1.8248534081703456,0.0,-1.3621083550644832,0.12492,-0.22972972972972971
2.044526333,-1.4087381206160947,-1.827533376916021,0.0,-1.3681000523758846,0.11429999999999998,-0.24999999999999992
2.056340248,-1.408470089145958,-1.8288375479785826,0.0,-1.37105147817312,0.11034000000000001,-0.24459459459459457
2.080405793,-1.4079667649229821,-1.8313237821732242,0.0,-1.377464277467046,0.10583999999999999,-0.26756756756756755
2.105250827,-1.4074979832857948,-1.8337182451643268,0.0,-1.3835269555335024,0.10169999999999998,-0.2527027027027027
2.116563798,-1.4072733369907493,-1.8349037782371473,0.0,-1.3864816112581102,0.10043999999999999,-0.24594594594594596
2.140371006,-1.4068416182346752,-1.8372194852383792,0.0,-1.3925282286114018,0.09791999999999998,-0.2513513513513513
2.164342486,-1.4064134223183917,-1.8395959638600314,0.0,-1.3984200659118835,0.10079999999999999,-0.2459459459459459
2.176639637,-1.406204908274308,-1.8407936038819268,0.0,-1.4013114852968207,0.1017,-0.2418918918918919
2.201564048,-1.4057619025917512,-1.8433823648439474,0.0,-1.4066890292359537,0.10890000000000001,-0.22297297297297292
2.224311085,-1.4053130521818227,-1.8460928707309618,0.0,-1.41207961821542,0.11502,-0.2256756756756757
2.236408025,-1.405088124232597,-1.8474981169219236,0.0,-1.4146327648097006,0.11825999999999999,-0.21216216216216216
2.260610915,-1.4046143834810443,-1.8505070354059217,0.0,-1.4194658071091246,0.12689999999999999,-0.2013513513513513
2.284396768,-1.404122457102499,-1.8537328582206167,0.0,-1.4236404764779755,0.13626,-0.17432432432432424
2.296334643,-1.403876565701868,-1.8553917383746452,0.0,-1.4254112170643274,0.13949999999999999,-0.14729729729729726
2.320348624,-1.4033663984004519,-1.8588760552161019,0.0,-1.427808730453909,0.14687999999999998,-0.10000000000000002
2.34434172,-1.4028506482401513,-1.8624583970272417,0.0,-1.429853916277613,0.15066000000000002,-0.08513513513513511
2.35637668,-1.4025947886169414,-1.8642617092980946,0.0,-1.4308457262901209,0.15138,-0.08243243243243241
2.38053759,-1.402073533407761,-1.8679619265478902,0.0,-1.4321754389001078,0.1557,-0.055405405405405415
2.404481414,-1.4015525322486815,-1.8716962824684449,0.0,-1.4333103226131862,0.15714,-0.047297297297297244
2.416393091,-1.4012945925722904,-1.8735605623982343,0.0,-1.4338276471123714,0.15732,-0.04324324324324327
2.440326707,-1.4007754452110353,-1.8773270937015318,0.0,-1.435162115206443,0.15785999999999997,-0.055405405405405415
2.464441158,-1.4002773870636178,-1.8809766168604822,0.0,-1.4360353612705032,0.1539,-0.036486486486486544
2.476417576,-1.4000294092747336,-1.882805594801768,0.0,-1.4363432878866624,0.1539,-0.025675675675675726
2.500738176,-1.3995258088011486,-1.8865285465585295,0.0,-1.4367323174153104,0.1566,-0.016216216216216228
2.52427163,-1.3990267751573562,-1.8902285725436279,0.0,-1.4377680489628992,0.15588,-0.04324324324324327
2.536515186,-1.3987754602652964,-1.8921065993635433,0.0,-1.438275499388842,0.15642,-0.04189189189189183
2.560741983,-1.398293227944498,-1.8957241896592802,0.0,-1.438340273206156,0.15228,-0.002702702702702765
2.584450022,-1.39781527489284,-1.8993114519848513,0.0,-1.4385996468452384,0.15084,-0.010810810810810818
2.59635097,-1.3975740638239562,-1.9011254483525148,0.0,-1.4387459736706683,0.15209999999999999,-0.01216216216216214
2.620612507,-1.3968707315337905,-1.9064206970386073,0.0,-1.4384541957248211,0.22266,0.012162162162162262
2.644615082,-1.3960164906303536,-1.9128377607512206,0.0,-1.4387782033519492,0.26999999999999996,-0.013513513513513464
2.656808273,-1.3955589653104943,-1.9162832285221587,0.0,-1.439022376195671,0.28854,-0.020270270270270195
2.680453759,-1.3945296172140764,-1.9240494310841043,0.0,-1.4392817575672487,0.32652,-0.010810810810810818
2.704689254,-1.3934580740095426,-1.9321501171338222,0.0,-1.439184640336554,0.3411,0.004054054054053967
2.716779631,-1.3929039417421174,-1.936336136544173,0.0,-1.4390862926726744,0.34812,0.008108108108107933
2.740704028,-1.3917775424400414,-1.9448387411323835,0.0,-1.4387308978839901,0.35873999999999995,0.014864864864864786
2.764418214,-1.3906201869075423,-1.953551234015282,0.0,-1.4384061750011248,0.36576,0.013513513513513703
2.776320932,-1.3900391104094854,-1.957914682841918,0.0,-1.4382451232509417,0.36936,0.013513513513513464
2.800438456,-1.3888368039712815,-1.9669320037572238,0.0,-1.4382451232509417,0.37836,0.0
2.824394624,-1.3876102070719878,-1.976131503587878,0.0,-1.4383098783813941,0.38736,-0.0027027027027026447
2.836400626,-1.3869863385259071,-1.9808128433855672,0.0,-1.4383261053431986,0.3933,-0.0013513513513513224
2.861277431,-1.3856445260948875,-1.990882686628101,0.0,-1.4389939480019838,0.41112,-0.027027027027026928
2.884360462,-1.384366449830704,-2.0005233838106484,0.0,-1.4396238949941895,0.41723999999999994,-0.027027027027026928
2.896395422,-1.383704705258954,-2.0055392612373626,0.0,-1.439947706087087,0.42228,-0.027027027027026928
2.920248568,-1.3823406661569444,-2.015904257512706,0.0,-1.4408535652352632,0.43667999999999996,-0.03783783783783774
2.937345682,-1.3814127404075616,-2.0230050543314153,0.0,-1.4413979408997384,0.44442,-0.03378378378378378
2.960293919,-1.380019571206813,-2.0337114072945357,0.0,-1.4418511275792745,0.45071999999999995,-0.018918918918918993
2.984447954,-1.3786088413639799,-2.0445912422917827,0.0,-1.4423051036176182,0.45719999999999994,-0.018918918918918753
2.996604687,-1.3778988770345744,-2.0500861923408364,0.0,-1.4425000861978579,0.4608,-0.01621621621621611
3.020824035,-1.3764573717518522,-2.0612602342341315,0.0,-1.44347306597543,0.4694399999999999,-0.04054054054054039
3.04448572,-1.3750167272040819,-2.0725138829938228,0.0,-1.4438948915905647,0.4725,-0.01756756756756743
3.056309948,-1.3742951918229558,-2.0781691225865973,0.0,-1.4441535074451841,0.47663999999999995,-0.021621621621621637
3.080472733,-1.3728188008477435,-2.0897646441141995,0.0,-1.4455878593920395,0.48456,-0.059459459459459386
3.104385203,-1.3713686810305241,-2.101285701715166,0.0,-1.4464912467194941,0.48635999999999996,-0.037837837837837986
3.116306984,-1.3706426627714154,-2.107096204252155,0.0,-1.4467993508608337,0.48797999999999997,-0.025675675675675604
3.140502374,-1.3691689507203724,-2.118920294232643,0.0,-1.447939128598525,0.49445999999999996,-0.047297297297297244
3.164333384,-1.3677155132920857,-2.130691011822085,0.0,-1.4492314346221966,0.49608,-0.05405405405405409
3.176534961,-1.3669945945244366,-2.136592090660057,0.0,-1.4497179728390726,0.49535999999999997,-0.04054054054054063
3.201138898,-1.3655326265980074,-2.148607589324432,0.0,-1.4505007873804534,0.5014799999999999,-0.032432432432432455
3.225436686,-1.3640841506014003,-2.160590429920611,0.0,-1.4508558915562213,0.5052599999999999,-0.014864864864864786
3.236561893,-1.3633577246407973,-2.1666179153964835,0.0,-1.4510985903931914,0.50706,-0.020270270270270316
3.260608271,-1.361894445744672,-2.1787842591894746,0.0,-1.451911573583876,0.5092199999999999,-0.03378378378378378
3.284386884,-1.3604476680163304,-2.1908964536186293,0.0,-1.4529790763402468,0.50958,-0.0445945945945946
3.29629429,-1.359730287663336,-2.1969571788389124,0.0,-1.453707897772508,0.5092199999999999,-0.0608108108108107
3.320557129,-1.3583010802388968,-2.209107569137025,0.0,-1.4557864953825734,0.5090399999999999,-0.08648648648648655
3.344759759,-1.3569016122014037,-2.221222117918582,0.0,-1.4589301506698198,0.5085,-0.1310810810810809
3.35633341,-1.3562217927951081,-2.227273824505947,0.0,-1.4608911570147902,0.50778,-0.1635135135135136
3.380473435,-1.354899740783838,-2.2392543767933266,0.0,-1.4663822951637449,0.5013,-0.22837837837837827
3.404321476,-1.3536452482984958,-2.251225279572205,0.0,-1.472834535012216,0.5016599999999999,-0.2689189189189189
3.416289508,-1.3530601717296145,-2.2571786599147696,0.0,-1.4764008990299022,0.5009399999999999,-0.2986486486486485
3.440260832,-1.3519337997874623,-2.269075681502792,0.0,-1.484610029922782,0.4976999999999999,-0.34189189189189173
3.464340596,-1.3509083648213949,-2.2809440961048155,0.0,-1.4933653690813364,0.49643999999999994,-0.36486486486486497
3.476418733,-1.3504458927491023,-2.2869048572479227,0.0,-1.497930215287686,0.49734,-0.37972972972972974
3.500298754,-1.3495749895073827,-2.2988357992584314,0.0,-1.5062838735900974,0.49733999999999995,-0.3472972972972973
3.52432435,-1.3488079109658697,-2.3107096941595895,0.0,-1.5139868969335644,0.49679999999999996,-0.32162162162162167
3.53653551,-1.3484689265076013,-2.316670319202839,0.0,-1.5176096765864362,0.49661999999999995,-0.3013513513513514
3.560769442,-1.3478330658321007,-2.3286143123193908,0.0,-1.5233069372626367,0.49932,-0.23783783783783777
3.584334407,-1.3472663448791282,-2.340538973038244,0.0,-1.5287201244571569,0.4976999999999999,-0.22567567567567562
3.596553744,-1.3470152574792673,-2.3465028954650204,0.0,-1.5312758002214983,0.49554,-0.21216216216216216
3.620340014,-1.3465436263849604,-2.358430507952433,0.0,-1.5353920064550597,0.4976999999999999,-0.17162162162162178
3.644309099,-1.3461211781443845,-2.3703576319196915,0.0,-1.538890453718627,0.4978799999999999,-0.14594594594594593
3.656331454,-1.3459301757664155,-2.3763420336193977,0.0,-1.5404012690813054,0.49806,-0.12567567567567586
3.680393301,-1.3455631948644713,-2.3884120183354973,0.0,-1.5430914950820145,0.5034599999999999,-0.11216216216216215
3.704304312,-1.3452284103068577,-2.400492903764097,0.0,-1.5457505504309998,0.50364,-0.11081081081081083
3.71625526,-1.3450769907964617,-2.4065373499617797,0.0,-1.547353798099285,0.50454,-0.1337837837837838
3.740452473,-1.3447955779750707,-2.418539522287777,0.0,-1.551608638615041,0.49949999999999994,-0.17702702702702683
3.764389578,-1.344566707231034,-2.4304660583885074,0.0,-1.5564757605950397,0.49679999999999996,-0.2027027027027027
3.776320734,-1.3444807461840584,-2.436468277116331,0.0,-1.5592700675820814,0.49932,-0.23243243243243247
3.800366799,-1.3443434100550788,-2.4483828145630024,0.0,-1.5660714537193505,0.49715999999999994,-0.2837837837837837
3.824391041,-1.3442871906825364,-2.460281325546884,0.0,-1.5733424316675177,0.49536,-0.30270270270270266
3.836277822,-1.3443021655923053,-2.466162810465572,0.0,-1.5771188833711751,0.49248,-0.31621621621621615
3.86180547,-1.3443767538557865,-2.477959821484303,0.0,-1.5857173930436992,0.48761999999999994,-0.3554054054054052
3.88438266,-1.3445508055853284,-2.4896237876910443,0.0,-1.5943299439595982,0.4886999999999999,-0.36081081081081073
3.896281108,-1.3446885295338884,-2.495474929119377,0.0,-1.598706146298047,0.48978,-0.36621621621621625
3.920370767,-1.345016554196281,-2.5072248970993307,0.0,-1.6060140784815977,0.48906,-0.304054054054054
3.944510323,-1.3454316920798572,-2.5190077684936996,0.0,-1.6131821946000477,0.49121999999999993,-0.2986486486486487
3.95630778,-1.3456803470532166,-2.524870714338193,0.0,-1.6164815185325856,0.49032,-0.27567567567567575
3.980369053,-1.346216918140893,-2.5366075094845355,0.0,-1.6229118609233146,0.48888,-0.2675675675675676
4.004347669,-1.346832287841196,-2.5484046154540425,0.0,-1.6288113798126649,0.49248,-0.24594594594594596
4.01661383,-1.3471819705380816,-2.554425299332386,0.0,-1.631706296862594,0.49266,-0.23648648648648646
4.040328953,-1.3478894998687547,-2.566026916106964,0.0,-1.6353689475122102,0.48888,-0.15405405405405412
4.064916953,-1.3486499339328741,-2.5777869601302283,0.0,-1.638040076506916,0.48888,-0.11081081081081083
4.076872068,-1.3490512098968146,-2.5837454464404273,0.0,-1.6394324587291655,0.49265999999999993,-0.1148648648648648
4.100438387,-1.3498583683670475,-2.5954869383241173,0.0,-1.6420652003995193,0.49535999999999997,-0.11081081081081083
4.124310751,-1.3507104475583673,-2.607422528404525,0.0,-1.6443037652774186,0.4984199999999999,-0.09324324324324317
4.136390972,-1.3511492868300161,-2.6133817700275213,0.0,-1.6451948128324623,0.4984199999999999,-0.07432432432432418
4.160469694,-1.3520528622383745,-2.625504431437371,0.0,-1.6460764273886406,0.5031,-0.036486486486486426
4.18437784,-1.3529605059978342,-2.6375385352287704,0.0,-1.6476207921116433,0.50688,-0.06486486486486491
4.196485666,-1.3534278811470855,-2.643610237815528,0.0,-1.6482559933338243,0.5052599999999999,-0.052702702702702775
4.220473084,-1.3543698491932668,-2.6557466618166554,0.0,-1.6485800653984106,0.5076,-0.013513513513513464
4.244422481,-1.3553196596609915,-2.6679329383109276,0.0,-1.649358843577678,0.5090399999999999,-0.032432432432432455
4.256327751,-1.3558000045640797,-2.67403452816842,0.0,-1.6499408916329705,0.51156,-0.048648648648648804
4.280359493,-1.3567703684245387,-2.6862695684483744,0.0,-1.651141770253124,0.5110199999999999,-0.05000000000000013
4.304517435,-1.3577575171392566,-2.6985294255629264,0.0,-1.6515308384442355,0.51264,-0.01621621621621635
4.316567395,-1.3582562758696368,-2.7046937610170487,0.0,-1.6517104832995293,0.51174,-0.014864864864864786
4.340933256,-1.3592492363696962,-2.7169387449888824,0.0,-1.652034101080067,0.513,-0.013513513513513703
4.364419053,-1.3602381170789488,-2.7290846261683015,0.0,-1.652746818626061,0.50832,-0.02972972972972981
4.376262812,-1.3607368863999068,-2.7351572225711607,0.0,-1.6532324192779888,0.5086799999999999,-0.04054054054054039
4.400562318,-1.361749728622498,-2.7474157712835217,0.0,-1.6538193562028929,0.50976,-0.02432432432432428
4.424354577,-1.3627608308368737,-2.7595663521164204,0.0,-1.6538839089997501,0.5104799999999999,-0.0027027027027026447
4.436609227,-1.3632678619026233,-2.7656546717445347,0.0,-1.6539974796899108,0.50886,-0.009459459459459496
4.460531697,-1.3642845863859407,-2.7778465380343786,0.0,-1.655036046485468,0.5094,-0.04324324324324327
4.484280102,-1.3653114476576853,-2.7900074419800327,0.0,-1.6562671897667278,0.5090399999999999,-0.05135135135135145
4.496317718,-1.365833592373369,-2.7961015962779245,0.0,-1.657043841510022,0.51084,-0.06486486486486491
4.520310136,-1.3668918119531221,-2.808340724309124,0.0,-1.658664153504835,0.51228,-0.06756756756756756
4.54444865,-1.3679759273870717,-2.8206469798986804,0.0,-1.6596404389237782,0.513,-0.04054054054054063
4.556561215,-1.3685177210051886,-2.8267291765189637,0.0,-1.6601257206103006,0.5101199999999999,-0.04054054054054063
4.580347693,-1.3696144571725415,-2.8389739410266746,0.0,-1.6604825755516879,0.5121,-0.014864864864864786
4.604328445,-1.3707144410507264,-2.8512058386181467,0.0,-1.6605150523505945,0.5110199999999999,-0.0013513513513513224
4.616415593,-1.3712613469860082,-2.857285257526784,0.0,-1.6605150523505945,0.5101199999999999,0.0
4.640337593,-1.372344911298663,-2.869330183255524,0.0,-1.6607421147950183,0.50382,-0.009459459459459257
4.664923405,-1.37344564122518,-2.8815348674011165,0.0,-1.6610990760582118,0.5103,-0.014864864864865025
4.676412785,-1.3739976881174267,-2.8876315312231124,0.0,-1.6613417265670924,0.51138,-0.020270270270270074
4.700428953,-1.375099463336084,-2.899766467041393,0.0,-1.6623155859159102,0.5072399999999999,-0.04054054054054063
4.724331787,-1.3762192621449776,-2.9119679498580373,0.0,-1.6635801329288618,0.51066,-0.052702702702702775
4.736380862,-1.3767856035887147,-2.9180543064521545,0.0,-1.6641318605846371,0.5090399999999999,-0.04594594594594592
4.760554168,-1.3779356920159647,-2.930340589778632,0.0,-1.664687389405804,0.5103,-0.02297297297297296
4.776652674,-1.3786916835072407,-2.9383687095450366,0.0,-1.6652423904842288,0.5104799999999999,-0.0351351351351351
4.800412173,-1.379846765871861,-2.950562397751054,0.0,-1.666087197722424,0.5094,-0.0351351351351351
4.824330423,-1.3810018306082241,-2.962647149167341,0.0,-1.6669934177203396,0.50688,-0.037837837837837986
4.836432519,-1.3815889043025464,-2.9687311343199316,0.0,-1.6675783886585314,0.50832,-0.048648648648648804
4.86284893,-1.3828109158476674,-2.9813181127776134,0.0,-1.668778487263301,0.51264,-0.04864864864864856
4.884335532,-1.3839682408271095,-2.993091878196046,0.0,-1.6695349185335906,0.5072399999999999,-0.032432432432432455
4.896266219,-1.3845680143227637,-2.9991464824930576,0.0,-1.6696487463291922,0.50562,-0.009459459459459496
4.920523329,-1.3857488638093394,-3.011053127186927,0.0,-1.6671193004748,0.4986,0.1054054054054053
4.944763251,-1.3868797622432723,-3.022757486907572,0.0,-1.6619035038881738,0.49049999999999994,0.21756756756756745
4.956306016,-1.3874118346861999,-3.0285813910790425,0.0,-1.6586933085529887,0.48743999999999993,0.26756756756756733
4.980393384,-1.388411663541764,-3.039927089828349,0.0,-1.6483985718325633,0.4739399999999999,0.4283783783783783
5.004510387,-1.3892770894948405,-3.0510567681664003,0.0,-1.6354351737497317,0.46547999999999995,0.5405405405405405
5.01639623,-1.3896351810428091,-3.056588931905863,0.0,-1.6283119618375304,0.46169999999999994,0.593243243243243
5.040326669,-1.3902478338298938,-3.067229118281846,0.0,-1.6098971654722525,0.44423999999999997,0.7675675675675674
5.064723728,-1.390657232253142,-3.077694105122788,0.0,-1.5890623960428676,0.43542,0.8662162162162161
5.076210295,-1.390751404423553,-3.082849111129121,0.0,-1.578125013319029,0.43254,0.9175675675675675
5.100271829,-1.3908260079997155,-3.093028594214976,0.0,-1.5544898784931909,0.42371999999999993,0.9837837837837835
5.124384405,-1.3906625800350598,-3.1030499965581533,0.0,-1.5301007703637357,0.41706,1.0148648648648646
5.137376097,-1.390460758200493,-3.108006567389664,0.0,-1.51776212690307,0.41453999999999996,1.0310810810810809
5.160317771,-1.3899388869407938,-3.1178376177818237,0.0,-1.4924343045786848,0.41075999999999996,1.0567567567567566
5.184389983,-1.389164062788247,-3.1277051214223732,0.0,-1.4669719890450685,0.41183999999999993,1.0594594594594593
5.196668071,-1.3886436345335735,-3.1326996818157933,0.0,-1.4542300463816156,0.41273999999999994,1.0472972972972971
5.220429184,-1.387496651770781,-3.1424948223583566,0.0,-1.4314238020985122,0.41256,0.954054054054054
5.24437431,-1.3861230554259598,-3.1522865005227394,0.0,-1.409374383442914,0.41328,0.9216216216216215
5.256399426,-1.385325712649197,-3.157183017283236,0.0,-1.3986751953780234,0.41417999999999994,0.8932432432432432
5.280285436,-1.3835807943603362,-3.167220440808894,0.0,-1.381114584477975,0.42336,0.7297297297297297
5.304288636,-1.3816415996076898,-3.17732094855918,0.0,-1.3665378764962433,0.43001999999999996,0.6094594594594593
5.316708445,-1.3805874523269879,-3.1824098255826327,0.0,-1.360008161886119,0.43235999999999997,0.5432432432432431
5.340305649,-1.3783567207244392,-3.1928354344491843,0.0,-1.3509701175752207,0.44315999999999994,0.37567567567567556
5.364287911,-1.376015155862201,-3.2033151912237527,0.0,-1.3435648777482974,0.44873999999999997,0.3094594594594593
5.376380945,-1.3747981057875671,-3.2085786814214137,0.0,-1.340187726259037,0.44963999999999993,0.28108108108108104
5.400477896,-1.3722683562022515,-3.2193534117563702,0.0,-1.3361876508156647,0.4599,0.16621621621621624
5.424276561,-1.369673370307008,-3.2302106396721477,0.0,-1.333601028319753,0.46656,0.10810810810810795
5.436482096,-1.3683303978791772,-3.235765941697001,0.0,-1.3325270927723571,0.46745999999999993,0.08783783783783787
5.460277168,-1.3657012390693086,-3.2465907344329015,0.0,-1.3309855272123534,0.46871999999999997,0.06486486486486491
5.474392001,-1.3641351558934938,-3.2529955587228314,0.0,-1.3301535804011928,0.47123999999999994,0.05945945945945962
5.500240643,-1.3611616338824755,-3.2651126967140396,0.0,-1.3297660835173895,0.47861999999999993,0.014864864864864786
5.524592233,-1.3583968364501608,-3.276360447372085,0.0,-1.3303814164172585,0.4833,-0.025675675675675604
5.536347397,-1.357006214906003,-3.2820328301750292,0.0,-1.3307054852599598,0.48708,-0.027027027027027167
5.560222157,-1.354192941013491,-3.293524352467839,0.0,-1.331289829866099,0.49248,-0.02432432432432428
5.584241243,-1.35139409100219,-3.3049859500090975,0.0,-1.3318416068165297,0.49121999999999993,-0.02297297297297296
5.597237935,-1.349994408242039,-3.310731559331356,0.0,-1.3322163312304318,0.49049999999999994,-0.031081081081081135
5.620337528,-1.347145280533261,-3.3224461358515267,0.0,-1.333444695324322,0.504,-0.05135135135135121
5.644421198,-1.3443201217976515,-3.3341246141916816,0.0,-1.334093187415737,0.50076,-0.027027027027026928
5.656637149,-1.342915965588598,-3.3399455489554635,0.0,-1.3341743028935347,0.49878,-0.006756756756756852
5.680297688,-1.3401188868873801,-3.3515449764302905,0.0,-1.3335242385282464,0.49608,0.027027027027027167
5.704385629,-1.3373421145412259,-3.363027434335813,0.0,-1.331386362326929,0.49283999999999994,0.0891891891891892
5.716310014,-1.335947677141525,-3.3687402012415704,0.0,-1.329771591953152,0.49211999999999995,0.13513513513513511
5.740378006,-1.33317544811117,-3.380018453141202,0.0,-1.3221699100376632,0.48311999999999994,0.31621621621621615
5.764386883,-1.3303727587607506,-3.391057909396315,0.0,-1.312121578596551,0.47484,0.4189189189189188
5.776349446,-1.32892613899002,-3.396525042218664,0.0,-1.3064227485461593,0.47069999999999995,0.4743243243243242
5.800405771,-1.326069132795234,-3.407078789822904,0.0,-1.2909020727838842,0.45504,0.6459459459459458
5.824354595,-1.323115832315044,-3.4173532893033194,0.0,-1.2726892846144344,0.44658000000000003,0.7608108108108108
5.836251324,-1.3215597061064073,-3.4224177596259864,0.0,-1.2629641263354237,0.44171999999999995,0.8108108108108107
5.860544319,-1.3184158792988132,-3.43230590662092,0.0,-1.2401108356229193,0.42948,0.9459459459459458
5.884348297,-1.3151242273798158,-3.441894425620617,0.0,-1.2169975339849137,0.42497999999999997,0.9689189189189188
5.896539926,-1.3133643922125253,-3.4466592432491603,0.0,-1.2051304434890588,0.42282000000000003,0.9878378378378377
5.920616096,-1.309723580610519,-3.4561681248098535,0.0,-1.181142946301113,0.4239,0.9986486486486486
5.944414344,-1.305879848866485,-3.4655282459432715,0.0,-1.1567521444331896,0.42102,1.0148648648648646
5.956298573,-1.3038485492445204,-3.47015063664248,0.0,-1.144517715344397,0.4199399999999999,1.0175675675675673
5.980399482,-1.29973917305824,-3.4791996434105217,0.0,-1.119991562282555,0.41562,1.0256756756756755
6.004447318,-1.2953907103777533,-3.488183179472568,0.0,-1.0962270357607244,0.4154399999999999,0.989189189189189
6.016587904,-1.2931062142760292,-3.4926300809926234,0.0,-1.0844828104133533,0.41706,0.9797297297297297
6.04054553,-1.288390328364029,-3.5015504967758546,0.0,-1.061958222240852,0.42012,0.9378378378378379
6.06428331,-1.283481271671631,-3.5103507030773944,0.0,-1.0400052381011213,0.4199399999999999,0.914864864864865
6.076313478,-1.2809194112997957,-3.5147151782079957,0.0,-1.0291011888721378,0.4221,0.9094594594594594
6.100280739,-1.275724049512523,-3.5233491307824676,0.0,-1.0078570676299186,0.42047999999999996,0.8864864864864864
6.124387586,-1.2703513659450025,-3.531862987373184,0.0,-0.9869904377458645,0.4192199999999999,0.8689189189189187
6.136721457,-1.2675036357918459,-3.5361736699992283,0.0,-0.9763274309891067,0.41903999999999997,0.8648648648648648
6.160464705,-1.2619011731339258,-3.544460755128319,0.0,-0.9564530431706877,0.42102,0.8364864864864863
6.184460456,-1.2560674333931652,-3.5527308298372415,0.0,-0.9366011111605466,0.423,0.8297297297297297
6.196874953,-1.2529485844013306,-3.556970931772556,0.0,-0.9265920127853825,0.42425999999999997,0.8067567567567565
6.220406375,-1.2468506001522945,-3.56508967710955,0.0,-0.9092409963025907,0.4301999999999999,0.735135135135135
6.244232645,-1.2404812865282442,-3.5732701457215796,0.0,-0.8912490958585599,0.43217999999999995,0.7499999999999998
6.256457868,-1.237196963614991,-3.577335340524514,0.0,-0.8824318020212921,0.4309199999999999,0.727027027027027
6.280383983,-1.230596550150973,-3.58535927858074,0.0,-0.8674003547395778,0.43434,0.6283783783783783
6.304711198,-1.2238184074326912,-3.5933513318835257,0.0,-0.8536081982107979,0.4373999999999999,0.5756756756756756
6.316775064,-1.2203451862347812,-3.597333903123839,0.0,-0.846798436493278,0.43938,0.5662162162162163
6.340456853,-1.2132926482019892,-3.6053103886942375,0.0,-0.834981565971423,0.4444199999999999,0.4932432432432432
6.364638753,-1.2060636193584424,-3.6132943480252298,0.0,-0.8238666773935726,0.44784,0.4621621621621621
6.37671012,-1.202417408644966,-3.6172324603789074,0.0,-0.818397319104013,0.44819999999999993,0.4567567567567568
6.400576807,-1.1949699903108792,-3.6251883597757772,0.0,-0.8087224014189949,0.45359999999999995,0.4027027027027027
6.424561413,-1.1874448906530086,-3.6330729437538705,0.0,-0.7992348307981181,0.45485999999999993,0.39594594594594584
6.436359546,-1.183641201973289,-3.6369833769850475,0.0,-0.7945472873028385,0.45449999999999996,0.39054054054054055
6.460571707,-1.1758772350294049,-3.644890726747955,0.0,-0.7853032448289717,0.46169999999999994,0.38513513513513503
6.484287871,-1.168028493567949,-3.6527379783682123,0.0,-0.7764555497231861,0.46277999999999997,0.3689189189189189
6.496526011,-1.164065465090115,-3.656630753556027,0.0,-0.7720852102264693,0.46205999999999997,0.3635135135135134
6.520323791,-1.1561073367116774,-3.6643797612133406,0.0,-0.7639211111260003,0.46332,0.34054054054054067
6.54434423,-1.1481032529270576,-3.6720472148104113,0.0,-0.755966663469939,0.46134,0.3310810810810809
6.55631596,-1.1440688699710384,-3.675850846605439,0.0,-0.7520762908585589,0.46224,0.32432432432432406
6.580683592,-1.1358918672793301,-3.6835002872946148,0.0,-0.7445816672619591,0.46637999999999996,0.3121621621621619
6.604629707,-1.12760468067657,-3.6911371488624303,0.0,-0.7370858451287083,0.46728,0.31081081081081086
6.616437633,-1.123481120999233,-3.6948803510618995,0.0,-0.7333608061363228,0.46871999999999997,0.31351351351351353
6.640326195,-1.1152055415465467,-3.702336550582294,0.0,-0.7240905940015288,0.46277999999999997,0.38513513513513503
6.664469657,-1.1070232091696075,-3.7095724430062895,0.0,-0.7130510527827929,0.45593999999999996,0.46081081081081054
6.676848684,-1.1029168965934306,-3.713123778278757,0.0,-0.7069001111917904,0.45324,0.5135135135135135
6.700397763,-1.09479029042537,-3.720065142643988,0.0,-0.6921230127165123,0.4456799999999999,0.6162162162162161
6.724224137,-1.0866916308283048,-3.7267782150536224,0.0,-0.6753947429848401,0.43848,0.6972972972972972
6.736422693,-1.0825919526153238,-3.7300623557363135,0.0,-0.6665841880164911,0.43667999999999996,0.7324324324324323
6.760260317,-1.0744980781729225,-3.7364298824796713,0.0,-0.6469069510986336,0.4293,0.8202702702702702
6.786266149,-1.0659355685201244,-3.7428974480849377,0.0,-0.624601140324932,0.4251599999999999,0.8837837837837837
6.798380693,-1.061695513303116,-3.7459540111754,0.0,-0.6133322410774773,0.42371999999999993,0.9135135135135134
6.820231884,-1.053940833703299,-3.7514124561567845,0.0,-0.5927312391317705,0.423,0.9189189189189189
6.844547432,-1.0455510234460927,-3.7570631491573785,0.0,-0.5698841305485778,0.42119999999999996,0.9513513513513513
6.856395514,-1.0413202595190272,-3.7597742442186064,0.0,-0.5584647923995808,0.4192199999999999,0.9527027027027026
6.880404807,-1.03282610332684,-3.765081502962272,0.0,-0.5353705813238228,0.41669999999999996,0.9608108108108109
6.904954525,-1.0242834589666059,-3.770148607921177,0.0,-0.5123918888824526,0.41472,0.9594594594594594
6.91634885,-1.0199474335298988,-3.7725876360915604,0.0,-0.5008835465003805,0.41418,0.9581081081081081
6.940506375,-1.0112019886643029,-3.7773753323489636,0.0,-0.47851268740581565,0.41435999999999995,0.9297297297297294
6.964576867,-1.0023985202802717,-3.7819418840030474,0.0,-0.45667131441327546,0.41418,0.9121621621621621
6.976530576,-0.9979580281683484,-3.7841235413098686,0.0,-0.4458762975445772,0.4131,0.9013513513513512
7.0005219,-0.9889625585493241,-3.788423188786139,0.0,-0.42429013649816266,0.41382,0.8959459459459459
7.024380463,-0.9799212775690596,-3.7925073900169237,0.0,-0.4033654072282551,0.41453999999999996,0.8743243243243243
7.036309796,-0.9753438466963691,-3.794460881303531,0.0,-0.393045905583397,0.4158,0.8621621621621621
7.060406799,-0.9661493873169046,-3.798273087593804,0.0,-0.3723826699448032,0.414,0.8594594594594592
7.084255674,-0.9568826017262564,-3.80189275720831,0.0,-0.35178874967526985,0.41453999999999996,0.8581081081081079
7.096558762,-0.9522146246007084,-3.8036061704889694,0.0,-0.34163403973041323,0.4149,0.8472972972972971
7.120277635,-0.9427673587743501,-3.8069653957313165,0.0,-0.32237746082103547,0.41795999999999994,0.8027027027027025
7.144548338,-0.9332509986339839,-3.810144145905918,0.0,-0.3032865970003705,0.41759999999999997,0.7945945945945944
7.156357045,-0.9284828348197179,-3.8116362999311924,0.0,-0.29382021180336926,0.41652,0.789189189189189
7.180313681,-0.9189359287269673,-3.814524983277387,0.0,-0.275981771088714,0.41634,0.7445945945945944
7.204852513,-0.9092077695951735,-3.817280083913329,0.0,-0.25877018404628904,0.4199399999999999,0.7148648648648649
7.216546843,-0.9043383562521885,-3.818569042580145,0.0,-0.25038091728472045,0.4219199999999999,0.7027027027027027
7.240428687,-0.8953274726485643,-3.8208735554593747,0.0,-0.22847070801558325,0.38664,0.9108108108108106
7.264672359,-0.8870347828893228,-3.8228018612927896,0.0,-0.20275416417357442,0.35478,1.0716216216216214
7.27637273,-0.8830181355408272,-3.823627599561756,0.0,-0.18902302636948812,0.34182,1.1445945945945946
7.300411764,-0.8749587604762417,-3.8251694137718157,0.0,-0.16353880661219966,0.34199999999999997,1.062162162162162
7.32461632,-0.8667208690213842,-3.826528768997212,0.0,-0.14037709891451788,0.3483,0.9662162162162161
7.33635664,-0.8625732217010004,-3.827114858536438,0.0,-0.12900787087366927,0.34902,0.9472972972972971
7.360294579,-0.8543632431356429,-3.8281799256053275,0.0,-0.10651596215587268,0.34469999999999995,0.9364864864864861
7.384494396,-0.8462362162332038,-3.829048872439248,0.0,-0.0840524094618096,0.34074,0.9364864864864864
7.398445476,-0.8414976869304708,-3.8294480978377465,0.0,-0.07135887028053879,0.34019999999999995,0.908108108108108
7.42031,-0.8339451651044445,-3.829987953905843,0.0,-0.05227169872597905,0.3441599999999999,0.8675675675675675
7.444362783,-0.8256571456928699,-3.8304215777660824,0.0,-0.032064746953130115,0.34578,0.8418918918918918
7.45639118,-0.8214999628770697,-3.8305549224836097,0.0,-0.022078230361463298,0.34614,0.8310810810810809
7.480222086,-0.8131518772518698,-3.830739263394312,0.0,-0.0020684723400896804,0.3479399999999999,0.8337837837837836
7.504361902,-0.8048266179576586,-3.830756483987446,0.0,0.01852769840751954,0.34685999999999995,0.858108108108108
7.516251443,-0.800610709542673,-3.830678363968716,0.0,0.028852554160418084,0.351,0.8594594594594592
7.540493396,-0.7922568621867829,-3.8304372672297946,0.0,0.04976678270285583,0.34775999999999996,0.8702702702702702
7.564361281,-0.7839505388197615,-3.8300235466248735,0.0,0.07081626223895875,0.34758,0.8797297297297295
7.576497961,-0.779770690672364,-3.8297270495979996,0.0,0.0813675570039103,0.34884,0.8783783783783782
7.600388294,-0.7714545266072287,-3.8290488863495757,0.0,0.10302843327802201,0.34668,0.9
7.624411077,-0.7629361782310867,-3.828168135707041,0.0,0.12346599574369542,0.3573,0.8527027027027027
7.637723242,-0.7585800892315424,-3.827627557212745,0.0,0.13360448968111394,0.35982000000000003,0.831081081081081
7.660409444,-0.7499407513776402,-3.826466385618985,0.0,0.15323098790346498,0.36611999999999995,0.8243243243243242
7.684337383,-0.7412415318775815,-3.825122863946632,0.0,0.17325047791349352,0.36719999999999997,0.8351351351351348
7.696394217,-0.7368980742598259,-3.8243627373251163,0.0,0.18341146922134974,0.36828,0.8486486486486484
7.720237623,-0.7284500174119279,-3.8227956551790463,0.0,0.20610374330208936,0.35766,0.9445945945945944
7.744367804,-0.7200480137452718,-3.8210390269213446,0.0,0.22920680776180768,0.35747999999999996,0.962162162162162
7.756506463,-0.7158716483653296,-3.820064652311745,0.0,0.2407585822764937,0.35819999999999996,0.9648648648648647
7.780804302,-0.7075391367163685,-3.8180188468600122,0.0,0.26489363156805235,0.35694,1.004054054054054
7.804561404,-0.6991252348522963,-3.815736421538691,0.0,0.287877422300776,0.36342,0.9581081081081081
7.816337766,-0.6949174404784285,-3.8144904824625736,0.0,0.2992587027229896,0.3663,0.9499999999999997
7.840473468,-0.686682727842436,-3.8119498742975835,0.0,0.3243972413155611,0.35856,1.045945945945946
7.865071936,-0.6784352353572782,-3.8091764347399746,0.0,0.3499083111932842,0.3609,1.0581081081081078
7.876855069,-0.6743562831657276,-3.8076879247742483,0.0,0.36229655022901364,0.36234,1.0337837837837838
7.900443367,-0.6663165985856704,-3.8046406668602257,0.0,0.3879478015322015,0.35963999999999996,1.072972972972973
7.924346618,-0.6584181698389929,-3.801412910897922,0.0,0.4149297320071761,0.3564,1.1270270270270268
7.936349181,-0.6544751576015149,-3.7996759950155017,0.0,0.42823570988007953,0.35838,1.1067567567567567
7.960474778,-0.6467470360413341,-3.7961482051393807,0.0,0.45687740482534395,0.35352,1.1918918918918917
7.984379174,-0.6391695801043418,-3.7924233879575944,0.0,0.4857378723365948,0.35225999999999996,1.2040540540540539
7.998152544,-0.6354011565755535,-3.7904339398909617,0.0,0.5001942166317925,0.35532,1.2054054054054053
8.020354728,-0.6279803492072242,-3.7863780627720187,0.0,0.5306408323664108,0.35208,1.2675675675675675
8.044294594,-0.6210569070760623,-3.782315538100241,0.0,0.5652998468878344,0.33552,1.4486486486486483
8.056382888,-0.6175535348258082,-3.780093148502198,0.0,0.5824365518095598,0.34254,1.4148648648648645
8.080427963,-0.610871369606126,-3.7756918972473006,0.0,0.6188027084391714,0.3339,1.5175675675675675
8.104543716,-0.6041836449632725,-3.7709295482050282,0.0,0.6541768975066966,0.34218,1.474324324324324
8.116517321,-0.6010238729204521,-3.768506583803522,0.0,0.6728583518430135,0.33209999999999995,1.558108108108108
8.140654897,-0.5947105264166659,-3.7634753694414913,0.0,0.7124245877719297,0.3339,1.636486486486486
8.168017102,-0.5881093292633064,-3.7577735634478486,0.0,0.7593789837362643,0.32058,1.7256756756756753
8.180463421,-0.5852074694245286,-3.7550189145481805,0.0,0.781715202544414,0.3159,1.7635135135135134
8.204457767,-0.5798687027133289,-3.749719328650333,0.0,0.8245093012696096,0.31356,1.7837837837837835
8.2142978,-0.5778084767784687,-3.7474912985723194,0.0,0.8424741573142803,0.30816,1.8243243243243241
8.234225682,-0.5736153394442355,-3.742789947487206,0.0,0.877938189268344,0.31518,1.774324324324324
8.254226013,-0.5695768935746491,-3.737925244003009,0.0,0.9134364803612933,0.31554,1.7716216216216212
8.276392937,-0.565382428861534,-3.7324911769355085,0.0,0.9535998233784633,0.30995999999999996,1.8135135135135132
8.300328584,-0.5611762491408152,-3.7265643515220153,0.0,0.996984671148335,0.30402,1.8148648648648646
8.31423482,-0.5588295166098939,-3.722933658478784,0.0,1.0218924663069324,0.3096,1.7837837837837833
8.334382705,-0.5557131446051937,-3.7178382007550046,0.0,1.0591521094492244,0.29807999999999996,1.8594594594594591
8.354281108,-0.552728661518987,-3.712523187143447,0.0,1.0946257387176623,0.3058199999999999,1.7797297297297294
8.376946893,-0.5496941796544071,-3.706639594083116,0.0,1.1351861111733632,0.29952,1.8351351351351348
8.400730714,-0.5466339423731826,-3.7000645024527103,0.0,1.1796261100062775,0.29772,1.8243243243243241
8.424189843,-0.544000616358309,-3.6936794979597587,0.0,1.2233584232139612,0.29195999999999994,1.8486486486486484
8.436891114,-0.542781954484015,-3.690314215991175,0.0,1.244854773270371,0.29879999999999995,1.7945945945945943
8.460484933,-0.5404887022502933,-3.683529376631366,0.0,1.28739553131309,0.29825999999999997,1.7716216216216212
8.484576363,-0.5385308943892989,-3.6768070574276006,0.0,1.3304088900736084,0.29124,1.789189189189189
8.496647157,-0.5376860977008857,-3.673360699511234,0.0,1.3511967967203398,0.29663999999999996,1.7378378378378374
8.520616918,-0.536064787830508,-3.666096732666608,0.0,1.3892055832568906,0.3096,1.5810810810810807
8.544214435,-0.5347169240556096,-3.658755963425479,0.0,1.4240031534467996,0.31157999999999997,1.4527027027027024
8.556515075,-0.5341879696116958,-3.6551784835076635,0.0,1.4416927384881528,0.30167999999999995,1.4756756756756755
8.580437961,-0.5332134751880211,-3.647672307999924,0.0,1.4718112751151247,0.31482,1.2527027027027025
8.604315221,-0.5324917463368648,-3.640404845674694,0.0,1.5018682862168287,0.30438,1.2527027027027025
8.616364452,-0.5322303217652355,-3.6366181367772703,0.0,1.5156139962289026,0.31643999999999994,1.1459459459459458
8.640285255,-0.5318295025865838,-3.629361968933491,0.0,1.5446166382160649,0.30204,1.2054054054054053
8.666396296,-0.5316267978599,-3.621620913714308,0.0,1.5723004246598244,0.30995999999999996,1.1081081081081081
8.676523729,-0.5316319893799044,-3.618169332397295,0.0,1.584138234132292,0.31482,1.0797297297297297
8.700602607,-0.5317359891933297,-3.6103748214745632,0.0,1.608557953274181,0.32310000000000005,1.0121621621621621
8.724199238,-0.5320252238951689,-3.6027189750884183,0.0,1.633162229982839,0.32148,1.0324324324324323
8.736497899,-0.5322630354818587,-3.5989107534258884,0.0,1.6459372129507366,0.31644,1.0594594594594593
8.760320263,-0.5328256762053395,-3.591437040579059,0.0,1.6717077031847036,0.31283999999999995,1.0756756756756756
8.784314296,-0.5336114085587333,-3.5836771278338384,0.0,1.69671949362782,0.32489999999999997,1.0418918918918918
8.7962929,-0.5341013263301909,-3.5798071048800217,0.0,1.7091733873408637,0.32508,1.0378378378378375
8.820212609,-0.5351894929944134,-3.5719935822055837,0.0,1.7342318785064301,0.32886,1.0445945945945945
8.844346956,-0.53648232597887,-3.5641537860950865,0.0,1.7600941818020839,0.33047999999999994,1.0756756756756756
8.856392801,-0.5372192352128952,-3.560307540301147,0.0,1.7735614904393435,0.32616,1.1216216216216215
8.880609806,-0.5388120717701261,-3.5525599207346956,0.0,1.7995390182123951,0.32958000000000004,1.0824324324324321
8.904280136,-0.5405869162673121,-3.5449365917673052,0.0,1.8261729999686573,0.32724,1.1135135135135137
8.91633494,-0.5415789742837592,-3.54113672539353,0.0,1.84004482922064,0.32633999999999996,1.1527027027027026
8.945222947,-0.5441603559786804,-3.5317821729236143,0.0,1.8689744725938715,0.34631999999999996,1.0324324324324323
8.956666128,-0.5453809729213467,-3.5278106357620334,0.0,1.881393219542114,0.34631999999999996,1.0351351351351348
8.98033177,-0.5478675471566796,-3.5200639551865276,0.0,1.9083854703196954,0.3393,1.1256756756756756
9.004620026,-0.5505001228707176,-3.512564309058589,0.0,1.936986317718601,0.33047999999999994,1.189189189189189
9.016450191,-0.5519329004777064,-3.5088281205101666,0.0,1.9510271599681865,0.3339,1.171621621621621
9.040296149,-0.5550846797698629,-3.500942371650176,0.0,1.9763610291032399,0.35423999999999994,1.0567567567567566
9.065770046,-0.5584040231479801,-3.4932116091020626,0.0,2.0030498745186187,0.34974,1.1094594594594593
9.076430663,-0.5601422475979072,-3.489443929035362,0.0,2.017010756653955,0.3438,1.1567567567567567
9.100390842,-0.5636783660213065,-3.4820522946733563,0.0,2.0450842801496045,0.34235999999999994,1.1729729729729728
9.124411906,-0.5676414170315972,-3.4743326480680334,0.0,2.070579116299593,0.36197999999999997,1.0635135135135134
9.136479574,-0.5697048012087135,-3.470553697963029,0.0,2.0836091410987287,0.35945999999999995,1.0878378378378377
9.160379908,-0.5737640645812621,-3.463344374199399,0.0,2.1130863684772643,0.34325999999999995,1.2229729729729728
9.184235084,-0.5781166861006838,-3.456120667200074,0.0,2.140803291881648,0.3528,1.1594594594594594
9.196251763,-0.5804619693769357,-3.452461755518577,0.0,2.153870629510602,0.36269999999999997,1.0905405405405404
9.220435694,-0.5850683224046375,-3.4454778960410777,0.0,2.1826689815716898,0.34704,1.1945945945945944
9.24430936,-0.5897316719704297,-3.4388322020201145,0.0,2.211869791604608,0.34002,1.2229729729729728
9.256363695,-0.5922190983959419,-3.43549880509927,0.0,2.226225235224002,0.3465,1.195945945945946
9.280384812,-0.5975713688369412,-3.4285370120955556,0.0,2.2531034980789095,0.36467999999999995,1.116216216216216
9.304349469,-0.6028436542453475,-3.4220479210233488,0.0,2.2824348828794805,0.34937999999999997,1.2256756756756755
9.316237343,-0.6055549635692384,-3.418903943083869,0.0,2.2974693265027875,0.34704,1.2567567567567564
9.340261168,-0.6110436603031868,-3.4127295405000906,0.0,2.328903227129724,0.34307999999999994,1.3054054054054052
9.364356556,-0.6167515670063894,-3.406701258849407,0.0,2.3602606160127615,0.34632,1.3081081081081078
9.376405995,-0.6197337633765998,-3.4037432163708745,0.0,2.375647722276734,0.35082,1.285135135135135
9.400524248,-0.625755599567736,-3.397951226278388,0.0,2.408343691007753,0.3474,1.3594594594594591
9.424289059,-0.6319679185379126,-3.392355258839476,0.0,2.441479990501899,0.34847999999999996,1.3810810810810807
9.436494906,-0.6352080945395825,-3.389625472151789,0.0,2.4579874279243605,0.351,1.3675675675675676
9.460746286,-0.6418243771456232,-3.3842355728491906,0.0,2.4915282196807547,0.35585999999999995,1.3986486486486487
9.484490159,-0.6483022100588095,-3.3793104371320033,0.0,2.5285716178161644,0.34019999999999995,1.5486486486486484
9.496330272,-0.6515599041600145,-3.3770188931210976,0.0,2.5479389663195726,0.33209999999999995,1.6148648648648645
9.520572069,-0.658447324905157,-3.3723708462978497,0.0,2.586235869465862,0.34128,1.572972972972973
9.544497298,-0.6653344556040954,-3.368097381981849,0.0,2.624472614449639,0.34002,1.604054054054054
9.556623613,-0.6688570460020905,-3.3660939297399146,0.0,2.6435459996109736,0.33966,1.5986486486486484
9.580235349,-0.6757404698236955,-3.3623509381112098,0.0,2.683987069342829,0.32832,1.6945945945945944
9.60430006,-0.6828366669683852,-3.358856273014399,0.0,2.724724691835855,0.32904,1.6945945945945942
9.616330175,-0.6863824175013434,-3.357286139757767,0.0,2.7455150187533612,0.32364,1.735135135135135
9.640365355,-0.6934088451530216,-3.3543478468922445,0.0,2.788479321280301,0.31716,1.789189189189189
9.667028591,-0.7004574282949014,-3.3517500162175273,0.0,2.8320411020552236,0.3132,1.8162162162162159
9.676515546,-0.7040496100362744,-3.350601117550763,0.0,2.85408494558231,0.31211999999999995,1.8243243243243241
9.70026718,-0.7111039853260217,-3.3485151347774242,0.0,2.8985963204940455,0.30798,1.863513513513513
9.714155655,-0.7151796917014396,-3.3475047882999958,0.0,2.9255553708401245,0.30078,1.9310810810810808
9.734383645,-0.7209873392086644,-3.346230229153912,0.0,2.964516136343685,0.29718,1.947297297297297
9.76038255,-0.7284706825622188,-3.3448910785855324,0.0,3.0162148886953966,0.29052,1.9756756756756755
9.784329759,-0.7353720745372228,-3.3440212348407887,0.0,3.0631438350873403,0.29124,1.9648648648648646
9.796902643,-0.7389898118264773,-3.3437368439842694,0.0,3.0859066833227993,0.30204,1.8945945945945943
9.820668182,-0.7457628896740259,-3.3433592882342915,0.0,3.134499011703691,0.28259999999999996,2.0243243243243243
9.84435268,-0.7527566193772118,-3.343309676388174,0.0,-3.1020856997954507,0.29124,1.9405405405405403
9.856615767,-0.7563627214967281,-3.3434522166646308,0.0,-3.0796373301764373,0.30023999999999995,1.8675675675675674
9.880498601,-0.7631068996990323,-3.3438705898465453,0.0,-3.0307361144169516,0.27971999999999997,2.0243243243243243
9.904365392,-0.7699757195192161,-3.344635178061138,0.0,-2.984257400891634,0.29016,1.951351351351351
9.916370663,-0.773537246495718,-3.3452002017913074,0.0,-2.9618564205092905,0.30042,1.866216216216216
9.940362821,-0.780122284440566,-3.346396683701437,0.0,-2.9136844698339512,0.27899999999999997,2.008108108108108
9.965189417,-0.7869851343450937,-3.347988438992721,0.0,-2.868071211884539,0.29304,1.8972972972972968
9.976958696,-0.7904997477845639,-3.348974474395943,0.0,-2.8452753752167705,0.29753999999999997,1.858108108108108
10.000676683,-0.7967614110947424,-3.350886195931814,0.0,-2.797473924113658,0.27522,2.009459459459459
10.024346024,-0.8034826309538052,-3.353294931723301,0.0,-2.753887861050826,0.29862,1.8229729729729724
10.036607966,-0.8067570076704657,-3.354632103414395,0.0,-2.731784549164159,0.2943,1.839189189189189
10.060367724,-0.8132328932638179,-3.3574452480499155,0.0,-2.690122321378906,0.29267999999999994,1.7270270270270267
10.084367643,-0.8193387295663127,-3.3604057835459837,0.0,-2.6516400213680225,0.28403999999999996,1.6108108108108106
10.096553594,-0.8223659909298128,-3.3620203046878614,0.0,-2.633735871204207,0.28691999999999995,1.497297297297297
10.120320332,-0.8283197370168092,-3.3653338518819145,0.0,-2.602328937329501,0.2835,1.3067567567567568
10.144441241,-0.8342356036537095,-3.3688740793528686,0.0,-2.5734441739984657,0.28674,1.2013513513513512
10.156696881,-0.8371604057051361,-3.3707411543665953,0.0,-2.559499563931153,0.28817999999999994,1.1581081081081077
10.180338617,-0.84285186726585,-3.3744870700454537,0.0,-2.5330189149624953,0.28512,1.108108108108108
10.204193585,-0.8484707090860701,-3.378402267803077,0.0,-2.5076684170981007,0.28547999999999996,1.0567567567567566
10.216382349,-0.8511164054724006,-3.3803472313936713,0.0,-2.49403752882935,0.27377999999999997,1.1364864864864863
10.240362631,-0.8566682735383808,-3.384546407643869,0.0,-2.4700876531266243,0.28908,0.9945945945945946
10.264409529,-0.8621376147463335,-3.388892929965091,0.0,-2.4465295039821604,0.29214,0.985135135135135
10.276508604,-0.864789723275704,-3.391104480734197,0.0,-2.433860876320521,0.28584,1.0486486486486486
10.300355291,-0.8699499175111909,-3.395519503553658,0.0,-2.4075451082977377,0.28422,1.1013513513513513
10.324371772,-0.8752617898698529,-3.4003120511548004,0.0,-2.3828529124827167,0.29718,1.0256756756756755
10.336353814,-0.8778680882812108,-3.4027829669728042,0.0,-2.3705707033440984,0.29952,1.024324324324324
10.360278054,-0.8831339779101408,-3.407899585172417,0.0,-2.345798059301129,0.306,1.0324324324324323
10.384385578,-0.8881347618609253,-3.41300544594238,0.0,-2.318257684854556,0.29807999999999996,1.1486486486486485
10.396728042,-0.8905853370081888,-3.4156493833937085,0.0,-2.304031394834764,0.29825999999999997,1.1770270270270269
10.420632334,-0.8955467249396594,-3.42115738284191,0.0,-2.276705838749846,0.30978,1.1418918918918917
10.444476833,-0.9004559745903232,-3.4269164317130425,0.0,-2.2499034803158486,0.31554,1.1175675675675674
10.456442833,-0.9028523144366745,-3.429885190639466,0.0,-2.236417804104574,0.3176999999999999,1.122972972972973
10.480377229,-0.9073169835464853,-3.4355715662240427,0.0,-2.2046832499169096,0.30078,1.32027027027027
10.504394908,-0.9117969511578385,-3.441666056090079,0.0,-2.1750739969614568,0.31518,1.2337837837837835
10.516352992,-0.9139730734823596,-3.4448178691676943,0.0,-2.160704939963379,0.32021999999999995,1.2013513513513512
10.540334316,-0.9180041786933492,-3.450839627335208,0.0,-2.1273486203941143,0.3015,1.3878378378378375
10.564799084,-0.9220498409844569,-3.457342266270249,0.0,-2.0965241266766252,0.31895999999999997,1.2837837837837835
10.576313411,-0.9239925777570764,-3.460690701291401,0.0,-2.081685450481727,0.32364,1.2405405405405403
10.600373539,-0.9275971479943688,-3.4671213865858808,0.0,-2.0475692657702758,0.3069,1.42027027027027
10.624391009,-0.9311911726750826,-3.474079592491495,0.0,-2.016759179300889,0.32598,1.2824324324324325
10.636354509,-0.9328208183878464,-3.477488283106844,0.0,-2.000153709313677,0.31607999999999997,1.389189189189189
10.660332187,-0.9360116787996041,-3.484457609115004,0.0,-1.9660670901169774,0.31968,1.4216216216216213
10.684378877,-0.938932592682434,-3.491458342578178,0.0,-1.9301452332754516,0.3159,1.4959459459459457
10.696415243,-0.9402746348994611,-3.4950308371502206,0.0,-1.912169686412822,0.31788,1.4972972972972969
10.720331253,-0.9427708216407018,-3.502056751366396,0.0,-1.874180501749718,0.31032,1.581081081081081
10.74451383,-0.9449924447371968,-3.509153496957454,0.0,-1.835619881879976,0.3096,1.605405405405405
10.756414465,-0.9459478961410029,-3.5126766371862206,0.0,-1.8161506029902321,0.3058199999999999,1.631081081081081
10.780295423,-0.947754913131573,-3.519893183891755,0.0,-1.776766452162972,0.31013999999999997,1.6418918918918914
10.800503049,-0.9490192758602389,-3.525944703780843,0.0,-1.7426217883522364,0.3078,1.6999999999999997
10.814580172,-0.9497632727030512,-3.530231964037561,0.0,-1.718733893747581,0.30942,1.6986486486486485
10.834291385,-0.9506653715537638,-3.536285249072874,0.0,-1.6849289177739857,0.30923999999999996,1.708108108108108
10.854320831,-0.9513692672795501,-3.5424257974365414,0.0,-1.6506411132477277,0.30888,1.713513513513513
10.884738547,-0.9520900858371395,-3.5514343520717566,0.0,-1.596712779887921,0.30006,1.7905405405405403
10.896859966,-0.9521875404919771,-3.555193849354444,0.0,-1.5750867868294431,0.30455999999999994,1.751351351351351
10.920550192,-0.9522185569758956,-3.5624229794129953,0.0,-1.5334292674889394,0.3051,1.7581081081081078
10.944537141,-0.9519506882029541,-3.569588223119848,0.0,-1.490791731156518,0.29952,1.7810810810810809
10.956393973,-0.9516608059897049,-3.5732038087049216,0.0,-1.4701219228976452,0.3033,1.7283783783783782
10.980413423,-0.950911851816968,-3.5806180285250893,0.0,-1.4312301402659082,0.30942,1.6148648648648645
11.004601989,-0.9498738594876786,-3.5880069527287626,0.0,-1.3946409430555473,0.3114,1.527027027027027
11.016336684,-0.9492244988015209,-3.5916550390186086,0.0,-1.3767877410089662,0.30851999999999996,1.4864864864864862
11.040369311,-0.9477751690712559,-3.599031516701567,0.0,-1.3462834643853776,0.31338,1.2716216216216214
11.064419386,-0.9461956839930666,-3.605948077870918,0.0,-1.3134563963658064,0.29555999999999993,1.3675675675675674
11.07643221,-0.9452663559506473,-3.6094792917736784,0.0,-1.298280873381115,0.30402,1.2635135135135134
11.100229209,-0.9432675423416357,-3.6166314970887394,0.0,-1.2704207113162889,0.31013999999999997,1.1635135135135133
11.124828406,-0.9411518359512571,-3.623461912070031,0.0,-1.240539002307683,0.29717999999999994,1.2418918918918915
11.136305337,-0.9399942960463515,-3.626838510698051,0.0,-1.225561249145299,0.2979,1.2499999999999998
11.160355308,-0.937471853778092,-3.6338523475471445,0.0,-1.1985871948602929,0.31067999999999996,1.1243243243243242
11.18453278,-0.934742504249448,-3.6408433872242187,0.0,-1.1722633866542063,0.31283999999999995,1.0972972972972972
11.19639555,-0.933276960004963,-3.6443239526738314,0.0,-1.1590258381353902,0.31536,1.1054054054054052
11.220408593,-0.9302357187955089,-3.6512874933215906,0.0,-1.1327412916698998,0.31643999999999994,1.0945945945945943
11.244368251,-0.9269526965044935,-3.6582964079178613,0.0,-1.107467967644252,0.32238,1.0527027027027025
11.256789205,-0.9251968843738513,-3.6618108366837143,0.0,-1.0950732764862587,0.32724,1.0324324324324323
11.280576672,-0.9214724724458645,-3.66904008326374,0.0,-1.0700292940577736,0.33876,1.043243243243243
11.304529975,-0.9175745962691388,-3.676162108308227,0.0,-1.044313832764997,0.33876,1.072972972972973
11.316321025,-0.9155643470887321,-3.679620889232907,0.0,-1.030783086098834,0.33282,1.1256756756756756
11.340378287,-0.9114880433692842,-3.6864209891459083,0.0,-1.0028549602405386,0.3303,1.1635135135135133
11.364342736,-0.9072133280918134,-3.6931204560846043,0.0,-0.9750036886111937,0.33084,1.1594594594594594
11.376301132,-0.9049302861396467,-3.6964878843074973,0.0,-0.9618022627624024,0.33858,1.0986486486486486
11.400676576,-0.9001231005719111,-3.7033806715971305,0.0,-0.9354959792884452,0.35009999999999997,1.0959459459459457
11.42434399,-0.8952450375154357,-3.7099971084473493,0.0,-0.9066445049904226,0.34343999999999997,1.2054054054054053
11.43636348,-0.8927318969187836,-3.7132076446680116,0.0,-0.8921367176983473,0.33876,1.205405405405405
11.460547255,-0.8876051160661892,-3.719564890414843,0.0,-0.8638183537869375,0.33984000000000003,1.1783783783783783
11.484368681,-0.8821093824556977,-3.7259980092474896,0.0,-0.8369653330157953,0.35297999999999996,1.12027027027027
11.496687967,-0.8791693574888684,-3.729258037086987,0.0,-0.8232067126376685,0.35657999999999995,1.1175675675675674
11.520418298,-0.8736533902275045,-3.7352077102577974,0.0,-0.7939672874939825,0.34271999999999997,1.235135135135135
11.544538635,-0.8678770654502206,-3.741083889229851,0.0,-0.7633938704490201,0.34308,1.2729729729729728
11.556274527,-0.8648791399764935,-3.7439527004710196,0.0,-0.7477610574077553,0.34469999999999995,1.2986486486486486
11.58023481,-0.85875679067361,-3.74963070863852,0.0,-0.7186663707062715,0.34865999999999997,1.2148648648648646
11.604410147,-0.852317936253341,-3.7552628462904707,0.0,-0.691049452619266,0.35622,1.1500000000000001
11.616368543,-0.8490323035109202,-3.75798039955131,0.0,-0.67720120650881,0.35657999999999995,1.158108108108108
11.640902166,-0.8425134941980229,-3.7632218012352303,0.0,-0.6466958112510194,0.3479399999999999,1.2689189189189187
11.664458484,-0.8359124765737774,-3.768205594154627,0.0,-0.6156966063318786,0.3450599999999999,1.293243243243243
11.676437922,-0.832513189172595,-3.7706103594430993,0.0,-0.6000907661643831,0.34578,1.2959459459459457
11.700381068,-0.8256796238587243,-3.7752863636264125,0.0,-0.5687657712781496,0.34541999999999995,1.3067567567567566
11.724384945,-0.8187205040550998,-3.7797348322249382,0.0,-0.5375834335043502,0.34397999999999995,1.2986486486486484
11.736635949,-0.8151703414319402,-3.781851259865896,0.0,-0.5219063210023174,0.34415999999999997,1.3054054054054052
11.760216382,-0.8080007394961966,-3.785974468284069,0.0,-0.4906331621814085,0.34452,1.3027027027027025
11.784308489,-0.8007206815447852,-3.7898634877646837,0.0,-0.45940808819946516,0.34469999999999995,1.304054054054054
11.796286729,-0.7970115940546633,-3.7916984170282713,0.0,-0.4438178251420746,0.34542,1.301351351351351
11.820463056,-0.789545958134829,-3.7952479755314963,0.0,-0.412494972156791,0.3438,1.3027027027027023
11.844341097,-0.781953617856938,-3.7985703890577414,0.0,-0.38102904224908035,0.34524,1.3108108108108105
11.856437411,-0.7780886027922053,-3.800118738899868,0.0,-0.3651960155950727,0.34506,1.3121621621621617
11.880346286,-0.7703799979379862,-3.803066098624234,0.0,-0.3339255122416469,0.34452,1.3054054054054052
11.904374694,-0.7626017847145731,-3.8057644919456015,0.0,-0.3028426755621448,0.34325999999999995,1.2959459459459457
11.916822264,-0.7586936713300202,-3.8069855963834054,0.0,-0.28740038796243345,0.34217999999999993,1.2905405405405401
11.940434052,-0.7510904916347316,-3.8092329736374553,0.0,-0.25385618134316507,0.32993999999999996,1.3959459459459458
11.964345531,-0.7435835103314928,-3.8111806869058844,0.0,-0.21949190631297968,0.32328,1.4324324324324322
11.976411637,-0.7397251279542706,-3.8120414379229715,0.0,-0.20279041904242748,0.32849999999999996,1.3878378378378375
12.001537039,-0.7316288798335846,-3.813706162297601,0.0,-0.17111009928214374,0.34199999999999997,1.3108108108108105
12.024383608,-0.7236930978425239,-3.815077464235209,0.0,-0.13947994633494235,0.33821999999999997,1.3283783783783782
12.037049826,-0.7196739213085616,-3.8156417226682513,0.0,-0.12236762035732146,0.33011999999999997,1.3918918918918919
12.060399214,-0.7119332761642282,-3.816593683244624,0.0,-0.08978953608177935,0.32868,1.3729729729729727
12.084217203,-0.7038303968265094,-3.8173231985657523,0.0,-0.05800280753211755,0.3393,1.3256756756756756
12.096351695,-0.6997883181712673,-3.817557913754524,0.0,-0.04189883620543159,0.3384,1.345945945945946
12.120413228,-0.6919834108675665,-3.8178851217822443,0.0,-0.006801790693627112,0.32454,1.4581081081081078
12.14457544,-0.6839095732216028,-3.8179400391829152,0.0,0.025563352605475674,0.33677999999999997,1.3499999999999996
12.156392115,-0.6798959891809389,-3.817837416163697,0.0,0.042337811426224024,0.33282,1.3905405405405404
12.180371096,-0.6719628159478296,-3.817501342144205,0.0,0.07642476215363755,0.33209999999999995,1.4256756756756757
12.204261325,-0.6639994966264722,-3.8168915597021513,0.0,0.11076176983087489,0.33192,1.4270270270270269
12.216427067,-0.6602315270775226,-3.8164724976147353,0.0,0.12917676337474598,0.31716,1.5405405405405403
12.240222868,-0.6523824197871918,-3.815452897790183,0.0,0.16318779872688283,0.33083999999999997,1.4216216216216213
12.264411434,-0.6448445091091947,-3.8142117659098886,0.0,0.20008071027703717,0.31788,1.5351351351351348
12.276927755,-0.6408758308352515,-3.813406941515374,0.0,0.21755655370660262,0.33191999999999994,1.4324324324324322
12.300287039,-0.6334405459556672,-3.8117633332399237,0.0,0.25350360849225434,0.32004,1.5108108108108105
12.324323468,-0.6259403444858055,-3.8098202011416733,0.0,0.28897436352807143,0.32291999999999993,1.4783783783783782
12.336904476,-0.6222525155982179,-3.8087238237807757,0.0,0.30822482893401765,0.31193999999999994,1.5608108108108105
12.354350345,-0.6169926726529719,-3.807049240773221,0.0,0.33549448552776284,0.31266,1.5445945945945943
12.374248122,-0.6108492759676765,-3.8049071881143113,0.0,0.3640997340047838,0.3258,1.4324324324324322
12.394216682,-0.6050384051097577,-3.80269271931439,0.0,0.394781962711763,0.31085999999999997,1.5337837837837838
12.424418509,-0.5961505550520154,-3.798989543972072,0.0,0.4394410540426199,0.31931999999999994,1.4810810810810808
12.434183697,-0.5933891239092918,-3.7976914010480916,0.0,0.45468642078350485,0.30995999999999996,1.5486486486486486
12.454243456,-0.5875697659782357,-3.7948466184973575,0.0,0.484135164874319,0.32309999999999994,1.468918918918919
12.474324309,-0.581818535843384,-3.7918221722009067,0.0,0.513297299225288,0.32489999999999997,1.4581081081081078
12.494331515,-0.5763388605172722,-3.7887333028055092,0.0,0.5441759129936959,0.3141,1.5418918918918916
12.524235005,-0.5682803764886113,-3.7838569506475284,0.0,0.5902510483020385,0.3141,1.5364864864864864
12.534337385,-0.5656719655110785,-3.7821095257880564,0.0,0.6058386436488395,0.31356,1.5567567567567564
12.554312612,-0.5605163846153883,-3.7785380349512856,0.0,0.63701332657533,0.31428,1.5621621621621617
12.574306432,-0.5554593276631662,-3.7747962589081343,0.0,0.6678145583720171,0.31464,1.5405405405405401
12.594214939,-0.5504280927547341,-3.7708281081030566,0.0,0.6979317028277895,0.32058000000000003,1.5067567567567566
12.6163528,-0.5450053509967872,-3.7662797353311968,0.0,0.7319028430191585,0.32039999999999996,1.5378378378378375
12.640289852,-0.5394015229767102,-3.761245535500573,0.0,0.7695515814162965,0.31445999999999996,1.5716216216216214
12.664277218,-0.5337921780352358,-3.755811209643942,0.0,0.8057838234850313,0.32508,1.5081081081081078
12.676855466,-0.531176288557264,-3.753086432058425,0.0,0.8246995772362331,0.31464,1.5756756756756756
12.700487462,-0.5260785152374549,-3.7475713433728726,0.0,0.8627646511774307,0.31248,1.5837837837837834
12.724340399,-0.5210752154503927,-3.741727131236381,0.0,0.8997025142953723,0.32058,1.5391891891891891
12.736420932,-0.5187430202988027,-3.73878999121822,0.0,0.9188087664243785,0.31248,1.5918918918918918
12.760579915,-0.5142162193196783,-3.732859777551412,0.0,0.9565164818454852,0.31067999999999996,1.57027027027027
12.784375142,-0.5097834512630698,-3.72657491356506,0.0,0.9906173700719612,0.32184,1.4270270270270269
12.796280308,-0.5077370057450483,-3.723452591630612,0.0,1.0086684334420133,0.3105,1.501351351351351
12.820385072,-0.503596462204661,-3.7168794426021137,0.0,1.042232276408756,0.32309999999999994,1.3959459459459458
12.844395667,-0.4998130101025658,-3.710400814725648,0.0,1.0778451872336083,0.3123,1.4824324324324323
12.856713651,-0.4979765213660929,-3.706982087207825,0.0,1.0943803488705746,0.32381999999999994,1.3797297297297293
12.880461847,-0.4945525875851481,-3.7003473781065854,0.0,1.12901109178131,0.31085999999999997,1.441891891891892
12.904370097,-0.49122062561336577,-3.6933025139612554,0.0,1.1600118232237284,0.32543999999999995,1.2945945945945945
12.916306461,-0.489660934685206,-3.689721662166483,0.0,1.175482293188255,0.32616,1.2918918918918916
12.940529247,-0.48675430161026284,-3.68275600456057,0.0,1.2084498187477684,0.31248,1.364864864864865
12.964336193,-0.4840461614455261,-3.675612102812778,0.0,1.2381440376410657,0.32021999999999995,1.2445945945945944
12.976362038,-0.48277268700196474,-3.67192611875038,0.0,1.2525066151309565,0.32436,1.1945945945945944
13.002325213,-0.48015540485156954,-3.6639827415945416,0.0,1.2819333831503474,0.32454,1.1418918918918917
13.02437026,-0.47809592597471745,-3.657052550269191,0.0,1.3071067488979529,0.32561999999999997,1.1337837837837836
13.03625704,-0.4770834986932694,-3.6533024879399063,0.0,1.320925257767842,0.32364,1.1513513513513511
13.05426052,-0.4756376788614722,-3.6476371515911254,0.0,1.3415749531642707,0.32561999999999997,1.1500000000000001
13.074381321,-0.47415631329542124,-3.641288139051094,0.0,1.3643547887234908,0.32526,1.1364864864864863
13.096585173,-0.47268014614795695,-3.634239476011938,0.0,1.389329086234115,0.32382,1.122972972972973
13.114185106,-0.47165322553109856,-3.628642744057325,0.0,1.4093955008867474,0.32111999999999996,1.1324324324324322
13.134425336,-0.47061538559307653,-3.6222684751908263,0.0,1.4318232105693218,0.32219999999999993,1.1189189189189188
13.154363374,-0.4697070036743459,-3.6157742237840877,0.0,1.4538714596851339,0.32796,1.1027027027027025
13.176428057,-0.4688487032217107,-3.6084670913705748,0.0,1.4764718591664254,0.3339,1.0256756756756755
13.200560164,-0.46808288550759725,-3.6003722120872337,0.0,1.5009282706054439,0.33876,1.0189189189189187
13.224387996,-0.46753275875088124,-3.592511233279531,0.0,1.5271354212451644,0.32832,1.0918918918918918
13.236403008,-0.4673632402399479,-3.5886310851509635,0.0,1.5404273375768884,0.3241799999999999,1.1094594594594591
13.260288341,-0.4671259930745436,-3.580821334768196,0.0,1.5676201621725756,0.32616,1.1351351351351349
13.284405812,-0.4671010680723737,-3.5729738453213384,0.0,1.5949621079238643,0.3258,1.135135135135135
13.296651608,-0.4671969242071548,-3.569008011399857,0.0,1.6090400812896366,0.32633999999999996,1.158108108108108
13.320757257,-0.46750366935699833,-3.560991131457406,0.0,1.6342649576934343,0.33696,1.059459459459459
13.344492952,-0.468024375272272,-3.5527980045656364,0.0,1.6592976667893728,0.33947999999999995,1.035135135135135
13.356339523,-0.4683786674281698,-3.548805221221323,0.0,1.6713606481113763,0.33947999999999995,1.0216216216216216
13.380386421,-0.4691593203861018,-3.54106868461379,0.0,1.6980194995029498,0.32399999999999995,1.1108108108108106
13.404391391,-0.4701638285124999,-3.5332156914801405,0.0,1.7247758112546612,0.3286799999999999,1.1108108108108108
13.416496977,-0.47076799356362437,-3.5293230778951457,0.0,1.7384528431840938,0.32616,1.1324324324324322
13.440305902,-0.4720859153051576,-3.521536024884253,0.0,1.7643149083833427,0.33137999999999995,1.085135135135135
13.464358321,-0.4736475641890179,-3.5135672513735168,0.0,1.7893106316695386,0.33804,1.0405405405405403
13.476333905,-0.47452655109486863,-3.509608919828196,0.0,1.8016849203187084,0.33786,1.0310810810810809
13.500430803,-0.4763187688437172,-3.5019850847860186,0.0,1.828558552375997,0.32489999999999997,1.1148648648648647
13.524567546,-0.4783067768844077,-3.494444091855433,0.0,1.8556230426943066,0.32669999999999993,1.1337837837837836
13.53659214,-0.4794274832052195,-3.4906163789420352,0.0,1.8694517313931576,0.32778,1.1364864864864863
13.560211376,-0.4817574247308051,-3.483048282216279,0.0,1.8958700055509061,0.33174,1.1067567567567567
13.584254159,-0.4843797612820849,-3.4752675561910897,0.0,1.9207409128446804,0.34217999999999993,1.0364864864864862
13.596232451,-0.4857856158088507,-3.471415537953092,0.0,1.932986919088622,0.34254,1.0229729729729728
13.6202294,-0.48859270563639934,-3.4640071285619385,0.0,1.95962682909064,0.32993999999999996,1.1094594594594593
13.644515103,-0.49157290006973353,-3.456732834397772,0.0,1.987302330810964,0.32741999999999993,1.1527027027027024
13.656358133,-0.4931629631760939,-3.453138563860385,0.0,2.0012739933323207,0.32615999999999995,1.1594594594594594
13.680397843,-0.4964843157043189,-3.445905642054481,0.0,2.0283165240107355,0.33209999999999995,1.1283783783783785
13.704617452,-0.5000709665446332,-3.4386210912095407,0.0,2.053875511190059,0.33786,1.0635135135135134
13.716353501,-0.50196694063576,-3.435006482206351,0.0,2.066343027625211,0.34109999999999996,1.0418918918918918
13.740421284,-0.5057812183907386,-3.4279499844769163,0.0,2.0928193824819648,0.33407999999999993,1.1027027027027025
13.764172709,-0.5096977003240228,-3.4211416860910897,0.0,2.1205533321947616,0.3276,1.1567567567567567
13.776343503,-0.5117758578676623,-3.4177502759391754,0.0,2.134451625909039,0.33066,1.1554054054054053
13.803379505,-0.5159999721303175,-3.4110671147420306,0.0,2.1618142077549027,0.32994,1.1418918918918917
13.824492716,-0.5206033241780949,-3.404206994936361,0.0,2.1878113490001585,0.34397999999999995,1.0824324324324326
13.836580489,-0.5230330159498718,-3.400782058659096,0.0,2.200415156449511,0.34847999999999996,1.045945945945946
13.860316757,-0.5277365661618973,-3.394325847948155,0.0,2.2273802075334594,0.33426,1.1283783783783785
13.88456746,-0.5326152159695893,-3.387995246824241,0.0,2.2561710165462063,0.33011999999999997,1.189189189189189
13.896546637,-0.5350876090379308,-3.3849712443965485,0.0,2.2701861875585814,0.3303,1.185135135135135
13.920667807,-0.5404219827751587,-3.378630204695571,0.0,2.296198989038233,0.34524,1.0837837837837836
13.944435065,-0.5460251598136832,-3.3723108711972287,0.0,2.3218602416786234,0.35135999999999995,1.0675675675675675
13.956227886,-0.5488411234191856,-3.3692945828817202,0.0,2.335049493681455,0.34541999999999995,1.1040540540540538
13.980474787,-0.5544195526089476,-3.36347510914881,0.0,2.364174600338318,0.33587999999999996,1.2135135135135133
14.004997524,-0.560295600292812,-3.3576921039660763,0.0,2.3925216208741653,0.34271999999999997,1.1783783783783783
14.016356433,-0.5633949975972375,-3.354810089809837,0.0,2.405395962851772,0.35406,1.077027027027027
14.040301766,-0.5694963100365991,-3.3492814503132817,0.0,2.4330742128294975,0.3428999999999999,1.1527027027027024
14.064743045,-0.5756651805418286,-3.3439950008308967,0.0,2.4624793147216075,0.33714,1.2202702702702704
14.077285459,-0.5788124412643296,-3.341454544730967,0.0,2.476791582025074,0.33912,1.1999999999999997
14.100539794,-0.5856198831864574,-3.336118690075576,0.0,2.502973220588077,0.36072,1.0918918918918918
14.124734246,-0.5923188285165807,-3.3311453920829583,0.0,2.532125597819773,0.34614,1.2094594594594592
14.13676483,-0.5956793244711392,-3.328799342898494,0.0,2.5468410947335673,0.34362,1.2337837837837835
14.16041042,-0.6028840764264639,-3.3239256209537165,0.0,2.573111697256225,0.36197999999999997,1.093243243243243
14.18436716,-0.6100518393870884,-3.319346656817212,0.0,2.5998042036855242,0.35567999999999994,1.116216216216216
14.196237222,-0.613642148696971,-3.31718578139672,0.0,2.6139090622901637,0.34847999999999996,1.1729729729729728
14.22042709,-0.6210066155510086,-3.3128936994477263,0.0,2.642437043816303,0.35531999999999997,1.189189189189189
14.244228307,-0.6287259582616656,-3.308685062856911,0.0,2.6691772184964595,0.36611999999999995,1.1135135135135132
14.256975516,-0.6325612826207416,-3.306725180183259,0.0,2.68309082931569,0.3589199999999999,1.1594594594594594
14.280406676,-0.640097737462273,-3.3030053050019323,0.0,2.712462379592156,0.34956,1.2216216216216214
14.304475397,-0.6481389598609282,-3.299325892641972,0.0,2.738474514144146,0.36935999999999997,1.0864864864864863
14.316512231,-0.6521550794369296,-3.297613123659153,0.0,2.7519982828784197,0.3634199999999999,1.1256756756756756
14.340277979,-0.6598966064547771,-3.2944346010918433,0.0,2.7817246012893424,0.34847999999999996,1.2378378378378376
14.364257376,-0.6680634756248596,-3.2913617984590933,0.0,2.8075783530904936,0.36395999999999995,1.0783783783783782
14.376441348,-0.672147234908032,-3.289944667263945,0.0,2.8208321733551447,0.35963999999999996,1.1027027027027025
14.400350952,-0.6798257577926564,-3.287393603859594,0.0,2.8469676969321274,0.33677999999999997,1.0878378378378377
14.424394464,-0.6873830959266073,-3.285100279772361,0.0,2.866235032063488,0.32958000000000004,0.8040540540540541
14.43640208,-0.6908986673051613,-3.2841070087079793,0.0,2.875929260364673,0.30402,0.8067567567567566
14.460515228,-0.6976424037768507,-3.282272072178337,0.0,2.888665798981068,0.29142,0.5310810810810811
14.484373529,-0.7033361438813975,-3.28080045703128,0.0,2.896067497325534,0.24480000000000002,0.30810810810810807
14.497288814,-0.7061882425888342,-3.2800857760598237,0.0,2.897181030654851,0.24264,0.09189189189189184
14.520338822,-0.7110327541485166,-3.2788775664788288,0.0,2.895537267615284,0.20933999999999997,-0.068918918918919
14.544560149,-0.7155595698269098,-3.277740682404096,0.0,2.8928118958163243,0.1944,-0.11351351351351348
14.556684381,-0.7177573190915221,-3.2771823582941297,0.0,2.891499886752401,0.18918,-0.10945945945945951
14.580368409,-0.7219431171808662,-3.276113134937927,0.0,2.887607812992231,0.18,-0.16216216216216203
14.604474266,-0.7263543137400755,-3.2749680283769513,0.0,2.880062357265816,0.18935999999999997,-0.31351351351351353
14.616602143,-0.7284717686893039,-3.274401268687372,0.0,2.8764413022813944,0.18324,-0.3027027027027026
14.640617322,-0.7327719030139417,-3.273233588457582,0.0,2.867907869282222,0.18557999999999997,-0.35540540540540533
14.664386663,-0.7364541754596463,-3.2721998669708134,0.0,2.8620096404307014,0.15947999999999998,-0.24594594594594588
14.676666834,-0.7383454395975719,-3.2716568795267933,0.0,2.8579570684380844,0.16271999999999998,-0.3351351351351351
14.700549719,-0.741761886384095,-3.2706610035152384,0.0,2.8498090310173456,0.14814,-0.33918918918918917
14.724301978,-0.7455366184640642,-3.2695272390388816,0.0,2.838269767034321,0.16523999999999997,-0.4837837837837837
14.737026582,-0.7474210639799326,-3.2689374436621255,0.0,2.8326738671173377,0.16308,-0.46216216216216216
14.760366543,-0.7510008605330729,-3.2677950025655207,0.0,2.8228178718102317,0.15714,-0.41216216216216206
14.784317241,-0.7546548896169418,-3.2665890626671903,0.0,2.81318852976972,0.16038,-0.4013513513513513
14.796311575,-0.7563646430910204,-3.266006476599838,0.0,2.809546328990452,0.15011999999999998,-0.30270270270270266
14.820553527,-0.7602788422812309,-3.264656810301998,0.0,2.800136840132043,0.17243999999999998,-0.3918918918918919
14.844567768,-0.7638581674554602,-3.263384805104718,0.0,2.7945240392374746,0.15821999999999997,-0.23378378378378376
14.856758407,-0.765632979420476,-3.262742837769984,0.0,2.7922885158074013,0.15516,-0.1837837837837838
14.880453789,-0.7696114664003348,-3.261293713226758,0.0,2.7848884348430283,0.17783999999999997,-0.31081081081081074
14.904307924,-0.7732710629713401,-3.2599299836841817,0.0,2.7809034976906752,0.1629,-0.16621621621621613
14.916372259,-0.7750720279022711,-3.2592506779905777,0.0,2.7795071477322058,0.16019999999999995,-0.11621621621621624
14.940386083,-0.7792589931867738,-3.2576647153973397,0.0,2.773774673276252,0.18575999999999998,-0.23783783783783777
14.964453606,-0.783176686443889,-3.25615501270286,0.0,2.7713500288189175,0.1755,-0.10135135135135134
14.97638997,-0.7851067962061709,-3.2554058554360665,0.0,2.7707347632562027,0.1728,-0.051351351351351326
15.000215927,-0.7892971758603216,-3.2537764244641827,0.0,2.7684974655408343,0.18738,-0.09324324324324317
15.024740175,-0.7937582702351932,-3.252030225990996,0.0,2.7658705506272576,0.19962,-0.10945945945945951
15.036634872,-0.7959591975369628,-3.251162046446482,0.0,2.7652838978715146,0.19619999999999996,-0.048648648648648686
15.060329057,-0.8002604754503458,-3.249462444254734,0.0,2.7680344299186874,0.19314,0.1148648648648648
15.084570801,-0.8046622666438012,-3.2477371078282196,0.0,2.7729290857004987,0.19709999999999997,0.2040540540540541
15.096373361,-0.8069572467472714,-3.2468504962541314,0.0,2.775744432160595,0.20429999999999998,0.2337837837837838
15.120251246,-0.8119707442997781,-3.2449298531652837,0.0,2.7828611172031135,0.22428,0.29729729729729726
15.144970341,-0.8172732099934239,-3.242941665213312,0.0,2.791857725975918,0.23561999999999997,0.3743243243243242
15.156527533,-0.8199637889542026,-3.241960335375709,0.0,2.796884388647813,0.23867999999999998,0.4189189189189188
15.180315,-0.8255225074635315,-3.239964515494937,0.0,2.8102189013583847,0.24659999999999996,0.5567567567567567
15.204466743,-0.8313555609013082,-3.2379575921166976,0.0,2.826089591059772,0.25632,0.6594594594594595
15.216608527,-0.8342931104162136,-3.2369987582953517,0.0,2.834556408619195,0.25793999999999995,0.7067567567567566
15.240341722,-0.8404387766229527,-3.2350501965905996,0.0,2.855077920199678,0.26874,0.8554054054054054
15.264562945,-0.8469324550931872,-3.2331370219972952,0.0,2.875786072609829,0.28007999999999994,0.8567567567567564
15.276339724,-0.8501621787634264,-3.2322577338341256,0.0,2.886186224494056,0.28314,0.8797297297297294
15.300385892,-0.8570235015362055,-3.2304661816383122,0.0,2.908501548169058,0.29502,0.9283783783783783
15.32447753,-0.8639601617745747,-3.228819374770527,0.0,2.931514806471599,0.29682,0.9581081081081079
15.337234635,-0.8676949331683923,-3.228023032511919,0.0,2.9438555924776058,0.30023999999999995,0.9702702702702701
15.360275321,-0.874585647544662,-3.226642442154242,0.0,2.966798901024335,0.30258,0.9878378378378377
15.384382375,-0.881692919772395,-3.225387326806228,0.0,2.9897052295607143,0.30060000000000003,0.954054054054054
15.396307177,-0.8852676673939233,-3.2248401533875555,0.0,3.0010434925053193,0.30042,0.9418918918918917
15.420406679,-0.8922572029787315,-3.2238512598771463,0.0,3.023330562289944,0.29447999999999996,0.9297297297297294
15.44426123,-0.8992028931662163,-3.2230259970842665,0.0,3.0452239121436566,0.29142,0.9121621621621622
15.456459057,-0.9026642947760595,-3.222691389700008,0.0,3.055770490731364,0.29052,0.881081081081081
15.480318504,-0.9093851417122704,-3.222113171771621,0.0,3.075508352983265,0.2808,0.8216216216216216
15.504416287,-0.9160288329982674,-3.221673487840119,0.0,3.0915650710363156,0.27737999999999996,0.6689189189189187
15.516278067,-0.9193308256225046,-3.221508159182571,0.0,3.098228261066085,0.27558,0.5554054054054055
15.540536582,-0.9251442750040358,-3.221255904342583,0.0,3.1073159009520754,0.24228,0.3783783783783784
15.56458322,-0.9303034702107505,-3.2210789945957408,0.0,3.1145073005779143,0.21438,0.2986486486486486
15.576738285,-0.9327504992869502,-3.2210126997369244,0.0,3.117095727322523,0.20447999999999997,0.21621621621621626
15.60036851,-0.937596775817526,-3.220893957104673,0.0,3.113928188293018,0.20267999999999997,-0.13243243243243247
15.624403689,-0.9417244952402744,-3.2207797368140025,0.0,3.1113690880002043,0.17226,-0.10675675675675675
15.636395835,-0.9437014974958987,-3.220719966556226,0.0,3.1100073763950338,0.16488,-0.11351351351351348
15.660311637,-0.9479279417297272,-3.2205864287334975,0.0,3.101868234564792,0.17622000000000002,-0.33918918918918917
15.684354472,-0.9517010104327118,-3.2204364668816234,0.0,3.0958863974725848,0.15696,-0.24864864864864866
15.699054573,-0.9535046933980047,-3.2203539698309083,0.0,3.0933508700113084,0.15011999999999998,-0.2108108108108108
15.720273722,-0.9575499987369736,-3.220158665554151,0.0,3.084552672857855,0.16919999999999996,-0.3675675675675675
15.744345412,-0.9612274879372396,-3.2199486738514533,0.0,3.0783061782553336,0.153,-0.2594594594594594
15.756318183,-0.9629818793013021,-3.2198374961371736,0.0,3.0756473358721355,0.14741999999999997,-0.22297297297297292
15.780742586,-0.9670509653989219,-3.2195687693035944,0.0,3.0667002679025774,0.16938,-0.37162162162162155
15.804837713,-0.9708367248295824,-3.2192847134721485,0.0,3.061415004841054,0.15821999999999997,-0.2202702702702702
15.816631836,-0.9726780616681864,-3.219136762245304,0.0,3.0593598273457605,0.15425999999999998,-0.1716216216216216
15.840715401,-0.9768520903074389,-3.2187927442799142,0.0,3.0546920297416325,0.17459999999999998,-0.1945945945945946
15.8650135,-0.981344825940707,-3.218401336988326,0.0,3.0500869581325407,0.18791999999999998,-0.19189189189189185
15.876376314,-0.9835654823766534,-3.218197565212163,0.0,3.048834182553664,0.18521999999999997,-0.1040540540540541
15.900671913,-0.9882244976644675,-3.217764158333654,0.0,3.0519747126244017,0.1953,0.13108108108108102
15.924473703,-0.9932648853545475,-3.2173112359876987,0.0,3.058421451125243,0.20897999999999997,0.26621621621621616
15.937819566,-0.9960542649967049,-3.2170787035041095,0.0,3.06287682486351,0.21564,0.3432432432432432
15.960327588,-1.0015289457533896,-3.216646867190601,0.0,3.0748544433129457,0.24101999999999998,0.5256756756756756
15.984318339,-1.0075991569813376,-3.216241149624491,0.0,3.089323758545392,0.25398,0.6040540540540538
15.99650377,-1.0107286668134348,-3.2160774244752965,0.0,3.0972315641170685,0.25865999999999995,0.6527027027027026
16.02041353,-1.0169415280675564,-3.2158016342478106,0.0,3.117222635921225,0.25938,0.8337837837837835
16.044337613,-1.02321543500258,-3.2156487087497174,0.0,3.139386961377598,0.26171999999999995,0.9243243243243242
16.056458199,-1.026416492441468,-3.2156416481908034,0.0,-3.1324164683667757,0.26604,0.9459459459459458
16.080392647,-1.03328061618046,-3.215704636429556,0.0,-3.109987560147564,0.2862,0.935135135135135
16.10448142,-1.0403247723376348,-3.215927341800187,0.0,-3.0874786824706657,0.29322,0.9364864864864864
16.116558724,-1.043898624723008,-3.2161209261409387,0.0,-3.0760191527486054,0.29502,0.9445945945945944
16.140627028,-1.0510798858524255,-3.216592502675618,0.0,-3.052542052711365,0.3024,0.9864864864864864
16.164390901,-1.0583803079553218,-3.217244333570534,0.0,-3.028338395896176,0.30528,1.008108108108108
16.176528414,-1.0620317688849505,-3.2176596542953653,0.0,-3.01601089367127,0.30456,1.0216216216216216
16.200597812,-1.0693072549176588,-3.2185781562166236,0.0,-2.9919978389782127,0.30456,0.9972972972972972
16.224559291,-1.0764468537066487,-3.219654242278052,0.0,-2.968729870052945,0.30276,0.9756756756756755
16.236257319,-1.0800312238824374,-3.2202800927298396,0.0,-2.9569295319264395,0.30167999999999995,0.9783783783783783
16.260378905,-1.0870714226433982,-3.2215951398101317,0.0,-2.9339228143476443,0.29952,0.9621621621621621
16.284320645,-1.0939207414501164,-3.2230383435428434,0.0,-2.912051184104305,0.29105999999999993,0.9094594594594593
16.296325708,-1.0972510560251518,-3.223816503999395,0.0,-2.9015054699450413,0.2853,0.8797297297297295
16.32037021,-1.1039745449209666,-3.2254624753282672,0.0,-2.8860837804218047,0.28872,0.6432432432432432
16.344395909,-1.110414957940455,-3.227144829039998,0.0,-2.872543104910582,0.27702,0.5635135135135133
16.356218522,-1.11347756374834,-3.2279892971224085,0.0,-2.8655968040946984,0.26514,0.5797297297297297
16.38030818,-1.1192974810926843,-3.229637637653486,0.0,-2.8519700539992154,0.25254,0.5689189189189187
16.404479507,-1.1253960590577465,-3.231455025016033,0.0,-2.8424932412112494,0.26405999999999996,0.39324324324324306
16.416442746,-1.1283854437874496,-3.23237680108085,0.0,-2.838312654873212,0.26189999999999997,0.3499999999999999
16.440295943,-1.133814997660045,-3.2340758918483585,0.0,-2.827967150460429,0.23706,0.43108108108108095
16.464339143,-1.1393638267323545,-3.2358755418362453,0.0,-2.8195976125140785,0.243,0.3486486486486485
16.476358268,-1.1422556331177605,-3.236840262926688,0.0,-2.816527672063037,0.25361999999999996,0.25540540540540546
16.500245268,-1.147507026662143,-3.238610088192571,0.0,-2.8076102855956346,0.23093999999999998,0.37162162162162155
16.52428503,-1.1527389205637844,-3.2404254536757877,0.0,-2.799308102186634,0.23076,0.34594594594594597
16.537858813,-1.1555018213376358,-3.24140990113267,0.0,-2.7959687535740354,0.23975999999999997,0.27297297297297285
16.560269177,-1.1606279122834706,-3.243255689481961,0.0,-2.788520170538183,0.22932,0.31351351351351353
16.584528213,-1.1656726353932059,-3.24511474205614,0.0,-2.7804475494246415,0.2223,0.3337837837837837
16.596495307,-1.168171856777311,-3.246058724858161,0.0,-2.7772033140379246,0.2259,0.2743243243243243
16.620330639,-1.1732414037118295,-3.2479923635875556,0.0,-2.773246647529694,0.22607999999999995,0.16486486486486482
16.644207534,-1.1779074961841942,-3.2497932959296087,0.0,-2.7678084615027867,0.20879999999999999,0.22702702702702696
16.65655781,-1.1803147295774359,-3.2507374683758985,0.0,-2.7655807714117966,0.20861999999999997,0.17972972972972973
16.680365277,-1.1850254892797818,-3.2525972560835656,0.0,-2.7641748995307776,0.2142,0.059459459459459386
16.704348476,-1.189383101043036,-3.254324707540576,0.0,-2.7615525255245554,0.19566,0.1094594594594594
16.716724846,-1.1915997380462284,-3.255210163699639,0.0,-2.760886414300151,0.19853999999999997,0.055405405405405415
16.740825182,-1.196107091535809,-3.2570141501644323,0.0,-2.7615753621581884,0.19997999999999996,-0.02837837837837837
16.764276082,-1.2001775567319966,-3.25864002735918,0.0,-2.760035868906689,0.18467999999999998,0.06486486486486491
16.776351042,-1.2022936575414194,-3.2594890471789473,0.0,-2.7598737700478946,0.19008,0.013513513513513464
16.800808674,-1.206603065675268,-3.2612188745912722,0.0,-2.761107251764363,0.19331999999999996,-0.051351351351351326
16.824352596,-1.2106146646846734,-3.2628234165883025,0.0,-2.761107251764363,0.18,0.0
16.836778134,-1.2127245052888078,-3.263667301495153,0.0,-2.7618160112397643,0.1863,-0.05810810810810806
16.860656279,-1.2168051535088902,-3.2652961075531532,0.0,-2.764849932120674,0.18395999999999996,-0.12702702702702706
16.884503382,-1.22064072583643,-3.2668136160799723,0.0,-2.7671773356273857,0.17243999999999998,-0.09729729729729737
16.896458965,-1.2226522803972235,-3.267604059376381,0.0,-2.769337535540208,0.17981999999999998,-0.17972972972972973
16.920677011,-1.2265040572854984,-3.2691080234499084,0.0,-2.773344189403238,0.17154,-0.16621621621621613
16.944673335,-1.2302727731027545,-3.2705621805430227,0.0,-2.7770221194619094,0.16919999999999996,-0.15405405405405398
16.956549125,-1.232309082251227,-3.2713392971298147,0.0,-2.780086113946899,0.18071999999999996,-0.254054054054054
16.98112228,-1.2360170581719636,-3.2727413711259845,0.0,-2.783838622625856,0.16559999999999997,-0.15675675675675677
17.004811568,-1.2398946933621764,-3.274190989512278,0.0,-2.788964408144201,0.17243999999999998,-0.2135135135135135
17.016652983,-1.2419829007348384,-3.2749594703108165,0.0,-2.7925604240228292,0.18395999999999996,-0.29729729729729726
17.040351907,-1.2456168603324824,-3.2762819850765506,0.0,-2.7956572261930344,0.16199999999999998,-0.12972972972972982
17.064299324,-1.2496368999602283,-3.277730924476877,0.0,-2.8016582218290207,0.17801999999999998,-0.25000000000000006
17.076392982,-1.2517426423938256,-3.278475647888425,0.0,-2.805312041969975,0.18503999999999998,-0.30270270270270266
17.100244461,-1.255433969517875,-3.279765979201416,0.0,-2.8087391801696437,0.16344,-0.14324324324324328
17.125232309,-1.2596023152491607,-3.281207044046736,0.0,-2.8142685613030576,0.18324,-0.22972972972972971
17.139157294,-1.2620758620097339,-3.282046906534233,0.0,-2.816315802037158,0.1845,-0.14459459459459462
17.160329308,-1.265856817287976,-3.2833220566463726,0.0,-2.815991789899405,0.18305999999999997,0.014864864864864786
17.184394487,-1.270404445861043,-3.2848574132428103,0.0,-2.8154084949793994,0.20016,0.024324324324324402
17.196402936,-1.2728085606682038,-3.285670645666686,0.0,-2.815506372894239,0.21023999999999998,-0.008108108108108174
17.220391707,-1.2776154953476613,-3.287296148169581,0.0,-2.8110932527275647,0.21131999999999998,0.18378378378378368
17.244635066,-1.2825757649576004,-3.2889979321262115,0.0,-2.803464921414294,0.21924,0.31891891891891877
17.256323406,-1.2850941578838062,-3.289883478976385,0.0,-2.798847399522563,0.22266,0.38513513513513514
17.280535045,-1.290534207020343,-3.2918246443946786,0.0,-2.787737763885948,0.23957999999999996,0.46081081081081066
17.304266261,-1.2963280530458372,-3.293964909714342,0.0,-2.776589512494203,0.25830000000000003,0.4662162162162162
17.316569818,-1.2992746540540616,-3.2950908815641173,0.0,-2.7705351732786507,0.26261999999999996,0.504054054054054
17.340886407,-1.305423373659662,-3.297483226781901,0.0,-2.755691656542231,0.27449999999999997,0.6175675675675675
17.364238868,-1.3115723183893,-3.299981366874191,0.0,-2.7391472146231504,0.27702,0.6905405405405405
17.376326015,-1.3146185430862618,-3.3012780800841703,0.0,-2.730147303753048,0.2754,0.7486486486486486
17.400895003,-1.3207733584353725,-3.3039637378766624,0.0,-2.7105974042651635,0.2799,0.8148648648648646
17.424504655,-1.326959339277739,-3.306808213676541,0.0,-2.6909225141593733,0.28385999999999995,0.8202702702702702
17.436680658,-1.3300363614961026,-3.308297128863492,0.0,-2.6808068990621248,0.28404,0.8405405405405404
17.460470416,-1.3361665060126122,-3.3113403029198145,0.0,-2.660397057266911,0.28547999999999996,0.8513513513513512
17.484434396,-1.3422245264891115,-3.3145033858562507,0.0,-2.6397705007157892,0.28475999999999996,0.8594594594594592
17.496615295,-1.3452541478705984,-3.31616565069746,0.0,-2.629911951752396,0.288,0.8216216216216213
17.52037974,-1.351546295019629,-3.319699115145462,0.0,-2.6127606994310977,0.30078,0.7148648648648648
17.544851331,-1.3575921640935422,-3.3232320129979516,0.0,-2.5949120105837746,0.29106,0.7418918918918919
17.556955614,-1.3604961552366204,-3.3249992291868806,0.0,-2.585743831613021,0.28259999999999996,0.762162162162162
17.580316096,-1.365888309406189,-3.328348736408293,0.0,-2.5686315346322512,0.26567999999999997,0.716216216216216
17.608436071,-1.3722627124030706,-3.3324612091167003,0.0,-2.5564385707227952,0.27072,0.43513513513513513
17.620441082,-1.374937729846603,-3.3342335684719826,0.0,-2.5520436335168224,0.26639999999999997,0.36486486486486486
17.64450949,-1.379580356214493,-3.3373390337215083,0.0,-2.543579451127064,0.23364,0.354054054054054
17.656411062,-1.3816984682455036,-3.3387819425968566,0.0,-2.5406317733343453,0.21383999999999997,0.24594594594594582
17.684480047,-1.3865826362957163,-3.3421302759466838,0.0,-2.5399489844081327,0.21095999999999995,0.024324324324324402
17.696424016,-1.3885120643088236,-3.3434549295808993,0.0,-2.5393353104505163,0.19583999999999996,0.051351351351351326
17.720218566,-1.3922726612195275,-3.346040173801849,0.0,-2.540729069701163,0.19025999999999998,-0.05810810810810806
17.744555363,-1.3961210441047394,-3.3486778759684497,0.0,-2.5452497040817175,0.19385999999999998,-0.18783783783783778
17.756295422,-1.39790760007209,-3.3498905570633024,0.0,-2.546561452173952,0.18017999999999998,-0.10945945945945951
17.78058873,-1.4016526551725998,-3.352425461461431,0.0,-2.5520144149977764,0.18828,-0.22702702702702707
17.805494389,-1.405398106586238,-3.354930962378789,0.0,-2.556260064799508,0.18071999999999996,-0.17027027027027034
17.816459438,-1.40699034276449,-3.3559863233028033,0.0,-2.5573724782058687,0.17171999999999998,-0.0999999999999999
17.840229873,-1.41092420313853,-3.3585874581684707,0.0,-2.561996250208429,0.19709999999999997,-0.1932432432432433
17.864574118,-1.4147783975231178,-3.3611103820636554,0.0,-2.562517281149942,0.19116,-0.02162162162162152
17.876570796,-1.4166717324758482,-3.362348334821786,0.0,-2.5618715405378136,0.18935999999999997,0.05405405405405409
17.900335762,-1.4209029392781989,-3.3651188017764917,0.0,-2.5625513002593063,0.21114,-0.02837837837837837
17.92431318,-1.4252986308353273,-3.3679927012537325,0.0,-2.56086523757539,0.21888,0.0702702702702702
17.938995051,-1.4274337494706675,-3.369393784466118,0.0,-2.5586449246062752,0.21294,0.185135135135135
17.960344359,-1.4319077812288448,-3.3723439146661947,0.0,-2.550273724173641,0.22319999999999998,0.3486486486486486
17.984373599,-1.4365401083999403,-3.375454372028359,0.0,-2.5393459310316953,0.23183999999999996,0.4540540540540539
17.996482883,-1.438865541991647,-3.377052968508491,0.0,-2.5333647209158894,0.23526,0.4986486486486486
18.02047879,-1.4439792677662062,-3.380613576104502,0.0,-2.519678288850704,0.25902,0.568918918918919
18.044308601,-1.4492104226193652,-3.384363283685006,0.0,-2.5031842260661588,0.26946,0.6905405405405404
18.056286476,-1.4518287128749021,-3.3863062459139686,0.0,-2.494292002424478,0.27252,0.7432432432432431
18.08081562,-1.4573025992349096,-3.390444250998209,0.0,-2.4728269071106492,0.28512,0.8918918918918918
18.104424751,-1.4628383660684283,-3.394818875143609,0.0,-2.4503389161900397,0.2934,0.9351351351351349
18.116348302,-1.4655538362687945,-3.3970657802279955,0.0,-2.4390079043921187,0.29592,0.9513513513513512
18.140474263,-1.4712175621810926,-3.4018613505773354,0.0,-2.415371127699947,0.30888,0.9837837837837836
18.164976271,-1.476857898516934,-3.406870735540169,0.0,-2.3906727110931367,0.3141,1.0283783783783782
18.176896542,-1.4796475610913862,-3.409474373006288,0.0,-2.3782177905692574,0.3159,1.0310810810810809
18.200463641,-1.4852649621280922,-3.4148496400632844,0.0,-2.353469453622628,0.32561999999999997,1.0364864864864864
18.224363453,-1.490863232163393,-3.420478504526396,0.0,-2.3292333522272397,0.33066,1.0094594594594593
18.236388412,-1.4935552505238021,-3.423319741916152,0.0,-2.3166492304200315,0.32615999999999995,1.0486486486486484
18.260370309,-1.4988768094157958,-3.4290797529478074,0.0,-2.2906201501064256,0.32652,1.0837837837837836
18.284950182,-1.505699689838595,-3.436861711092115,0.0,-2.2811912140244512,0.42569999999999997,0.38783783783783765
18.297456867,-1.5088696974059983,-3.4405468428740456,0.0,-2.275765382590569,0.41525999999999996,0.4635135135135134
18.320367238,-1.514242493355838,-3.446861698425354,0.0,-2.2521881821906984,0.34595999999999993,0.9837837837837836
18.345296023,-1.5195088216075434,-3.453355593619171,0.0,-2.2284304950602145,0.34812,0.9891891891891891
18.356953216,-1.5220739205733351,-3.4566768797173695,0.0,-2.2165855381853614,0.34902,0.985135135135135
18.380280052,-1.5268817684377225,-3.4630568785117863,0.0,-2.1889593104972302,0.33371999999999996,1.1540540540540538
18.404497628,-1.5315208849640254,-3.4695803770298705,0.0,-2.16121752067942,0.33299999999999996,1.1540540540540538
18.416513473,-1.5337546892785707,-3.472913588301188,0.0,-2.1472829886298737,0.33426,1.1608108108108106
18.440512505,-1.5382984105501403,-3.4799022241729163,0.0,-2.1216093678645986,0.34794,1.0716216216216214
18.464390181,-1.542678611861606,-3.4870334958644054,0.0,-2.0966847545305622,0.34847999999999996,1.0378378378378377
18.476461026,-1.544732870142735,-3.4905728357174137,0.0,-2.083443500535955,0.34037999999999996,1.101351351351351
18.500683083,-1.5486829952989491,-3.49759104699508,0.0,-2.0548822493080277,0.33569999999999994,1.1905405405405405
18.524394038,-1.552466342765445,-3.5047862493545665,0.0,-2.026474908871668,0.33876,1.1837837837837832
18.536533165,-1.5543303960333308,-3.508589833914307,0.0,-2.0127429807422086,0.34847999999999996,1.1297297297297295
18.560308913,-1.5578917785521502,-3.516116624883798,0.0,-1.9869906812014533,0.34956,1.081081081081081
18.584354717,-1.561165467343012,-3.5235228979643693,0.0,-1.9587854217752376,0.33714,1.1743243243243244
18.59640827,-1.5626983857757255,-3.5272735592753732,0.0,-1.9445117099778795,0.33642,1.185135135135135
18.620249956,-1.5657312005139195,-3.5350074970943917,0.0,-1.9181342350383856,0.34685999999999995,1.1013513513513515
18.64449644,-1.568659406762301,-3.543096138133772,0.0,-1.8924451447735662,0.35568,1.062162162162162
18.656232072,-1.5699662637434657,-3.5470180390326664,0.0,-1.8795270462207636,0.35028,1.0945945945945943
18.681485757,-1.5724335212179017,-3.554754121169869,0.0,-1.8511262732496814,0.3376799999999999,1.181081081081081
18.704386492,-1.5746922766275226,-3.562599430283667,0.0,-1.8232018148490479,0.34056000000000003,1.1648648648648645
18.716229574,-1.5757466243085505,-3.5666875414320773,0.0,-1.8098493820825663,0.35208,1.1135135135135135
18.741870608,-1.577737472241863,-3.5748563532552518,0.0,-1.7823977750614315,0.34974,1.1418918918918917
18.764328056,-1.5794523823261564,-3.5828394660234006,0.0,-1.7539633834597534,0.34109999999999996,1.1878378378378376
18.776504841,-1.5802008294477239,-3.586879811363965,0.0,-1.7394799138961812,0.3393,1.1959459459459456
18.8006445,-1.5816382348952485,-3.5953201472337244,0.0,-1.7134194325669707,0.35784,1.0891891891891892
18.824435977,-1.5828287584209877,-3.603610811400539,0.0,-1.6861462757307406,0.34902,1.1364864864864863
18.836379997,-1.5833057202199123,-3.6077273671665653,0.0,-1.6716556139807803,0.34434,1.2040540540540539
18.86072492,-1.5841617104963917,-3.6161855447151328,0.0,-1.6424769617329018,0.34884,1.197297297297297
18.884351863,-1.5847727724445277,-3.624695723530689,0.0,-1.6169571525255062,0.36143999999999993,1.0810810810810807
18.89623531,-1.5849705257321471,-3.628976686999762,0.0,-1.6036405714695743,0.35747999999999996,1.1108108108108106
18.920625858,-1.5852407746245538,-3.6372019243769484,0.0,-1.574470040918376,0.34235999999999994,1.2135135135135133
18.944440929,-1.585271623879057,-3.645599179765848,0.0,-1.5474331597937319,0.35045999999999994,1.1283783783783785
18.956518598,-1.585169775043528,-3.649957762824207,0.0,-1.5347342365410184,0.36234,1.0554054054054054
18.980721018,-1.5848677260201611,-3.658329936323263,0.0,-1.5062871211197175,0.34902,1.185135135135135
19.0059109,-1.584332479753921,-3.6666156312087272,0.0,-1.4763612991968014,0.34343999999999997,1.2378378378378376
19.016532871,-1.5839404109216129,-3.6707550131958455,0.0,-1.4622220293809018,0.3501,1.1905405405405405
19.04033164,-1.5830150025833924,-3.6792447676288136,0.0,-1.4340323950706788,0.35657999999999995,1.1770270270270269
19.064333485,-1.5818814168268662,-3.68748165613608,0.0,-1.4045223445419222,0.34685999999999995,1.2310810810810808
19.076324068,-1.5811889299329014,-3.691607938277381,0.0,-1.3896792801564202,0.3474,1.2324324324324323
19.100348153,-1.5796220537121592,-3.700164315031523,0.0,-1.3626062251339504,0.3634199999999999,1.1310810810810807
19.124301143,-1.577884386271922,-3.708389918815975,0.0,-1.3327975234383214,0.35064,1.243243243243243
19.136291205,-1.5768989250665948,-3.712452056579639,0.0,-1.3177990794095165,0.34685999999999995,1.2445945945945944
19.160474667,-1.5747014914199928,-3.7209515490523515,0.0,-1.2913774905891469,0.36593999999999993,1.1013513513513513
19.184714588,-1.5723799440803634,-3.729042672600375,0.0,-1.2625049684412115,0.35064,1.2027027027027024
19.196401626,-1.5711253455103347,-3.7329824432617373,0.0,-1.2475687532724944,0.34415999999999997,1.243243243243243
19.220553473,-1.5684043030958874,-3.7411055574592025,0.0,-1.219542372218049,0.3573,1.1689189189189189
19.244521359,-1.5653929350052231,-3.7493232312747233,0.0,-1.191873221453184,0.36504,1.1540540540540538
19.256373034,-1.5637893825430564,-3.7533505923225707,0.0,-1.1772316826269869,0.35928,1.2135135135135133
19.280729571,-1.5605544224796926,-3.761141396641586,0.0,-1.1453059289819887,0.35064,1.3270270270270268
19.304670269,-1.5570737869275268,-3.768821966468623,0.0,-1.1128128596167726,0.3528,1.3594594594594593
19.316600852,-1.555179792323022,-3.7726642101380126,0.0,-1.0961210495630296,0.35478,1.3824324324324322
19.340418215,-1.5513971359984142,-3.780025446099716,0.0,-1.0597467731698682,0.34559999999999996,1.5189189189189187
19.364347402,-1.5474208681395836,-3.7871165860736853,0.0,-1.0209356771846583,0.33912,1.6189189189189188
19.376653407,-1.5453179672913535,-3.7905475773244444,0.0,-1.00068046626952,0.33318,1.6770270270270269
19.400483114,-1.5406990198573232,-3.797751939697311,0.0,-0.9643689439016807,0.35766,1.5175675675675675
19.424428447,-1.5362128695011663,-3.804219727959488,0.0,-0.9224646993498792,0.32796,1.7459459459459457
19.436367728,-1.5339626321054247,-3.8071900435535806,0.0,-0.900138893634269,0.31013999999999997,1.858108108108108
19.46060343,-1.5297735503696825,-3.8124704553833446,0.0,-0.849601355105838,0.28008,2.0999999999999996
19.484323083,-1.5255638708307417,-3.8172586203233942,0.0,-0.797990204828201,0.26676,2.1594594594594594
19.496352365,-1.5233660911737417,-3.8195124578918,0.0,-0.7716998618915536,0.26261999999999996,2.193243243243243
19.520317334,-1.5191248425669284,-3.823639073797446,0.0,-0.7170193436896765,0.24641999999999997,2.2770270270270268
19.544330898,-1.5148992153759173,-3.827323009869787,0.0,-0.6606653809460763,0.23364,2.348648648648648
19.556453775,-1.5127570269484054,-3.828987857940885,0.0,-0.6319416712983551,0.22553999999999996,2.387837837837837
19.58063682,-1.5086867168216185,-3.8319677027962538,0.0,-0.5729294773608072,0.21023999999999998,2.459459459459459
19.60729016,-1.5045699964238337,-3.8346234376763744,0.0,-0.5135116651165018,0.20412,2.4756756756756753
19.616278046,-1.5024615520450557,-3.8358125543654205,0.0,-0.4835148240982417,0.20195999999999997,2.5027027027027025
19.640751355,-1.4983441226324352,-3.8379745610437324,0.0,-0.4222936288644146,0.19349999999999998,2.547297297297297
19.664308089,-1.4941466567805126,-3.8398605933157213,0.0,-0.3613008408846579,0.19188,2.543243243243243
19.676492374,-1.4920159300133373,-3.840665770932579,0.0,-0.3305069121068041,0.18881999999999996,2.5527027027027023
19.700288538,-1.4879465791255353,-3.8420619300248924,0.0,-0.26817939119503903,0.17928,2.5972972972972967
19.724395436,-1.483838028661739,-3.8431909558400412,0.0,-0.2060120327966129,0.1782,2.6
19.736313571,-1.4817330591762945,-3.843630845677168,0.0,-0.17491236666511695,0.17837999999999998,2.5797297297297295
19.760452032,-1.4772587400335804,-3.8444215395066044,0.0,-0.11461629254534074,0.18899999999999997,2.5081081081081074
19.784345229,-1.4725866985452363,-3.8449593888693365,0.0,-0.056417866324485706,0.19656,2.432432432432432
19.796353365,-1.4702378028361747,-3.8450920493350136,0.0,-0.02728291877965289,0.19619999999999996,2.4297297297297296
19.820706986,-1.4654936313543407,-3.8452215163050667,0.0,0.03125698470643984,0.19763999999999998,2.4378378378378374
19.844453619,-1.4607365452388188,-3.8450727756941374,0.0,0.08985373233680066,0.19746,2.431081081081081
19.856745352,-1.4583577558984884,-3.844858455497602,0.0,0.1191183576799037,0.19763999999999995,2.421621621621621
19.880509694,-1.4536066957108937,-3.844289824995843,0.0,0.1769106162647151,0.20106,2.428378378378378
19.904364765,-1.4488556983685235,-3.8434404434490816,0.0,0.23554684085676483,0.20087999999999998,2.44054054054054
19.916379672,-1.4465160221191617,-3.842878916546435,0.0,0.2647270499135263,0.20123999999999997,2.44054054054054
19.940520321,-1.4418257193803037,-3.841607424611046,0.0,0.32366681421988547,0.20178,2.447297297297297
19.96430336,-1.4372030950077768,-3.840056701129084,0.0,0.38219614609730884,0.20376,2.4459459459459456
19.9762541,-1.434942257857724,-3.8391479317282067,0.0,0.4114004193211915,0.2034,2.4378378378378374
20.000392092,-1.4304718985288474,-3.837197526540457,0.0,0.4702656958640521,0.20322,2.4527027027027026
20.025089571,-1.4260926963462155,-3.834971577215036,0.0,0.5286190052376386,0.20465999999999998,2.4310810810810803
20.036356239,-1.4239439383801367,-3.833716566282777,0.0,0.5579854272593624,0.20646,2.436486486486486
20.060327562,-1.4197495770425217,-3.8310986697503426,0.0,0.6160106729902938,0.20645999999999998,2.4229729729729725
20.084393678,-1.4156311377714295,-3.8281832120651025,0.0,0.6741489220396009,0.21005999999999994,2.42027027027027
20.096416189,-1.4136455804932222,-3.8265966931337307,0.0,0.7030871871441579,0.21114,2.4040540540540536
20.120348398,-1.4095132189066595,-3.823094187971782,0.0,0.7586616783614861,0.2259,2.317567567567567
20.144308106,-1.405338148708286,-3.8191366080769606,0.0,0.8123476067191093,0.23993999999999996,2.239189189189189
20.156496714,-1.403274237550068,-3.816958344999732,0.0,0.839010657177349,0.24714,2.1959459459459456
20.180760645,-1.399084690705119,-3.8122936445446327,0.0,0.8893440800830295,0.25973999999999997,2.085135135135135
20.205827817,-1.3950890242344212,-3.807367207140539,0.0,0.9378022309982245,0.26621999999999996,2.0337837837837838
20.216451767,-1.3932085859025847,-3.8048042914077906,0.0,0.9618924727397005,0.26658,2.02027027027027
20.240319599,-1.3894440272039335,-3.7994054376492294,0.0,1.0092327124449785,0.27468,1.9756756756756753
20.264377382,-1.3858555937053694,-3.793701633799908,0.0,1.0558023098438785,0.2808,1.9405405405405405
20.276443488,-1.3841647629900702,-3.79071395037291,0.0,1.0788417332967215,0.28512,1.9135135135135133
20.300420072,-1.3808145367506384,-3.7844623788717304,0.0,1.1219383243053842,0.29645999999999995,1.801351351351351
20.324280195,-1.3776978786957317,-3.777991549250292,0.0,1.163927352759211,0.29933999999999994,1.7499999999999996
20.336351249,-1.3762641130191344,-3.7746642809985986,0.0,1.1849232544856054,0.29988,1.7378378378378374
20.360654087,-1.373510113298629,-3.767885018182514,0.0,1.2265246104635796,0.30257999999999996,1.7202702702702701
20.374420789,-1.3720877968058636,-3.7639181660223278,0.0,1.2497429941237588,0.30438,1.6770270270270269
20.396309323,-1.369957946916551,-3.7575137354499604,0.0,1.2854876801860176,0.30798,1.631081081081081
20.414629474,-1.3683726312348876,-3.7521088344692095,0.0,1.3148350535298137,0.30942,1.6121621621621618
20.434406885,-1.3668133520550114,-3.7461506017080226,0.0,1.346457364438871,0.30978,1.5905405405405402
20.454420549,-1.3654323602867293,-3.7400983932824894,0.0,1.3783933269096824,0.30995999999999996,1.5945945945945945
20.474402181,-1.3642492106873156,-3.734025131411012,0.0,1.4097668125908545,0.30942,1.5689189189189185
20.49432449,-1.363259008476229,-3.727929177079898,0.0,1.4411894598608601,0.30942,1.5743243243243241
20.514714513,-1.3624557240109305,-3.721766065527612,0.0,1.4725046319016517,0.30978,1.5608108108108107
20.540463674,-1.3616700559828594,-3.713798594649704,0.0,1.5129140638102372,0.3087,1.5581081081081078
20.564344319,-1.3612414020529648,-3.7064012489623903,0.0,1.5506587002814542,0.30906,1.5743243243243241
20.576385007,-1.3611671515872497,-3.702714596584945,0.0,1.5695571731962816,0.30743999999999994,1.5756756756756756
20.600272111,-1.3611579912960543,-3.6953222228573352,0.0,1.607604839681537,0.30798,1.585135135135135
20.624520313,-1.3614307529568288,-3.6879152823687877,0.0,1.6456540542766138,0.30851999999999996,1.5837837837837834
20.636359123,-1.3617070513983407,-3.6842311984147886,0.0,1.664675787663706,0.30708,1.581081081081081
20.660250289,-1.362398267652831,-3.676890035505804,0.0,1.703040193231297,0.30726,1.5986486486486482
20.684573805,-1.3633707099556946,-3.6695795501457313,0.0,1.7413313614441763,0.30816,1.5999999999999996
20.696284489,-1.36400418854751,-3.665900976587371,0.0,1.7605893186707051,0.3096,1.5972972972972972
20.720336438,-1.3654016413267054,-3.658626561763427,0.0,1.799154277758598,0.30888,1.6081081081081077
20.744329324,-1.3670826490713015,-3.6513936819266273,0.0,1.8380483382543478,0.3096,1.6216216216216215
20.756416628,-1.368064254444046,-3.6478085886462077,0.0,1.8574673804163326,0.31013999999999997,1.6202702702702698
20.780314878,-1.3701651671252018,-3.6406818011469397,0.0,1.896274230617715,0.30995999999999996,1.6189189189189188
20.804349795,-1.3725479366992142,-3.6336213248334697,0.0,1.935104239639978,0.31067999999999996,1.6189189189189186
20.816576372,-1.3738942338823557,-3.6300907862575458,0.0,1.9547658640071381,0.31085999999999997,1.6175675675675671
20.840928273,-1.3766787079060119,-3.6231989136999796,0.0,1.9933449310311546,0.3114,1.6162162162162161
20.865569554,-1.3798409427037406,-3.6161659879692705,0.0,2.0335426804267716,0.30978,1.6148648648648645
20.87645632,-1.3814037387661804,-3.613033340733859,0.0,2.051628092503771,0.3105,1.604054054054054
20.90035358,-1.3848512458892581,-3.6064247241862932,0.0,2.0891810997198466,0.31301999999999996,1.5770270270270268
20.924298392,-1.388624439185948,-3.5998099500503127,0.0,2.126862408672375,0.3168,1.5675675675675673
20.936743201,-1.3906218312629801,-3.5965960362776364,0.0,2.145785211236623,0.31482,1.5743243243243241
20.960798588,-1.3947468522976685,-3.5902305549355256,0.0,2.1833922138171236,0.3159,1.5662162162162159
20.98473215,-1.399127519223348,-3.5839973018660163,0.0,2.2208102074915335,0.31751999999999997,1.559459459459459
20.996360541,-1.4014383448591188,-3.5809576469236633,0.0,2.2395745345150235,0.31788,1.5621621621621617
21.020957603,-1.4061890960490613,-3.5749460728260773,0.0,2.27671915744663,0.31805999999999995,1.5418918918918916
21.044582463,-1.4111583044773317,-3.569116843474273,0.0,2.313959428757167,0.32076,1.559459459459459
21.056457732,-1.4137897192525244,-3.566253206766491,0.0,2.332691513211879,0.32039999999999996,1.543243243243243
21.080859582,-1.4191661769116728,-3.5606178920086045,0.0,2.367904745252284,0.3258,1.4729729729729728
21.104362305,-1.4247760676462338,-3.55513787288358,0.0,2.4033468897364205,0.32742,1.4797297297297294
21.116707738,-1.4277060404933877,-3.5524719554170505,0.0,2.4212751581948257,0.32904,1.4891891891891889
21.141570792,-1.4337415203185557,-3.5471750385588336,0.0,2.457187298190499,0.3339,1.4932432432432432
21.164319963,-1.4399148549910517,-3.5421377602224657,0.0,2.492379802957325,0.3331799999999999,1.4716216216216211
21.176318463,-1.4431290869340572,-3.5396982768142617,0.0,2.5099251969526595,0.33534,1.458108108108108
21.200193744,-1.449676685814731,-3.5349075838090784,0.0,2.5439939750293465,0.33821999999999997,1.4202702702702703
21.224239026,-1.4564077829603137,-3.530326282375047,0.0,2.577701825717563,0.33947999999999995,1.4054054054054053
21.236361435,-1.4598609823746724,-3.5281425377852433,0.0,2.594552168339229,0.34109999999999996,1.4067567567567565
21.260319633,-1.466901505025525,-3.523854573742603,0.0,2.6278317129375726,0.34343999999999997,1.3864864864864863
21.284399187,-1.4740833945663097,-3.5198017844920138,0.0,2.6613530893669495,0.34307999999999994,1.3945945945945943
21.296346489,-1.4777455386520568,-3.5178941173255214,0.0,2.6781910831949833,0.34199999999999997,1.3945945945945943
21.320838236,-1.4850364807541925,-3.5142508883152237,0.0,2.711209172824491,0.34092,1.3810810810810807
21.344439762,-1.4924806674363493,-3.510833372050874,0.0,2.744601607975662,0.34109999999999996,1.3905405405405402
21.356421804,-1.4962315368908472,-3.5092608166670565,0.0,2.7613066621814912,0.34019999999999995,1.397297297297297
21.380547817,-1.5038295785654652,-3.5062235422457495,0.0,2.7958250799780533,0.34019999999999995,1.4351351351351351
21.4043282,-1.5114332077418384,-3.5034844147825046,0.0,2.8308300823864645,0.33696,1.4594594594594594
21.416778269,-1.5152798086639754,-3.502249007622331,0.0,2.8485980816875642,0.33462,1.4716216216216216
21.440415421,-1.5229167896343931,-3.499945106478034,0.0,2.8839740215207232,0.33336,1.4783783783783784
21.464559247,-1.5306490954283263,-3.4979078506636445,0.0,2.9195385781580487,0.33299999999999996,1.481081081081081
21.476363473,-1.5345414029762217,-3.497029056338676,0.0,2.9373377403783625,0.33264,1.4837837837837837
21.500589488,-1.5423733870647747,-3.495406710648626,0.0,2.9734308027018503,0.33299999999999996,1.5027027027027027
21.524319922,-1.5501747686792602,-3.494082308281241,0.0,3.009981436351419,0.3303,1.5256756756756755
21.536377173,-1.554099475484854,-3.4935627696398455,0.0,3.0285311015962666,0.32849999999999996,1.5391891891891891
21.560356986,-1.562007198327054,-3.4926648810806333,0.0,3.065493771200787,0.33227999999999996,1.543243243243243
21.584214454,-1.5699651368322352,-3.4920581191409634,0.0,3.1025208299310325,0.33264,1.543243243243243
21.59636431,-1.5739496597804556,-3.4919023572925014,0.0,3.120852388893164,0.33246,1.5283783783783782
21.620437666,-1.5819890848366363,-3.4917355935765273,0.0,-3.1257081741546657,0.33407999999999993,1.5216216216216214
21.645021498,-1.5900596112888463,-3.4918638004710822,0.0,-3.088245707682758,0.33192,1.5405405405405403
21.656389885,-1.5939186728889394,-3.492069865138193,0.0,-3.0703345724989632,0.33209999999999995,1.5391891891891891
21.680300374,-1.6019282824300052,-3.4926415825446213,0.0,-3.0339041646397917,0.3348,1.5189189189189187
21.704435502,-1.6100708423526724,-3.4935218479094488,0.0,-2.9992469511451945,0.34074,1.441891891891892
21.716216499,-1.6141765230022467,-3.4941102534338238,0.0,-2.982837938067162,0.34704,1.3729729729729727
21.742035661,-1.6228964158672388,-3.49550632572971,0.0,-2.9564031299031357,0.36701999999999996,1.0986486486486484
21.764232897,-1.631748329010857,-3.497164607809041,0.0,-2.934987311199008,0.3761999999999999,0.8945945945945944
21.776696872,-1.636249011448411,-3.4981079333888863,0.0,-2.925384856008306,0.38051999999999997,0.7945945945945945
21.800284232,-1.6454414398634605,-3.5001269670278923,0.0,-2.9119893484149046,0.39402,0.5608108108108107
21.82444285,-1.654822547854014,-3.502319566101994,0.0,-2.9015547811309674,0.40049999999999997,0.43378378378378385
21.836269004,-1.6595311098605987,-3.5034720188765522,0.0,-2.8969324157980183,0.40247999999999995,0.3837837837837837
21.860277775,-1.6688780807357189,-3.505805599515093,0.0,-2.8894927637932555,0.40247999999999995,0.31081081081081086
21.884666969,-1.6786222197569471,-3.5083154941237056,0.0,-2.8852400758106413,0.41885999999999995,0.17702702702702683
21.89651703,-1.6835449710951906,-3.509605844568592,0.0,-2.8835409471441964,0.42497999999999997,0.14189189189189197
21.920426633,-1.6934637332084304,-3.5122237674333614,0.0,-2.879988403671588,0.42533999999999994,0.14729729729729726
21.944460041,-1.703548121316452,-3.5149237620621943,0.0,-2.8788899873689346,0.43668,0.04594594594594592
21.956329321,-1.7086640204388865,-3.5162995171609954,0.0,-2.878776768507278,0.44261999999999996,0.009459459459459496
21.980332415,-1.7193028344769727,-3.519161772711961,0.0,-2.8797177734536903,0.45882,-0.03918918918918931
22.00427879,-1.7300268037842839,-3.5220361193476193,0.0,-2.8804634356145145,0.46277999999999997,-0.031081081081081135
22.016448803,-1.735414653386667,-3.5234759199756147,0.0,-2.880723489713104,0.46368,-0.021621621621621637
22.040389605,-1.746242309813653,-3.5263663891656107,0.0,-2.8807883588978442,0.46692,-0.0027027027027026447
22.065233753,-1.757193336676926,-3.529289031397772,0.0,-2.8817619572749735,0.47195999999999994,-0.04054054054054039
22.076630474,-1.7627999857571746,-3.530779504475094,0.0,-2.8826313950855096,0.47789999999999994,-0.07162162162162153
22.10049065,-1.773878195583955,-3.5337142285867937,0.0,-2.8834059358578217,0.47988,-0.03243243243243222
22.124513328,-1.785027073119237,-3.536658433888965,0.0,-2.8846370913822015,0.48095999999999994,-0.05135135135135145
22.136659331,-1.790674570148044,-3.538142394406343,0.0,-2.885274793099781,0.48258,-0.05270270270270253
22.160342369,-1.8019281774388132,-3.541091769818386,0.0,-2.886759507427412,0.48708,-0.06216216216216203
22.18445359,-1.8133729074373397,-3.5440730829291893,0.0,-2.8889345894923637,0.4923,-0.09054054054054052
22.196350839,-1.8190792588460365,-3.5455463214563037,0.0,-2.889967300212119,0.49356,-0.08648648648648631
22.220379194,-1.830573124432311,-3.5485010950808165,0.0,-2.891525830864977,0.49391999999999997,-0.06486486486486491
22.244361715,-1.8420096660509082,-3.5514221376514143,0.0,-2.893208827614855,0.49283999999999994,-0.0702702702702702
22.25696288,-1.8478402617748244,-3.5529008996482907,0.0,-2.894107760703305,0.49733999999999995,-0.07432432432432441
22.28046753,-1.8595618472036861,-3.5558625286878396,0.0,-2.896667726391128,0.50418,-0.10675675675675686
22.304291976,-1.8711650401714963,-3.5587626644610753,0.0,-2.8987694199955585,0.49986,-0.08783783783783787
22.316284799,-1.877058636774072,-3.5602225736757984,0.0,-2.8996214480948326,0.50076,-0.0702702702702702
22.344373732,-1.8896820399848644,-3.5633381175401038,0.0,-2.9012593843776373,0.50418,-0.06351351351351359
22.364388438,-1.9005409030182423,-3.5659992986584617,0.0,-2.9029345030044014,0.50508,-0.07567567567567574
22.376385792,-1.9064131938347246,-3.5674279974233976,0.0,-2.9036330381889983,0.50274,-0.05810810810810806
22.400322636,-1.9180587535017024,-3.570252688516841,0.0,-2.904537850872926,0.50112,-0.037837837837837986
22.424454638,-1.9297573551711136,-3.5730790398868137,0.0,-2.9054807338489312,0.50022,-0.039189189189189066
22.436328293,-1.935601552799848,-3.574485151944912,0.0,-2.905869763377565,0.50112,-0.03243243243243222
22.460355346,-1.9474045846046208,-3.577320100496887,0.0,-2.9072977501927384,0.5054399999999999,-0.059459459459459386
22.485673146,-1.9591105986950494,-3.580114072204402,0.0,-2.9079795261621784,0.5009399999999999,-0.028378378378378248
22.496468765,-1.964931679748075,-3.581499243940078,0.0,-2.9082226986144364,0.49878,-0.020270270270270316
22.520388369,-1.976575971825611,-3.5842671025221313,0.0,-2.909421634123176,0.49914,-0.05000000000000013
22.544643811,-1.9881828305449958,-3.5870113651975246,0.0,-2.9094541354083234,0.4958999999999999,-0.0013513513513513224
22.556407516,-1.9939825706728442,-3.5883824252384495,0.0,-2.9095994531432283,0.49878,-0.01216216216216214
22.580419465,-2.0055233263394623,-3.5911088920733016,0.0,-2.9102478679096877,0.49428,-0.027027027027026928
22.604384486,-2.0171369339803285,-3.5938446204445653,0.0,-2.9111225667161436,0.4976999999999999,-0.03648648648648666
22.616548561,-2.0229832949970956,-3.5952164063576872,0.0,-2.9116602466848023,0.49806,-0.0445945945945946
22.640969787,-2.0345874170907994,-3.5979326071754323,0.0,-2.9129607233776214,0.49536,-0.05405405405405409
22.664711836,-2.046139543606429,-3.600620795701905,0.0,-2.9140919647636125,0.4958999999999999,-0.047297297297297244
22.677332272,-2.0519630694743687,-3.601968991833648,0.0,-2.9145485569625706,0.49535999999999997,-0.037837837837837986
22.700431447,-2.06354884821728,-3.6046456259640958,0.0,-2.915227058220593,0.49734,-0.028378378378378248
22.724265165,-2.07520119585681,-3.607329312535585,0.0,-2.916522444354554,0.49895999999999996,-0.05405405405405409
22.736581638,-2.0810951030511013,-3.608678718217188,0.0,-2.917161327210677,0.49878,-0.052702702702702775
22.760385771,-2.0927340383383695,-3.6113356192736807,0.0,-2.917646497742608,0.49878,-0.020270270270270316
22.784296937,-2.1042591659638665,-3.6139606582758637,0.0,-2.918778810401291,0.49373999999999996,-0.04729729729729748
22.796383356,-2.1100905799629524,-3.6152819158058938,0.0,-2.919464388824862,0.49499999999999994,-0.05675675675675698
22.820326762,-2.12180978018933,-3.617928757870263,0.0,-2.92076126990777,0.50076,-0.054054054054053856
22.844296731,-2.1334743004847514,-3.62054735567798,0.0,-2.92166719220465,0.49932,-0.03783783783783774
22.856271377,-2.1393353806122355,-3.6218575483101074,0.0,-2.922139745560925,0.49806,-0.03918918918918931
22.880865886,-2.150991208819414,-3.6244573230029706,0.0,-2.9233386214650197,0.49806,-0.049999999999999885
22.9043859,-2.1627190152135918,-3.627058396346354,0.0,-2.924960673271086,0.5004,-0.06756756756756756
22.91634315,-2.1685642803607483,-3.628344855208596,0.0,-2.9257688317074284,0.5004,-0.06756756756756756
22.940424475,-2.1802704161715645,-3.6309112905918264,0.0,-2.926677631781003,0.49895999999999996,-0.03783783783783774
22.964462466,-2.1919375669722694,-3.633458068420202,0.0,-2.92752219608998,0.49679999999999996,-0.0351351351351351
22.976326954,-2.197764809390434,-3.634724919897099,0.0,-2.9279750715366064,0.49823999999999996,-0.037837837837837986
23.000408799,-2.2095599084183344,-3.6372835989647476,0.0,-2.9293381363283246,0.50256,-0.05675675675675674
23.024367987,-2.221354501689278,-3.6398253399574974,0.0,-2.931025170729056,0.50256,-0.07027027027027044
23.036363779,-2.227217547483379,-3.641078482621428,0.0,-2.9315279968011354,0.49949999999999994,-0.041891891891891714
23.060886412,-2.238971027455259,-3.643584442549808,0.0,-2.933180189226205,0.5013,-0.06891891891891888
23.084417052,-2.2507662569014473,-3.646078937157298,0.0,-2.9344806401440295,0.50112,-0.054054054054053856
23.096430396,-2.256623597857817,-3.64730971154899,0.0,-2.9351116948160567,0.49985999999999997,-0.052702702702702775
23.120333749,-2.268273679347664,-3.6497500107375456,0.0,-2.936409606898208,0.49571999999999994,-0.05405405405405409
23.144502002,-2.2798769156381917,-3.652164780946532,0.0,-2.937480065400577,0.49373999999999996,-0.0445945945945946
23.156619775,-2.2856715715142317,-3.6533642469685534,0.0,-2.93790070150031,0.49428,-0.0351351351351351
23.18035422,-2.297352872638633,-3.65577709670898,0.0,-2.939132726285932,0.49715999999999994,-0.05135135135135145
23.204271428,-2.309200684387166,-3.658209124601524,0.0,-2.939683435185556,0.50454,-0.02297297297297296
23.216598735,-2.3152300475530505,-3.6594433260665142,0.0,-2.9397494410469975,0.504,-0.0054054054054052895
23.236322134,-2.3248538103339595,-3.661412633830332,0.0,-2.9386790833892307,0.49608,0.05405405405405409
23.254449418,-2.333637638851703,-3.6632198637654447,0.0,-2.938972442630201,0.49571999999999994,-0.01621621621621611
23.274595636,-2.34329612357513,-3.6652040967861357,0.0,-2.939513169523862,0.49283999999999994,-0.027027027027026928
23.294690811,-2.3529718869501184,-3.6671864273657704,0.0,-2.940053619336466,0.4939199999999999,-0.027027027027027167
23.320365595,-2.3656154931829447,-3.669769678109857,0.0,-2.942049400319958,0.49806,-0.07702702702702681
23.344566661,-2.377341154598156,-3.6721410121387494,0.0,-2.9434471356836824,0.49733999999999995,-0.05810810810810806
23.356423232,-2.3832069733594348,-3.6733187516609482,0.0,-2.944275614471066,0.4976999999999999,-0.06891891891891888
23.374484473,-2.3918941997925955,-3.6750554875462536,0.0,-2.944421683224489,0.49176,-0.008108108108107933
23.40041999,-2.4045307076885676,-3.6775798377101028,0.0,-2.9452275837724486,0.49698,-0.031081081081081135
23.424488398,-2.4161497997994674,-3.679891206400789,0.0,-2.945811858786142,0.4931999999999999,-0.02432432432432428
23.436323042,-2.421878211551505,-3.6810272718080284,0.0,-2.9455692711037913,0.48797999999999997,0.020270270270270316
23.460309626,-2.4334329637178054,-3.6833217373788307,0.0,-2.9460231479084613,0.49104,-0.018918918918918993
23.484624652,-2.444859632785379,-3.6855853787452,0.0,-2.945536397048001,0.48510000000000003,0.020270270270270316
23.496310335,-2.4505184672833065,-3.686709265699208,0.0,-2.944936845847123,0.48113999999999996,0.05000000000000013
23.520907709,-2.462262885671226,-3.6890491152351688,0.0,-2.9453589311452064,0.4984199999999999,-0.01756756756756767
23.545242214,-2.4740455669608594,-3.6913914176519214,0.0,-2.946562325081358,0.49914,-0.05000000000000013
23.556624716,-2.4799015441461734,-3.6925482151026445,0.0,-2.947113176387758,0.49788,-0.04594594594594592
23.580486715,-2.491542216142407,-3.694841067011132,0.0,-2.9486985404073054,0.49554,-0.06621621621621623
23.604369443,-2.5032706198512673,-3.697131890194911,0.0,-2.9504500257937267,0.49788,-0.07297297297297285
23.616369714,-2.5091738582919283,-3.6982741962819974,0.0,-2.951293777546438,0.50076,-0.0702702702702702
23.640231869,-2.520927814486941,-3.7005383583476505,0.0,-2.952039143294981,0.49914,-0.031081081081081135
23.664469237,-2.5328260007964123,-3.702821107170864,0.0,-2.9535014401546236,0.50382,-0.060810810810810946
23.67666248,-2.5387965218667814,-3.7039575431656493,0.0,-2.9541046033969693,0.50382,-0.049999999999999885
23.700567708,-2.550246651539892,-3.7061298186092015,0.0,-2.9535555376524045,0.48762,0.02297297297297296
23.724187672,-2.561843659789053,-3.7083365566918043,0.0,-2.953879703151286,0.49211999999999995,-0.013513513513513703
23.736349456,-2.567695048621754,-3.709448023528003,0.0,-2.954123513534326,0.49517999999999995,-0.020270270270270316
23.760279268,-2.5793977355465514,-3.711667983917744,0.0,-2.954674518201854,0.49662,-0.02297297297297296
23.784292467,-2.591076134054117,-3.7138766711633426,0.0,-2.955257296977875,0.49607999999999997,-0.02432432432432428
23.796728005,-2.597032429103163,-3.714999565663431,0.0,-2.955878855502347,0.50076,-0.05135135135135121
23.820346302,-2.608796088648287,-3.7172097071487453,0.0,-2.957301115116634,0.5004,-0.059459459459459386
23.844349136,-2.6205737688278794,-3.719405145234436,0.0,-2.9583073465534953,0.49878,-0.04189189189189195
23.856196697,-2.6264421960084063,-3.720492950139304,0.0,-2.9588733055431207,0.49878,-0.047297297297297244
23.880539223,-2.635441489411308,-3.722155842457925,0.0,-2.9387039314380403,0.38016,0.8378378378378377
23.904625547,-2.6427152273404397,-3.7236521902213893,0.0,-2.906341684924668,0.30978,1.3499999999999999
23.916476285,-2.6462008566248074,-3.724487657479588,0.0,-2.8892526421322047,0.29988,1.4297297297297293
23.940390785,-2.6530838943421893,-3.7262623523581877,0.0,-2.85382799724958,0.29556,1.4729729729729728
23.964361066,-2.659977671239785,-3.728302772471069,0.0,-2.819280447602337,0.30006,1.4418918918918917
23.976378004,-2.6633581891366176,-3.729431721802219,0.0,-2.8015725816553485,0.29592,1.4702702702702701
24.000236409,-2.669998694472602,-3.731780863395496,0.0,-2.764503897618694,0.29375999999999997,1.545945945945946
24.024378047,-2.676512693599415,-3.7343606738387995,0.0,-2.7282384309544185,0.29214,1.5121621621621621
24.036266598,-2.679829759142623,-3.7358156213525677,0.0,-2.7108276967391145,0.30222,1.4527027027027024
24.060467299,-2.6863142940173783,-3.738795571205986,0.0,-2.675109597248094,0.297,1.4864864864864862
24.085010713,-2.69268397732883,-3.7420030211015467,0.0,-2.6387934050979838,0.2943,1.4986486486486483
24.096381861,-2.695703929047078,-3.743663821625088,0.0,-2.6208900107855144,0.29214,1.5175675675675675
24.120384956,-2.7022054305882506,-3.747392401512898,0.0,-2.5871556092888413,0.31283999999999995,1.408108108108108
24.145433377,-2.708422309129821,-3.7512420594856453,0.0,-2.5503818683657595,0.29988,1.5081081081081078
24.156504104,-2.711333120843425,-3.7531961184045737,0.0,-2.532371494670271,0.29645999999999995,1.5229729729729726
24.180357821,-2.7172016142410507,-3.7572909195166493,0.0,-2.4972314342583517,0.30078,1.4770270270270267
24.204317478,-2.723048794977285,-3.761684168302217,0.0,-2.46164195385826,0.30492,1.4837837837837837
24.216809891,-2.7258846845870286,-3.7639772114664027,0.0,-2.4431972823562784,0.30005999999999994,1.517567567567567
24.240640431,-2.731268661486789,-3.76849732414864,0.0,-2.406266623345671,0.29375999999999997,1.5432432432432428
24.264330083,-2.736747708657124,-3.773453424121066,0.0,-2.372146361676512,0.3087,1.4256756756756757
24.276712704,-2.7394174266734117,-3.776039298491232,0.0,-2.3545058805524506,0.30635999999999997,1.454054054054054
24.300427565,-2.7445204458746995,-3.7811595808745353,0.0,-2.318723478281909,0.30222,1.4959459459459457
24.324326074,-2.7496178954250037,-3.7866541083834186,0.0,-2.284781380695348,0.31301999999999996,1.4175675675675672
24.336242803,-2.7520942488552245,-3.789512049254635,0.0,-2.267629741427142,0.31283999999999995,1.4189189189189186
24.360399128,-2.7566856005539506,-3.7949982585000073,0.0,-2.2306507620586857,0.29933999999999994,1.547297297297297
24.3842767,-2.7612092423124093,-3.800828657761484,0.0,-2.1946462187542424,0.30743999999999994,1.4999999999999998
24.39646489,-2.763427962729703,-3.8039113394818203,0.0,-2.1773362566620293,0.31607999999999997,1.4405405405405403
24.420417463,-2.7675448389766633,-3.809845310395929,0.0,-2.13961872322828,0.30042,1.5689189189189185
24.44460806,-2.771389548515449,-3.8158591678405607,0.0,-2.101582875538624,0.29772,1.5864864864864863
24.456309108,-2.7732620529448377,-3.8190492651981716,0.0,-2.0833983499586126,0.3087,1.5175675675675675
24.480304963,-2.776878925860022,-3.8254760640590453,0.0,-2.046833935392995,0.30743999999999994,1.524324324324324
24.504333474,-2.7801606266605257,-3.8318410703847046,0.0,-2.0094238485163616,0.29825999999999997,1.558108108108108
24.516183275,-2.7816977738204063,-3.835117836458057,0.0,-1.9909360886555716,0.30185999999999996,1.5418918918918916
24.540428508,-2.7847075082458046,-3.8418549388873453,0.0,-1.9539510109264724,0.30761999999999995,1.5418918918918916
24.564585979,-2.7874248619851474,-3.848596492468376,0.0,-1.916122508786954,0.30276,1.5756756756756756
24.576624063,-2.7886814140234097,-3.852089428811167,0.0,-1.8971391711010726,0.306,1.5648648648648644
24.600443561,-2.791104547871654,-3.8592490644831985,0.0,-1.861239954681123,0.31554,1.4986486486486483
24.624421759,-2.7931938594295764,-3.866239160277515,0.0,-1.8236064502646185,0.30257999999999996,1.5608108108108107
24.636344477,-2.7940816187864574,-3.869675593740337,0.0,-1.804957422465988,0.29988,1.5756756756756756
24.660375801,-2.79582647698919,-3.8769904296804487,0.0,-1.7685524345379644,0.3132,1.516216216216216
24.684688692,-2.797254682619037,-3.884118093571577,0.0,-1.7309493632865396,0.3033,1.5689189189189185
24.696423126,-2.79783705060312,-3.887723272785451,0.0,-1.7121390498297855,0.30276,1.559459459459459
24.720335489,-2.79900975444897,-3.8959648296626046,0.0,-1.6829954715324065,0.3474,1.216216216216216
24.744367386,-2.8002444682891103,-3.9069232764811463,0.0,-1.673515068611705,0.45899999999999996,0.3945945945945948
24.756418648,-2.800845918417517,-3.912757979089592,0.0,-1.6713376336131047,0.4878,0.18108108108108104
24.780442784,-2.8020815793160905,-3.925006621435654,0.0,-1.6723746435997795,0.5133599999999999,-0.04324324324324327
24.805057553,-2.803323250491911,-3.937188331954477,0.0,-1.673443198941966,0.5110199999999999,-0.0445945945945946
24.816482608,-2.8039533420057747,-3.943305196340545,0.0,-1.6738831798097193,0.50994,-0.03648648648648666
24.84033419,-2.8052044971811805,-3.9553990766872804,0.0,-1.6746594758582616,0.50796,-0.032432432432432455
24.864543381,-2.806480458143516,-3.96763989072884,0.0,-1.6752454964825871,0.51084,-0.02432432432432428
24.87703668,-2.8071173332378097,-3.9737151652982634,0.0,-1.6756333197420885,0.51084,-0.032432432432432455
24.904508208,-2.8086080388882118,-3.9878823047405345,0.0,-1.6769163828573839,0.5101199999999999,-0.04594594594594592
24.920275198,-2.8094707097790863,-3.995980963711209,0.0,-1.67739238555056,0.5086799999999999,-0.02972972972972981
24.944480691,-2.810770346192263,-4.008126911950751,0.0,-1.6783029447666264,0.5076,-0.03783783783783774
24.956299032,-2.811423225766906,-4.01417642211629,0.0,-1.6788369353688624,0.5081399999999999,-0.0445945945945946
24.980564057,-2.8127580484497643,-4.02648313678731,0.0,-1.6818829099198767,0.5162399999999999,-0.12702702702702717
25.004226939,-2.814125624892038,-4.038743360915761,0.0,-1.6840201694547674,0.5148,-0.0891891891891892
25.016482734,-2.8148309416017177,-4.044946119502117,0.0,-1.684887780141294,0.51534,-0.07162162162162153
25.040575048,-2.8162241019909025,-4.057104000206846,0.0,-1.6866993540977675,0.5112,-0.07567567567567574
25.064367307,-2.817653233420849,-4.069379143545678,0.0,-1.688521085974442,0.5133599999999999,-0.07567567567567549
25.077031493,-2.8183805020831283,-4.075528281512635,0.0,-1.6895309529724458,0.51372,-0.08378378378378366
25.100453121,-2.8198200255169366,-4.087595126336978,0.0,-1.690853188904653,0.5092199999999999,-0.055405405405405415
25.124570904,-2.8212993857779014,-4.099858030226613,0.0,-1.6926089716248625,0.5133599999999999,-0.07297297297297285
25.136481331,-2.8220453060794233,-4.105951217401658,0.0,-1.6933665962767877,0.51462,-0.06351351351351335
25.161173549,-2.8235360661504103,-4.118052741905537,0.0,-1.6947968938190583,0.50688,-0.05945945945945962
25.18433059,-2.8250235290047887,-4.129986810037398,0.0,-1.6955404069907858,0.50274,-0.031081081081081135
25.196387581,-2.825781194499805,-4.136029031665996,0.0,-1.6958983357823585,0.5058,-0.02972972972972981
25.220283798,-2.827300804925739,-4.148112567284083,0.0,-1.6944377642355575,0.50706,0.060810810810810946
25.244324029,-2.828779383257928,-4.160010165931862,0.0,-1.6913273219451084,0.5000399999999999,0.1297297297297296
25.256350863,-2.8294965330288044,-4.165931244997658,0.0,-1.6892860941920118,0.49751999999999996,0.17027027027027022
25.281227927,-2.8309169041482116,-4.1778623818916385,0.0,-1.680640832891426,0.48456,0.3486486486486486
25.305572381,-2.8321145525706433,-4.188721620258906,0.0,-1.6695061681368046,0.47069999999999995,0.4797297297297295
25.31655144,-2.832669442429933,-4.194324774571268,0.0,-1.6630103940223493,0.46619999999999995,0.5378378378378376
25.340349843,-2.833654611906588,-4.204977980536633,0.0,-1.645279861556601,0.44765999999999995,0.7418918918918919
25.364264134,-2.8344284744541666,-4.215348473062991,0.0,-1.624724092125986,0.43343999999999994,0.8567567567567569
25.376245499,-2.8347041630867156,-4.2204556998526135,0.0,-1.6135279543626224,0.42533999999999994,0.931081081081081
25.400312761,-2.8351206212246134,-4.230195666421878,0.0,-1.5871874439684872,0.40662,1.0986486486486484
25.424831591,-2.8352791588425714,-4.239866966919078,0.0,-1.558101024270128,0.39636,1.1918918918918917
25.436212375,-2.8352214148893724,-4.244415172906424,0.0,-1.5438738137613213,0.39186,1.2256756756756755
25.46031146,-2.8349753004985514,-4.25355454725171,0.0,-1.5120023277289774,0.38106,1.3283783783783782
25.48482477,-2.8344446970747414,-4.262568934880855,0.0,-1.4790800011770797,0.37583999999999995,1.37027027027027
25.49647764,-2.8340339094807865,-4.2670352620277034,0.0,-1.462455216063104,0.37260000000000004,1.381081081081081
25.520290419,-2.8330763068721736,-4.275839426506294,0.0,-1.428597811199593,0.37043999999999994,1.416216216216216
25.544763624,-2.8318133646734855,-4.2846610255927,0.0,-1.3939022632193725,0.3679199999999999,1.4324324324324322
25.556410921,-2.8310495012018486,-4.288934087702791,0.0,-1.3768883963824252,0.36683999999999994,1.4378378378378378
25.581228142,-2.8293684793991463,-4.297494334978388,0.0,-1.3418130311741392,0.36197999999999997,1.455405405405405
25.604722427,-2.8273964125872566,-4.305955556409319,0.0,-1.30623858499858,0.36269999999999997,1.485135135135135
25.616374255,-2.826267374899177,-4.310123165334066,0.0,-1.2883805746292136,0.36072,1.4918918918918915
25.640315526,-2.8238895744572834,-4.318317626826431,0.0,-1.2516145391368652,0.35657999999999995,1.5364864864864864
25.664446018,-2.821211928991,-4.32641988001989,0.0,-1.214928100009344,0.3555,1.528378378378378
25.678041884,-2.819529240670025,-4.33094697190461,0.0,-1.1940271481598885,0.35441999999999996,1.5337837837837835
25.700353548,-2.8166083190305633,-4.338329164233924,0.0,-1.1600549363736676,0.35495999999999994,1.5189189189189187
25.724320444,-2.813209756519284,-4.346132750002241,0.0,-1.1236239208692906,0.35423999999999994,1.5162162162162158
25.736468322,-2.811336065071849,-4.350039754160435,0.0,-1.1050658236614324,0.35369999999999996,1.5148648648648648
25.764351105,-2.806985211194929,-4.358696337985689,0.0,-1.0622047422030063,0.34884,1.543243243243243
25.776430388,-2.8049432224331974,-4.362359025259716,0.0,-1.0437653226756949,0.34758,1.5283783783783782
25.800666714,-2.800762300586725,-4.369543533792492,0.0,-1.0073429810969814,0.34757999999999994,1.5229729729729726
25.824507931,-2.796289391791652,-4.376623489515189,0.0,-0.9711282943681694,0.34812,1.5054054054054054
25.836747268,-2.7939482271086447,-4.380047999328898,0.0,-0.9530945482416213,0.34722,1.5094594594594595
25.860347492,-2.7891653332324453,-4.386780248770847,0.0,-0.9164011856318679,0.34397999999999995,1.5283783783783782
25.884495537,-2.7841851678003615,-4.393271915483631,0.0,-0.8794677387348159,0.34037999999999996,1.5364864864864864
25.896534142,-2.781563926055278,-4.396439303044018,0.0,-0.8609611247972409,0.34164,1.5378378378378375
25.920441349,-2.776297948354908,-4.402567933557496,0.0,-0.8236576532319887,0.33749999999999997,1.558108108108108
25.94504716,-2.7708119291919346,-4.4084906585541335,0.0,-0.785525352339603,0.33587999999999996,1.586486486486486
25.956339296,-2.767997539754648,-4.4113057640009234,0.0,-0.7663252651015982,0.33227999999999996,1.6027027027027023
25.980526716,-2.7623985636034445,-4.4166951351054715,0.0,-0.7265972309145765,0.32381999999999994,1.6554054054054053
26.004304703,-2.7567389860473055,-4.42172541370675,0.0,-0.6850953879518457,0.31607999999999997,1.7324324324324323
26.01735926,-2.7538234435363624,-4.424107772732232,0.0,-0.663604945198996,0.31085999999999997,1.7743243243243239
26.040382132,-2.748205179056376,-4.428500679617107,0.0,-0.6177579751821,0.29807999999999996,1.916216216216216
26.064277985,-2.742537069096065,-4.432528040093145,0.0,-0.5696394934171692,0.28997999999999996,2.0067567567567566
26.076924203,-2.7396642187126083,-4.434367985998651,0.0,-0.5447487310107547,0.28116,2.051351351351351
26.100392654,-2.7342007463035087,-4.437678321000732,0.0,-0.4936958951854379,0.26783999999999997,2.14054054054054
26.124407415,-2.7288220091454636,-4.440572861152099,0.0,-0.44030456745635005,0.25415999999999994,2.221621621621621
26.136482323,-2.726127562489179,-4.441842356836374,0.0,-0.41302826156176164,0.24731999999999998,2.264864864864865
26.160333696,-2.7211644431412463,-4.444017375765204,0.0,-0.3566824794751099,0.22626,2.3527027027027025
26.184464084,-2.716312231175638,-4.445825407073282,0.0,-0.29835409354207193,0.21581999999999998,2.431081081081081
26.196421438,-2.713915119046016,-4.446562599989798,0.0,-0.268618626301459,0.2088,2.4756756756756753
26.22044573,-2.709547398276487,-4.447764909138778,0.0,-0.20715333587103965,0.18864,2.5594594594594593
26.244307156,-2.7054205348998837,-4.448632244807869,0.0,-0.14386709551241803,0.17586,2.6391891891891888
26.256498419,-2.703376187043722,-4.448928405305589,0.0,-0.11128510117218435,0.16938,2.6716216216216213
26.280451252,-2.699981954548797,-4.449307699881721,0.0,-0.04549400010311753,0.14346,2.7635135135135136
26.304381637,-2.6968453095340816,-4.449450496939822,0.0,0.02256183840445805,0.13068,2.832432432432432
26.316293834,-2.695408948602542,-4.449418084496702,0.0,0.05659983954227391,0.12024,2.8486486486486484
26.340490004,-2.693174245925023,-4.449291465445034,0.0,0.12738407132100493,0.09323999999999999,2.948648648648648
26.364281741,-2.6915966038310097,-4.44908940486228,0.0,0.1984454634091876,0.06624,2.9594594594594588
26.376294616,-2.69100637237685,-4.448970713962307,0.0,0.23372648687286957,0.05003999999999999,2.9324324324324325
26.400212605,-2.691111025377872,-4.448995629497393,0.0,0.29992090196533777,-0.0045,2.7689189189189185
26.424419556,-2.691888932221519,-4.449236196865874,0.0,0.35623879713291867,-0.033839999999999995,2.34054054054054
26.437267808,-2.692383638779134,-4.449420284505229,0.0,0.3810347156620125,-0.0441,2.0716216216216217
26.46035917,-2.6936460107321127,-4.449926007123361,0.0,0.41432088733030675,-0.05669999999999999,1.3878378378378375
26.484470964,-2.6947203982547747,-4.450398499144847,0.0,0.4381542481956033,-0.04877999999999999,0.9905405405405404
26.496447954,-2.6951804169925286,-4.450614030642369,0.0,0.4476483402090012,-0.04229999999999999,0.7905405405405403
26.52029766,-2.695658420076407,-4.450843547623262,0.0,0.4549951220556508,-0.022139999999999996,0.30675675675675673
26.53634455,-2.6958423792128516,-4.450933546082771,0.0,0.45709564257625035,-0.012779999999999998,0.13108108108108105
26.556461184,-2.6959910969470786,-4.4510066909176595,0.0,0.45871855784419474,-0.00828,0.08108108108108109
26.574466695,-2.6960524581790413,-4.451036994394242,0.0,0.45933020621045423,-0.00378,0.03378378378378378
26.594403534,-2.696078261330333,-4.451049757015738,0.0,0.4592761766941905,-0.0014399999999999999,-0.002702702702702703
26.614515377,-2.6961560541493874,-4.4510882292671,0.0,0.4586789246216811,-0.00432,-0.029729729729729724
26.640387976,-2.696222620670375,-4.451121100113736,0.0,0.45812156642118546,-0.0028799999999999997,-0.02162162162162162
26.654371035,-2.696240872686127,-4.451130100390958,0.0,0.45796878521820056,-0.0014399999999999999,-0.01081081081081081
26.674435116,-2.696247332892874,-4.451133284765713,0.0,0.4579147131731972,-0.00035999999999999997,-0.0027027027027027024
26.694503624,-2.696247332892874,-4.451133284765713,0.0,0.4579147131731972,-0.0,0.0
26.714464162,-2.696247332892874,-4.451133284765713,0.0,0.4579147131731972,-0.0,0.0
26.740985417,-2.696247332892874,-4.451133284765713,0.0,0.4579147131731972,-0.0,0.0
26.760529855,-2.696247332892874,-4.451133284765713,0.0,0.4579147131731972,-0.0,0.0
26.784332373,-2.696247332892874,-4.451133284765713,0.0,0.4579147131731972,-0.0,0.0
26.796281967,-2.696247332892874,-4.451133284765713,0.0,0.4579147131731972,-0.0,0.0
26.820507616,-2.696247332892874,-4.451133284765713,0.0,0.4579147131731972,-0.0,0.0
26.844327322,-2.696247332892874,-4.451133284765713,0.0,0.4579147131731972,-0.0,0.0
26.856386761,-2.696247332892874,-4.451133284765713,0.0,0.4579147131731972,-0.0,0.0
26.880456054,-2.696247332892874,-4.451133284765713,0.0,0.4579147131731972,-0.0,0.0
26.894496978,-2.696247332892874,-4.451133284765713,0.0,0.4579147131731972,-0.0,0.0
26.91445085,-2.696247332892874,-4.451133284765713,0.0,0.4579147131731972,-0.0,0.0
26.934458211,-2.696247332892874,-4.451133284765713,0.0,0.4579147131731972,-0.0,0.0
26.954557188,-2.696247332892874,-4.451133284765713,0.0,0.4579147131731972,-0.0,0.0
26.974487674,-2.696247332892874,-4.451133284765713,0.0,0.4579147131731972,-0.0,0.0
26.994402743,-2.696247332892874,-4.451133284765713,0.0,0.4579147131731972,-0.0,0.0
27.014563752,-2.696247332892874,-4.451133284765713,0.0,0.4579147131731972,-0.0,0.0
27.034482779,-2.696247332892874,-4.451133284765713,0.0,0.4579147131731972,-0.0,0.0
27.0543979,-2.696247332892874,-4.451133284765713,0.0,0.4579147131731972,-0.0,0.0
27.074457762,-2.696247332892874,-4.451133284765713,0.0,0.4579147131731972,-0.0,0.0
27.094603875,-2.696247332892874,-4.451133284765713,0.0,0.4579147131731972,-0.0,0.0
27.114316598,-2.696247332892874,-4.451133284765713,0.0,0.4579147131731972,-0.0,0.0
27.134454013,-2.696247332892874,-4.451133284765713,0.0,0.4579147131731972,-0.0,0.0
27.154693044,-2.696247332892874,-4.451133284765713,0.0,0.4579147131731972,-0.0,0.0
27.174464361,-2.696247332892874,-4.451133284765713,0.0,0.4579147131731972,-0.0,0.0
27.194425628,-2.696247332892874,-4.451133284765713,0.0,0.4579147131731972,-0.0,0.0
27.214584346,-2.696247332892874,-4.451133284765713,0.0,0.4579147131731972,-0.0,0.0
27.234544519,-2.696247332892874,-4.451133284765713,0.0,0.4579147131731972,-0.0,0.0
27.254511412,-2.696247332892874,-4.451133284765713,0.0,0.4579147131731972,-0.0,0.0
27.274417574,-2.696247332892874,-4.451133284765713,0.0,0.4579147131731972,-0.0,0.0
27.294445769,-2.696247332892874,-4.451133284765713,0.0,0.4579147131731972,-0.0,0.0
27.314425213,-2.696247332892874,-4.451133284765713,0.0,0.4579147131731972,-0.0,0.0
27.334428148,-2.696247332892874,-4.451133284765713,0.0,0.4579147131731972,-0.0,0.0
27.354544417,-2.696247332892874,-4.451133284765713,0.0,0.4579147131731972,-0.0,0.0
27.374497351,-2.696247332892874,-4.451133284765713,0.0,0.4579147131731972,-0.0,0.0
27.394464555,-2.696247332892874,-4.451133284765713,0.0,0.4579147131731972,-0.0,0.0
27.414528532,-2.696247332892874,-4.451133284765713,0.0,0.4579147131731972,-0.0,0.0
27.434435111,-2.696247332892874,-4.451133284765713,0.0,0.4579147131731972,-0.0,0.0
27.454502213,-2.696247332892874,-4.451133284765713,0.0,0.4579147131731972,-0.0,0.0
27.475239585,-2.696247332892874,-4.451133284765713,0.0,0.4579147131731972,-0.0,0.0
27.494550322,-2.696247332892874,-4.451133284765713,0.0,0.4579147131731972,-0.0,0.0
27.514483412,-2.696247332892874,-4.451133284765713,0.0,0.4579147131731972,-0.0,0.0
27.534410564,-2.696247332892874,-4.451133284765713,0.0,0.4579147131731972,-0.0,0.0
27.554475009,-2.696247332892874,-4.451133284765713,0.0,0.4579147131731972,-0.0,0.0
27.574403776,-2.696247332892874,-4.451133284765713,0.0,0.4579147131731972,-0.0,0.0
27.594396085,-2.696247332892874,-4.451133284765713,0.0,0.4579147131731972,-0.0,0.0
27.614690846,-2.696247332892874,-4.451133284765713,0.0,0.4579147131731972,-0.0,0.0
27.634510237,-2.696247332892874,-4.451133284765713,0.0,0.4579147131731972,-0.0,0.0
27.654506921,-2.696247332892874,-4.451133284765713,0.0,0.4579147131731972,-0.0,0.0
27.67443475,-2.696247332892874,-4.451133284765713,0.0,0.4579147131731972,-0.0,0.0
27.694645812,-2.696247332892874,-4.451133284765713,0.0,0.4579147131731972,-0.0,0.0
27.714469786,-2.696247332892874,-4.451133284765713,0.0,0.4579147131731972,-0.0,0.0
27.734536315,-2.696247332892874,-4.451133284765713,0.0,0.4579147131731972,-0.0,0.0
27.754652896,-2.696247332892874,-4.451133284765713,0.0,0.4579147131731972,-0.0,0.0
27.774548642,-2.696247332892874,-4.451133284765713,0.0,0.4579147131731972,-0.0,0.0
27.794452148,-2.696247332892874,-4.451133284765713,0.0,0.4579147131731972,-0.0,0.0
27.814802743,-2.696247332892874,-4.451133284765713,0.0,0.4579147131731972,-0.0,0.0
27.834461246,-2.696247332892874,-4.451133284765713,0.0,0.4579147131731972,-0.0,0.0
27.854625901,-2.696247332892874,-4.451133284765713,0.0,0.4579147131731972,-0.0,0.0
27.874443104,-2.696247332892874,-4.451133284765713,0.0,0.4579147131731972,-0.0,0.0
27.894563904,-2.696247332892874,-4.451133284765713,0.0,0.4579147131731972,-0.0,0.0
27.914471733,-2.696247332892874,-4.451133284765713,0.0,0.4579147131731972,-0.0,0.0
27.934457063,-2.696247332892874,-4.451133284765713,0.0,0.4579147131731972,-0.0,0.0
27.955758974,-2.696247332892874,-4.451133284765713,0.0,0.4579147131731972,-0.0,0.0
27.974512984,-2.696247332892874,-4.451133284765713,0.0,0.4579147131731972,-0.0,0.0
27.994426699,-2.696247332892874,-4.451133284765713,0.0,0.4579147131731972,-0.0,0.0
28.014515936,-2.696247332892874,-4.451133284765713,0.0,0.4579147131731972,-0.0,0.0
28.034475381,-2.696247332892874,-4.451133284765713,0.0,0.4579147131731972,-0.0,0.0
28.054613161,-2.696247332892874,-4.451133284765713,0.0,0.4579147131731972,-0.0,0.0
28.074477447,-2.696247332892874,-4.451133284765713,0.0,0.4579147131731972,-0.0,0.0
28.094551841,-2.696247332892874,-4.451133284765713,0.0,0.4579147131731972,-0.0,0.0
28.11447592,-2.696247332892874,-4.451133284765713,0.0,0.4579147131731972,-0.0,0.0
28.134492761,-2.696247332892874,-4.451133284765713,0.0,0.4579147131731972,-0.0,0.0
28.154620072,-2.696247332892874,-4.451133284765713,0.0,0.4579147131731972,-0.0,0.0
28.17454639,-2.696247332892874,-4.451133284765713,0.0,0.4579147131731972,-0.0,0.0
28.19456396,-2.696247332892874,-4.451133284765713,0.0,0.4579147131731972,-0.0,0.0
28.214625021,-2.696247332892874,-4.451133284765713,0.0,0.4579147131731972,-0.0,0.0
28.234518006,-2.696247332892874,-4.451133284765713,0.0,0.4579147131731972,-0.0,0.0
28.254492033,-2.696247332892874,-4.451133284765713,0.0,0.4579147131731972,-0.0,0.0
28.274496947,-2.696247332892874,-4.451133284765713,0.0,0.4579147131731972,-0.0,0.0
28.294582434,-2.696247332892874,-4.451133284765713,0.0,0.4579147131731972,-0.0,0.0
28.314466617,-2.696247332892874,-4.451133284765713,0.0,0.4579147131731972,-0.0,0.0
28.334479083,-2.696247332892874,-4.451133284765713,0.0,0.4579147131731972,-0.0,0.0
28.354614206,-2.696247332892874,-4.451133284765713,0.0,0.4579147131731972,-0.0,0.0
