time,x,y,yaw,linear_velocity,angular_velocity
0.0,-2.374506778642672e-21,2.2450740630530576e-19,4.62167399740098e-20,0.0,0.0
0.005000000000002558,-2.374506778642672e-21,2.2450740630530576e-19,4.62167399740098e-20,0.0,0.0
0.006000000000000227,-2.374506778642672e-21,2.2450740630530576e-19,4.62167399740098e-20,0.0,0.0
0.009000000000000341,-2.374506778642672e-21,2.2450740630530576e-19,4.62167399740098e-20,0.0,0.0
0.012999999999998124,-2.374506778642672e-21,2.2450740630530576e-19,4.62167399740098e-20,0.0,0.0
0.018000000000000682,-2.374506778642672e-21,2.2450740630530576e-19,4.62167399740098e-20,0.0,0.0
0.021999999999998465,-2.374506778642672e-21,2.2450740630530576e-19,4.62167399740098e-20,0.0,0.0
0.02499999999999858,-2.374506778642672e-21,2.2450740630530576e-19,4.62167399740098e-20,0.0,0.0
0.030000000000001137,-2.374506778642672e-21,2.2450740630530576e-19,4.62167399740098e-20,0.0,0.0
0.03399999999999892,-2.374506778642672e-21,2.2450740630530576e-19,4.62167399740098e-20,0.0,0.0
0.03900000000000148,-2.374506778642672e-21,2.2450740630530576e-19,4.62167399740098e-20,0.0,0.0
0.045000000000001705,-2.374506778642672e-21,2.2450740630530576e-19,4.62167399740098e-20,0.0,0.0
0.04899999999999949,-2.374506778642672e-21,2.2450740630530576e-19,4.62167399740098e-20,0.0,0.0
0.05300000000000438,-2.374506778642672e-21,2.2450740630530576e-19,4.62167399740098e-20,0.0,0.0
0.05600000000000449,-2.374506778642672e-21,2.2450740630530576e-19,4.62167399740098e-20,0.0,0.0
0.060000000000002274,-2.374506778642672e-21,2.2450740630530576e-19,4.62167399740098e-20,0.0,0.0
0.06099999999999994,-2.374506778642672e-21,2.2450740630530576e-19,4.62167399740098e-20,0.0,0.0
0.06300000000000239,-2.374506778642672e-21,2.2450740630530576e-19,4.62167399740098e-20,0.0,0.0
0.06500000000000483,-2.374506778642672e-21,2.2450740630530576e-19,4.62167399740098e-20,0.0,0.0
0.06799999999999784,-2.374506778642672e-21,2.2450740630530576e-19,4.62167399740098e-20,0.0,0.0
0.07200000000000273,-2.374506778642672e-21,2.2450740630530576e-19,4.62167399740098e-20,0.0,0.0
0.07600000000000051,-2.374506778642672e-21,2.2450740630530576e-19,4.62167399740098e-20,0.0,0.0
0.07900000000000063,-2.374506778642672e-21,2.2450740630530576e-19,4.62167399740098e-20,0.0,0.0
0.08100000000000307,-2.374506778642672e-21,2.2450740630530576e-19,4.62167399740098e-20,0.0,0.0
0.08299999999999841,-2.374506778642672e-21,2.2450740630530576e-19,4.62167399740098e-20,0.0,0.0
0.08599999999999852,-2.374506778642672e-21,2.2450740630530576e-19,4.62167399740098e-20,0.0,0.0
0.09000000000000341,-2.374506778642672e-21,2.2450740630530576e-19,4.62167399740098e-20,0.0,0.0
0.09300000000000352,-2.374506778642672e-21,2.2450740630530576e-19,4.62167399740098e-20,0.0,0.0
0.10099999999999909,-2.374506778642672e-21,2.2450740630530576e-19,4.62167399740098e-20,0.0,0.0
0.10600000000000165,-2.374506778642672e-21,2.2450740630530576e-19,4.62167399740098e-20,0.0,0.0
0.1110000000000042,-2.374506778642672e-21,2.2450740630530576e-19,4.62167399740098e-20,0.0,0.0
0.11500000000000199,-2.374506778642672e-21,2.2450740630530576e-19,4.62167399740098e-20,0.0,0.0
0.11899999999999977,-2.374506778642672e-21,2.2450740630530576e-19,4.62167399740098e-20,0.0,0.0
0.12400000000000233,-2.374506778642672e-21,2.2450740630530576e-19,4.62167399740098e-20,0.0,0.0
0.1280000000000001,-2.374506778642672e-21,2.2450740630530576e-19,4.62167399740098e-20,0.0,0.0
0.1319999999999979,-2.374506778642672e-21,2.2450740630530576e-19,4.62167399740098e-20,0.0,0.0
0.134999999999998,-2.374506778642672e-21,2.2450740630530576e-19,4.62167399740098e-20,0.0,0.0
0.14099999999999824,-2.374506778642672e-21,2.2450740630530576e-19,4.62167399740098e-20,0.0,0.0
0.14500000000000313,-2.374506778642672e-21,2.2450740630530576e-19,4.62167399740098e-20,0.0,0.0
0.14999999999999858,-2.374506778642672e-21,2.2450740630530576e-19,4.62167399740098e-20,0.0,0.0
0.15400000000000347,-2.374506778642672e-21,2.2450740630530576e-19,4.62167399740098e-20,0.0,0.0
0.15800000000000125,-2.374506778642672e-21,2.2450740630530576e-19,4.62167399740098e-20,0.0,0.0
0.1630000000000038,-2.374506778642672e-21,2.2450740630530576e-19,4.62167399740098e-20,0.0,0.0
0.1700000000000017,-2.374506778642672e-21,2.2450740630530576e-19,4.62167399740098e-20,0.0,0.0
0.1739999999999995,-2.374506778642672e-21,2.2450740630530576e-19,4.62167399740098e-20,0.0,0.0
0.17900000000000205,-2.374506778642672e-21,2.2450740630530576e-19,4.62167399740098e-20,0.0,0.0
0.18500000000000227,-2.374506778642672e-21,2.2450740630530576e-19,4.62167399740098e-20,0.0,0.0
0.19000000000000483,-2.374506778642672e-21,2.2450740630530576e-19,4.62167399740098e-20,0.0,0.0
0.19000000000000483,-2.374506778642672e-21,2.2450740630530576e-19,4.62167399740098e-20,0.0,0.0
0.1980000000000004,-2.374506778642672e-21,2.2450740630530576e-19,4.62167399740098e-20,0.0,0.0
0.2049999999999983,-2.374506778642672e-21,2.2450740630530576e-19,4.62167399740098e-20,0.0,0.0
0.21000000000000085,-2.374506778642672e-21,2.2450740630530576e-19,4.62167399740098e-20,0.0,0.0
0.25500000000000256,0.0009769998005938433,-1.667606996185682e-08,-3.60409821471689e-05,0.02171110668302501,-0.0008009107143815018
0.3440000000000012,0.004340231406471747,-3.6004758738950115e-07,-0.00016968694658427307,0.03778911936411612,-0.0015016400498551262
0.45000000000000284,0.008923542706093742,-1.5525117759443678e-06,-0.00035088207925001774,0.04323878730893169,-0.0017093880440164325
0.5350000000000037,0.015112361800954509,-4.4790930494490915e-06,-0.0005965555162609521,0.07280964455087645,-0.0028902757295403746
0.6240000000000023,0.023196367911471113,-1.0590460245230275e-05,-0.0009191605906432831,0.0908315552871881,-0.0036247761166554606
0.6880000000000024,0.028973317850726984,-1.6556502895818232e-05,-0.0011498509543622238,0.09026489093621005,-0.003604536933108445
0.7640000000000029,0.03581677962069197,-2.5348397170237357e-05,-0.0014231263099302334,0.09004562391446647,-0.0035957283627369445
0.8500000000000014,0.04343547879254777,-3.733442566853068e-05,-0.0017269261392962372,0.08858963488708127,-0.0035325561554187097
0.8950000000000031,0.04732138068576448,-4.433855279262888e-05,-0.0018816667085325182,0.08635351567757371,-0.0034386793163616682
0.9720000000000013,0.05418821807586867,-5.818857827104091e-05,-0.0021556593369560263,0.08917988775911732,-0.003558345823682008
1.0459999999999994,0.06169699200579924,-7.552977135230243e-05,-0.0024532336108557453,0.10147018857130959,-0.004021273971617929
1.1260000000000048,0.07282551118457992,-0.00010527811088409061,-0.0028960403277069123,0.1391069867472613,-0.005535083960639214
1.2019999999999982,0.08426282611603357,-0.00014098453116004016,-0.003352599976732255,0.15049171931147395,-0.006007363802965556
1.2950000000000017,0.09784449343463836,-0.00019016503128915451,-0.003895523852239103,0.1460403909884987,-0.005837891134482018
1.3610000000000042,0.1078441644380471,-0.0002310879940635504,-0.004295258876862156,0.15151143545843637,-0.006056591282167243
1.419000000000004,0.11650058225566232,-0.00026974171177120317,-0.004641298072595182,0.1492500709980762,-0.005966193029879768
1.456000000000003,0.12172427600725953,-0.0002945164307964681,-0.004850114798728149,0.14118250004119376,-0.0056436953008911425
1.5260000000000034,0.1326193914097704,-0.0003496995454331562,-0.0052856467579891955,0.1556465021602748,-0.006221885132300643
1.618000000000002,0.14590244319695994,-0.0004233967842142454,-0.005816637669091689,0.14438321988816807,-0.005771640338070657
1.669000000000004,0.15336481409246758,-0.00046789400494133283,-0.006114947136912777,0.1463235992179919,-0.005849205251393668
1.7450000000000045,0.1651553321127413,-0.0005427368365296329,-0.006586276066914917,0.15514152050408989,-0.006201696447396532
1.8200000000000003,0.176050335287494,-0.0006168355351359073,-0.007021807835514191,0.1452700686736535,-0.005807090247990661
1.8770000000000024,0.1838111392753884,-0.0006725120750470982,-0.007332049636906424,0.13615795963125985,-0.005442838620916149
1.9609999999999985,0.19664627601781998,-0.0007698763163661649,-0.0078451418602517,0.15280364318936132,-0.006108240754110714
2.0420000000000016,0.20933244805445966,-0.0008743589141371858,-0.008845634261589973,0.15662471957698845,-0.012351758041212788
2.139000000000003,0.2236606766888983,-0.0010153244170426653,-0.010852682935991727,0.1477208458614585,-0.020691223447440486
2.1810000000000045,0.23082483487684824,-0.0010970760325650284,-0.012058085436192637,0.17058630034840755,-0.028700059528592007
2.2379999999999995,0.23828786058513857,-0.0011934259793243843,-0.013951844586823641,0.13094118659706025,-0.03322384474791524
2.3060000000000045,0.24873669262888615,-0.001358349031811032,-0.017992820583326352,0.15367843419212138,-0.05942611759562377
2.3560000000000016,0.256349494860223,-0.0015096591158524802,-0.0220512623398148,0.15228611565732028,-0.08116883512977356
2.4310000000000045,0.2672038258951646,-0.0017851126646990386,-0.02934004125465562,0.1447710080697772,-0.0971837188645406
2.533999999999999,0.2821241009656195,-0.0023065459945706248,-0.04137612856748399,0.144945473867001,-0.11685521662940795
2.594999999999999,0.29071896699415645,-0.002694792112261874,-0.04949714328474834,0.14104312229904598,-0.1331313888076125
2.6670000000000016,0.3011161327587998,-0.0032614778506978195,-0.05953914938737764,0.14461941103380366,-0.13947230698095722
2.756999999999998,0.3137528568649318,-0.004091353085760859,-0.07175240081155836,0.14071049389222154,-0.1357027936020135
2.791000000000004,0.31866425043375624,-0.00445575197530738,-0.07650199884285316,0.14484980091724223,-0.13969405974394017
2.853999999999999,0.32721977298689864,-0.005146588247488777,-0.0847798700415392,0.13624395008982904,-0.13139478093153417
2.902000000000001,0.33422803929764283,-0.005765647518810454,-0.09156501073791552,0.14657405791864583,-0.14135709784116812
2.9609999999999985,0.3420721040196821,-0.00651542856653395,-0.09916436874222512,0.13355622789914962,-0.12880267803915113
3.0120000000000005,0.3496304179463679,-0.007294865312979383,-0.10649232155650044,0.14898816884053304,-0.14368534929951077
3.0900000000000034,0.36053743461401583,-0.008518450271448826,-0.11707714312013777,0.14071070471919633,-0.13570284055944776
3.1409999999999982,0.36766168883899225,-0.00938087799604578,-0.1239979885504928,0.1407110791035685,-0.13570285157560247
3.2109999999999985,0.377151085460528,-0.010607438960778648,-0.1332257831921779,0.13669054879844605,-0.13182563773835812
3.315000000000005,0.3908061511496577,-0.012529042379938994,-0.1465246652797089,0.13259241595213705,-0.1278738662262518
3.3740000000000023,0.40026551200678706,-0.013969037436895345,-0.15575246218081892,0.16217522167390594,-0.15640333730695632
3.4579999999999984,0.4116541061508611,-0.015821502487523956,-0.1668801009746247,0.13736037197411688,-0.13247189040245577
3.5590000000000046,0.42565207138347244,-0.01827718528592814,-0.18058609725881958,0.140710246462154,-0.13570293350687176
3.655000000000001,0.43875102813789474,-0.020752747944354923,-0.1934492006774287,0.13886283205098787,-0.13399066061051665
3.7480000000000047,0.45113860562889824,-0.02325105757604975,-0.2071448926772115,0.1358816600643579,-0.14726550537400296
3.838000000000001,0.4625789299754603,-0.025734722620374243,-0.22057204108601874,0.13007576766712356,-0.1491905378756421
3.9299999999999997,0.47503189473104396,-0.028622228691841077,-0.23527700141642147,0.1389494502695808,-0.15983652533046655
4.027000000000001,0.48678440298002357,-0.0315253423143867,-0.2492943653881839,0.12480168936932605,-0.14450890692538387
4.1200000000000045,0.4992924443662739,-0.034809877691591815,-0.26461132683036603,0.13905486430001465,-0.16469851013098452
4.192999999999998,0.508907405711805,-0.03747507353021672,-0.27648719235530084,0.13667824988700597,-0.1626830893826835
4.2620000000000005,0.517721538754229,-0.040026901720788606,-0.28740501827810777,0.13298692271758228,-0.1582293612000945
4.3430000000000035,0.5288091967545028,-0.04338612107331738,-0.301201198964482,0.14302910823459009,-0.17032321835029265
4.393999999999998,0.5346493590382405,-0.045223199826757765,-0.3084862992155613,0.12004477225569529,-0.14284510296235395
4.456000000000003,0.5422601852454462,-0.04768783167005979,-0.31802663788358465,0.1290313363669672,-0.153876430129397
4.538000000000004,0.5527490175092363,-0.051216699042751224,-0.33122410922213025,0.1349579148669774,-0.16094477242128633
4.6030000000000015,0.5609005651552424,-0.054065478316201704,-0.3414766318578682,0.1328461960482354,-0.15773111747289703
4.686,0.5714122368676346,-0.057879111469637076,-0.3547992484833512,0.13472392378174078,-0.16051345331907546
4.716000000000001,0.5750148823625341,-0.05922246581246145,-0.3593766179123914,0.12816506480274664,-0.15257898096800054
4.770000000000003,0.5821146035826735,-0.06192572157772545,-0.3684160521583164,0.1406842395554773,-0.16739693048008653
4.837000000000003,0.5896880717315964,-0.06489097276948157,-0.3781154083326526,0.12139213867794213,-0.1447665100647191
4.872,0.5946385180587813,-0.06687521872514472,-0.38447564301233966,0.15238016596766873,-0.1817209908482191
4.950000000000003,0.6041321420263794,-0.07078335077439747,-0.396719097343803,0.13162265021665612,-0.1569673632238831
4.996000000000002,0.609780575825512,-0.07317343570204528,-0.40402865223611484,0.133332504940122,-0.15890336722417242
5.065000000000005,0.6180381428242023,-0.07675435805578722,-0.41438417717847387,0.13044317013401163,-0.15008007162838605
5.143000000000001,0.6281679011949266,-0.08128084866492911,-0.425997877805771,0.1422448012358257,-0.14889359778586828
5.231000000000002,0.6392546142334481,-0.08638881428388047,-0.43752344121877895,0.13871389354256908,-0.13097231151145286
5.309000000000005,0.649233427452814,-0.09111694044859524,-0.4474790859350921,0.14156765904279744,-0.1276364707219588
5.347999999999999,0.6540905660600204,-0.093461898553075,-0.45220113490441505,0.1382967299340301,-0.12107817870060554
5.411000000000001,0.6624359581159254,-0.09755589331847643,-0.4600213671800694,0.1475476544426986,-0.12413067104212813
5.475999999999999,0.6701194152074622,-0.10139657794062015,-0.46717838420611374,0.13215229805152542,-0.11010795424683956
5.530999999999999,0.6776478205884742,-0.10522677947310573,-0.47421611940929437,0.15357699913907608,-0.1279588218760121
5.554000000000002,0.6807024777612729,-0.10679997086693156,-0.4770789274581589,0.14938982135301218,-0.12446991516800499
5.597000000000001,0.6859103889796136,-0.10950771435869498,-0.48196955856570123,0.13650630724409402,-0.11373560715214943
5.646000000000001,0.692496434512603,-0.11297831629531341,-0.4880920786463773,0.15192924760776966,-0.12494938940155431
5.685000000000002,0.6973140940204919,-0.11554953086842308,-0.49252550281249113,0.1400220408941921,-0.11367754272086256
5.721000000000004,0.7019763470112129,-0.11806399782382498,-0.4968694419569201,0.1471413483823472,-0.12066497623413397
5.7620000000000005,0.7071527308222748,-0.12088662517925684,-0.5016520040334933,0.14380355127929267,-0.11664785552618424
5.8160000000000025,0.7139223385627798,-0.12462673267587336,-0.5079507173879334,0.14322370322499875,-0.11664283989703446
5.8629999999999995,0.7198419027137894,-0.12794276311301805,-0.5134104794647579,0.1443633838594951,-0.11616515057074189
5.938000000000002,0.7288187295520798,-0.1330508704174214,-0.5212782519224479,0.1377122154303861,-0.10490363276919593
5.994,0.7363617571212223,-0.13741241723646283,-0.5272367290919641,0.15559337085718228,-0.10640137802707891
6.035000000000004,0.7414967264441974,-0.14041507767900727,-0.5310619850555238,0.1450837819882703,-0.09329892594047301
6.079000000000001,0.7474116190846578,-0.14390549497497884,-0.5352577541350618,0.15609015435070095,-0.0953583881713249
6.139000000000003,0.7542083755758487,-0.14795779052111688,-0.5400920109575613,0.1318848382257452,-0.08057094704165517
6.1810000000000045,0.7602192377283169,-0.15157878730406812,-0.5443789944695064,0.16707786268227495,-0.10207103599868945
6.2280000000000015,0.7662145215030802,-0.15522551930677803,-0.5486659789576622,0.14930362245867498,-0.09121243591821397
6.261000000000003,0.7706689090780388,-0.15795784897983864,-0.5518584148589877,0.15835238136903304,-0.09674048185834336
6.325000000000003,0.778791425651871,-0.16299082861253278,-0.5576960133602203,0.14930352588149998,-0.09121247658176034
6.353999999999999,0.7820827817370785,-0.16504900594520858,-0.5600675382804525,0.13385849278553943,-0.08177672138732688
6.399999999999999,0.787515437646627,-0.1684700258643873,-0.5639896763158285,0.13956644913273947,-0.08526387033426201
6.460000000000001,0.7954505812048819,-0.17352063377349158,-0.5697360661152407,0.15676871104132784,-0.09577316332353339
6.503999999999998,0.8012260956165491,-0.17723713810349184,-0.5739318439517805,0.15609015982091903,-0.09535858719409288
6.542000000000002,0.805985377297501,-0.1803255497409283,-0.5773979220364576,0.14930366665277464,-0.09121258117570209
6.579999999999998,0.8107339257138442,-0.1834304389182563,-0.5808640007954341,0.14930366736002687,-0.09121259892044296
6.640999999999998,0.8182096421696793,-0.18836635330713483,-0.5863367581098949,0.14685595743418384,-0.0897173330239483
6.667000000000002,0.8215648784281953,-0.1906008473518923,-0.5887994994561001,0.15504615645328307,-0.09472082100787879
6.703000000000003,0.8260299472324933,-0.19359301358839515,-0.5920831551243765,0.1493036775436962,-0.09121265745211807
6.739000000000004,0.8304851667200646,-0.196599825494957,-0.5953668114117923,0.14930367834446318,-0.09121267465043491
6.776000000000003,0.8353004841031947,-0.19987369469089436,-0.5989241064236001,0.1573741360860393,-0.09614310842724016
6.815000000000005,0.839981100988092,-0.20308007530631045,-0.6023901894469962,0.14547537318693682,-0.08887392367682041
6.8530000000000015,0.8444050930052016,-0.20613264704337111,-0.6056738476922024,0.14144559258948003,-0.08641205908438294
6.923000000000002,0.8531006915905331,-0.21219547340397246,-0.6121263563917417,0.15143618460378389,-0.09217869570770368
6.957000000000001,0.8567633532797262,-0.21477296960508466,-0.6141783976611296,0.1317258914609013,-0.0603541549819975
6.998000000000005,0.8623717995980811,-0.21873391294502223,-0.6154527246913812,0.16746658726836194,-0.031081147079305663
7.067999999999998,0.8707782497831541,-0.22468290121499673,-0.6162432690090328,0.14712126481685806,-0.01129349025216647
7.119,0.8771105375596584,-0.229170417202399,-0.616814142614442,0.15217968827890407,-0.011193600106062213
7.177,0.8841703400569957,-0.23418028026541304,-0.6175628968615354,0.14925452808293227,-0.01290955598436934
7.251000000000005,0.8928064956424029,-0.24032195092256867,-0.6188881852004474,0.14320709752794938,-0.017909301877187797
7.313000000000002,0.9005837485111033,-0.24586873171235307,-0.6202389300989168,0.15407442364402255,-0.021786208039830276
7.368000000000002,0.9072610750234154,-0.2506443415994963,-0.6214916951646117,0.14926058985779211,-0.02277754664899698
7.419000000000004,0.9135686634965935,-0.2551672458598876,-0.622736660159707,0.15218810991011322,-0.024411078335201015
7.471000000000004,0.9196281880859337,-0.2595241769296239,-0.6242209012288289,0.1435247934832108,-0.028543097483114212
7.557000000000002,0.9300323988999311,-0.26704602049706405,-0.6288282219947289,0.14928427285045892,-0.05357349727790766
7.628999999999998,0.9385063772701192,-0.27324929287067096,-0.6360189360802754,0.14585905696382612,-0.0998710289659297
7.701999999999998,0.9472414851489911,-0.279759213594107,-0.6451715420966202,0.14923409736225937,-0.12537816460746262
7.761000000000003,0.9539724142120352,-0.2848625141514351,-0.6523721600713078,0.14316675622886993,-0.12204437245232318
7.844999999999999,0.9631531389267894,-0.29194716630791967,-0.6622253584125803,0.13805315577322957,-0.11729998025324971
7.902000000000001,0.969796162535312,-0.29716435672671615,-0.6694023823002576,0.14818989768862958,-0.12591269978380698
7.954999999999998,0.9757315628911138,-0.3018915295239016,-0.6758495414082334,0.1431665738463251,-0.1216445114712473
8.012,0.981969677118203,-0.30692774421296254,-0.6826616362358838,0.14065485448442303,-0.11951043557281019
8.055,0.9869574957764983,-0.3110054226403196,-0.6881356426268872,0.14982556348191436,-0.12730247420938293
8.099000000000004,0.9914825797002516,-0.31474418511090024,-0.6930725701501708,0.13340488867554384,-0.11220289825643434
8.123000000000005,0.9943425042872504,-0.3171267504222627,-0.696235330712003,0.1550973378630313,-0.1317816900763404
8.161000000000001,0.9985088054912998,-0.32062520410229073,-0.700857827955611,0.14316670801569756,-0.12164466430548346
8.204999999999998,1.0033128399335116,-0.324699833893681,-0.7061597002453974,0.14316622364363762,-0.12049709749515392
8.271999999999998,1.0103699838333509,-0.3307656929370979,-0.714016116115668,0.1388925471914321,-0.11725993836224637
8.325000000000003,1.0163041454779498,-0.33594134436995393,-0.7206088949383791,0.14856815380697092,-0.12439205325869053
8.381,1.0224175994912172,-0.3413468364794782,-0.7275426495821395,0.14572310998148474,-0.12381704721001377
8.445999999999998,1.0293434968338688,-0.3475620849173932,-0.735351886450853,0.14316570210563212,-0.1201421056725194
8.503999999999998,1.0354820994926668,-0.3531538948780948,-0.7424072912132466,0.14316656401992342,-0.12164490969644044
8.535000000000004,1.0386417174263967,-0.3560631679975107,-0.7460566395027158,0.13854850189824525,-0.11772091256350267
8.61,1.0464941294387404,-0.36338662746640515,-0.7551800132213644,0.14316637283890912,-0.12164498291532125
8.679000000000002,1.0534525908096026,-0.36998870496207703,-0.7631792009634939,0.13901535995051062,-0.11593025713230702
8.718000000000004,1.0577876654496807,-0.3741556076677307,-0.7682472530205268,0.1541790208673913,-0.12995005274442759
8.774000000000001,1.0632277304756739,-0.3794452202224738,-0.7746024065553244,0.13549595745053947,-0.11348488454996339
8.829,1.0690408739655621,-0.385172320358555,-0.781401662271169,0.14837111523343727,-0.12362283119717536
8.925000000000004,1.0790223506649972,-0.39518762027788346,-0.7924365389523351,0.1472903809966618,-0.1149466320954758
8.982,1.084523793825764,-0.4007954898732688,-0.7975035899382213,0.13782159375490327,-0.08889563133134497
9.078000000000003,1.0941812723752657,-0.4107717900847577,-0.8056560830829934,0.14463550400753103,-0.08492180359137247
9.146999999999998,1.1012981280420027,-0.41821892888736467,-0.8103522188251631,0.14928908824363024,-0.0680599382923182
9.238,1.1107400615771195,-0.42819164236496854,-0.8146472088179415,0.15091602239081991,-0.047197692228333955
9.298000000000002,1.1171895131731615,-0.4350340030810286,-0.8151526434065204,0.15671393441055106,-0.008423909809647667
9.36,1.1237408666858937,-0.44198415465343827,-0.8142722426026795,0.15405112173654986,0.01420001296517613
9.399000000000001,1.1276354217948588,-0.44610567767667136,-0.8129648622720578,0.1453973031315406,0.03352257258004287
9.421,1.1298927269620573,-0.4484893008784323,-0.812080471020063,0.1492203303693196,0.040199602363402726
9.498000000000005,1.1379146730870124,-0.4569213154726119,-0.8077466288512882,0.15114701149492069,0.05628366452953833
9.527999999999999,1.1407966510603194,-0.4599290337169977,-0.8055391882005875,0.13885310413944885,0.07358135502337385
9.600999999999999,1.1479656905645974,-0.4673422035763024,-0.7981878342815043,0.1412688225895647,0.1007034783436042
9.667000000000002,1.1546191685980114,-0.47411492851112264,-0.7902290327474984,0.14385050922592252,0.12058790203038715
9.747,1.1623996908186003,-0.48189950267944376,-0.7809251492987415,0.1375773197419223,0.11629854310946486
9.789000000000001,1.16657925285781,-0.4860205065099543,-0.7755261723927777,0.13975077308367545,0.1285470691896095
9.844999999999999,1.1720931954228129,-0.4913875531301848,-0.7681189096347157,0.1374057562387366,0.13227254925111184
9.889000000000003,1.1762602297390352,-0.4953907795361266,-0.7624523680457838,0.13132744989517672,0.12878503611207873
9.951999999999998,1.1824359312063393,-0.50124145541417,-0.754185495685949,0.13503235042825731,0.13122019618786393
9.987000000000002,1.1858845040537205,-0.5044668536858641,-0.7496245654614896,0.134909943340106,0.13031229212739645
10.036999999999999,1.1908249047362163,-0.5090363917039235,-0.7430612318156644,0.13459307055283345,0.13126667291651098
10.094999999999999,1.1964190248321838,-0.5141386525304686,-0.7357088248329086,0.1305426855240019,0.12676563763372203
10.151000000000003,1.202337624257526,-0.5194559440103392,-0.7280108619731713,0.14207756917657344,0.13746362249529664
10.248000000000005,1.2120329467191957,-0.5279894287018613,-0.7153860753696493,0.1331532753264911,0.1301524392115659
10.292000000000002,1.216529409771289,-0.5318744783688936,-0.7096396834844083,0.13505392038837472,0.13059981557366718
10.365000000000002,1.2240503604017974,-0.5382743176109094,-0.7003679359208868,0.13527883862251194,0.12701024059618504
10.420000000000002,1.2310219054379588,-0.5441018763227208,-0.692016331539014,0.16520748860504322,0.15184735239768749
10.494,1.2374112606488334,-0.5493567629176468,-0.6844126349120531,0.11179334766208272,0.10275265712109621
10.511000000000003,1.2393189574747743,-0.5509101107698117,-0.682195223297286,0.14471301667644812,0.13043597733921647
10.560000000000002,1.244637736522054,-0.5552037083041893,-0.6759875250667887,0.1395004927612503,0.12668771898974157
10.591999999999999,1.2479383121156666,-0.5578408563092498,-0.6721524623186917,0.13202283201622392,0.11984571087804363
10.665,1.2557738383559753,-0.5640199218366866,-0.6633176970379682,0.136695803112792,0.12102418192771958
10.709000000000003,1.260680049344724,-0.5678332948858961,-0.6580125578989253,0.1412253055253848,0.12057134406914456
10.742000000000004,1.264290691035951,-0.570613210442168,-0.6540684816929754,0.1380856387847492,0.11951746078635736
10.808,1.271324339349881,-0.5759638306215841,-0.6464497309139197,0.13390146256776253,0.1154356178644886
10.865000000000002,1.2777334735256154,-0.5807666770672406,-0.6395971797598408,0.14050904997542943,0.12022019568559018
10.936,1.28551230146212,-0.5865045220254624,-0.6313532908646734,0.13614191811033305,0.11611111119954365
10.969999999999999,1.289195813175956,-0.5891871250345603,-0.627399392862077,0.13402414649195735,0.1162911177234266
11.026000000000003,1.2956953456772544,-0.5938669655459521,-0.6205742033461066,0.14301869208000598,0.12187838421374814
11.090000000000003,1.3027911384247675,-0.5988999369620661,-0.6131734558289091,0.13592948610634345,0.11563667995620984
11.104,1.3046086087139803,-0.6001764406393324,-0.6113201787087716,0.15863994482193353,0.13237693715271817
11.149999999999999,1.3096733431865208,-0.6037084662524739,-0.6065801173233398,0.13423229204414192,0.10304481272678
11.192,1.3145309302370598,-0.607063312078907,-0.6021459983203861,0.1405591814429895,0.10557426197508558
11.234000000000002,1.3195195350630295,-0.6104756862080769,-0.5976063060685033,0.14390582416470435,0.10808791075910963
11.265,1.3230091067245955,-0.6128429841607025,-0.5944390795351,0.13602507105675216,0.10216859785172293
11.328000000000003,1.3305294484571808,-0.6178911391070213,-0.5880391761675883,0.14377080677961468,0.10158576773827754
11.362000000000002,1.3344956661209897,-0.6205274640040089,-0.5851949618853378,0.14007255756707132,0.08365336124266315
11.399000000000001,1.3392309722686788,-0.6236544345395777,-0.5819772832177115,0.15336752918566796,0.0869642883142278
11.457,1.346291495374467,-0.6282771092094329,-0.5772964039360579,0.14550345950291138,0.08070481520092465
11.526000000000003,1.354730906066833,-0.6337409472317527,-0.5717189463652513,0.1457060097842333,0.08083271841748275
11.597000000000001,1.363363607608064,-0.6392612458256942,-0.5660487569536831,0.14432134821479234,0.07986182269814697
11.652999999999999,1.3704140416031907,-0.643718655561079,-0.5614151699809422,0.1489516095027269,0.08274262451323341
11.71,1.3774446112499026,-0.6481182451086184,-0.5568043068009372,0.14550333748781188,0.08089233649131328
11.759999999999998,1.3836759456622887,-0.6519801986033087,-0.5527626033657406,0.14662088985426888,0.08083406870393678
11.807000000000002,1.3893016713747128,-0.6554376701108118,-0.549346739729745,0.14049466224983886,0.07267794970202662
11.857,1.3958628156806916,-0.6594379099736075,-0.5456449615450824,0.1536886899726643,0.07403556369325746
11.928000000000004,1.404899944582047,-0.6648952194624574,-0.5408559360829581,0.14869125927425605,0.06745106284681533
12.006,1.414737128518666,-0.6707697427243856,-0.5358276722159149,0.14689432940097516,0.06446492137235275
12.088999999999999,1.4252724817076845,-0.6769912248077417,-0.531106798419289,0.1474122387798727,0.05687799754971062
12.161000000000001,1.4349327733026969,-0.6826407151509011,-0.5271588472478536,0.15543024146238366,0.05483265515882329
12.222999999999999,1.4425478042823694,-0.6870582710884079,-0.5241111025725359,0.14199366227226162,0.0491571721825447
12.283999999999999,1.4504351387358347,-0.6916010313894717,-0.52093313699671,0.14921339566286046,0.05209779632501557
12.355000000000004,1.459374164095913,-0.6967094133491293,-0.5173319725278557,0.14501006582102943,0.05072062632188764
12.399999999999999,1.465733379555557,-0.7003174176709676,-0.514770163896948,0.1624766899879101,0.056929080686844914
12.466000000000001,1.4743133757185727,-0.7051515786577889,-0.5113789854080686,0.14921392329292887,0.051381492255746175
12.492000000000004,1.4776978140515673,-0.7070479943517568,-0.5100103244873275,0.14921300109412003,0.05264080464388016
12.549,1.4851265861663636,-0.7111893655580646,-0.5070220239000616,0.14921319304322297,0.052426326092389765
12.591999999999999,1.4907390686806594,-0.714298414854643,-0.5046385175102192,0.14921128047359244,0.0554303811591269
12.633000000000003,1.4958359056376436,-0.7171065810372266,-0.5024673080766702,0.14193266217455622,0.052956327647531075
12.695999999999998,1.5039511151160005,-0.7215479191080184,-0.4989711379958893,0.14684222017448834,0.05549476318700173
12.768999999999998,1.513788681120086,-0.7268822521247856,-0.4946708726809004,0.1532979011720476,0.05890774404094419
12.800000000000004,1.5178615470481742,-0.7290748029863154,-0.4929224131779367,0.14921060459982546,0.05640191945042959
12.864000000000004,1.5264140548373462,-0.7336485309725167,-0.48922585830708154,0.15154186165508346,0.057758669857112206
12.947000000000003,1.5370951057828643,-0.7393043441279774,-0.4846725736010656,0.14561529308302393,0.05485885187971139
13.006999999999998,1.5448912586651824,-0.7433934694061944,-0.48138792887114695,0.1467243686734511,0.05474407883198155
13.054000000000002,1.5513762054911764,-0.746770050618338,-0.4786593771339254,0.15556063421745023,0.058054292281304015
13.094999999999999,1.556544299403494,-0.7494447387322527,-0.4764449564851147,0.14193183840798357,0.05401025972709498
13.167000000000002,1.5663665641351052,-0.754488534821895,-0.47228139755277776,0.15335545045534862,0.057827207393566456
13.244,1.5764760828870974,-0.759625934297292,-0.4679593061771015,0.1472725227137864,0.05613105682696549
13.326,1.5875419943378206,-0.765186619314733,-0.46329471263686545,0.15103037645815826,0.05688528707604915
13.393999999999998,1.5960756194062695,-0.7694249961886657,-0.457920980150772,0.14012058830810642,0.07902547773667108
13.457,1.604108709344086,-0.7733523048690542,-0.45112857634094056,0.14193200212615092,0.10781593348938363
13.508000000000003,1.6103786254700911,-0.776365940701293,-0.4447238786323134,0.13640330936331072,0.12558230801229273
13.579,1.6193779871949043,-0.7806009600066387,-0.4348131402921727,0.14008520373980252,0.13958786394564723
13.619,1.6240145944866382,-0.7827405123885783,-0.42971588952983847,0.1276612009696574,0.12743126905835894
13.664000000000001,1.6298867516305173,-0.7854095068470669,-0.42332805762172626,0.14333895069414596,0.14195182018026592
13.719999999999999,1.6361699197638104,-0.7882156659710426,-0.41670947112281054,0.12288092951352544,0.1181890446235006
13.770000000000003,1.6428763633593828,-0.7911577070938205,-0.409978402586663,0.14646773251293344,0.13462137072293895
13.799,1.6463652139191216,-0.7926671143273929,-0.4065645690650183,0.1310816086988005,0.11771839729810803
13.864000000000004,1.6545479576062778,-0.7961524396986729,-0.3986291806721603,0.1368321108316467,0.12208289835165265
13.921,1.6619773136828797,-0.7992509199414902,-0.391453458007785,0.141220890662102,0.12588987130484028
13.984000000000002,1.6699592250128028,-0.8025099185246886,-0.3836828165321453,0.13685078783671217,0.12334351548634004
14.066000000000003,1.680062241634117,-0.8065320864323403,-0.3739559440679998,0.13261250570675334,0.11862039590421233
14.137999999999998,1.6893330629778922,-0.8101237018252879,-0.36513144969280614,0.1380864524440588,0.12256242187769731
14.206000000000003,1.6980376835743642,-0.8134106817067108,-0.35680285420742053,0.13683162220435746,0.12247934537330896
14.268999999999998,1.7059827883501486,-0.8163367050858669,-0.34860193930032807,0.13439327628981215,0.13017325249354086
14.306000000000004,1.7107654867068214,-0.8180616867818461,-0.3434708100294278,0.13741260699006713,0.13867916948376777
14.350999999999999,1.71643182723254,-0.8200693411280823,-0.33735573647486006,0.1335888125118703,0.13589052343485522
14.411999999999999,1.7239853451302656,-0.8226849725258257,-0.3291913431861609,0.13104213001468493,0.13384251292949467
14.495000000000005,1.7346359267402576,-0.8262574398161218,-0.31780990057649255,0.13534653146039397,0.13712581457430817
14.549,1.7410018421882716,-0.8283285246643085,-0.3110417836960487,0.12396937531089186,0.12533549778600944
14.579999999999998,1.7454597697763252,-0.8297505065763706,-0.3063163916246668,0.15094275688811842,0.15243200230264767
14.651000000000003,1.754399576420158,-0.8325327777060272,-0.2968520983251195,0.1318697844285579,0.1332999056274171
14.722000000000001,1.7636037379965397,-0.8353002477656267,-0.28708037427971106,0.13536924519300206,0.13762991613251715
14.752000000000002,1.7674368921351586,-0.8364236925953547,-0.28298396882372084,0.13314653137657867,0.136546848533002
14.831000000000003,1.777336087083851,-0.839248145337228,-0.2725607894499143,0.13030696870275144,0.1319389794152717
14.876000000000005,1.7831183936128019,-0.8408458657304065,-0.266450474628589,0.13331070039299464,0.13578477380722354
14.908000000000001,1.7873757707688416,-0.8419983259983561,-0.2620731300362111,0.1378313653398972,0.13679201851182538
14.960999999999999,1.7942938716433505,-0.8438293253375899,-0.255340415652565,0.13502459237018744,0.12703234686125348
15.027999999999999,1.803226544122961,-0.8461213092924361,-0.2468642901183316,0.1376422313257966,0.1265093363318412
15.064,1.8077000852490845,-0.8472388877970443,-0.24262622788130703,0.12808402889362722,0.11772395102845613
15.131,1.8167930931899243,-0.8494485833733405,-0.2340254555663513,0.1396663656183019,0.1283697360441151
15.188000000000002,1.8238178797492208,-0.8510998134464457,-0.22745501460852627,0.12660078346624765,0.11527089399692587
15.243000000000002,1.8315940160595254,-0.8528691213979223,-0.2197690785744815,0.1449978586830735,0.13974429152808748
15.297000000000004,1.8386776889135026,-0.8544248548661398,-0.21244103629662475,0.13430551913937372,0.1357044866269716
15.361000000000004,1.8463963275879423,-0.8560586445278252,-0.20452791425198188,0.12327585504393353,0.1236425319475447
15.444000000000003,1.8575779476099692,-0.8583132467934861,-0.19320547443006642,0.13742962024833957,0.136414937613442
15.499000000000002,1.8659609935805825,-0.8599231592040986,-0.18589087893481215,0.1552042405010505,0.13299264536825997
15.561,1.8737154945652479,-0.8613556523440689,-0.1792803614232865,0.1271887686114036,0.10662125018590193
15.611000000000004,1.8808292835339648,-0.8626235448673846,-0.1732059238247868,0.14451788116646322,0.1214887519699833
15.658000000000001,1.887003781490533,-0.863687518760643,-0.1679986230085696,0.13330846854897752,0.11079363438760703
15.710999999999999,1.8943879090386944,-0.8649175278438163,-0.16183832575961826,0.14124284573408036,0.11623202356512562
15.759999999999998,1.9009855406415133,-0.8659767721766247,-0.15625106379080983,0.13636981673038234,0.1140257544654794
15.780000000000001,1.9038761225315277,-0.8664287973860062,-0.15382014108994435,0.1462855978282998,0.12154613504325494
15.850999999999999,1.9132436083009603,-0.8678434759312808,-0.14583550036971404,0.13343247861496435,0.11245972845395123
15.921,1.9227355391331007,-0.8691999117220391,-0.13779755024523666,0.1369765874353202,0.11482785892110509
16.009999999999998,1.9351253598608322,-0.8708531913565899,-0.12732622971237914,0.14044538925190753,0.1176552868860413
16.073999999999998,1.944308229089339,-0.8719926209427786,-0.11946379851703907,0.14458266572774206,0.12285048742718843
16.15,1.9545308368430725,-0.8731761527454648,-0.11083245977803097,0.1354064728269097,0.11357024656589539
16.230000000000004,1.9654168205103748,-0.8743377389800163,-0.10158798320824405,0.13684727058445492,0.11555595712232863
16.311,1.976770792197731,-0.8754407453310522,-0.09199215423710186,0.1408323808690811,0.11846702433509473
16.393,1.9882823580449986,-0.8764476671406032,-0.08228034881919803,0.140920974193541,0.11843665143785045
16.447000000000003,1.9958963168345303,-0.8770519111261306,-0.07588966685345705,0.1414425475355134,0.11834596232853223
16.531,2.007405886445092,-0.8778721635832676,-0.06621198904731954,0.13736620305089609,0.11521045007307101
16.599000000000004,2.0169946665314007,-0.8784695803558656,-0.058133287191509744,0.14128489275960657,0.1188044390560177
16.661,2.025437932300214,-0.8789321224720383,-0.051075884123463575,0.13638590087450522,0.11382908174268454
16.743000000000002,2.036938987111263,-0.8794660467373502,-0.041474348566389166,0.14040782407842892,0.11709189703749173
16.802,2.0451523545678736,-0.8797789482433201,-0.03455059817090041,0.13931060237005227,0.11735170161845852
16.853,2.052114828503044,-0.8799995508323016,-0.02867954500086666,0.13658760590537497,0.11511868960850044
16.921,2.061446343349329,-0.8802310640182632,-0.020812333979783285,0.13727038683094725,0.11569427972181805
16.961,2.067575372019988,-0.8803431630210521,-0.01564580746526121,0.15325134304506371,0.12916316286305463
17.003,2.0731381235395556,-0.8804175064528694,-0.010980492890136487,0.13245829235823192,0.11107891845534633
17.066000000000003,2.0804600758789547,-0.8804755848402515,-0.0047741737767255715,0.1162251218616398,0.09851300180016953
17.112000000000002,2.088119939209687,-0.8804880352428834,0.001662556991743016,0.16651898802646897,0.139928929749319
17.172000000000004,2.0964320966956556,-0.880445759137983,0.008610421847175878,0.138537749910128,0.11579774759054332
17.221000000000004,2.1033976068942057,-0.8803657940302805,0.014474306648954082,0.1421626365138079,0.11967111840363807
17.300000000000004,2.114123253007425,-0.8801626659815749,0.023515728061829704,0.1357920179093515,0.11444837231488036
17.356,2.1222008565633503,-0.8799456321248333,0.03032614958272155,0.14429497727258453,0.12161467001593153
17.432000000000002,2.132618981047191,-0.8795849292219332,0.039062405817036724,0.13716272178725653,0.11495073992519889
17.515,2.1439862864689827,-0.8790877187923727,0.04858662785984408,0.13708643754125965,0.11474966316635586
17.584000000000003,2.1534191924735584,-0.8785919762505612,0.05653739018685147,0.1368974463181318,0.11522843952184192
17.633000000000003,2.1606509645455203,-0.8781609502762315,0.06264328638697755,0.147849094429411,0.12461012653318665
17.689,2.168610740623649,-0.8776383067129869,0.06807679753901806,0.14244493152313467,0.09702698485787073
17.715000000000003,2.172319431120648,-0.8773825433178724,0.0695945083960188,0.14298073750353474,0.05837349450002091
17.766,2.179910184954975,-0.8768433050800765,0.07225201626944196,0.14921339521889376,0.052107997518106394
17.842,2.1910707856624736,-0.8760157527725275,0.07578309475950575,0.14725315685794624,0.04646155907978637
17.886000000000003,2.19791452820618,-0.875488960095361,0.07790974318587651,0.15599971281171462,0.04833291878114936
17.945,2.2060968341896947,-0.874842646154506,0.0790784920222328,0.1391151221574149,0.019809302311124353
17.992000000000004,2.2135360696948103,-0.8742540245253756,0.0788103283946535,0.15877630218133587,-0.005705609097431324
18.056000000000004,2.222761227345943,-0.8735281414555974,0.0781859173180278,0.14458862030225456,-0.00975642307227651
18.128,2.2340701831302505,-0.87264681266645,0.07735169846486187,0.15754507815985486,-0.011586372960638736
18.181000000000004,2.2418084346025493,-0.8720494634129313,0.07663169466227789,0.1464391173386952,-0.013584977407243824
18.240000000000002,2.250142657947968,-0.8714136791011835,0.0756132151662539,0.14166845554424562,-0.017262364339390365
18.312000000000005,2.260710558828405,-0.8706213260603198,0.07392223103161795,0.14718838209094323,-0.023485890758831722
18.384,2.271726780560876,-0.8698166918832587,0.0718021463381271,0.15341066979465334,-0.029445620742930157
18.431000000000004,2.2788736316704323,-0.8693083828719746,0.07009662091067335,0.15244478006862558,-0.03628777505220429
18.492000000000004,2.2879575473924345,-0.8686809991029014,0.06767975824356816,0.14927139648536114,-0.03962069946074096
18.555,2.2974908146389734,-0.8680509289463768,0.06412016549295772,0.1516518376677284,-0.0565014722319159
18.624000000000002,2.306728376539559,-0.8674742246166168,0.06050617336218059,0.1341383525181388,-0.05237669754749273
18.689,2.3173099208986465,-0.8668568388888968,0.05565531461660738,0.16306984466505356,-0.07462859608574425
18.744,2.3250621394244413,-0.8664401682431707,0.05151972467179583,0.14115287591732212,-0.07519254445111949
18.807000000000002,2.335053695089075,-0.8659544586681804,0.0453776400530177,0.15878340249126455,-0.09749340664726824
18.876000000000005,2.3450433841761673,-0.8655341293852115,0.038314632903832066,0.14490620478006003,-0.10236242245196181
18.931000000000004,2.353048866440607,-0.865253290572078,0.03163497652202095,0.1456437595729829,-0.12144829785111183
18.995000000000005,2.362013263103835,-0.8650026695356275,0.024053320843157783,0.1401234270718344,-0.11846336998223687
19.045,2.3689974016047106,-0.8648543542781318,0.018178103009517547,0.13971426271505233,-0.11750435667281138
19.115000000000002,2.3789750379987282,-0.8647161187711787,0.009174063713377792,0.1425513420337879,-0.12862913280199598
19.209000000000003,2.39160260237169,-0.8646773848731824,-0.0032384302607978708,0.13433642318261158,-0.13204780823590964
19.292,2.4034024743669633,-0.8647829552216099,-0.014821438283046901,0.14217282217929536,-0.13955431352107533
19.336,2.4096258292170134,-0.8648941017692309,-0.02101175443298382,0.14146243833271424,-0.14068900340766705
19.417,2.4204302347449578,-0.8651720665778038,-0.03003571582183423,0.13343185845800787,-0.11140693072654408
19.483000000000004,2.430696689867905,-0.8655111404287845,-0.0357185951580799,0.15563716595356353,-0.08610423236735541
19.560000000000002,2.442033779886501,-0.8659410349276861,-0.03972445525445098,0.14734074986601872,-0.05202415709572951
19.628999999999998,2.4526227454262415,-0.8663728069724084,-0.0417521462195077,0.15359079389131344,-0.029386825580534095
19.672000000000004,2.4590353326127232,-0.8666444098567199,-0.04293444834286871,0.1492636379474111,-0.027495398217693885
19.707,2.464403760224191,-0.8668776288958857,-0.0439242827030527,0.15352831591467458,-0.02828098171954529
19.756999999999998,2.471859439445315,-0.8672099249529548,-0.045138586671877694,0.14926161370941987,-0.024286079376501228
19.787,2.4764817355530697,-0.8674202920476962,-0.04584463413225119,0.1542360226777715,-0.02353491534578236
19.861000000000004,2.487365901993219,-0.8679285633706179,-0.04750726208689494,0.1472436170686186,-0.022467945333022023
19.945999999999998,2.4997400035489568,-0.8685284443375655,-0.04939764739824077,0.14574863249282524,-0.02223982719230555
20.014000000000003,2.510175095925249,-0.8690525502376473,-0.05099194833984228,0.15365067324722073,-0.02344560208237347
20.082,2.5204602849315614,-0.8695854500207756,-0.05256347363461887,0.15145566393811466,-0.023110666099656455
20.155,2.5313407907186916,-0.8701668377825267,-0.0542261019330804,0.1492606523397571,-0.02277573011591128
20.198999999999998,2.5376003648007632,-0.8705095326784115,-0.055182682647563354,0.14247608810651538,-0.02174047078370494
20.259999999999998,2.54684008241053,-0.8710263588312961,-0.05659477804528051,0.15170755291881347,-0.023149104880609086
20.355000000000004,2.5606982673991303,-0.8718260603960829,-0.05871292127308518,0.14611831193473182,-0.022296244503205692
20.417,2.5696381203695062,-0.8723575739350655,-0.06007946537587437,0.14444579741465746,-0.022041033915955542
20.497,2.581854727976298,-0.8731037317540195,-0.061947075759405425,0.1529921632537052,-0.023345129794138657
20.545,2.5894521510544775,-0.8735793129788366,-0.06310863837966281,0.1585894514746574,-0.02419922125536127
20.628999999999998,2.6018153880618295,-0.8743721648108048,-0.06499902470654079,0.1474837337428778,-0.022504599129500775
20.691000000000003,2.6103049256317346,-0.8749301889587857,-0.06629724189793501,0.13722350793204,-0.020938986957969766
20.722,2.6155174379582347,-0.8752782966002208,-0.06709439283730118,0.16852010469283743,-0.025714546431167593
20.772,2.623261225533371,-0.8758031574018608,-0.06827873142125351,0.15523108563678847,-0.023686771679048105
20.806000000000004,2.627877416641382,-0.8761204185043449,-0.0689847794495026,0.13609060611730817,-0.02076611847791057
20.870000000000005,2.6377046835706657,-0.8768067333515195,-0.07048797854334969,0.15392504911269797,-0.023487485841360813
20.927,2.646488782533223,-0.8774327618139398,-0.07183174750706735,0.154497872340171,-0.023574894100311806
21.006999999999998,2.658249209610246,-0.8782894860160089,-0.07363103148990029,0.1473948891331121,-0.02249104978541221
21.089,2.670156912399134,-0.8791786170733339,-0.07545309135555285,0.14562014289953937,-0.022220242264055463
21.166000000000004,2.6811700784026717,-0.8800203786260398,-0.07713849685626409,0.1434452992481221,-0.021888383126118464
21.255000000000003,2.6950089113344555,-0.8811045881964766,-0.07925664178052597,0.15596898203313372,-0.023799381171482135
21.343000000000004,2.7081015787896545,-0.8821574956738821,-0.08126090812533922,0.14926064134873837,-0.02277575391833216
21.387999999999998,2.714795870491143,-0.8827060539890307,-0.08228581712066231,0.14926065958128124,-0.022775755451627015
21.461,2.7258029464629643,-0.8836224664636895,-0.08376592174413755,0.1513035454262056,-0.020275405801030568
21.549,2.738147050676964,-0.8846664096926303,-0.08491768356766582,0.14077464549767765,-0.013088202540093885
21.619,2.7488542440698738,-0.8855823332841345,-0.08579910408315329,0.153518533334819,-0.012591721649820892
21.690000000000005,2.759263210176069,-0.8864818516909927,-0.08661137824208,0.14715156260584308,-0.011440481111642944
21.735,2.766549055421064,-0.8871166038480056,-0.08719314444741719,0.1625209596889138,-0.012928137896383533
21.776000000000003,2.7721990631517794,-0.8876117084813017,-0.08765652682953423,0.13833314664843924,-0.011302009319926837
21.826999999999998,2.780227590119168,-0.8883199143954262,-0.0882941002889435,0.1580333780886818,-0.012501440380575053
21.878999999999998,2.786917709693045,-0.8889138277085182,-0.08883196186547275,0.1291621168038378,-0.010343491856331915
21.948,2.7988104273924144,-0.8899782603538683,-0.08971008946942115,0.17304721133870973,-0.01272648701374441
22.038999999999994,2.810553564399137,-0.8910396353030787,-0.09057723908760167,0.12957147635487754,-0.009529116683303028
22.104999999999997,2.821255364999805,-0.8920158335755458,-0.09136755272694402,0.16282169483067666,-0.01197444908094436
22.174,2.8315105302360024,-0.8929592931016902,-0.09212493668448081,0.14925322046224998,-0.010976579094735619
22.249000000000002,2.842805243939392,-0.8940074545390659,-0.09295915676337656,0.15124326249990155,-0.011122934385276215
22.318999999999996,2.852761667448672,-0.8949392130616887,-0.09363323487731844,0.14285610216809647,-0.009629687342027772
22.389000000000003,2.8628660248304834,-0.8958901767176664,-0.09404388319256847,0.14498583320965142,-0.0058664045035712944
22.464999999999996,2.8749015884325955,-0.8970283010656472,-0.09452715261255297,0.15906916204067675,-0.0063588081576913405
22.511000000000003,2.88158777042129,-0.8976630752836685,-0.09478454321793518,0.14600536006325204,-0.005595447943090795
22.556999999999995,2.8887195174494713,-0.8983420485351999,-0.09505653471488468,0.15573901565535636,-0.005912858629337834
22.582,2.892136747393978,-0.89866807730777,-0.09518686397953649,0.1373098991576175,-0.005213170586071327
22.637999999999998,2.900159641794841,-0.89943528646522,-0.09549285444060705,0.14391953673642321,-0.0054641153762603045
22.660000000000004,2.9040224330622,-0.8998055590217012,-0.09564018318788282,0.17638623415007657,-0.006696761239806085
22.702999999999996,2.910262211287027,-0.9004048937146921,-0.09587817578851718,0.14577896240010832,-0.005534711642660408
22.740000000000002,2.9151647940078287,-0.9008768412529362,-0.09606516998241253,0.13311476677857695,-0.005053897132306026
22.812999999999995,2.92660380986187,-0.9019816172796542,-0.096501489795829,0.15742796520744767,-0.005976983745431558
22.839000000000006,2.930317672260868,-0.9023413840792199,-0.0966431520811399,0.14350950976029414,-0.005448549435032448
22.918,2.942201688834431,-0.9034961733264741,-0.09709647142226922,0.1511391281970206,-0.005738219507966633
22.964000000000006,2.9488862177296666,-0.904148109700954,-0.09735146357016776,0.14600532719972067,-0.005543307563010876
23.037,2.9589869676627973,-0.9051364919011624,-0.09773678506364725,0.13902729439926678,-0.005278376623007162
23.116999999999997,2.971463837641087,-0.9063628079475387,-0.09821277048016677,0.1567123835948935,-0.0059498177064941935
23.192,2.9829003458294276,-0.9074914905816215,-0.09837613698297899,0.1532275832612392,-0.0021782200374961913
23.28300000000001,2.994782091023909,-0.9086590183529857,-0.09725678397750817,0.13119746576347696,0.012300582477700231
23.353,3.0054766811953013,-0.9096933533041026,-0.09535779830172446,0.1534927424496908,0.02712836679691282
23.425000000000004,3.017213231787345,-0.9107998938743553,-0.09246406917670455,0.16373053309576757,0.04019068229194166
23.482999999999997,3.0259805592383917,-0.9116022615505603,-0.08999804941671252,0.15179252428421097,0.042517582068833396
23.523000000000003,3.0322229127767297,-0.9121600909214289,-0.08822859296647395,0.15668070897647335,0.04423641125595736
23.598000000000006,3.0430747687001554,-0.9131031466908343,-0.08491646686453136,0.1452367453761771,0.04416168135923288
23.648000000000003,3.050806406689418,-0.9137499580702279,-0.08173898124667366,0.15517292412985764,0.06354971235715767
23.684999999999995,3.0560116222023743,-0.9141705799182895,-0.07946012458552884,0.14114007070412357,0.06159072057149493
23.723000000000006,3.061961448474779,-0.9146366843190585,-0.07670810330035947,0.15705409107590138,0.07242161276759414
23.762000000000008,3.0673123205192687,-0.91504109149766,-0.07406152784269328,0.13759313814683002,0.0678609091709255
23.818000000000005,3.0758422496230873,-0.915654911934216,-0.06927706991893115,0.15271403728066735,0.08543674863861342
23.875999999999998,3.0840326363931587,-0.9162012465213915,-0.06368405655163743,0.14152737927965625,0.09643126495335205
23.912,3.0891259194665652,-0.9165164803445114,-0.05975359005251626,0.14175080515885508,0.10917962497558407
23.939,3.0927273906907873,-0.9167267030867784,-0.05670596593788447,0.13361487035734496,0.11287496720858049
24.014000000000003,3.1030470707472286,-0.9172646891537555,-0.04709267646540048,0.13778258266031013,0.1281771929664483
24.083000000000006,3.1125004438085475,-0.9176655505782968,-0.03744452815303217,0.13712852638686598,0.1398282364111297
24.137999999999998,3.1199291851055286,-0.9179157203293836,-0.02972406428168941,0.135144590046336,0.140372070388069
24.187000000000005,3.1260170139591956,-0.918077915945496,-0.023327504421169154,0.1242854923918404,0.13054203796978356
24.256999999999998,3.135381099990415,-0.9182500612408924,-0.013294108964051775,0.13379526028243524,0.14333422081597652
24.306999999999995,3.1417125188809565,-0.9183132078289237,-0.006510969823620425,0.1266346755973142,0.13566278280863472
24.378999999999998,3.1516058174459753,-0.9183258940224643,0.004087685559992636,0.1374070374830402,0.14720354699462027
24.413000000000004,3.1560907074199296,-0.9182971033747445,0.008892408916285973,0.13191124657208322,0.14131539283213196
24.496000000000002,3.166524799546043,-0.9181476837459738,0.020256982859108454,0.12572484265502704,0.13692257762436988
24.601000000000006,3.178949586789722,-0.9178043255463945,0.03561475017768667,0.11837648265855671,0.14626445065312033
24.681999999999995,3.190101301113535,-0.9173302932409553,0.0495787214519079,0.13779981182862433,0.17239470708917468
24.775,3.200958924025561,-0.9167188217506179,0.06322875503214594,0.11693362879914786,0.1467745546262099
24.857000000000006,3.211026292644243,-0.9160221887736117,0.07748241323140853,0.12306636994411642,0.17382509999099063
24.893000000000008,3.215446626753651,-0.9156655872175288,0.08462391474478913,0.12318596772976811,0.1983750420383424
24.990000000000002,3.2262855265292574,-0.9146501760471444,0.10241499732479259,0.11223050321980466,0.18341322247427344
25.079,3.2358660204237375,-0.913589986333887,0.11815690592461603,0.10830310529771507,0.17687537752610877
25.15500000000001,3.2449024634846872,-0.9124537897204252,0.13315677386814628,0.11983674688270747,0.19736668346748357
25.226000000000006,3.252606497767014,-0.9113741979530672,0.14674580853668237,0.10956774514934048,0.1913948544864293
25.312000000000005,3.261878967445442,-0.9099264383696002,0.16337686671336393,0.10912572432112937,0.1933843974032773
25.366999999999997,3.267692754344291,-0.9089382110457312,0.173713937226103,0.10722142278370367,0.18794673659528124
25.46,3.277054728789667,-0.9072157081408313,0.19053954459925232,0.10235609299773427,0.1809205093886954
25.537,3.2859621941676793,-0.9054259936411335,0.20649179025266107,0.11799329722660794,0.20717202147284577
25.616999999999997,3.2947493173426574,-0.9035135091407167,0.2223272079339415,0.11241047177683164,0.1979427210160097
25.669000000000004,3.300069792238197,-0.9022853508887185,0.23185424005861388,0.10500744163191801,0.18321215624367587
25.729000000000006,3.3068462678488046,-0.9006433412531962,0.2427716202213414,0.11620960151609332,0.18195633604545194
25.769,3.3112456535794688,-0.8995389502147951,0.2492800754140505,0.11339718463458402,0.16271137981775974
25.833000000000006,3.3190880857783447,-0.8974959024388274,0.26051439296449125,0.1266278641095813,0.17553621172561695
25.866999999999997,3.3225909280790296,-0.8965537881079041,0.26551919750420233,0.10668601700746688,0.14720013352094966
25.936,3.3309018194189335,-0.8942422298803939,0.2773652095394387,0.12501981888913166,0.17168133384399908
25.976000000000006,3.3355675129204236,-0.8928974087921474,0.2840436914104836,0.12139099948418906,0.16696204677609544
26.034,3.34235246994429,-0.8908814023390128,0.29376847888422336,0.12203672357513418,0.16766874954725866
26.056999999999995,3.3450141033366303,-0.8900715226645146,0.29759584206627687,0.12096178373191652,0.16640709487191976
26.113000000000007,3.3514914789673447,-0.8880521502244716,0.30695834729602367,0.1211581286082644,0.16718759338830105
26.133000000000003,3.353913276179996,-0.8872806640487214,0.31045050942300906,0.12708552886326757,0.17460810634930413
26.175999999999995,3.358993416682834,-0.8856306339969301,0.31780030356347194,0.1242183276143435,0.170925445127075
26.211000000000006,3.362904718709423,-0.8843333216593185,0.32341520813798713,0.11773821824850841,0.16042584498609877
26.246000000000002,3.366715706095215,-0.883047243484566,0.3296010571973026,0.11491832743564653,0.1767385445518876
26.297000000000004,3.3717696001754294,-0.8812966197076386,0.3392034826382052,0.10487268967168185,0.18828285178239712
26.336000000000006,3.375859193892358,-0.8798351951211635,0.3474347313213562,0.11135569639074534,0.21105765854232544
26.398000000000003,3.3818804849215005,-0.8776142284634721,0.3596726327192159,0.10351350853674697,0.1973855064170993
26.445,3.386633044131063,-0.8758014942381759,0.3692959278177419,0.10822411987683293,0.2047509595431192
26.464000000000006,3.388509941565898,-0.8750711713835885,0.373076704328037,0.10599894753072013,0.1989882373838968
26.537,3.395771537570201,-0.8721688738833506,0.3875437709773099,0.10712478304460879,0.1981789951955372
26.582,3.40041483871614,-0.8702498987489866,0.3963945973510918,0.11164916634163594,0.1966850305284786
26.663000000000004,3.409033847483851,-0.8665683096843991,0.40938053098121996,0.11570833138232545,0.1603201682731813
26.726999999999997,3.4170800250086857,-0.863035037446601,0.4173582957313578,0.13730898083398374,0.12465257422091747
26.785000000000004,3.424388753804383,-0.8597681027656995,0.42341140595746646,0.13802839109189988,0.10436396941565407
26.824000000000005,3.429509855450429,-0.8574474861247423,0.42763434308066034,0.14416310358817466,0.10828043905624928
26.913000000000004,3.440614133644579,-0.8523256021833835,0.43681923363898506,0.1374000144080299,0.1032010175092681
26.982999999999997,3.4496410795539014,-0.8480702343029006,0.4443149513058011,0.14256678223755645,0.10708168095452557
27.024000000000008,3.45471259397596,-0.8456431613627459,0.44855796769644835,0.13713075257426813,0.10348820464990449
27.068999999999996,3.460396022719107,-0.8428911538014542,0.453500775141147,0.14032573727282735,0.10984016543777853
27.121000000000002,3.4670757121201525,-0.8396100681091894,0.4599205932075008,0.14311591411228186,0.12345803973755672
27.183,3.4745489450100755,-0.8358717489513962,0.468069546204018,0.13477564503047545,0.1314347257502832
27.281,3.4856458268418273,-0.8301742857333219,0.48072393644594436,0.12728620408280764,0.1291264310400659
27.380000000000003,3.4978685535740572,-0.8236908625701108,0.49492652125036,0.1397557245811789,0.14346045256984974
27.464000000000006,3.5065595635075306,-0.8189398661884787,0.5059130343914475,0.11791462059353605,0.13079182310817963
27.491000000000007,3.509809489551874,-0.817130598168588,0.5102087619258899,0.1377631914894307,0.15910101979415714
27.541999999999994,3.516171890384843,-0.8135352994862257,0.5186958729015776,0.14329338379292736,0.16641394069979815
27.613000000000007,3.523389596026052,-0.8093695115192449,0.5284067497209228,0.11737479589569698,0.13677291294850105
27.674,3.5306952578422153,-0.8050567213928802,0.5382384413749672,0.13907674730528863,0.16117527301714032
27.735000000000007,3.537284192008552,-0.8010836987197221,0.5472172408592748,0.12613256082267615,0.14719343416895964
27.799,3.54415185439927,-0.7968545290261962,0.5571405939924018,0.12602186129323784,0.15505239270512608
27.854999999999997,3.550284367998193,-0.7929958939255567,0.5662741164629091,0.12938333415045747,0.16309861554478192
27.925000000000004,3.5575794785117676,-0.7883031138660005,0.5771670288122257,0.12391638235044138,0.1556130335616486
27.987000000000002,3.5648887567226155,-0.783487318000477,0.5881800945569486,0.14117965707861163,0.17763009265682844
28.046,3.570236678711651,-0.7798886163260653,0.5967460793728052,0.10925424694098063,0.14518618331960914
28.137000000000008,3.5784079724280327,-0.774254354124483,0.6108074272852789,0.10907109714883202,0.15452030673046643
28.193999999999996,3.584264333931028,-0.7701102975824479,0.620972668042219,0.12586441609752946,0.1783375571393365
28.250000000000007,3.590078348452462,-0.7659070501132834,0.6311722417039235,0.12811184494744,0.18213524395897193
28.318999999999996,3.596328216429423,-0.7612869539867492,0.6421800010354028,0.11263968941711705,0.1595327439345101
28.391,3.603381084543854,-0.7559438073184355,0.6546788129507514,0.12289286097051982,0.1735946099353895
28.446000000000005,3.608485464811259,-0.7519894758151308,0.6637821380417541,0.1173980099684839,0.16551500165457506
28.490000000000002,3.612711406485372,-0.7486587745806333,0.6714133048116683,0.122289103639919,0.173435608407152
28.543,3.6178415301005837,-0.7445440396131539,0.6807444397194388,0.12408327019510913,0.17605914920322582
28.589999999999996,3.6221028254537666,-0.7410662688453481,0.6884985534305695,0.11702809960856723,0.16498114279002682
28.634999999999998,3.62688694692616,-0.737094894383367,0.6973452636245813,0.1381708253493577,0.1965935598669199
28.699000000000005,3.6318355174586783,-0.7329115371105738,0.7064431079881422,0.10124810519437778,0.14215381818062442
28.734,3.635373076265483,-0.7298731010856779,0.7130280318064941,0.1332372926559111,0.18814068052435692
28.78000000000001,3.639519650747895,-0.7262593833567027,0.720853357746987,0.11957121677220128,0.17011578131503907
28.863000000000007,3.6468406498933312,-0.7197373854072674,0.7348039564718009,0.11812974121043249,0.1680795027086039
28.939,3.653193287980791,-0.7139270259915124,0.7470532685021187,0.11327739040221219,0.1611751582936702
28.991999999999997,3.658258688952384,-0.7091901632109382,0.7568735778112267,0.13085168340197514,0.18528885488883845
29.046,3.6625195014036707,-0.7051330046036229,0.7651563751614678,0.10895289550822311,0.15338513611557156
29.122999999999998,3.669293470483935,-0.6985410475263651,0.7785147265281058,0.12275341933309984,0.17348508268361434
29.163000000000004,3.6728924805391143,-0.6949665029729877,0.7856007765201927,0.12681246523250858,0.17715124980214333
29.211999999999996,3.6770606253636497,-0.6907633618990362,0.793792113654661,0.12080499492820843,0.16717014560141968
29.277000000000008,3.68238585475691,-0.685291589543075,0.8043068547820055,0.11746671270280525,0.1617652481129629
29.357999999999997,3.6893279972932924,-0.6779822298116737,0.8181626297913038,0.12445282322769625,0.17105895073210198
29.419000000000004,3.693629332595973,-0.6733500468908856,0.8268318476981761,0.10362757101398744,0.14211832634215163
29.470999999999997,3.698609123351988,-0.6678853166503141,0.8369735386226526,0.14217976653450481,0.19503251777842193
29.527000000000008,3.703200549988363,-0.662746048881628,0.8464726993499806,0.12306314715350426,0.1696278701308227
29.550999999999995,3.7050379631776567,-0.6606618113077019,0.8503151007684241,0.11577136751394411,0.16010005910190112
29.610999999999997,3.709837889608919,-0.6551397849695818,0.8603501012437412,0.12194268761323036,0.16725000792194591
29.683,3.7152450183210086,-0.6487821473343626,0.8718196978171643,0.11591739989138994,0.15929995240864755
29.759999999999998,3.720780519636316,-0.6421183856932385,0.8836181619822501,0.11250643730499808,0.15322680733878008
29.809000000000005,3.725168299246665,-0.6367206167907206,0.8930408680641374,0.14196297279620018,0.1923001241201238
29.892000000000003,3.7314661183683495,-0.6287873340937866,0.9067616450194089,0.12203784494420473,0.16531056572616604
29.940999999999995,3.735207239087957,-0.6239668071523886,0.9150271701491506,0.12452904070512456,0.16868418632128454
30.003000000000007,3.739790688662654,-0.6179466748380942,0.9252764180557692,0.12203827708223548,0.16531045010672057
30.079,3.7453967515388524,-0.6104051719715399,0.938005317794836,0.12364375490258725,0.16748552288247198
30.144,3.7501133760732976,-0.6039033639023011,0.9484713827147256,0.12357596438915912,0.1610163833829235
30.184999999999995,3.7530757394706002,-0.5997461002593302,0.9550515522115126,0.12450601474078793,0.16049193894603608
30.231,3.75629554686582,-0.5951609222550479,0.9622736877928781,0.12179931934707314,0.15700294742096765
30.297999999999995,3.760887727017329,-0.5884971085777904,0.9727056583622539,0.12078909196635071,0.1557010532742807
30.354000000000006,3.764926479973048,-0.5825107765235217,0.9820141829224612,0.12895243262239148,0.1662236528608114
30.416000000000004,3.769250056420558,-0.5759660969699905,0.9921251633151227,0.126513875138127,0.16308032891390065
30.467999999999996,3.7727014871434617,-0.570636218978534,1.0003102402866693,0.12211155875113221,0.15740532637591845
30.505000000000003,3.775244716963978,-0.56664666741742,1.0064089237144564,0.12787108755286367,0.1648292818320588
30.568000000000005,3.779256667195212,-0.5602417528367123,1.0161833399032592,0.11996333050635774,0.15514946331432275
30.610000000000007,3.7819503844211826,-0.5558598893750674,1.0233145627093478,0.12246717337480396,0.16979101919258138
30.671,3.7854801161553895,-0.5500042726325816,1.0336361666691911,0.11208518561229736,0.16920662229253253
30.750999999999998,3.7900964601396314,-0.5421285748058634,1.0477821906421994,0.1141115463309252,0.17682529966260674
30.836999999999996,3.7949957322211048,-0.5334798515071217,1.063186069139489,0.11558120913050862,0.179114866247557
30.924,3.7996386554650012,-0.5249851012343164,1.078204979233636,0.11127334344795513,0.1726311505074292
30.978,3.802763577159656,-0.5190905674172258,1.0885925063162631,0.12354872821551671,0.192361612641238
31.014000000000003,3.8047193009369935,-0.5153246436159646,1.0952284720149303,0.11787416643509063,0.18433238051852638
31.089999999999996,3.8086271884103367,-0.5076110976565666,1.1086553486149973,0.1137761383411713,0.17666942894826423
31.144,3.811538016430877,-0.5016932658036523,1.1188725995558937,0.12212910819607449,0.18920835075733408
31.217999999999996,3.8150954716917456,-0.49424594677672506,1.131563853433017,0.11153197157465679,0.17150343077194138
31.297000000000004,3.8189231182480166,-0.48595271515758176,1.1453937158404393,0.11561929197816283,0.17506154946102379
31.341,3.8212214509469393,-0.4808231703677536,1.1539043982841863,0.12774782054430406,0.19342460099426545
31.416000000000004,3.8245408232018576,-0.47320030414184183,1.1664931131991096,0.11085632075588282,0.16784953219897103
31.482000000000006,3.8276745016961597,-0.4657526980271524,1.1787272131935542,0.12242459659527785,0.18536515143097146
31.550999999999995,3.8304313561031593,-0.4589824961440126,1.1895279023037137,0.10594181066204118,0.1565317262342223
31.621000000000002,3.8337158082287743,-0.45063781333738784,1.2022874673470625,0.12811136490602806,0.18227950061924852
31.669999999999995,3.835888298202698,-0.444939796796549,1.2109639696869154,0.12445149157524434,0.1770714763235572
31.711000000000006,3.837640182563203,-0.44023334782068235,1.21815276742108,0.12248604862949569,0.17533653010152542
31.784,3.840484854399863,-0.43236169742298475,1.2301051082942585,0.11465601040039945,0.1637306968928717
31.854000000000006,3.8432737335201868,-0.42434343559714877,1.2422747530671527,0.12127752744994355,0.1738520681841857
31.903,3.845141233971076,-0.4187900798276204,1.2506581924148645,0.11957044845489852,0.17109059893292036
31.975,3.8479098468284536,-0.4102603993381262,1.2634233362130187,0.12455218117183631,0.17729366386324588
32.044999999999995,3.8503251795216555,-0.40249667897406016,1.2750769482484134,0.11615365079899119,0.16648017193422654
32.112,3.852650372177499,-0.39470543103622513,1.2866456023636526,0.12135536768196394,0.17266647933190823
32.172000000000004,3.8546270428730574,-0.3878088614932314,1.2968532365542875,0.11957087449619254,0.17012723651057646
32.234,3.856622964275831,-0.3805699518128622,1.307132292307691,0.12111336998371829,0.16579122182909312
32.291000000000004,3.858343342092317,-0.3740820608272368,1.3162242779988187,0.11775632705572162,0.1595085208969727
32.37,3.8607339691326596,-0.3646493492231354,1.3292491653056737,0.12317642484626454,0.16487199122602653
32.436,3.862621319630194,-0.3568082759645706,1.3401191205372527,0.1221972484419965,0.16469629138755384
32.48500000000001,3.8640297254992384,-0.35070299354698004,1.348398783633577,0.1278699368006262,0.16897271625149193
32.544000000000004,3.865595582246185,-0.34362569732048237,1.3580686399788002,0.12285508688188335,0.16389587025802943
32.632,3.8675846569161423,-0.33412510350555746,1.370977858882976,0.1103020487222845,0.1466956693656436
32.675999999999995,3.868804641978534,-0.32797456548966797,1.3793665134464506,0.14250830307361168,0.19065124007898138
32.722,3.869696298801682,-0.3232956588295529,1.3857863428400514,0.10354587538948355,0.13956150855652083
32.75900000000001,3.870719048256669,-0.3177216771678791,1.393308614180894,0.153163113643004,0.20330463083354708
32.817,3.871968827939995,-0.3105569026577972,1.4030589135258096,0.12539585718027027,0.16810860939511885
32.89000000000001,3.873399248604585,-0.30179746963415416,1.4149575825737948,0.12158162837182684,0.16299546641073942
32.928999999999995,3.8741121450548817,-0.297167745052822,1.4212374351304327,0.12010999519329255,0.1610218604266648
32.975,3.8749187433275214,-0.2916795192421194,1.4286741021520675,0.12059090360185523,0.1616666743833427
33.035999999999994,3.8759768605353924,-0.2840108460777029,1.439020469244935,0.1269070173725016,0.16961257529293178
33.11000000000001,3.8770622357570415,-0.27545042712255896,1.4505040062281034,0.11660745902176613,0.15518293220495108
33.18,3.878102476611319,-0.2663879489166401,1.4627146290783395,0.13031407293784034,0.17443746928910425
33.254,3.878996250264616,-0.2576815154608723,1.4744480329284848,0.11827282630940546,0.1585595114884544
33.309999999999995,3.879629099338463,-0.2508074350445224,1.483702548005015,0.12327053519461925,0.1652591977951897
33.37200000000001,3.8802747737344685,-0.24294458095588878,1.494227413290339,0.12724709655173702,0.16975589169874242
33.421,3.8807213647420276,-0.23679725048336228,1.502490372255733,0.1257863487243546,0.1686318156203114
33.455999999999996,3.880996025548871,-0.23261505226518278,1.5081091841547272,0.11974878635135724,0.16053748282842017
33.525,3.881487487667772,-0.2240001394634788,1.519677325842343,0.12505680926707058,0.1676542273567456
33.562000000000005,3.881701565363814,-0.2195675388338822,1.5255747949045524,0.11993965368876379,0.15939105573536105
33.617,3.881978067384397,-0.21279327946623522,1.534612163760265,0.1232709082026572,0.16431579737661484
33.701,3.8822738651182402,-0.20281273555959056,1.547899021701868,0.11886817009226196,0.1581768802571726
33.797000000000004,3.88245266523355,-0.19098014299973914,1.56366471355356,0.12327024365065287,0.16422595678845175
33.859,3.8824693591855315,-0.18358463714590986,1.573576099954277,0.11928265637937008,0.15986107097931232
33.912,3.882414790583469,-0.17633578418449802,1.5832583701732177,0.13677468588393543,0.1826843437536084
33.976000000000006,3.8822822040194773,-0.1687398948809527,1.593461844901466,0.1187038494908584,0.15942929262886074
34.022,3.8821328337569936,-0.16307489345022128,1.6010360310091736,0.1231950071056572,0.16465621973280287
34.099,3.8817817177969856,-0.15347093245156515,1.6138533723908086,0.12481009307055027,0.16645897898227716
34.156,3.8814545312860007,-0.14659537300709902,1.6230588984068963,0.12076034977072571,0.16150045642258518
34.222,3.8809782604135172,-0.13834996383125986,1.6340794615396077,0.12513868011536447,0.16697822928349945
34.285999999999994,3.8804522187886015,-0.13066155977551963,1.6444579104722066,0.12041217129090483,0.16216326457187522
34.365,3.879654899293803,-0.12074741080671406,1.657759653780065,0.12590074002609336,0.16837649756781115
34.458000000000006,3.8786350763456134,-0.10994770613620865,1.6723024633283468,0.11664246308363357,0.15637429621807794
34.529,3.877645492990876,-0.100780216899648,1.6846304512462806,0.12986964465166895,0.17363363264696108
34.594,3.8767450236326573,-0.0932335834306865,1.6948441326615575,0.11692562930406912,0.1571335602350347
34.642,3.8759308088751614,-0.08691566103822711,1.7033774052521486,0.1327119129365161,0.17777651230397476
34.716,3.8747481851886745,-0.07840890825437886,1.714844155781183,0.11606168364294632,0.15495608823019935
34.761,3.873882645749405,-0.07259178958225837,1.7227278687410137,0.1306924165226275,0.17519362132956204
34.844,3.8722968104512416,-0.06267544735615066,1.7368574195516489,0.12099212261414914,0.17023555193536666
34.901,3.8711848683235317,-0.056219696801539265,1.7462731102625981,0.11492651648627795,0.16518755633243717
34.978,3.8695549610196904,-0.047354687409464136,1.7593523772896638,0.11705974341564894,0.16986061074111614
35.07,3.867358299934672,-0.036329441856760396,1.7757433181147746,0.12219506983564198,0.1781624002729463
35.141,3.8656242301244914,-0.02822939706356312,1.7878208554598098,0.11667016306957684,0.17010615978923377
35.189,3.8643257776373283,-0.022456765896906653,1.796447668965877,0.1232679469263625,0.17972528137639318
35.234,3.8631419827567086,-0.017386279793773392,1.804039265644947,0.11570759152500316,0.16870214842377262
35.275,3.862032430734784,-0.01278466460850183,1.8109407178367787,0.11545107975238644,0.16832810223980774
35.32,3.860746258918945,-0.00761714253328214,1.8187048523263827,0.11833729223996035,0.17253632199119354
35.358,3.8595991519395616,-0.003146815748178272,1.8254337695675316,0.12145150528328456,0.17707676950393325
35.409,3.8581460758003057,0.0023443684428663234,1.8337155147576147,0.11137623248267134,0.16238716058986008
35.470000000000006,3.8561379958378357,0.009646869991533127,1.844757843255978,0.12415683271099473,0.18102177866167046
35.511,3.8548092435594596,0.014313204536045268,1.851831835926042,0.11833733303320368,0.17253640658694103
35.550999999999995,3.8535147050949474,0.01874308520031472,1.8585607565109805,0.11537892066951203,0.1682230146234977
35.618,3.8511863704993146,0.026445786141430762,1.8702932351708603,0.12010311877531823,0.17511162178923184
35.699000000000005,3.8482952140389965,0.03558463316930856,1.8842686906794586,0.11833660851678209,0.17253648776046562
35.782000000000004,3.8452004846186463,0.044906276856579476,1.8985892226670948,0.11833655649678246,0.17253652997152472
35.838,3.8430371995620782,0.0511701181374332,1.908251270421744,0.11833710417983974,0.1725365670473149
35.925999999999995,3.8395566106174965,0.060859189778438856,1.923261955192556,0.1169917179523162,0.170575963304694
35.99700000000001,3.8365664012877296,0.06883749146497505,1.9356845941303003,0.12000351250991195,0.17496674560200107
36.041999999999994,3.8346472789347112,0.07380483235415436,1.9434487450129603,0.11833725839120714,0.17253668628138186
36.099,3.8322052717694945,0.07996536015775274,1.9531108011466884,0.11626100402500462,0.16950975673206672
36.156,3.829658649538417,0.08621136825397188,1.9629453959775096,0.11833707474070432,0.1725367514179086
36.196000000000005,3.8278808873274963,0.09047038504752952,1.9696743304572988,0.11537889355937557,0.16822336199470303
36.252,3.825559852003673,0.09591299622124035,1.9783011709568175,0.10565819784214618,0.1540507232056978
36.305,3.822712762445264,0.10241739633343161,1.9886533817063832,0.1339664359875007,0.19532473112389148
36.37,3.8195033815770003,0.10953776552131807,2.000040816299771,0.12015747352880105,0.17519130143674427
36.40500000000001,3.817768595112178,0.11329876104038884,2.0060796085720516,0.11833736406162704,0.17253692206510204
36.437000000000005,3.816213127699622,0.11662112705973862,2.011428253861548,0.11463935824593428,0.16714516529678822
36.50000000000001,3.8129973801521944,0.12334715107076709,2.0222980834578586,0.11833695957067523,0.17253697771920506
36.571999999999996,3.8092859065211604,0.1308848631527775,2.0345482122682554,0.11669323436349302,0.17014067792220613
36.62800000000001,3.8061856556884797,0.13700832176179167,2.0445553624720607,0.12256336938861043,0.17869911078219997
36.677,3.803518834163124,0.14215719758933965,2.0530096809699283,0.11833718710702429,0.17253711220140636
36.727,3.800808578095826,0.14728334343083202,2.0614640012797523,0.11597044302507278,0.1690864061964888
36.788999999999994,3.7972604530439575,0.15384011374276954,2.0723338443850388,0.12024561698698151,0.17532005008527274
36.859,3.793292892772378,0.16097661442247785,2.0842389142013498,0.11664631388463796,0.17007242594728217
36.913000000000004,3.7901287504507097,0.1665284529147042,2.093555928004376,0.11833711127617666,0.1725372926486245
36.982000000000006,3.7859503438586017,0.1736809751007835,2.105633542006924,0.12005184701499802,0.17503788409489238
37.01,3.7843764075606106,0.1763246958753099,2.1101195139478777,0.10988476689080194,0.1602132836055407
37.080999999999996,3.779956100866997,0.1836086177538719,2.1225422084209096,0.1200034956167814,0.1749675277891868
37.12800000000001,3.7769591076046747,0.1884338164265026,2.1308240071713502,0.1208550172501877,0.17620848405188677
37.165,3.7746851942968447,0.19203633656157085,2.1370353575301615,0.11513904654917517,0.16787433402196267
37.211999999999996,3.771682876739199,0.19671824404227,2.14514462218945,0.11833722056218561,0.17253754594231738
37.263,3.7684473558257383,0.20167209350407697,2.1537715016124794,0.1160168425503716,0.16915449849076872
37.324000000000005,3.76444233441971,0.20767770509936045,2.1642962975157216,0.11833700219594251,0.17253763775804856
37.386,3.760239889214894,0.2138356182064879,2.1751661722133453,0.12024562913175048,0.17532055963909837
37.452000000000005,3.7557658105451104,0.2202373689099423,2.1865536638851872,0.11833691455857022,0.17253775260365922
37.504,3.752258806484531,0.22514903995949495,2.1953530920349835,0.11606146029818602,0.16921977211149142
37.555,3.7487787404549335,0.22993426393446786,2.2039799847496235,0.11601685578826033,0.16915475911058203
37.6,3.745399158041827,0.23449967132278435,2.2122618039895054,0.12622637299174896,0.1840404275529245
37.65200000000001,3.741838680691159,0.23922537050738762,2.2208887013831693,0.11378576839933108,0.16590187295505257
37.702000000000005,3.7380926819030855,0.24410732311603403,2.229860677246154,0.12307065969323744,0.17943951725970872
37.772,3.7331282530803733,0.2504403468175772,2.241593265073872,0.1149558413355425,0.16760839753884363
37.833000000000006,3.728537385230095,0.2561634543514095,2.252290628571477,0.12027696634336793,0.17536661471481352
37.89300000000001,3.7241120423425986,0.2615637405833275,2.2624703813011813,0.1163647892746425,0.16966254549506496
37.936,3.7207923138951884,0.2655421633284249,2.2701612904287494,0.12050112711124344,0.17885835180394172
38.011,3.715090867914884,0.2722290034515278,2.2838261674241904,0.11716678869468258,0.18219835993920716
38.055,3.7120035207737447,0.2757728027060176,2.291293321141948,0.10681872709248243,0.16970803903996062
38.108,3.7078970399624596,0.2804048863611145,2.3011281118138096,0.11679745720566485,0.18556208814833855
38.165,3.703435865519523,0.285334841703874,2.3116914091316274,0.11664560829854319,0.18532100557574385
38.226000000000006,3.6986097245479326,0.2905523651156798,2.3229832139552244,0.11651366133975084,0.185111554485176
38.281,3.694358538019909,0.2950520108260616,2.33281801524229,0.11255029864008735,0.1788145688557642
38.330000000000005,3.690382971318759,0.2991808867581419,2.3419243137814236,0.1169741141492703,0.18584282732922955
38.37200000000001,3.6870950589483753,0.3025394384313403,2.3493914785579375,0.11190536245244832,0.17778963753603802
38.39900000000001,3.6849970828633447,0.3046564939134879,2.354126753773172,0.11038918288497439,0.17538056352719014
38.455999999999996,3.680199267232262,0.30942356911076074,2.3648721859925668,0.11865673852034762,0.188516354726267
38.517,3.675185254348552,0.31429773962234125,2.3759818701768247,0.11463443804975167,0.18212597023371585
38.586000000000006,3.669616039448105,0.31958677681041947,2.388184309617902,0.11131158357389825,0.17684694842140097
38.618,3.6668493720217614,0.32216675071607853,2.3941944647895386,0.11821720112766006,0.18781734911366824
38.669999999999995,3.6622888050858706,0.3263525167556083,2.404029261481627,0.11904360016625999,0.1891307056171123
38.75600000000001,3.655113369171503,0.3327740102217986,2.4193278275722863,0.11196802526941665,0.17789030337973263
38.79,3.6521812411405334,0.33534184962321256,2.4255201020828014,0.11463487236962708,0.18212572089754925
38.861,3.6459198647848523,0.34071941011441836,2.4386331497775555,0.1162488068883656,0.1846908126021754
38.93,3.6400304282788403,0.34564938455183714,2.4508355640800006,0.11131162256565563,0.1768465840934
38.964000000000006,3.636841234783625,0.34826854076172203,2.45739208319881,0.12137809611293178,0.19283879761200998
38.984,3.6350620612578126,0.3497145753609706,2.461034593221889,0.11463501316327487,0.18212550115398754
39.038999999999994,3.6301423072888324,0.3536576481734293,2.4710514935972743,0.11463460069246202,0.1821254613706638
39.099,3.624730555851105,0.35790274008225503,2.481979017655243,0.11463451455497413,0.18212540096613825
39.14600000000001,3.6205503164474875,0.3611171176054516,2.490356783568038,0.11219571662484037,0.17825033857005992
39.224,3.6135381519346104,0.36638522660262235,2.5044574181125046,0.11244358916016224,0.18077736595472801
39.300000000000004,3.607205002142031,0.37099926693941193,2.5201650075639974,0.10310128223417271,0.20667880857225382
39.397,3.59944292361684,0.37643520449043655,2.5412389173447525,0.097693280489545,0.21725680186346735
39.446999999999996,3.594114578687813,0.38003115063266885,2.554720598715943,0.12856451818527387,0.26963362742382846
39.544000000000004,3.5870909223429597,0.38461704451024087,2.5718238707523464,0.08647645572479244,0.1763223921278535
39.639,3.5790291353124277,0.3896733219003784,2.5912069430393396,0.10017068600549381,0.20403233986308883
39.71,3.5724232043778796,0.3936580309482044,2.606667013817665,0.10865741203165394,0.21774747575106898
39.764,3.56788671201904,0.396314432208095,2.6172426480121085,0.0973521716636368,0.19584507767487047
39.797000000000004,3.5647437362065713,0.3981176046084807,2.6245021487412235,0.10980292749460775,0.219984870579233
39.89900000000001,3.5557359234045918,0.4031198209992462,2.6450739168512514,0.10101506176952177,0.20168400107869747
39.996,3.546993624212982,0.4077461637621244,2.6649799252178017,0.1019685309630204,0.2052165810984692
40.041999999999994,3.5426864862287,0.40994413480576464,2.674672693614274,0.10512058591154591,0.21071235644508943
40.12800000000001,3.5344583059170347,0.41399894469816945,2.693039969017794,0.10666311109198098,0.21357296980834065
40.183,3.529540503897087,0.41633346634535606,2.7039660180823706,0.09897786383890592,0.19865543753777928
40.23500000000001,3.52457324924451,0.4186250047237472,2.714989031783761,0.1051991049048109,0.2119810327190202
40.288999999999994,3.5200601628287345,0.4206498738555182,2.7249350420041667,0.09160219206010092,0.18418537445199784
40.339000000000006,3.514670623842482,0.42299820862159887,2.7367078375493454,0.11757858080093352,0.23545591090352122
40.379,3.5106775352161397,0.42469292139031495,2.7442480022156244,0.10844586249103762,0.18850411665701092
40.425999999999995,3.505754585457656,0.42673738893530133,2.752160284478956,0.11341699235297692,0.16834643113472372
40.473000000000006,3.500446278792604,0.4288949361094862,2.7597108556586303,0.12191531962915506,0.16065045063133157
40.52400000000001,3.4944289861465276,0.43128297253546927,2.7680525367184132,0.1269379247500399,0.16356237372122803
40.601000000000006,3.4856357240087856,0.4346817653046603,2.778425042711394,0.12243196196804028,0.13470787003871326
40.671,3.476783234825424,0.4379983508121185,2.788029857810176,0.1350482182746191,0.13721164426833043
40.726000000000006,3.4697432582800727,0.44056731132044435,2.7954629341340516,0.13625550604074976,0.13514684225226442
40.758,3.4656951075558906,0.44201794131599326,2.7996798306338655,0.1343817282824487,0.13177801561920008
40.818999999999996,3.4584921594499654,0.44455154864069685,2.8072224105520482,0.12517295478082144,0.12364885111776446
40.892,3.44891700090924,0.44782492127831164,2.817320479033041,0.13861946294976002,0.13832970521906243
40.969,3.439078184948705,0.4510738357087482,2.828462181296833,0.1345630939657885,0.144697431997306
41.01,3.4341856580458834,0.4526414287396525,2.8348404849597806,0.1253054979638766,0.1555683820231206
41.077000000000005,3.426339037222722,0.4550814425557183,2.845577689546971,0.12264545718351945,0.16025678488342315
41.147,3.418227626029445,0.45750696516413264,2.856625561321417,0.1209470718026035,0.15782673963495816
41.211999999999996,3.4100900112746757,0.4598433791362167,2.8675389185312565,0.13025201257607164,0.1678978032283049
41.24400000000001,3.406251831239398,0.4609121073776805,2.8726746153516216,0.12450607900137936,0.16049052563635505
41.317,3.3974757924532666,0.46327627223508167,2.884390422148945,0.12450550133533679,0.16049050407293686
41.362,3.3920523294389535,0.46468234848012996,2.8916124937558143,0.12450594011216527,0.1604904801526469
41.428999999999995,3.383837967926293,0.46673267956076403,2.902525844896969,0.1263638826212687,0.16288583792769998
41.475,3.378266509353046,0.46806941186479095,2.9098425323531822,0.12455592932598371,0.1590584229611334
41.547999999999995,3.3692841504396,0.47013720277518933,2.9211596616108655,0.12626431787893475,0.15502916791348334
41.592000000000006,3.3640766100200024,0.47128690851984656,2.927598774715703,0.12120329150823511,0.14634347965535743
41.65200000000001,3.3566246654878884,0.4728711249186507,2.9367975067314926,0.1269746463187069,0.15331220026315753
41.717999999999996,3.3479360350420615,0.4746341651257631,2.9463812004419756,0.13432876506877453,0.14520748046188872
41.78300000000001,3.3394924717623318,0.47627117531294577,2.9540861048775993,0.13231982342571094,0.11853699131726532
41.817,3.335053855491076,0.47710442844504963,2.958068096423422,0.1328279879469318,0.11711739840658096
41.877,3.326837859490587,0.4785992032725043,2.965264416468071,0.13918107915872988,0.11993866741081186
41.952999999999996,3.3163386943949815,0.4804236429408492,2.974055272786161,0.14021713956284587,0.11566916208014251
41.995,3.310457702837495,0.48140424376239466,2.9789715351216715,0.1419567651406055,0.11705386513119428
42.074000000000005,3.2999156986053113,0.4830880754516913,2.987699066839435,0.1351345963824145,0.11047508503497053
42.108,3.2952333537264256,0.48380567810941577,2.9914506868179283,0.13932395826037516,0.11034176407335804
42.163000000000004,3.287341564077404,0.48497599412680026,2.997540238245549,0.14505625405786865,0.11071911686581694
42.225,3.2788527102724188,0.4861800706968217,3.0038948566366677,0.13828746630617275,0.10249384501804794
42.28300000000001,3.270576599213686,0.4873029681144701,3.0098097807278656,0.14399897697795278,0.10198144984822886
42.358,3.2605919050901893,0.4885906284751423,3.0169668379341523,0.13423176371519432,0.09542742941717015
42.416000000000004,3.2520063308086464,0.4896398319850148,3.0231158583755087,0.14912837696026865,0.10601759381647605
42.476000000000006,3.2436962348135117,0.49060468540152846,3.0289641595773587,0.13943202003894595,0.09747168669749598
42.556999999999995,3.2322545647423078,0.49185400697399706,3.036794765950807,0.1420947529813711,0.09667415275863758
42.607000000000006,3.225152435769961,0.4925846162510834,3.0414466394673694,0.14279219286163858,0.09303747033122195
42.672000000000004,3.2157696037896586,0.4934992673649681,3.047594894818123,0.14503549667999374,0.09458854385774905
42.752,3.2043737375014207,0.4945311567929415,3.055044037964204,0.1430311178178136,0.09311428932601483
42.809000000000005,3.1965347465629055,0.49519184524934207,3.0600663569489353,0.1380137517855181,0.08811085938124892
42.859,3.1894554090444034,0.4957545404055355,3.064600335943737,0.14203329967254957,0.09067957989603652
42.937999999999995,3.1779113799484064,0.4966018305481786,3.0722211870631093,0.14652001714107094,0.09646646986548253
42.99400000000001,3.1704780608139647,0.49709971348541887,3.0772714119016324,0.1330352597950415,0.0901825864021801
43.049,3.1629020313206175,0.4975685892108153,3.082403925338021,0.13800954252544156,0.09331842611616988
43.11000000000001,3.1538788791959416,0.49807684707126015,3.088385075537609,0.14815500674851276,0.09805164261618726
43.168,3.1460758197068723,0.49847285772634276,3.0934015872200376,0.13470865403209187,0.0864915807315339
43.223000000000006,3.1379000151176766,0.4988480644116947,3.0981851587445197,0.14880744753581995,0.08697402771784678
43.27,3.1309975528324956,0.49913427014892886,3.1021917028341215,0.1469870935449753,0.08524561892770262
43.321999999999996,3.1234218904033533,0.4994161922100511,3.106722312813663,0.14578666083238795,0.08712711499119462
43.407000000000004,3.1119338553152285,0.499778112265268,3.1135484081778424,0.13522040770218824,0.08030700428445649
43.478,3.1015659404956177,0.5000376539236411,3.1196884049593416,0.1460727166846678,0.08647882790844243
43.541000000000004,3.0919017320956863,0.5002219183813255,3.1254171118715592,0.15342801423614733,0.09093185574948238
43.607000000000006,3.082669380392119,0.5003467696036655,3.13083091434374,0.13989690698361096,0.08202731018455137
43.677,3.073436552694347,0.5004209620244526,3.1363698452960995,0.13190179696758694,0.07912758503371754
43.725,3.0634821168972257,0.5004436606825918,-3.1408438009616044,0.20738461825955032,0.1244096025392146
43.812000000000005,3.052517873232298,0.5003998657520403,-3.134266319951666,0.1260267946037576,0.07560322999929141
43.883,3.042708160293375,0.5002998465435322,-3.128433188596631,0.1381721524001777,0.0821567796483802
43.949000000000005,3.033331956924681,0.5001504811084972,-3.1228077096814975,0.14208171225680852,0.08523452901717164
44.002,3.02547390302857,0.49998534908093867,-3.1183343256738008,0.14829790145482194,0.08440347184333834
44.062999999999995,3.0166633348618803,0.49976092291596036,-3.1139361369396377,0.14448239406197855,0.07210145465841976
44.121,3.007936697178096,0.49950221619775265,-3.109927422765101,0.15052537248455602,0.06911576162993366
44.181999999999995,2.999179914658109,0.4992082110985399,-3.106153330852985,0.14363469959742187,0.06187035921502504
44.23800000000001,2.990382548063121,0.4988816163966979,-3.102821552056188,0.1572040496783854,0.059496049942791694
44.279,2.9842696829861044,0.49863796844594305,-3.1006358023112552,0.14921265457121613,0.053310969388606216
44.333999999999996,2.9763685016969887,0.4983032107299801,-3.097810320849193,0.14378672048924704,0.05137239021932138
44.385,2.968617364059957,0.4979530839917764,-3.0950144418318795,0.15213806660866738,0.05482115720222312
44.451,2.9586321401566194,0.4974685039439606,-3.091022195222987,0.15146932202532348,0.06048858498321946
44.499,2.95147982737107,0.49709630776166547,-3.088121090241888,0.14920813579242911,0.06043968710622621
44.577000000000005,2.9400087023630173,0.4964557663342022,-3.0834284029174226,0.14729480555014127,0.060162658005962606
44.63700000000001,2.9309233710419074,0.4959102134652426,-3.0797445824841017,0.15169493614484975,0.06139700722201332
44.707,2.920649024020234,0.4952527773460693,-3.0755776378468744,0.14707656549176765,0.059527780531823234
44.791000000000004,2.9081449586919863,0.4943946448447336,-3.070504835350582,0.14920805734554338,0.06039050590823905
44.839999999999996,2.9007041851951483,0.49385374059967946,-3.06748530987626,0.15225322463630825,0.06162296886373166
44.897,2.892223740921697,0.4932097072940656,-3.0640430506661285,0.14920814273893596,0.060390512458441646
44.987,2.8788377103557288,0.49213534135965026,-3.0591624586049475,0.1492119531810539,0.05422880067978646
45.038000000000004,2.8714029983650815,0.4915121961283655,-3.0567328919819636,0.14628982252176612,0.04763856123497625
45.114,2.860105330071333,0.49052986782343505,-3.0529004438461866,0.1492144004035404,0.050426949154964755
45.157000000000004,2.853714953034032,0.48995471138065116,-3.0507095432159255,0.14921413684050544,0.050951177447926696
45.229000000000006,2.8430175902810904,0.48896069273410897,-3.0470926639791376,0.1492145348769228,0.05023443384427427
45.300999999999995,2.832472447326691,0.487942235902505,-3.043491647254501,0.14714181127310266,0.05001412117551533
45.324999999999996,2.8287602182753613,0.4875747306771491,-3.0422529313982642,0.15543233064606193,0.051613160676531586
45.38700000000001,2.8208919046129064,0.4867799895247903,-3.0395525183502143,0.12755400540557707,0.043555049162087016
45.439,2.811690226485929,0.48582333043126036,-3.0363935443827725,0.1779091219852382,0.060749499373889584
45.483,2.805161859132591,0.48512677923185976,-3.034151691748454,0.14921413261715125,0.050951196234513094
45.549,2.795668851574859,0.4840875259556005,-3.0309262110641653,0.1446927969121954,0.04887091945892013
45.6,2.7879581610762694,0.48322104958195955,-3.028415977471939,0.15214161191903552,0.04922026651424251
45.660000000000004,2.779063475174206,0.48219869491447376,-3.0259936909855627,0.14922079684749784,0.04037144143960017
45.73,2.7686880991186866,0.4809843501038597,-3.0243432855194894,0.1492314061248039,0.02357722094390676
45.830000000000005,2.754607905510786,0.47932089348000656,-3.0238939674284575,0.1417811482445301,0.0044931809103184225
45.901,2.7434913443038145,0.4780086573377823,-3.0243192860140087,0.15765836117914725,-0.005990402613396947
45.983,2.7314842231142142,0.47659846620161256,-3.0253719371157772,0.14743473651812367,-0.01283720855815409
46.03300000000001,2.7239225429631424,0.47572069406054357,-3.0267821164125173,0.15224912563128143,-0.028203585934794245
46.117,2.711611625279822,0.4743219187717225,-3.03092053185612,0.14750152124304144,-0.049266850519087746
46.187000000000005,2.7007772011513245,0.473144865159484,-3.036076843082976,0.15568820319054424,-0.07366158895507481
46.264,2.689771592558954,0.4720126444476456,-3.0423731642969423,0.14368434899174665,-0.08177040537618886
46.333000000000006,2.6798994503226927,0.47105927299622385,-3.0485223236425245,0.14374014268631066,-0.08911825138524655
46.404,2.66930181132301,0.47010801845733724,-3.0559055656506455,0.14986262145556084,-0.10398932405804548
46.48,2.658743725810063,0.4692418981357094,-3.0636847112290666,0.1393888359778725,-0.1023571786634441
46.562999999999995,2.64687811026228,0.4683666158944372,-3.0723606175067495,0.14334764945239037,-0.10452899129738619
46.592000000000006,2.642668849671011,0.4680802481544293,-3.0753375165575374,0.14548243254090434,-0.10265169140644212
46.669999999999995,2.6309026743021517,0.4673444129664187,-3.082827349259488,0.1511431001566646,-0.09602349617886749
46.705000000000005,2.6257286702676526,0.4670474531258871,-3.0857749531301413,0.14807197063062771,-0.08421725344721094
46.781,2.614604909641117,0.4664589154904478,-3.0914028893439975,0.14656998639386554,-0.07405179228758887
46.839000000000006,2.6062552806273525,0.46605182024908964,-3.094188640996822,0.14413012600858902,-0.04803020091075706
46.904,2.5962658408601924,0.4655860951747077,-3.095438530910107,0.1538506204787242,-0.01922907558900591
46.977,2.5861274477446328,0.4651204874824038,-3.095956809387337,0.13902848008679597,-0.007099705167531322
47.061,2.5730069537618347,0.46452478619074716,-3.096487941996601,0.15635726358225316,-0.006323007253143491
47.148,2.5597370472699454,0.4639293375753421,-3.0970235873497707,0.152681141260772,-0.0061568431398818894
47.18,2.555114733362117,0.46372386016562206,-3.097386242020077,0.14458996046881678,-0.011332958447075742
47.239,2.5463165255955134,0.46334026042346876,-3.0989222424412186,0.1492638343135648,-0.026033905443078185
47.300000000000004,2.53721827799354,0.4629643323527924,-3.10193098866508,0.1492788643598378,-0.049323708587883965
47.342000000000006,2.5314005882267394,0.4627396505099528,-3.104174498285675,0.13861968590509746,-0.0534168957284516
47.394,2.5234934360158987,0.46245676842128197,-3.107592528916205,0.15215789832036059,-0.0657313582794332
47.458000000000006,2.51379469916015,0.4621471556556246,-3.1118339605227328,0.15161996064579952,-0.06627236885198931
47.508,2.5063334659944037,0.461936499342669,-3.1148370253663242,0.1492841270006009,-0.0600612968718329
47.573,2.49633528900653,0.46168406306550286,-3.1177930670353127,0.15386712715107043,-0.04547756413828529
47.611,2.4906644357543297,0.46155344566529355,-3.1193759346627843,0.14927256093079436,-0.04165441124925672
47.681999999999995,2.480068370180236,0.4613334518414808,-3.122333397795104,0.1492725220618093,-0.04165441031436636
47.75600000000001,2.4694716996973316,0.4611447927463747,-3.125291333156405,0.14322094266578556,-0.039972099477030315
47.818999999999996,2.459770004042574,0.460999982296297,-3.1280833223490907,0.1540123228080361,-0.044317288772798016
47.898,2.448127531032044,0.4608615583210536,-3.131379488780011,0.14738349217831168,-0.04172362570784838
47.949999999999996,2.4399178205338474,0.4607874050793076,-3.1337554183254754,0.15788548810716457,-0.0456909527973988
48.013,2.430812358182703,0.46072772376189686,-3.136338748979487,0.14453425298751515,-0.041005248476375086
48.064,2.423050189351054,0.46069559169752766,-3.138594369565549,0.1522006928995429,-0.044227854628664805
48.108,2.4164821836507673,0.4606818122509251,-3.140460091127789,0.14927318533341005,-0.04240276277817891
48.147,2.410959044195752,0.46067993269126495,3.1410966891953933,0.14161896858533646,-0.041757098882159116
48.205000000000005,2.402002763237032,0.4606954456795092,3.1386894549689393,0.15441886885467315,-0.04150403838713397
48.239,2.396927628473181,0.46071327277685925,3.1374336750477196,0.1492695904059239,-0.036934703565291625
48.294000000000004,2.388867237173557,0.4607543965447191,3.1355359531687563,0.14655447645059583,-0.03450403416296499
48.336000000000006,2.382598115388109,0.46079680715665455,3.134081003072205,0.14926821994551762,-0.034641668965510575
48.377,2.376478265957419,0.4608472956096064,3.1325671922552325,0.14926969977458637,-0.036922215048108414
48.449000000000005,2.3658807676677482,0.460956123209097,3.1300746179892487,0.1471952369437616,-0.03461908702755168
48.51500000000001,2.3558806077098757,0.461082722058868,3.12775810118787,0.1515297163088941,-0.035098739414825414
48.580999999999996,2.346030016578817,0.46123008049906283,3.1254761581927424,0.14926807973703204,-0.03457489386557793
48.615,2.3414033455608756,0.46130705276428413,3.1244043363772125,0.1360973898123045,-0.0315241710449913
48.669999999999995,2.3330457077237536,0.4614586694488892,3.122468142092896,0.15198205400319062,-0.03520353244212019
48.714999999999996,2.3260315301242653,0.4615983268397222,3.1208950368102117,0.15590150671034286,-0.03495789517076301
48.794999999999995,2.314242367559448,0.4618568982293395,3.1184491572036612,0.14739997304487296,-0.030573495081882104
48.842000000000006,2.307079753372014,0.4620273132370537,3.1171506156617252,0.15243917409408794,-0.02762854344543982
48.89900000000001,2.298723684856685,0.462237572322788,3.1157005154165107,0.14664409496001662,-0.02544035517920123
48.987,2.2855933997865914,0.4625919849495682,3.1134885869522626,0.14926212899584404,-0.02513555073009396
49.041000000000004,2.277238184668833,0.46283264149140463,3.112080996057695,0.15479037468251886,-0.02606649804754409
49.101000000000006,2.2682865282863807,0.4631037630910476,3.1105303250928924,0.1492626868898608,-0.025844516080045177
49.142,2.2623190138840745,0.46329211469939147,3.1095249029643752,0.14562161260324588,-0.024522490939445196
49.196000000000005,2.254113996948525,0.46356089455736976,3.1081424474999215,0.15202626109317624,-0.02560102711951204
49.226000000000006,2.24978786706734,0.46370718196812566,3.107413516419028,0.14428675058686205,-0.024297702696443605
49.294999999999995,2.239644265095198,0.4640625666676783,3.105704298663061,0.14709892141324596,-0.0247712718256128
49.373,2.2280097249774244,0.4644915625303066,3.1037437252681834,0.14926213499907215,-0.02513555634458575
49.431000000000004,2.2195081045445475,0.4648194841670964,3.1023109984965003,0.1466886607546263,-0.02470218571867217
49.501,2.2093664178060948,0.4652266847208543,3.1005591962130192,0.14499797478663717,-0.02502574690687445
49.567,2.198778065147368,0.46567090288653123,3.098696584219207,0.16057070923420552,-0.028221393845636843
49.606,2.193111429858296,0.4659168289892133,3.0977296322392176,0.145435108916462,-0.024793640512551052
49.696000000000005,2.179989594531693,0.4665076458301844,3.0954279033593632,0.1459458832894631,-0.02557476533171413
49.785000000000004,2.166421886028595,0.4671502076668753,3.093050756120416,0.1526170306785976,-0.026709519538734457
49.85,2.157029718050413,0.46761428703015984,3.0913111699993863,0.1446711749879149,-0.026762863400457026
49.924,2.145849612168649,0.46818929263052733,3.0890720269375467,0.15128219883041608,-0.030258690024860087
49.977,2.1388440794499224,0.46856238830674535,3.087668830558322,0.1323671833194428,-0.02647540338159953
50.03000000000001,2.1300504069825843,0.46904537876643027,3.0855753113628652,0.16616842546081267,-0.039500362178420685
50.107000000000006,2.118128330775826,0.46973500655187733,3.0819405656705743,0.15509097627830865,-0.04720448951027308
50.187999999999995,2.1062088583306084,0.4704687826827448,3.0782306367727683,0.14743255714409176,-0.0458015913309442
50.23800000000001,2.0992074654713595,0.47092049550621373,3.0760510534278493,0.14031898865713938,-0.043591666898369436
50.300999999999995,2.0893773655018104,0.47158093092589887,3.072879244760886,0.15638509003650058,-0.05034616931688572
50.38100000000001,2.07776276073572,0.472402161922036,3.069077996085658,0.1455450232216941,-0.047515608440344206
50.457,2.0665978396506666,0.4732340359841568,3.065281131702389,0.147314062631332,-0.049958741885121075
50.53000000000001,2.0554361738796887,0.4741086792463618,3.0614490964712813,0.15336825260813167,-0.05249363330284209
50.586999999999996,2.046806757148139,0.4748145459387144,3.0583765687554565,0.15189890787308577,-0.05390399501448122
50.624,2.041154197969031,0.47529186594842565,3.056286332813127,0.15331558344262597,-0.056492863306195996
50.692,2.031190295725908,0.47616163749249224,3.0526621729635632,0.14708518179178695,-0.05329646837593783
50.716,2.0276218864466005,0.4764820859658901,3.0513176386703385,0.1492820317894587,-0.0560222622176973
50.779,2.0184055296302335,0.47733284447987806,3.0477108925599556,0.14691333532622913,-0.0572499382600424
50.818999999999996,2.012312490745817,0.4779137356035612,3.045254357979747,0.1530166603359745,-0.06141336450522617
50.877,2.003695565386499,0.47876204073129436,3.0416065633061735,0.14928587861760706,-0.06289301161332986
50.972,1.9901822139595373,0.4801569643552297,3.0356749634722724,0.14300164797887496,-0.062437892988433635
51.064,1.9768258169091448,0.48161765502457454,3.029532819241842,0.14604382750034656,-0.0667624372872874
51.145,1.9652577427504785,0.48295093673983913,3.0240698556484302,0.14376116743440218,-0.06744399498039012
51.219,1.9529562531825795,0.4844406424676004,3.01788807369421,0.16745084685099113,-0.08353759397595158
51.285000000000004,1.9434772436377534,0.48564342881092826,3.012736865114041,0.14477295873837212,-0.07804861485103977
51.326,1.937260044315778,0.48645957413233315,3.009276062748787,0.15293997802972334,-0.08440981378669574
51.383,1.9288269565309222,0.48760261369816893,3.0043003502475423,0.1493017595357641,-0.08729320177621813
51.454,1.9186258324302687,0.4890442316573856,2.9976539088066247,0.14510542122419806,-0.09361185128053126
51.50000000000001,1.9115355361264805,0.4900890298598583,2.99282268612813,0.1558013387752887,-0.1050265799672583
51.553000000000004,1.903712653015741,0.49128236797081115,2.9875354058537376,0.149309024400074,-0.09976000517722447
51.599,1.896780691411113,0.4923749003253461,2.982872770213071,0.15255498657532876,-0.10136164436233203
51.669999999999995,1.8867606462707658,0.49401279637206347,2.9761148206244314,0.14300041552526807,-0.0951823885723918
51.720000000000006,1.879718571920119,0.49520521690895103,2.97134778093218,0.14284632007413392,-0.09534079384500735
51.763,1.8726820618590343,0.49643132162142006,2.9665787139526465,0.1661054657340638,-0.11090853440777601
51.830000000000005,1.8632777633490616,0.4981249581996462,2.9601388423250756,0.14262069556429605,-0.09611748697865927
51.891,1.8543243494059436,0.4997951877713823,2.954050477066446,0.14930933717262468,-0.09980926653492414
51.974,1.8427585425540571,0.502035673024785,2.946229535226829,0.14193756092492127,-0.0942282149351479
52.065999999999995,1.8285724667989032,0.5049125150847654,2.936698736826368,0.15733520708235357,-0.10359563478761741
52.169999999999995,1.813385541289549,0.5081494084691288,2.9264239081574095,0.14930812614135522,-0.09879642950921882
52.249,1.8024543456743876,0.5105776315418061,2.9197671191283465,0.14174237078003254,-0.08426315226661163
52.332,1.7899387594199658,0.5134415712116845,2.9135441532582207,0.15468774578853176,-0.074975492411156
52.401,1.779619476424228,0.5158626114574576,2.908774309777508,0.15361569397755104,-0.0691281663871402
52.487,1.7669899188206706,0.518890552726659,2.9039397440983485,0.15101699301198437,-0.05621587999022535
52.565000000000005,1.7562583626396886,0.5215084192720524,2.9007274988802507,0.141618522574099,-0.041182631001252544
52.64900000000001,1.7437969729122351,0.5245927068757179,2.8971805879653156,0.1528262948964959,-0.04222512993970181
52.739,1.7310571683514884,0.527793975210178,2.8937217426566346,0.14595396669662414,-0.03843161454090476
52.823,1.718760353548122,0.5309143939898163,2.8927412917622455,0.1510304119281357,-0.011672034457013128
52.910999999999994,1.7061764181025252,0.5341146531883133,2.8926373677733603,0.14755107072002874,-0.0011809544191494711
52.998,1.6937357199637755,0.5372674595448591,2.894447595572922,0.14751706319829028,0.020807216086915853
53.086000000000006,1.682591292901917,0.5400659658163415,2.8968014101163955,0.1305730238285413,0.026747892539467855
53.14600000000001,1.6715852124191022,0.5427970971299414,2.9005996334742905,0.18899800546148562,0.06330372263158154
53.193000000000005,1.6647940685316953,0.5444553480974529,2.904130481985251,0.1487376055842944,0.07512443640342255
53.266,1.6546795107286305,0.5468653810260486,2.911666058762117,0.1424344922686097,0.10322707913515566
53.342999999999996,1.6438066263020599,0.5493593541279621,2.9207456575144897,0.1448733271586476,0.11791686691393592
53.428000000000004,1.6330512947725948,0.5517242079891537,2.92967726527813,0.129555903736065,0.10507773839575868
53.473000000000006,1.6259162264664013,0.5532377123047147,2.9356069475921456,0.16208501815331466,0.13177071808923022
53.541000000000004,1.6170901403457143,0.5550489257856533,2.9429438891745403,0.13250015545081553,0.10789619974110239
53.61300000000001,1.6062849001921444,0.5571740720939206,2.951929095060914,0.15294779782507237,0.12479452619963066
53.68,1.5968678398385698,0.5589448643001211,2.9596855069026007,0.1430164882611529,0.11576734092070792
53.713,1.5919445254158882,0.5598403975982426,2.9637399573616694,0.151639357552947,0.12286213512328972
53.74400000000001,1.5877866025157052,0.5605805180517646,2.967292571963255,0.13623486609696558,0.11460047101886925
53.814,1.5783783949229493,0.5621954838503922,2.9763403920574016,0.13636871135476908,0.12925457277353572
53.853,1.5729766921262254,0.5630810870357972,2.981983409534091,0.14035431380300079,0.14469275581254565
53.90500000000001,1.5660826893312954,0.5641659424655756,2.989180439326725,0.13420843135712832,0.13840441908909396
53.964999999999996,1.5582379278281866,0.5653386804779075,2.9973577103185276,0.1321989215436031,0.1362878498634047
54.025,1.5497164310364209,0.5665368136675922,3.006791416204669,0.14342190162079707,0.1572284314356868
54.056999999999995,1.5455171524679725,0.5670960948656166,3.011770306736389,0.1323862127639351,0.1555903291162624
54.105,1.5393671168044287,0.5678763322706883,3.019188522976086,0.12915273626348303,0.15454617166035214
54.163000000000004,1.5316167029742553,0.568794536170254,3.028423524470757,0.13456232498151555,0.15922416370120399
54.23,1.523071795564547,0.5697237808485978,3.0385688361708922,0.12828784804688764,0.15142256268859933
54.267,1.5179533784530141,0.5702374680036358,3.0447243760527596,0.13903052678561856,0.16636594275314387
54.333999999999996,1.509154272735084,0.5710462695274385,3.0552933942776814,0.13188357440426812,0.15774654067049163
54.38,1.5031635703014656,0.5715430317995625,3.0626616611355755,0.13067964046665187,0.1601797143020219
54.451,1.4943832867374371,0.5721888840439948,3.0738612254894573,0.12400007085956956,0.15774034301242437
54.534,1.4834019814279888,0.5728573854659538,3.0878872879044676,0.13254981258437804,0.16898870379530884
54.614,1.4730590182487664,0.5733458081041442,3.1010882870606817,0.12943111343506053,0.16501248945267963
54.675000000000004,1.4655567984493545,0.5736145150634099,3.110659011063175,0.12306607204610007,0.1568971147949515
54.702000000000005,1.4615460338937631,0.5737286865215796,3.11577439791913,0.1486070090226389,0.1894587724427799
54.75300000000001,1.4549465718331611,0.573871871135701,3.1241900342131808,0.12943167007199305,0.1650124763539275
54.791000000000004,1.450158092099153,0.5739409851929627,3.1302954954469224,0.12602574956715049,0.16067003246690006
54.856,1.4417452013270244,0.5739916041593921,3.1410213042809607,0.1294314315954979,0.1650124436005948
54.916000000000004,1.4343676620266397,0.5739617323511371,-3.1327582934081417,0.12295999626532332,0.1567618248413875
54.98500000000001,1.4251790196030374,0.5738274787226655,-3.121042408544096,0.13318294419229998,0.16979543281225057
55.068000000000005,1.414828323679746,0.5735472362735587,-3.107841410266529,0.12475287921298579,0.15904817201888444
55.139,1.4051286910047052,0.5731604381042084,-3.095465473900192,0.13672312541816128,0.17430896290615908
55.239,1.3923338854669707,0.5724661198576352,-3.0791292370048446,0.12813630499432402,0.16336236895348175
55.317,1.3823912170742072,0.5717816477452847,-3.0664232741345274,0.12777180413453582,0.16289695987585565
55.388,1.3731027391210802,0.571027380807391,-3.054542373014109,0.1312542619248009,0.16733663549885547
55.457,1.364081482590691,0.570188319060168,-3.04299149611877,0.13130714237255153,0.1674040129759238
55.502,1.3591884629803295,0.5696892075686876,-3.0367210197269046,0.10929799155149042,0.13934391981922334
55.544000000000004,1.3527552248628973,0.5689857560436394,-3.028470392478145,0.1540853282830775,0.19644350592283702
55.61000000000001,1.3440157707596778,0.5679439317631314,-3.017249538607152,0.13335352451606394,0.17001293743928528
55.663999999999994,1.3374691526687423,0.5670982461365109,-3.0088338975472406,0.12224100950956535,0.15584520481320577
55.743,1.3274710504520773,0.5656983601810764,-2.9959629159346233,0.12779277448242546,0.16292381788121632
55.809000000000005,1.3187700749135105,0.5643730405331521,-2.984742058937969,0.13335351731861253,0.17001298479778623
55.88,1.3101116547679754,0.5629562383934216,-2.9735362539714885,0.12357143828972494,0.15782823896451853
55.937000000000005,1.3029801071497504,0.5617127172237247,-2.9640081580141557,0.12700266018556755,0.16715957819881347
55.992,1.2967363107081051,0.5605656552231887,-2.9556345997450455,0.11542339628162834,0.15224651398384295
56.059999999999995,1.2872646998550072,0.55872209545214,-2.9429067896561296,0.14190233493659557,0.18717367777818067
56.12800000000001,1.2788105945591317,0.5569705290537701,-2.9315187474474973,0.12696541467203712,0.16747120895044562
56.160000000000004,1.2754594408080204,0.5562483705185345,-2.9269970243616723,0.10712755436352309,0.14130384643204655
56.211000000000006,1.2686432964854972,0.554730473750329,-2.917786106156922,0.13692373777795355,0.18060623930882444
56.294000000000004,1.2585077181962654,0.5523510107939744,-2.9040534623781533,0.12543539571723528,0.16545353950323924
56.315999999999995,1.2555474845002448,0.551628274623978,-2.9000341515149017,0.13850836942880695,0.182695948329689
56.364,1.2498819305174846,0.5502098001261463,-2.8923304717232194,0.12167553448092076,0.16049332899337504
56.439,1.2405459194021806,0.5477707439727701,-2.8796026510376183,0.12865809882658089,0.1697042758080094
56.52400000000001,1.2301422223454217,0.5449019023346118,-2.865277164713207,0.1269646518083125,0.1685351332283528
56.601000000000006,1.2209972559959812,0.5422474677467972,-2.8527065586891225,0.12366775801438262,0.16325462368941218
56.666000000000004,1.21300149187942,0.5398238821527364,-2.8415554841331123,0.12853844859313152,0.17155499316939316
56.711999999999996,1.2073264405191637,0.538044587466927,-2.8336028949101255,0.12929227437074814,0.17288237441278567
56.739,1.2040665889666406,0.5369997349312654,-2.8290460904412114,0.12678545959655263,0.16877053588570307
56.787,1.198168570016323,0.5350679748862319,-2.820753389998442,0.12929819313257573,0.17276459255769197
56.839000000000006,1.191921593718046,0.5329620211720681,-2.811950390679482,0.12677694664342562,0.16928844844151242
56.859,1.1896403467194596,0.5321776561816254,-2.808723594470535,0.1206162956112718,0.16133981044737944
56.916000000000004,1.1826923696495877,0.5297378063138801,-2.7988733732526323,0.12919150148836056,0.17281089855969167
56.945,1.1794756759351117,0.5285825482064206,-2.7943153720026044,0.11785710400754526,0.15717245689753423
57.002,1.1724962316482297,0.5260187055977477,-2.7843676195836706,0.13044650865670618,0.17452197226198904
57.043,1.167719113185701,0.5242175124312061,-2.7773129500509772,0.12452206699413026,0.17206511055351098
57.112,1.1597507512900866,0.521126594447526,-2.7653338775118277,0.1238673237811985,0.17360974694418962
57.172000000000004,1.1528866276890195,0.5183731869541315,-2.754710333856377,0.1232628690998357,0.17705906092417173
57.237,1.1459384893625448,0.5154992973490007,-2.7439097287941068,0.11567744142037496,0.16616315480416285
57.297999999999995,1.1385693598960254,0.5123545634144837,-2.732400884647725,0.13134556833489117,0.1886695761702149
57.36900000000001,1.1306744226335574,0.5088733271324399,-2.7200067416352947,0.1215265596786942,0.17456539454124276
57.398,1.1273040566433328,0.5073516423218691,-2.714745835095264,0.12751578471589456,0.1814105703459146
57.443999999999996,1.1222638825825033,0.5050355937836508,-2.7067781690230754,0.12058348102243345,0.1732101320041237
57.50600000000001,1.1140190894474087,0.5011412988616691,-2.6936874825607564,0.14706825096602974,0.2111401042309119
57.589999999999996,1.1061794214964626,0.49731373273662716,-2.6806607611931255,0.10385883496162507,0.1550800162813411
57.65500000000001,1.0991235917600173,0.4937581198641009,-2.668587146926919,0.12155512657797096,0.18574791178775582
57.725,1.091898680370874,0.4900012361786667,-2.655155875865138,0.11633301916627319,0.19187530088260749
57.788999999999994,1.0855686112993321,0.4866057337986712,-2.6431356646615978,0.11223842296474619,0.1878158000553352
57.833999999999996,1.0819119680936111,0.4845993162258909,-2.636156185650134,0.09268758359800677,0.15509953358807577
57.886,1.0756475513879813,0.4810841641356086,-2.624135969114721,0.13813959751718677,0.23115801029637975
57.937999999999995,1.0708269626676743,0.4783111902173131,-2.614829992651478,0.1069470434572905,0.17896108583161438
58.023,1.061957934137537,0.47305143444331466,-2.597575155716319,0.1213104330160604,0.20299808159009017
58.096,1.0548502392427475,0.4686848759132742,-2.5836161810373905,0.11427167040972241,0.19121883121821442
58.15500000000001,1.0489741904239924,0.4649705773513568,-2.571983698336621,0.11782277910449984,0.1971607237418196
58.205000000000005,1.0439374552766971,0.4617099085117522,-2.5619531270903617,0.12000110370421124,0.20061142492519476
58.27,1.037758555088569,0.4576107570451634,-2.549545138368928,0.11407653434332835,0.1908921341759093
58.296,1.0352629874201154,0.4559236315152561,-2.5445043917741277,0.11585960273795302,0.19387486903081103
58.339000000000006,1.0312497449938804,0.45317176547970056,-2.5363616458214264,0.11316500215144114,0.1893661849465129
58.376,1.027638131621051,0.4506538969913229,-2.5289943979218505,0.11899080407033429,0.19911480809668883
58.446999999999996,1.0210341174263322,0.44594634698841096,-2.5154231478544853,0.11422702844671132,0.1911443671459951
58.541000000000004,1.0122675391744038,0.43948463810345034,-2.497198889602755,0.11585813430211998,0.19387508778434714
58.562999999999995,1.0101405671412027,0.4378793347018582,-2.492739761136918,0.12112599342604993,0.20268765753811815
58.624,1.004625844123443,0.43364709946583113,-2.481107249376805,0.11395976255106474,0.1906969141001917
58.665,1.000795008026791,0.4306465019570065,-2.47296448878304,0.11868526911510711,0.1986039169211172
58.737,0.9942851396936051,0.4254303904843222,-2.4590054660374974,0.11585881398639304,0.19387531591030674
58.776,0.9907895460061484,0.4225672022858611,-2.45144432627064,0.1158594840504624,0.19387537863736626
58.806000000000004,0.9881154167866625,0.42034681151009345,-2.4456280637295333,0.11585960028136372,0.19387541803687444
58.862,0.9832465703420482,0.4162358512410123,-2.4349649130436766,0.11379030463792601,0.19041340510459404
58.913000000000004,0.9788586106777405,0.4124537532334856,-2.425271136638512,0.11358756909619133,0.19007404716008214
58.975,0.9735552677982364,0.40778226803479845,-2.413444725439061,0.11399041032920113,0.19074856773308876
59.032000000000004,0.9683931174282248,0.4031264947663128,-2.4018121855098515,0.12195698444212923,0.20407964788085942
59.071999999999996,0.9650669054223527,0.4000681704006683,-2.3942510322320545,0.11296303110285191,0.18902883194496387
59.148,0.9585681261998423,0.39395651870548687,-2.379322595994967,0.11738318427486713,0.19642679259323842
59.172999999999995,0.9564936508728298,0.39196668206349444,-2.374504165766867,0.11498102622053885,0.19273720912406667
59.233,0.9516834802895281,0.38727812152844515,-2.3632806099300487,0.11195279378589189,0.18705926394696146
59.321000000000005,0.9447294726166758,0.3803094416182942,-2.3468152176865655,0.11187309396560194,0.18710673003956466
59.39000000000001,0.9389424585311865,0.37433126526690086,-2.3328917801866624,0.1205846958574237,0.20178894927395036
59.446999999999996,0.9345046948235758,0.3696320262491444,-2.3220844086061856,0.11339441359682381,0.18960301018384434
59.507,0.9303525683055218,0.36514157083404614,-2.311858694316406,0.10193181879312653,0.1704285714963181
59.553999999999995,0.926075500156314,0.36041797180893204,-2.301195531798893,0.13558000366520795,0.2268757982449784
59.582,0.923917494269476,0.35799578087318373,-2.295767014075338,0.1158596878400039,0.19387563298406357
59.64000000000001,0.9194893397448183,0.352941314468104,-2.2845222303203085,0.11585922504503772,0.19387558198324154
59.736,0.9122115433756813,0.3443779212828902,-2.2657163076744133,0.11706499283399836,0.19589502756142993
59.797999999999995,0.9075870436544519,0.3387625661027487,-2.253552104381681,0.117330491310462,0.1961968273021409
59.855,0.903520364186467,0.3337070916076174,-2.242695085804381,0.11382667090092304,0.1904740101280675
59.883,0.9014360403657617,0.33107180517449397,-2.2370727025679065,0.11999755723576111,0.20079940130261373
59.961999999999996,0.8960442923427971,0.3241103514420089,-2.2223381854081112,0.11145911754658332,0.1865128754404613
60.034,0.8914602992033858,0.3180207819406217,-2.2095926449914414,0.10586199106604502,0.17702139467596364
60.068999999999996,0.8885062121801428,0.31400913660829866,-2.2012560161352233,0.1423417228068776,0.2381893958919692
60.160000000000004,0.8827656277790777,0.3060073636019412,-2.184776639285047,0.10821954394184052,0.18109205329862443
60.201,0.8796482705902159,0.30154256580708877,-2.175664516505306,0.13281453119942496,0.2222468970668721
60.284,0.874371725531803,0.29378189981840314,-2.159960650649374,0.11306692244288351,0.18920320308352273
60.36300000000001,0.8692176976936798,0.28593933219998247,-2.144256791402195,0.11879183359351805,0.19878302844528417
60.439,0.8645557958078458,0.2786063509429605,-2.129716186751592,0.11433441566793162,0.19132374540268365
60.522,0.8594018484512819,0.27021471619488846,-2.1132368413562386,0.11865035962220936,0.1985463300645045
60.561,0.8572608168258614,0.2666352204386461,-2.1062573559503543,0.10694738176078578,0.17896116425343483
60.633,0.8528808609039709,0.259130426295058,-2.091716765205524,0.12068633220990163,0.2019526492337446
60.684999999999995,0.8500217134241939,0.25409219207019046,-2.082023040884981,0.11140331403780739,0.18641777539508558
60.723000000000006,0.8477696429878144,0.250041797327546,-2.0742680630371213,0.12195748436577432,0.20407836441730545
60.797000000000004,0.8436863963813085,0.24250302999120082,-2.059921357720537,0.11585890688277135,0.1938743961700651
60.857000000000006,0.8405618700743334,0.23655378054320375,-2.0486766460377543,0.11199731350630904,0.18741186137970148
60.918,0.837246232225761,0.2300567182075145,-2.036481863282808,0.11957695894099066,0.19991447139258464
60.99700000000001,0.83320676603818,0.22186543206280324,-2.021199220352973,0.11560951228622118,0.19345117632700848
61.067,0.8297250990391722,0.21454066498744076,-2.0076280283983947,0.11585900808812678,0.19387417077970792
61.14300000000001,0.8260579348372767,0.20653537119382123,-1.9928935957345764,0.11585884734422047,0.19387411399759047
61.198,0.8234778345569546,0.20070880870381758,-1.9822305221916279,0.11585934462816744,0.19387406441727126
61.24100000000001,0.8215494957949944,0.1962410958125479,-1.974087812993554,0.11316516323344843,0.18936533018773746
61.302,0.8189464896791395,0.1900458891995852,-1.962843121439046,0.11016128243354183,0.18433920581162677
61.364,0.8161123188367233,0.18306870709502573,-1.9502413147623079,0.12146520774294728,0.2032549463990104
61.442,0.8128277075818151,0.17464977454568317,-1.9351191505704872,0.1158587809702672,0.1938738998951294
61.51800000000001,0.8097501254739814,0.16639984777197173,-1.9203847380547543,0.1158588334442282,0.19387384889120335
61.577000000000005,0.8074449569055829,0.15996455977566865,-1.9089461835186932,0.1158592466991948,0.19387380569595958
61.64900000000001,0.8047687551896208,0.15218607707116433,-1.8951811461667634,0.11424980820349083,0.19118107433235104
61.687999999999995,0.8033804814208748,0.14800802049627312,-1.8878139443199968,0.11288885109772623,0.18890261145561388
61.766,0.8005653183871627,0.13920300310445244,-1.8723617286019012,0.11851416453475522,0.19810532971916722
61.833000000000006,0.7983731860798658,0.13199827351705715,-1.8597599408171586,0.11240061819605691,0.18808638484688459
61.916000000000004,0.7958050694962232,0.12311170746741999,-1.844278542305801,0.11144824415501348,0.1865228736308174
61.98800000000001,0.7934663643866523,0.1145344944522343,-1.829379964394646,0.12347692833910212,0.20692469321047838
62.023,0.7923846411766359,0.11038641351402724,-1.8222066430019144,0.12248015440414907,0.2049520397923524
62.077999999999996,0.7910535126701238,0.1051062227284373,-1.8130945870244117,0.09900716700509882,0.16567374504552485
62.15200000000001,0.7888725399202997,0.0959786184310395,-1.7973908333415134,0.12681826026577267,0.21221288760669907
62.214999999999996,0.7872759582365862,0.08885854749072472,-1.7851882338543192,0.11582351983520199,0.1936920553523245
62.275,0.7858629629908509,0.08219341094808191,-1.773799951716474,0.11355444202933834,0.1898047022974139
62.303000000000004,0.7852172328207756,0.07901425502088641,-1.7683714957103558,0.11585969623509304,0.19387342878989508
62.352,0.7841504503017869,0.07355627922254147,-1.759065571823617,0.11349494051980356,0.18991681401510682
62.395,0.7831587653739581,0.06822706800182594,-1.750016389209087,0.12606266787187964,0.21044610731462063
62.427,0.7825487761030193,0.06480522205678635,-1.744200187709556,0.10861843955954541,0.18175629686036004
62.458000000000006,0.7819780475051105,0.061494119076562444,-1.7385778598829258,0.10838486018292567,0.18136541376223322
62.529,0.7806316515773288,0.05321094491865553,-1.724878445852499,0.11819558206981698,0.1929494933862976
62.586000000000006,0.7795895871150651,0.046292547134453424,-1.715381031374811,0.12274450319138608,0.1666213066260996
62.647,0.7785421268172386,0.038856841124521244,-1.7059559622162372,0.12310034289678266,0.15450933046844065
62.686,0.7778528252494319,0.03367621492809156,-1.6998800152828855,0.1340072329647126,0.1557935111115783
62.758,0.7766926576591786,0.024397615983677803,-1.690309223960749,0.12987291034389278,0.13292765725189168
62.815999999999995,0.7758181342019047,0.016880394232908474,-1.6827403634170364,0.13048138045079413,0.1304975955812669
62.888,0.774793492127129,0.0073650811902439255,-1.673137191479221,0.1329211465061958,0.13337738802520807
62.973000000000006,0.7737294785732495,-0.003573563222159068,-1.6620998351049212,0.12929731111177534,0.12985125146233856
63.03000000000001,0.7730325738295553,-0.011531970329396866,-1.6540486366291476,0.1401554779129793,0.1412490960661986
63.11600000000001,0.7721530347426807,-0.022838023431684708,-1.6425841632205977,0.13186293923127862,0.13330783033197713
63.169000000000004,0.7716849111967449,-0.029675259256182876,-1.6355494999419626,0.12930646310421504,0.1327294958233108
63.217999999999996,0.7712574482220217,-0.03664977627574176,-1.6283289379776054,0.14260416704762338,0.14735840743588566
63.285000000000004,0.7707807838508809,-0.04564044371583299,-1.6191010354796056,0.1343775282653265,0.13772988802983224
63.361,0.7702856738488721,-0.05732073851453116,-1.6070888469187574,0.15382609961540736,0.15805511264275293
63.440000000000005,0.77001089701543,-0.06591648373766498,-1.598268050729369,0.10886248029932978,0.11165564796693173
63.507,0.7697983090885924,-0.07526977125653138,-1.5883954294243834,0.1396373601337355,0.14735255679084455
63.574999999999996,0.7696855007369483,-0.08423926315497111,-1.5780665788589967,0.13191472440805652,0.15189486125569132
63.62200000000001,0.7696624158697917,-0.09030265457816475,-1.5709471405752542,0.12900926314896927,0.15147741029235748
63.681000000000004,0.7696937232068505,-0.09779907195348868,-1.562135982664747,0.12705902965352128,0.14934165950012904
63.749,0.7698270122469573,-0.10722790625370811,-1.550883741745786,0.138673181787785,0.16547413116119705
63.800999999999995,0.7699811851210698,-0.11370726805735723,-1.5428491249456002,0.12463838026447738,0.1545118615420548
63.88100000000001,0.770339929144,-0.12416374101676193,-1.5293913104733534,0.1307828137748298,0.16822268090305884
63.946999999999996,0.770723635813512,-0.13241560380029582,-1.517951314654171,0.1251633186584066,0.17333326998764326
64.013,0.7711414009444502,-0.13962226849303605,-1.5071504827446982,0.10937520163770074,0.16364896832532141
64.07900000000001,0.771745739807589,-0.14823294504489762,-1.494110664702233,0.1307857304411424,0.19757300064340347
64.162,0.772561375461024,-0.15793950682406876,-1.4794745562226832,0.11735867649173383,0.17633865638012242
64.233,0.773391966731555,-0.16642699731997215,-1.466637551177327,0.12011316555863115,0.18080288796276747
64.311,0.7744647441509285,-0.17602251816807615,-1.4520962474560501,0.12378593305331002,0.18642697078559464
64.37200000000001,0.7753578401012065,-0.18319308287157435,-1.4411347983853702,0.11845849748227379,0.17969588640456896
64.43100000000001,0.7763302008008273,-0.19035583583957372,-1.430165265438011,0.12251613218677944,0.1859242872433831
64.47900000000001,0.7771446564226139,-0.19594696823251748,-1.4216772137353861,0.11771128203401458,0.17683441047134538
64.52700000000002,0.7780110825027602,-0.2015545594252096,-1.4130954954430193,0.11821108183400278,0.17878579775763628
64.608,0.7796288648087406,-0.21127760751928273,-1.398216845489785,0.12168787284685575,0.18368703645970785
64.68,0.7811678651280605,-0.21978481232189126,-1.3850995571081206,0.12007348535741365,0.18218456085644272
64.75200000000001,0.782797891617635,-0.2281794073823211,-1.3722141894028153,0.11876925817306253,0.17896344035145642
64.821,0.7843983263884942,-0.2359714455101248,-1.3596488971639078,0.11528550501539513,0.18210568462187782
64.864,0.7854502692401044,-0.24079067022008135,-1.3512781258959314,0.11471390935503245,0.19466909925523543
64.917,0.7868223752304194,-0.24679655685631124,-1.340798958196459,0.11623828219235655,0.197720145273075
64.94800000000001,0.7876121540016257,-0.25013084263435337,-1.3350118327024727,0.11053371683252683,0.18668146754790957
64.976,0.7884160808258593,-0.2534364125936518,-1.329150140427522,0.12149730772267844,0.20934615267686973
65.049,0.7904288418558456,-0.26136956293495034,-1.3152037935185399,0.11211647271065885,0.19104584806822994
65.12200000000001,0.7922277865689115,-0.2680949354667336,-1.3033444707251223,0.09536729893481104,0.1624564766221424
65.19200000000001,0.7947606632549064,-0.27706449297885216,-1.2874261515703371,0.1331474756017463,0.22740455935409565
65.25399999999999,0.796779538514957,-0.2838464305004387,-1.2752932283246106,0.1141298959904294,0.19569231041499704
65.31700000000001,0.7989194972303939,-0.2907323814966775,-1.2627764609102805,0.11445726149124409,0.19867884784645645
65.358,0.8003143360095569,-0.29505973464016166,-1.2545983721173812,0.11089265312241052,0.19946558031463196
65.41,0.8021019822280064,-0.30043526536166987,-1.2440680865079126,0.1089419419849667,0.20250549248981134
65.45599999999999,0.8037247592706489,-0.3051531504549742,-1.2346986037661785,0.10846027794605581,0.20368440742903648
65.518,0.8052818917359988,-0.3095492749432143,-1.2258563038983636,0.0752217879721638,0.14261773980343762
65.578,0.8081867557384514,-0.31744061787419503,-1.2098017295140022,0.14015024490314226,0.26757623973934686
65.619,0.8097953703683632,-0.32164696989663827,-1.2010498436149848,0.10984018016207875,0.21346063168336854
65.65800000000002,0.8112824549158308,-0.32544045597394833,-1.1931314695640671,0.10447563903564248,0.20303523207473023
65.69900000000001,0.8127995307600179,-0.32922204789076276,-1.1852130944489496,0.09937926482030963,0.19313110036873457
65.756,0.815255744607929,-0.33516819019966687,-1.1727103947195492,0.11286797461448377,0.2193456092877733
65.811,0.8174444556367018,-0.34029633100118717,-1.161874719383241,0.10137612486896615,0.1970122788419417
65.87800000000001,0.8204779346196363,-0.3471617859084571,-1.1473391264013253,0.11202630111541492,0.21694914898379372
65.92099999999999,0.8223459811362945,-0.3512595213866812,-1.1385872308548541,0.10473132288606354,0.20353245456920105
65.98400000000001,0.8253429132344366,-0.3576431878742169,-1.1248876533917214,0.11193886660865504,0.21745361052585974
66.061,0.828550726550587,-0.36423514578755484,-1.1104827070748582,0.09520815926823308,0.1870772248943314
66.13,0.8321247073234057,-0.3713020892520086,-1.0943605365779232,0.11477220390394868,0.233654644883155
66.203,0.8356353160691083,-0.37797845424269627,-1.078852250428783,0.10333001498801776,0.21244227601559787
66.238,0.837311390102625,-0.3810793950326614,-1.0714165057060117,0.10071198760782697,0.21244984922205812
66.31200000000001,0.840571338583019,-0.38695162368982544,-1.056100356453404,0.09076246852833876,0.20697498990006988
66.382,0.8441242060583791,-0.39311381322446043,-1.0392504385834784,0.10161496671685047,0.24071311242753077
66.412,0.8456926422465963,-0.39575983435392953,-1.0319639857824778,0.10253140382940461,0.24288176003334405
66.481,0.8490227214350811,-0.4012365293918108,-1.0167803357899448,0.09289348144565793,0.22005289844254536
66.541,0.851999816771102,-0.4059785954010439,-1.0033477526232406,0.09331887786223379,0.22387638611172733
66.607,0.8554775435299959,-0.41134536871228167,-0.9881159255729527,0.09689490390182331,0.23078525833768693
66.66,0.8583059978618319,-0.41558257030161827,-0.9760477239894423,0.09612282847736803,0.22770191667001938
66.708,0.8609115765744643,-0.4193903309804705,-0.965118029114085,0.0961229360942244,0.2277019765699358
66.74100000000001,0.8627822990257569,-0.4220701538166785,-0.9573761602308298,0.09903600055576178,0.23460208737125737
66.78399999999999,0.8651778295166712,-0.42543846560692355,-0.9475849710910637,0.0961230357047105,0.22770207301793485
66.852,0.8690776411842125,-0.4307767445339743,-0.931898245106349,0.0972210686558525,0.23068714683399816
66.88499999999999,0.8706872557836257,-0.43292983669497476,-0.9255481248813834,0.08146199129710445,0.19242788560509425
66.90899999999999,0.8722542016988748,-0.4349987801765579,-0.9194355606087745,0.10813962353985465,0.2546901780253598
66.959,0.8753074381476684,-0.43895628887760696,-0.9076102761977396,0.09996825082216755,0.23650568822064463
67.037,0.8797933252025761,-0.44459977677922674,-0.8905325983443885,0.09242526199094553,0.21894458786346768
67.09100000000001,0.8832050907621849,-0.4487633929520875,-0.8778318678534741,0.09968373147025897,0.23519871279470142
67.154,0.8871060949576033,-0.4533953339336984,-0.8635861123580524,0.0961238060505712,0.2261231031019747
67.21600000000001,0.8906287097655778,-0.45746560749782844,-0.8508870622365173,0.08682146148177305,0.20482338905697786
67.292,0.8959444003208165,-0.46341494535659983,-0.8320383324614605,0.1049759132088382,0.24800960230340052
67.37200000000001,0.9012046031099215,-0.4690873004960032,-0.813990961805934,0.09669971740037993,0.22559213319404633
67.435,0.905485336288803,-0.47355987716756986,-0.8006016957571598,0.09827001770582279,0.21252803252026556
67.501,0.910240664257799,-0.47839525011886513,-0.7867512776693318,0.10275584619916343,0.20985481951253662
67.549,0.9135961973309752,-0.4817298257472659,-0.7776311074662479,0.09855509251981508,0.19000354589757565
67.612,0.9188347371808747,-0.4868209206115324,-0.765131471683725,0.1159507748179954,0.19840691718294023
67.66499999999999,0.923718716928614,-0.4914700515206462,-0.7563252259517811,0.12722589377893712,0.16615557984800639
67.732,0.9295906618567855,-0.49695555778337946,-0.7464454208050497,0.11993400223248515,0.1474597783094074
67.792,0.9353525997371926,-0.5022378246381113,-0.7373915795990235,0.13027990301042897,0.15089735343376526
67.846,0.9406305092276421,-0.5069933799166088,-0.729274556556871,0.13156183589996648,0.15031524152133596
67.923,0.9481713099785174,-0.5136563672862025,-0.7178479134362912,0.130685154689533,0.14839796260493646
67.95500000000001,0.9513425541139037,-0.5164123140311037,-0.7128441837106023,0.13129475363089593,0.15636655392772447
68.02700000000002,0.9585294386563958,-0.5225525240814225,-0.7010030580320005,0.1312874644422111,0.1644600788694639
68.06899999999999,0.9625959262177508,-0.5259620304979652,-0.694252646808479,0.12634997801776107,0.16072407675061437
68.119,0.9674859657039893,-0.5300007560715586,-0.686273118850149,0.12684445661636204,0.15959055916656398
68.18700000000001,0.9743711907736271,-0.5355774211867547,-0.6750289181096061,0.13029902897610715,0.16535589324324848
68.269,0.982442603958646,-0.5419505310675782,-0.661481161919377,0.12541675935504532,0.16521653890524549
68.35,0.9907010491464836,-0.5482900929971223,-0.6477483778289747,0.12853266746457487,0.16954054432597826
68.394,0.995066280928272,-0.5515690060437993,-0.6405470423687116,0.12408033437374441,0.16366671500593644
68.469,1.0028733663673741,-0.5573126215472073,-0.6279559655440332,0.12922999452618134,0.16788102432907098
68.524,1.0085415869708205,-0.5613910183810192,-0.6193028061290864,0.12696331941606978,0.15733017118083176
68.602,1.0169048197956272,-0.5672743165638972,-0.6066395352111477,0.13109365287291808,0.16234962715305448
68.648,1.0219155281322758,-0.5707240979074778,-0.5991056930171161,0.13224860116878723,0.16377917813114765
68.695,1.026867576863712,-0.5740794147192808,-0.5918097774856428,0.12727057318403615,0.15523224535050661
68.78399999999999,1.0363488595285018,-0.5803644436600782,-0.5788795451150639,0.12781179636689338,0.14528350978178745
68.85499999999999,1.0441393528231564,-0.585398933372569,-0.5684090992516355,0.13064310163118661,0.1474710684989955
68.916,1.0510905735577045,-0.5897940482889713,-0.5590901298946925,0.13482199321531113,0.15276998945806408
69.0,1.0608785851167,-0.5958305920979498,-0.5458399675713008,0.13690219016049016,0.15774002765941916
69.08699999999999,1.0704208686248045,-0.6015379562012362,-0.5318586015720058,0.1278030566600721,0.16070535631375582
69.166,1.0790149909730704,-0.6065212033713793,-0.518681714911093,0.1257515087930846,0.16679603368242377
69.22800000000001,1.0858793504279742,-0.6103906374072996,-0.5076573763728892,0.12709426729601764,0.1778119119064796
69.298,1.0929835023345438,-0.6142877678863142,-0.49543155372371184,0.11575537214323592,0.17465460927397952
69.37299999999999,1.10077801957112,-0.6184283715890804,-0.4808036785167878,0.11768062087204566,0.19503833609235016
69.42599999999999,1.1057980256225597,-0.6210148464345958,-0.4702271284705201,0.10655001630556475,0.19955754804279657
69.451,1.1081422566030052,-0.6221981494306651,-0.46436260824479086,0.10503808734118614,0.23458080902911677
69.52700000000002,1.114184454185308,-0.6251643410125433,-0.4477632931856665,0.08856587071984989,0.2184120402515738
69.58699999999999,1.1192059843633413,-0.6275324917779441,-0.4333141708836407,0.09253213162132996,0.24081870503386785
69.64699999999999,1.1241404638840202,-0.6297740844254233,-0.4191923567357187,0.09032937527803168,0.23536356913202472
69.71799999999999,1.1298370820161352,-0.6322583707039489,-0.40293436004647243,0.08753171155096325,0.2289858688626301
69.78300000000002,1.1352330589247284,-0.6345106228548615,-0.38761409185147316,0.08995621097697162,0.23569643376912464
69.828,1.139155916142613,-0.6360875520691515,-0.3765243396223318,0.09395432170639668,0.2464389384254325
69.892,1.1444412345894042,-0.6381327154327882,-0.3616269764124215,0.08855017704376607,0.2327713001548742
69.94300000000001,1.1486572402676514,-0.6396997570909247,-0.34983218449772846,0.0881924153707423,0.23127042969978984
69.99600000000001,1.1532335070538586,-0.6413372203971647,-0.33710494762654225,0.09170569069132012,0.2401365447393748
70.059,1.1587599816958016,-0.6432287676296331,-0.32211586990240215,0.09271780741431777,0.23792186863718903
70.138,1.1656394692677234,-0.6454575955963617,-0.3041371686895572,0.0915383519943072,0.22757849636510363
70.201,1.1712225213660552,-0.6471694003058,-0.29008184791843583,0.09269181605137033,0.22310032970038113
70.25900000000001,1.1767589444672344,-0.648782092193284,-0.27644411236703736,0.09942276305891756,0.2351333715757499
70.30799999999999,1.1813143233806347,-0.6500482131076397,-0.2654558331846013,0.09649099418788966,0.22425059556001942
70.36500000000001,1.186584075141967,-0.6514462845411089,-0.25297166244793967,0.09565006139106805,0.21902053923961495
70.41499999999999,1.1913036368582581,-0.652638885137185,-0.2418250828922369,0.09735822302334556,0.2229315911141316
70.482,1.1977429897682734,-0.6541762532320806,-0.2266657368079062,0.0988108924225017,0.22625889678103064
70.53800000000001,1.202875749308913,-0.6553281950988452,-0.21464235463929934,0.09393636334876024,0.21470325301079213
70.58500000000001,1.2073196694383097,-0.6562747155164247,-0.20444659975393442,0.0966724014357018,0.21693095500777793
70.65200000000002,1.2138122263806719,-0.6575803391284607,-0.19109965064574358,0.09884378212560746,0.19920819564461784
70.70599999999999,1.2202724145892976,-0.6588055516327574,-0.18046429355686242,0.12176566997853,0.19695105720159925
70.774,1.228829307042799,-0.6603282958539478,-0.16945417426471165,0.1278136267718202,0.16191351900218837
70.84200000000001,1.2376387292061684,-0.6617873137438497,-0.15852698988451283,0.13131509100704047,0.16069388794407186
70.88,1.2424978365821022,-0.6625496516302343,-0.1525109391259681,0.12943539106349836,0.15831712522493402
70.96100000000001,1.252870332123459,-0.6640760754782535,-0.13959564590471193,0.1294346761647607,0.15944806445991874
70.994,1.2569733994387744,-0.6646423814665643,-0.13454126373154116,0.12551405361597404,0.15316309615675044
71.048,1.2640319548355354,-0.6655668363027324,-0.12569428574365793,0.13183028984283665,0.16383292570153501
71.08699999999999,1.2690200425665545,-0.6661815135959542,-0.11935510354715223,0.12886713029188732,0.16254313324378894
71.168,1.2788760548419016,-0.6672996748063462,-0.10619719826741345,0.1224597159261691,0.16244327505846887
71.23400000000001,1.2869291563208545,-0.6681120751770673,-0.09463348899529447,0.12263599092486276,0.1752077162442202
71.287,1.2935165597987504,-0.6687068361517368,-0.08513894565998095,0.1247962029629612,0.1791423270813964
71.316,1.2968001488667118,-0.6689794643447085,-0.08035739694700568,0.11361680857188962,0.16488099010261628
71.363,1.3021762509878363,-0.6693923544612363,-0.0726189394999872,0.11472200000933892,0.16464803078763762
71.42099999999999,1.3098435712919245,-0.6699079891314784,-0.0614942751171806,0.13249377944998467,0.1918045583242758
71.45400000000001,1.313825257540306,-0.6701417462035085,-0.055553170802757554,0.12086491085161646,0.18003346407334128
71.511,1.32069275377715,-0.6704883764969981,-0.04506029304521971,0.12063576470730511,0.18408557469368528
71.578,1.3282301732687256,-0.6707828612119308,-0.03274622324773057,0.11258462705404054,0.18379208652966872
71.63900000000001,1.3350571929011068,-0.6709679876579354,-0.021050105056824753,0.11195949480384172,0.1917396424738437
71.70599999999999,1.3418226958865564,-0.67106481127801,-0.006936503289031333,0.10098799685568739,0.2106507726536996
71.797,1.3503853139650788,-0.6710405333032751,0.013062929082753007,0.09409508238095843,0.21977398210750046
71.862,1.3568201556704949,-0.6709082673163641,0.028286887309711087,0.09901847543229975,0.23421474195320946
71.88900000000001,1.3590299455694597,-0.6708402032681466,0.03352399409616109,0.08188288428176305,0.19396691801655724
71.96700000000001,1.3668087641109166,-0.6705083780484361,0.05196771851072468,0.09981913778992038,0.2364580053149089
72.03300000000002,1.3730457690979736,-0.6701383797331577,0.06676823880293441,0.09466621314091331,0.22425030745771463
72.09200000000001,1.378510120100172,-0.6697379852964966,0.07974715723848855,0.09286441695740784,0.21998166839923206
72.12700000000001,1.3821499348756674,-0.6694316704971243,0.08839976990275378,0.1043623215933454,0.24721750469331633
72.16900000000001,1.3863609579434324,-0.6690376614610273,0.09841858496733112,0.10070037728396279,0.23854321582326105
72.22900000000001,1.3919054293296065,-0.6684538638310248,0.11162520555949304,0.09291869597918115,0.2201103432026903
72.25900000000001,1.3949610025647143,-0.6681004402622145,0.11891161730072125,0.10253149117383605,0.24288039137426448
72.31800000000001,1.4004923902505666,-0.6674032086097186,0.1320616046246196,0.09449419576441564,0.2228811410830324
72.356,1.404396829170764,-0.6668667215655918,0.14130800851502406,0.10371380031318644,0.2433264181686505
72.41,1.4092463096337133,-0.666148870092363,0.1528692047790307,0.09078376058480797,0.21409622711122606
72.44,1.4124744949972632,-0.6656390804971849,0.16061101925879248,0.10893966817967814,0.25806048265871595
72.495,1.4173091312123285,-0.6648275755113832,0.17222374180374872,0.08913217536680305,0.21114040990826907
72.53399999999999,1.4209996989282627,-0.6641691997884519,0.181056864377087,0.0961239223811902,0.2264903223933635
72.577,1.424684313389483,-0.6634783067948473,0.18993295838139254,0.08718206351805148,0.20642079079777245
72.59899999999999,1.4272315969828093,-0.6629809341356483,0.19602949357625513,0.11797213274869113,0.2771152361302263
72.65,1.4318463335701788,-0.6620383074270211,0.2071868184263149,0.09235343841215267,0.21877107549129876
72.70400000000001,1.4371071538944302,-0.660898227192774,0.2198867390361073,0.09968402312602453,0.2351837149961469
72.77700000000002,1.4437555861310902,-0.6593569352674188,0.23600219691149005,0.093489745539491,0.22075969692302852
72.844,1.4503781984036108,-0.6577083972176707,0.2521382630647769,0.10186134812719372,0.24083680825808843
72.91499999999999,1.4567881921509347,-0.6560046516988922,0.2677347138798597,0.09341624934897766,0.21966832133920094
72.96799999999999,1.4616931376242923,-0.6546278587752918,0.27980284963119834,0.09612286113391746,0.22770067455357093
73.025,1.466949305719384,-0.6530812132315759,0.29278179000050886,0.09612276616256407,0.22770070823345254
73.07900000000001,1.4720016698367722,-0.651524351485519,0.3052416166614322,0.0979036116347404,0.23073753075783057
73.144,1.477764620550875,-0.6496640212991666,0.3195522222078972,0.09316579271097247,0.22016316225331564
73.22200000000001,1.4861311926689413,-0.646799721711405,0.34039953741191553,0.11337548608080258,0.2672732718463788
73.298,1.4917350952189488,-0.6447713579730093,0.3544651318065368,0.07841706017436027,0.1850736104555594
73.36000000000001,1.4974891997785191,-0.6425950691958213,0.36898702535958355,0.09922429647243503,0.23422408956522514
73.435,1.5043691003420476,-0.6398659806717311,0.38650820425643345,0.09868554408276602,0.23361571862470074
73.50300000000001,1.5103159948529505,-0.6373938604057243,0.4017250496905946,0.0947096876900295,0.22377713873762403
73.565,1.5156090866763297,-0.6351033769392885,0.4153362277460746,0.09302290616830336,0.21953512992715574
73.64000000000001,1.522006372642659,-0.6322200303938542,0.43185667559289903,0.09356063278113792,0.2202726379576091
73.743,1.5309494463739832,-0.6279724216044318,0.45525905440917863,0.09612177498149564,0.22720756132314657
73.83699999999999,1.5386803438715146,-0.6240901225894776,0.475752174618929,0.09203143576860674,0.21801191712501752
73.911,1.54531514422337,-0.620598187888519,0.4933807355484728,0.10131907924461821,0.23822379634514684
73.98500000000001,1.5516358363244882,-0.6171308816520438,0.5103945617430469,0.0974223681635494,0.229916570196909
74.06200000000001,1.557979630220245,-0.613508132956178,0.5276491292494997,0.09487457797801978,0.22408529229160035
74.12700000000001,1.5636020144819989,-0.6101744463821619,0.5430349169083198,0.10056017181943248,0.23670442552031823
74.184,1.5681930289100958,-0.6073641223092742,0.5557862131592499,0.09443638983322807,0.22370695177075042
74.25300000000001,1.5736385418994119,-0.6039255597047671,0.5709443358374869,0.09333752410015382,0.21968293736570033
74.309,1.578229584008116,-0.6009352461999078,0.5838879456552156,0.0978396140799256,0.2311358896023674
74.351,1.5816672969283008,-0.5986403714384043,0.5936638409623843,0.09841234083182235,0.23275941207543674
74.406,1.5861104741579963,-0.5956015749537857,0.6063314440744364,0.09787174601269226,0.2303200565827362
74.44800000000001,1.5893388885666555,-0.5933411755578653,0.6156496001698291,0.09383509750252116,0.22186085941410255
74.52199999999999,1.5950813685996432,-0.5892089606715853,0.631983337465157,0.09560395540181861,0.220726179666642
74.59200000000001,1.6006825707400378,-0.5850407495167105,0.6476910601059231,0.0997419626439761,0.22439603772516137
74.648,1.605143165736857,-0.581622502961015,0.6602609323233548,0.10035224511623668,0.22446200388277576
74.69800000000001,1.6088659331178101,-0.5787007611479466,0.6708898568702002,0.09464792062145236,0.2125784909368594
74.763,1.6139336369011872,-0.574619131254942,0.6855084058788364,0.10010801766036356,0.22490075397902692
74.80199999999999,1.616899825468416,-0.5721724344677653,0.6941324524712279,0.09859166009523607,0.22112939980498156
74.87800000000001,1.6214967558317253,-0.5682946146040311,0.707584437580173,0.07913273814269445,0.17699980406501592
74.929,1.6264852214746728,-0.5639645416048094,0.7223595744711747,0.12952211820376458,0.2897085664902999
75.005,1.6319197564109653,-0.5590969389448887,0.7387221843454882,0.0959964919111923,0.21529749834624873
75.05099999999999,1.6354168770272448,-0.5558785855469535,0.7492811117033004,0.10331840776542772,0.22954189908291173
75.112,1.6398933115340668,-0.5516608740860971,0.7620704508451495,0.10082641035845655,0.20966129740733805
75.18,1.6450100916729689,-0.5467086013307958,0.7763447021008874,0.10471832009813153,0.2099154596431671
75.221,1.647987734734375,-0.543760245737643,0.7847782503171163,0.10220402459859931,0.20569629795682065
75.28399999999999,1.6527734278823527,-0.5389162132637157,0.7983849684397001,0.10808522611149401,0.21597965273946498
75.36600000000001,1.658015967932796,-0.5334544414202341,0.8134952908292972,0.09232535150781124,0.18427222426332954
75.40200000000002,1.6612045241252178,-0.5300510552351894,0.8226661881867623,0.1295467172180089,0.254747148818466
75.451,1.664718513738077,-0.5262266872560827,0.832879229977664,0.10599268644059205,0.20842942430420827
75.48599999999999,1.6668553699731252,-0.5238623005819334,0.8391032823771891,0.09105494602289999,0.17783006855787933
75.56200000000001,1.6726960982210883,-0.5172492707227073,0.8553536113010586,0.11609280721341282,0.21382011741927362
75.614,1.6766750847861531,-0.5126251301651494,0.8652634455050883,0.11731558923770982,0.19057373469290612
75.65100000000001,1.6795470300896065,-0.5092299017936761,0.8723384938556,0.12018869240769908,0.19121752298677258
75.715,1.6842778104947993,-0.503529342436267,0.8839069611175965,0.11574809772236384,0.18075730096871445
75.749,1.6869902010352713,-0.5002026354925545,0.8897355486033264,0.12624481055282621,0.17142904369797943
75.80799999999999,1.6916668840833893,-0.49437515032548723,0.8993933000666862,0.12664425346698607,0.1636907027688169
75.862,1.6958840239174606,-0.4890237050076797,0.9072588573636886,0.12617382376315225,0.1456584684630027
75.92500000000001,1.701327556072248,-0.4820002813642898,0.9155130250112232,0.14104719569036755,0.13101853408781655
75.982,1.7062775212257282,-0.4755159652891914,0.9219817371996182,0.14311801773305313,0.11348617874379512
76.055,1.712502703082464,-0.4672458022617986,0.9291538329512361,0.1417980173869128,0.09824788700845462
76.106,1.7170872576783816,-0.4610791260938558,0.9337506743204401,0.15066944782529101,0.09013414449421815
76.13499999999999,1.719834129938451,-0.4573580034624917,0.9360995275787033,0.15948811118993345,0.08099493994011957
76.197,1.7251266660987068,-0.4501379560845189,0.9403484323612226,0.14438864548067956,0.06853072229868483
76.268,1.7313546482579734,-0.44156784575504465,0.9441619698784576,0.14921240885017606,0.05371179601739607
76.34899999999999,1.7383400405607086,-0.4318871451452379,0.9471432512988998,0.1473805577217375,0.03680594346225424
76.405,1.7434761507847356,-0.4247359396041668,0.9487713329127284,0.15722336505469822,0.029072885961220013
76.459,1.7481669993313251,-0.41818353945851877,0.9501847664636645,0.1492298562112027,0.026174695387703426
76.49799999999999,1.751549270889606,-0.4134472364448647,0.9511595614191909,0.14923060871241514,0.024994742449403976
76.56899999999999,1.7576084283696678,-0.40493791875608603,0.9529091928736847,0.14712875666180592,0.02464269654216698
76.632,1.7629626704984684,-0.3973922514229911,0.9544588658778375,0.14686186100230655,0.024597984192894516
76.678,1.7670161001208058,-0.3916676277312508,0.9547604873099124,0.15248664777038048,0.006556987653803396
76.72900000000001,1.771500300068173,-0.38533341479892286,0.9547464370627011,0.15217291031203256,-0.00027549504335754325
76.767,1.7743461932598021,-0.3813137135351904,0.9547151343695018,0.12960922063911334,-0.0008237550841921316
76.83699999999999,1.7808146134298126,-0.37217834922267407,0.9546196491910682,0.1599077161277332,-0.001364073977623097
76.912,1.7869405433735706,-0.36353168202618963,0.954154894761515,0.14129047858620217,-0.006196725727374357
76.97900000000001,1.7929879100354913,-0.35501147751062856,0.9527002601520397,0.15594303022872022,-0.021710964320525543
77.03300000000002,1.7976636951538414,-0.348445910631498,0.9510447028468652,0.149266191959799,-0.030658468614341922
77.072,1.8010485497649722,-0.34370931078332656,0.9493669954457357,0.14927530144482026,-0.04301813849051382
77.13400000000001,1.8064486621346187,-0.33619255981644663,0.9460939444873575,0.14928093230190148,-0.05279114448996017
77.19,1.811172687452409,-0.3296603872196745,0.9429313994220043,0.14395304430938072,-0.05647401902418097
77.256,1.8165372163522757,-0.3223013402119955,0.938585387760883,0.137981765722447,-0.06584866153213936
77.30699999999999,1.8215806586073502,-0.31544705532509687,0.9341313328848126,0.1668597855674882,-0.08733440933473303
77.33500000000001,1.8242475775191962,-0.3118487243473037,0.9317489210209418,0.15996030402054695,-0.08508613799532821
77.411,1.8311318378474284,-0.3026421859423757,0.9256340620996062,0.1512605103078308,-0.08045867001758018
77.46600000000001,1.8359031594304167,-0.2963295300538206,0.9211166199637358,0.14387222753676698,-0.08213531156126896
77.507,1.8397058719487993,-0.29134316896780826,0.9171036465917664,0.15294923276509564,-0.09787739931633653
77.59,1.8471344370088785,-0.281731146102133,0.908011735359921,0.1463617722890396,-0.10954109917886215
77.63900000000001,1.8516696591271076,-0.275955966048842,0.9020401037762507,0.1498589428524338,-0.12187003231978588
77.69800000000001,1.8570631613853055,-0.26917944122970716,0.8949012866036702,0.14679488240011332,-0.12099690123018257
77.74799999999999,1.861648341209551,-0.26349676643973186,0.888761912346742,0.14603652527956937,-0.12278748513860653
77.81899999999999,1.868132236575201,-0.2555799879464273,0.8802289466502811,0.14412813131176183,-0.12018261544311462
77.869,1.872813753880158,-0.24994912029664118,0.8740474664775665,0.1464558291991046,-0.12362960345426352
77.91900000000001,1.877243663006415,-0.24468535524264515,0.8682499057680642,0.13759551941912207,-0.11595121419002014
78.012,1.8859094665035525,-0.2345642501408218,0.8570439929601017,0.1432704081208877,-0.12049368610713707
78.09899999999999,1.8946567700111734,-0.22458236567614978,0.8451476490222991,0.1525549077670325,-0.13673958549200094
78.15899999999999,1.9007129802330884,-0.21781392491725884,0.8363794466023474,0.15137285878716666,-0.14613670699918924
78.208,1.905037524295925,-0.2130552343728438,0.8296896001682069,0.13122753201937254,-0.13652747824774694
78.257,1.9095336382260577,-0.20817719578779476,0.8223991398867101,0.13538828562395494,-0.1487849037039968
78.30000000000001,1.9134279499815652,-0.20400966174015547,0.8159225420657463,0.13264787678035297,-0.1506185539758793
78.333,1.916607331924602,-0.20064840663794273,0.8102430569201017,0.14020352974796754,-0.1721056104741478
78.37100000000001,1.9200480605754546,-0.19705500923559346,0.8037702638392602,0.13092235794111134,-0.17033666002209522
78.428,1.9252349923707124,-0.19172489777451834,0.794100174146053,0.1304800305080908,-0.16965069637209115
78.511,1.9327056588909566,-0.18423045013975634,0.7794466283081096,0.12749333808723223,-0.17654874503546636
78.56200000000001,1.9373399192299414,-0.17969204208190043,0.7702902448768649,0.12718451267715764,-0.17953693002434898
78.60900000000001,1.9416069149888875,-0.17558565206741505,0.7619025135368119,0.12599929537325041,-0.178462368937309
78.63300000000001,1.94376214792749,-0.17353795606902161,0.7575227965271548,0.12387050755303483,-0.18248820873570612
78.69200000000001,1.948991792957747,-0.16864388858213364,0.7468176645061345,0.1213979234575114,-0.1814429156105213
78.751,1.9542551497167406,-0.16382247605682215,0.7361275482897137,0.1209805565462745,-0.1811884104478178
78.78800000000001,1.9577434500391253,-0.16068351203831907,0.7290747977409532,0.12682944452103978,-0.19061487969619903
78.85,1.9634822362933495,-0.15561523026783822,0.7176195916578025,0.12349104600524034,-0.18476138843796314
78.89000000000001,1.9671216847932305,-0.1524608672161972,0.7103775555670127,0.1204045048078042,-0.18105090226965445
78.957,1.9736163314869173,-0.14694493967948938,0.6975511987091172,0.12717774809015814,-0.1914381620582016
79.018,1.9793980651985847,-0.14215342026256664,0.686232909896121,0.12310056786199594,-0.18554571824581848
79.08500000000001,1.9856071670879913,-0.13712908832075368,0.6742182190359856,0.119213336081943,-0.17932374418110592
79.14099999999999,1.9907104359709604,-0.13309107281782903,0.664377798159389,0.11620723167327027,-0.17572180136784807
79.215,1.9982169757069135,-0.12729747181998977,0.6500869328830261,0.12813914503834156,-0.1931198010318993
79.267,2.003214849235543,-0.12353486886042789,0.6402152564611062,0.1203052098029384,-0.18983993119079437
79.34899999999999,2.011122046518841,-0.1177407035059063,0.6242964794083371,0.11954710853431652,-0.19413142747280923
79.399,2.016096694360882,-0.11419346330498588,0.6143977261604593,0.1221966189308515,-0.19797506495751122
79.45500000000001,2.021677390745873,-0.11030119369215134,0.6033963480053545,0.12149936864761689,-0.1964531813411169
79.52100000000002,2.02811672000084,-0.10592250347489666,0.5907117450526487,0.11798535464258324,-0.19219095382886836
79.55799999999999,2.0321067689611874,-0.10326863349299882,0.5829572793425108,0.12951422581024644,-0.20958015432817556
79.618,2.0378278792704623,-0.09954050415288226,0.57190716845197,0.11381033387410397,-0.18416851484234076
79.666,2.0427654352895543,-0.0963946476737645,0.5623775746213533,0.12196999935107018,-0.19853320480450684
79.74799999999999,2.050868833207248,-0.09137341711069719,0.5469169085904441,0.11625592177862876,-0.18854470769402965
79.83699999999999,2.0596872731127127,-0.08610324353772807,0.5302553496194745,0.11542974591096657,-0.1872085277637056
79.90100000000001,2.0668264548625888,-0.0819808222705981,0.5168565090454846,0.12881130325420095,-0.20935688396852195
79.976,2.0741446001364556,-0.07788572255569746,0.5032426196178393,0.11181340959089583,-0.18151852570196483
80.043,2.081574209529114,-0.07386067287320126,0.48945877839142427,0.12611730164638443,-0.20572897352856082
80.11699999999999,2.089307416831557,-0.0698103895591977,0.4753050005905196,0.11796863100449866,-0.19126726757983437
80.202,2.0981443965862443,-0.06535115928431316,0.4591287920467612,0.11645094654890399,-0.1903083358089045
80.287,2.1077124083913605,-0.06072220813896502,0.4418658723549756,0.12504617201726714,-0.20309317284451764
80.376,2.117338757501614,-0.05626813484028512,0.4246186934427587,0.11917814244005522,-0.1937885271035635
80.43799999999999,2.1240767398843112,-0.05326911886712005,0.41255269394703975,0.11895585383021307,-0.19461289509229338
80.49600000000001,2.1304147662005266,-0.05053702653931888,0.4012585123012192,0.11899663020518048,-0.1947272697554562
80.52199999999999,2.1331536585550803,-0.04938219995559636,0.39644178688039733,0.11432303815821064,-0.18525867003173735
80.555,2.136692608063409,-0.047912733746450886,0.390226475635797,0.1161183279292696,-0.1883427649878009
80.63,2.1447517078317895,-0.044663033338617666,0.37605471689602904,0.11586171206699028,-0.18895678319693462
80.656,2.148086861547713,-0.043356745619356436,0.37025368723019403,0.13776339975161922,-0.22311652560894915
80.71000000000001,2.1540881068449558,-0.04106241158287824,0.3597712256105816,0.11897901537813076,-0.1941196596224448
80.743,2.157455554312859,-0.039806515990999984,0.35391201072385925,0.10890968190425049,-0.17755196626438377
80.793,2.1634019631728583,-0.03764336288553841,0.3436696801293577,0.12655277110822888,-0.20484661188998393
80.864,2.1713654883754483,-0.03485292948071976,0.3298500121157338,0.11884874942896496,-0.19464321145949776
80.93299999999999,2.178897869073347,-0.032328507096893194,0.3167065510742141,0.11513256137941481,-0.1904849426307523
80.97999999999999,2.1844272926162476,-0.030545078242324476,0.30709417079572277,0.12361526932528996,-0.20451872932961535
81.012,2.187934253132178,-0.029444268367545066,0.3010128696963925,0.11486470659430176,-0.1900406593540068
81.08000000000001,2.1956499798742612,-0.027104414819095556,0.28767324335688055,0.11856932055718689,-0.1961709755810236
81.12,2.200214352768124,-0.025773144996741354,0.2796186970250812,0.11886383820928371,-0.2013636582950241
81.185,2.20712689700898,-0.02383585520804982,0.2665148600087059,0.1104443522168851,-0.201597492559627
81.243,2.2133364405003824,-0.022179469229107556,0.2543955559122965,0.11080459828924095,-0.20895351890363617
81.338,2.223578389541152,-0.019625159357806628,0.23419628918502866,0.11111224095984769,-0.21262386028703256
81.4,2.230004823903885,-0.01813398094955261,0.22159721965401447,0.10640599176841774,-0.203210798887287
81.46000000000001,2.2366712179686496,-0.016676426731575843,0.20860290281732347,0.11373125501845817,-0.21657194727817516
81.49000000000001,2.239809996447726,-0.016021168633809167,0.20255081552269458,0.10688152067385319,-0.20173624315428865
81.53800000000001,2.244985025489997,-0.014984967580703426,0.19247156296315482,0.10995311147684685,-0.209984428323737
81.60499999999999,2.252009006423232,-0.013665022603426854,0.17882257657964828,0.10667054947192194,-0.20371621467926632
81.667,2.258833445607062,-0.012477294924497674,0.16559356052841515,0.1117262002035936,-0.21337122663275188
81.75999999999999,2.268934895266396,-0.010889227844045132,0.14606501558727977,0.10995181901967131,-0.2099843542057808
81.81200000000001,2.274704893367766,-0.010072539348079154,0.13493584605138975,0.11206747589207623,-0.21402249107472202
81.88900000000001,2.283103085863314,-0.009000560663935026,0.1187670540438075,0.10995236206966814,-0.2099843117867875
81.946,2.2893546973611567,-0.0082910650647314,0.10686388587434818,0.11038145662444052,-0.20882751174494438
82.017,2.29712582547551,-0.007515041773324766,0.0919707625103456,0.10999688397824714,-0.20976230090145093
82.1,2.3062891469203763,-0.006747938653665019,0.07465179913382125,0.11078764123908297,-0.20866220935571902
82.195,2.3166042026507294,-0.006077554282151339,0.05492404773177793,0.10880860215599968,-0.20766054107414272
82.267,2.323987056230499,-0.005722324157141663,0.04092509186613291,0.10265825954450171,-0.1944299425783956
82.34299999999999,2.3330229435394423,-0.005428487193723972,0.023777052169084167,0.11895610094066146,-0.22563210127697675
82.39699999999999,2.338849473831378,-0.005321747780667998,0.012647888603113432,0.10791681331343597,-0.20609562159204287
82.44800000000001,2.344371351214603,-0.0052801371591807865,0.0022188996590803444,0.10827517963441566,-0.2044899792947017
82.52000000000001,2.3522057974311643,-0.0053198326478787515,-0.012600296958281201,0.10881314972577026,-0.20582217524112478
82.59,2.359617016673923,-0.005463817775039585,-0.026545758648463827,0.10589453974196228,-0.19922088128834267
82.62899999999999,2.3646894391236,-0.005622441178860662,-0.03616587761018863,0.1301256937795848,-0.24666971696738307
82.689,2.371313530666007,-0.0059026606607447615,-0.048730062690933384,0.11050026611357017,-0.20940308467907134
82.744,2.376803206320557,-0.00619869952406047,-0.05922927462029522,0.09995730956655031,-0.19089476235200978
82.77600000000001,2.3808664250268228,-0.00645506422938824,-0.06698374237229297,0.12722806907142978,-0.24232711724984876
82.84200000000001,2.388125259138889,-0.006990911691061114,-0.0807888319781224,0.11028159670280917,-0.2091680243307409
82.898,2.3937121206385155,-0.007472782389780099,-0.09149802951872407,0.10013578279333879,-0.19123567036794456
82.96199999999999,2.401286684420264,-0.008221467169389525,-0.10591968816247821,0.11892929041618754,-0.2253384163086832
83.043,2.4101443592275102,-0.009238547407587077,-0.12289863020278409,0.11007255037870164,-0.2096165683987933
83.10499999999999,2.4166166901542065,-0.010076519691247674,-0.13519076296835925,0.10526373544192318,-0.19826020589642654
83.17699999999999,2.424584027438849,-0.011221433334293807,-0.1504720336519195,0.11179415975160661,-0.2122398706049954
83.24700000000001,2.4324048588301586,-0.012466028839767619,-0.16556879559251175,0.11313205361795953,-0.21566802772267998
83.299,2.438063627439377,-0.013441727335480495,-0.17642421173390932,0.11042824407038992,-0.2087580027192141
83.363,2.4454537526231115,-0.014811862522761822,-0.1906096562930375,0.11743850271357299,-0.22164757123640222
83.41999999999999,2.4509642489842873,-0.015904168213779896,-0.20128641444232828,0.09855637235411185,-0.18731154647882525
83.49700000000001,2.459138506956611,-0.01763926678661079,-0.21724523290760261,0.10852439518712953,-0.20725738266582885
83.537,2.4637733130778448,-0.01868358325823904,-0.22622747979766364,0.11877506228778421,-0.2245561722515703
83.59899999999999,2.4704141395474846,-0.0202561979238716,-0.23921002169119887,0.11007245400985859,-0.20939583699255981
83.643,2.4749144458499837,-0.02137333053858917,-0.24799104271867062,0.10538384702812006,-0.19956865971521645
83.70599999999999,2.4818307846469283,-0.02317409526043561,-0.2616400389295882,0.11344320841858817,-0.216650733506669
83.78399999999999,2.489467141522951,-0.025280091202114982,-0.276739050100818,0.10155688550503117,-0.19357706629781068
83.84100000000001,2.4961373795400505,-0.027220591196029913,-0.28992893700770134,0.1218731604179543,-0.23140152468209724
83.89600000000002,2.501817501257665,-0.02894963970947547,-0.3012681089256367,0.1079537573004816,-0.20616676214425397
83.939,2.5063534171111415,-0.030381013450991524,-0.3102698982095111,0.11061400839049992,-0.2093439368343959
83.989,2.511720717075328,-0.032132226856939866,-0.32092210934794246,0.11291529090201223,-0.21304422276857846
84.047,2.517804798218192,-0.03419434238953715,-0.33304486175960285,0.1107594095158363,-0.2090129726148605
84.07900000000001,2.5211355395411865,-0.035358010608578454,-0.33973519468694324,0.11025521478553552,-0.20907290397931746
84.148,2.528167265854845,-0.03789906506021485,-0.35401416253510354,0.1083590272243711,-0.20694156301685065
84.215,2.53505940399436,-0.040500698641043435,-0.36808314872909254,0.10995256619508757,-0.20998486856697715
84.25399999999999,2.539157791516784,-0.04210058642307449,-0.37647470345950046,0.11281008459690854,-0.2151680700105299
84.27600000000001,2.5413229415748884,-0.042961735315063254,-0.3808540740855398,0.10591447692384505,-0.19906230118342666
84.35300000000001,2.5491789036608536,-0.04617975454182188,-0.3969790726406871,0.11025338274232263,-0.20941556565126881
84.429,2.556762383410878,-0.049427880866717955,-0.41269975499549044,0.10855023102730553,-0.20685108361585142
84.48500000000001,2.5624204097650405,-0.05194369211261147,-0.4243785337770624,0.1105738862795335,-0.20854962109945635
84.52199999999999,2.566434194302098,-0.05377668969850743,-0.4327502805846082,0.11925733928300095,-0.22626342723110285
84.59299999999999,2.5733210377312283,-0.05701762949375036,-0.44718585077032813,0.10720179287079493,-0.20331788993972344
84.64699999999999,2.5785616765962134,-0.05956625605787657,-0.45831506709823705,0.10791672518001968,-0.20609659866497218
84.68299999999999,2.5823014950651135,-0.06142939382692128,-0.46629450673978934,0.11606167384132661,-0.22165110115422182
84.72900000000001,2.5868085712512423,-0.06372460681488128,-0.47595383013521364,0.10995302831034481,-0.20998529120478168
84.79400000000001,2.592767427010213,-0.0668439822946013,-0.4887372111026352,0.10347622468221666,-0.19666739949879986
84.852,2.598503387308478,-0.06993890071972313,-0.5011009342763879,0.11237327464382008,-0.2131676409267979
84.91999999999999,2.6052695076417605,-0.07370847547601017,-0.5157013247172447,0.11390185613232803,-0.21471162413029896
84.988,2.6115585992449697,-0.07733043709894018,-0.5295553724964449,0.10672791376214509,-0.2037359967529078
85.03,2.6158171946359268,-0.07984955445556195,-0.5390047234891225,0.11780683620984517,-0.22498454744469695
85.078,2.6202394377805525,-0.08252347193095232,-0.5488740478250771,0.10766232313418511,-0.2056109236657121
85.15,2.6269831530070604,-0.08671694230752121,-0.5639418828349098,0.11029464681308582,-0.20927548624766795
85.22800000000001,2.634286092499792,-0.09141987322426412,-0.5805307582361893,0.11136184398712,-0.2126778897599857
85.27700000000002,2.6385935176637973,-0.09427507212579314,-0.5904000923302462,0.10546513921513093,-0.2014149815113378
85.333,2.643416749894502,-0.09754558117262532,-0.6015293443041199,0.10406256485065384,-0.1987366423906617
85.392,2.6490124062672917,-0.10143929811324445,-0.6145484732061012,0.11554350769577786,-0.2206632017285062
85.439,2.6533094362262575,-0.1045036282179994,-0.6246278017928601,0.11229243304968216,-0.2144537997182895
85.50800000000001,2.6594517286524613,-0.1089986427322842,-0.6390665078151755,0.11030967059282548,-0.20925660901901186
85.541,2.662444632914984,-0.11123878479731174,-0.6462060365487562,0.11328516394971246,-0.21634935556313656
85.606,2.668208378542085,-0.11564802812114686,-0.6600651256269513,0.11164418368081609,-0.21321675504916296
85.64699999999999,2.671671619080009,-0.11835902114110648,-0.6684645760658914,0.10727138211866541,-0.204864644852213
85.714,2.6774211375703,-0.12296479191523672,-0.682533659880633,0.10995258835066937,-0.20998632559313526
85.78399999999999,2.6832739498341414,-0.12779210892329573,-0.6970227221235356,0.10838179010772599,-0.2069866034700571
85.83600000000001,2.6876382090929822,-0.13148584225142496,-0.707942019335828,0.10995296327866336,-0.20998648485169352
85.89000000000001,2.692127353183838,-0.13537184193355,-0.7192812931208822,0.10995292701158443,-0.2099865515750693
85.977,2.69902209894355,-0.14151722562749744,-0.7369201708755525,0.10616064813620843,-0.20274572131807517
86.06700000000001,2.70652779365829,-0.14846170080497306,-0.7564489391196839,0.11361685051595963,-0.21698631382367412
86.166,2.7143670732475953,-0.1560137460977734,-0.7772376361283715,0.10995156783346395,-0.20998683847161384
86.215,2.7180334080472215,-0.1596557376301356,-0.7871070176042417,0.1054652199229035,-0.2014159484871207
86.286,2.7235032998434625,-0.16522563432777304,-0.8020160832531511,0.1099525293730021,-0.2099868401254901
86.34300000000002,2.7279096411690475,-0.1698358059726207,-0.8141953197432632,0.1118818663034297,-0.21367081561594037
86.41300000000001,2.7331523719155855,-0.17547075512360127,-0.8288943934445081,0.10995256641012005,-0.20998676716066192
86.50400000000002,2.7400612305689402,-0.1831577287262263,-0.8486331394894939,0.11357656732472886,-0.2169092971976269
86.596,2.746319266333769,-0.19039251017273376,-0.8669019688155362,0.10397639635348628,-0.19857423180484027
86.654,2.7504875486967335,-0.19536337016602875,-0.8792911694851161,0.11184862547619123,-0.2136069080962326
86.725,2.75542149195589,-0.2014131407018502,-0.8942002018638887,0.1099525782080921,-0.2099863715320147
86.793,2.7602646949519314,-0.20753579637048805,-0.9091092280991886,0.11480343485416146,-0.21925038581319473
86.88,2.7658760248601433,-0.21487176048723353,-0.9267480682550304,0.10616073091097965,-0.2027452891476327
86.92700000000002,2.7691543670153105,-0.219285000739999,-0.937247373935411,0.11697139520040932,-0.2233894825611683
86.989,2.773154871025874,-0.22480482840331867,-0.950266508969737,0.10995284412957365,-0.2099860489407973
87.05000000000001,2.777020391885688,-0.23028600324887624,-0.963075653691212,0.10995287305596067,-0.20998597904054928
87.119,2.7813078295335134,-0.2365451095170646,-0.977564681237966,0.10995266673708635,-0.209985906474732
87.19200000000001,2.784660121397841,-0.2415783372189155,-0.9891139023548956,0.08284131684130004,-0.15820850845107381
87.25,2.7891962621980464,-0.24859635967950375,-1.0050728207287447,0.14407564713611315,-0.2751537650663985
87.334,2.794078874801148,-0.25643622750069195,-1.0227116181818376,0.10995221163914638,-0.20998568396538414
87.38,2.796693864279055,-0.2607656216317808,-1.0323709565684065,0.10995321120370914,-0.20998561709935812
87.452,2.80059264454319,-0.26740177111469515,-1.047069945679988,0.10689840956132919,-0.20415262654973404
87.53200000000001,2.805035135605982,-0.2752474132448933,-1.0642887553639615,0.11270108922367958,-0.21523512104963638
87.61000000000001,2.809186725938571,-0.2828772906076002,-1.0808776025048372,0.11136202583802313,-0.21267752744711652
87.65900000000002,2.8115456126662486,-0.2873513802058641,-1.0905369285355464,0.1032213835914287,-0.19712910266750777
87.73600000000002,2.815495526264908,-0.2950875880703978,-1.1071257665715795,0.11280828494243268,-0.2154394550134214
87.78400000000002,2.817832602827478,-0.2998196851395084,-1.117205057855327,0.10995317329293383,-0.2099852350780653
87.86500000000001,2.821621362079769,-0.3077580866707201,-1.1340038722303774,0.10859490811438624,-0.20739277006237883
87.923,2.8242392344763547,-0.3134524735338755,-1.1459730241783448,0.10805723814646415,-0.20636468875808517
88.017,2.8282768440266293,-0.32260727055370975,-1.1650816647737532,0.10644285514688424,-0.2032834105894638
88.08700000000002,2.831388894645986,-0.3300059479789976,-1.1804105695354141,0.1146648058213766,-0.21898435373794575
88.16,2.8343871704803254,-0.33745145837842333,-1.1957394702423196,0.10995255044332301,-0.20998494119054664
88.22800000000001,2.837115926810614,-0.3445304707877642,-1.2102284275858575,0.11156961281559438,-0.21307290211081273
88.286,2.8393301242139146,-0.35051101506594956,-1.2224075485357775,0.10995294097175445,-0.2099848439641646
88.34100000000001,2.8413260028432594,-0.3561029683749573,-1.233746728030224,0.10795388258275224,-0.20616689989899997
88.39000000000001,2.8430821013548515,-0.36119644120960925,-1.2440359818134523,0.10995312980423316,-0.20998477108626612
88.428,2.844476738013469,-0.36536759810635144,-1.2524353715005538,0.1157403043533767,-0.22103657071329977
88.46100000000001,2.845600905802088,-0.3688175230901109,-1.2593648672286073,0.10995339028595788,-0.20998471903182464
88.517,2.8474537893244807,-0.37468948916119477,-1.2711240099539285,0.10995297418903924,-0.2099846915236558
88.572,2.849143698857629,-0.3802665932296005,-1.2822531968712043,0.1059547447758265,-0.20234885304135353
88.642,2.851190998481304,-0.38734322773288554,-1.296322166689119,0.10524043573994703,-0.20098528311308547
88.715,2.8534487219947353,-0.395617002151633,-1.312700964247636,0.11748335152765597,-0.22436708984267573
88.76500000000001,2.854824584374202,-0.40093970882909813,-1.3232001917632248,0.10995308756292484,-0.20998455031172925
88.815,2.8561302305436347,-0.40617079737350276,-1.3322771567337683,0.10783134846448868,-0.18153929941093305
88.89700000000002,2.858458096496367,-0.41605962542355285,-1.3487505629093393,0.12389180390386095,-0.20089519726300586
88.96700000000001,2.860150189365882,-0.4237833509626228,-1.361701090506269,0.11295575662843174,-0.185007537099014
89.04400000000001,2.862043846453399,-0.43305626472557984,-1.3772024772864875,0.12291291314024237,-0.20131671143141394
89.118,2.863708412884175,-0.4418858290782803,-1.3919189815339097,0.12142024474075067,-0.19887167901926248
89.215,2.8656691163943395,-0.4533448787838323,-1.4109215084421227,0.11985137038876133,-0.1959023392599111
89.29600000000002,2.867183733041171,-0.4631637771815014,-1.425600570742026,0.12265469647128675,-0.18122299135679276
89.36600000000001,2.8683981578792257,-0.47184711169853183,-1.4382680784721025,0.12525494492821226,-0.18096439614396634
89.436,2.869508926199515,-0.48059351625202523,-1.4508644221014635,0.12595220900813658,-0.17994776613374636
89.47300000000001,2.870080045506786,-0.48547307207409524,-1.457878250480055,0.1327801345178975,-0.18956292915108844
89.519,2.8706894671141647,-0.49103216085113066,-1.4657677222706955,0.1215737672059338,-0.17151025631830252
89.59100000000001,2.8715755560005403,-0.4999689945829009,-1.4784772608605286,0.12473130895494788,-0.17652136930322992
89.66300000000001,2.872384177731,-0.509345284042034,-1.4911929689975791,0.13070962623212123,-0.17660705745902922
89.708,2.872844814636906,-0.5153637492353699,-1.4981976194744913,0.13413483108378474,-0.1556588994869793
89.77000000000001,2.873471706966766,-0.5244195872773121,-1.5058156858995002,0.14641145946196585,-0.12287203911302419
89.79400000000001,2.873704961877711,-0.5280835245559103,-1.5087482309218108,0.15297310626801813,-0.12218937592960166
89.86600000000001,2.874300977007569,-0.538346442325539,-1.5169431840168919,0.14278069278069672,-0.1138187929872334
89.905,2.874611956605546,-0.5443714677191217,-1.5217097315809966,0.1546934771186224,-0.1222191683104187
89.928,2.8747816315929318,-0.5479214222316733,-1.5244789530750549,0.15452204890070656,-0.12040093452429099
89.982,2.875115462468174,-0.5556149432963384,-1.530489032748842,0.14260667249594547,-0.11129777173679567
90.013,2.8752925604857986,-0.560202353457065,-1.5340466003674509,0.14809120460355724,-0.11476024576155278
90.07600000000002,2.8755928120356344,-0.5692309991790875,-1.5411862435312247,0.14339106096110038,-0.11332766926622097
90.126,2.8757908124127205,-0.5766329630386893,-1.5470162905417724,0.14809223224492857,-0.11660094021099335
90.18300000000002,2.8759617535345625,-0.5849243267597511,-1.5534853115740077,0.14549343264161438,-0.11349159705672784
90.25900000000001,2.8761104446285217,-0.5964706140232364,-1.562460509451286,0.1519374293804514,-0.11809470891156677
90.334,2.8761558912418934,-0.6072572693067896,-1.5708942365038792,0.14382334695399848,-0.11244969403459243
90.41900000000001,2.8760891707517677,-0.6202891525162978,-1.5811015870094787,0.15331828242115164,-0.12008647653645359
90.49200000000002,2.875933787063182,-0.631170668805548,-1.5888704558517606,0.14907706357642503,-0.10642286085316571
90.57900000000001,2.8756472802988884,-0.6441567819747659,-1.5966052428092943,0.14930199217864293,-0.08890559721304234
90.61100000000002,2.8755230237525318,-0.6487830611211456,-1.5986870811003804,0.14462336061329722,-0.06505744659641896
90.68700000000001,2.8751793381621935,-0.6604209128895824,-1.6014099093857674,0.1531963878022387,-0.035826687965622286
90.73000000000002,2.874985944199183,-0.6666865363389834,-1.6018260940733386,0.14578156688401817,-0.009678713664445272
90.78900000000002,2.8747065337910205,-0.675637181071588,-1.6021849402108537,0.1517797426922508,-0.006082137923983701
90.869,2.874338509764445,-0.6872728679378147,-1.6026503065584197,0.14551881887162396,-0.0058170793445761395
90.94200000000001,2.8739891736484857,-0.6981625197269964,-1.6030834435329295,0.1492500498200035,-0.0059333832124632575
90.987,2.873767610906679,-0.7050241270112929,-1.6028635429721405,0.1525596334689969,0.004886679128646278
91.05000000000001,2.873473992109865,-0.7144207670930911,-1.6009460065493843,0.14922581502931914,0.030437086075486598
91.09100000000001,2.8732948164001266,-0.72053582769057,-1.5990312058295881,0.1492118298395676,0.04670245658039916
91.149,2.8730665067296584,-0.7291863026769447,-1.595014875910282,0.14919805723952848,0.06924706757425207
91.20000000000002,2.872906330951084,-0.7363458778678051,-1.5911674655887589,0.1404189551507419,0.07543941806905724
91.27700000000002,2.872707055258388,-0.748278636748531,-1.5833921646556708,0.15499250266540018,0.10097793419595164
91.35500000000002,2.87261176671027,-0.7594457023960587,-1.574917058457098,0.1431727203669142,0.10865520767400659
91.411,2.87260628507377,-0.7679191459088073,-1.567721668600914,0.15131152296142744,0.12848910457475007
91.488,2.87268800944543,-0.7781347922430826,-1.557112710983518,0.132674976926443,0.13777867035579833
91.536,2.8728003856837736,-0.7846073174153929,-1.5494192995124856,0.13486459664904948,0.16027940564650034
91.59700000000001,2.8730092955692337,-0.792625847396527,-1.5397992048233018,0.13149591679996833,0.15770647031447013
91.662,2.8733218095400654,-0.8012801353595166,-1.5293468808959119,0.13322967234254207,0.1608049834983122
91.71700000000001,2.873647092069817,-0.8083945789583203,-1.5207017606782995,0.12948865286731245,0.1571840039565682
91.767,2.8739803196246645,-0.8145848768295818,-1.5131726353257682,0.12398520611472959,0.1505825070506786
91.845,2.8746639461231407,-0.8252467644783245,-1.500196908027203,0.13697156146274772,0.16635547818672586
91.92600000000002,2.8754416648973833,-0.8353732122934252,-1.4879775873878356,0.1253860320795461,0.15085581036252935
91.995,2.876244084015106,-0.8444570752547059,-1.477347993539285,0.13216282271346702,0.15405208476162816
92.02100000000002,2.8766254896054892,-0.8484329456633312,-1.4728221072130108,0.1536201018619376,0.1740725510104786
92.053,2.877052131899762,-0.8526719297082,-1.4679995308816058,0.13313750447410877,0.15070551035648747
92.12700000000001,2.8781173532811772,-0.8624662403974953,-1.4567243457484305,0.1331360366295393,0.1523673666645069
92.184,2.879025670224818,-0.870107709507239,-1.4479939243424873,0.13500463362577608,0.15316528782359654
92.256,2.880247522630116,-0.8795934646031782,-1.4370769029708164,0.13283505929717562,0.15162529682875736
92.287,2.8807885458707756,-0.8835500065968726,-1.43256182879599,0.1288180911942611,0.14564755402662796
92.327,2.8815569598630946,-0.8889542821262605,-1.4263518384829719,0.1364657788173117,0.15524975782548503
92.37700000000001,2.882523415671729,-0.8954339797270973,-1.4190288563885687,0.13102750524727783,0.1464596418880304
92.40100000000001,2.883020576189302,-0.8986457574436393,-1.415628769413665,0.13541785051218888,0.14167029062098602
92.47400000000002,2.8846320820770908,-0.9086449856297273,-1.4063765483035513,0.13874319631973492,0.12674275493304984
92.53400000000002,2.8859829260304055,-0.916611526087351,-1.3991555061843468,0.13467094284584208,0.12035070198673695
92.57400000000001,2.8869970165077103,-0.9223742050818122,-1.3939264752255545,0.1462806563796521,0.13072577396983467
92.619,2.888116964224667,-0.9285425280261813,-1.388323941617043,0.13931488595720212,0.12450074685584536
92.65900000000002,2.8891674333534034,-0.9341570135764804,-1.383219410589834,0.14279778837772733,0.12761327568015643
92.715,2.890594682871407,-0.9415433846781985,-1.3764963691126688,0.13433927412954091,0.12005431209227344
92.76600000000002,2.89195949785476,-0.9483741142446133,-1.3702355764876977,0.13658321128759215,0.12276063970527772
92.833,2.8938726060225872,-0.9575810674342735,-1.3613844277627039,0.14035245858385226,0.13210669738800912
92.88900000000001,2.8955635030055467,-0.9653988260439805,-1.353776247620328,0.14283089299746213,0.13586035968525298
92.94300000000001,2.8972260500176468,-0.9728295688914548,-1.3459251178166105,0.1410085194197379,0.1453912926614316
93.00800000000001,2.8991455254073903,-0.9810636122419935,-1.3359985092676072,0.13007403960811367,0.15271705460005597
93.07000000000002,2.901079595010034,-0.9889840980675096,-1.3262731347410228,0.1315032759550154,0.15686087946100877
93.148,2.9034900411711217,-0.9984169713852968,-1.3146533346934692,0.12482028483020359,0.14897179548150485
93.21200000000002,2.9058639957160697,-1.007287840437472,-1.3036675255901522,0.14348479095335376,0.17165326723927138
93.27200000000002,2.9079092380127736,-1.0146347636023114,-1.2945681587226834,0.12710482992207947,0.15165611445780786
93.29400000000001,2.908741682305971,-1.017552037710257,-1.2909379608048839,0.13789632380956585,0.16500899626367865
93.35400000000001,2.9109626441472014,-1.025146506128717,-1.2814757703877468,0.13187601717268133,0.1577031736189445
93.418,2.913279139376219,-1.0328016856728732,-1.2719237996571484,0.12496867185479804,0.149249542665617
93.459,2.914951379841311,-1.0381658328313024,-1.2650845673483238,0.1370429245997583,0.16681054411768761
93.49100000000001,2.9162597071328142,-1.0422745708930001,-1.259796516861188,0.13475037961349035,0.16525157772293747
93.529,2.9177524053541317,-1.0468730708744745,-1.253905245920572,0.12722901804596282,0.1550334458057565
93.578,2.919562619817307,-1.05233003897941,-1.2468677891431101,0.11733429798989836,0.1436215668869565
93.63,2.9220258103115433,-1.0595634990123053,-1.2374032365281806,0.14694906568677535,0.18201062721020916
93.696,2.924679650356705,-1.067115967283564,-1.2267959341868824,0.12129035730216887,0.16071670214087652
93.756,2.927031150206101,-1.0735847573464514,-1.2170848687869649,0.11471558600321044,0.16185108999861897
93.80600000000001,2.929358945443472,-1.0798022330905135,-1.2076332391354614,0.13277896715234436,0.1890325930300266
93.86700000000002,2.932040183324444,-1.0867464372775963,-1.1967532483683083,0.1220304440872401,0.1783605043795379
93.934,2.9350541336981912,-1.094295121723653,-1.1847136667927587,0.12131540657695457,0.17969524739631984
93.98500000000001,2.9374225320977203,-1.1000467788341892,-1.1752508148623164,0.12196467823058427,0.1855461162831231
94.05000000000001,2.9403947680133666,-1.1070520762108558,-1.1634464206920316,0.11707316043058509,0.18160606415823377
94.09700000000001,2.9425511107698594,-1.1119938083902385,-1.1548418382657892,0.11471722278044386,0.18307622183495623
94.148,2.9449492149439713,-1.1173561912956584,-1.1451035159427225,0.11518010578334215,0.1909474965307657
94.23600000000002,2.94897020269464,-1.1260378904989758,-1.128003856683205,0.10872348372218751,0.19431430976719646
94.30200000000002,2.9519446616152853,-1.1322093588534827,-1.1138404971552143,0.10380106919199036,0.2145963564846985
94.38,2.9554230838758024,-1.1391378255787188,-1.0969375369009078,0.09939252749028897,0.21670461864502572
94.46100000000001,2.9592490414143953,-1.1464371785972238,-1.0788972931632783,0.10174405487151898,0.22271905848920517
94.49100000000001,2.960737759283335,-1.1491935997389886,-1.072064130568618,0.10442508427931071,0.22777208648866704
94.53800000000001,2.962882448983628,-1.1530873822232959,-1.0624230305472748,0.09458215258645775,0.20512978768816648
94.553,2.9637620836994336,-1.1546591420682621,-1.0584889183051016,0.12007749800311081,0.2622741494784529
94.624,2.9672579631755935,-1.1607661774430007,-1.0431093796887545,0.09911035968142153,0.2166132199485571
94.686,2.970324547236429,-1.165950467913148,-1.029960954658144,0.09715088713023354,0.21207137146141797
94.761,2.974439905296272,-1.172673050835159,-1.012768727333302,0.10509618291328224,0.22922969766459686
94.81300000000002,2.977168944240621,-1.176992206232761,-1.001551210051386,0.09825164848803385,0.21572148619060555
94.85900000000001,2.979689903565546,-1.1808897965438938,-0.9914916281716885,0.10090902093628008,0.21868656260215558
94.91400000000002,2.9827369160366937,-1.1854879555134847,-0.9794272680669888,0.10029271359203215,0.21935200190360352
94.97900000000001,2.9863784047792334,-1.1908311698165586,-0.965430400213082,0.09947837843116754,0.21533642852164978
95.04600000000002,2.9903815481435565,-1.1965248562910071,-0.9502968611534113,0.10388233664763104,0.225873717308494
95.12,2.9950573984384428,-1.2029505758039702,-0.9329589391945937,0.1073907340796201,0.23429624268677487
95.14500000000001,2.996324829815164,-1.2046527238260154,-0.9283300073157763,0.08488759799780414,0.18515727515265432
95.19900000000001,2.999605025950398,-1.2089830205142857,-0.9164937825397189,0.1006003175967392,0.2191893477047582
95.25200000000001,3.002826369221304,-1.213134832400773,-0.9050657780430298,0.09915017038240453,0.21562272635263613
95.31200000000001,3.0065114449478707,-1.2177663920561863,-0.8921354192004203,0.09864516650908975,0.21550598071015037
95.363,3.0098236640764395,-1.2218268743135188,-0.8807230182696394,0.10274642963847147,0.22377256727026731
95.40700000000001,3.0125872654419266,-1.2251435805034683,-0.8712951297535423,0.09811769912240739,0.2142701935476072
95.465,3.016276802417347,-1.2294734174590043,-0.8584558941093691,0.09807931215505646,0.22136613179611775
95.524,3.0199039801838623,-1.23361800728294,-0.8448248416660844,0.09334974586326535,0.23103478717432613
95.58200000000002,3.0234413419294865,-1.2375501032338267,-0.8313328965883187,0.09119093577569795,0.2326197427200142
95.656,3.027966501429603,-1.2424294299274916,-0.8144605109031772,0.08992824170898996,0.2280052119614212
95.69500000000002,3.030310133478104,-1.2448922414382568,-0.805625649846671,0.08717214040050725,0.22653489888468364
95.75400000000002,3.0339913936320837,-1.2486729673922488,-0.7915484292828392,0.08943880872270284,0.238596958709023
95.80200000000002,3.03691374982909,-1.2515999494760561,-0.7805449045496774,0.08616891785902629,0.22924009860752873
95.86600000000001,3.040965043579707,-1.2555531197852414,-0.7655245521261373,0.08844431365539011,0.23469300661783915
95.90200000000002,3.0432822228023277,-1.2577618053500137,-0.757150720191121,0.0889219186627023,0.23260644263933553
95.94200000000001,3.0459743878499363,-1.2602824262788892,-0.7476352653430941,0.09219979158956951,0.23788637120071857
96.01400000000001,3.050870529694168,-1.264748885960821,-0.73152081114719,0.09204621240341693,0.2238118638319925
96.08100000000002,3.055529075893352,-1.268872939284743,-0.7176619478479055,0.09286157500005014,0.2068487059594483
96.126,3.058925823176128,-1.2718100649426878,-0.7080842385717393,0.09978891111757843,0.2128379839148634
96.21000000000001,3.0654155752969774,-1.2772675932251936,-0.6901338745054751,0.10094613184303912,0.21369481031266044
96.25400000000002,3.0687735225679837,-1.2800145417215822,-0.6809499708076806,0.09859953207570667,0.2087250840407321
96.32400000000001,3.0740898004809365,-1.2842598370291112,-0.6665479447504342,0.0971904747746166,0.20574322938925413
96.398,3.079780202586902,-1.2886673910255755,-0.6513110248626116,0.09726651949331669,0.20590432280845858
96.44,3.0831632882933353,-1.2912228707668165,-0.6423358557886446,0.10094717418335383,0.21369450176111104
96.50900000000001,3.088719281823595,-1.2953176963708097,-0.6277251200307298,0.1000279952783201,0.2117497935929169
96.57500000000002,3.093931481988115,-1.299046978060406,-0.6141580132883183,0.097105223091018,0.20556222336986282
96.61600000000001,3.097426454950301,-1.3014885315687963,-0.6052265308802023,0.10398376395008348,0.21784103434431037
96.696,3.1036642332225575,-1.3057325811636233,-0.5894300024569933,0.09430820047953906,0.19745660529015177
96.737,3.1073242047419303,-1.3081566018346527,-0.5803290330509113,0.10707085873441576,0.22197486356299187
96.797,3.112269260989896,-1.311356642006365,-0.568156430573968,0.09816912616629364,0.20287670794904722
96.85900000000001,3.1173376993833877,-1.3145489430486403,-0.5557775164891564,0.09661257161492012,0.19965990459369776
96.92500000000001,3.1231291143085373,-1.3180907027860413,-0.541676063325012,0.102856971927904,0.21365838127490797
96.99100000000001,3.128797538864235,-1.3214497672716226,-0.528040386356535,0.09983267815511694,0.20660116618903607
97.02700000000002,3.131908468931543,-1.323249331077106,-0.5205363279968079,0.09983132291646642,0.20844606554796757
97.084,3.136774296362031,-1.326002191658197,-0.5089012641159363,0.09808024610475607,0.2041239277346336
97.13400000000001,3.141213601466479,-1.328448819241215,-0.498284331371176,0.10137734725341892,0.2123386548951573
97.20700000000002,3.14747435973695,-1.3317952175840249,-0.48310758262012304,0.09724626176318273,0.20790066782262193
97.285,3.1543916054075622,-1.335351145003414,-0.46639441559876194,0.09971434173346654,0.21427137206880212
97.34700000000001,3.159910488408532,-1.338084286763111,-0.4530214948724173,0.09933196932149532,0.21569226977971148
97.40300000000002,3.164784504923005,-1.340422510898898,-0.4413943088668541,0.09653322543915197,0.2076283215278708
97.47,3.170437124607646,-1.3430470240121317,-0.42777076879798165,0.09301774465095283,0.203336418938459
97.52700000000002,3.1759622820340536,-1.3455232538440374,-0.41465109174767717,0.10622235308037418,0.23016977281229314
97.59,3.18135609639893,-1.3478576707243624,-0.40195371890076476,0.0932905846030925,0.2015456007446793
97.65,3.186968372167846,-1.3502007243444147,-0.38878345487124893,0.10136230338740751,0.21950440049192205
97.715,3.192708184102084,-1.3525081806951054,-0.3753954490781918,0.09517320970911192,0.20596931989319422
97.78800000000001,3.199300090357504,-1.3550491448799102,-0.360170170884545,0.09677646120404898,0.20856545470746862
97.83500000000001,3.203633586605144,-1.3566573357821106,-0.35016918371976014,0.09834637217957294,0.21278696095288294
97.91300000000001,3.2109106226929796,-1.3592476088176948,-0.3334865409966322,0.09902945243442884,0.21388003491188826
97.99800000000002,3.218514383216618,-1.3618109259703317,-0.3161921116506632,0.09440234068841011,0.20346387465844015
98.065,3.2249383455722964,-1.363861663284875,-0.3015941042742131,0.10064706656049104,0.21788070711126373
98.148,3.232700578541086,-1.3662032421602717,-0.2840446494105105,0.09768346911384015,0.21143921522533693
98.237,3.2409706450272253,-1.36853583834187,-0.26541407876772205,0.09654752532995918,0.20933225441335654
98.26600000000002,3.2439798419863775,-1.3693432338902676,-0.25858447970711956,0.10743553723858473,0.23550341588264312
98.32400000000001,3.2492665950978363,-1.3707088195253416,-0.24665566377885212,0.09414264006828893,0.20566924014256793
98.41,3.257610435392006,-1.3727283667297434,-0.2279548202542532,0.09982288382361437,0.21745166889072473
98.47200000000001,3.2634044701788367,-1.3740334695948482,-0.21493179740316778,0.09579359721452278,0.21004875566262798
98.53400000000002,3.2690241845553776,-1.3752242054076276,-0.20238706471340018,0.09265289056192703,0.20233439822201957
98.59800000000001,3.2753277805006324,-1.3764726594165815,-0.18839901317548793,0.10040683752054877,0.2185633052799029
98.68100000000001,3.283374761953532,-1.3779335227185494,-0.17051735966594833,0.09853626967875793,0.21544160854867403
98.749,3.289907377147359,-1.3790104699850667,-0.15608249162083307,0.09736457710528866,0.21227747125174615
98.805,3.29539468288224,-1.379840547733266,-0.14392952680422408,0.0991024022291242,0.21701722886797276
98.851,3.2997336748695045,-1.3804486170645085,-0.1343223855655239,0.0952476618975587,0.20885089649351737
98.92000000000002,3.3060109786215617,-1.3812533815338615,-0.12049578533245522,0.0917199973714144,0.20038551062413476
98.982,3.312589207433609,-1.3820023798419359,-0.10603117363275676,0.1067860006740152,0.23330018870487645
99.01600000000002,3.3157853365240526,-1.3823315112347583,-0.09899301628181456,0.09450091373072587,0.2070046279687649
99.06400000000002,3.3203412059213435,-1.3827616284980258,-0.08900349300949222,0.09533599852710944,0.20811506817337436
99.13,3.326745607388582,-1.3832887730234606,-0.07501195652700689,0.09736453647205578,0.21199297700743672
99.203,3.333934276795371,-1.3837731616164606,-0.059336112705713116,0.0986982262586395,0.2147375865930433
99.243,3.3379201746865754,-1.3839930152898567,-0.05063711950335523,0.0997989154400663,0.21747483005899051
99.29500000000002,3.343367131482157,-1.3842372546482673,-0.03877117842966247,0.10485442006521767,0.2281911744939997
99.363,3.349400582121897,-1.384432333523545,-0.02561727310449614,0.08877358158098991,0.19343978419366906
99.43900000000002,3.356604432936422,-1.3845612034517778,-0.009967539236860081,0.09480267633614786,0.205917550889889
99.51600000000002,3.3641987972172136,-1.3845747802761554,0.006637522889829531,0.09862826515279814,0.2156501574894806
99.58600000000001,3.3709163168464107,-1.384481817680692,0.02126685650651618,0.09597375492950048,0.20899048023840108
99.64600000000002,3.3769506026027165,-1.3843142667324204,0.03442784261734066,0.10061019098621733,0.219349768513733
99.70000000000002,3.3823013364334265,-1.3840992350220769,0.046129808949613244,0.09916764560770568,0.2167030802272619
99.73600000000002,3.385413245171502,-1.3839453754123017,0.052886036349702924,0.08654749986417556,0.18767298333581733
99.787,3.3907591548710516,-1.3836318414366517,0.06452673388502267,0.10500188400140467,0.22824897128083427
99.87200000000001,3.3989156910555964,-1.3830322239285449,0.08241758233045611,0.09621819471687797,0.21048056994625608
99.94400000000002,3.4059945343982956,-1.3823930770982784,0.09787289345033282,0.09871720792961167,0.2146570988871683
99.99800000000002,3.4111273108833173,-1.3818605073964143,0.1091528191630748,0.09556170115992146,0.20888751319891774
100.07400000000001,3.4187662108341743,-1.3809596665349766,0.12583226069391565,0.10120833905460207,0.21946633593213544
100.156,3.426581782028187,-1.3799038685479483,0.14298190732443145,0.09617758714277443,0.20914203207947718
100.20600000000002,3.4311080089063823,-1.379229665264945,0.15294287985225985,0.091523286260272,0.1992194505565228
100.268,3.437164169963371,-1.3782554958666697,0.16628712636750928,0.09893566367867386,0.2152297825040807
100.32500000000002,3.4428235425046716,-1.3772698903971041,0.1787868713470399,0.10078167209487375,0.21929377157064983
100.387,3.4485897798474663,-1.376192209004977,0.19170881584960925,0.09461418765061357,0.2084184597189161
100.43,3.452727348236801,-1.3753694861827532,0.20107383152362313,0.09810631262495687,0.21779106218633695
100.49200000000002,3.458425259800523,-1.3741714435965546,0.21413926764488425,0.09391128474955077,0.21073284066546186
100.571,3.4655524971225917,-1.3725601071953317,0.23076747072219134,0.09249511551260826,0.21048358325710684
100.63900000000001,3.471821297822244,-1.3710393983925069,0.2454417358595563,0.09486196659629804,0.21579801672591722
100.70700000000002,3.4779016374440586,-1.369471075486987,0.26003886750292166,0.0923433006542936,0.21466370063768764
100.78300000000002,3.4849222298919664,-1.3675407228172225,0.27701165631927455,0.09580445565791175,0.22332616863624166
100.822,3.488693476769457,-1.3664508021349129,0.28616629570984203,0.10065606650539077,0.23473434334796092
100.90100000000001,3.495378931308219,-1.3644254321307492,0.30258823594307493,0.08842424614946015,0.20787266118014297
100.959,3.500639481170157,-1.3627467248039984,0.3154938857070093,0.0952052715937941,0.22251120282648273
101.035,3.507260172304662,-1.3605269861904377,0.33195847849863,0.09188016724784957,0.21663937883713344
101.119,3.5149098627467694,-1.357809481238478,0.3510827433090053,0.09664335062461833,0.22766981917112553
101.185,3.5205605715189994,-1.3556952655118621,0.36536869237762454,0.09141327081244734,0.21645377376695
101.215,3.523256624097046,-1.3546537218408239,0.37218319260854776,0.09634148017610769,0.22715000769743227
101.28300000000002,3.5290630353673684,-1.3523386975659337,0.38691792206950004,0.09192499814549569,0.21668719795514219
101.352,3.5349032926723334,-1.3499091242650814,0.40189919293524157,0.09167331912897447,0.21711986761947888
101.417,3.5403375048122365,-1.347555284686909,0.41649383907412574,0.09110917092978796,0.22453301752130278
101.45700000000002,3.543515109691542,-1.346133190156573,0.42560082031165947,0.08703277264263767,0.22767453093822676
101.51500000000001,3.5479824584603605,-1.34407347388853,0.4387197085295962,0.08481573390550176,0.22618772789548905
101.57000000000002,3.552386576680661,-1.3419731159426809,0.4515733180197105,0.08871490375608741,0.2337019907293224
101.64500000000001,3.558183515173133,-1.3391003226836438,0.4688575041979375,0.08626309832361195,0.23045581570972784
101.708,3.562973436524196,-1.3366316610691287,0.48305094227320455,0.08553425643580229,0.22529266786142443
101.775,3.567967394434824,-1.3339657739385358,0.4978792128745393,0.08449207434635946,0.22131747166168844
101.81400000000002,3.571306871168881,-1.3321299149434858,0.5076520499065567,0.09771378425685677,0.25058556492342143
101.86600000000001,3.57532603756703,-1.3298637637074504,0.5193852110210654,0.08873106923818311,0.22563771374058503
101.95500000000001,3.582075930906907,-1.3259179863584702,0.5388037346521122,0.08784923200071734,0.21818565877580998
102.013,3.586673962474252,-1.3231288305268367,0.5519493000335312,0.09272157404581408,0.2266476789900108
102.08700000000002,3.5922376182507416,-1.3196417024884568,0.5680182186207806,0.08873175853986433,0.21714754847630802
102.179,3.59916567995626,-1.3151221013972332,0.5882655793289847,0.08991228726981126,0.22008000769790761
102.22300000000001,3.602680339828515,-1.312751548155637,0.5987172575526984,0.09634958272540586,0.23753814144797927
102.27800000000002,3.606692555266729,-1.309979457987208,0.6107301389049777,0.08866755931132408,0.21841602458686912
102.34300000000002,3.611597176433632,-1.3064929925842366,0.6254484833795786,0.09257749007138664,0.22643606884002102
102.42700000000002,3.617734783152102,-1.3019739154504086,0.6441202864214565,0.09073605723312132,0.22228336954615677
102.501,3.6229980432356115,-1.2979551303345873,0.6603370419050123,0.0894881766941768,0.21914534437242394
102.541,3.625775161915385,-1.295779477019477,0.6690167556792398,0.08819671021749724,0.2169928443557305
102.618,3.6311724769602085,-1.291437160476998,0.6862054190786223,0.08996422017755089,0.22322939479718085
102.674,3.6351193924137872,-1.2881633041911213,0.6989294995848669,0.09157124153483769,0.22721572332574988
102.75200000000001,3.6404522877406484,-1.2836024448306622,0.7163414062055007,0.0899642074648402,0.2232295720593985
102.83800000000002,3.646391000696089,-1.278329985246698,0.7359338911185488,0.09234281781553855,0.22781959201215352
102.90300000000002,3.650407410382078,-1.2746440534409975,0.7493001136301845,0.08386752027264605,0.20563419248670967
102.99000000000001,3.656325302436766,-1.2690282188328403,0.7693377020274973,0.0937743985723382,0.23031710801511907
103.09200000000001,3.662881887980783,-1.2625345376515893,0.7920544420673143,0.09047097350678064,0.22271313764525677
103.144,3.6661130596523566,-1.2592234477071647,0.8033870208483378,0.08896966729143783,0.21793420732740548
103.23600000000002,3.672009454668839,-1.2529815391970356,0.8245274209655625,0.09333210011568313,0.22978695779588865
103.31700000000001,3.6769097634071484,-1.2475863116485912,0.8426535320712729,0.0899808664230693,0.22377914945324542
103.436,3.6838920239985122,-1.2395429483871423,0.8695145930968343,0.08950572222618416,0.22572320189547443
103.525,3.688769301725406,-1.2336511248881823,0.8893166326175119,0.0859395757288183,0.22249482607503265
103.601,3.6929618971541007,-1.2283902038196617,0.9069130438998217,0.0885157181586193,0.23153172739883351
103.68900000000002,3.6976419957091307,-1.222281995052496,0.9273946517895315,0.0874435597398976,0.23274554420118834
103.77200000000002,3.7018830152170628,-1.216513379434395,0.9465225551186426,0.0862630179270094,0.23045666661580047
103.87300000000002,3.706893759537726,-1.2093859586863178,0.9697986668126071,0.08626239266853908,0.23045655142539298
103.96200000000002,3.7111706401963565,-1.2030101730158336,0.9903092895712939,0.08626283377482093,0.23045643549086722
104.037,3.7144882075395738,-1.197861804029492,1.006671689750115,0.081662673422173,0.21816533571764582
104.124,3.7186555568276414,-1.191122167414486,1.027475264471081,0.09108026089140067,0.23912154851688122
104.215,3.722744914023711,-1.184196890535574,1.047387147709805,0.08837945965333802,0.2188119037222215
104.30800000000002,3.726996368248957,-1.1766481540634426,1.0685891720262286,0.09315718807366889,0.227978756090534
104.40800000000002,3.731171202467545,-1.1688492736428906,1.090237545319749,0.08846003423398281,0.21648373293521658
104.507,3.735251767120596,-1.1608140908207147,1.1116369744396906,0.09102975766913379,0.2161558496964019
104.60400000000001,3.7393908201935133,-1.152203795899831,1.134072442171473,0.09848946233582946,0.2312934817709325
104.68900000000002,3.742615739397539,-1.1451301627809676,1.152215243878747,0.09145981731384296,0.21344472596790948
104.768,3.7456386504291705,-1.1381717874585753,1.170027258647863,0.09603331072363158,0.2254685413812754
104.86000000000001,3.748881550358105,-1.1302993519970994,1.1903970089742895,0.09254567668805065,0.22141032963503843
104.95100000000002,3.75182295757165,-1.1227334739347086,1.2099070096196254,0.08920368996542458,0.21439561148718866
104.98600000000002,3.753042304235134,-1.119463171640215,1.2183301385079977,0.09972076680993057,0.24066082538208822
105.06400000000002,3.7554404829761716,-1.1127662932095503,1.2357380643485165,0.09119651890648607,0.2231785364169001
105.16300000000001,3.7583158361597984,-1.104208017460008,1.257832733255555,0.09119581033385363,0.22317847380849312
105.255,3.7607106680098084,-1.0965524467397567,1.277761280531724,0.08718921491162751,0.21661464430622113
105.33600000000001,3.7627401240349134,-1.0896007198270077,1.2960789882029204,0.0894062437720705,0.22614453915052515
105.387,3.763995326961954,-1.0850423476829878,1.308368219825665,0.09270651892435612,0.24096532593622536
105.46100000000001,3.7655588499754375,-1.0790301646779725,1.3246601026723375,0.08394812641774325,0.22016057900905117
105.50400000000002,3.7665194011332055,-1.0751215953718376,1.335183254763171,0.09360161066142199,0.24472446722865082
105.577,3.767921037021991,-1.0690696183244313,1.3515191554207244,0.08509816762017465,0.22377946106243973
105.626,3.7688667226041717,-1.0647086292192693,1.3631896135466373,0.09106832086546914,0.23817261481451552
105.697,3.7700985261391087,-1.0586197766125522,1.3794711324688398,0.08749581679008979,0.22931716791835213
105.781,3.7714276711741515,-1.0513913526645209,1.3987129974713266,0.08749533458298211,0.22906982145816768
105.856,3.7724752345445127,-1.0450516681804771,1.4157032304726238,0.0856753441749444,0.22653644001733042
105.91900000000001,3.773252123602314,-1.039847255974689,1.4297609802420754,0.08352504481037606,0.22313888522933203
106.0,3.7742229660551776,-1.0324924489420688,1.4495801007463063,0.09158773386357767,0.24468050005226633
106.095,3.775082669693456,-1.0247765497477896,1.4703210384206329,0.08172258371718676,0.2183256597297564
106.155,3.7755894420214884,-1.0193628850868834,1.4848247074260341,0.0906222060921079,0.24172781675667804
106.18900000000002,3.7758192990571993,-1.0166135885696552,1.49162382033192,0.08114377856459748,0.19997390899652726
106.262,3.776344668573404,-1.0094122487836161,1.5068659389346286,0.09891066255620062,0.2087961452426423
106.31900000000002,3.776726424948076,-1.00304723684349,1.5162877144925653,0.1118675443067823,0.16529430803392903
106.35300000000001,3.776967706288052,-0.9984330369047266,1.5217134560971155,0.13589717820804345,0.15958063542798628
106.44,3.7774372861800183,-0.9877692296397509,1.532073529767473,0.12269127832351004,0.11908130655584846
106.52100000000002,3.7778339781898422,-0.9761653816856447,1.5410701046635136,0.1433410701182929,0.11106882587702019
106.60400000000001,3.778138430786108,-0.9642518548322205,1.549592621016291,0.1435833300293165,0.102680919912982
106.68100000000001,3.778325741768171,-0.9534303699785024,1.5575374379187872,0.14055981599555173,0.10317944029216174
106.75800000000001,3.778425108916734,-0.9426079084471534,1.5658055038214165,0.14055737265934048,0.10737747925492845
106.839,3.778432174708219,-0.931247536539695,1.5746668598426454,0.14025153215813468,0.1093994570522243
106.917,3.7783487232411694,-0.9207775751228867,1.5831210190641443,0.1342345383209476,0.10838665668587841
106.982,3.7782058195180634,-0.9119019960815187,1.5915517853255199,0.1365650676514319,0.12970409632886026
107.04600000000002,3.7779994530918803,-0.9036768522902107,1.6011361516018257,0.12855831594270054,0.1497557230672276
107.1,3.7777626925054433,-0.8968325241000499,1.6098080378865869,0.12682262971059105,0.16059048675491608
107.119,3.7776670645430634,-0.8944688131973111,1.6128125137825062,0.12450760569179024,0.15813031031149907
107.16500000000002,3.7774070620660307,-0.8887591369658643,1.6200529928696419,0.124252022907432,0.1574017192854869
107.21800000000002,3.777055905716111,-0.8821824087998533,1.6283977903247153,0.12426596746447068,0.15744900858629943
107.263,3.776714932208154,-0.8765978281913922,1.6354943417251309,0.12433289346669452,0.1577011422315003
107.327,3.776175701612207,-0.8688237433472873,1.6458054194441516,0.12176193152416816,0.16111058935971667
107.412,3.7754123558587125,-0.8594686380693038,1.6590843177194463,0.11042584541605209,0.15622233265051144
107.47300000000001,3.774690328221383,-0.8517789502322258,1.6704555102679324,0.12661493524726775,0.18641299259811067
107.559,3.7736186104149905,-0.8418140260940822,1.6858329653125528,0.11653941328135684,0.1788076167979443
107.62100000000001,3.7728306855840645,-0.8352808521679415,1.6962911577193536,0.106137350257887,0.1686805226903032
107.667,3.772080667519204,-0.8295461685182721,1.7055819695728867,0.1257287333699338,0.2019741707290141
107.72,3.7712857775639037,-0.8238215474861558,1.7148893774109066,0.10904801167822904,0.1756114686418954
107.80200000000002,3.7697614496737573,-0.8138816731590326,1.7324915654175825,0.12263508083376655,0.21466082934964836
107.911,3.7680686629352733,-0.804051352431668,1.7507279082601983,0.09151381092402891,0.16730589763870682
107.99600000000001,3.7663460961046358,-0.795019137188859,1.7681989361397559,0.10817654970948656,0.20554150446536387
108.08000000000001,3.7646256851307682,-0.7867582478679103,1.7846243250807383,0.1004539768182998,0.19554034453549787
108.143,3.763172617312127,-0.7802694917754662,1.7978354319428136,0.10554703595265794,0.20970010892186908
108.20700000000002,3.761763705071418,-0.7743295241904977,1.810056182376703,0.09538707202186432,0.19094922552945764
108.23400000000001,3.7609872414426277,-0.7711900200086186,1.8166566530922046,0.11978136389693785,0.24446187835203154
108.255,3.7604917274828598,-0.7692315589310083,1.8207761588449953,0.09619877235375261,0.19616694060920825
108.299,3.7593349613053517,-0.7647821775797702,1.8302667923076181,0.10448393050889343,0.21569621505955447
108.36100000000002,3.7577698824606656,-0.759025190081353,1.8427009197177209,0.09622475322896637,0.20055044209839315
108.458,3.7551903212691764,-0.7501046430790865,1.8622845355763578,0.0957322356232959,0.20189294699629817
108.553,3.7523501272819404,-0.7409720819847583,1.8825740332548133,0.10067383721112093,0.21357365977321896
108.62,3.7502173130984517,-0.7345117153385782,1.8969759497557805,0.10154216690903789,0.21495397762635318
108.70100000000002,3.7476458492739537,-0.7271083991996268,1.913691226095698,0.09675540764888829,0.20636143629523282
108.76400000000001,3.7455335533960956,-0.7213062820205118,1.926838848713077,0.09801038817095285,0.20869242249811865
108.83200000000002,3.743169107864452,-0.7150802413492492,1.9411082117430376,0.09793961435813775,0.209843573969972
108.87900000000002,3.741380329058198,-0.7105423823164229,1.9516297113652277,0.1037807135065585,0.22386169408916443
108.96700000000001,3.738145257576745,-0.7026661932828949,1.9698671251719597,0.09675790455968532,0.20724333871287867
109.055,3.7345654347687973,-0.6943971543068685,1.9891118082042991,0.10239395398874937,0.21868957991296292
109.12100000000001,3.7321498197028116,-0.6890522193592898,2.001715250309373,0.08887048300998297,0.19096124401626588
109.18100000000001,3.729698525605785,-0.6838043671915516,2.014111960584119,0.09653553623831655,0.20661183791242518
109.243,3.727007696212166,-0.6782311815513606,2.027300172369633,0.09981898419659077,0.21271309331479873
109.28800000000001,3.7250435827113697,-0.6742775514586169,2.0367038895513976,0.09810282525536324,0.20897149292802544
109.339,3.722952588930114,-0.6701686485994652,2.0465944576116972,0.09039904209923323,0.19393270706474555
109.393,3.7203183238941113,-0.6651285890421799,2.058075374368072,0.10531413688716022,0.21260956956249139
109.465,3.7160809458047224,-0.6572533134908056,2.0689701593908056,0.1242068494532391,0.15131645864906987
109.536,3.71165265007697,-0.6491973048131332,2.077489385011721,0.12947721080892577,0.11998909325233373
109.58800000000002,3.7082482696255687,-0.6431041047120801,2.083242251290132,0.13422593903767702,0.11063204381555135
109.667,3.70260904222151,-0.6331868313972003,2.0925501901859063,0.14441101708303317,0.1178220113389447
109.732,3.6981368738765013,-0.6254722589447104,2.0998551500468103,0.13718636555747465,0.11238399786006655
109.797,3.6937023613741427,-0.6179489376833499,2.10728270999752,0.13435382407597737,0.11427015308784476
109.852,3.6902334576181732,-0.6121598485318862,2.1144242323777616,0.1227061887232904,0.12984586145892157
109.918,3.6858847879490364,-0.6050451775752379,2.124993774589535,0.12633989922447889,0.16014457896625955
110.005,3.680550731712682,-0.5965615395712854,2.139787705493375,0.11518610382462763,0.1700451828027782
110.09700000000001,3.674962947299168,-0.5879742747656896,2.1558795949152603,0.11136104380007215,0.17491184154220724
110.16300000000001,3.6709252973172437,-0.5819573781298018,2.1681367758850945,0.10978907746094836,0.1857148631792989
110.24600000000001,3.665783045286957,-0.5745243249801588,2.1841083660339855,0.10889662582086776,0.1924287969745946
110.32400000000001,3.660792952930901,-0.5675460437435886,2.1992885900091843,0.10998582684574029,0.19461825609228495
110.358,3.658512852719761,-0.5644308021156161,2.206134216093059,0.11354460190020349,0.20134194364342303
110.381,3.657172985871709,-0.5626207831630559,2.2101137319771573,0.09791215324271392,0.1730224297434327
110.42100000000002,3.654467713452228,-0.5590115200853696,2.218058081829296,0.11276435282130606,0.19860874630336198
110.493,3.649959426015945,-0.5531264582346515,2.231182492518079,0.10296399102648564,0.18228348178872253
110.53400000000002,3.646850340964059,-0.5491595987640563,2.2401918230519793,0.12292872607731711,0.2197397691193787
110.61700000000002,3.6414911697189614,-0.5424909222026737,2.255499380891649,0.10307506246726125,0.1844284077068653
110.71700000000001,3.6354785815114328,-0.535251262474895,2.2724628097563326,0.09410838959802852,0.1696342886468479
110.785,3.6300874437866084,-0.5289669003567132,2.2875230051778153,0.12176397165210477,0.22147346208068017
110.87300000000002,3.6238294676582408,-0.5219072336820447,2.3048568800665445,0.10720502894438222,0.1969758510082374
110.958,3.617670506751868,-0.5151931773357915,2.3216031969669,0.10718890098183183,0.19701549294540813
111.05800000000002,3.610504621348809,-0.507659607424782,2.341016635308582,0.10397335678614598,0.1941343834167733
111.126,3.605584441987978,-0.502653188827518,2.354194174050093,0.10322690609651161,0.1937873344340345
111.208,3.5993233635667514,-0.49646879838636615,2.37071526738848,0.1073224694633938,0.20147674802912308
111.30100000000002,3.5928846411989803,-0.4903169241208613,2.387433697600471,0.0957549085418645,0.17976806679556712
111.38300000000001,3.5861544577305864,-0.48410238962942226,2.4048870093487436,0.11171411236091082,0.21284526522285424
111.481,3.578503381337583,-0.47729860324318313,2.4250866050728392,0.1044762821903356,0.20611832371529415
111.54600000000002,3.573474455895908,-0.47297754265967834,2.4386764778448184,0.10200551750270918,0.2090749657226729
111.63500000000002,3.5669694347135357,-0.46756254233634253,2.4564146283317863,0.09509995079885537,0.19930506165132675
111.72300000000001,3.560711222369833,-0.4625454494887754,2.4762696463484706,0.0911477282502667,0.22562520473506487
111.803,3.5557359075030086,-0.45871088812864275,2.4940317255909936,0.07851912470925045,0.2220259905315822
111.88900000000001,3.549710200862834,-0.4542527584299249,2.5154185292865,0.08715817177395954,0.24868376390119892
111.971,3.544525852900597,-0.4505732181205445,2.5335384976373443,0.07752921642485319,0.22097522379080248
112.05800000000002,3.538451662294573,-0.44643810555408414,2.5544823479039143,0.08446121193338198,0.24073391110995127
112.172,3.5309980835718418,-0.44161242937567696,2.5798729309712516,0.07788909926791567,0.22272441287142714
112.25400000000002,3.5250714067041233,-0.4379652929987996,2.6005321123601313,0.08486534672080782,0.2519412364496844
112.34400000000002,3.5188626245227526,-0.4343255453353625,2.6225405071198606,0.0799666128087133,0.24453771955253936
112.447,3.5118287170446165,-0.4304202942246931,2.6472305520193737,0.07810970183422965,0.23970917378172657
112.54600000000002,3.505275946778039,-0.4269828904866548,2.6699993043495773,0.07474374999237118,0.22998739727474202
112.64700000000002,3.498038787686097,-0.42340424600466914,2.694984317456779,0.07993672630759996,0.2473763673980377
112.74700000000001,3.4909269413996755,-0.4201029341849551,2.7192485988265354,0.07840728112406244,0.24264281369757826
112.86600000000001,3.4828778675037073,-0.4166151419662291,2.7463957537921386,0.07371634588073357,0.2281273526521288
112.964,3.475117393964902,-0.4134895131311422,2.7707461389415924,0.08537012121910294,0.24847331785160762
113.078,3.465985982395408,-0.4100729246114414,2.7963423957359335,0.0855232812617012,0.22452856837140445
113.11600000000001,3.462721252227414,-0.40890973569782274,2.804441674198877,0.09120413133415028,0.21313890691950318
113.20700000000002,3.454281004747638,-0.4060308071386853,2.822394367595587,0.0979970938505171,0.19728234501877365
113.26600000000002,3.4481028063647066,-0.40401629910904446,2.8329108407606554,0.11014129738366335,0.17824530788252332
113.32400000000001,3.441431156264239,-0.4019178220850924,2.842021169663748,0.12058433937390078,0.15707463626023505
113.368,3.4359658663188077,-0.4002418878622884,2.8476691238242426,0.12992001215867258,0.12836259455675028
113.4,3.431725969847543,-0.3989671632614346,2.8516952874736905,0.13835545288432044,0.12581761404520347
113.44300000000001,3.426442141433103,-0.39740503719590115,2.856687569066795,0.128137383508403,0.11609957193264554
113.49800000000002,3.419471311203758,-0.3953875173399241,2.863215365977651,0.13194396563680874,0.11868721656100606
113.57000000000002,3.410545028799798,-0.3928764762936198,2.8716260434547913,0.12878815859339746,0.11681496496027605
113.62300000000002,3.403155549190762,-0.3908583693884194,2.87853173474388,0.1445302285368174,0.13029606205828595
113.68100000000001,3.395805859134874,-0.3889070063602488,2.8860868921839327,0.13110905498875033,0.1302613351733358
113.709,3.3924649776906532,-0.3880413985775398,2.8903152537749235,0.12325706119728269,0.15101291396400343
113.761,3.386397864830882,-0.38651068335843664,2.8989733571635923,0.12033137729060078,0.16650198824365464
113.81800000000001,3.380135658692327,-0.38499233350294493,2.9087069768942677,0.11304647309911663,0.17076525843285334
113.864,3.3753981134689854,-0.3838859589794401,2.91604313048834,0.10576125905794283,0.1594815998711602
113.9,3.370877138379249,-0.3828648242098128,2.923042921198175,0.12874612537546573,0.1944386308287527
113.94800000000001,3.3655932355372813,-0.3817134202223113,2.931238787045804,0.11266454091041044,0.17074720515892855
114.029,3.3563122303931903,-0.3797994712834747,2.9454917291704983,0.11699135498601418,0.1759622484530389
114.06,3.3523647981250124,-0.37902692760014633,2.951588074439292,0.12975220622512448,0.1966562989933134
114.114,3.3454280655128015,-0.37773032962458336,2.9622303923972595,0.1306827927968177,0.1970799621845727
114.19800000000001,3.3383641150977774,-0.37648768834422935,2.9729362859010546,0.08538590604036292,0.1274511131404135
114.24100000000001,3.3321610841386216,-0.37545956895056004,2.9821256730631953,0.14622456663446903,0.21370667818928657
114.287,3.32683928942849,-0.37462467476936223,2.9899843720472794,0.11710623041325406,0.17084128226272627
114.33600000000001,3.3210475462373847,-0.3737645003059135,2.998547983565481,0.11949531052520883,0.1747675820040889
114.36700000000002,3.3175690097444126,-0.37327234577801127,3.003692511004248,0.11332838020966227,0.16595249802470777
114.38900000000001,3.3149851788383216,-0.37291720751390145,3.0072977570751305,0.11855104331771223,0.1638748214038207
114.43,3.3101086532782475,-0.3722737412111759,3.0139526609528833,0.1199706250502875,0.16231472872569078
114.52200000000002,3.299396849389639,-0.3709768429092607,3.028296210930329,0.11728290473906422,0.15590815192873433
114.59200000000001,3.2903271239939076,-0.36999622122208126,3.0396050580865785,0.13032262763990937,0.16155495937501133
114.66900000000001,3.2811604266341434,-0.36910828498325243,3.0507485566467625,0.11960522236659057,0.14472076052187263
114.72300000000001,3.2744621367772093,-0.3685248413130399,3.0588536058802323,0.12451207036509694,0.15009350432350865
114.76600000000002,3.2688767249688997,-0.368080177160638,3.065573020430495,0.13030428107400133,0.1562654546572542
114.80600000000001,3.265024271152581,-0.36779529944734224,3.0701672557596633,0.09657430985517534,0.11485588322922634
114.84800000000001,3.2585029654089026,-0.36735308751271345,3.0778766325093936,0.15562575755930388,0.18355658927928514
114.89100000000002,3.253231366217137,-0.3670328705325152,3.084119581958173,0.12282129849718028,0.1451848709018263
114.94300000000001,3.2479825691144053,-0.3667463632907485,3.0902933323217154,0.10108866982079769,0.1187259685296786
114.98500000000001,3.2413617833988244,-0.36643189461581266,3.0981379028708727,0.15781546896428605,0.1867754892656409
115.024,3.2369774697803884,-0.36625197834546785,3.1033049983766863,0.11251291333338619,0.13248962835423875
115.08700000000002,3.228595878218398,-0.3659718496965835,3.1132301547207297,0.13311542016193145,0.15754216419112435
115.16300000000001,3.2197578237764715,-0.3657671379893278,3.123787213235248,0.1163213808503353,0.13890866466472904
115.21600000000001,3.212511719712894,-0.3656687066289755,3.132373705999609,0.13673155812188081,0.16200929744077497
115.31200000000001,3.200634122901805,-0.36564179566140725,-3.1366844348318574,0.12372528434397337,0.14715798279290848
115.36600000000001,3.1941497646754926,-0.3656981485170542,-3.1286410326930207,0.120085242431176,0.14895189145993315
115.434,3.1859428327281964,-0.3658478115445151,-3.1174785024639067,0.12071024226854946,0.16415485631054047
115.507,3.177681409288826,-0.3660925984055822,-3.1053056728420128,0.11321985170134506,0.1667510907108585
115.53400000000002,3.1749042823402767,-0.366197190534486,-3.1009280128518553,0.10292947498165687,0.16213555519092665
115.58700000000002,3.1686771973583876,-0.36648009839467827,-3.09051445938759,0.11761336188513367,0.19648214083520468
115.656,3.16120260719751,-0.366909516070957,-3.0777246218016048,0.10850601584446867,0.18535996501430907
115.70700000000002,3.1556256526693325,-0.3672922102434366,-3.0682235816331946,0.109609205223198,0.1862949052628849
115.75800000000001,3.150099925900083,-0.36772365868731394,-3.0587174980304708,0.10867735119199128,0.18639379613188545
115.81200000000001,3.1442650363343962,-0.3682372601148257,-3.048666356770029,0.10847129972276116,0.18613224556373034
115.83600000000001,3.141889370025388,-0.3684632676843435,-3.044600794400159,0.0994330266753043,0.16939843207790986
115.92600000000002,3.1358466662654103,-0.3690825761194406,-3.0341250371795234,0.06749285437132378,0.11639730245150158
115.95100000000002,3.13162351356523,-0.3695533546642385,-3.0268855743480545,0.16997247385278658,0.2895785132586911
115.977,3.126442815302456,-0.3701717682999806,-3.0180220191358957,0.20067220583209638,0.3409059696986492
116.03800000000001,3.120290134354966,-0.3709686906150162,-3.0074015399070126,0.10170617583039199,0.17410621686691588
116.102,3.113173538699771,-0.3719721714597955,-2.995270791429076,0.11229680817510157,0.18954294496777857
116.162,3.106829244280355,-0.37294093311632465,-2.9843534144614092,0.1069638708830059,0.18195628279444187
116.238,3.0985895964691608,-0.37430742286357344,-2.9699474955652563,0.10989724667703273,0.18955156442308158
116.293,3.0926954171148586,-0.3753598765993476,-2.9597185543407916,0.10886189465544317,0.185980749535699
116.36100000000002,3.0853096263958624,-0.37676068227251336,-2.946594440030185,0.11055083953806133,0.1930016810382992
116.38500000000002,3.0831656517653165,-0.3771836240348774,-2.942609161714674,0.09105388887043445,0.16605326314627558
116.45500000000001,3.075909569950523,-0.37869077765653647,-2.9283462652056618,0.10587076771992245,0.2037556644144821
116.512,3.070175564466301,-0.3799652733540662,-2.9169476372692733,0.103051559612072,0.19997592870861178
116.58200000000002,3.0633000119904104,-0.3815849893679116,-2.9030762967845245,0.10091085358000763,0.1981620069249218
116.66,3.0554623652585815,-0.3835560155954901,-2.887158135160883,0.10361136062433556,0.20407899517495998
116.72300000000001,3.049508254538184,-0.3851421058137994,-2.8751215535817574,0.0978054957766616,0.1910568504622586
116.803,3.040647333241826,-0.38764582763482247,-2.8569950849933825,0.11509815727874059,0.22658085735473077
116.874,3.0336972320943034,-0.38973195390000676,-2.8426507993538577,0.10220329029988863,0.2020321921059894
116.93100000000001,3.0288748246271955,-0.39124413195810565,-2.8324611894541074,0.08866559101083775,0.17876508596047958
117.007,3.021636270285527,-0.3936140290656684,-2.816707651148805,0.10021884058012981,0.20728339875399482
117.03400000000002,3.019208877277804,-0.39443860005650355,-2.811329805669231,0.09494893677010526,0.1991794622063356
117.07600000000002,3.0155762237059753,-0.3956999485262413,-2.8031916290827277,0.091557361965391,0.1937661092024545
117.137,3.0095450423624914,-0.3978678472901179,-2.7896835955047004,0.10506512927223209,0.22144317341036157
117.208,3.00299106444996,-0.400328290776227,-2.7749505787569806,0.09860000831547615,0.20750727813690403
117.27800000000002,2.9965655639915356,-0.40284834897443594,-2.7604380499907113,0.0986001505396249,0.20732183951806882
117.33500000000001,2.9915430894324864,-0.4048937989962818,-2.7490543927527695,0.09514065414669783,0.19971328487621362
117.387,2.9868163299940775,-0.40688020356135335,-2.738202711602738,0.09859977128877924,0.20868617596217734
117.45400000000001,2.9806907615750164,-0.4095448932790469,-2.7240637548147877,0.09970234130053718,0.21102920579027837
117.505,2.976015157830429,-0.4116488692535932,-2.7132407942842924,0.10053296130273381,0.21221491236270307
117.554,2.9716302772631797,-0.41367748992825343,-2.7030382100281547,0.09860011293186348,0.20821600522727274
117.578,2.969579183645957,-0.4146450299627945,-2.6982836668135093,0.0944935214660071,0.19810596727688468
117.61600000000001,2.9661120742492524,-0.41630818793994107,-2.6901434352707305,0.10119419232694829,0.21421661954674806
117.67600000000002,2.960981099536373,-0.418833568901843,-2.678087489072727,0.09531300847870784,0.2009324366333866
117.727,2.956319367096814,-0.4211952001881879,-2.667061267962955,0.10246679054422163,0.21620041391715059
117.77700000000002,2.951945582971133,-0.4234700341508297,-2.6566404493335,0.09859991305399139,0.20841637258904785
117.822,2.948037755740859,-0.4255520755075107,-2.647272992579154,0.09839705373640846,0.20816570565219178
117.89100000000002,2.9420853019684876,-0.42881448825299767,-2.6329486648747493,0.09837478202636041,0.20759895223769903
117.964,2.9357395305611442,-0.43241566966629225,-2.6176009985921342,0.09995056230175575,0.21024200387149966
118.05200000000002,2.928435399157473,-0.43672285481741685,-2.5997014253980653,0.09635812825175395,0.20340424084164152
118.15100000000001,2.9202910820096517,-0.4417370202440532,-2.5795436102412266,0.09660693759133357,0.2036142945135435
118.237,2.913094265716334,-0.44635824896435516,-2.5618771425590996,0.09945084452445462,0.20542404281546753
118.303,2.907696487928323,-0.44994229759999305,-2.5489531057931667,0.09817130704041363,0.1958187388777638
118.34300000000002,2.903736894477802,-0.4526343435509583,-2.5399901039809665,0.11970142985647488,0.22407504530489086
118.39500000000001,2.8993176327469117,-0.45569828031960413,-2.530661947943493,0.10341359835913314,0.17938761610528764
118.44300000000001,2.89485636089331,-0.4588510728637403,-2.522103342810651,0.11380997994741675,0.17830427360086618
118.507,2.889303034657923,-0.4628514023438154,-2.5126635958965564,0.10693947733620676,0.14749604553274356
118.542,2.88536740802653,-0.46573177342777466,-2.5070305643328212,0.13934451378096352,0.16094375896387797
118.57500000000002,2.881810043511304,-0.4683624887445727,-2.5025445001080366,0.13407337797470278,0.13594134014492393
118.63,2.875880288637274,-0.47280146048190336,-2.495354370798453,0.1346761809036481,0.13072962381066072
118.661,2.8728063905502434,-0.4751286269682637,-2.4916890808948593,0.12436959999701218,0.11823515818042347
118.733,2.8651093265010523,-0.4810340459665169,-2.4825337584295966,0.13474281666922738,0.12715725646197767
118.78800000000001,2.8592686007782473,-0.4855888450700579,-2.475948422484973,0.1346685822878462,0.11973338081132182
118.828,2.8550094581345498,-0.48894884282974044,-2.4712809733883803,0.13562328571369628,0.1166862274148427
118.912,2.846260586007838,-0.4959459010631858,-2.4633726657032438,0.13336606072184257,0.09414652006114532
118.98400000000001,2.8376845988598607,-0.5028819384440689,-2.4599886296302103,0.1531914664962319,0.04700050101435242
119.037,2.8316629245894127,-0.5077761440916743,-2.4583254641373147,0.14641048662808243,0.031380480998031424
119.08500000000001,2.825647213729945,-0.5126784279645084,-2.457412728379845,0.16167145116760903,0.019015328280616788
119.113,2.8224091921005825,-0.5153199295590791,-2.4572504878490693,0.14924262342190756,0.005794304670563771
119.144,2.818823961221026,-0.5182444770956679,-2.4574354607749926,0.14925015056539453,-0.005966868578171233
119.21800000000002,2.810378349184383,-0.5251280784848126,-2.458267000697082,0.14723674105955745,-0.011237025974180678
119.26500000000001,2.80505097800672,-0.5294604736138182,-2.4601073056306553,0.14609839236896854,-0.039155424118579536
119.33000000000001,2.797501042867242,-0.5355572246342069,-2.4651275238686146,0.14929569849575303,-0.07723412673783785
119.38300000000001,2.791787045525794,-0.5401256403116399,-2.4693628483823877,0.13803300514384875,-0.07991178327874328
119.412,2.787812150968427,-0.5432831166772244,-2.4726546538116407,0.1750469403375683,-0.11351053204322124
119.47900000000001,2.7801052383374354,-0.5493385655606208,-2.480928269438906,0.1462876651379645,-0.12348680040692898
119.51400000000001,2.7758677573936454,-0.5526141607415279,-2.4864227859114463,0.15302599095810732,-0.15698618492974106
119.55200000000002,2.7715069897744495,-0.5559458627018863,-2.492166988326185,0.14441718812265206,-0.1511632214404492
119.612,2.7649809851215283,-0.5608561236642533,-2.5013555639177976,0.13611616714384553,-0.15314292652694286
119.66,2.7597397093091365,-0.5647269470075996,-2.5099176962833516,0.13574358854205917,-0.17837775761570224
119.74800000000002,2.7510531309267052,-0.5709793490870578,-2.526301684467917,0.12162232801231858,-0.1861816839154704
119.79400000000001,2.746607621911605,-0.5740882454528197,-2.5368090025912484,0.11792909626923583,-0.22841995920289224
119.85900000000001,2.7408007471521763,-0.5780390610630542,-2.5518265098364648,0.10805295486516137,-0.23103857300333627
119.93900000000002,2.734407661708964,-0.5822426835656629,-2.5682940987063487,0.09564091667259116,-0.20584486087351753
119.975,2.7305568561984095,-0.5847027704165668,-2.5781289058539807,0.1269317717785271,-0.27318908743442655
120.02700000000002,2.726049012647948,-0.587515550408892,-2.5895647254646392,0.10218106818536472,-0.21991960789719106
120.055,2.723601547741583,-0.5890130660143021,-2.595781327253799,0.10247347501703379,-0.22202149247005296
120.096,2.719501831741998,-0.5914748991384075,-2.6060759224704437,0.11663610899032939,-0.25108768821087035
120.108,2.718587357284972,-0.5920162342709506,-2.608363085257506,0.08855739108522896,-0.1905968989218615
120.167,2.7130747282143,-0.595220194657725,-2.6220860597009286,0.10806921270423524,-0.23259278717666085
120.226,2.7082619348107513,-0.5979355476595754,-2.6339793011047794,0.09366016775458037,-0.20158036277714145
120.27600000000001,2.7030432116383722,-0.6007955365039698,-2.646787404075824,0.11902034740324086,-0.2561620594208364
120.33200000000002,2.697788299163345,-0.6035884724126345,-2.6596390624974986,0.10626814987550705,-0.22949390038699644
120.376,2.6935399132215045,-0.6057837833503305,-2.6699784709906957,0.10868336094493533,-0.23498655666366375
120.40900000000002,2.6904100213466795,-0.6073655355318822,-2.6775659922223425,0.10626889984522332,-0.22992488580736933
120.46700000000001,2.68497600413882,-0.6100417540432226,-2.69060280051742,0.10443592972387063,-0.22477255681171068
120.51400000000001,2.68027710348906,-0.612285573749765,-2.701809878886393,0.11079039094217574,-0.2384484759356072
120.57900000000001,2.674005619845211,-0.6151805457993534,-2.7166764080109536,0.10626791002599827,-0.22871583268555654
120.65900000000002,2.666424068875297,-0.6185309693652249,-2.734516237989634,0.10361079002398643,-0.22299787473347
120.71100000000001,2.661238939666826,-0.6207301273918823,-2.7466381707483256,0.10831185275068943,-0.2331140915133349
120.786,2.654054312289902,-0.6236559044990078,-2.763400012232794,0.10343353612685895,-0.22349121979294823
120.863,2.6470886788969663,-0.6263591690631313,-2.7796356012063828,0.09703627032306027,-0.21085180485180455
120.935,2.6398059936671308,-0.6290458258251003,-2.797509008825081,0.1078118044023848,-0.24824177248190948
120.987,2.6350982258300633,-0.6306996693375267,-2.810455361689362,0.09595802439097172,-0.24896832431313692
121.042,2.6303864117536815,-0.6322857934054237,-2.8237650167705626,0.09039304706887084,-0.24199372874906838
121.12700000000001,2.6232910475720312,-0.6345409211075119,-2.84474023516142,0.08758963284387404,-0.24676727518653413
121.16,2.6206336239168393,-0.6353419142617441,-2.8531930332011592,0.08410655337035765,-0.2561453951437159
121.243,2.615280540741248,-0.6368771091573767,-2.8720729442709327,0.06709482985167786,-0.22746880806956452
121.31200000000001,2.6101912533338334,-0.6382277892336224,-2.8928884277761786,0.07631117134198921,-0.30167367398899697
121.362,2.6070104405312233,-0.6390135307247824,-2.906258344130423,0.0655284969343436,-0.26739832708498024
121.424,2.6028406224937615,-0.6399756686421695,-2.9236646430621183,0.06902225552648118,-0.28074675696277246
121.507,2.59758954699326,-0.6410791574350315,-2.945581078061619,0.0646478242916908,-0.2640534337289317
121.56200000000001,2.594423481315235,-0.6416853450813985,-2.9597304026181535,0.05861045330332263,-0.2572604464824096
121.65300000000002,2.588970238589969,-0.6426167239068332,-2.98542647547414,0.06079349190520527,-0.2823744269888374
121.75,2.583201083117454,-0.6434459871976587,-3.012513374521048,0.060087116116326805,-0.27924638192694623
121.786,2.5810764678401634,-0.6437113249043196,-3.022463663003552,0.05947555114893588,-0.2763969022917676
121.83700000000002,2.5782390381709277,-0.6440322733586082,-3.0357265789439385,0.05599065885102104,-0.26005717530161004
121.87800000000001,2.575464088213459,-0.644310319931836,-3.0484131432802877,0.06802061294526482,-0.30942839844756503
121.94200000000001,2.5718883130334342,-0.6446152914053689,-3.064963882640105,0.05607432580156209,-0.2586053024971759
122.00900000000001,2.5680906894307993,-0.644873635637272,-3.082653280496072,0.05681195168828706,-0.2640208635218621
122.05600000000001,2.564809985481889,-0.6450484075753867,-3.096478096220286,0.06990119014236024,-0.29414501540882726
122.113,2.5601856550482496,-0.6452294421350387,-3.1106683659955303,0.08119074863733294,-0.24895210132013182
122.149,2.5564975917498174,-0.6453339894380848,-3.117031783269138,0.1024873563107249,-0.17676159093353672
122.20600000000002,2.548647917704256,-0.6454861841699484,-3.127920221519604,0.13773946199236076,-0.19102523246426353
122.27000000000001,2.5411224204763334,-0.6455489323384631,-3.1392756414515968,0.11758998160747847,-0.17742843643740608
122.32400000000001,2.5348378657801933,-0.6455305567124101,3.132765682739628,0.11638114001195496,-0.20637005534002453
122.36600000000001,2.5307274598481717,-0.6454779602601265,3.1232853574667256,0.09787481972422091,-0.22572203030718963
122.41300000000001,2.5266499784321574,-0.6453852044618972,3.112643615892342,0.08677736804762766,-0.22642003349754192
122.43100000000001,2.524793755089565,-0.6453288834412114,3.107639258062039,0.10317097691821844,-0.2780198794612523
122.475,2.5209564014272092,-0.6451807889732785,3.0968217604127504,0.08727750667973251,-0.24585221930211346
122.53300000000002,2.5158331311763638,-0.6449137425607749,3.0820155002887812,0.08845216071593771,-0.2552803469648919
122.589,2.511564229448753,-0.6446338249930581,3.069755945153683,0.07639409228265709,-0.21892062741253243
122.642,2.5068380396335597,-0.6442620544640549,3.0561741471498687,0.0894488553308395,-0.256260339694625
122.70700000000002,2.500855436584986,-0.6436989911821924,3.0388855253124816,0.09244679198437633,-0.2659787974981562
122.76400000000001,2.4964246778080623,-0.6432148761113959,3.0261419859318157,0.07819522951214486,-0.22357086632751846
122.82600000000002,2.490507021758613,-0.6424788565809754,3.009298107605316,0.09618148854100175,-0.27167545687897554
122.876,2.485943234415896,-0.641842570513633,2.9962677259491994,0.0921585912849268,-0.2606076331224206
122.92000000000002,2.482158887013965,-0.6412684901075347,2.9854959558498013,0.08699189418862087,-0.24481295680444065
122.96600000000001,2.477825413759754,-0.6405601002640098,2.974458380298691,0.0954563376058361,-0.23994729458939446
123.03800000000001,2.4717160683649313,-0.6394839457419024,2.959681031364629,0.08615837603917413,-0.2052409574175218
123.106,2.4647252880829535,-0.6381369133059461,2.9425552226403595,0.10469669628246901,-0.25185012829813985
123.19400000000002,2.4559244448810618,-0.6362634777217702,2.9209100997635216,0.10225037757834855,-0.24596730541855077
123.273,2.447783927336657,-0.6343520731340703,2.902675961850064,0.10584692761715968,-0.23081187232230888
123.363,2.4378947574152043,-0.6318452524291539,2.8836592662662826,0.11335502612760265,-0.21129661759756288
123.43200000000002,2.4302887967006015,-0.629780282505984,2.8688655037026107,0.11422160074154329,-0.21440235599519145
123.513,2.421506220885429,-0.6272442557989218,2.851735434623034,0.11285670601834073,-0.2114823343157895
123.58100000000002,2.4135150180711604,-0.624794576936038,2.836137158087827,0.12291535838356019,-0.22938641963535575
123.65,2.406868405225826,-0.6226524506462217,2.8230879832071754,0.10120692310745245,-0.18911847653121766
123.68900000000002,2.402183841073488,-0.6210843406383421,2.8138472079899937,0.1266679909983751,-0.23694295428661483
123.75900000000001,2.395024436413078,-0.6185942293360152,2.7996751895481875,0.10828696700132041,-0.20245740631153625
123.798,2.390398721603944,-0.6169251256666096,2.790481629800214,0.12609323266242797,-0.23573230123016753
123.85900000000001,2.3838623265002954,-0.6144840557983666,2.7774533097510883,0.11438263420156436,-0.21357901719875705
123.898,2.3791645665808443,-0.6126691496480701,2.768033234070482,0.1291321168915292,-0.24154040206690477
123.95000000000002,2.3745961150547883,-0.6108553336265569,2.7588500391316986,0.09452598556699622,-0.17659990266884243
124.013,2.3674996178564762,-0.6079404238486743,2.7445130611830177,0.12177507517532177,-0.22757107855053205
124.07600000000002,2.3610979506284826,-0.6052084556605403,2.731486143024332,0.11048006000215478,-0.20677647870924634
124.12100000000001,2.356209798697636,-0.6030545205915208,2.7213880645853687,0.11870383433874655,-0.22440174308812993
124.19,2.349160712916039,-0.5998437465809812,2.706804384820001,0.11225915207198377,-0.21135767775898573
124.24700000000001,2.343397715326972,-0.5971262615012328,2.6948001081269712,0.1117818776538245,-0.21060134549169293
124.31700000000001,2.336286119162241,-0.5936550900232042,2.6800070785577867,0.1130503151843792,-0.21132899384551332
124.38300000000001,2.3292882611239523,-0.5901105713058697,2.66520164191305,0.11885359775827045,-0.2243247976475183
124.44500000000002,2.323327529528058,-0.5869871674450098,2.65221224059166,0.10854008600324064,-0.2095064729256058
124.49700000000001,2.318434499878795,-0.5843476742331889,2.641291717772614,0.10691453958000258,-0.21001005421245098
124.54400000000001,2.314346798208001,-0.5820893789273316,2.6321293348117747,0.09936239153679607,-0.1949443183157437
124.62900000000002,2.306618758468772,-0.5776846308090701,2.614669396915582,0.10464929349623776,-0.2054110340728375
124.703,2.2983378863892727,-0.5727630370464574,2.5956669106941552,0.1301758430066601,-0.25679035434365927
124.761,2.292968987861648,-0.5694547462257424,2.582807160487444,0.1087299116361876,-0.22171983115022006
124.83100000000002,2.289749935640529,-0.5674250931548959,2.575046415874137,0.05436420789505773,-0.110867780190069
124.86100000000002,2.2837229985979106,-0.5635300411910448,2.560411865176231,0.23920098456872593,-0.48781835659684747
124.91400000000002,2.2791052360837183,-0.5604600610168541,2.549103345326432,0.1046251661185554,-0.21336829905281965
124.95700000000002,2.2751493955971323,-0.5577696336286523,2.539346972840065,0.11125682868425021,-0.2268923834038492
125.02000000000001,2.26953147039887,-0.5538505274345831,2.525377617383885,0.10872781470498637,-0.22173580089178677
125.07000000000002,2.265112102617132,-0.5506845027089001,2.5142908239812956,0.10872814567329905,-0.22173586805174073
125.12700000000001,2.26002998613175,-0.5469508018746034,2.501430139838216,0.11063546530728781,-0.22562603759793182
125.15100000000001,2.257941161864533,-0.5453867589870318,2.4961084762259502,0.10872858165101457,-0.22173598384440565
125.22900000000001,2.251210474766929,-0.5402272337317252,2.4788130645251525,0.10872735934264613,-0.22173604744611639
125.30100000000002,2.245077580787343,-0.5353619258662647,2.4628480622716338,0.10872756721105072,-0.22173614240997372
125.346,2.2414521989905913,-0.5324097738540431,2.4533134049651975,0.10389594670142165,-0.21188127347642158
125.37100000000001,2.2391902456593544,-0.5305384818897834,2.447326525893671,0.1174268554509937,-0.23947516286099696
125.435,2.233956219360527,-0.5261197174414883,2.433357137656669,0.10702898098226986,-0.2182716912031803
125.537,2.225776443979195,-0.5189569080247345,2.411183494624922,0.10659462858562822,-0.21738865717398156
125.608,2.219826726987626,-0.5135406013474414,2.3947749900022264,0.11332166300465801,-0.23110569891121552
125.68900000000002,2.213417051360337,-0.5075009190802253,2.376814321053228,0.10872731183826413,-0.2217366536912909
125.763,2.20765696549245,-0.5018833626733527,2.360405806251667,0.10872755739297568,-0.2217366865076313
125.81400000000002,2.2037411871876564,-0.49795713845993583,2.3490972352618247,0.10872819761174671,-0.22173668607526648
125.888,2.198138996106175,-0.4921821073891543,2.3326887204453928,0.10872755705042338,-0.22173668670858765
125.94500000000002,2.1942593709064595,-0.4880693588141339,2.3211584144206117,0.09919061883440788,-0.20228607061013687
126.013,2.1889664002793943,-0.48230150405573247,2.30519338151421,0.11512337914151409,-0.23477989568243315
126.09800000000001,2.183122743872685,-0.47571261763292216,2.287232727982608,0.10361075981342398,-0.2113018062541231
126.16400000000002,2.1782388206346286,-0.47001783740982594,2.271932918980479,0.11366992230195073,-0.23181528791103692
126.23500000000001,2.1729609636363434,-0.46365967487747656,2.255080962725846,0.11638440340401249,-0.23735149654413024
126.286,2.1696830757730097,-0.4595985191830122,2.2444376258068996,0.1023325319958629,-0.20869288076370668
126.35,2.165380146632721,-0.45412981422230725,2.230246514502197,0.10872792198393305,-0.22173611413600303
126.412,2.1613515405110815,-0.44886111628780284,2.216720616347613,0.10697433392508802,-0.21815964765453982
126.475,2.157394563920498,-0.4435384115471975,2.2031947228058106,0.10527633375313918,-0.21469672288579164
126.549,2.15250309015875,-0.4367439873219792,2.1861210603723267,0.11313540317280517,-0.23072516802001525
126.60500000000002,2.149018881333773,-0.4317506425884454,2.173703855776105,0.10872815691369526,-0.2217357963610588
126.61600000000001,2.1483417835401863,-0.43076474423346717,2.1712647624499053,0.1087288305007665,-0.22173575692731573
126.672,2.1451132081500903,-0.4259915044580879,2.1595127693046026,0.10290350672997776,-0.20985702045189752
126.71200000000002,2.1425946896263315,-0.4221821921077334,2.1501998713709383,0.11416489208886262,-0.23282244834148838
126.73000000000002,2.1415262050387978,-0.4205424810157394,2.1462086300123655,0.10872879073732344,-0.22173563103181168
126.811,2.1367418397630624,-0.41301927965690255,2.1280263128570933,0.11006968028805601,-0.2244730512996875
126.899,2.131927670072049,-0.40513036652468715,2.1091787967576145,0.10502064696494907,-0.21417631931227366
126.94300000000001,2.1293298105560394,-0.4007297285658433,2.098757232350625,0.11614167509141672,-0.236853736522431
127.023,2.1251201238627555,-0.39336755547137603,2.081461875228915,0.10600932648278705,-0.21619196402141577
127.108,2.1206270355221295,-0.3851672642203036,2.062392642493383,0.11000636624488527,-0.22434391453565172
127.167,2.117585311460914,-0.3793960972279814,2.0490885309596902,0.11057091627528147,-0.2254934158253097
127.239,2.114134049196964,-0.37261264208606226,2.0335670718698626,0.1057075613091995,-0.2155758206920419
127.31,2.1108826004872725,-0.3659724749681368,2.018489087422471,0.10413370358212004,-0.21236597813228547
127.38400000000001,2.107367576025166,-0.3584940617606999,2.0016372274082004,0.11166616239662137,-0.2277278380306435
127.45700000000002,2.1041104159687487,-0.35125605179431935,1.985450577164105,0.10872767642102744,-0.22173493485060036
127.512,2.101648859937983,-0.345568363721746,1.972811689024468,0.11268188778980932,-0.22979796617530612
127.6,2.098030847682237,-0.3368283601628611,1.9535207596327706,0.10749163604550534,-0.21921510672384947
127.69,2.094513011694741,-0.327840120258362,1.933844416125465,0.10724589641678695,-0.218626038970053
127.78,2.091164967264432,-0.3187610605167888,1.9141100291993935,0.10751900624309328,-0.2192709658452311
127.86100000000002,2.0882393759114897,-0.31033908953001677,1.89592779009072,0.11006965971741522,-0.22447208776135272
127.95100000000002,2.085172542485487,-0.3009322374428946,1.875749944693261,0.10993507256212183,-0.2241982821939808
128.03,2.0827262136929234,-0.2929256045727835,1.858676387373337,0.10597491826111222,-0.2161209787332731
128.12,2.079954348092506,-0.2832013434480199,1.8380550827236386,0.11235113241192506,-0.22912560721886197
128.228,2.0770403148712036,-0.2720508366271931,1.8145512361080334,0.10671286935648985,-0.21762820940374386
128.321,2.07443418002902,-0.2611768753849431,1.7954033189117538,0.12023552440479776,-0.20589158275571848
128.398,2.072118121135356,-0.25080322534166294,1.7840891067327318,0.13803963489783433,-0.14693782050678209
128.466,2.0701670089065325,-0.24162178030388537,1.7759700111909007,0.13803628659441056,-0.1193984638504362
128.553,2.067531691502795,-0.2286458189137663,1.7666392766774044,0.1521938357599534,-0.1072498219942239
128.59300000000002,2.0663229318735286,-0.22249274029817837,1.762926388979357,0.156767096936246,-0.09282219245113879
128.65900000000002,2.064519601920324,-0.21311007506640472,1.7587501776280485,0.14476351458219713,-0.06327592956527658
128.72,2.062802127193571,-0.20401601088267962,1.7562902930420954,0.15171838685600214,-0.040325976818918106
128.776,2.0612662365605208,-0.19579977012419308,1.7550714664986844,0.14926005016720825,-0.021764759703763153
128.84300000000002,2.0594911357057564,-0.18626224195349964,1.7545976686224012,0.14479568005366905,-0.007071610093778496
128.881,2.0584006858702115,-0.18039267071751355,1.7543590116121288,0.15710536749134288,-0.00628044763874946
128.936,2.0569036046868336,-0.17232158568278685,1.7540308582543436,0.149250098724883,-0.005966424687003689
129.006,2.0550020593423417,-0.16204858586761692,1.7536132085842135,0.14925009821188562,-0.005966423859000966
129.053,2.053781842371901,-0.15544413920374545,1.753395250978006,0.14289835188967073,-0.004637395876757206
129.109,2.0522082331476246,-0.14693253416707763,1.754065444033407,0.15456867477053907,0.011967733132157293
129.167,2.0507342267329114,-0.13901025369191533,1.7556743387933031,0.13893516272160375,0.02773956482580053
129.216,2.049300445116432,-0.13138436782226165,1.7577384375320377,0.1583571754317218,0.042124464055802245
129.245,2.048521536085566,-0.1272795035187376,1.7589885375989125,0.14407278774049592,0.043106898857755746
129.294,2.047145634258574,-0.12009859412232872,1.761420296372934,0.14921503006252218,0.04962773008206402
129.341,2.0457797213616913,-0.11306803471774567,1.764357416526237,0.1523833345953655,0.06249191815538802
129.382,2.044596440449876,-0.10707366613121334,1.7671793632711152,0.1490254051050785,0.06882796938727935
129.42600000000002,2.0433161830985394,-0.1006891612004714,1.7704513474809638,0.14799095714552368,0.07436327749653875
129.50400000000002,2.0409824452947087,-0.08933127798238728,1.7768202288511086,0.14865595709111146,0.08165232525826352
129.554,2.0394794178092663,-0.08221313249177685,1.7811707489079287,0.1455020093985359,0.08701040113643224
129.596,2.038198382139146,-0.07626420143793297,1.7849956248327812,0.14488801108035768,0.091068474401246
129.66,2.036325846332374,-0.06776615965218895,1.7910158817768234,0.1359672242465597,0.09406651475066942
129.716,2.0345442494884463,-0.05990290424717657,1.7974150045087118,0.14397428474543708,0.11427004878369909
129.755,2.0333389404432545,-0.054720224341296454,1.802053460271389,0.13643565625596857,0.11893476314560483
129.794,2.0322143637364642,-0.04998549247671786,1.8064469055848196,0.12478082981404182,0.11265244393407432
129.806,2.0317104678169837,-0.047895174507370415,1.8084709590206862,0.17918295101666015,0.16867111965554746
129.872,2.0295594900022977,-0.039175613499584816,1.8171836862628736,0.13607498888662792,0.1320110188210164
129.91400000000002,2.0282972578167753,-0.034201310067454575,1.8223682091954174,0.12218931801094743,0.12344102220341888
129.958,2.0269009887027014,-0.028821982383192786,1.8283463820860912,0.12630871471116578,0.13586756569718555
130.01000000000002,2.0251122080253543,-0.022128227840493325,1.8361615850160726,0.13324312402400018,0.15029236403804322
130.04000000000002,2.024147852677978,-0.018604175336166606,1.8404738427977785,0.1217872794363799,0.14374192605685632
130.09300000000002,2.02251764997993,-0.012775085111049928,1.848116608760779,0.11420294104853868,0.1442031313773755
130.16,2.020111310849595,-0.004474750565233191,1.860421084568343,0.12898667870824973,0.18364889265026854
130.193,2.0190277335250277,-0.0008522744439628311,1.8662742029351664,0.11457780955371527,0.1773672232369878
130.24200000000002,2.0174979467551317,0.004108506872032838,1.8747566900172434,0.10594490412427317,0.17311198126685415
130.293,2.0157737178854176,0.009520160066613947,1.884331496091454,0.11136660349635412,0.18774129557279937
130.35,2.0137269950419716,0.015718647154490475,1.8954744292531818,0.11452031257979726,0.1954900554689514
130.45000000000002,2.010180615798322,0.0259402294547525,1.9145013613901782,0.10819313770325925,0.19026932136992136
130.53,2.0071940262317405,0.034087287612719674,1.9300349480952677,0.10846534143199855,0.1941698338136564
130.574,2.005536505880012,0.03844683513900606,1.9384725213433067,0.10600032246543149,0.19176302836447565
130.619,2.0036917030589967,0.04317376575956311,1.9476620991591904,0.11275926622020194,0.20421284035302784
130.681,2.0012307674238814,0.04928768642727223,1.959587219633766,0.10630027136757995,0.192340652815699
130.717,1.9997390777016562,0.05289380063093235,1.9666510288397123,0.10840168028211805,0.19621692238738955
130.77700000000002,1.9971718980175053,0.0589372998769585,1.978582693555681,0.10943579379332724,0.19886107859946955
130.851,1.994093118491577,0.06593356341332335,1.9924185858671595,0.10329362966706611,0.18697151772272355
130.92600000000002,1.9906478584575549,0.07346439032226085,2.007499208173934,0.11041994234889664,0.2010749640902785
130.99200000000002,1.9877366347110523,0.0796045574688551,2.019800674667202,0.10295995402467029,0.18638585595860432
131.06300000000002,1.9841251231231773,0.08696167379387729,2.0346256014104456,0.11543297701246963,0.20880178511611064
131.126,1.9811307811943755,0.09286179815553777,2.0463944751858536,0.10502318436485239,0.18680752024460695
131.204,1.9771419578174432,0.10046898558945831,2.06108556834766,0.11012216976026146,0.18834734822827848
131.268,1.9736521250779415,0.10691578651196759,2.073002351499811,0.11454326621414239,0.18619973675237902
131.31300000000002,1.9711775920313157,0.11137871255808697,2.081306370428225,0.1134009007562274,0.18453375396469604
131.345,1.9694513987678517,0.1144411696231855,2.0870009610307387,0.1098578025257881,0.17795595632865016
131.39100000000002,1.9667335831120285,0.11918262783119375,2.0956868250172676,0.11880777447880508,0.1888231301418459
131.448,1.9635545123716418,0.12461391140228895,2.1051308927082126,0.1104083636865643,0.1656853980867908
131.507,1.9600061747504802,0.13054232809618357,2.1153135096657305,0.11710481457043898,0.17258672809353065
131.559,1.9566028151918091,0.13610251758547037,2.1250702452098094,0.12536715817946376,0.1876295296938512
131.631,1.9524371026087401,0.14274149845944556,2.1375807896632733,0.10885666718707189,0.17375756185365854
131.70100000000002,1.9481326264166758,0.149411158728923,2.150471092963381,0.1134009352787398,0.18414719000148266
131.782,1.9431692589799436,0.1568752000682673,2.1649956859969763,0.11066228239526142,0.1793159633777447
131.829,1.9399489463381983,0.1615957971018707,2.1741033172073383,0.1215831323185812,0.19377938745452183
131.88400000000001,1.936431093232456,0.16664954837594073,2.1838627861374396,0.11195585377559919,0.1774448896381828
131.906,1.934843443081938,0.1688963519976878,2.1882330016908838,0.12505172082992042,0.19864616152026848
131.958,1.931570024405673,0.17346460233430197,2.1969868842674303,0.10807654832966815,0.16834389570284206
132.01600000000002,1.9275059186208274,0.1790248313152424,2.207052357873029,0.11874429975788892,0.1735426483723286
132.061,1.9242698923676098,0.1833705339204093,2.2148552468101608,0.12040466141684811,0.17339753193630972
132.107,1.9209128788838898,0.18780510527117308,2.222853618364386,0.12091132097584693,0.1738776424831887
132.18900000000002,1.9155337848614684,0.1947599861391363,2.2355948485258277,0.10722350437926197,0.15538085562729448
132.239,1.9116539188193207,0.1996651819649851,2.2445781990016136,0.12508286308677483,0.17966700951577952
132.30100000000002,1.9069496681127482,0.20549281846457232,2.2555980564510603,0.12079699980423027,0.177739636281364
132.362,1.9024225577410463,0.21097804696464273,2.2661556259622277,0.1165923721595536,0.17307491001919975
132.411,1.898671305716751,0.2154341605271411,2.275206342219088,0.11887442376836477,0.18470849503793982
132.464,1.8947956309288823,0.2199508584286224,2.284943731276245,0.11229413741675921,0.1837243218331612
132.52700000000002,1.8902111431213109,0.22518027303143298,2.296387953577147,0.11038801620146715,0.18165432223649405
132.583,1.8860191177315193,0.22985824515260622,2.3067246742251375,0.11216858786240858,0.18458429728559642
132.622,1.8830712127016902,0.23309040410726167,2.3139234639375568,0.11216885099184577,0.18458435160041994
132.67600000000002,1.8791046238026172,0.23736677959287605,2.3235218529378896,0.10801427341191083,0.17774794445060121
132.739,1.8741244164184314,0.24262123002226912,2.3355984101718215,0.11491418348162057,0.19169138466562108
132.804,1.8691006064258402,0.24779381539797896,2.347829859510192,0.110933965443033,0.1881761436672434
132.86100000000002,1.8645647497051687,0.25235723807712435,2.35871931184762,0.11288055601305177,0.19104302346359614
132.89100000000002,1.862199167636579,0.2546981757214308,2.3643291215839852,0.11093525427905795,0.18699365787883518
132.93900000000002,1.8585465343785679,0.2582617425325629,2.3729308298606595,0.10631276360059708,0.17920225576404072
133.006,1.8530104981956281,0.26354785596810065,2.3858772137662223,0.11424560727643789,0.193229610530849
133.038,1.850440260023616,0.26595584917149356,2.391907032429637,0.11006281732832472,0.18843183323164572
133.098,1.8458302816946894,0.27020074208294886,2.4031286866550103,0.10444431799727011,0.18702757042288218
133.13,1.843126231404783,0.272646377687022,2.409732201375945,0.11393623781471539,0.20635983502931612
133.163,1.8404863901410156,0.27500294904937544,2.416211269472961,0.10723244614262746,0.19633539687918528
133.228,1.8352420645906826,0.2795941525927512,2.4289890191457966,0.10723209408141346,0.19658076419747803
133.28,1.831004873730066,0.28321898990397604,2.43911343801439,0.1072332798275345,0.19470036285759323
133.33800000000002,1.8266484157827416,0.28686883090252363,2.4495322115991223,0.09798818324232235,0.17963402732290537
133.39000000000001,1.8219210065316054,0.29074324441239646,2.460737304076713,0.11754307763983603,0.21548254764600855
133.43900000000002,1.8179907017596277,0.29389819299461334,2.4699259937896625,0.10285592029775474,0.18752427985608483
133.48000000000002,1.8146228918262217,0.2965545018263988,2.4777892122046703,0.10461714671551814,0.19178581500020542
133.544,1.8091912548717208,0.30074927638096144,2.490370357928874,0.10723214901102418,0.19658040194070556
133.601,1.804309607467922,0.30442745663988785,2.5015754370251475,0.10723230018320921,0.19658033502238262
133.67600000000002,1.7977373897869586,0.30924642874780106,2.5164649105717327,0.10866178919342682,0.1985263139544243
133.758,1.7904785586404,0.31439652167312876,2.532781065305691,0.10853938524325944,0.1989774967556046
133.80200000000002,1.786623496454568,0.31706009422210646,2.541406218163734,0.10649400319779023,0.19602620131910933
133.866,1.7809706072021634,0.32087805590701424,2.553911406978585,0.10658493661273429,0.1953935752320661
133.919,1.7763145947630474,0.32394632538822166,2.5641335667891876,0.10520916027450058,0.19287093982270248
133.981,1.7707225633395665,0.3275422084086544,2.5763215229964604,0.10723221873641774,0.19657993882703434
134.02100000000002,1.767273679478248,0.329712351750145,2.5837915587894273,0.10187100302423571,0.18675089482407697
134.077,1.761795339766554,0.3330862699897026,2.595586349284356,0.11489171127693534,0.21062125883807595
134.161,1.7542446882062563,0.33759232557661634,2.6117058907265958,0.10467858966370293,0.19189930288379872
134.227,1.7478354976641286,0.34128930588448686,2.625269890244964,0.11210625084667493,0.20551514421769015
134.30200000000002,1.740928429278432,0.3451453534555078,2.63974143049505,0.10547391172303175,0.1929538700011074
134.39600000000002,1.732237689139359,0.34981384129974064,2.6577995927759863,0.10494978369609026,0.19210810937167327
134.442,1.7277656090363742,0.35213792649853276,2.6670388294698424,0.10956364832115996,0.20085297160560045
134.51500000000001,1.7208737483605934,0.35561809812912365,2.6811393910153893,0.10576312872711462,0.19315837733623975
134.58800000000002,1.7136433654461125,0.35913969864459416,2.695834394037918,0.1101697859568039,0.20130141126749404
134.657,1.707043552623036,0.36224011051121185,2.7092017888721673,0.10567799831734502,0.19373035991669088
134.71200000000002,1.7016755288891414,0.36468308583304637,2.720013649689231,0.10723236101957047,0.196579287582953
134.78900000000002,1.6940568454870122,0.368031371964314,2.735266300144006,0.1080776667683651,0.19808636954253392
134.869,1.6862190318144534,0.3713325932083574,2.7509403354475213,0.10630835520131768,0.1959254412939816
134.93900000000002,1.6793391762219572,0.37411149562386925,2.7647605973582072,0.10599837465879995,0.19743231300973868
134.99200000000002,1.6742223524085569,0.37610660692817394,2.775080988534468,0.10362314147034717,0.19472436181625197
135.04000000000002,1.6693981028144735,0.37793266179137913,2.7847763380437334,0.10746418272306452,0.20198644810968644
135.09400000000002,1.6641853177344221,0.37984511439204005,2.7954159508348186,0.10282465270832725,0.1970298665015717
135.125,1.6609293958348024,0.3810078339695059,2.80198418767715,0.11152590415163648,0.21187860781728965
135.18300000000002,1.655386954743414,0.38293191289146544,2.8131302849922144,0.1011537676289602,0.19217409163897395
135.251,1.648728153792511,0.3851525899185245,2.8264657917100466,0.10322548612940441,0.1961103929093448
135.31900000000002,1.6411398214519932,0.387563818160852,2.8415926319047404,0.11709134316501493,0.22245353227486928
135.38500000000002,1.6351238733568871,0.3893862464648932,2.8535616627081914,0.09524131596070592,0.1813489515674328
135.46200000000002,1.6275804867408024,0.3915607966582738,2.868544158196305,0.10195537254158316,0.19457786348199785
135.518,1.6216883196391703,0.39317387122854214,2.8804842524392904,0.10908893746118724,0.21321596862480474
135.609,1.6128048754356943,0.39546280503851755,2.89859487661298,0.10080870851967455,0.19901784806250616
135.704,1.6034498415043206,0.3976871343935291,2.9179656648655463,0.10121932574536299,0.20390303423754158
135.798,1.5941535727787546,0.39970886107359,2.937143689054549,0.10120817854140461,0.2040215339255713
135.852,1.5885568888751431,0.4008363786710988,2.9486617252346665,0.10572463172622762,0.21329696629846798
135.905,1.5831348285190687,0.4018657685108218,2.9597651031963723,0.10413040190350008,0.2094976973906862
135.97,1.5765873332321805,0.4030249756793814,2.973169093631057,0.10229722999305761,0.2062152374566959
136.02800000000002,1.5707322960592764,0.4039851704533559,2.9851295761341863,0.10229738289988644,0.2062152155711179
136.067,1.566789015080815,0.4045914129827611,2.9931719689135545,0.1022977145689288,0.206215199471048
136.14100000000002,1.5593954401128014,0.40564085682622,3.008225677182833,0.10091462952510949,0.20342849012534897
136.18900000000002,1.5532057037874891,0.40643234946008067,3.0208048020691303,0.13000283177728938,0.26206510179785303
136.258,1.5474132769572095,0.40710151755024965,3.0325590654080634,0.08450654238676224,0.17035164259326263
136.327,1.5409006418928817,0.40777166486980776,3.0457568338236776,0.094884394346453,0.19127200602342567
136.39000000000001,1.53417583040261,0.4083726705930481,3.059367031554193,0.10716848307188351,0.2160348846112989
136.43800000000002,1.5291782103778686,0.4087596427728441,3.0694715717351673,0.10442873986556248,0.21051125377028965
136.488,1.5240748340890267,0.40910243707138616,3.079782326583362,0.10229752191846087,0.2062150969639635
136.56300000000002,1.5163363550165692,0.4095219984344259,3.095385501820749,0.1033312602735633,0.2080423364984441
136.624,1.509998976362975,0.4097751074850638,3.108170836677888,0.10397428049888155,0.20959565339580125
136.692,1.5031474944520904,0.40995751541548536,3.1219872464688327,0.10079278847482254,0.20318249692561932
136.723,1.500283560460149,0.4100056957028423,3.1277612683382903,0.09239803982251331,0.18625876998246527
136.78900000000002,1.4935566162049467,0.41005386859192355,3.14130043729081,0.10192601121915908,0.2051389235230183
136.851,1.487136740295535,0.4100149612355848,-3.128966579882541,0.10354828720053848,0.20835951622965665
136.901,1.4817158518575637,0.40991744179773326,-3.1180371814559953,0.10843531066525783,0.2185879685308603
136.967,1.4750835336154384,0.4097177601900329,-3.1046682813623723,0.10053520461353155,0.20255909232761377
137.05100000000002,1.466612159788511,0.40933326134263043,-3.0875877589061935,0.10095351377902223,0.2033395530497393
137.104,1.4610978632164378,0.4090049438177416,-3.0764521440109864,0.10422758166441314,0.2101059414190125
137.16400000000002,1.4549999842463026,0.4085705725204984,-3.0641478712890566,0.10188883697207887,0.20507121203215553
137.209,1.4504120529479696,0.4081936052156976,-3.0548681913540006,0.10229760010007166,0.20621510966797005
137.27100000000002,1.4444024264145463,0.40763488783540147,-3.0427014992668107,0.09734746356961838,0.19623696914818678
137.353,1.435859060350768,0.40671336971275623,-3.025379427809086,0.1047917252158788,0.2112447738747077
137.44,1.4270287845887177,0.40560308783442545,-3.007438709022783,0.1022965877853971,0.20621515846327607
137.473,1.4236847982786502,0.40514053274129325,-3.0006336082315532,0.10229775970235118,0.20621517549172091
137.52200000000002,1.4197369846092442,0.40456455419934245,-2.992591215969546,0.08142060226241767,0.16413045432666007
137.596,1.4111526207343248,0.4031999291551404,-2.9750777072505112,0.11746151215877679,0.23666903674376202
137.651,1.4056493577108695,0.4022451195407807,-2.963816821083583,0.10155414678349839,0.20474338485321697
137.71200000000002,1.3996200078671897,0.40112406125454747,-2.951475087629082,0.10053582757039205,0.20232349925408888
137.77,1.3937240597114549,0.3999537752442023,-2.9393706854779387,0.10363743338405192,0.20869658881284325
137.798,1.3911198995746148,0.3994128647272378,-2.9340090878690455,0.09499083069117961,0.19148562888910073
137.84,1.3869194171864219,0.3985096151705989,-2.9253480449696077,0.10229761850755023,0.20621530712946384
137.912,1.37973733155756,0.3968766661566853,-2.9105005410484632,0.10229699528093203,0.20621533223810914
137.987,1.3720842348635138,0.39501253060407,-2.8946219577893153,0.1050247719916822,0.2117144434553378
138.04600000000002,1.3662407538702859,0.39350207431114637,-2.882455249153584,0.10229729549232303,0.20621540060552135
138.103,1.3606132115704157,0.3919754038410171,-2.8707009696039103,0.1022973340591988,0.20621543069607687
138.151,1.355888416710571,0.39063855521162333,-2.860802627583322,0.10229750222137245,0.20621545876225217
138.181,1.3530403481133617,0.3898082362321326,-2.854822378660144,0.09888783961927691,0.19934163077258318
138.238,1.3475549151113344,0.38815673032010034,-2.843274310414129,0.10050265634630212,0.20259768852662097
138.26600000000002,1.3447218374757757,0.38727661976083366,-2.837294060066208,0.10595125157946023,0.2135803695684601
138.324,1.3389745006101763,0.3854338350167762,-2.825127342278024,0.10406102529582145,0.20977099634802843
138.412,1.330315026216791,0.38251632607624136,-2.808477128364531,0.10383799364416314,0.18920697628970606
138.49200000000002,1.3215208396658717,0.37940656625795505,-2.7951340115927352,0.11659781517288102,0.16678895964741983
138.565,1.3129839821598486,0.3762676958162506,-2.7836375666765494,0.12459764008069907,0.1574855467971115
138.624,1.3058658802587473,0.3735712598541057,-2.77540759823015,0.12901204775776476,0.1394909906169476
138.686,1.2982155472563859,0.37060414224405996,-2.767792085131683,0.1323479061093099,0.12283085642685969
138.745,1.2909027421838795,0.36770646715676114,-2.760770090958627,0.13332169230762195,0.11901685039078924
138.823,1.2815808702654699,0.3639268945937223,-2.7519384178967967,0.12896089088477383,0.11322657771576598
138.905,1.27063294377041,0.3593656068966929,-2.741602098063131,0.14463560645641804,0.12605268089837438
138.96300000000002,1.2632324731194564,0.3562067239364298,-2.7346281995832578,0.13873205705260933,0.12023962896328486
139.036,1.2543695176632337,0.35234291937267165,-2.7262065987712827,0.13244596551920976,0.11536439468462309
139.1,1.2464372860964452,0.3488090529126274,-2.7185968499438,0.13568448956906795,0.11890232542942974
139.16400000000002,1.2381007975563887,0.3450168065670658,-2.710664205929146,0.14310160623827556,0.12394756272892545
139.237,1.229344074000524,0.3409465853149855,-2.702219017503341,0.13228005319834055,0.11568751268229639
139.28900000000002,1.2228340668843143,0.337862122278463,-2.695813388627025,0.13853377506265724,0.12318517069833326
139.33200000000002,1.21777254965885,0.3354260855338775,-2.6899330089794473,0.13063317046964404,0.13675301505992637
139.38,1.212220248316435,0.3327085683093604,-2.682677672658279,0.12878463339231025,0.15115284002442714
139.45600000000002,1.2039008185679945,0.3285407654320172,-2.6715034875898978,0.12243454082620293,0.14702875089970885
139.535,1.1949598443057103,0.32393076858060227,-2.6594232835321505,0.12733516084263125,0.152913975414562
139.604,1.187404263177411,0.31992758874700533,-2.6491551067613694,0.12392131082378467,0.14881415609824006
139.698,1.1768084014701414,0.31414442477321974,-2.634658851888326,0.1284185200996445,0.15421547737281185
139.77800000000002,1.1682617092357386,0.30933289781021067,-2.622880640130128,0.12259992089703255,0.1472276469774539
139.85,1.1604232530560785,0.3048024233975149,-2.612008440870907,0.12574361659776206,0.15100276748923605
139.90900000000002,1.1538212070910046,0.30089760775877655,-2.602797269166505,0.13000629346071982,0.1561215543118278
139.967,1.1476848313479373,0.29719402746428963,-2.594190106276277,0.12357585184286089,0.14839936017636352
140.014,1.1426491427064285,0.29410055895198106,-2.5870929701591616,0.12574397438486434,0.15100289610884493
140.05700000000002,1.138167840816144,0.29130600596074335,-2.5807508471304557,0.12281974870553285,0.14749123322569815
140.108,1.1326442623586126,0.28780679669506054,-2.5728986929693143,0.12820948421314762,0.15396380708124055
140.186,1.1244107809364203,0.2824770238162968,-2.561093224098915,0.1257434794651602,0.1513521650051127
140.258,1.1168903306726439,0.2774860851760515,-2.550067375212595,0.125359545162671,0.1531367900877715
140.31900000000002,1.1105029353928895,0.2731510706777588,-2.540409502185591,0.1265496994615725,0.15832578732792058
140.39000000000001,1.1032401623406862,0.2681112823628312,-2.5293496759617713,0.12450842732890174,0.15577220033549058
140.453,1.0968427455207863,0.26357233804641106,-2.5195360238337297,0.12450856531081787,0.15577225600069017
140.499,1.0924217273980048,0.2603801494765147,-2.512656994560288,0.11854399673729758,0.14954411464005835
140.562,1.0859664694447195,0.25563314460998116,-2.502221806752455,0.12718675346144573,0.16563790171159185
140.631,1.079204271886584,0.25054772932644537,-2.4911681383850883,0.12262339688244879,0.16019809228070467
140.668,1.0756186049614074,0.2478030895459338,-2.4852262790515716,0.12204148195809582,0.16059079279772373
140.727,1.0700307604877173,0.24345803525861062,-2.475882356678667,0.11997258930204688,0.15837156564245758
140.80700000000002,1.0627420993778995,0.2376613018862417,-2.4632874062852297,0.116408962930855,0.15743687991794134
140.852,1.0582568177225091,0.23401806801112238,-2.4553746943502475,0.1284108079698332,0.17583804299965375
140.928,1.051336103140866,0.2282786160703474,-2.442916735094326,0.11830227881414304,0.16392051652529452
141.01000000000002,1.0438708872602513,0.2219218703402064,-2.4292749360484365,0.1195729464941081,0.16636340299861002
141.05800000000002,1.0401711803792366,0.21870524479773523,-2.42243650951972,0.10213542651687854,0.14246721934825435
141.13500000000002,1.0328380572735179,0.21219658680972314,-2.408781888674196,0.12733719761800838,0.17733273825356466
141.217,1.0256818728100205,0.20566999219016976,-2.3953398639447068,0.11811491130670992,0.16392713084744048
141.3,1.018440800484209,0.19888300067820322,-2.381516086163136,0.11957270310116323,0.16655153953699867
141.381,1.0114682228392615,0.19216527328503072,-2.367940801816396,0.11953314430349082,0.1675961030461992
141.471,1.0038477300453992,0.18460801075975555,-2.3524654175230104,0.11924874267382174,0.17194871437094308
141.525,0.9994952324379323,0.18018339599307973,-2.3433182553894607,0.1149363921072002,0.16939189136202532
141.608,0.992977190634828,0.173402289348385,-2.3292659430432296,0.11332238087902685,0.1693049680268834
141.69,0.9859601829388506,0.1658819735904216,-2.3137160753233665,0.12543413374090556,0.18963253316907702
141.77700000000002,0.9795402529041727,0.15879023211809568,-2.299121352539828,0.10995398859972266,0.16775543429351306
141.859,0.9733761760464533,0.15177991418573394,-2.2848041907893433,0.11384027199702978,0.17459953354250984
141.901,0.9698644083974982,0.1476936283639006,-2.276466108920631,0.12828505107731875,0.19852575877885992
141.95600000000002,0.965944151370988,0.1430497975052391,-2.2671220190802552,0.11049637097776698,0.1698925425522626
142.03,0.960373465596198,0.13629627181094175,-2.253709477515711,0.11830511840922928,0.18125056168306763
142.112,0.9544746952392396,0.12893828558731407,-2.239239778745321,0.11500682349932065,0.17645974110233154
142.211,0.9476970798758989,0.12020738609253899,-2.2223370464029117,0.11164457611775723,0.17073467012531604
142.255,0.9444469453367912,0.11591005017838486,-2.2140590164630085,0.12245439039902663,0.18813704408878368
142.321,0.9400072689905389,0.10991691628750982,-2.2025507267882003,0.11300672015478999,0.1743680253758754
142.348,0.9381657342145493,0.10738829262325127,-2.1977650252589997,0.11585661143140731,0.1772482047851055
142.413,0.933810282031604,0.1013043772242116,-2.1862862782066874,0.11511146160073615,0.176596108497119
142.494,0.9285533595813025,0.09375955661393304,-2.1721969634654217,0.11352625641750486,0.17394215729960089
142.565,0.9239936729421724,0.08702595576792713,-2.1596521883361124,0.11453754821230186,0.17668697365224867
142.644,0.9190698907634431,0.07954143418472645,-2.145471739452283,0.11340365975283921,0.17949935295984698
142.68,0.9168134661400151,0.07603239123531115,-2.138864783239885,0.11588639372930479,0.18352656145550034
142.73000000000002,0.913735056267885,0.07116122537284908,-2.1296670317659534,0.11524732396099983,0.1839550294785867
142.78400000000002,0.9105924557276491,0.06608353431976352,-2.1201754838759115,0.11058344549579083,0.17576940537113997
142.84300000000002,0.9071337912774176,0.060366120666563265,-2.109278317245498,0.11325684312200102,0.18469773949854007
142.877,0.9052572649151036,0.05720317107653845,-2.102999137643816,0.10816814292188537,0.18468175299069495
142.934,0.9023284867835871,0.05217042607736979,-2.092358563036075,0.1021562897312098,0.18667674750426624
143.0,0.8988712465429203,0.04606153482031425,-2.0790230064143382,0.10635355912744675,0.20205388820812567
143.08,0.8948503576851548,0.03870775194556186,-2.063099959023957,0.10476586229502026,0.19903809237973522
143.16500000000002,0.8908142759005828,0.031033442644925652,-2.046632003713912,0.10201090884983641,0.19374065070639196
143.225,0.887920756365094,0.02533526954863954,-2.0344906882813443,0.10651243007473306,0.20235525720955153
143.262,0.8861071412784706,0.02167393220378198,-2.026728209569653,0.1104297695015395,0.20979672193756582
143.309,0.8840045773084504,0.017337487015013586,-2.0176102227726327,0.10253803216999938,0.19399971908555183
143.347,0.8823420042631007,0.013835784529653032,-2.010258884701751,0.10200914299326733,0.19345626502315078
143.404,0.8798314793460512,0.008417455831896918,-1.998913729583871,0.10476640276967578,0.19903780908565283
143.467,0.8770959260948865,0.00232278947411957,-1.9862290547971693,0.10603864819584001,0.20134404423330832
143.49200000000002,0.8760445875333228,-7.611563408056091e-05,-1.981253111610778,0.10476685345414463,0.19903772745560125
143.56400000000002,0.8731644943108596,-0.006820532648480088,-1.9673204731904232,0.10185594273221413,0.1935088669493657
143.649,0.8696864373454454,-0.015332131587643353,-1.949859876634235,0.10817402150307832,0.20541878301402894
143.71200000000002,0.8674698902215112,-0.02098988364915317,-1.9383156968524713,0.09645158069217749,0.18324094891683582
143.764,0.8654315881147046,-0.02636987043608944,-1.927394714329621,0.11063783156323331,0.21001889467022702
143.83,0.863037310327216,-0.03292548790598472,-1.9141449307741036,0.10574486175992542,0.20075429629571095
143.892,0.8609218754868238,-0.03895595634361862,-1.902003645577066,0.10307652277641016,0.19582718059743504
143.93900000000002,0.8593088389625466,-0.043719031341922315,-1.892449849042773,0.10699561950411543,0.20327226668697265
143.95600000000002,0.8587484774519134,-0.0454096194903046,-1.8890662131087517,0.10476689085232344,0.1990374078836571
144.01000000000002,0.8570065015833265,-0.050792142418380815,-1.8783181942319533,0.10476643464974411,0.19903738660736886
144.04000000000002,0.8560949012280838,-0.053690395087123144,-1.8725461107250647,0.10127456486398095,0.1924027835629469
144.118,0.8537557763667039,-0.06141079531582015,-1.8572202361536716,0.10342275574102601,0.19648557142818102
144.175,0.8521005214973177,-0.06714852018681894,-1.8459223053418745,0.1047668935962528,0.19820931248761123
144.214,0.8509499384360261,-0.07128695091626842,-1.8377656900267478,0.11013842907497218,0.2091439824392139
144.27700000000002,0.8492744175601488,-0.07756263853856434,-1.8254253809651235,0.10310330300470665,0.1958779216130327
144.351,0.8473761661443061,-0.08507933463648315,-1.8106966274673297,0.10476597338531399,0.1990372094296892
144.423,0.8455418610028202,-0.09282737476663297,-1.795621053980564,0.11058626144851395,0.20938296509396154
144.47,0.8445593026739944,-0.09720760069639563,-1.7870921607482764,0.09551224757348217,0.18146581345293822
144.52200000000002,0.8433964967364841,-0.10263015270281844,-1.7766097055927115,0.10665050327406407,0.2015856760684746
144.584,0.8420875232174871,-0.10909932401200934,-1.7640703680455043,0.1064559983225681,0.2022473797937179
144.633,0.8411255749889349,-0.11414194960004889,-1.7543175510162685,0.10476648875474,0.19903708222927535
144.708,0.8397485690651084,-0.12187779411374526,-1.7393897715520799,0.10476592801042667,0.19903705952254566
144.773,0.8386483452968637,-0.12859813401592673,-1.726503814055836,0.10476624952390745,0.19824549994222052
144.8,0.8382169013891693,-0.1313937404767051,-1.721129814499057,0.10476676904988241,0.1990370206213312
144.84300000000002,0.8376053556894727,-0.1355395434482865,-1.7131683340888357,0.09745731803350144,0.1851507072144207
144.882,0.837012796475208,-0.139793905680067,-1.7050078171603698,0.11013924729461119,0.20924402380688825
144.89700000000002,0.8367909748715144,-0.14145543351596163,-1.7018232253183703,0.11175130271798128,0.21230612279975644
144.961,0.8359690192547334,-0.14800432373467107,-1.6892838956145486,0.10312923065739053,0.19592702662223493
145.026,0.8352626074912103,-0.1542504805288137,-1.6773416777880865,0.09670732063447136,0.18372642809942333
145.095,0.8345035872084383,-0.16186065226212365,-1.6628636582876952,0.11083955793612607,0.20982636957092357
145.14100000000002,0.8340907064441989,-0.16655703200517416,-1.6539069961667086,0.1024889989402664,0.19471004610831827
145.21300000000002,0.8335260099571064,-0.1739491518759373,-1.639843460474138,0.1029674660074328,0.19532688461902675
145.27800000000002,0.8330818980140453,-0.18105938897067997,-1.6263089503533839,0.10960143712769592,0.20822323262699557
145.359,0.8326868393365885,-0.18932645907154164,-1.6105944728117685,0.10217906243633228,0.19400589557552506
145.425,0.8324561486322697,-0.19623718823247568,-1.597500500941113,0.10476634080410571,0.19839351319174292
145.506,0.8322945626568824,-0.204931261408857,-1.5810324024620812,0.10735277340710773,0.20330985776585198
145.55700000000002,0.83226648709049,-0.21016950838870624,-1.5710805595990303,0.10271220035241345,0.19513417378525102
145.627,0.8323171699490931,-0.21768790174146257,-1.5568220468236844,0.10740805974293745,0.20369303964781763
145.68300000000002,0.8324312610112667,-0.22355370703255806,-1.5456759810887524,0.1047663345166472,0.19903688812374526
145.751,0.8326496479312957,-0.2304648215780181,-1.5325395460971225,0.10168476661706151,0.1931828675240151
145.80100000000002,0.8328790122941514,-0.23577844600189182,-1.5224776473722765,0.10637144829120787,0.20123797449687372
145.88400000000001,0.8333719852144583,-0.24454510715585237,-1.5068688574102413,0.10578928687020933,0.1880577103859697
145.91400000000002,0.8336077628323113,-0.24807057184320697,-1.500994526142021,0.11777800373236894,0.1958110422740041
145.953,0.8339263518067749,-0.2524092328256014,-1.4938611866836997,0.11154723824830645,0.1829061399570158
146.007,0.834414473475889,-0.2583741814989917,-1.484301873879849,0.11083124543971846,0.17702431118241357
146.067,0.8350492272256683,-0.2652626247971027,-1.4733332863766528,0.11529378343333947,0.1828097917199294
146.104,0.8354358054276377,-0.2690989364026075,-1.467219647129504,0.10420918390806218,0.1652334931661565
146.17100000000002,0.8363055120343467,-0.27698939815225,-1.454632742040198,0.1184813086334821,0.18786425506424725
146.20000000000002,0.836708632909732,-0.2803675550753014,-1.4492383538189553,0.1173146355158823,0.18601338693943126
146.246,0.8373356851778989,-0.2853409140995191,-1.4414310385140132,0.10897246172913076,0.16972424575963838
146.297,0.8381207067629941,-0.29118448717555173,-1.4331055657254173,0.11560915539205116,0.1632445644823132
146.324,0.8385969210281476,-0.2945681127820904,-1.4287049178325633,0.1265545435719011,0.16298695899450036
146.363,0.8393152985704332,-0.2994829516252778,-1.4224959542386841,0.12736056987375247,0.15920419471490133
146.437,0.8406793720227198,-0.308292422937037,-1.4117480901091741,0.12046558781680658,0.14524140715551656
146.508,0.8421745004357459,-0.3173155718942989,-1.4012627048952404,0.128819450081798,0.14768148188639466
146.577,0.8437653701453666,-0.32637860675248265,-1.3933190604788106,0.1333565412014587,0.11512528139755278
146.62,0.8449646710193602,-0.3329911670323899,-1.3900349589826861,0.15628923700619377,0.07637445339823191
146.678,0.8465006112289469,-0.34135766589749084,-1.3888909615747103,0.14666062443466404,0.019724093240965974
146.71200000000002,0.8474185158188223,-0.3463483515604805,-1.3889231577645385,0.14924693380972345,-0.0009469467596521734
146.775,0.8491456013795429,-0.35574277897985823,-1.389077776993796,0.15161687658973813,-0.0024542734802803874
146.84,0.8508445700077353,-0.36499056684828624,-1.3891374346158798,0.14465472039416946,-0.0009178095705186263
146.893,0.8523004432678277,-0.37291728172076755,-1.3891418884348836,0.15206233336555733,-8.403432082688314e-05
146.92100000000002,0.8530558163474568,-0.37702710685358476,-1.3888008511177683,0.14923807814715132,0.012179904182681384
146.979,0.8546287958093178,-0.3855380708588714,-1.387001687945782,0.1492258786794023,0.031020054689422014
147.025,0.8559167215766493,-0.3924321394308661,-1.3850447220480187,0.1524639073120684,0.042542736907907074
147.049,0.8565796459796547,-0.3959512965490134,-1.3837462592886165,0.14921051256382423,0.054102614975087636
147.115,0.8584135928601156,-0.4055273082906402,-1.378802769264144,0.147727942528489,0.07490136400715587
147.15800000000002,0.859606674785544,-0.4116166669770256,-1.3749506428665155,0.14430552756267875,0.08958433482855772
147.24800000000002,0.8620376316438707,-0.4236113267326223,-1.3651069127159257,0.1359835746705951,0.10937477945099378
147.324,0.8641971614904103,-0.4337406552337392,-1.3549473338373277,0.13627594484842345,0.13367866945524812
147.41,0.8666306721164316,-0.44455100556340604,-1.343671493922632,0.1288473089280503,0.13111441761276482
147.488,0.8690614864754882,-0.4548204480217396,-1.3329325967916892,0.13529760391855825,0.13767816834541505
147.56300000000002,0.8714404097153027,-0.4644238272408183,-1.3228648789101625,0.13191523757074244,0.1342362384203257
147.637,0.8737304594974454,-0.4733014762846972,-1.3132565296774705,0.12389539738965777,0.12984255719856802
147.715,0.8764832996462514,-0.4835223162591905,-1.301995384431095,0.13570602065345494,0.14437365700480936
147.81300000000002,0.8799304826772487,-0.49572216688376936,-1.2881056525193588,0.12936241387035338,0.14173195828300283
147.90200000000002,0.8829769616024067,-0.5060052532885236,-1.274559132666627,0.12050419047847699,0.15220808823294402
147.976,0.885588626393619,-0.5143994537629513,-1.2620852399723677,0.11879861435149738,0.16856611749002812
148.056,0.8885698330278837,-0.5235245244387913,-1.247705846150407,0.11999642431862183,0.17974242277448116
148.12300000000002,0.8911122678457631,-0.530974201824627,-1.2357123370732959,0.11748617030529995,0.17900759816581716
148.203,0.894060023992902,-0.5392616494135963,-1.2215683910829085,0.10995102165491394,0.17679932487987735
148.264,0.8971165988784552,-0.547482260029165,-1.2064152838956217,0.1437781452285361,0.24841159323418108
148.376,0.9005087945457031,-0.5561543371612475,-1.1871267398035281,0.08314217121139297,0.17221914367941496
148.42700000000002,0.9020157793064464,-0.5598393906800527,-1.1769475995852452,0.07806439269099226,0.199590984672151
148.518,0.9049458697082599,-0.566692521848256,-1.154812174126014,0.08190377317799595,0.24324643361797932
148.56900000000002,0.9065354274659353,-0.5702336564493787,-1.1426821641785745,0.07610856520722735,0.23784333230266025
148.65200000000002,0.9093102869931237,-0.5761554799327627,-1.1223315269886902,0.07879171611334841,0.24518839987812854
148.732,0.9120589058376722,-0.5817310409776455,-1.1029505734667389,0.07770314757725108,0.24226191902444008
148.804,0.9146223750765631,-0.5866979059466018,-1.085483342984564,0.07763021984818222,0.2426004233635297
148.883,0.9176094679551181,-0.592231128671831,-1.0658327020644114,0.07959527248143584,0.2487422901284905
148.91400000000002,0.9188027675873107,-0.5943715947070892,-1.05844411756472,0.07905239282873516,0.23834143547387346
148.96200000000002,0.9207961074623543,-0.5978705260266606,-1.0473829443178195,0.08389375162065016,0.23044110931041561
149.00300000000001,0.9225780330088897,-0.6009256345269286,-1.037934394472603,0.08626338829714592,0.23045243524920306
149.05,0.9246561438963249,-0.6044069538458854,-1.027102954599976,0.08626375028602064,0.23045616750271714
149.116,0.9276377334185868,-0.6092571812769082,-1.011892843366738,0.08626334183271195,0.23045623080662608
149.18,0.9305754917655656,-0.613879975722796,-0.9972262494994368,0.08558258043989597,0.22916552917660618
149.258,0.9339348169465801,-0.6189849362305306,-0.9797006848763133,0.07834758720594844,0.22468672593747213
149.339,0.9370436617698342,-0.6235267433260926,-0.9604830515751914,0.06794939686805468,0.2372547321126489
149.40200000000002,0.9393532753862117,-0.6267745549667506,-0.9442522675782546,0.06325868917504965,0.2576314920148017
149.487,0.942297272264963,-0.6307544350967264,-0.9232163577156635,0.05824012276010461,0.24748129250113235
149.579,0.9456258011485353,-0.6350517092967535,-0.900057033479264,0.05908253142620898,0.25173178517821926
149.621,0.9473485115108844,-0.6371983205513988,-0.8888830608243927,0.06553318243071868,0.26604696797311606
149.684,0.9501284338329521,-0.6405725764457361,-0.8752188643117206,0.06939534946151045,0.2168920081376938
149.732,0.9532405676770896,-0.6442577452149445,-0.8638344399738495,0.10048892179426579,0.2371755070389728
149.781,0.9561390166975041,-0.6476164078160508,-0.8535812184821336,0.09053872084186482,0.20924941819825377
149.836,0.9594411218096919,-0.6513595615768145,-0.8420418697478401,0.09075459280530213,0.2098063406234925
149.9,0.9634103396774318,-0.6557461887941878,-0.828365599615447,0.09243503423038422,0.2136917208186664
149.947,0.9664264201024809,-0.6590003116258561,-0.8181083934382068,0.09440206753503892,0.21823842930299517
150.0,0.969859202289106,-0.6626240000458025,-0.8065690330465174,0.09417931909841269,0.217723780975284
150.04600000000002,0.9728529855004276,-0.665716919011141,-0.7965491534091755,0.09357650459871729,0.21782347037689886
150.096,0.9758333967510873,-0.6687354544865948,-0.7867483885461054,0.08483963139864137,0.19601529726146952
150.12300000000002,0.9776495032790916,-0.670546058726721,-0.7808090905919217,0.09498054551661282,0.2199739983029754
150.197,0.9827070761789133,-0.6754773978760356,-0.7644192631038288,0.09545664101869339,0.2214841552445473
150.257,0.9864174402915497,-0.6789929984488733,-0.7521181301126102,0.0851897379645297,0.2050188831869689
150.31300000000002,0.990081812317458,-0.6823787636043966,-0.7394484682270382,0.08909090897177695,0.22624396224230936
150.365,0.9932241117285502,-0.685214328210156,-0.7285459985734999,0.08139517576895014,0.20966287795269103
150.44,0.998181161797028,-0.6895629287953249,-0.7114391484742486,0.08792185664882164,0.22809133465671833
150.499,1.0018869919040652,-0.6927175533753055,-0.6987362433243376,0.08248655235493449,0.21530347711714498
150.559,1.0060537861509289,-0.6961692345801787,-0.684687988882194,0.09017926196035107,0.23413757403571842
150.618,1.0099097649782867,-0.6992770631444498,-0.6717021690734108,0.08394053226304023,0.22009864082684163
150.678,1.0139878864184995,-0.7024745940933441,-0.6578955848716678,0.08637013155641085,0.23010973669570922
150.74,1.0180841043576272,-0.7055951111073188,-0.6438472998882411,0.083055320254091,0.2265852416681293
150.775,1.020418272575005,-0.707332990134541,-0.6358973909575206,0.08314513880166985,0.2271402551634636
150.83100000000002,1.024141380047058,-0.7100461417863618,-0.6233644280230882,0.08226450839378442,0.22380290954338938
150.898,1.0286828118774802,-0.7132601207706654,-0.6080989301402585,0.08303963628569923,0.22784325198260497
150.95600000000002,1.0325626309705729,-0.7159241964447437,-0.5950889838930821,0.08114500055724821,0.2243094180546844
151.006,1.0360147289382104,-0.7182331003591058,-0.5837292348380274,0.08306146558768607,0.22719498110117065
151.078,1.0411201284447407,-0.7215461011213358,-0.567589456540859,0.08452969720204112,0.22416358746066364
151.142,1.0459845404521904,-0.7245993637144421,-0.5532758565604158,0.08973827591519169,0.2236499996944502
151.196,1.0500634475696036,-0.727087026839826,-0.5418013014639245,0.08847502243349815,0.21249176104612738
151.243,1.0540436404321274,-0.7294607315387892,-0.5328802660387584,0.09860137639167373,0.18980926436524792
151.305,1.0600586805815733,-0.7329651509065813,-0.5225939692394621,0.11228130912567778,0.16590801289184365
151.387,1.0686827445504823,-0.7378616832460388,-0.5100977191519862,0.12094124972509974,0.15239329374971794
151.44400000000002,1.0745859973780691,-0.7411343820333988,-0.5023261002229693,0.11841644084479731,0.1363441917370994
151.51600000000002,1.0815873218072436,-0.7449410667077679,-0.49352123472493886,0.11068441678111945,0.12228979858375152
151.565,1.0877407763758467,-0.7482213467309973,-0.48587646770020854,0.14230979715678949,0.1560156535659945
151.61100000000002,1.0930504966694583,-0.7510040017905945,-0.47944626301622656,0.13031933074749463,0.1397870583473714
151.668,1.0996043932709976,-0.7543791044291203,-0.4714430600863383,0.12933154191041507,0.14040706894543784
151.741,1.1073790525096385,-0.7582929240833685,-0.46092321445912277,0.11923578398682001,0.14410747434540339
151.804,1.1142146688081347,-0.7616460304022251,-0.4508556744970454,0.12085294851174298,0.1598022216203058
151.852,1.1192299941095258,-0.7640511677478374,-0.44330099831853337,0.11587936272582189,0.1573890870523278
151.89600000000002,1.123727034853368,-0.7661683283636189,-0.4365500123223389,0.11296562165553872,0.15343149991347133
151.94400000000002,1.1292067846846638,-0.7686982777233038,-0.42835238800014797,0.12574138123517037,0.17078384004563843
152.0,1.134923201611793,-0.7712797511041951,-0.41983328996699754,0.11200490164007892,0.15212675059201766
152.062,1.1419933455474134,-0.7743927802493696,-0.40962227458262135,0.12459913426000947,0.16469379652216518
152.115,1.1477514458522147,-0.7768660493717943,-0.4016760036742646,0.1182415049661163,0.1499296397803239
152.162,1.153014104154207,-0.7790799789650987,-0.3945985075173904,0.12147623852743128,0.15058502461435408
152.21800000000002,1.1587691810178735,-0.781451159623602,-0.386889846451368,0.11115036156890544,0.13765466189322892
152.285,1.1668870587458755,-0.7847070352613346,-0.37556471034860606,0.13054426651176765,0.16903188213082831
152.33800000000002,1.1727972157199498,-0.7870080469635224,-0.36680307993416933,0.11966580126072972,0.1653137814043864
152.41500000000002,1.1810818561225453,-0.7901340683458892,-0.35457624331377874,0.11499725097606493,0.15879008597910232
152.481,1.1878165124090798,-0.7925893648238218,-0.34443761171704235,0.10861013175154481,0.15361563025364203
152.55,1.1954189885892557,-0.7952643067297301,-0.33164802205332106,0.11680202631913819,0.18535637193794452
152.655,1.2050274166220283,-0.7984753461172748,-0.31272079624415855,0.09648360015232683,0.18025929342061284
152.74,1.2133520446484205,-0.8010837817168571,-0.29407625958830735,0.10263205220150919,0.21934749006881707
152.815,1.220054235193449,-0.8030563751131408,-0.27793337089617626,0.09315266590943404,0.21523851589511386
152.899,1.227048711719542,-0.8049853377913697,-0.2598994270540113,0.08637608179821499,0.21468980764481266
152.99,1.2348918312764663,-0.8069829032145295,-0.238194611329471,0.0889395942164882,0.23851445851141048
153.035,1.238454340310754,-0.8078297612317538,-0.2280108233184721,0.08137290816404726,0.22630640024448279
153.115,1.244938993293149,-0.8092712833132967,-0.20900536395539104,0.08303680491735098,0.2375682420384762
153.166,1.249001563681777,-0.8101078490367623,-0.1968544875808514,0.08132959029582626,0.23825247793220744
153.22400000000002,1.2535758149208847,-0.8109878143403592,-0.18295768255447037,0.08031247190368758,0.2396000866616544
153.257,1.2561736541390076,-0.8114582203035806,-0.17499529252886328,0.08000258474622331,0.24128454623061252
153.30100000000002,1.2596387326003982,-0.8120520004508377,-0.16409754433749246,0.0798996775626745,0.24767609525836504
153.347,1.2629613976240797,-0.8125840898888057,-0.15315399289414589,0.07315216431809914,0.2379032922467047
153.40300000000002,1.2669934497117548,-0.8131783186291061,-0.13919718003391815,0.07277865133244438,0.24922880107544365
153.46,1.2709322218860875,-0.8137038051120349,-0.1255189008644802,0.0697135286751882,0.23996980999019024
153.50400000000002,1.2741714640092232,-0.8140945163858699,-0.11430305997049373,0.07415273783764785,0.25490547486326437
153.572,1.2789821255855036,-0.8146073896186096,-0.09763127330593933,0.07114593376656601,0.24517333330232943
153.648,1.2846796288762754,-0.8151102037964093,-0.07795846891870527,0.07525851780617149,0.25885268930573385
153.68,1.2869903037543153,-0.8152821997564754,-0.06999702492980067,0.07240835399861942,0.24879512465318554
153.73000000000002,1.290599967626365,-0.8155131890147672,-0.05753699761830886,0.07234094084713426,0.24920054622977955
153.758,1.292549175965335,-0.8156195349707208,-0.05084359027963963,0.06971811511602279,0.23905026209540148
153.83100000000002,1.2979032331551483,-0.8158434542951655,-0.03240422302957746,0.07340736385950748,0.2525940719186339
153.892,1.3018637373986828,-0.8159457654558722,-0.018979245255753053,0.06494795931477439,0.2200816028496576
153.972,1.3081639743358726,-0.816000854141452,0.0017679169237212163,0.07875597222195053,0.2593395272433878
154.04500000000002,1.3138008491113817,-0.8159392837360115,0.02032424004522721,0.07722206884680549,0.25419620714389163
154.098,1.3177830809081965,-0.8158327060347778,0.033437376321312405,0.07516335334927957,0.24741766558652584
154.18200000000002,1.323898902829185,-0.8155673294532925,0.053414388792116685,0.07287591426718389,0.23782157703337528
154.262,1.3303718200895078,-0.815158479197834,0.07264367593724678,0.08107270694258654,0.24036608931417408
154.347,1.3376479931230807,-0.8145571740713042,0.09240497087641589,0.08589384441223567,0.23248582281373234
154.42600000000002,1.3444141985729101,-0.8138696099803858,0.11043541819780274,0.08608924000930307,0.2282335103972796
154.51000000000002,1.3516564323381297,-0.8130007604995478,0.12841253640921868,0.08683530274644188,0.21401331204065785
154.585,1.3589328228710944,-0.8119977220260582,0.1460098291225852,0.09793598396007684,0.23463056951158914
154.67600000000002,1.3666093320085089,-0.8107959159637343,0.16474684640306356,0.08538477827373221,0.20590128879644698
154.74200000000002,1.3731328576430397,-0.8096603357515758,0.18055037003824229,0.1003276646516299,0.23944732780572925
154.805,1.378814385315428,-0.8085831674645779,0.1944252663765689,0.09178947756219887,0.2202364498147495
154.864,1.3840994302983085,-0.8075082370682005,0.20742078028187697,0.09141106450643528,0.22026294754760364
154.916,1.3887837918330017,-0.8064949111016237,0.2188706335794747,0.09216750673731268,0.2201894864922959
154.975,1.394097228568668,-0.8052773318460714,0.23188456687410322,0.09239248616010629,0.22057514058693345
155.02,1.3981190433743556,-0.8043077837473929,0.24177002776054635,0.09193400168125818,0.2196769085875473
155.05700000000002,1.4014362455589968,-0.8034757926698283,0.24993848371217087,0.09243100791905318,0.2207690797735991
155.104,1.4055175249939664,-0.8024131587413126,0.26006430340360764,0.08973083005093649,0.21544297215824287
155.162,1.4106677109928771,-0.8010084711633512,0.2728139515548135,0.09203984269973559,0.21982151984840484
155.232,1.4168901650227081,-0.7992158571176806,0.288487778227575,0.09250747269330627,0.22391180961089982
155.303,1.4230047606074347,-0.797350414339697,0.30391773476386486,0.09003972753047114,0.21732333149704666
155.368,1.4286236892773296,-0.7955457958198269,0.31801607440982205,0.09079400887310288,0.2168975330147336
155.42700000000002,1.4337237598526416,-0.7938307513555763,0.33107124113978426,0.09119856479712427,0.2212740123721436
155.477,1.4379419071402226,-0.7923555813094323,0.34200698811860225,0.0893731351241118,0.2187149395764345
155.52,1.4418602475670097,-0.7909393523512895,0.3522914784338366,0.0968936015294352,0.23917419337750817
155.57500000000002,1.4463648141202778,-0.7892534029365674,0.36449460289669744,0.0874497168612536,0.22187499023380552
155.608,1.4491643430135412,-0.7881736213026046,0.3722187735759809,0.0909257075786833,0.23406577816019608
155.654,1.4528041772861695,-0.7867319393777896,0.38245416860420767,0.08510762758101169,0.22250858757018502
155.72,1.458064821260585,-0.7845701180157724,0.3976406293112637,0.08617449600605334,0.23009788950084037
155.824,1.46586192559129,-0.7811918343436214,0.42037678212048774,0.08170680446926896,0.21861685393481825
155.872,1.4695970521265889,-0.7794981306895775,0.43140517868689937,0.08544156726078098,0.22975826180023368
155.952,1.4761509613376487,-0.7764038580325356,0.45097028457413646,0.09059546865647486,0.24456382359051226
156.04000000000002,1.4828804370395614,-0.7730617633543445,0.4712434658582438,0.08538276728927224,0.2303770600466158
156.084,1.48622893041635,-0.7713345713497719,0.48137610890500865,0.08562965652135364,0.23028734197201922
156.16500000000002,1.4921548380635812,-0.768171023475276,0.49964939557593946,0.08293174070571091,0.22559613173983842
156.255,1.4990803040088532,-0.764294856753964,0.5211457397255179,0.08818243366023873,0.23884826832871597
156.357,1.506576858844867,-0.7598758055472934,0.5438186824656904,0.08531459522977727,0.222283752354624
156.441,1.5134583259729233,-0.7556292457685421,0.562115852428869,0.09626519065348085,0.2178234519425934
156.525,1.5201714825527797,-0.7513171651550763,0.5800357708542264,0.09498516300379577,0.21333236220662824
156.625,1.5278383274961254,-0.7461807303240398,0.6007754967062511,0.09228405829762819,0.2073972585202584
156.723,1.5358708389098086,-0.7405436171916912,0.6235286977623802,0.10013437664389979,0.23217552098087796
156.798,1.54139025836646,-0.7365045022751462,0.6403611280287413,0.09119302161170295,0.22443240355151622
156.882,1.5473370431147928,-0.7319876291419637,0.6590964924414782,0.0889010696814933,0.22304005253257275
156.958,1.5525659819612037,-0.7278674077738614,0.6759141250347124,0.0875944539481755,0.2212846393846799
156.982,1.554456404757326,-0.7263422048679332,0.6820687504015427,0.10120748637931323,0.25644272361792
157.05100000000002,1.5589569156024319,-0.7226327369320764,0.6968607000210973,0.08452487796855743,0.21437608144276882
157.121,1.5639815604070315,-0.718355677110651,0.7137058276826703,0.09426438733738177,0.24064468087963742
157.174,1.5674142316450395,-0.7153487438894859,0.7252814961388347,0.08610242359839666,0.21840883879556638
157.20600000000002,1.5696954588897578,-0.7133111646070186,0.7330317753232128,0.0955847907413788,0.24219622451173461
157.27700000000002,1.574407898163714,-0.7089995517404362,0.7492161871341386,0.08996140747429524,0.22794946212572179
157.35500000000002,1.5793093464041934,-0.7043628357818079,0.7663124041195039,0.08650125480794307,0.21918226904313567
157.437,1.58438572856107,-0.6993889782971355,0.7842755847782578,0.08667027276360895,0.21906317876530856
157.496,1.5883538839927085,-0.6953738235289947,0.7985985278278968,0.09568051871175458,0.242761746604061
157.555,1.5920758949510638,-0.6915007766154146,0.812233713240692,0.09104370715612109,0.23110483750501476
157.639,1.5970970924212518,-0.6861017866008735,0.8314292715124927,0.0877741229349035,0.22851855085476086
157.685,1.5997328874180246,-0.6831812597692144,0.8420643054229124,0.0855232207367586,0.23119638935699005
157.757,1.60366071924069,-0.6787091985330601,0.8583649498018696,0.08266770567486424,0.22639783859661888
157.817,1.6070783798020634,-0.6746952219930151,0.8728026576287009,0.08786418082092574,0.24062846378051242
157.899,1.6115088434308773,-0.6693114129581977,0.8918976823900445,0.08502930845943556,0.23286615562615973
157.95600000000002,1.6144435335420486,-0.6656271755441219,0.9049862801765739,0.08263513862014638,0.22962452257062488
158.042,1.618421588137323,-0.6604644281500057,0.9240108296796584,0.07578584068088495,0.22121569189637194
158.14000000000001,1.6230001731017576,-0.6542555977298021,0.9471714487838327,0.07871906052368126,0.23633284800174706
158.193,1.6259160661623442,-0.6501373996617507,0.9624491023655573,0.09520730724190438,0.28825761474953376
158.257,1.6286343098939933,-0.6461743240072889,0.9769992438632005,0.07508916839247548,0.22734596090070036
158.339,1.6321134951420864,-0.640914057959276,0.9962934296315415,0.07691161758445501,0.2352949483944217
158.4,1.6347107335680997,-0.6368331799836149,1.0120980580456849,0.07929956147308072,0.25909226908428673
158.448,1.636929394479542,-0.6332296637183219,1.0259264870679954,0.08816164947669282,0.2880922712981249
158.525,1.639797911926938,-0.6284014121230588,1.0435250795807045,0.07293616314938109,0.22855314951570826
158.598,1.6426565127186836,-0.623396047583983,1.060477942276912,0.07896077761459222,0.23223099583843423
158.66400000000002,1.6452463664644426,-0.618683966836307,1.07618016939503,0.08146817306445898,0.23791253209268753
158.722,1.647537259216289,-0.6143670354276147,1.0896752013622377,0.08426094453556497,0.23267296495188788
158.781,1.6499266522675422,-0.6097133640612528,1.103404102442076,0.08866505947689704,0.23269323864133634
158.841,1.652390495270598,-0.6047523358131729,1.1167603688605816,0.09231937864156171,0.2226044403084186
158.91500000000002,1.6556745894028064,-0.5979054640251821,1.1306003631156927,0.10261814402208257,0.18702694939336176
158.988,1.6594153845313278,-0.5898484635380719,1.1416175780953943,0.12168579203848065,0.1509207531466412
159.06,1.6630959513555053,-0.5816937633421891,1.1520648589582618,0.12426148150366641,0.14510112309537648
159.145,1.6674710852685988,-0.5716965101489124,1.1646396599758801,0.12838462334382708,0.14793883550137815
159.211,1.670739788126375,-0.5639909171339202,1.174853174041554,0.1268215144606873,0.15475021311626436
159.27,1.6734511705798067,-0.5574211403282971,1.184231619333195,0.12046253157039509,0.1589566998583288
159.356,1.677050617870207,-0.5484010264877675,1.198447084658181,0.11292755691806032,0.16529610843009954
159.43200000000002,1.68015697386638,-0.5402848184691363,1.2124550277923323,0.11434678400018831,0.18431504123878026
159.488,1.6822543022664118,-0.534597522582235,1.2228256948580023,0.10824451623176862,0.1851904833155918
159.544,1.6842727723526205,-0.5289416707092829,1.2334244554572915,0.10723639056901643,0.18926358213012534
159.607,1.686471558489013,-0.5225535817841115,1.2453629190335649,0.10723669093865967,0.18949942184564467
159.675,1.6886600474712157,-0.5159356711116494,1.2576803790160758,0.10250561814071112,0.18113911738983376
159.752,1.6911663133919637,-0.5079982324295109,1.2724614950780677,0.10810024964535213,0.19196254625964024
159.821,1.693211392412275,-0.501196745202921,1.2851612538951915,0.10293179366345398,0.18405447561052107
159.898,1.6955682178326446,-0.49294020805073957,1.300514690536978,0.11151075573021844,0.19939528106216647
159.977,1.6976640515775856,-0.4851612797359299,1.314920381228987,0.10197869715223842,0.18235051508870267
160.038,1.6993482960634132,-0.4785651555344663,1.326999302373999,0.11160254800204643,0.19801510073788003
160.084,1.7004896244781496,-0.4738967623369567,1.3354867055256472,0.10447574947868742,0.1845087641662962
160.16400000000002,1.7023756822906158,-0.4657730313411098,1.3502071047335449,0.10424746651959547,0.1840049900986924
160.229,1.703917383854181,-0.4586885049235701,1.3630642688997079,0.11154361608452595,0.19780252563328393
160.28300000000002,1.7050549023794361,-0.4531614496873374,1.3730466554233898,0.1044980949342032,0.1848590096978057
160.315,1.7057372665725643,-0.44970348989952397,1.3792236421848652,0.11014508713923708,0.19303083629621254
160.346,1.7063644150094732,-0.44642309752599263,1.3849023671330305,0.10773560579357334,0.18318467574723435
160.401,1.7075127149395304,-0.44021274523131887,1.3939176999507674,0.114829472349678,0.16391514214065095
160.464,1.7088801556678905,-0.4324094003990037,1.402605465881828,0.12575003972648363,0.13790104652479868
160.493,1.7095513952521446,-0.4284356074055894,1.4054024589975607,0.1389684834713053,0.09644803847354866
160.555,1.7110322278095984,-0.4194826619141063,1.408128006697386,0.14636427873870037,0.04396044677136838
160.62800000000001,1.712838949977315,-0.40843642773526917,1.408858387237179,0.15332894184405854,0.010005212873874417
160.702,1.714597279584747,-0.397684033959257,1.4084923331876513,0.14723262584927352,-0.004946676344968766
160.8,1.7169649931573185,-0.38325043914413537,1.4079076271887176,0.14925007834491377,-0.005966387744220388
160.856,1.718297510485012,-0.3751505595322951,1.407579475813373,0.14658490364966434,-0.005859845988297966
160.95000000000002,1.7205808874733164,-0.3613081760031047,1.4071159551618841,0.14924943962571646,-0.004931070760519175
161.017,1.7222087866926008,-0.3514424860629777,1.4077231262004186,0.14924021868901427,0.009062254306487499
161.041,1.7227650495360718,-0.3480557287356985,1.408477686587066,0.14300564252237483,0.03144001611030929
161.11100000000002,1.7244014460906028,-0.337923300101325,1.4137709723809038,0.14662454044278822,0.07561836848337236
161.169,1.725564474497618,-0.33042943134114844,1.4201896082932597,0.13075140028793525,0.11066613641994352
161.241,1.726903826244119,-0.3213475005299098,1.4288268469240806,0.12750221672680745,0.11996164765028555
161.306,1.7281520643547004,-0.3123311253531724,1.437763475823443,0.14003644471401674,0.13748659845173436
161.351,1.7289561557963167,-0.306183311852165,1.4438507442787034,0.1377816735823241,0.13527263233915804
161.4,1.7297546015934981,-0.29976880246765797,1.4501970450166601,0.13191860466574576,0.12951634159093608
161.441,1.7303875328209866,-0.29443099777019793,1.4555130158238416,0.1311024070050693,0.1296578245654123
161.476,1.7308967166237947,-0.28994392054201223,1.460300416117403,0.1290250100633043,0.13678286553033575
161.547,1.7318214865951997,-0.2811967294821169,1.4710140196679167,0.12388647123105306,0.15089582465512774
161.613,1.7325427026716718,-0.2736113714037827,1.4812136146316952,0.11544799333741197,0.15453931763300224
161.673,1.7331850785271588,-0.2660277024685563,1.4915251906152942,0.1268471096973163,0.17185959972664344
161.73000000000002,1.7336990448250014,-0.25916091787266204,1.5008539989061975,0.12080688511350798,0.1636633033491341
161.78300000000002,1.734111760681197,-0.252892524238822,1.5093818133939034,0.11852765482322873,0.1609021601454026
161.80800000000002,1.7342773270355893,-0.2501188783869406,1.5131307676563757,0.11114332029852178,0.1499581704988554
161.883,1.7347504478466684,-0.24094972526263955,1.5255186160766894,0.12241801778698427,0.16517131227087448
161.92600000000002,1.7349537596694622,-0.2361217320432196,1.532081059682417,0.11237842231531808,0.15261496757503934
161.97,1.7351596244183016,-0.2302057750587762,1.5401104587921515,0.13453494917645198,0.18248634340312705
162.03400000000002,1.735354714094289,-0.2225963674911298,1.550372983250913,0.11893606261467304,0.16035194466809524
162.078,1.7354493777488664,-0.2170448415873935,1.5572504130379543,0.12618938498110552,0.15630522243281847
162.13,1.735513392156227,-0.21056893714018643,1.5646334687523717,0.12454270829119334,0.14198184066189437
162.187,1.7355348790468919,-0.20270002562966358,1.5711347838478547,0.13805159379953624,0.1140581595698428
162.24800000000002,1.735511174870717,-0.19402922449345306,1.5756956695613071,0.14214481208697408,0.07476861825331067
162.309,1.7354512963473487,-0.18479329161158708,1.5784245215242172,0.1514119177450932,0.044735278080508485
162.358,1.7353954130303886,-0.17762977981681213,1.5785743390405886,0.14619856667970635,0.0030575003341106527
162.43900000000002,1.7353031798547447,-0.165391621610152,1.5780851115867665,0.15109266370991514,-0.006039845108914551
162.495,1.7352446708344884,-0.15718307621926603,1.577756971225382,0.1465848912334529,-0.00585964931043746
162.568,1.735171173509102,-0.14628806897079485,1.5773214394659048,0.1492500705589167,-0.005966188485989844
162.632,1.735110648559696,-0.1367362527127064,1.576934081819392,0.14925012521734604,-0.0060524632267626175
162.68900000000002,1.7350590609202068,-0.12807989168683506,1.5765711869896524,0.15186867970069332,-0.006366575960342256
162.73000000000002,1.7350130434355202,-0.11987125668723893,1.5762270625503294,0.20021375573775216,-0.008393279007877922
162.823,1.7349518882859094,-0.10808064526050999,1.5757327746286645,0.12678247338072599,-0.005314923888871027
162.924,1.734884123950151,-0.09345427747625783,1.5751196071774032,0.14481707683524414,-0.006070964863973086
163.002,1.734839437569842,-0.08255910828823125,1.574675065633698,0.13968283112711585,-0.0056992505603215985
163.05700000000002,1.7348057541560313,-0.07345491627324305,1.5743111276670188,0.1655318968220153,-0.006617053939623334
163.121,1.7347730416820202,-0.06360446591998362,1.57391735860353,0.15391413548010283,-0.006152641617012522
163.198,1.7347397795089108,-0.05211225863323624,1.573457961191236,0.1492500704208094,-0.00596620015966182
163.27700000000002,1.7347121264048009,-0.04076928698647603,1.5730045297777966,0.14358234626012542,-0.005739638144802647
163.359,1.7346875509933575,-0.028232292788970346,1.5724891065356967,0.15289046688087593,-0.0062856492939011585
163.42700000000002,1.734675461563044,-0.018231950982214133,1.571240191834994,0.14706395756203328,-0.018366392657388694
163.483,1.734678994401046,-0.009873027537642177,1.5694575099800476,0.14926650341318817,-0.031833604552624836
163.54600000000002,1.734701478372753,-0.00031999175198441787,1.5673957477316594,0.1516359086459327,-0.03272638489504339
163.601,1.7347373087480928,0.008038861267105374,1.5655917063046665,0.15198054204577768,-0.03280075321806496
163.67100000000002,1.7348010899422162,0.018188789276469847,1.5634010848947018,0.14500183435570294,-0.031294591570915097
163.737,1.734884253663743,0.028040038719526546,1.5612720826553435,0.14926667376748148,-0.03225760968725967
163.75900000000001,1.73491979514814,0.031622301417682276,1.5604427922406716,0.16283813666159896,-0.037695018848685875
163.822,1.7350205263260143,0.04042885531256618,1.5580553594150808,0.13979571377820693,-0.03789575913636966
163.89100000000002,1.7351783618556673,0.05102720055385791,1.5535087819251125,0.1536162385001471,-0.06589242739082785
163.948,1.7353410755463157,0.059535055553268414,1.549753980188143,0.1492879090533444,-0.06587371468368963
164.017,1.7355862592219489,0.06998257883448468,1.5447709470187532,0.1514550707901546,-0.07221787202015505
164.08,1.7358432900271954,0.07908577579325686,1.540320928750467,0.14455277614319004,-0.07063521060769663
164.133,1.7361146558929432,0.08744171240785213,1.536270319636656,0.15774229938539408,-0.0764265870530427
164.197,1.7364487623487244,0.09654238135411586,1.5318580488435964,0.1422937467000121,-0.06894173114156404
164.251,1.7367898632461654,0.1048954859609663,1.5282463588793929,0.15481604021668127,-0.06688314748524893
164.312,1.7371881157212419,0.11399215810543659,1.526085353714127,0.14926861838575983,-0.03542631418468198
164.341,1.7373889929746136,0.1184652288982088,1.5257843641179984,0.15439927696656852,-0.010378951590641464
164.393,1.7377394401684267,0.12621832199871036,1.5254651100906664,0.14925017947308858,-0.006139500525616589
164.43300000000002,1.7380106688079038,0.13218216045314443,1.5252264603272645,0.1492500713681209,-0.005966244085045259
164.508,1.7385161943589569,0.14321509025170015,1.5247849582475808,0.1472600698825272,-0.0058866943957841195
164.577,1.7389850264118,0.1533532604985202,1.52437925361424,0.14708702681301603,-0.005879777294794835
164.654,1.7395208770661519,0.16483301666579642,1.5239198527523388,0.1492500720538439,-0.00596624495975619
164.716,1.7399702729898592,0.1743744533079054,1.5235289907846823,0.15406474061452788,-0.006304225284780654
164.764,1.7402963113983936,0.18123243815266998,1.5229308993909472,0.14303605492993865,-0.012460237369481254
164.81,1.7406354874203884,0.18823954354856684,1.521821015003462,0.1525067267460605,-0.02412792146707518
164.87,1.7410754918120452,0.19703578617712153,1.519484711819779,0.14678734452438533,-0.03893838639471422
164.94400000000002,1.7416813971133638,0.20836532167761743,1.5149034105369446,0.15332062008755423,-0.06190947679504925
164.99,1.742066665053839,0.2150722651364085,1.5118608415081858,0.14604347493656503,-0.06614280497302781
165.06900000000002,1.7427636578402441,0.22639681012748605,1.506696151157618,0.14361991969428867,-0.06537582722237043
165.136,1.743469525820144,0.23697332689389802,1.5012606425031243,0.1582096286350864,-0.08112699484321538
165.192,1.7440706392419056,0.24531298949220376,1.4960667833007029,0.14930889857499277,-0.09274748575750644
165.27700000000002,1.7450725483552458,0.2579649173023207,1.4872109792216954,0.14931219432757936,-0.10418593034125417
165.305,1.7454276516975578,0.2621306064066392,1.484194541876199,0.14931418088797546,-0.1077299051963321
165.37,1.7463004284781865,0.2717967303068645,1.477154088405017,0.1493145605865423,-0.10831466878742065
165.446,1.747377231580475,0.2827936685026341,1.4688971515059128,0.14538857727051202,-0.10864390656716887
165.514,1.7484757984833967,0.2931276885678287,1.4600613559011286,0.15282717749970515,-0.1299381706585682
165.55800000000002,1.7491970228027298,0.29948824285107956,1.4542158012448312,0.1454843991184555,-0.13285351491581718
165.595,1.7498279326225623,0.3047777945443258,1.4490025400800524,0.14397417874857066,-0.14089895039951258
165.64100000000002,1.7506130116899465,0.3110296848910525,1.4425160904350363,0.1369780556733824,-0.14100977489159094
165.687,1.7515132430320342,0.3178311746338036,1.4354493488514293,0.1491479885568955,-0.15362481703496025
165.734,1.752375976284008,0.32401809404740395,1.4287312831022911,0.13291024704071971,-0.14293756913060762
165.785,1.7534579691660592,0.33142879778612483,1.4203585446927127,0.14684852741453344,-0.1641713413643222
165.847,1.7547363584491,0.33968541092714843,1.4099219817069517,0.134757982200599,-0.16833166106062936
165.935,1.756537570430011,0.35039333731059175,1.3945193172324115,0.12339049124938205,-0.17503027811978716
165.997,1.7579750611320832,0.3582350015650531,1.3817760654994051,0.12858600028323053,-0.2055363182742574
166.067,1.7595738395424032,0.36637061743003824,1.3673199162617016,0.11844600759798231,-0.20651641768149945
166.12900000000002,1.7609835593722067,0.3730505005353502,1.3542373578432954,0.11011316227656077,-0.2110090067484472
166.205,1.7627747323513991,0.38099284106220943,1.3375896094203672,0.10712908186432192,-0.21904932135433683
166.28900000000002,1.7648946008072124,0.38955871408596304,1.318393794198034,0.10505102348521589,-0.2285216097896731
166.358,1.7667370652876644,0.3964833060217067,1.3028906591725387,0.10384808759361777,-0.22468311631156346
166.44,1.7690638173132802,0.4046683794469856,1.284382269204002,0.10377267888273492,-0.22571207278705124
166.531,1.7719279145010531,0.41403301026395006,1.263174869874941,0.10761342874836256,-0.23304834427537363
166.579,1.7733817358745296,0.41853049479652776,1.2528848960014374,0.09847130968487797,-0.21437445569798377
166.65300000000002,1.7760456531445405,0.42638902986584426,1.2348202717875685,0.11213206096989012,-0.24411654343062025
166.74,1.7793262407678883,0.435478299434574,1.2137829821988182,0.1110710515728229,-0.2418079263075049
166.805,1.7812269843762303,0.44048657473506203,1.2021210036911514,0.08241279809575958,-0.17941505396411114
166.89700000000002,1.7850027274480373,0.449949443587287,1.1799403721941717,0.11074274644723112,-0.24109382061931045
166.96900000000002,1.787608469861493,0.4561461449023857,1.1653057244726888,0.09336495073948452,-0.20325899613169965
167.073,1.7915124618979243,0.4649855960670831,1.1442684121958906,0.09291519380087887,-0.2022818488153962
167.124,1.794651950636683,0.47175006655298507,1.128033089945073,0.1462256798266829,-0.318339651976892
167.211,1.7986480076194618,0.4799680361548753,1.1081390971345328,0.10503476689896865,-0.22866658402915124
167.268,1.8014506505900076,0.4854951800470535,1.0946477645408161,0.10872116419362056,-0.23669004550385195
167.33200000000002,1.8044264249159314,0.49116938928974313,1.080699095019155,0.10011209948374372,-0.21794796127588145
167.40200000000002,1.8080911972051776,0.49790445825033264,1.0640064199683081,0.10953678893313691,-0.23846678644069363
167.43,1.8094750667528972,0.500379875945808,1.0578324154666268,0.10128503231298022,-0.22050016077440104
167.489,1.812499343133362,0.5056682684942351,1.0445697365189248,0.10325546057414924,-0.2247911686051272
167.561,1.8160798436381258,0.511726707611572,1.0292490511445398,0.09774134067282722,-0.21278729686645056
167.625,1.8198082550721948,0.5178187490436948,1.0136996937516043,0.11160015627658942,-0.24295870926464397
167.705,1.8244295819004182,0.5250868172742443,0.994948991097936,0.10766083713533303,-0.23438378317081704
167.723,1.825404669339698,0.526582692025321,0.9910616493313247,0.09920108001001551,-0.21596343147839842
167.78300000000002,1.8290099736765464,0.5320058501693614,0.9768842823602427,0.10853681354034088,-0.23628944951802372
167.80200000000002,1.8301301772429617,0.5336574950597145,0.9725396044698339,0.10503642520859231,-0.22866725738987223
167.84,1.832272300870584,0.5367735123497115,0.9643075820125949,0.09950799111687224,-0.21663216992744125
167.899,1.8357772387918838,0.541756359374911,0.951044875843677,0.1032554757884319,-0.22479162998166874
167.978,1.8406568956460068,0.5484676908353805,0.9329801486612924,0.10503508923478767,-0.2286674326883904
168.013,1.8430470706965654,0.551664273373817,0.9242907834150029,0.11403929397040145,-0.2482675784654383
168.06400000000002,1.8461699800436602,0.5557553129931223,0.9130860728639213,0.10091691886125728,-0.219700206883884
168.12,1.8496006086744512,0.5601424109857474,0.9009777878890474,0.0994497642633049,-0.21621937455138512
168.166,1.8527657429742157,0.5640954978521658,0.8900407082147931,0.11008883444420639,-0.23776260161426344
168.244,1.8580299522815333,0.5704795832371231,0.8722266937163109,0.10608418207877364,-0.2283848012625835
168.282,1.8605710413636805,0.5734800764137087,0.8637641576629359,0.10347190736459287,-0.22269831719401476
168.30200000000002,1.86257039113475,0.575805160578709,0.857157534645326,0.15332494807924602,-0.3303311508803284
168.356,1.8657684683633542,0.5794607000871727,0.8466927183076363,0.0899448601437684,-0.19379289514249645
168.412,1.869879741642685,0.5840491404907154,0.8334483976427054,0.11001558521633746,-0.23650572615943075
168.464,1.8735067814227893,0.5879972583989708,0.8218116674955611,0.10310105304523498,-0.22378327206049922
168.513,1.8771357641935253,0.5918570928293068,0.8104016235620166,0.10812058799929078,-0.2328580394600605
168.586,1.8822706082526426,0.5971710845537377,0.7944434809077208,0.10122641790688568,-0.2186046938944412
168.64000000000001,1.8865547586535076,0.6014779603654199,0.7815684270958113,0.11249618788615565,-0.23842692244275862
168.721,1.8932414816015248,0.6079921081551988,0.7628068448776504,0.11524966451823644,-0.23162447182917914
168.774,1.8967727753020651,0.6113354451272327,0.7530979642513143,0.09175310352863643,-0.18318642691201178
168.85500000000002,1.9036028914790295,0.6176216974029703,0.73463643926007,0.11460052660798732,-0.2279200616202502
168.88500000000002,1.9064004654685798,0.6201315386569534,0.7276410212322191,0.12528067753471797,-0.233180600928357
168.966,1.9131299187302455,0.6260316236419877,0.7119391119463353,0.11048971923641387,-0.1938507319245177
169.042,1.9201961029237495,0.6320403234423134,0.6978128782863263,0.12204643003792705,-0.18587149552645008
169.103,1.9272361424327153,0.6378844883152337,0.6885476185843824,0.14999455275395876,-0.15188950331053847
169.167,1.934626337368289,0.6439216997586147,0.6815022725073635,0.1491045073129824,-0.11008353245343241
169.249,1.9438176094967345,0.6513148119350798,0.6732061892293152,0.14384951020873474,-0.10117174729328
169.31,1.951307918519644,0.657248628688311,0.6666511597614176,0.15665382877295045,-0.10745949947371781
169.375,1.9588310749941136,0.6631261914599097,0.6584591730542418,0.14687564878744158,-0.12603056472578597
169.416,1.96199341819159,0.6655467299150513,0.6497368323729427,0.09713143523981714,-0.21274001661706965
169.489,1.9669296065322786,0.6692275393361795,0.6309415060410433,0.08434876676489546,-0.2574702237246228
169.54600000000002,1.9704922319549039,0.671790898275437,0.6160821376402988,0.07699957619889636,-0.2606906736971957
169.624,1.975089275158027,0.6749771740205935,0.5954769506120398,0.07170915136262185,-0.2641690644649463
169.705,1.9797497606751837,0.6780606480219764,0.5732047763518665,0.06899007698850992,-0.27496511432306786
169.752,1.9823919352916972,0.6797433579236049,0.5606916721752618,0.06664908243073021,-0.2662362590767119
169.842,1.9875627903799091,0.6829045713547361,0.5364815439307149,0.06734012864541745,-0.26900142493940016
169.911,1.9915257418603645,0.6852125081343777,0.5178514492085664,0.06646402190498794,-0.2700013727848061
169.981,1.9947363673575398,0.6870034134272716,0.49875600571799655,0.05251910799254558,-0.2727920498653102
170.043,1.997365691776824,0.6884060562477076,0.4808833792768596,0.048065473533336775,-0.28826816840537983
170.097,1.999548041720133,0.6895245478630129,0.4660454954909317,0.045412583418091734,-0.2747756256653206
170.137,2.0012802073565257,0.6903836207584655,0.4543970731677788,0.048337382218646585,-0.29121055807888147
170.192,2.0036620624069563,0.691524178585297,0.43851221236642707,0.048015512774284695,-0.28881565093363165
170.26500000000001,2.0066643601185636,0.6928965248803453,0.4185888660488999,0.0452202672007481,-0.27292255229486484
170.31,2.0086519156242617,0.6937656785387374,0.40551380707401946,0.048206372050144074,-0.29055686610853465
170.38500000000002,2.012003750903217,0.6951622253390287,0.3836439069771375,0.048415135746576445,-0.29159866795835965
170.477,2.0160474879062584,0.6967340473141543,0.3575021294423329,0.0471574220715515,-0.28414975581314145
170.547,2.0190174499557902,0.6978120923321647,0.33847404979752793,0.04513665336331911,-0.27182970921152594
170.632,2.022858814232321,0.6991125545028068,0.3140750905913294,0.04771205641091577,-0.28704657889642676
170.727,2.0271828059989034,0.700453214706933,0.2868360108855762,0.04765326587465872,-0.2867271547974053
170.797,2.0304034861994493,0.7013684866068662,0.26668283322256514,0.047831557350466826,-0.28790253804304317
170.87,2.0336876214548765,0.7022303889158139,0.2462285119180538,0.046511680839486515,-0.2801961822535511
170.89700000000002,2.03496371090425,0.7025511300972321,0.23862598503373408,0.04873262327228702,-0.2815750697894606
170.948,2.0383763978755383,0.7033788100346573,0.22591618132782817,0.06885532599618041,-0.24921183737076408
171.00900000000001,2.0431383167225894,0.7044556171638402,0.21064299261066988,0.08003523931500581,-0.25038014290420546
171.06400000000002,2.0476453048372565,0.7053950570973883,0.19693503144052102,0.0837064711194387,-0.24923565763903924
171.11700000000002,2.0522781702546786,0.7062905865636835,0.18356308969228177,0.08903064660281049,-0.2523007877026403
171.20700000000002,2.061026601332077,0.7078376862687353,0.16338939172797545,0.09871305454422612,-0.22415219960339505
171.256,2.0670378609021838,0.7088114162621666,0.1542545946298997,0.12427782508948024,-0.18642443057305738
171.329,2.075712125438046,0.7101083425613742,0.14142257731928018,0.12014634463455079,-0.17578105904956454
171.36700000000002,2.0802300112078806,0.7107306306611494,0.13293455146528105,0.12001423711822574,-0.22336910142096564
171.446,2.087709937431035,0.7116755275099684,0.11721653703242814,0.09543508542127001,-0.19896220801084843
171.511,2.0959371264773075,0.71260105655853,0.1037748344002612,0.12737053398837525,-0.2067954251102679
171.55800000000002,2.1019768003115735,0.7132038079817055,0.09447564406418214,0.12914204703561075,-0.19785511353348967
171.598,2.1068033439929326,0.7136439142045572,0.08708184319278613,0.12116418972686674,-0.18484502178493717
171.654,2.1137647317810275,0.7142147043643358,0.07634677975436677,0.12472766422929854,-0.1916975614004033
171.70000000000002,2.119606463943379,0.7146357038427272,0.0673545228385629,0.1273235374313746,-0.1954838459956483
171.75400000000002,2.1261425742131177,0.7150436421818228,0.05709842101614871,0.12127459679620223,-0.1899278115261815
171.788,2.13011442590798,0.7152592346530947,0.050940382708500966,0.11699113472925518,-0.18111877375438906
171.859,2.139060609718988,0.7156522424288387,0.03656019506700465,0.1261241141991961,-0.20253785410558778
171.901,2.143920649466474,0.7158104553669724,0.028086175219626842,0.11577653058605569,-0.2017623773185116
171.985,2.152942751867659,0.7159834766107986,0.009668810942205189,0.10742572982054793,-0.21925433663596375
172.03400000000002,2.1581497767439735,0.7160055352159957,-0.0014225868815118297,0.1062667673412271,-0.22635505762684746
172.079,2.163037947261953,0.7159736855291855,-0.011834919225893952,0.1086283172853678,-0.23138516320855598
172.15,2.170368918828569,0.7158304865681479,-0.027453419825663187,0.10327281712814679,-0.21997888168689694
172.21800000000002,2.177825767706901,0.7155675620295603,-0.04324284708340727,0.10972768718337893,-0.23219745967266592
172.292,2.1855995636057632,0.7151685106361171,-0.059682105823158714,0.10518961338818406,-0.22215214513182477
172.33,2.1897354950364494,0.7149035222863109,-0.06850995507246155,0.1090634635218789,-0.23231182235000786
172.393,2.1961113432289117,0.7144234934011645,-0.0820063771464266,0.10149036533812619,-0.21422892180900927
172.465,2.2039606686448034,0.713714095028087,-0.09863859796783267,0.10946273424470347,-0.2310030669639645
172.51500000000001,2.2094108906888326,0.7131436579460247,-0.11017183009750701,0.10959985181340168,-0.23066464259343444
172.591,2.2172470902146935,0.7122130431384119,-0.12683263385905108,0.10383243723605395,-0.21922110212559884
172.632,2.2216909539420584,0.711625401958538,-0.13630804094770052,0.10933046734933895,-0.23110748996707745
172.70000000000002,2.228847913627936,0.7105896966446118,-0.15161459619816064,0.10634575620185283,-0.22509640074202078
172.781,2.237449321232755,0.709194715146933,-0.17017572475749349,0.10757768974023613,-0.22914973530043695
172.857,2.2453224003765984,0.7077740945152495,-0.1873970515858411,0.10526606754564086,-0.2265964056361726
172.904,2.2501331354684293,0.7068366205696553,-0.19810995245333604,0.1042814329484587,-0.22793406101054486
172.983,2.2580859838133502,0.7051679064959708,-0.21630073362432461,0.10286117031435138,-0.23026305279730114
173.06400000000002,2.265844838932683,0.7034042271781598,-0.23512211141703546,0.09823189027737138,-0.23236268879884975
173.098,2.2689363025228118,0.7026511403568688,-0.24308919977006904,0.09358436643711225,-0.234326128030456
173.163,2.275100621459282,0.7010712783064841,-0.2589371040062971,0.09790079757279914,-0.24381391132659408
173.23000000000002,2.2813319975422317,0.6993677459015439,-0.2750683535588332,0.09641845402303972,-0.2407649186945423
173.258,2.2839325044495413,0.6986247124735042,-0.2817718641024377,0.09659202317750062,-0.23941109084309045
173.33,2.2904813647832793,0.6966701042574824,-0.29857465591708005,0.0949212483742652,-0.23337210853669027
173.401,2.2972834807061466,0.6945120880208375,-0.31601335666311936,0.10051031770241337,-0.24561550346534955
173.477,2.304404779829094,0.6921131491855076,-0.33408762590243085,0.09887508622287543,-0.23781933209622447
173.55100000000002,2.311110574169171,0.6897219602852205,-0.3512134627914828,0.09620773391877996,-0.23143022823039333
173.624,2.318051157766523,0.6871094085704044,-0.369052880576958,0.10158910679466464,-0.2443755861024702
173.698,2.324852451159303,0.6844107504161389,-0.3866544439834444,0.09888009469996713,-0.23785896495247927
173.75900000000001,2.3304225079745295,0.6820964472798788,-0.40116384435709607,0.09888050051032761,-0.23785902251885235
173.81900000000002,2.3358679296567746,0.6797414795364674,-0.4154353889152719,0.09888052607112725,-0.2378590759695878
173.87900000000002,2.341279188721187,0.6773090395972201,-0.4297069367578461,0.0988805237538741,-0.23785913070956147
173.95600000000002,2.3481718183915863,0.674074696926636,-0.4480220947945112,0.09887997863269882,-0.23785919528137073
174.019,2.3535894550685055,0.6714231430140026,-0.46253150980025115,0.09574142829592047,-0.23030817469432788
174.086,2.359670484054178,0.6683294675197791,-0.4789438034092166,0.10183189707226485,-0.2449596061039354
174.16,2.366134789175032,0.6649011893062811,-0.4965453991320424,0.09888008043911602,-0.23785940165985958
174.237,2.3727960098778698,0.6612137172151314,-0.5148605792663916,0.09887997470174842,-0.23785948226428147
174.317,2.3794737365833347,0.6573546099796694,-0.5334136255400772,0.09640794071261109,-0.23191307842103365
174.38400000000001,2.385320391853572,0.6538380257387609,-0.5498259414552177,0.1018318981488336,-0.24495993903192076
174.45600000000002,2.391275431223924,0.6501198500274143,-0.5667139824629381,0.09750684975433063,-0.23455612510721965
174.5,2.3950169091037288,0.6477113981987115,-0.5774176735350172,0.10112818387827333,-0.24326570618370974
174.547,2.3987323937425566,0.6452630371822661,-0.588121367065413,0.09467319540700576,-0.22773816022120147
174.603,2.4034006944493944,0.6421049269468126,-0.6016793824591047,0.10064633559575577,-0.2421074177444449
174.651,2.407379259758229,0.6393396799135516,-0.6133345217592224,0.10094082827248038,-0.24281540208577715
174.71800000000002,2.412686678011129,0.6355421357638574,-0.6290332856691215,0.09740453349554773,-0.23430990910294627
174.78900000000002,2.418170881621922,0.6314834076388094,-0.6454456358276862,0.09609491113261553,-0.2311598613882416
174.874,2.42491181468782,0.6262995959662179,-0.6659016173722331,0.10004295413516041,-0.24065860640649164
174.928,2.4291116861278823,0.6229570702397809,-0.6786304395086608,0.0994004633154121,-0.23571892845235543
175.00400000000002,2.4350956708834577,0.6180464381483218,-0.695926849765683,0.10185466831647248,-0.22758434548706913
175.091,2.4405987700720746,0.6133747246800855,-0.7120107310690074,0.08297306779153281,-0.18487219888880926
175.14100000000002,2.4461328214122666,0.608527423431373,-0.7256971300053467,0.1471353847741949,-0.2737279787267254
175.20100000000002,2.4525898119446277,0.6027415439396174,-0.7345585956762845,0.1445002193655699,-0.14769109451562284
175.25400000000002,2.4584390380563366,0.5974343812090006,-0.738913285613952,0.14902008431916805,-0.08216396108807068
175.323,2.466148805136693,0.5903805162982138,-0.742921881820848,0.15144582106386764,-0.058095597201400714
175.369,2.4706524651030106,0.5862362142868165,-0.7448445632430011,0.13305021340919052,-0.04179742222072719
175.455,2.480292347523156,0.5773126313724372,-0.7487369242983649,0.1527455886758156,-0.0452600122716658
175.529,2.488265750389423,0.5698859646228069,-0.750918910095821,0.14724802813364413,-0.02948629456022398
175.56400000000002,2.492519755587313,0.5659124971963587,-0.7516751157848393,0.16631664811110555,-0.021605876829077164
175.597,2.496117224039679,0.5625482906206514,-0.7521223828654285,0.14925485304291367,-0.013553547896650366
175.65200000000002,2.501892447091261,0.5571427588404575,-0.7525249309741188,0.14382378465375698,-0.0073190565216395675
175.678,2.504833812177145,0.5543882566080581,-0.752688124036527,0.15499050895151345,-0.006276656246473399
175.731,2.5106062823491544,0.5489798558242451,-0.7530140632318372,0.14925018588551453,-0.006149796137928803
175.763,2.5141995761191227,0.5456114207957927,-0.7532116165485258,0.15391414845907087,-0.006173541146516102
175.83700000000002,2.521819516729067,0.5384639134150804,-0.7536291362474538,0.14118249736866761,-0.005642158093620739
175.92000000000002,2.53041722496399,0.5303961850429397,-0.7532333175750808,0.1420506085100251,0.004768899667143794
175.978,2.5372805288070435,0.5239715144100084,-0.7511761902942674,0.1620885281514605,0.03546771173816686
176.05800000000002,2.546239310695218,0.5156377802963383,-0.7471747827601785,0.15294550561248965,0.05001759417610408
176.151,2.5563200693752908,0.5063468484854692,-0.7419411701661576,0.14741112322615008,0.05627540423679019
176.196,2.5613443293667593,0.5017542212443747,-0.7390113706039563,0.1512669350789115,0.06510665693782468
176.262,2.568353297662562,0.49539342818663584,-0.7347715105092258,0.1434083704658927,0.06424030446561015
176.345,2.5775507351890443,0.48713763023601314,-0.7274444254795995,0.14890662469895863,0.0882781328870657
176.44,2.5871789173801707,0.4786548732042691,-0.7166106811390885,0.13507320644239332,0.11403941411064333
176.506,2.5938649128078572,0.4728758832572634,-0.7087903670098388,0.13389967502625943,0.11848960801893145
176.59900000000002,2.604084004812754,0.4642172290821651,-0.6969377091447446,0.14402266843793157,0.12744793403324614
176.68300000000002,2.61258886812102,0.4571676145731552,-0.6871623263836956,0.1315084323328703,0.11637360429819864
176.761,2.6212698337326485,0.450114927405117,-0.6772647560124334,0.14339476244345312,0.12689192783673572
176.848,2.6314309570442926,0.44203851533864225,-0.6657786925349503,0.1491938343708537,0.13202371813196373
176.906,2.6369825303808496,0.4377056251384417,-0.6595468947364515,0.12141886110892969,0.10744478962930323
176.971,2.6443166124086352,0.43206612994128485,-0.6513600258664237,0.14233277555992338,0.1259518287696618
177.017,2.6493785705038584,0.4282290870207216,-0.6457391923158834,0.13808424275214554,0.12219203370741893
177.083,2.6566714790371346,0.4227790580288519,-0.6376989832898051,0.13794481509869871,0.12182134887996922
177.148,2.6639500795338145,0.4174308975599645,-0.6295029294050851,0.13895710086060487,0.12609313668800443
177.231,2.672837915896196,0.4110251243074926,-0.6191906952329841,0.13199649753562626,0.1242437852060389
177.324,2.683096683165561,0.4038111373036179,-0.6061686572435883,0.1348525632895447,0.14002191386444457
177.386,2.6896565058663793,0.3993046360975617,-0.59757049502791,0.1283650359819246,0.1386800357367826
177.45100000000002,2.6967989751869723,0.39449133941101155,-0.5882657256256281,0.13250673131349403,0.1431502984965882
177.53300000000002,2.7055281097104444,0.3887386627322227,-0.5769150019022141,0.12749069934908674,0.13842346004164421
177.606,2.713529242812773,0.38358936381646175,-0.566643820865231,0.1303411594065535,0.14070111009569924
177.70000000000002,2.724153771911885,0.37691769322906776,-0.555117934009387,0.13346371431247891,0.12261581761533226
177.786,2.734537900921756,0.3705518709334539,-0.5446585497277163,0.14162858898957134,0.12162074746130942
177.874,2.744455517905321,0.36460939109225743,-0.5348438116516364,0.1313826038601567,0.11153111450091586
177.95100000000002,2.753602877903466,0.35924555469283215,-0.5257555757452071,0.13771435910936983,0.11802903774579383
178.02,2.7621031361971777,0.35436028517246126,-0.5173099725849908,0.1420883115866441,0.12240004580025773
178.08800000000002,2.770509477565445,0.3496220821532574,-0.5091644653525734,0.14190768285123398,0.11978687106493995
178.17000000000002,2.78031768186435,0.34420408244798384,-0.5001622212285638,0.13664828275164687,0.10978346492695522
178.257,2.7908520566543635,0.3385098375046531,-0.49080390812869734,0.1376421676739793,0.10756681723985781
178.33200000000002,2.8000875865711317,0.33362170742705266,-0.48266145478192346,0.1393246112096248,0.10856604462362707
178.406,2.809375414728161,0.32880221117669034,-0.4746411288537891,0.14140282251198238,0.10838278281264989
178.443,2.814005665087824,0.3264339419543234,-0.47084581543435644,0.14056111466546187,0.10257603836302832
178.483,2.818926233582471,0.3239408655617543,-0.4670377735361615,0.1379026472953654,0.09520104745489262
178.52100000000002,2.8237709665991106,0.32150818189660413,-0.46362563665013673,0.14266310541360552,0.08979307594799432
178.574,2.8299181438635013,0.3184503332851257,-0.459504414437676,0.12954204526653007,0.07775890966907478
178.63500000000002,2.8385020716403626,0.31423052888305997,-0.45430962088404764,0.1568044272279701,0.08516055005947115
178.709,2.8482862012331496,0.3094847373657731,-0.4489275951068998,0.14695082547737887,0.07273007806958152
178.752,2.854042087336074,0.30672194510842354,-0.44610234643957364,0.1484793042105619,0.06570345737966797
178.788,2.8587555376134697,0.30447289696757845,-0.44437092831109437,0.14507030824517297,0.048094948013311156
178.83700000000002,2.8656294343393824,0.30120552149263274,-0.4433581627509866,0.15532502592560618,0.02066868490015568
178.88,2.8714265784146153,0.2984525894985078,-0.4433613233317682,0.14924637434789112,-7.350187864170136e-05
178.95000000000002,2.880998430699012,0.2939065762672302,-0.4434286129432896,0.1513790973446992,-0.0009612801645913461
179.007,2.888547857344587,0.2903204620058535,-0.44354705370973785,0.14662936881223676,-0.002077908183302819
179.073,2.8974443655623774,0.2860914373685896,-0.4439390911849692,0.14925012120729758,-0.005939961745929563
179.109,2.902026765799579,0.2839114799413814,-0.44414197668814803,0.14095848679211395,-0.005635708421633617
179.16500000000002,2.909842780413584,0.2801905834748142,-0.4444880755278832,0.1545805249679517,-0.006180336423841348
179.226,2.918061681691564,0.27627430848721035,-0.4448520761157587,0.1492501619970987,-0.005967222752059492
179.27700000000002,2.924932127592726,0.2729977497502971,-0.4451564045708621,0.14925016225511772,-0.005967224609867998
179.318,2.9305893929306883,0.2702978374011691,-0.445407028054596,0.15289041033087564,-0.006112767895949052
179.377,2.938400694180643,0.2665670562705295,-0.4457531272207366,0.14672049837360945,-0.0058660875617061025
179.46900000000002,2.9509226661262757,0.26057809511980123,-0.44663469411509604,0.15087466986105488,-0.009582248851731479
179.541,2.960478028198914,0.2559959690767381,-0.44776979561378727,0.14718344838845226,-0.01576529859293933
179.61,2.969892826685222,0.2514650068503968,-0.44949178275746626,0.1514253841735911,-0.0249563354156315
179.68900000000002,2.979298798804605,0.24691401982921266,-0.452209559368534,0.1322671513393964,-0.034402235583132795
179.705,2.9825205992852575,0.24534671759092794,-0.4535147939681564,0.22392481511727444,-0.08157716247644495
179.744,2.9877513901596897,0.24279034048587259,-0.4557838845119187,0.1492832691934676,-0.0581818088144366
179.791,2.9941810339560186,0.23962700225366013,-0.45873332400838474,0.15246136308460118,-0.06275403183970678
179.856,3.002872865715291,0.23531277267267522,-0.4628749652930046,0.14928667962071115,-0.0637175582249231
179.916,3.010613080571816,0.23143128960359668,-0.46698083451294325,0.1443152768157942,-0.06843115366564179
179.976,3.018735855148046,0.22731356520804283,-0.47148594943698785,0.15178120310168486,-0.07508524873407374
180.02200000000002,3.02471611274566,0.2242524553474666,-0.4747965512162213,0.14604728128469383,-0.0719696038963464
180.1,3.035057679220489,0.21889948092017214,-0.48057204073403886,0.1492928390899146,-0.074044737407942
180.185,3.0464234680780904,0.2129264896827864,-0.4875519089658829,0.15105524124276995,-0.08211609684521635
180.222,3.0511686087749497,0.21040153017858923,-0.49088874286926937,0.1452731759126538,-0.09018470009151099
180.27,3.0576126960531265,0.2069373417783104,-0.49582556611385675,0.15242094678213064,-0.10285048426223328
180.317,3.0639087082127894,0.20351235706293377,-0.5010769019955201,0.1524958932948496,-0.1117305506736959
180.376,3.071489270345603,0.19932797399008995,-0.5078258423301584,0.14675850627463796,-0.11438881923116152
180.392,3.0734327019804235,0.19824435940833973,-0.5095885558040686,0.13906983240512566,-0.11016959211944954
180.447,3.080530214196469,0.19424815379926325,-0.516187219284257,0.1480946078302682,-0.1199756996397751
180.485,3.0852833489609344,0.1915369373755441,-0.5206802843895277,0.144000482324034,-0.11823855540182655
180.571,3.0962502853632166,0.18517147650973667,-0.5312479082724796,0.14744662255069516,-0.1228793474762067
180.655,3.1069917747359552,0.17878134937962728,-0.5425579360181486,0.14879205549072516,-0.1346431874484357
180.70700000000002,3.1132002929846236,0.17500796658526757,-0.5500635674521172,0.1397166889261559,-0.14433906603779847
180.743,3.1174831712059308,0.17236588628222163,-0.5556341710653768,0.1397849820014817,-0.1547389892573294
180.80800000000002,3.12513110755529,0.1675615662720198,-0.5665311900313477,0.1389499259890335,-0.16764644563025316
180.89000000000001,3.1343170189853744,0.1616303695336505,-0.5803457377483547,0.13334576161313313,-0.16847009410985544
180.964,3.1425605394196077,0.1561526432277346,-0.592883253095047,0.13375041532549362,-0.16942588306344547
181.00900000000001,3.147792110053604,0.15259756259528617,-0.6010226070008522,0.14055960398504047,-0.18087453124005212
181.062,3.1536563902050005,0.14853784434108724,-0.6102030136382974,0.13457353760297058,-0.17321521957444735
181.12800000000001,3.16101597308702,0.14332899051677908,-0.6218084370681569,0.13661224674116704,-0.1758397489372583
181.17700000000002,3.1661453282241507,0.13962214873222215,-0.6298739756149311,0.12915475083027306,-0.1646028274851649
181.25900000000001,3.1751642031266156,0.13295946199756697,-0.6424460074855164,0.13674397314878797,-0.15331746183641812
181.345,3.1848926635622394,0.12558506637976996,-0.6549325624293381,0.1419484349694754,-0.14519249934679013
181.423,3.1936864548504684,0.11875011366936786,-0.6673834081800799,0.1427904400129735,-0.15962622757360737
181.485,3.2007702988103746,0.11310287406619597,-0.6790403582762713,0.14611884923565185,-0.18801532413208327
181.549,3.2068196479011677,0.10817036622846937,-0.6892745548409521,0.1219593638213678,-0.1599093213231556
181.58200000000002,3.210438538917762,0.1051698951887006,-0.6954618247939257,0.1424538932722029,-0.1874930288778996
181.609,3.213211051868505,0.10284520464977864,-0.7002394448014518,0.1340055798226288,-0.17694888916772084
181.65800000000002,3.2177908653938747,0.09895524347929065,-0.7082112938151522,0.12262995102164011,-0.16269079619794555
181.721,3.2244587468846158,0.09317849871642171,-0.7198721592118809,0.1400351102627707,-0.18509310153540956
181.78,3.230049439120566,0.08822837634330208,-0.7297359507476945,0.12656325133665233,-0.1671829073866787
181.84,3.236279909374639,0.08259344043083588,-0.7409262694849865,0.14001117249515405,-0.18650531228819353
181.901,3.242349814832905,0.07698053429271849,-0.7518998608691517,0.13552972463051266,-0.17989494072399895
181.964,3.2483578917748077,0.07130154036692643,-0.7628262638449077,0.1312267069388559,-0.17343496786917506
182.04500000000002,3.256112890221035,0.06378376759633282,-0.7771348683344562,0.13334299709561956,-0.17664943814253659
182.112,3.2625396978128265,0.057387519936581234,-0.7890706781139621,0.13533276228851052,-0.1781464146195476
182.151,3.266191066154951,0.053684539346427175,-0.7960048089984931,0.13334456565337144,-0.1777982278084153
182.21900000000002,3.272311698009309,0.04736087901882672,-0.8075919261927342,0.12942080034918896,-0.17039878226822133
182.276,3.2773559977449893,0.04203726553944017,-0.8172896429869574,0.1286645906440425,-0.1701353823548282
182.35,3.284214131439167,0.03462918763149997,-0.8308456585597068,0.13642199175780503,-0.1831893996317891
182.411,3.2896156201731546,0.028648372988826023,-0.8418376633110735,0.13211347595023895,-0.1801967992027109
182.465,3.294429199105749,0.023205252105721063,-0.8517201666562155,0.13455982586989337,-0.18300932120632768
182.496,3.2972051769331947,0.020016726146628968,-0.8574546906048445,0.13637476174218505,-0.1849846435041242
182.566,3.30321364261532,0.012986722681553542,-0.8699470126674106,0.13211204936029455,-0.17846174375096194
182.62,3.307808491432357,0.007488570806566969,-0.8795072712350244,0.1326917559199098,-0.17704182532617435
182.70700000000002,3.315136673908604,-0.0015045085364162752,-0.8947780456759807,0.13334211944610252,-0.17552614299946315
182.76000000000002,3.319533347243218,-0.007037521991379336,-0.9040809274661683,0.13334294031146077,-0.175526071512982
182.809,3.323460581024291,-0.012070582274355807,-0.9124798655893724,0.130284763217262,-0.17140690047363016
182.869,3.3283292037559855,-0.018433143948615907,-0.9229069506324862,0.13352660821217238,-0.1737847507185557
182.918,3.332402119494577,-0.023859785809924337,-0.9311261258724913,0.13847068037319274,-0.16773827020416415
182.99800000000002,3.3386712779616303,-0.03239770137574687,-0.9439482358148494,0.1324046532498163,-0.16027637427945127
183.05700000000002,3.343340315108524,-0.03890887248387361,-0.9536139276771518,0.1357999029428759,-0.16382528580174208
183.12900000000002,3.3490298048599048,-0.04702704124535952,-0.9655731692953139,0.13768573151147012,-0.16610057803002268
183.21200000000002,3.355380194035313,-0.05633917730234419,-0.979170657569654,0.1357993921390951,-0.1638251599318122
183.25400000000002,3.358557812737887,-0.06110284246035443,-0.9860264785550504,0.13633892666159236,-0.16323383298562213
183.294,3.3615689133948496,-0.06568300470234702,-0.9925814547876497,0.13703241708020072,-0.1638744058150142
183.33100000000002,3.364030427082281,-0.06947643178643542,-0.997989309173035,0.12221817262889391,-0.14615822663201006
183.392,3.3688540427349745,-0.07704316527169033,-1.0088197643038994,0.14710566344150725,-0.17754844476833184
183.436,3.372037028843677,-0.08213745440661195,-1.0159415682308814,0.1365210878088282,-0.16185918015864148
183.483,3.3752852591575975,-0.08741926788277228,-1.02309144983966,0.13192956982399975,-0.15212514061231802
183.556,3.380433253339829,-0.09597024400020204,-1.0351016147790584,0.13672649105902523,-0.1645228073890028
183.64000000000001,3.386092762443153,-0.10565814114988609,-1.049222973241715,0.13356983408428566,-0.1681114102697165
183.697,3.3898951416083696,-0.11234872656579309,-1.0589271006517873,0.13501025407478642,-0.17024784929954836
183.76000000000002,3.394153267500454,-0.12002545457178372,-1.0699859494342212,0.13934283095250502,-0.1755372822608094
183.798,3.396680910630264,-0.12467907590574594,-1.0766462206895635,0.13936234709993778,-0.17527029619329912
183.863,3.4007972783970413,-0.13242046995305018,-1.087725930337977,0.1348886592247732,-0.1704570715140587
183.946,3.4058611675002486,-0.14223911941986656,-1.1017096122860512,0.13310327880243078,-0.1684780957599347
183.989,3.408361315327153,-0.14721423488616123,-1.108716677783466,0.12948814041038287,-0.16295501156776215
184.042,3.411529372942453,-0.15364650926740422,-1.117791378650788,0.13528544347905072,-0.17122077108155567
184.09900000000002,3.4148516704785217,-0.160556967184465,-1.1277502438149256,0.1345192979957599,-0.1747169327041178
184.162,3.418412428386424,-0.1681673381532192,-1.1388391244470886,0.13336804457543708,-0.17601397828833393
184.237,3.422431634311794,-0.1770328243989211,-1.1516524403417947,0.12978673970499174,-0.17084421192944102
184.297,3.425755765329453,-0.18460234406719922,-1.1625349797574076,0.13778755288789515,-0.18137565692687482
184.335,3.4279086490950257,-0.1896276740923624,-1.1697314963537153,0.143870253494671,-0.1893820156922538
184.37900000000002,3.430127636004403,-0.1949146429407124,-1.1772790613651578,0.13031260592162278,-0.17153556844183138
184.452,3.4337700905396806,-0.2038442488436007,-1.1896982124617335,0.13210859517824353,-0.17012535748738647
184.511,3.4367833074663587,-0.21146182305336303,-1.1988298933332515,0.13884543940583055,-0.1547742520596346
184.586,3.4406282027919124,-0.22149080965518927,-1.210728918613914,0.14321005074847828,-0.15865367040879802
184.645,3.4434933861757027,-0.22920590982241637,-1.2198463514708449,0.13949064646746287,-0.154532760286969
184.67600000000002,3.4447810857483088,-0.23274519323217857,-1.2240187354057106,0.12149218464650095,-0.13459303015693375
184.725,3.4471730678460895,-0.23944503135099077,-1.2318999040561989,0.145184266111654,-0.16084017654064856
184.752,3.4485554255002024,-0.24339484811656803,-1.2365358850109904,0.1549899999672541,-0.17170299832551658
184.83100000000002,3.4518558832497983,-0.25307031553957027,-1.2476907558398567,0.12940380167857468,-0.14120089656791324
184.91400000000002,3.455483077076796,-0.2641210399636905,-1.2597516615704478,0.14012988052706107,-0.14531211723604076
184.96800000000002,3.4580546364042326,-0.27224054666571845,-1.2685914786382078,0.15772224120255732,-0.1637003160696223
185.04600000000002,3.461208614064382,-0.28255738845221856,-1.2797298973853564,0.13830998325326832,-0.1428002403480536
185.101,3.4634591878412695,-0.2901813269394119,-1.2879511443306288,0.14453061145261367,-0.14947721718683118
185.14700000000002,3.465293807903746,-0.2965725716565578,-1.2949104338626216,0.1445510614318726,-0.15128890286933985
185.20700000000002,3.467446679434837,-0.3043170770315209,-1.3049449115261962,0.1339695439396262,-0.16724129439290317
185.28300000000002,3.4699407667911033,-0.3137267851129062,-1.3187203695010448,0.12808727514856677,-0.1812560259848655
185.358,3.4723322045257383,-0.32328570581900756,-1.3327663594073407,0.13138032289955362,-0.18727986541730715
185.44500000000002,3.4748474873445145,-0.334015189288156,-1.3484756873001205,0.12667087168537605,-0.18056698727329457
185.512,3.4767651611256905,-0.3427532095563893,-1.3612279630832116,0.1335220167927114,-0.19033247437455453
185.577,3.478477231403777,-0.3510390823652413,-1.3730380534487063,0.13016773233941953,-0.18169369793069468
185.648,3.4802992674446296,-0.36041583076057543,-1.3851176755069774,0.13453707046540525,-0.1701355219474847
185.727,3.482211485652471,-0.3709723080371061,-1.3982461719602801,0.13580089420034164,-0.16618349940887892
185.793,3.4836557989320385,-0.3795230246820166,-1.4088493282281231,0.13139150379944312,-0.1606538828461004
185.83100000000002,3.4843666470177586,-0.3839423624769932,-1.4142998435067229,0.11779322329255179,-0.14343461259468887
185.90200000000002,3.4859116888360777,-0.39414693321878524,-1.426929785772586,0.1453644076062991,-0.17788651078680956
185.981,3.4873986774084544,-0.40490875716545766,-1.440224460319114,0.1375198575185532,-0.1682870195763492
186.032,3.4882553406191117,-0.4116445736623756,-1.448533631162938,0.1331386926149184,-0.16292491850629895
186.1,3.489345563769938,-0.4209512109926266,-1.4600002860454637,0.13779818635736218,-0.16862727768424265
186.12,3.489627024969775,-0.42351604780345004,-1.4631577705544991,0.12901170754200803,-0.1578742254516899
186.149,3.490054944880553,-0.4275675634638198,-1.4681432722681889,0.14048453013062887,-0.17191385219621888
186.186,3.4905417783193577,-0.43243212298213773,-1.4741258741014465,0.1321313347797205,-0.16169194143936794
186.251,3.4913224751251204,-0.44093758881840384,-1.4845610239494005,0.13140338236928403,-0.16054076689160587
186.306,3.4919531457552173,-0.4486419780589151,-1.4939980123469445,0.1405483464514397,-0.17158160722805205
186.37,3.492588991398142,-0.45753767665555245,-1.505166474735666,0.1393499077082077,-0.17450722482379075
186.44,3.493107337417647,-0.4661655211546168,-1.5167935442297193,0.12347715916684969,-0.16610099277220838
186.511,3.4935489679161846,-0.47548360559925074,-1.5303772811271625,0.13138794521304703,-0.1913202379921631
186.57000000000002,3.4938048800950368,-0.4828214769434382,-1.541799851106384,0.12444631398237213,-0.19360288100366785
186.62900000000002,3.493975387877382,-0.4902327187044348,-1.5541015888717853,0.1256475069022283,-0.20850402992206532
186.67700000000002,3.494040483188139,-0.49557289265754356,-1.5633878910668961,0.11126188928538441,-0.1934646290648018
186.728,3.494050830890694,-0.5021459890235612,-1.5752826947673044,0.12888440217556824,-0.23323144510610122
186.812,3.493932364612241,-0.5114156418299166,-1.5920812586491235,0.11036202113935137,-0.19998290335498178
186.899,3.493612405363601,-0.5218545858048101,-1.6110062250780475,0.1200442101763072,-0.21752834975777377
186.99200000000002,3.4930740797398045,-0.5326370308141619,-1.6305691127131838,0.11608467634430333,-0.2103536304852971
187.06900000000002,3.4924792318419198,-0.5414179373084119,-1.6465171199098503,0.11429911586298823,-0.20711697658008862
187.148,3.4916687126378956,-0.551006182118204,-1.6639536089630487,0.12180305662770805,-0.22071505130636654
187.228,3.490716969622188,-0.5603455663164572,-1.6809648192042979,0.11734691621594073,-0.21264012801558158
187.261,3.4902506517556398,-0.5644261902786262,-1.6884072241739898,0.12446006168391804,-0.2255274233240871
187.303,3.4896805477294706,-0.5690853593574862,-1.6969128302558176,0.1117599749921089,-0.20251443051970236
187.348,3.4889918393166877,-0.574320910213572,-1.7064816376494858,0.11734787798000273,-0.2126401643036618
187.40200000000002,3.488150783264914,-0.5802462523799183,-1.7173262867673016,0.11082842909800748,-0.20082683551509972
187.479,3.4867212488020196,-0.5894057775514352,-1.734124862565129,0.1203949130567423,-0.21816332204971306
187.567,3.485011548947973,-0.5992326285248888,-1.752199282047536,0.11334626245481176,-0.20539113048191154
187.643,3.483309669769195,-0.6081066257248486,-1.7685725821042588,0.11889104034530268,-0.2154381586411078
187.704,3.4817847077684663,-0.6154604071749347,-1.7821815606517815,0.1231185857814192,-0.22309800897575507
187.776,3.4799496895524444,-0.6237077237352252,-1.7974916636936031,0.11734715753569411,-0.212640320025293
187.80200000000002,3.4792830262716525,-0.6265646765879515,-1.8028076722591757,0.11283477167604981,-0.20446186790655513
187.833,3.4784075521096924,-0.6302163349537203,-1.809612163663612,0.12113349430624347,-0.21949972272391055
187.889,3.4767866425869367,-0.6367057769611159,-1.8217326652414416,0.1194430704634037,-0.21643752817548417
187.943,3.475239409100842,-0.6426084416710063,-1.8327899663906304,0.1130014842302046,-0.204764836096081
187.98600000000002,3.473879300636041,-0.6475893886773345,-1.8421461454197108,0.1200768820684574,-0.21758555881579034
188.044,3.4719824938373773,-0.6542479940105907,-1.854691932629335,0.11937075037481688,-0.21630667602803028
188.079,3.4708178445866786,-0.658186588110209,-1.8621343497171527,0.11734801323919859,-0.2126404882233861
188.14100000000002,3.468718081097166,-0.6650298876462405,-1.8751054212413725,0.11545475760676749,-0.2092108310357621
188.21300000000002,3.4661625599369166,-0.6729599367866195,-1.8902029008251324,0.11571734114607803,-0.20968721644110253
188.27,3.4639480760111026,-0.6795197348859643,-1.9027486961801152,0.12146496031424797,-0.2201016728944815
188.345,3.461054537924206,-0.6877071506676278,-1.9184841038111622,0.11578243186035635,-0.20980543508065808
188.4,3.4587793981187236,-0.6938722037328842,-1.9303919823753335,0.11948116547435261,-0.21650688298490592
188.461,3.4562604724251598,-0.7004470463038042,-1.9431504261870343,0.11542373877940029,-0.20915481658523435
188.50900000000001,3.4542288464417443,-0.7055745729843949,-1.9531445423601905,0.11490302749586365,-0.20821075360741428
188.554,3.4521460776846777,-0.7106815395221616,-1.963138660203625,0.12256322714641107,-0.22209150763193733
188.589,3.450653259238665,-0.7142547215300994,-1.9701558077939687,0.11064241565754764,-0.20048993115269884
188.62900000000002,3.4487636772933516,-0.7186793948715454,-1.9788740832680007,0.12028158136881952,-0.21795688685068934
188.67100000000002,3.4468355921043887,-0.72308742629288,-1.9875923600894014,0.11455388553537875,-0.20757801955715152
188.731,3.4438471422258923,-0.7297208744671777,-2.0007760983877674,0.12125898289453847,-0.21972897163952815
188.799,3.4407715008303295,-0.7363143481877068,-2.013959839914961,0.10699321852336671,-0.19387855187045966
188.868,3.436987181551996,-0.7441300529331216,-2.0296952776998367,0.12585044707076987,-0.22804982296925194
188.947,3.432811982419996,-0.7524070134845967,-2.0464939261209145,0.11734686794235485,-0.2126411192541287
189.017,3.428996714253811,-0.7596815222030117,-2.061378809250721,0.11734716353903044,-0.21264118756868522
189.07600000000002,3.425527380266118,-0.7660766127817445,-2.074562566737321,0.12331421345242038,-0.22345351672193292
189.127,3.4227260243561974,-0.7710981008972861,-2.0849819905969644,0.1127458445475504,-0.20430242862051118
189.17100000000002,3.4201660572764423,-0.7755821032449332,-2.0943382099505747,0.11734781885682743,-0.21264134894563494
189.24200000000002,3.4159470683951123,-0.7827665632367077,-2.1094357498108933,0.11734713308709736,-0.21264140648336652
189.30100000000002,3.41235895656065,-0.7886877390777265,-2.1219815967107727,0.11734747920295474,-0.21264147287932028
189.334,3.410133210933305,-0.7922783771986164,-2.1296366915133276,0.12801596015355782,-0.23197256977448155
189.42700000000002,3.404641375123733,-0.8008845686254384,-2.148136509628551,0.10977583157763797,-0.1989227754324716
189.508,3.39918871891206,-0.8090962312259993,-2.1659984107691006,0.12169286939856337,-0.22051729803150738
189.561,3.395539432010136,-0.8144196077206677,-2.1776937074224847,0.12177580114533496,-0.22066597459216403
189.639,3.3904633004459375,-0.8216092499089865,-2.193641844746407,0.11283367234813177,-0.20446329902463722
189.673,3.3881244841788165,-0.8248416949314357,-2.200871669131925,0.11734801093326765,-0.2126418936917506
189.721,3.3847128668613395,-0.8294702819799097,-2.211291124296809,0.11979248330556365,-0.2170719826017456
189.75,3.382883088383727,-0.8319117618897716,-2.2168198159427543,0.10520866208237978,-0.19064453951538196
189.817,3.378033972585455,-0.8382489776997311,-2.231279474833663,0.11909870581069497,-0.21581580434189448
189.88,3.373313591153248,-0.8442404666744608,-2.2451012128313312,0.1210726613120064,-0.21939266662969822
189.952,3.368063399670258,-0.8507097689403356,-2.2601988095159213,0.11571735335355084,-0.20968884284152117
190.03900000000002,3.3615741295736687,-0.8584385505009167,-2.2784860477737174,0.11599785124138273,-0.21019814089416575
190.101,3.3566537633995397,-0.8641124916103893,-2.2920951614433207,0.12113280244262184,-0.21950183338075666
190.163,3.351892578669505,-0.8694576675561073,-2.30506635285629,0.115454792162755,-0.20921276472527167
190.204,3.3487330193657026,-0.8729289869929369,-2.3135720547967367,0.1144858241973779,-0.20745614488895855
190.238,3.3458642624067045,-0.8760300970066357,-2.321227188358624,0.12425086872793491,-0.22515098711439294
190.324,3.339078796131051,-0.8831799533383813,-2.3390891725999747,0.11461778262047528,-0.207697491178464
190.39600000000002,3.333244629530795,-0.8891279733012278,-2.354186803440839,0.11571740251568216,-0.20968931723421916
190.416,3.331668200413816,-0.8907046986764955,-2.3582270145053563,0.11148084667199687,-0.20201055322604575
190.46200000000002,3.327825305439515,-0.8944955540941896,-2.3680085781417834,0.11734787155737629,-0.21264268774832015
190.52200000000002,3.3230972355386115,-0.899059494160967,-2.379916568695363,0.10952446951475821,-0.1984665092263174
190.565,3.3187443046953127,-0.9031666903040196,-2.390761344111427,0.1391799110459904,-0.2522040794434754
190.606,3.3152127541329794,-0.9064341728180335,-2.3994796904529876,0.11734797867273197,-0.21264259369662059
190.655,3.311129527743133,-0.9101417793050386,-2.409473889616981,0.11255815954787532,-0.20396324824473944
190.697,3.3075374561454605,-0.9133426101392215,-2.4181922312024744,0.1145539916466814,-0.20757956155935475
190.77200000000002,3.300716540586108,-0.9192687735277585,-2.4345656960960396,0.12047631510922181,-0.21831286524748597
190.84,3.2946128964111123,-0.9244087996292006,-2.4490253730787397,0.11734735772735282,-0.2126423085691706
190.90300000000002,3.288892266617484,-0.9290916687961676,-2.4624218333318284,0.11734751004192125,-0.2126422262394474
190.95600000000002,3.2840314424525774,-0.9329715814513085,-2.4736918675161936,0.1173477726308678,-0.2126421544219964
191.001,3.2797773975028526,-0.9362944653666316,-2.483473403837621,0.11995566248607539,-0.2173674738095611
191.06900000000002,3.2734297653170525,-0.9411299520853454,-2.4979330615580477,0.11734738134868787,-0.21264202530035298
191.142,3.266728207852329,-0.9460802704029632,-2.5130306395074746,0.11413230044075,-0.20681613629357842
191.208,3.260240445650251,-0.950726055520508,-2.527490286131875,0.12090337359186239,-0.21908555491514697
191.27,3.254363921115808,-0.9548133938274637,-2.5404614352313826,0.115454892561051,-0.20921208225008422
191.31900000000002,3.249507884303934,-0.9581066008076755,-2.5510935215440984,0.119742723183618,-0.2169813533207022
191.39000000000001,3.2427801035615467,-0.9625462840053979,-2.5656955167474487,0.11353005645319744,-0.20566190427254477
191.437,3.238127358834469,-0.9655339422759326,-2.576187252746807,0.1176465604684773,-0.22322842551827732
191.494,3.232887042764148,-0.9688143943847823,-2.5886561556686334,0.10846345414465931,-0.21875268283910487
191.561,3.2264946684609623,-0.972693648190654,-2.6039592488643697,0.11160253452440701,-0.22840437605574096
191.631,3.2200645883963506,-0.9764618159129471,-2.6193079096581076,0.10646932836158704,-0.2192665827677052
191.698,3.213863521153494,-0.9799722549916143,-2.633867131701454,0.10635458696193525,-0.2173018215424628
191.75400000000002,3.2082750888280414,-0.983034154947844,-2.6471649341131016,0.11379051083697254,-0.2374607573507984
191.836,3.2007644528182047,-0.9869977964041652,-2.6650945277095643,0.1035653145140538,-0.21865358044468447
191.901,3.1942434254831498,-0.9903010169081335,-2.680580834727515,0.11246044743485697,-0.2382508771992503
191.959,3.18854472920488,-0.9930851302282268,-2.693938754076425,0.10935225217985557,-0.2303089542915798
192.03,3.1817361256589405,-0.9962893239828366,-2.7098235379295907,0.10598433844960484,-0.22372935004459402
192.113,3.173696570842506,-0.9999042368102283,-2.728443049176788,0.10620332359319828,-0.22433146080960895
192.199,3.1650850145379983,-1.0035799719421672,-2.7481390030538897,0.10887467722806439,-0.22902271950114944
192.276,3.156867042865895,-1.0069154624827825,-2.76484262482051,0.11518283920781304,-0.2169301528132532
192.36100000000002,3.1478746834168283,-1.0103824213413366,-2.782585359287228,0.11338291809616194,-0.208738052549607
192.43900000000002,3.139173927470273,-1.0135651645774946,-2.799564522869832,0.11877705826805088,-0.21768158439235052
192.475,3.135450077899865,-1.0148763269809944,-2.8068383208609515,0.10966490229711773,-0.2020499441979155
192.524,3.1298466012576993,-1.016792056583123,-2.8177497441404475,0.12085522399857439,-0.22268210774478664
192.58200000000002,3.123670007564925,-1.0188248675404388,-2.829720930175319,0.11211223307174013,-0.2063997592218465
192.65200000000002,3.115804961870914,-1.02129615133626,-2.8448558085320848,0.11777372577677703,-0.21621254795381747
192.725,3.107568731257412,-1.0237447714757928,-2.8605899154020706,0.1177056221828077,-0.21553571054781367
192.793,3.1001912065955275,-1.0258191005211086,-2.8746641325727933,0.11269994834723145,-0.20697378192235533
192.859,3.092921800219921,-1.0277551039136033,-2.888425665345778,0.11398167553401892,-0.20850807231793952
192.93900000000002,3.0837964097950965,-1.030032774588847,-2.9057304948087657,0.11756682548549531,-0.21631036828731415
192.988,3.0781925106600316,-1.031355505418673,-2.9158257622570463,0.11750796824326065,-0.20602586629153255
193.068,3.067927690761103,-1.0336588080804063,-2.929229210102959,0.13150079058041445,-0.16754309807388168
193.137,3.059023274046837,-1.0355284468980677,-2.940205947665336,0.13186350081051929,-0.1590831530779582
193.205,3.049565245580649,-1.0374022063217572,-2.9520026131968677,0.141791915899984,-0.17348037546366896
193.287,3.038615385905755,-1.0394275435452727,-2.9655451947537776,0.1357999071363242,-0.16515343362086532
193.36,3.0287111977036676,-1.0411283679538097,-2.9776681441705195,0.13765981524999749,-0.16606780022932344
193.443,3.0178549805966415,-1.0428511093258,-2.990974645815158,0.1324344055844335,-0.16031929692335625
193.519,3.007547781834457,-1.0443473800627596,-3.004401388930598,0.13704259884848988,-0.17666767257159732
193.614,2.9954143202185146,-1.0459189628443748,-3.0214619388454778,0.12878755433797395,-0.17958473594610433
193.697,2.9844553375004836,-1.0471685490995317,-3.034815928520191,0.13289149418516177,-0.16089144186401802
193.729,2.979675162153184,-1.0476737073098823,-3.038934681362324,0.1502122884778919,-0.12871102631661777
193.791,2.970345893194446,-1.0486016153264766,-3.0459177785247213,0.15121453548478242,-0.11263059939353338
193.81400000000002,2.96692728636393,-1.0489262025047197,-3.048006205407592,0.14930354699530216,-0.0908011688203585
193.88500000000002,2.956668323337859,-1.0498608250338384,-3.053502146004116,0.14509082424724726,-0.07740761403555194
193.959,2.9458101519003765,-1.0507919630691824,-3.058343496648377,0.1472705808939299,-0.0654236573548934
194.035,2.934057944899547,-1.0517570635893916,-3.060422754876683,0.1551548397835333,-0.027358660898765708
194.12300000000002,2.9211156710229234,-1.0528065636308341,-3.06094182071535,0.14755405204221164,-0.005898475439397608
194.184,2.9120408790833134,-1.0535384134723376,-3.0613057634020056,0.14925007641472982,-0.005966273551731864
194.267,2.9002877110068814,-1.0544809944313858,-3.061990107877231,0.14205908513437485,-0.008245114159341874
194.298,2.8950798936910975,-1.0548945436956372,-3.062865512782405,0.16852294664780407,-0.02823886790883382
194.354,2.886746065675742,-1.055543863862044,-3.0648904841624405,0.14926937930537737,-0.03616020321491296
194.386,2.881834410395754,-1.0559184300137263,-3.0661378975648965,0.15393490339698335,-0.03898166882677297
194.43900000000002,2.8740939139328843,-1.0564961672692008,-3.068072666270738,0.1464533428790268,-0.036505069921520555
194.476,2.8685855903078754,-1.0568981908819313,-3.069439252812033,0.14926959286333835,-0.036934771386375416
194.523,2.86188548901755,-1.0573770276627168,-3.0711807130951514,0.14291893691007168,-0.037052346449327415
194.579,2.8535459357671886,-1.0579547383303607,-3.0739305093525604,0.1492774882720537,-0.049103504596579285
194.627,2.846098034223503,-1.0584490301943417,-3.0770777120523753,0.15550595325558408,-0.06556672291280885
194.669,2.8399890951092854,-1.0588348648079937,-3.0803381344184637,0.14574074893980543,-0.07762910395448198
194.702,2.8349219093782025,-1.0591385490008385,-3.0833646123478164,0.1538265970734976,-0.0917114524046643
194.761,2.826126263650132,-1.059626540189044,-3.089205705198372,0.1493080075498318,-0.09900157373823218
194.812,2.8183714654435854,-1.0600121492649484,-3.094945414880634,0.1522427360057859,-0.11254332710314097
194.865,2.8104648735186544,-1.060356546595953,-3.1013750306952983,0.14932243478367158,-0.12131350593707023
194.916,2.8027053333499152,-1.0606441648621974,-3.107835964783556,0.15225232993721993,-0.12668498212272739
194.987,2.792555732977048,-1.0609446245938847,-3.1162848783310664,0.14301474183288534,-0.11899878235930682
195.042,2.7840462467067697,-1.0611304462373272,-3.1233928819159904,0.1547548167634025,-0.12923642881678446
195.091,2.776952151944064,-1.061238198794801,-3.1296331241983877,0.14479414377517175,-0.12735188331421304
195.142,2.7693774027328817,-1.0613025708308912,-3.136725666958137,0.14852985746566968,-0.13906946587746963
195.197,2.761820199355712,-1.0613129330624658,3.1393135905744183,0.1374038269340046,-0.1299281754005525
195.27700000000002,2.7487129940106647,-1.0612024153631454,3.1268701981968103,0.16384589087340973,-0.15554240472007494
195.35,2.7391024476983263,-1.0610177176252433,3.117745041841072,0.1316756291885737,-0.125002141859463
195.406,2.731119813776869,-1.0607980979507294,3.11027501375283,0.14260097246745213,-0.13339335871858027
195.442,2.725685211626221,-1.0606152431567952,3.1056391803156402,0.15104659675604576,-0.12877315103304715
195.50400000000002,2.716745716572825,-1.0602652838034652,3.099529836144658,0.14429584608129506,-0.09853780920937315
195.577,2.7055602527786418,-1.0597635656014426,3.0943762692798735,0.15337959309145252,-0.07059680636692994
195.66500000000002,2.6925894764538394,-1.059129961885099,3.091493309740968,0.14757093656742504,-0.03276090385119303
195.732,2.682602132801402,-1.0586227306392986,3.0903614198832634,0.14925695277766787,-0.016893878473205396
195.786,2.674702319315521,-1.0582163900734003,3.0900401952730148,0.14648624069526273,-0.005948603893493076
195.84900000000002,2.6650140487740317,-1.057714637268452,3.0896523891059924,0.15398816919337632,-0.006155653444798163
195.92100000000002,2.6542826540757947,-1.0571544649809033,3.089222819175978,0.14925007054372488,-0.0059662490279762505
195.98600000000002,2.6447438393478104,-1.0566526614102951,3.088840979225404,0.1469539180181908,-0.005874460778060941
196.04500000000002,2.6359504148430934,-1.0561868346681949,3.088488970492351,0.1492500731526067,-0.005966249712768041
196.066,2.6326715528426465,-1.0560123442679918,3.0883577129942887,0.1563572202118013,-0.0062503570505795785
196.125,2.624027390362669,-1.0555502611671788,3.088011670489547,0.1467204109602106,-0.0058651271990156
196.197,2.613744026780923,-1.0549966456276525,3.087599999214978,0.14303131989959045,-0.00571765659123563
196.26600000000002,2.602864775272609,-1.054406328644896,3.0871644629152817,0.15790225037150113,-0.006312120285450213
196.30800000000002,2.5966055967338604,-1.0540645475406842,3.0869138803757172,0.14925007226821205,-0.005966250942010438
196.395,2.5840874975715264,-1.0533762800290187,3.0864127152717,0.1441035169487482,-0.005760518436982693
196.46200000000002,2.5735069933705668,-1.0527896377217763,3.085989111407852,0.15816052366493813,-0.0063224457290721
196.544,2.5612875666642956,-1.0521065298996546,3.085499878746588,0.14925007128472342,-0.005966251966634538
196.632,2.54862144210438,-1.0513921201488512,3.084992747295733,0.14416200060992349,-0.005762857396078845
196.703,2.537892774100706,-1.0507819482063587,3.084563177098558,0.15135218537421283,-0.006050284467251192
196.788,2.525227324284659,-1.0500556743472347,3.0840560455836368,0.14925007126691858,-0.005966253116722181
196.857,2.5153932299946145,-1.049487314143157,3.083662272853725,0.1427609384038269,-0.005706851158144773
196.917,2.5060063494561833,-1.0489411761470007,3.0832863988646624,0.1567125756791864,-0.006264566484374257
196.95600000000002,2.5000465321093874,-1.048592590626627,3.083047748702782,0.15307699753499515,-0.006119234920005074
196.999,2.4936398214429385,-1.0482162748216912,3.082791199770023,0.14925007262953932,-0.005966254250213752
197.026,2.4899150341116485,-1.047996730914307,3.0826420434095727,0.13819451208183625,-0.005524309646305026
197.096,2.4794858012240466,-1.0473789829194713,3.0822127808581627,0.1492501743129476,-0.006132322163000013
197.142,2.472781433529704,-1.0469795123346015,3.0819364528786974,0.1460056109720422,-0.006007129988377255
197.223,2.46294856200528,-1.046390238392594,3.081529311599008,0.12161127149925191,-0.005026435551719014
197.251,2.4560954886891038,-1.0459771581512447,3.0812414954103833,0.24519684190251048,-0.010279149593747169
197.305,2.4480507300722705,-1.0454897567130501,3.0809094365816874,0.14925018509897775,-0.006149237568442612
197.362,2.439559215093475,-1.0449723404471483,3.0805527947514744,0.14925025124561161,-0.006256874214264486
197.429,2.429727168178071,-1.0443694643372772,3.0801456533952893,0.14702258192846168,-0.006076736659477334
197.477,2.4228746753252386,-1.0439469280938691,3.0798642305700348,0.14303140919733576,-0.0058629755261364975
197.50900000000001,2.417660901919432,-1.0436241442975542,3.0796504712535273,0.1632423623136762,-0.006679978640856111
197.56300000000002,2.410063812248567,-1.0431518017723638,3.079337182978528,0.1409585046883868,-0.005801634722207423
197.621,2.4011262510691878,-1.0425930481789636,3.0789699075708454,0.15439672540211177,-0.0063323346152191675
197.681,2.3921888947693217,-1.0420310386091112,3.078603794982727,0.14925015576704564,-0.006101876468640975
197.761,2.380272744166938,-1.0412766005365515,3.078120681973324,0.14925011619764847,-0.00603891261754095
197.83100000000002,2.3698464075372536,-1.0406116740990656,3.077682700609888,0.1492502505263674,-0.006256876620507307
197.901,2.359420367847199,-1.039942275088326,3.0772621563089806,0.1492500973603721,-0.006007775727251211
197.96300000000002,2.350037168818559,-1.039335990900882,3.076867973036088,0.1516575127637085,-0.006357794724070131
198.037,2.3393138094662875,-1.0386386370072165,3.0764299742383407,0.14521635596079946,-0.005918902672263706
198.10500000000002,2.3290375471902576,-1.0379659637329772,3.076018302301848,0.15144492622395134,-0.0060539990660699585
198.136,2.3244207631215446,-1.0376623614563967,3.075827535872647,0.14925018795665593,-0.006153755780678853
198.196,2.315634141997852,-1.0370821371738927,3.0754697141431837,0.14676263052717642,-0.005963695491054831
198.28300000000002,2.302529061971634,-1.0362108250242603,3.07493305846276,0.15096567098616875,-0.006168456096821786
198.371,2.2897222777108857,-1.035352578664554,3.0744141476263174,0.14585806506334775,-0.005896714050486002
198.40800000000002,2.283765787621914,-1.034951130107259,3.074175497159715,0.16135143085732567,-0.006450012610872424
198.471,2.274384508498987,-1.0343159434688427,3.073793810294565,0.14925012870716353,-0.006058521669049627
198.53300000000002,2.2653012806489117,-1.0336974898138764,3.073424055932771,0.1468428704089174,-0.005963780028934082
198.574,2.2591962897700855,-1.0332799421805512,3.0731791487325846,0.14925007791115474,-0.005973346346011181
198.619,2.252495803923093,-1.0328198981917311,3.0728993326162692,0.14925022663906398,-0.006218135918120273
198.692,2.241477510169033,-1.0320593856916476,3.072452016782044,0.1512946422619332,-0.006127614167469284
198.757,2.231948452064106,-1.0313976870986004,3.07207017591733,0.146953918144485,-0.005874474841751324
198.81400000000002,2.223312959001034,-1.0307948715026782,3.0717183202514775,0.1518685576855335,-0.006172906418465022
198.88,2.213486621281931,-1.0301051832831065,3.0713129220891777,0.14925017885572947,-0.006142396398484018
198.947,2.2036605656993284,-1.0294115366772325,3.070913336265061,0.14702251205987912,-0.005963967524127537
198.98000000000002,2.1990453945545223,-1.0290843791432849,3.0707283820549622,0.14020461483155305,-0.005604673033297303
199.049,2.18847539033386,-1.0283318462825146,3.0702989648684516,0.15357621303347604,-0.0062234374856631235
199.106,2.1801387127385494,-1.0277350574762476,3.069953229275708,0.1466317743766261,-0.0060655367147981875
199.144,2.1741840707455853,-1.0273070395656763,3.069711091410498,0.1571053967118389,-0.006372049084471601
199.21200000000002,2.164061418036026,-1.0265760298762496,3.069291435463998,0.14925019709574894,-0.0061714109779426535
199.23600000000002,2.1607865094220524,-1.0263386296731574,3.0691595965512715,0.13681258271345412,-0.005493288030270656
199.273,2.1551299187124577,-1.025927531541987,3.0689218349343177,0.1532840408283069,-0.006425989647403028
199.30700000000002,2.1500688415820624,-1.0255585668995062,3.068709100849307,0.14925025032054454,-0.006256884853257436
199.335,2.145900955084876,-1.0252539051364256,3.068534489121756,0.14925023776739174,-0.006236133126813769
199.37800000000001,2.139351531369528,-1.02477371757837,3.0682719733686477,0.15272100476670666,-0.006105017514148578
199.45700000000002,2.1278903395692463,-1.0239292155918525,3.0678009460488216,0.1454716792634266,-0.005962371137038243
199.49200000000002,2.122383158788509,-1.0235214966369108,3.067580194140266,0.15777864861097898,-0.006307197387301404
199.565,2.1115179006031393,-1.0227134399342481,3.067129253989448,0.1492502002297844,-0.006177262339973339
199.61,2.1054156587725994,-1.0222574609471347,3.066882602473313,0.13598342708580896,-0.005481144802998289
199.678,2.0952951155300563,-1.021497865975897,3.0664705027809256,0.14925012971756532,-0.0060602895939358015
199.72,2.088746692956381,-1.0210041241943084,3.0661969432683622,0.15635737879549863,-0.006513321727698786
199.774,2.0814542926689583,-1.0204521936840005,3.065898783706265,0.13543068682117965,-0.005521473372170572
199.82500000000002,2.0731203249241292,-1.0198187783119286,3.06556467260355,0.16388243435356895,-0.006551198092450563
199.886,2.0640424923201257,-1.0191256377087001,3.065197242896896,0.14925010859607313,-0.00602343781400282
199.937,2.056453022157803,-1.0185435155022966,3.0648790132549197,0.14925023898202971,-0.006239796901491007
199.99200000000002,2.048268507441949,-1.017913062633799,3.0645398250604545,0.14925019423929017,-0.006167058081184907
200.026,2.0429114901872167,-1.0174989044638822,3.0643244578868063,0.1580294989577908,-0.006334328636714136
200.09400000000002,2.032792920331269,-1.0167134139290603,3.063906545661484,0.14925018134921864,-0.006145768019447486
200.14100000000002,2.025948192890573,-1.0161796487541206,3.0636245410954697,0.14607463659546757,-0.0060000971492371186
200.203,2.0165741394677954,-1.0154455124203532,3.0632451783620636,0.15165736627509185,-0.00611875376461628
200.26000000000002,2.0082418818916614,-1.0147899840765562,3.062911067112623,0.14663165212497944,-0.005861600867373458
200.292,2.0033319012478175,-1.0144023806429245,3.0627083679376605,0.1539142489822111,-0.006334349217585646
200.352,1.994404869175679,-1.013695130627416,3.062350391383412,0.14925007370314436,-0.005966275904145441
200.374,1.9909829068937184,-1.0134231707361563,3.0622122954304416,0.1560341933919909,-0.006277088771375533
200.44500000000002,1.9807172451905752,-1.0126044209788503,3.061792194640598,0.14504591709365852,-0.0059169125330072285
200.495,1.9738736591788153,-1.012056170953497,3.061504377613948,0.1373102291756712,-0.005756340533002744
200.574,1.9615258505496518,-1.0110620799295664,3.061002783078235,0.15680708712014985,-0.006349297920416696
200.632,1.9528975606569678,-1.0103637393326497,3.060656739152695,0.14925007350614994,-0.0059662745782775
200.681,1.945757088961004,-1.0097835151167145,3.060364545594626,0.14620422432678498,-0.005963133838143832
200.74800000000002,1.9354929586517804,-1.0089458051532334,3.0599470602385312,0.15370535136569993,-0.0062311247178282484
200.78900000000002,1.9296916452359536,-1.0084704124720179,3.0597042040379225,0.14196973215552258,-0.005923321966066554
200.84400000000002,1.92121301316704,-1.0077730992498024,3.059356860675443,0.15467742759763384,-0.006315333863261677
200.89000000000001,1.9148170147250039,-1.0072451216164124,3.0591003107977603,0.13951637444789092,-0.005577171253973863
200.958,1.9045539513609229,-1.0063944725278442,3.058687475424861,0.15144493892418942,-0.006071108424989054
201.011,1.896968435193096,-1.005762980788412,3.05837854522755,0.14361804758382787,-0.005828871647380535
201.071,1.8880445490485547,-1.0050170842476076,3.0580205685899378,0.14925007497700932,-0.005966277293537747
201.13400000000001,1.8782285819724578,-1.0041928434595149,3.0576151695369886,0.15635732999258253,-0.006434905602365257
201.15900000000002,1.8745105006281677,-1.0038796030724288,3.0574642690616702,0.1492501171743776,-0.006036019012734832
201.211,1.866777044342192,-1.00322624874656,3.057149953757249,0.14925012017955452,-0.006044525085023265
201.234,1.8635052568288264,-1.0029490982601468,3.0570128834511063,0.14276109251601754,-0.0059595785279461825
201.27800000000002,1.8566643713251327,-1.0023681769228698,3.0567326220867335,0.156034246205797,-0.006369576463018139
201.327,1.8498236494619158,-1.0017853473366956,3.05645468601908,0.14011235738947012,-0.00567216464598723
201.37,1.8423882681710846,-1.0011496684728105,3.0561540469269306,0.17354663052937613,-0.0069916067941760045
201.43,1.8343582697253913,-1.000460621343457,3.055826055465017,0.1343251248363691,-0.005466524365223524
201.488,1.825733706010764,-0.9997175669054695,3.055464318029713,0.1492502359352368,-0.006236852332831993
201.523,1.8200832797171018,-0.999229060552183,3.0552358554866794,0.16204296673165502,-0.006527501229530561
201.577,1.812499988774013,-0.9985714167471026,3.054931575176757,0.140958404908073,-0.005634820554115428
201.62300000000002,1.805808950683187,-0.9979890728278096,3.054555945188232,0.14600721680700202,-0.008165869315765047
201.649,1.801496963565051,-0.997611945619734,3.0540946228174195,0.16647875034570064,-0.017743168108178085
201.71900000000002,1.7912379625005237,-0.9967042727165528,3.0524337257827208,0.1471296616420829,-0.023727100495688942
201.78900000000002,1.780683214047862,-0.9957502117364725,3.050403041385149,0.15139686140540776,-0.02900977710817318
201.848,1.7722111032381567,-0.9949683571383404,3.048701290516651,0.14420527656140084,-0.028843235059285554
201.928,1.7600254069140864,-0.9938174208979041,3.0460224058080465,0.15299910596760313,-0.033486058857563616
202.011,1.7479911182383359,-0.992642768176103,3.0422368263499915,0.14568049406297906,-0.04560939106090475
202.09900000000002,1.73521928369367,-0.9913416118664118,3.03784275713751,0.14588570922933458,-0.04993260468727751
202.14100000000002,1.7285386590658376,-0.99063841241828,3.035543534707002,0.1599412358105728,-0.05474339120257086
202.216,1.7172595230632215,-0.989415279586781,3.031513728168245,0.15127015591041987,-0.05373075385009789
202.276,1.709100123263707,-0.9885017942885123,3.0286253004987884,0.13683958621367148,-0.04814046115761049
202.324,1.701239944484676,-0.9875993486884701,3.025843769713649,0.1648294816749627,-0.057948558023738245
202.398,1.6902696300883957,-0.9863027747403749,3.0219911969605007,0.14927931445664847,-0.052061793961473646
202.454,1.6819711349969446,-0.9852934111175812,3.019049278075265,0.14927955782955346,-0.052534265807770576
202.49800000000002,1.6754529989206244,-0.9844830332907049,3.016697315509028,0.14927996973990396,-0.053453694687189454
202.538,1.6698252697862002,-0.9837709269866931,3.0147227096260876,0.14181508778748042,-0.04936514707351996
202.58,1.6636068534968433,-0.9829713570298346,3.012713633545155,0.14927643561892748,-0.047835144784102245
202.656,1.652654527942961,-0.9815362419068022,3.009975729678594,0.14534143489189139,-0.03602505087581055
202.687,1.6479195964933933,-0.9809070366527782,3.0089207593810996,0.15408241062862466,-0.03403129991916254
202.725,1.6420019010489506,-0.9801134051015449,3.0076132723848104,0.15712304935977095,-0.03440755253394328
202.782,1.6335710171756668,-0.978969452228089,3.005866678431461,0.14926559836572098,-0.030641999181559933
202.83800000000002,1.6251421993163777,-0.9778126231800588,3.0046062063936496,0.15192559096013517,-0.02250842924662609
202.91500000000002,1.6142016079939585,-0.9763002810896975,3.0039754619753274,0.1434366740201108,-0.008191485952236902
203.002,1.6011922428653254,-0.9744951376377651,3.0034504234163064,0.15096559072450072,-0.006034925965759077
203.056,1.5933575149852524,-0.9734046480568268,3.00313420697978,0.14648619705024285,-0.005855859935670887
203.13500000000002,1.5812366266659692,-0.9717131492686895,3.0028933554938533,0.1549157664544399,-0.003048752986416109
203.18800000000002,1.5734027288788053,-0.9706224748489666,3.0037842910933317,0.14923505585927693,0.01681010565053658
203.262,1.5621673001279193,-0.9690748067752532,3.0056701217332966,0.15326381939336137,0.025484197837369712
203.35,1.5494500601777446,-0.9673504642049439,3.0081230826584484,0.14583647887453308,0.02787455596763595
203.386,1.544125300256222,-0.9666385585255444,3.0092776937584906,0.14922608458177605,0.032072530556727236
203.45600000000002,1.5337694056261324,-0.9652733644018783,3.011957733625852,0.14922131802121588,0.03828628381943398
203.52700000000002,1.5235577457785319,-0.9639567584052484,3.014822053136841,0.14501670562534316,0.040342528323789574
203.58,1.5157114702651477,-0.962965317648683,3.0170221824251318,0.14922010880129966,0.04151187336398217
203.636,1.5075668231621873,-0.961954718972569,3.0193053352806394,0.14655546126212615,0.04077058670550546
203.699,1.4977902327136958,-0.9607665506370382,3.0220451184740518,0.1563258098609521,0.04348862211764557
203.78400000000002,1.4860837245482863,-0.9593795752292417,3.0253245556154873,0.1386868889897735,0.03858161342864964
203.864,1.473779908523471,-0.9579647578094708,3.029180281437751,0.15481117384567655,0.048196572778306954
203.96200000000002,1.4592454047275898,-0.9563657669846252,3.035219327775942,0.14920606641534584,0.06162292181826689
204.031,1.4490558943543568,-0.9553040993132845,3.0407593354730356,0.14847347577228548,0.08028996662455708
204.10500000000002,1.4385412716277344,-0.9542788542566144,3.048507059026113,0.14276335890294428,0.10469896693346402
204.18,1.428601701853086,-0.9533945022756392,3.057497260395824,0.13305111848467968,0.1198693515961643
204.229,1.4213023032631713,-0.9528043888458032,3.0644827522094245,0.14945333348520895,0.1425610574203953
204.26500000000001,1.4168722247016459,-0.9524711740122839,3.068738351486887,0.12340534742701659,0.11821109104061887
204.315,1.410303511985647,-0.9520124121708369,3.075143689542202,0.1316942658926677,0.1281067611063495
204.352,1.405743952813665,-0.9517189173885008,3.079593446271685,0.12348636235392436,0.12026369539140651
204.40900000000002,1.397401801322942,-0.9512339605049387,3.0876716370867903,0.14660062589493988,0.1417226458789997
204.45000000000002,1.391630923712286,-0.9509382838673118,3.093286085398569,0.1409377387549632,0.13693776370193306
204.53400000000002,1.3804874763913857,-0.9504595661107289,3.104074946877126,0.13278244448323936,0.12843882712567053
204.595,1.3724079046962945,-0.9501855177074674,3.111513899976736,0.13252816457519212,0.12195005081332799
204.657,1.3638299893104788,-0.9499562901732653,3.118254874045984,0.13840286550943579,0.10872538821365142
204.68800000000002,1.3593152649832703,-0.9498578806584802,3.1214049021365384,0.14567086253166533,0.10161380937270759
204.731,1.3532189359106956,-0.9497468628112465,3.125446835344513,0.14179860092853508,0.09399844669712759
204.788,1.3450985755722606,-0.9496368400132645,3.13075112978729,0.14247553778799954,0.09305779724167546
204.85,1.336087945070513,-0.9495653522998507,3.136690297361238,0.14533732384867912,0.09579302538628677
204.918,1.3266480220932984,-0.9495485375499166,-3.140156733356351,0.1388226169520179,0.09320994797054141
204.952,1.321519027499141,-0.9495644029748948,-3.1367351565149413,0.15085350388864624,0.10063461298266087
204.997,1.3151097746469753,-0.9496087028436319,-3.132503817354239,0.14243124328035664,0.09402975912667928
205.03900000000002,1.3092481481991662,-0.9496730340656631,-3.128636368160928,0.13957093938229706,0.09208212365025976
205.084,1.3029555300760969,-0.9497675324045233,-3.1244580435843265,0.1398517253235564,0.09285165725783938
205.18800000000002,1.288193104127777,-0.9500844760028283,-3.1162411253956597,0.1419791142770994,0.07900882873717133
205.264,1.2765982991614802,-0.9504074323382801,-3.1112952392355537,0.15262239253269944,0.06507744947508379
205.352,1.2636234473728807,-0.9508301094517057,-3.1070394668815418,0.14751971208734685,0.04836104947741221
205.404,1.2557194609855709,-0.9511103483429274,-3.105294785223657,0.15209524646304107,0.03355157034394277
205.496,1.2417014955011423,-0.9516359841607888,-3.1031814240975493,0.15247627156482815,0.022971316588124107
205.598,1.2272357852648972,-0.9521975578790416,-3.102727837377464,0.141927515357434,0.004446928628286297
205.649,1.2167953240052378,-0.9525992149611737,-3.104093492992134,0.20486636310174802,-0.026777561071966195
205.717,1.2085902502353216,-0.9528966872031924,-3.1069370136499663,0.1207421232077698,-0.04181648026223277
205.77200000000002,1.2005321313621584,-0.9531596565874786,-3.1114140290871637,0.1465892475407849,-0.08140028067630559
205.81400000000002,1.194263674237887,-0.9533366788607869,-3.1155415572781373,0.14930848084181034,-0.09827448073746335
205.88500000000002,1.1838332165320709,-0.9535692018665262,-3.123550919839702,0.1469443544512773,-0.11280792340232301
205.929,1.1774211926527267,-0.9536672702103981,-3.1293138753248897,0.14574485877090707,-0.1309762610270442
205.976,1.1709799679706703,-0.9537249410593072,-3.136341138925983,0.1370528266365507,-0.14951624683178158
206.011,1.1661179352596103,-0.9537364364168663,3.1408392561383223,0.1389156085811947,-0.17156891757948028
206.05700000000002,1.15986380013012,-0.9537070960616875,3.1326257439210883,0.1359609554802046,-0.17855461341804985
206.125,1.1512557290861767,-0.9535803429853666,3.1200294279209775,0.12660300304738425,-0.18523994117814455
206.205,1.1416082435878094,-0.9533038025796768,3.1042246734892514,0.1206431016451238,-0.19755943039654575
206.257,1.1357631298481055,-0.953060670694244,3.093618367300789,0.11250323424640929,-0.20396742670122667
206.30700000000002,1.1304002129174808,-0.9527812392219215,3.083353301752048,0.10740383596965525,-0.20530131097477472
206.347,1.12579286775902,-0.9524935218269356,3.0740519137853464,0.11540800099152969,-0.2325346991675877
206.428,1.116926619931509,-0.9518130574166161,3.0555607958159503,0.10978174739479328,-0.22828540702961245
206.49200000000002,1.110067218577705,-0.9511729935301871,3.0411058807242126,0.10764374100862655,-0.2258580483083259
206.553,1.1034975829763656,-0.9504664865320893,3.027365363393282,0.10831992993869408,-0.22525438247434781
206.586,1.0999379078822236,-0.9500451049296553,3.0199211527534824,0.10862209546939469,-0.22558214059988918
206.657,1.0925245891193178,-0.9490817089145347,3.0043755465121906,0.10529092423813186,-0.2189522005815803
206.70100000000002,1.0884559675243168,-0.9485033106974334,2.9958259195743997,0.09339837966911962,-0.19430970313156287
206.747,1.0829962307880765,-0.9476711154811464,2.984355495354976,0.12006077955703101,-0.24935704824838278
206.78400000000002,1.078703632144976,-0.9469712706943928,2.9753205303599732,0.1175479506351756,-0.24418824310814272
206.81900000000002,1.0750600261030463,-0.9463459616278446,2.967672559007418,0.10562496774059657,-0.21851346721588524
206.865,1.070149028768328,-0.9454582346610686,2.9573629562778656,0.10849101168670798,-0.22412179846856792
206.919,1.0645033897887337,-0.9443723214404658,2.9455193943192453,0.10646529186199165,-0.21932522145592415
206.95100000000002,1.0610015553690015,-0.9436651671194002,2.938137372354648,0.11164130417486817,-0.230688186393594
207.026,1.0529290048203754,-0.941928600100081,2.921010250602518,0.11009631126950745,-0.22836162336176266
207.09,1.0463613764490685,-0.9404082281191237,2.906970101150113,0.10533298366270015,-0.21937733519385497
207.162,1.0388935727174073,-0.9385621520149657,2.8910695718706476,0.10684166196964744,-0.22084068443701096
207.24800000000002,1.0298437429470917,-0.936153345016182,2.8717168274687257,0.10889444556241122,-0.22503191165022157
207.339,1.019690785783288,-0.9332348252011824,2.85136948878209,0.1160890568995338,-0.2235971284246183
207.401,1.0131327801941679,-0.9312296243656318,2.838122555125885,0.11060832135898081,-0.21366022026132836
207.465,1.0061746342013886,-0.9289975351867482,2.8240069675171346,0.11417804267688285,-0.22055605638674966
207.54000000000002,0.9983762326302431,-0.9263664933897487,2.808201546598258,0.10973701735603875,-0.21073894558497194
207.609,0.9908966835214286,-0.9237139554829706,2.793073228881111,0.1150140510105804,-0.21925098140796534
207.65300000000002,0.9862923498324004,-0.9220174060866585,2.7838617354278403,0.11152161469616188,-0.20935212393791902
207.723,0.9783829639290738,-0.9189935560959699,2.768980606427221,0.12096723635858403,-0.21258755715172703
207.773,0.9727938054531656,-0.916777003760422,2.7589391352998764,0.12025272840990008,-0.20082942254695724
207.836,0.9660041156214694,-0.9139972398898718,2.7467193675571915,0.11645534817939306,-0.19396456734415463
207.89100000000002,0.9601254710835916,-0.9115125784746538,2.736633513534182,0.11603932640726719,-0.1833791640546922
207.93200000000002,0.9550714240498985,-0.9093219349204975,2.7284330923671964,0.13435086537443944,-0.2000102723655208
207.99800000000002,0.9475253045677806,-0.9059626875538238,2.717136176802485,0.1251523058424823,-0.1711653873441049
208.03400000000002,0.9427193912447936,-0.9037712935095574,2.7102308383374933,0.1467208725728547,-0.19181495736087467
208.08800000000002,0.9366708645452501,-0.9009565070216634,2.701859579543016,0.1235446113362815,-0.1550233110088332
208.167,0.9264262277156347,-0.896061185463191,2.6900671052334544,0.1437234370693335,-0.14927182670335115
208.22400000000002,0.919631969223541,-0.8927387220768639,2.6835586551049473,0.13268623144251396,-0.11418333558781095
208.27,0.9126948220017931,-0.8892934604860768,2.6776854099246976,0.16838193460216333,-0.12767924304892744
208.31400000000002,0.9070925810306395,-0.8864754232703915,2.6733353331058387,0.14252453328004214,-0.09886538224676827
208.362,0.9008376202970438,-0.8832945680672354,2.66901531632548,0.1461935634257529,-0.09000034959085737
208.40300000000002,0.894860952212863,-0.8802262532659044,2.6655408452228415,0.16386018094265192,-0.08474319762527545
208.452,0.8882325380977848,-0.8767933486957121,2.6618557374554803,0.15233939654781267,-0.0752062809665885
208.517,0.8797665047201922,-0.8723641468930116,2.657238195138451,0.14699478697801924,-0.07103911256968179
208.58,0.8717161875415012,-0.86810694729637,2.653031158650345,0.14455024477175882,-0.06677835695405203
208.657,0.8614482303870307,-0.86261478626276,2.647757282066594,0.1512274939424952,-0.0684919036850767
208.725,0.8527824959909907,-0.8579257876772323,2.6433925105062173,0.14489709715004095,-0.06418781706437919
208.806,0.8417832243191395,-0.851903123640958,2.6378106833135413,0.15481720684791864,-0.06891144682314543
208.898,0.8301663590351754,-0.8454545179316344,2.6317930486273853,0.14442052035281588,-0.06540907267561985
208.966,0.82092670667725,-0.8402605733682282,2.6270901807453173,0.15587419222743365,-0.069159821795105
209.042,0.811322923592913,-0.8348006219121048,2.6221372637507607,0.14535973586463866,-0.06516996045469746
209.113,0.8020046073253072,-0.8294430574682451,2.617410648349085,0.15139011669753236,-0.06657204791092623
209.156,0.7967096412949609,-0.8263726691072365,2.6147352291343506,0.14234372499858294,-0.062219051505443455
209.21300000000002,0.7891045444816431,-0.8219293498859614,2.610841341992287,0.15452603618101368,-0.06831380950986657
209.27,0.7819021797491816,-0.8176847048571345,2.607187108985205,0.14666820821000076,-0.06410935100145425
209.316,0.7757411043300597,-0.8140255101833983,2.6040549084820266,0.15577805812564097,-0.06809131528649877
209.364,0.769591520473996,-0.8103470356906627,2.6009227072524292,0.1492873060177844,-0.06525419228327548
209.416,0.7629424894754588,-0.8063404083467179,2.597586123035524,0.14928661213884806,-0.06416508109433773
209.464,0.7570717017721987,-0.8027778847538461,2.5946929813081865,0.14306558477833312,-0.06027378598619934
209.507,0.751975065230022,-0.7996662428247651,2.5921772053637215,0.13887054941875168,-0.05850641731312967
209.592,0.7405363629145326,-0.7926182340436462,2.586516707674883,0.15806719189785828,-0.06659409045691567
209.645,0.7339455792724805,-0.7885165754724848,2.5832461967477682,0.14646910116905013,-0.06170775334179458
209.673,0.7304022621985096,-0.7862990681431407,2.58148515205242,0.14928586227948615,-0.06289445340532014
209.71,0.7257260217126091,-0.7833592261435047,2.57915805690159,0.14928584820375124,-0.06289446353592545
209.731,0.7230749866393135,-0.7816858287848529,2.5778372729736234,0.1492858713434212,-0.06289447276036164
209.757,0.7196697646595012,-0.7795291754470184,2.5761391220041325,0.15502762853293378,-0.06531349882654626
209.80100000000002,0.7141283760877145,-0.7760022485689406,2.573371764374647,0.14928583520335148,-0.062894491579201
209.847,0.7083455654239399,-0.7722986252391982,2.570478617101682,0.149285831290986,-0.06289450593403646
209.913,0.6999420016885062,-0.7668743227264813,2.5662646839943464,0.15154767923945345,-0.06384747132326155
209.99,0.6905622373698541,-0.7607603969637403,2.5615475929822975,0.1454081946706498,-0.06126092223440233
210.05,0.6833283889254473,-0.7560019954435343,2.5578997080173678,0.14430960962086917,-0.06079808274882665
210.092,0.6777279067180425,-0.7522919714994001,2.5550694516879044,0.15994911078027702,-0.06738705546340985
210.174,0.6677975046876018,-0.7456572912298787,2.5500378832445185,0.14564461463543768,-0.06136059077300386
210.22,0.6618553314823167,-0.7416525291089616,2.547018941167621,0.15577652011357346,-0.06562917558473595
210.282,0.65469144296787,-0.736789152542473,2.5431691301330592,0.1396570519632855,-0.0620937263638905
210.36,0.644964930340626,-0.730118981799186,2.537677441407018,0.1512039268248889,-0.07040626571847454
210.43,0.6360102021522123,-0.7239072289611497,2.53239645534389,0.15569005725613186,-0.07544265804469293
210.487,0.6290414787372152,-0.7190228003983692,2.527759716342216,0.14929891398995393,-0.08134629827500249
210.55800000000002,0.6203944004391433,-0.7128903820948902,2.5210558804060974,0.14930807638777413,-0.09442022445233748
210.64100000000002,0.6103434271589507,-0.7056389932136617,2.5114835491835543,0.14932212658113095,-0.1153292918378707
210.69500000000002,0.6039661583694467,-0.7009570263171919,2.504881684121725,0.1465075493417825,-0.12225676040423865
210.743,0.5982369987527407,-0.6966929937261626,2.4983674136771317,0.1487874075441586,-0.1357139675957735
210.83,0.5886290535131329,-0.6893980019877722,2.485564890874869,0.13866162649687766,-0.14715543450873558
210.916,0.5791559701274577,-0.681999965894331,2.471039408879614,0.1397625308079015,-0.1689009534332304
210.948,0.5741886816550467,-0.6780282854900004,2.463033168332726,0.19874656051039213,-0.25019501709017095
211.032,0.5670329567443048,-0.6721910577238156,2.4515461259907494,0.10993557881718831,-0.13675050407114236
211.08,0.5620846962469837,-0.6680755478207008,2.443930863116836,0.13408431691163095,-0.15865130987318632
211.15800000000002,0.554144356678312,-0.6613369560978245,2.4316537377538436,0.13351664597483875,-0.15739904311528283
211.215,0.5480712744313205,-0.6560673800366278,2.421938214200403,0.14106262494437713,-0.1704477816393434
211.268,0.5425596220505157,-0.6511939776458501,2.413009921990505,0.1388150571398568,-0.16845834358299175
211.312,0.53811560550962,-0.6471996650801234,2.405697748004716,0.13580152304519164,-0.16618577240425553
211.33800000000002,0.5355003785639727,-0.6448214333448399,2.4013935830225326,0.13595704031259695,-0.1655448070069847
211.42000000000002,0.5273095103104348,-0.6372382097696765,2.3878202079930757,0.13612487844217327,-0.1655289637738772
211.482,0.5211684179837779,-0.6314153352594895,2.377593741614561,0.13649667764759585,-0.164943006105121
211.53400000000002,0.5160068415314967,-0.6264274389312725,2.368573534375999,0.13803484099156818,-0.1734655238184282
211.56400000000002,0.5132425477932271,-0.6237174386321357,2.3634475308851632,0.12903669371649867,-0.17086678302785377
211.604,0.5095510668678954,-0.6200544435199413,2.3565099590554306,0.13001097216691498,-0.1734392957433507
211.662,0.50392172203863,-0.6143692936020336,2.34583677162293,0.13794229781154538,-0.18402047297417456
211.74200000000002,0.4967118086943653,-0.6069072540813132,2.3320132792502766,0.12970211317703473,-0.17279365465813842
211.79500000000002,0.49176944646369225,-0.6016706885541985,2.3224074121382956,0.13586027592423677,-0.1812427756977635
211.856,0.4859772986227347,-0.595403263966462,2.3110226849680524,0.13990205386158755,-0.1866348716433964
211.924,0.48045091244677773,-0.589287620726205,2.300045481124596,0.1212161168080538,-0.1614294682860942
212.001,0.4733360869786536,-0.581211032543799,2.2857432386994923,0.13978516279359834,-0.18574340811823564
212.067,0.4677764563239602,-0.5747317657659943,2.273667388144414,0.12935737808865017,-0.18296743265269313
212.11700000000002,0.4636661893831807,-0.5698345247154217,2.2642196331390356,0.12787066001528108,-0.18895510010752548
212.161,0.46018273106042595,-0.5656090811439183,2.2560961468275753,0.12445927522379291,-0.18462468889689784
212.225,0.45445904195799314,-0.5585118252138778,2.2426452301548645,0.14246338163503658,-0.21017057301112957
212.274,0.45113379533854986,-0.5542972673479706,2.2347429069353133,0.10955926830548482,-0.1612719024397987
212.34,0.4460593683581223,-0.547730538757926,2.2224751688992135,0.1257409021029389,-0.18587481872877806
212.369,0.44366303930237205,-0.5445707794548285,2.2166052907605125,0.13674695116430508,-0.2024095909897147
212.43300000000002,0.4390194313546271,-0.5383332688473118,2.2045744658688142,0.12150347353011501,-0.18798163893272263
212.483,0.43535051687890863,-0.533290043420727,2.1946413956496174,0.12473180209315549,-0.19866140438400517
212.548,0.4306785436165372,-0.5267112909877317,2.1817481842782573,0.12413708564683504,-0.19835709802093024
212.61100000000002,0.4261155129487063,-0.5201067653464324,2.1687422721845286,0.12742088364092255,-0.20644304910675038
212.68800000000002,0.4210256403177718,-0.5125163886885079,2.153963159477024,0.11868781446635837,-0.19193652866889463
212.749,0.4168481601092577,-0.5060993264136355,2.141546395326729,0.12552499708992546,-0.20355351066064548
212.82000000000002,0.41222765423290947,-0.498792713779628,2.12762355106133,0.12176026827875099,-0.19609639810413723
212.853,0.4099556321525892,-0.49511548303248337,2.1206680310962156,0.13098521321162626,-0.21077333227628173
212.88,0.4081564068225487,-0.4921624081569032,2.1150599995950365,0.12807460429304415,-0.20770487041414057
212.93800000000002,0.404482129335866,-0.4860135939064903,2.1035231545535753,0.12349959410022844,-0.19891112140443165
212.996,0.4010640363278655,-0.48014372336635736,2.0925121873442127,0.11711293670343945,-0.18984426223041287
213.08200000000002,0.3957335217701641,-0.47068205934059903,2.0749411493759107,0.12627793030566542,-0.20431439498022627
213.145,0.3921419339986595,-0.46407861991663485,2.0627276800598913,0.11931706538807056,-0.19386459231780478
213.21200000000002,0.388234938228098,-0.456669921441603,2.049192900540837,0.12501140874210165,-0.20201163461272628
213.287,0.3841421178659518,-0.4486370281047078,2.0346421610604932,0.12020615911656572,-0.1940098597379482
213.34,0.38108433501385364,-0.44244031853371674,2.02347519791392,0.1303789223588084,-0.2106974178598862
213.42000000000002,0.3768650761957775,-0.4335900684417293,2.007517797409047,0.12255679274358781,-0.19946750631088186
213.48600000000002,0.3734489532394522,-0.426144412179208,1.994146292016972,0.12412012941972599,-0.2025985665465814
213.55800000000002,0.37003539911190375,-0.4184293714385889,1.9803725089326503,0.1171733420757155,-0.19130254283779338
213.625,0.3667286258353082,-0.4106679575250864,1.9665765562142574,0.12591770097184724,-0.20590974206562984
213.68200000000002,0.364031698461979,-0.404109264034316,1.9549861459656626,0.1244129057539698,-0.20334053067704444
213.714,0.36262163834999517,-0.40059094719508165,1.9487539394411661,0.11844872514691608,-0.1947564538906207
213.735,0.36163415995183024,-0.3980888311528394,1.9443275772219768,0.1280916823340624,-0.21077915329458036
213.77200000000002,0.3599987307481661,-0.39387077281087923,1.9368020534910053,0.12227047594903014,-0.20339253326946583
213.815,0.3581554266659841,-0.3889996984422769,1.9280860270723723,0.12112045737235885,-0.20269828880552268
213.84,0.35710404911416843,-0.38616224739592964,1.9230022936079234,0.1210389900610533,-0.20334933857790988
213.92000000000002,0.3538390207316458,-0.3770535891022221,1.9066963396249927,0.12095199606285985,-0.20382442478660145
213.971,0.35211893010171436,-0.37205797294099163,1.8976805088010287,0.10359714919640309,-0.17678099654835758
214.023,0.34986933282548505,-0.3652908995470989,1.8855727745742557,0.13713840326737867,-0.2328410428225918
214.054,0.3488031046609601,-0.36198398273946775,1.8796095871827452,0.11208246031338433,-0.19236088359707532
214.09600000000003,0.3472501966126269,-0.3570459935675131,1.870824613435143,0.12324794909104164,-0.20916604160942748
214.136,0.34585220338892714,-0.3524621131941778,1.8625982267672454,0.119808034816641,-0.20565966669762567
214.17600000000002,0.34459267201412125,-0.3482119162177905,1.854988819913774,0.11082247521992085,-0.19023517133668605
214.22,0.3430069432158715,-0.34268408523959926,1.845117158116331,0.13069950699468885,-0.22435594994197516
214.304,0.3403939805436612,-0.33308955373811056,1.828047412508835,0.1183806367196256,-0.20321125723208716
214.36800000000002,0.33849121385165504,-0.3256617148612486,1.8148852014391355,0.11980749478573369,-0.2056595479639878
214.41400000000002,0.33726777440640426,-0.32065735205292273,1.8060418420026172,0.11199440303316978,-0.19224694427216843
214.45900000000003,0.3359544083932371,-0.31505855637349905,1.7961701859837895,0.12779505843428932,-0.21937013375164838
214.54,0.3338636384692481,-0.3055820926620713,1.7795117687964475,0.11980696468336735,-0.20565947144876795
214.60299999999998,0.33237012011557626,-0.2983057210300829,1.766760883451095,0.11790582736607451,-0.20239500548182215
214.65099999999998,0.3312333276960655,-0.2924241834522809,1.7564779125230696,0.12479980719857678,-0.21422856100052182
214.725,0.329743549625434,-0.2841710547217001,1.7420817548119,0.11333123439465943,-0.19454267177252899
214.794,0.3283540161126903,-0.27577899816673745,1.7274799394798128,0.12327994604376738,-0.2116205120591841
214.874,0.3269018877041929,-0.26606274494042387,1.7106158731175467,0.1228020852280286,-0.2108008295283684
214.907,0.3264275795576482,-0.2626208355665911,1.7046517525759222,0.1052859517676461,-0.1807309255036893
214.967,0.32548244808427446,-0.2552531431962558,1.6919008749719533,0.12380109984910649,-0.21251462673280638
215.016,0.3248152971414709,-0.24954119630411284,1.6820292284928864,0.11736278096997968,-0.20146217304227157
215.07900000000004,0.32401353483759227,-0.2419155518715026,1.6688670340563012,0.12170916414156482,-0.20892372121548838
215.11300000000003,0.32361754533808357,-0.23774100902786854,1.6616689593615641,0.12333182951076437,-0.2117080792570245
215.14700000000002,0.32326165258304207,-0.23368311109214185,1.654676544186745,0.11980807644542124,-0.20565926984766944
215.19899999999998,0.32277225192095954,-0.22747236046776861,1.6439822625831069,0.11980774837363327,-0.20565926160856837
215.254,0.32231951679670745,-0.2207784243313159,1.6324653444581205,0.1219859768280229,-0.20939851136336207
215.331,0.32185639584419856,-0.21228472593894512,1.6178635382301623,0.11047162224529654,-0.1896338471163455
215.398,0.32152915892638056,-0.20414440159084535,1.60387871032641,0.12159550854031814,-0.20872877468284626
215.482,0.32127471496975263,-0.19360448457866683,1.585780698413364,0.12551175986239915,-0.2154525227743496
215.559,0.32120857749739956,-0.1843795778057517,1.5699449400989909,0.11980706304405345,-0.2056591988879674
215.63200000000003,0.32128077530147175,-0.17563395094417378,1.554931818623003,0.11980718991628696,-0.2056591983011026
215.705,0.32148795731751784,-0.1667706423243432,1.5397130358887645,0.12144835280009868,-0.2084764758115459
215.783,0.3218467075903474,-0.1575524767409333,1.5238772749070444,0.11827107460273037,-0.20302257668878584
215.828,0.3221306604486604,-0.15204863481360942,1.5144169498170292,0.12247026383694887,-0.21022944644470679
215.903,0.32267959923983897,-0.14343999920216613,1.4996094838313296,0.11501492918522858,-0.1974328798093579
215.97400000000002,0.3233662342923432,-0.13472106988463792,1.4845963576859575,0.12318203583902347,-0.21145248092065513
216.045,0.3241595471648487,-0.1262518291655848,1.4699945490459831,0.11980724424201138,-0.20565927661944602
216.12199999999999,0.32514565881660284,-0.11720004622414784,1.454364442753989,0.11825115035550884,-0.20298839340252595
216.205,0.32635224810824565,-0.10757098854163025,1.4377060383672131,0.11692000407362367,-0.2007036673104882
216.28100000000003,0.3277012165492779,-0.09808183709311055,1.4212532914523923,0.1261125771288286,-0.21648351203705352
216.35600000000002,0.32902904368893704,-0.08967979903289025,1.4066514768757354,0.11341751264203936,-0.19469086102212121
216.41800000000003,0.3303732662466293,-0.08188760760582754,1.393077957552023,0.12753688079410003,-0.2189277310275798
216.50700000000003,0.33230655947289434,-0.07164528844721454,1.3751855887045972,0.11711440527079116,-0.20103785221826975
216.571,0.3338952630428667,-0.06389924468967531,1.3616120655007453,0.1235513447787474,-0.2120863000603028
216.614,0.3349609402376876,-0.05898145316309142,1.3529743679588535,0.11702167841602919,-0.20087668702070996
216.677,0.3366664056351066,-0.05150585155563606,1.3398121606758133,0.12170911840303966,-0.20892392512766117
216.751,0.33861515877008896,-0.04347212788123846,1.3256216538135552,0.1117121833867292,-0.19176360624669914
216.81700000000004,0.3406470111551885,-0.0355826735133559,1.3116368041878574,0.12343781809148595,-0.21189166099532183
216.89900000000003,0.3432762746436598,-0.02599260468052803,1.2945670580208655,0.12126787001660459,-0.2081676361828451
216.96900000000002,0.3456893879334117,-0.01771089219819395,1.279759564331121,0.12323022869048884,-0.2115356241392268
217.01399999999998,0.3472951943380097,-0.012438865760837779,1.2702992195959015,0.12247020693946499,-0.21022988300506912
217.10100000000003,0.3503933726903597,-0.0027380189762684654,1.252818144496301,0.11705255102511113,-0.20093189769645275
217.19700000000003,0.3541354773678642,0.008264213323747837,1.2328691474272548,0.12105424445233408,-0.20780205280255537
217.27,0.3570546383517886,0.01638137760104473,1.2180616404819202,0.11816595633267998,-0.20284256089505284
217.33,0.35953611757433096,0.02300013677974341,1.2059277085549283,0.11781071470502749,-0.20223219878319185
217.38700000000003,0.36205364114604477,0.029476895678726037,1.1939994341105298,0.12190941488864218,-0.20926797270868513
217.45400000000004,0.36510334819676415,0.03703144153528372,1.1800145575246637,0.12159542765738902,-0.20872950128156112
217.52900000000002,0.3685891441573362,0.04531328596552809,1.1645900572842387,0.11980704534693139,-0.20566000320569736
217.588,0.37137217484008883,0.05168047250576212,1.152661774126295,0.11777688436147721,-0.20217429081271102
217.621,0.3730388502991016,0.05539737482993882,1.1456693310396302,0.12343852997503152,-0.21189221474731898
217.67100000000002,0.37553695981902,0.06084202001948862,1.1353863248072125,0.11980769994216317,-0.20566012464830793
217.71900000000002,0.3779876960893048,0.06604444876143363,1.1255146368920974,0.11980774001133791,-0.20566016489822256
217.75199999999998,0.37970231313648034,0.06960696841150206,1.1187278503323674,0.11980799559569166,-0.20566019877995406
217.81199999999998,0.38277432877761813,0.07583986816312645,1.1067995565541968,0.11581393052506314,-0.1988048963028361
217.847,0.3846640226312972,0.07958321480528793,1.099601446829571,0.11980796520142228,-0.2056602778463064
217.924,0.38897195333216034,0.08787596219680906,1.0835599412538608,0.12136287286038624,-0.208331241242994
217.987,0.39277816153869594,0.09494327508858526,1.0697806948845714,0.1274140860055124,-0.21871819633796805
218.06300000000002,0.3968584168146849,0.102270276678388,1.0553844628765938,0.11034872591614774,-0.18942410536807155
218.12300000000002,0.40049976079194416,0.10860677302990902,1.0428391711823812,0.12180422813948122,-0.20908819490353525
218.20400000000004,0.4055193760753991,0.1170517444399021,1.025975002862601,0.12128590079504283,-0.20819960888613245
218.28,0.41017094918748,0.12459918868342221,1.0107561134962697,0.11665425201353681,-0.20024854429392386
218.335,0.41383191832562555,0.13036399172356614,0.9990334516598147,0.12416417966320437,-0.21313930611733692
218.40900000000002,0.41861878456967927,0.13768362319466454,0.9840202131341405,0.1181880900801869,-0.20288160169826724
218.47400000000002,0.4230407894301477,0.1442388495555131,0.9704465953457276,0.12165050300907491,-0.20882488905251215
218.51500000000001,0.4259009588801451,0.14837886803378583,0.961808836118449,0.12273000668473044,-0.21067705432388484
218.588,0.4309569183874661,0.15551528020623281,0.9467955833205224,0.11980711435071509,-0.2056609972319308
218.65900000000002,0.4360480113809991,0.16247880147607938,0.9319879856791203,0.12149457448589311,-0.2085577132591063
218.68000000000004,0.4374804519263197,0.1643996639097322,0.9278747630673858,0.11410301274179735,-0.19586774341578975
218.71,0.43964389674958393,0.16726986957634504,0.9217049282892203,0.1198080597918966,-0.2056611592723691
218.77700000000002,0.44446554821999024,0.17353699157779953,0.9081312881056595,0.11801916495914914,-0.2025916445307375
218.83599999999998,0.4489223234098726,0.17917711284276688,0.8957916107729011,0.12183813509128755,-0.20914707343669123
218.87800000000001,0.4520076604028359,0.18299937143547745,0.887359495464374,0.1169553404059385,-0.2007646502028843
218.94899999999998,0.457580429620708,0.18973994917362888,0.8723462119658779,0.12318199466125974,-0.21145469716200715
219.028,0.463567515074876,0.19675835613810932,0.8565102757222851,0.11677393813910189,-0.200454889159383
219.088,0.46830937597553746,0.20216100294652897,0.8441705800283604,0.11980752774733819,-0.20566159489873687
219.145,0.47263376241969485,0.20697302916777818,0.8330648500196347,0.11350201242431782,-0.19483736857407952
219.186,0.4762780595955344,0.2109461639546886,0.8238100721696376,0.13149644804397614,-0.22572628902433617
219.27,0.4830955776611439,0.21818522258012474,0.8067401418822729,0.1183805850599394,-0.20321345580195296
219.32700000000003,0.48793249923296045,0.22317426884485786,0.7948117548655003,0.12190949334913936,-0.20926994766261847
219.39000000000001,0.4930834288188029,0.22835872434533466,0.7822663823491993,0.11600411634944452,-0.19913289708417933
219.451,0.49847107928209256,0.2336448931224117,0.7693096861305131,0.12373559149068829,-0.21240485604411094
219.484,0.5008874838587488,0.23597180507927212,0.7635511544592547,0.10165539987723649,-0.17450095973502106
219.54800000000003,0.5068990519291815,0.24164626147364698,0.7493604893738768,0.12916726040832502,-0.22172914195895593
219.63000000000002,0.5144143386069474,0.24851835982405035,0.731879243643928,0.1241899808217308,-0.2131859235359775
219.696,0.5198811268418772,0.2533686075567355,0.7193338847183889,0.11073122502320233,-0.19008119584157612
219.746,0.5248620172267169,0.2576826821763428,0.7080224995166909,0.13178848029977294,-0.22622770403390743
219.78400000000002,0.5279654011583486,0.2603212826793293,0.7010300087204807,0.10719672947378471,-0.18401291568968997
219.818,0.5311792524595478,0.2630147536718814,0.6938318579111808,0.12333186646370842,-0.2117103179206352
219.869,0.5356181778446949,0.26667089773061,0.68396011065199,0.1127603535341259,-0.19356367174888628
219.922,0.5407485253905436,0.27080611924655684,0.672648736990526,0.1243287751547816,-0.21342214455593672
219.97600000000003,0.545737619366482,0.2747369606045031,0.6618104862435445,0.117621857662071,-0.20070834716620925
220.042,0.5524563353718505,0.2799052037358933,0.6502060308215503,0.12843255960205302,-0.17582508215149764
220.093,0.5579724057042489,0.2840670305136504,0.6425473125551121,0.13548981873339988,-0.15017094640078432
220.17800000000003,0.5679175564003306,0.29142460720775376,0.6316748558993596,0.14554037581850576,-0.12791125477350454
220.24300000000002,0.5757078634039516,0.29707905935731455,0.6239274194222344,0.14809377512286295,-0.11919133041731446
220.30800000000002,0.5834711401575516,0.30262549001584704,0.6167822278181163,0.14678516201465686,-0.10992602467874359
220.369,0.5912851765139303,0.30812638416990323,0.609887403685709,0.15665733713217883,-0.1130299038099949
220.432,0.5988908315225097,0.31340404821992873,0.6032977172111302,0.14694308962463432,-0.104598198009207
220.49699999999999,0.6066539004840252,0.31871619548330693,0.5968032470250859,0.14471694326656687,-0.0999149259391469
220.55100000000002,0.6137072016183152,0.3234789203311073,0.59093157119798,0.1576061978576271,-0.10873473753893688
220.607,0.6206638769552126,0.3281176788185823,0.5851629089275449,0.14931114364774717,-0.10301182625780156
220.65,0.6261485389957674,0.33173421855462243,0.5806303897477386,0.15278357804630396,-0.10540742278617597
220.717,0.6345315216701215,0.33719337894100854,0.5737286011443925,0.1493110566351373,-0.10301177019918457
220.775,0.6418187067366703,0.341872400900375,0.5677609983859649,0.149311054281169,-0.10288970273152255
220.83,0.6487543004587674,0.34626956051135316,0.5622251457274433,0.14930967643952953,-0.10065186651856269
220.85299999999998,0.6516617726508611,0.3480970214231157,0.5599597082460849,0.1493084748603571,-0.09849728179833107
220.88500000000002,0.6557137746682339,0.3506286414431288,0.5568450406793172,0.14930771325281647,-0.0973333614613718
220.97299999999998,0.6663855553570118,0.3572165141358465,0.5493247783891041,0.1425160249457656,-0.08545752602518215
221.045,0.6758264910808416,0.3629551739483683,0.5429502713129642,0.15344770026901303,-0.08853482050193894
221.124,0.685944714108109,0.36901599768184096,0.5363981640585074,0.14929842959519096,-0.08293806651210421
221.21099999999998,0.6959723465038423,0.37493662737917755,0.530288886916488,0.13385118790765746,-0.07022157634505898
221.271,0.7048720889737449,0.38012417623878475,0.5250911780648989,0.1716877650476384,-0.08662848085981505
221.30800000000002,0.7099142574613999,0.38303577329062033,0.5221781330595328,0.15736336601260323,-0.07873094609090361
221.354,0.7158723014571591,0.3864510678721866,0.5187422345108509,0.14929342932889386,-0.074693446710488
221.417,0.7240512010456907,0.39109527860451354,0.5140365485633396,0.1492933652086818,-0.07469342773828873
221.47,0.7306881635979492,0.3948266559259814,0.5102271847574444,0.14365969915642063,-0.07187478879047801
221.525,0.7381227046486164,0.3989670652387745,0.5059696615644369,0.15472224103719195,-0.07740951260012749
221.6,0.7479317279288782,0.4043666790130392,0.5003676590557498,0.14929330810275426,-0.07469336678250656
221.648,0.7542253158419343,0.4077935603506352,0.4967823784520445,0.14929342339144283,-0.07469334591052376
221.70700000000002,0.7617149630864493,0.41183348366699585,0.4924810432888093,0.1442330022359926,-0.07290398581751313
221.77,0.7706725918563724,0.41661086791589763,0.48735808934041525,0.16114239546246414,-0.0813167293396037
221.84100000000004,0.7793899271077488,0.4212039925241152,0.4824283325479042,0.13877973564992988,-0.06943319426069341
221.90400000000002,0.7878646255751871,0.4256168388822878,0.477647963692235,0.15166309672845574,-0.07587887072492189
221.98600000000002,0.7972908807544877,0.43046477835612956,0.4723009584838465,0.12926645410987864,-0.06520738059010858
222.05500000000004,0.8079429353856352,0.4358667468099015,0.46623135691564344,0.17309440844982515,-0.08796524011886371
222.08599999999998,0.8116787066002972,0.4377426750172686,0.4639160692582868,0.13484910134193,-0.07468669862452956
222.138,0.8187616472521804,0.44126944900960974,0.45868779043203656,0.15216167129959512,-0.10054382358169543
222.21200000000002,0.8282532837005244,0.4459104352971637,0.45003674138874306,0.14277710756626583,-0.1169060681525955
222.25000000000003,0.8341137419602388,0.44872193614843686,0.44438615532957265,0.17105163572693918,-0.14869963313602055
222.28900000000002,0.8392360928155309,0.45114507721329594,0.43909586749153146,0.14529683712205183,-0.13564840610366471
222.36100000000002,0.8482427693766006,0.45532014396660825,0.4286314448842651,0.13787925045657756,-0.1453392028786942
222.41600000000003,0.8548524479979144,0.45830758801774896,0.4200516184233148,0.13188108021091768,-0.15599684474453138
222.48999999999998,0.8643925983001355,0.46249262270981456,0.40639180280170123,0.14078006042489924,-0.18459210299488898
222.50700000000003,0.8664334592476398,0.4633674423233482,0.4033297164202712,0.13061503121002543,-0.18012272831885393
222.57900000000004,0.8748890603003112,0.46691041107302206,0.3897663710109483,0.12733150989087982,-0.18837979735169996
222.653,0.8832834299426476,0.4702906190559764,0.3756494830425585,0.1222888960085121,-0.19076875632970647
222.713,0.8900899494251215,0.4729321469165029,0.36433453693024115,0.12168536032557101,-0.18858243520528237
222.775,0.8977579843994068,0.4758020013183039,0.35166531155401815,0.13205612499774708,-0.2043423447777514
222.82900000000004,0.9041427231959428,0.4781073815161953,0.341152648762238,0.1257074184788656,-0.1946789405884114
222.89700000000002,0.9122248344662338,0.48091832761400194,0.32787427092609184,0.12583797024610896,-0.19527026229631408
222.94899999999998,0.9184339948829942,0.4829961905951895,0.31788397249645756,0.12591556361465636,-0.19212112364694583
222.984,0.922767662532512,0.48441094499127696,0.3118312760700692,0.130250011704951,-0.1729341836109718
223.04999999999998,0.9309240516032069,0.48699690885564334,0.3016352319548302,0.1296441160541446,-0.15448551689762127
223.104,0.9391201876199398,0.48950709980491086,0.29229755650925987,0.15873914229688044,-0.1729199156586126
223.15099999999998,0.9447709744557405,0.49118830655034934,0.28590244105787455,0.1254378442779526,-0.1360662861997786
223.189,0.9499244810875204,0.49268662869999863,0.27967504647159935,0.1412341719318258,-0.16387880490193169
223.258,0.9583897557541249,0.49506575083142745,0.2678374117199238,0.12743828361403847,-0.17155992393728484
223.31000000000003,0.9651501478731002,0.4968859221310718,0.2579847944650975,0.13463725806125026,-0.18947340874658405
223.354,0.9707016285157098,0.49832697656792907,0.24965962459039145,0.13035150986312366,-0.18920840624339302
223.417,0.9780841032614077,0.5001636825243057,0.2375514292206065,0.12075434996844112,-0.19219357729820974
223.50199999999998,0.9879965574089555,0.5024736960394028,0.21999541862622482,0.11974188484019405,-0.2065413011104226
223.54800000000003,0.9929772989865518,0.5035646517779538,0.2110527103590142,0.11084392518144899,-0.19440670146089262
223.602,0.9997370742590207,0.5049721626588235,0.19902713954770684,0.12786584272577253,-0.22269575576506004
223.658,1.0060473074242604,0.5062098373460938,0.18782479413308334,0.1148297336910132,-0.20004188240405124
223.718,1.0136187186155814,0.50760908550239,0.17604517804132988,0.12832701589532303,-0.1963269348625502
223.761,1.0192131821450217,0.5085894653554541,0.1692088096608007,0.13208640426939716,-0.1589853111750735
223.83,1.028467438037593,0.5101211181463057,0.15835928646581265,0.13594420164271795,-0.1572394665939914
223.88899999999998,1.0368021170773993,0.5114113162352623,0.1486026961999643,0.14294827815856886,-0.16536593670938082
223.956,1.0459611350898512,0.5127371019551791,0.13874131516240196,0.13812650157038558,-0.14718479160539213
224.04300000000003,1.0579610309651175,0.5143449753970056,0.12750527603461848,0.13916249030594735,-0.12914987503192585
224.104,1.0667026550172134,0.5154303425607007,0.1193441584655825,0.14440567851056277,-0.1337888126071941
224.184,1.078271377496365,0.5167521056535632,0.10787015668848693,0.14554981829328648,-0.14342502221372308
224.23499999999999,1.0853915360536945,0.5174975320430842,0.10060811407746272,0.14037396966177523,-0.14239299237305808
224.30300000000003,1.0949790299830373,0.5184193953308853,0.09115466427393223,0.14164282025860286,-0.1390213206400714
224.37699999999998,1.106371490017155,0.51940944917197,0.08207575010539285,0.15453242007002288,-0.12268802930466016
224.44200000000004,1.115749372394944,0.5201480954448066,0.07505278106543817,0.14472195435686078,-0.10804567753767363
224.51500000000001,1.1267706303135678,0.520933209830426,0.06714212167919684,0.15135872438246997,-0.10836519707183011
224.56000000000003,1.1336243234720413,0.5213785865104483,0.06266322492479091,0.1526255327046339,-0.09953103898676308
224.585,1.13749885845243,0.5216172856702493,0.060320054826419174,0.15527523229760462,-0.09372680393495483
224.674,1.1506158906184896,0.522361582033673,0.053209092957797494,0.14761945959343237,-0.07989844796204258
224.74500000000003,1.1613509602053076,0.5229063306407501,0.04819938813090444,0.15139270804411012,-0.07055922291396043
224.806,1.1702987310397814,0.5233200572487897,0.04414262992929094,0.14684148628435925,-0.06650423281335945
224.89700000000002,1.1837232611913115,0.523873197045393,0.03816124590686355,0.14764748364147812,-0.06572949475194338
224.951,1.1916302327212172,0.5241616512992249,0.034702847693388196,0.1465228024213556,-0.06404441136068603
225.03,1.2035670534528473,0.5245452594918043,0.029482624184015902,0.15117700078758853,-0.06607877859964283
225.08,1.2111778346504662,0.5247569683614237,0.026050865016957185,0.15227450355654296,-0.06863518334115873
225.11499999999998,1.2165505736760367,0.5248906036718625,0.023616810538102908,0.1535543061102789,-0.06954441368161403
225.167,1.2243117345395944,0.5250605439084829,0.020100954138856864,0.14928886858959414,-0.06761262306239672
225.23100000000002,1.2338646767577515,0.5252322400334406,0.015773746369475754,0.1492888289160936,-0.06761262139655727
225.278,1.2407312680021612,0.5253301125035366,0.012663566165437606,0.14611252591783605,-0.06617404689447286
225.32900000000004,1.248643107359994,0.5254163995888932,0.009080098787044535,0.1551433307920487,-0.07026406624293997
225.403,1.2595409486269014,0.5254888282108267,0.00414438014967814,0.14727137769973442,-0.06669890050499146
225.46900000000002,1.26909541428884,0.5255080765085677,-0.00018282567508271492,0.14476492500901625,-0.065563724617558
225.54100000000003,1.2799934589264856,0.5254795575761149,-0.005118545955902582,0.1513622493467839,-0.06855167056694002
225.602,1.2893984106115493,0.5254117040413349,-0.009378138722113155,0.1541835483933656,-0.06982938961003386
225.643,1.2955189030376864,0.5253460262499199,-0.012150254956416936,0.14928889765064435,-0.06761259108058527
225.71099999999998,1.3053709511273108,0.5252046626923754,-0.016612687408923226,0.14489797390153616,-0.06562400665452006
225.78,1.3158192921909455,0.5250066921267578,-0.02134557095922902,0.15145241195478307,-0.06859251522180637
225.84100000000004,1.324774183082332,0.5247976462911542,-0.025402328405422493,0.1468414848434761,-0.0665042204293625
225.92300000000003,1.3371602316569509,0.5244485850866746,-0.031014176401729054,0.15110934372910764,-0.0684371706866707
226.00500000000002,1.34924577055088,0.5240409318271585,-0.03651210068494185,0.14746844081897828,-0.0670478571123564
226.04999999999998,1.356257319930779,0.523773512916579,-0.03980080679313627,0.15592549278118512,-0.07308235795994249
226.085,1.3613289844934404,0.52356555532301,-0.042250746021268104,0.14502646569686425,-0.06999826366085944
226.124,1.3672949682775941,0.5233049087637934,-0.045144038509760884,0.15311986500215166,-0.07418698688445446
226.182,1.3754968974685096,0.5229184860861447,-0.04907051998300348,0.14156943160549798,-0.06769795643522561
226.225,1.382206411379207,0.5225782804545749,-0.0523254742531913,0.15623566117368948,-0.07569661093458928
226.30100000000002,1.3935353977043472,0.5219544419092416,-0.05777096537397413,0.14929143917139276,-0.07165119895764827
226.395,1.402029822262663,0.5214459034798086,-0.06189390783592508,0.09052801446153035,-0.04386109002075752
226.417,1.4105220779453491,0.5209023476836275,-0.06601685048815344,0.38680151519412753,-0.18740648419227174
226.46200000000002,1.4175227203565137,0.520427988385026,-0.06936475692734914,0.15592655902364358,-0.07439792087098936
226.511,1.4245217242728343,0.5199300678053564,-0.07272662066811014,0.14319781642560067,-0.06860946409719385
226.54999999999998,1.4303281397463345,0.5194991297848243,-0.07553364179708692,0.1492919255876583,-0.07197490074301786
226.597,1.4377704308581711,0.5189226555858651,-0.07913846105011818,0.15882094358433088,-0.0766982819793469
226.62300000000002,1.4414907865270186,0.5186245016612048,-0.08090690009981408,0.1435493753863912,-0.0680168865267379
226.67,1.4484835974527632,0.5180457889576654,-0.08430652027918523,0.14929184436012555,-0.07233234424198763
226.70400000000004,1.4530947530260572,0.517651211497372,-0.08648274905144264,0.13611784754303605,-0.06400672859571467
226.758,1.4614224126450044,0.5169128019985525,-0.09050059912256642,0.1548209764380112,-0.07440463094677295
226.809,1.469301140018664,0.516182881960606,-0.09433421390748667,0.1551464046577649,-0.07516891735139561
226.871,1.4783655734288335,0.5153059903682133,-0.09864769207324674,0.14688306128356954,-0.06957222847998783
226.922,1.485792572780066,0.514557986405167,-0.1022127225214076,0.14636414917779633,-0.06990255780709263
226.979,1.4945529110645455,0.513641035067737,-0.106428767141016,0.15452976418472325,-0.07396569508082779
227.05500000000004,1.5055347845876017,0.512439286139863,-0.11153122893807636,0.14536094306124936,-0.0671376552244592
227.11499999999998,1.5144342320978366,0.5114282177575202,-0.11458035101485475,0.1492782871587163,-0.05081870127968606
227.196,1.5262953180317698,0.5100463151388911,-0.11714105421150643,0.1474236473773628,-0.031613619711742376
227.261,1.5360781535196035,0.5088869837251497,-0.11878348878035487,0.15155831147534518,-0.02526822413613071
227.338,1.5477853372287087,0.5074802478182935,-0.12027600559378367,0.15313503318750293,-0.019383335239335466
227.386,1.5548974603388608,0.5066192203167649,-0.12064241713471664,0.14925111595226526,-0.007633573769436712
227.441,1.5631945513659367,0.5056119065071693,-0.12099280580864807,0.1519638937353079,-0.006370703162388875
227.48,1.5688245177286622,0.5049267197261017,-0.12122824480576043,0.14542328018935996,-0.00603689736185724
227.50000000000003,1.571639438670913,0.5045836348295069,-0.1213416049419174,0.14178758018037413,-0.00566800680783742
227.549,1.5790469393404898,0.5036792550673759,-0.12163992111240299,0.15229600406654434,-0.0060880851119535445
227.58400000000003,1.5842320291273868,0.5030448744281101,-0.12184874244328144,0.14925008431575948,-0.005966323739379952
227.65400000000002,1.5946018107205768,0.5017728649285014,-0.12226638514372799,0.14925008355214467,-0.005966324292094263
227.739,1.606896719185777,0.5002590132192442,-0.1227615901128284,0.14573831654269404,-0.005825940812947404
227.82399999999998,1.619635229507232,0.49868402156627684,-0.12327469411932017,0.1510059665251752,-0.006036517723433992
227.90200000000002,1.6311880619001295,0.49724988846565565,-0.12374006757390926,0.14925008358609157,-0.005966326340883416
227.96,1.6391857802421634,0.49625387949436955,-0.12405427198351136,0.13895688831492897,-0.005417317406933451
228.02900000000002,1.6501447897154635,0.4948885288887894,-0.12333078488600087,0.1600541226670854,0.010485320253772724
228.07700000000003,1.6571052247385651,0.4940321506976439,-0.12109346219470561,0.14610248869747627,0.04661088940198276
228.138,1.6655490767480703,0.4930197960713767,-0.11719698923540912,0.13941512050634736,0.06387660589012874
228.21900000000002,1.678119365383601,0.49157889993482307,-0.11094792478617874,0.15620496329784606,0.07714894381764265
228.32200000000003,1.6931940229056095,0.48995816692144295,-0.10308342319942859,0.14719934695199013,0.07635438433737364
228.38899999999998,1.70292615279216,0.4889777571287011,-0.09747328128430573,0.14599086894010216,0.0837334614198062
228.47100000000003,1.7119216486945368,0.4881243221969214,-0.09150783097922191,0.11019377348339196,0.072749393964392
228.51900000000003,1.7213852191036805,0.4872878858101196,-0.08465257656496436,0.19792630537711278,0.14281780029702687
228.554,1.726309371142834,0.48687864980774714,-0.08107471973292667,0.14117509004527176,0.10222448091545563
228.60299999999998,1.733175575387848,0.48633786523952655,-0.07601729541242186,0.14056056140221654,0.10321274123483798
228.677,1.7436667636657732,0.4855788721489603,-0.06826804299978771,0.14214334347387225,0.10471962719774137
228.737,1.7518473309213987,0.4850456493997243,-0.0617638789640908,0.1366321166938888,0.10840273392827773
228.787,1.7588776958965624,0.48463076072837885,-0.05601359131735947,0.1408519283412155,0.11500575293460055
228.843,1.76637306510707,0.48423325373381515,-0.04977060821799089,0.134033972111676,0.11148184106018665
228.896,1.7736192176353962,0.48389520182905077,-0.043336866581136745,0.13686856120104315,0.1213913516387637
228.953,1.7807052502632261,0.4836103720602645,-0.03675368399145396,0.12441675119446913,0.11549443139791037
229.00700000000003,1.7878983878699473,0.483372719365228,-0.028940724297586436,0.13327893364613036,0.14468443877524295
229.04100000000003,1.7918544349684462,0.4832671079058767,-0.024266943335505414,0.11639578118244882,0.13746414594359255
229.105,1.7996717621657101,0.4831147256441936,-0.014505196412623558,0.12216894126843676,0.15252729567011353
229.134,1.8032107919954192,0.483071031239242,-0.01001102382627882,0.12204481222469417,0.15497146849466556
229.179,1.8088247492841665,0.48303429067701886,-0.00290722192445722,0.12475727804053452,0.1578622644848686
229.229,1.8148212549130112,0.48303893942489035,0.004560694066769496,0.1199301486159446,0.14935831982450035
229.29999999999998,1.8237257251003098,0.4831270072501972,0.015291455480194572,0.1254212068307233,0.1511374846961927
229.359,1.831032623599946,0.48326906944470516,0.023392551761756607,0.12386914186565634,0.13730671663658434
229.42600000000002,1.8401754592685555,0.48352069698941835,0.031591742345965755,0.13651190504604593,0.12237597886877997
229.51500000000001,1.8517740897919357,0.4839240291465077,0.03658516024565732,0.1304004625261972,0.05610581909765889
229.54800000000003,1.8578883704064375,0.4841508857586803,0.03755323830730901,0.18540871724148064,0.02933569883791619
229.619,1.8684773989357537,0.48454984813605173,0.03747575133607563,0.14924706631247966,-0.0010913657920199058
229.67600000000002,1.8789182073777062,0.48493612343453946,0.03636730237979792,0.183297393881603,-0.019446472917147184
229.761,1.8896582292259883,0.4853193195467993,0.034686090818437966,0.1264335970866151,-0.01977895954541598
229.821,1.8984614070932826,0.48561164552258873,0.031169876383071803,0.14680050242055293,-0.05860357392276716
229.88899999999998,1.9088991220244438,0.4859045499816968,0.02421680555421445,0.15355623357551093,-0.10225104160086804
229.927,1.913857251404568,0.48601433321772713,0.01980025122765728,0.13050906960807457,-0.11622511385673424
229.98800000000003,1.9225578868413222,0.4861496582288268,0.01097765108265044,0.1426506190063249,-0.14463278926232312
230.049,1.9316717840626363,0.48620581720764927,0.001107336991997388,0.14941098758773447,-0.16180842771568052
230.1,1.9393753918246366,0.4861807842545834,-0.007863885328912237,0.15105193008460155,-0.17590632001787812
230.17499999999998,1.9485068901017406,0.4860601549864692,-0.019179337674934373,0.12176393350713394,-0.15087269794698469
230.244,1.9573775774423743,0.4858427908831024,-0.031078086617647105,0.12859927603700855,-0.17244563685086708
230.28100000000003,1.96221532102938,0.4856787953779618,-0.03805371413929281,0.13082493094239708,-0.1885304735578159
230.33700000000002,1.9693542741164896,0.48537061034109824,-0.0489555494311919,0.12760003728183858,-0.1946756302125423
230.38700000000003,1.9753009903818892,0.48505283998661536,-0.05828357757318516,0.11910400889867812,-0.18656056283982278
230.41600000000003,1.9792455229579573,0.4848106303967054,-0.0645673502484649,0.1362745477089632,-0.21668181638898357
230.47400000000002,1.9862670153566224,0.4843176889577699,-0.0758482707710691,0.1213581814078996,-0.19449862970009696
230.52900000000002,1.9929735602030312,0.48377244707519473,-0.08682474076332787,0.12233949848023307,-0.1995721816774073
230.571,1.998087614875414,0.48330626453801834,-0.09517867499728294,0.12226806297404869,-0.19890319604667636
230.626,2.0047784226899856,0.48263132419968485,-0.10613217555318864,0.12226844017064264,-0.19915455556189715
230.691,2.0126756397608396,0.4817389638205404,-0.11914800615473935,0.12226883224989778,-0.20024354771617167
230.76399999999998,2.0215415470138667,0.48061272462362825,-0.1337308991818139,0.12242677059369207,-0.19976565790518827
230.82500000000002,2.0292260812344485,0.4795323269918854,-0.1457072522982238,0.12721493706432885,-0.19633365764594943
230.90400000000002,2.0390603256272213,0.4780139996858203,-0.16082694772440712,0.12595902296496495,-0.1913885496985044
230.97600000000003,2.0478012947791857,0.4765373741120923,-0.17400259849825497,0.12312244607912097,-0.18299514963676888
231.054,2.0574591629510897,0.47477004592523797,-0.18834415541377966,0.1258748912826625,-0.1838661143016586
231.11100000000002,2.0649720239336014,0.47329630153797725,-0.19950593261538455,0.1343165533048266,-0.19582065265967857
231.17100000000002,2.072219127149293,0.4717916768758702,-0.21029418850620682,0.12336080819276914,-0.17980426484703108
231.23600000000002,2.0800900780633804,0.4700638701308405,-0.2220514753039819,0.12397478693865602,-0.18088133535039205
231.31000000000003,2.089655842662191,0.46783489072167483,-0.2363631214348498,0.13273008577381404,-0.19340062339007483
231.38200000000003,2.098197365848061,0.4657201685581046,-0.2492222471662234,0.12221406867046039,-0.17859896849129323
231.46,2.1081920040769093,0.46309726638778487,-0.26433597887396826,0.13247530200433424,-0.19376579112499728
231.532,2.1184272266380786,0.46024349903261536,-0.27983507962603826,0.14757803504020942,-0.21526528822318636
231.638,2.12959563669688,0.4569330456712835,-0.29679826821823585,0.10989350677764588,-0.16003008105847605
231.722,2.1404480298396855,0.4535174271393901,-0.3133685718422569,0.13544296546378992,-0.19726551933357664
231.792,2.148697532041883,0.45078873301703026,-0.32600108295352515,0.12412967067684388,-0.18046444444670662
231.85100000000003,2.1556968208849128,0.44838189829384695,-0.336794343691539,0.125449948808623,-0.18293662267812033
231.934,2.1657992811711306,0.44475720025869747,-0.3524532233736599,0.12931373047157702,-0.188661200989477
232.001,2.1735860481022082,0.4418402512545495,-0.3645698137264609,0.12410726496516092,-0.18084463213133847
232.064,2.181553162527039,0.43874436698309816,-0.37703715612339866,0.13567428323531683,-0.19789432376095384
232.12000000000003,2.1879539983470067,0.43617375027073724,-0.3870639038583684,0.12317386691610246,-0.1790490666957605
232.182,2.195537320061697,0.43303073899918765,-0.39900518664645496,0.132400874984219,-0.19260133529185822
232.23600000000002,2.201386062123681,0.4305333263417868,-0.408357241371742,0.11777086761833662,-0.17318619861632917
232.306,2.21004361434536,0.4267174868360388,-0.4221477429375812,0.1351596498210303,-0.19700716522629375
232.343,2.214244882482667,0.42481400284959436,-0.42885676018370117,0.12465849697453703,-0.1813247904357833
232.391,2.220282506287246,0.42201895571754,-0.4385316439947837,0.13860852032972618,-0.20156007939754564
232.46600000000004,2.2275874325056892,0.4185412095234524,-0.4503206332059035,0.10787372506556889,-0.15718652281483483
232.51700000000002,2.234118926330417,0.4153416576544813,-0.46094970939922963,0.14260921099507262,-0.20841325869271973
232.56700000000004,2.2400616379646343,0.4123553319286776,-0.4706066179951641,0.13301723633881435,-0.19313817191864585
232.605,2.24448441488443,0.4100857722731771,-0.47787603986917376,0.13081847796634755,-0.19130057563206385
232.645,2.2488911143970274,0.40778358041575086,-0.4851460371216926,0.12429573590509294,-0.1817499313128773
232.717,2.257041639065823,0.4034174539554506,-0.49861918197009014,0.12842087010026731,-0.18712701178329247
232.76000000000002,2.261966025681473,0.40071048593957975,-0.5068249466111416,0.13068289947798037,-0.1908317358383786
232.81000000000003,2.2674012039894427,0.39766089226968915,-0.5159917573059802,0.12464539267994183,-0.18333621389673033
232.89900000000003,2.27700439054636,0.3921107947936592,-0.5322424614827064,0.12462531854126499,-0.18259218176097064
232.956,2.2836221191736166,0.3881640422682066,-0.5434700951446726,0.13518017761113826,-0.19697602915744195
233.004,2.2887450726110674,0.38503898158111716,-0.5522374387279644,0.1250184990135742,-0.18265299131857196
233.05800000000002,2.2946820177540386,0.38133921361952666,-0.5625267281167465,0.12954441723106264,-0.19054239608845086
233.121,2.301355283861154,0.3770787413938967,-0.5740519690332639,0.12567189453004568,-0.18294033200824722
233.191,2.308835613506047,0.37217292831465504,-0.5870682654284025,0.12779314724428462,-0.18594709135914056
233.244,2.3145854786559146,0.3683063634320259,-0.5971188271849122,0.130736165246103,-0.189633240688871
233.314,2.321757472252127,0.363364681598916,-0.6097346094269378,0.12442333225300614,-0.18022546060038386
233.39200000000002,2.3301952083935666,0.3573789614622911,-0.6242665197023776,0.13263143453607992,-0.18630654199274252
233.46099999999998,2.337344298055901,0.3521653610939174,-0.6360921593763483,0.12823516634398943,-0.1713860822315598
233.542,2.3461178608614617,0.34558809158740883,-0.6507205728117538,0.13537299005212125,-0.18059769673336198
233.60800000000003,2.3529209244986045,0.34034796794474415,-0.6621820967554382,0.13010959094885188,-0.17365945369210625
233.67100000000002,2.3594568616694307,0.3351949833086772,-0.6732489307763112,0.13211053550139415,-0.17566403207738296
233.729,2.3655257801857847,0.3303038151273024,-0.6836458070790892,0.1343891121081853,-0.179256487978953
233.77,2.3693056346771026,0.3272044213241596,-0.6901384498858814,0.11922200189633107,-0.15835714162908993
233.823,2.3749880157657355,0.32246693355762407,-0.6999651551889766,0.13958852869166544,-0.18540953402067487
233.883,2.3808239661599715,0.31750163103178564,-0.7101428177068893,0.12770685418075053,-0.1696277086318708
233.929,2.3856381750162825,0.31332788850353954,-0.7184565087585081,0.13851210016596097,-0.18073241416565716
233.98999999999998,2.391622434659769,0.3080463194234228,-0.7276117318667061,0.1308463092039278,-0.15008562472461082
234.059,2.399274631196398,0.30117094997714716,-0.7356454498152794,0.14909008965247328,-0.1164306949068298
234.13200000000003,2.4074501426424386,0.2937426459421247,-0.7387941529580644,0.1513179035850826,-0.043132919764157354
234.21099999999998,2.4162740860229603,0.28569873570517057,-0.7394526809656746,0.15114076112025038,-0.00833579756469173
234.26700000000002,2.4225590714992196,0.27996572132064895,-0.7393426656848354,0.1519101342683784,0.001964558586412955
234.35100000000003,2.4314987307120752,0.2718303038715742,-0.7368345980183678,0.14389628212814415,0.02985794841032751
234.446,2.4422402933662752,0.2621295275111236,-0.731840340234001,0.15235409631771632,0.052571134572298416
234.494,2.447463420043591,0.2574502938229109,-0.7287853311315367,0.14609541954807798,0.06364602296800526
234.57500000000002,2.456221914374271,0.249678807025278,-0.7223555473933703,0.14455900805862942,0.07938004615018533
234.655,2.4646856273130555,0.24227473763869636,-0.7147385787120302,0.14056508734363463,0.09521210851677016
234.718,2.471525672561284,0.23637885768188607,-0.7076528366015467,0.1433392389781313,0.11247209699182296
234.737,2.4736951713412854,0.2345272877578165,-0.7052044434697933,0.1501157092045156,0.12886279640803558
234.795,2.4795646015759907,0.22956629607483842,-0.6979209116739865,0.13250271995802176,0.1255781344104772
234.82000000000002,2.48155283850598,0.22790278509149364,-0.6952569564103815,0.10369458910831228,0.1065582105440533
234.895,2.4894404114946282,0.22139376775983904,-0.684456088743464,0.13635321079221055,0.14401156889225608
234.95900000000003,2.495540020975342,0.2164579630787957,-0.6759466351326306,0.12260140460364423,0.13296021266922636
235.01200000000003,2.50095740890246,0.21214659651066972,-0.6683074965425445,0.13063360346575262,0.14413469037899115
235.057,2.5058003237508997,0.20834910518395444,-0.6614615035807189,0.1367610597342918,0.15213317692959707
235.11800000000002,2.511870485572545,0.20366490403152415,-0.6528151151656455,0.12569463534198416,0.14174407237816955
235.19899999999998,2.5195685662443488,0.19784513111078725,-0.6417013002594859,0.1191407296867841,0.13720759143413605
235.244,2.5246681662337136,0.19406314185023646,-0.6343895824981699,0.14108812204412224,0.162482616918076
235.27599999999998,2.528046979878451,0.19158896190408883,-0.6295736978858639,0.13086979175630437,0.15049639413464516
235.338,2.5343714848658445,0.18702515275720238,-0.6203710945696637,0.12579375170053317,0.14842908574513722
235.39900000000003,2.5404065777696325,0.18275283116672944,-0.6115123286617722,0.12121737392547913,0.14522567062108727
235.453,2.54614988437922,0.17876094653318594,-0.6030337681358272,0.12952471116442757,0.15701038011016888
235.50000000000003,2.5509755908099048,0.17546295994408276,-0.5958459271875869,0.12436194437306221,0.1529327861326899
235.53799999999998,2.5548784914486853,0.1728326959767402,-0.590020084232338,0.12385464722248546,0.15331165671726177
235.564,2.5575458324765448,0.17105403561977367,-0.5859503860239594,0.12330712140768617,0.1565268541683427
235.61499999999998,2.562756181403128,0.16762530107513954,-0.5779069520536333,0.12230007108455186,0.15771439157506034
235.67800000000003,2.5689082159777135,0.16365399453308294,-0.5683150917109072,0.11622994066734138,0.1522517514717337
235.72100000000003,2.5729274635861246,0.16110455172521954,-0.5620520689435156,0.11068890420671108,0.14565169226490068
235.78400000000002,2.580909401707296,0.15614518934997562,-0.5496866173288959,0.14916126584954348,0.19627700975590445
235.838,2.585393310465824,0.15341868853932997,-0.5427793222154951,0.09718119844409018,0.12791287247044814
235.92499999999998,2.594556769050832,0.14797889068882328,-0.5284631591627655,0.1224881722626387,0.1645535983072567
235.999,2.6018434958708307,0.14377890124204057,-0.5170338812751529,0.11365523577525441,0.15444970118392856
236.093,2.6120797062558654,0.1380689016674694,-0.5003289803414627,0.12469251370019613,0.17771171206054584
236.182,2.621168597292222,0.1331885232692065,-0.48477969019305495,0.11591347655183132,0.1747111252630108
236.23100000000002,2.626261542806017,0.1305355022617712,-0.47545155347944185,0.11719442524252847,0.1903701370123762
236.32399999999998,2.6355678394268844,0.1258436329034231,-0.458298873374914,0.11206591456377034,0.18443742047887182
236.39200000000002,2.641896709900454,0.12276755960625534,-0.4462111810810556,0.10348263941866404,0.177760180791929
236.47,2.6498829168474956,0.11902151473646484,-0.4306884710916959,0.11309142412942795,0.1990091024277538
236.573,2.65974332340749,0.11460496896957678,-0.411296960503171,0.10489638408467926,0.18826709309245893
236.64000000000001,2.6666436133373086,0.1116500987131169,-0.3977016053719984,0.11203504383259237,0.20291574822643474
236.69700000000003,2.672192370774459,0.10935391594237513,-0.3868253238141362,0.10535254160124227,0.19081195715542218
236.76000000000002,2.6786637531811937,0.1067645683404143,-0.3742010711628605,0.11063789394787704,0.20038496271869954
236.83599999999998,2.6860702770834135,0.10391641405147713,-0.3598288485843739,0.10441150473628648,0.18910819182227903
236.87699999999998,2.690414389094981,0.10230189727313466,-0.3515244589147928,0.1130349627059339,0.20254608950199465
236.96099999999998,2.6988971085622016,0.09926801285467128,-0.3352208341220816,0.10724927534135335,0.19409077134179253
237.023,2.70498494712181,0.09718611010963982,-0.3235502711123976,0.10377386937239204,0.18823488725293183
237.095,2.7123596043697735,0.09477065075659909,-0.3092068456425172,0.10777993752411642,0.19921424263721993
237.167,2.7190654022905565,0.0926776119396388,-0.295221969617253,0.09756738060655891,0.1942343892397734
237.239,2.7273456183752463,0.09020266228320084,-0.2828653802735718,0.12003034130553002,0.17161929644001048
237.30800000000002,2.735560144120125,0.08786493090297715,-0.27133151823022483,0.12377814609879301,0.16715742091803087
237.37500000000003,2.7419406165094466,0.0861342401900916,-0.25799096491495954,0.09867209022236795,0.19911273604871407
237.432,2.747031980277635,0.08482470840132156,-0.24508310422382146,0.09222942095573464,0.22645369633591667
237.48800000000003,2.7523646365098506,0.08352962391847214,-0.2311783213209597,0.09799401648464788,0.2482996946937826
237.566,2.7586813466932543,0.08209658851121772,-0.2147661210313551,0.08304132073832307,0.21041282422576876
237.61499999999998,2.7629932851803862,0.08118069893683472,-0.2035967083955332,0.08996196898649897,0.22794719664952776
237.68000000000004,2.768728483454823,0.08004016769147579,-0.18878014232705603,0.08996161018010985,0.2279471702840728
237.72400000000002,2.7726200821872404,0.07931640100110647,-0.17875046787918134,0.08996205271010818,0.2279471465426963
237.76000000000002,2.7758914352714776,0.07873914985003241,-0.17034112613723587,0.09227479213329957,0.23359282616514293
237.82399999999998,2.78040304283284,0.07799192777363068,-0.15775125732721465,0.07145417500600086,0.1967167001566906
237.883,2.7840631031170346,0.07744084811068186,-0.14053270885343414,0.06273414647402273,0.2918398046402195
237.90900000000002,2.7846915309424296,0.07735632653427606,-0.1343866032800218,0.024387934395830316,0.23638867590037915
237.975,2.784934423447546,0.07732969570449631,-0.11572877713339105,0.0037022432003522713,0.2826943355551224
238.04999999999998,2.7817927062283365,0.07767505584510107,-0.09525903350535397,0.04214189936593832,0.27292991504053576
238.13200000000003,2.7771092094062797,0.07808277589227036,-0.07368453512749515,0.05733183271181817,0.2631036387542139
238.17100000000002,2.7746995881226613,0.07824825430719795,-0.06317695968205451,0.06193068295527544,0.26942501142164266
238.217,2.7720409502503847,0.07840135247414025,-0.0515443301173442,0.05789222429278916,0.2528832514067884
238.26500000000001,2.7690751536556646,0.07853420414544947,-0.037817063828738985,0.061849387964550445,0.2859847143459312
238.30800000000002,2.7684153330113914,0.07855259969118943,-0.026812052914289942,0.015350628484481597,0.255930486382498
238.371,2.7707485854320253,0.07850864513511274,-0.010336791424476341,0.037042323792202445,0.2615120871399475
238.407,2.772843181137982,0.07849589665707953,-0.0009800632332518655,0.05818429170985521,0.2599091164228923
238.44700000000003,2.7755620875912745,0.07850756143856967,0.008669251902107536,0.06797328688939155,0.24123287838386162
238.489,2.7797655667276184,0.07856295774687778,0.016990522734834927,0.10009152727669945,0.1981254960174454
238.55800000000002,2.7876137653029103,0.07874199566444659,0.02839467057397981,0.11377160102952451,0.1652775049151029
238.62300000000002,2.795797471923963,0.0790120364498336,0.03768090413603547,0.12597170348672018,0.14286513172393822
238.64400000000003,2.7986150528872797,0.0791225697729661,0.04088969016038739,0.13427372540501967,0.15279933449283947
238.72600000000003,2.8098707806161256,0.07964041731142542,0.049735931417643736,0.1374101690114021,0.10788099094215893
238.75199999999998,2.813680609261267,0.07983366215458058,0.05168936871763071,0.14672024800870526,0.07513220384578692
238.79,2.819081490070247,0.08011987410236329,0.054435421791873655,0.14232787337714645,0.07226455458531986
238.83599999999998,2.8258208158310927,0.08049868623043686,0.05795903512448831,0.14673834192893814,0.07660028983946185
238.88000000000002,2.832244526268141,0.08088124162387371,0.06123810735965598,0.1462520827145876,0.07452436898101643
238.92499999999998,2.83911400811716,0.08131429573897417,0.06488432924996816,0.15295818316741222,0.08102715311812221
238.98800000000003,2.848324806913649,0.081935053611364,0.06976426941682466,0.14653480880094122,0.0774593677278256
239.02900000000002,2.854325718284774,0.08236384005224985,0.07300437778578867,0.14673685426557473,0.07902703338937209
239.07000000000002,2.860347510904697,0.08281321502942988,0.07595049629534205,0.1472813804028662,0.07185654901350273
239.12699999999998,2.8688219993020647,0.08347355754294444,0.07965019357646938,0.14912590897947553,0.06490696984438524
239.17800000000003,2.876406342682343,0.08409135489269368,0.08297081328518481,0.14920517094075314,0.06511019036691233
239.23999999999998,2.885623697511488,0.08487631562579097,0.08700764531457655,0.14920513764838347,0.06511019402249475
239.299,2.8939461365303214,0.08561750163966012,0.09084645162291761,0.1416165827689919,0.06506451370066736
239.38000000000002,2.9059783382644433,0.08674863315776579,0.09668202078080418,0.14920065279264125,0.07204406367759653
239.44000000000003,2.914739480601899,0.08761332469644845,0.09956546345809887,0.14672849692376344,0.04805737795490972
239.51500000000001,2.9264716462153944,0.08878546710387553,0.099385560051665,0.15720764912451057,-0.0023987120857852677
239.58,2.936125211823197,0.0897462077756505,0.09899775094102592,0.1492500793078053,-0.005966294009832272
239.604,2.9396896993534822,0.09009999642980526,0.0988545598903734,0.1492500800609757,-0.0059662937771883025
239.638,2.944739476660412,0.09060032329984531,0.0986517059134617,0.14925007991650857,-0.00596629343858065
239.679,2.950531993114538,0.09117296622162924,0.09841902047314914,0.1419695880898908,-0.005675254641770209
239.732,2.9585526158367284,0.09196363851251141,0.09810253667194858,0.15206605093168138,-0.005971392475482508
239.77400000000003,2.964493970800717,0.0925477181104201,0.09787587698657546,0.1421427530205352,-0.005396659175546701
239.823,2.9720693973302197,0.09329043166370436,0.09758088990096361,0.15534179982032434,-0.0060201446043261
239.9,2.9832101368237427,0.09437857336606552,0.0971364162024608,0.14537342869583159,-0.0057723856948418495
239.946,2.99004336290497,0.09504350430822062,0.0968652644045824,0.14925003417372748,-0.005894604301705328
240.028,3.0023733269116137,0.09623861823996478,0.09638295365558804,0.15107010209116808,-0.005881838402370776
240.109,3.0142581579215513,0.09738499537364372,0.09592963443638897,0.14740729815086523,-0.0055965335703576854
240.17800000000003,3.0240635339080764,0.09832670053651946,0.09555564611206162,0.14276076407569202,-0.005420120642424017
240.23999999999998,3.034166410123331,0.09929310665982422,0.09517032483754385,0.16369342730097067,-0.006214859266420056
240.328,3.0467955278137637,0.10049563983823459,0.09468867328652665,0.14416182460712776,-0.005473313079739565
240.40900000000002,3.059276635238654,0.10167804948422074,0.0942126882700244,0.15477766262352954,-0.005876358228421661
240.46200000000002,3.0658145824022722,0.10229503592726308,0.0939633628032884,0.12390556899009834,-0.0047042540893585776
240.535,3.0777021635131794,0.10341261732627156,0.0934977521787096,0.16356162826225115,-0.006378227733957946
240.612,3.0891453721159046,0.10447969641526043,0.09213402688031344,0.14925783728671463,-0.01771071816098958
240.686,3.10044211257652,0.10551279782148906,0.09028979358956069,0.15329569360152698,-0.024922071496654728
240.737,3.1080230705089025,0.10619736752955623,0.0899062908708092,0.14925105717924472,-0.007519661151991669
240.80300000000003,3.117386318374257,0.10704501370138747,0.09132628961346681,0.14244754372623253,0.021515132464499126
240.855,3.125408984036231,0.10779045134550153,0.09443292024315397,0.15494659511970366,0.0597428967247944
240.907,3.1332800722859826,0.10855045824215266,0.09817545477799006,0.15207105830668138,0.07197181797758805
240.96,3.140999816437965,0.10932485312090098,0.10184939294147059,0.1463865674411434,0.06931958799020237
241.00700000000003,3.147974767747295,0.11004916254455405,0.10520723498586425,0.14920123814907418,0.07144344775301778
241.06000000000003,3.1559611239811347,0.11090721223374553,0.10904037337393405,0.1515531729939738,0.07232336581264143
241.117,3.1644131707276726,0.11184973592184183,0.11316262575492547,0.14920064543166656,0.07232021721042724
241.181,3.1737502367392594,0.11293233298755047,0.11774597849243526,0.14686903088880449,0.07161488652356653
241.22600000000003,3.180416751662233,0.11373118440390723,0.12071606528892916,0.14920461516645436,0.06600192881095211
241.27700000000002,3.188118241166612,0.11467570815222095,0.1232735052450898,0.1521410261836615,0.05014588149335806
241.33700000000002,3.1968543336023973,0.1157682592560545,0.1254678534937326,0.14673575925704707,0.03657247081071194
241.35600000000002,3.1996673594056344,0.11612370506808403,0.12592148657028707,0.14923123308434183,0.023875425081807147
241.42100000000002,3.208994586407373,0.11730824940048559,0.12651221269763696,0.14464836679323723,0.009088094266921767
241.463,3.215657180972049,0.11815519428985334,0.12631487719970586,0.15990977114827448,-0.004698464236457905
241.52400000000003,3.224542136798407,0.11927957261921501,0.1248003487550834,0.14681667993474296,-0.024828335157730665
241.592,3.234765818306796,0.12054054088997147,0.11981300317838219,0.15148750945238798,-0.07334331730444735
241.65900000000002,3.244551772068663,0.12168934457789281,0.11260964956568868,0.14706199787555504,-0.10751274048795105
241.72100000000003,3.25356724913843,0.12267252509212903,0.10430522099321575,0.14627304617464745,-0.13394239633018304
241.76900000000003,3.2602658871352315,0.12335103564707163,0.09735979452949532,0.14026903648991887,-0.14469638466083673
241.82200000000003,3.267868456235696,0.12406246456101105,0.08904179098626774,0.14407138477620018,-0.15694346307977372
241.867,3.2743680909207398,0.12461925497672795,0.08159981478896597,0.1449653285174303,-0.16537724882907875
241.93500000000003,3.282889660497843,0.12526709563654,0.06951019828166449,0.1256788190831687,-0.1777884780484453
241.994,3.290013590017929,0.12572318271473953,0.05801077417911596,0.12099176876865778,-0.19490549326363665
242.059,3.297601017407604,0.1261147591197978,0.044828559318993405,0.11688500035332464,-0.20280330554035408
242.12300000000002,3.3050136612723646,0.1263998450344444,0.03180704299257848,0.11590818683133573,-0.20346119260016526
242.182,3.31217030270967,0.12658285580730133,0.019088925559902867,0.12133866178264426,-0.2155613124183437
242.227,3.3173348315016886,0.12665832128604948,0.009860171802672499,0.11477955829974198,-0.20508341682726897
242.299,3.32509322003168,0.12667872675471353,-0.005048338071585683,0.10775576894900486,-0.2070626371424669
242.37800000000001,3.333969023343053,0.12655599721002517,-0.022845634193945495,0.11236268085926449,-0.22528222939693757
242.44899999999998,3.341747927436225,0.12631872082011586,-0.038385021608106626,0.10961298618292466,-0.2188646114671521
242.523,3.3496565222661023,0.1259533133405326,-0.05420009312988718,0.10698691816810332,-0.21371718272672882
242.60299999999998,3.3583261549864356,0.1254081731740637,-0.07160308134902404,0.10858443525273974,-0.217537352739254
242.691,3.36829914303733,0.12459362943837865,-0.09161325541893572,0.11370678054638092,-0.22738834170348424
242.744,3.3733337011378604,0.12410602917827175,-0.1017067423903838,0.09543613567150627,-0.19044315040469043
242.823,3.382841009030476,0.12304500435926337,-0.1207965996335474,0.12109278968126157,-0.24164376257166756
242.90400000000002,3.3914889474824004,0.12191998497634834,-0.1381000894906481,0.1076643075559499,-0.21362333156909877
242.96200000000002,3.3979296366230467,0.12098416896283498,-0.15055184099699292,0.11221241246217864,-0.21468537079907588
243.04100000000003,3.4068157042987384,0.11956114791079914,-0.16715754682512102,0.11391504018621548,-0.21019880795096793
243.1,3.4138080423117385,0.11833546214902167,-0.1799740362825018,0.12032119285392466,-0.21722863487097466
243.16800000000003,3.421750651829049,0.11683828331116199,-0.1924912021399393,0.11886009776636791,-0.18407596849161847
243.18699999999998,3.4243618038529617,0.11632434017047409,-0.19636567185799494,0.14006579818924647,-0.20391945884558488
243.21600000000004,3.42797750072263,0.11559535206287627,-0.201722461667334,0.12718804374319587,-0.18471688997687036
243.256,3.432460435538398,0.11466347299589269,-0.20837227014053977,0.11446916385523662,-0.1662452118302952
243.309,3.4394213026948393,0.11315468731709453,-0.21871641764364946,0.13438692430197188,-0.1951725943983061
243.342,3.4436397949485884,0.11220353878176552,-0.22499679351830534,0.1310421617120734,-0.1903144204440284
243.396,3.450327237417311,0.11063849153475167,-0.23497150911738268,0.12718765994742834,-0.18471695553855946
243.43300000000002,3.454900209527137,0.10952766926443439,-0.24180603719067598,0.12718793728331929,-0.1847169749537003
243.482,3.4609444232695,0.10800852707846449,-0.2508571698663663,0.127187748396574,-0.1847169933815175
243.56500000000003,3.4711504665247293,0.10531075482668077,-0.26621537455446687,0.12718766105635737,-0.18503861069994698
243.60999999999999,3.4766661253841886,0.10378251315052912,-0.27454416237652035,0.12718804057979632,-0.1850841738235791
243.679,3.48497641750026,0.10138631463001939,-0.28715839097550117,0.1253457494320081,-0.18281490723156144
243.76399999999998,3.4953204861879175,0.09824372230235312,-0.3028923855430848,0.12718710493326668,-0.1851058184422048
243.79999999999998,3.4995652298683817,0.09690256677303323,-0.30935748588505796,0.12365494561937386,-0.17958612061035908
243.87500000000003,3.5086314112982944,0.09393627958201667,-0.3232551772341785,0.1271880535407294,-0.1853025513214951
243.94500000000002,3.5169350734543183,0.09109591067128522,-0.3360906059582177,0.12537169288815836,-0.18336326748629211
244.01399999999998,3.5254406912443916,0.08806227678144715,-0.3493432820983201,0.13087563868655291,-0.19206777014652288
244.092,3.534737729937839,0.08460041418188356,-0.3637946208250729,0.1271879010900814,-0.18527357341983322
244.12199999999999,3.538300092494801,0.08323327749492805,-0.369353587856254,0.12718966462244538,-0.18529890103953797
244.17,3.5438654997114747,0.08105126641275741,-0.3781084608272267,0.1245389585306142,-0.182393186895258
244.25199999999998,3.5531764915576765,0.07727435147204754,-0.3927917572129014,0.1225349782094975,-0.1790645900692172
244.29999999999998,3.5590406295738037,0.07481365262969457,-0.4020791366733664,0.13248944118198644,-0.19348707209301433
244.367,3.5670949181802927,0.07132843059445626,-0.4149035129435947,0.13098521203641092,-0.1914086010481621
244.448,3.5763463982907333,0.06717278959521733,-0.4299389046899828,0.1252093119349063,-0.18562212032573974
244.50500000000002,3.5830843539828803,0.06403767047238791,-0.4412520235346446,0.13037934899985013,-0.1984757692045359
244.56000000000003,3.589106510547203,0.06115654399908735,-0.45141465801147473,0.12137948066864677,-0.18477517230597953
244.616,3.595437380970142,0.058046008433887894,-0.4621525383824396,0.12595977428032243,-0.19174786376728703
244.66800000000003,3.6013980093652873,0.055039653959045455,-0.4723151774902795,0.12838214107484086,-0.1954353674583816
244.71900000000002,3.607104580596752,0.052089700462537386,-0.48209432294869786,0.12595987603047365,-0.19174795016511179
244.78100000000003,3.614113611148769,0.04836882083129685,-0.49417444682283435,0.12799121826712395,-0.19484070764732547
244.821,3.618183828550596,0.04615809029007562,-0.5012519018991376,0.11579615500973274,-0.17693637690774222
244.876,3.624398130332164,0.042709083902279295,-0.5123018993386822,0.12922296919313636,-0.20090904435533147
244.90600000000003,3.6276239672936135,0.04088302277125154,-0.5181070251619162,0.12356070642975062,-0.19350419410760944
244.929,3.630195631488752,0.03940943586133851,-0.5227632488365213,0.12886677161826607,-0.20244450759180824
244.95400000000004,3.632760406459547,0.03792389067517003,-0.5274194730465134,0.11855743014044377,-0.18624896839943075
244.99800000000002,3.63734091325169,0.03523089288011866,-0.5357477066385516,0.1207613579626494,-0.1892780361827623
245.04600000000002,3.642666068347716,0.032035450004699886,-0.5453854873274946,0.1293817630525594,-0.20078709768630373
245.097,3.6480674299318863,0.028722289128419776,-0.5552292842508344,0.12424588665955562,-0.19301562594788588
245.15400000000002,3.653982654832667,0.025009091008515474,-0.5660924639267845,0.12252816198098564,-0.19058209957801678
245.172,3.6559632121600627,0.023745697911408473,-0.5697566997743772,0.13051145171049439,-0.20356865819990697
245.19700000000003,3.658455370228229,0.022141308901321214,-0.5744129294880347,0.11855743541349771,-0.18624918854604722
245.22600000000003,3.661456719843277,0.0201872164401115,-0.5800392078094135,0.12349727817027732,-0.1940095972889503
245.258,3.6648586121439117,0.017943094268670644,-0.5864415255504004,0.12735651985623894,-0.20007242940595069
245.283,3.666400162543966,0.016915848385104258,-0.5893516703411804,0.07409843983478541,-0.11640579163130589
245.314,3.671937455500759,0.013172157979239355,-0.5998031039540714,0.21561525631497366,-0.33714301977061395
245.374,3.6766385248281646,0.009927312825847244,-0.6086731311502307,0.09520310582375686,-0.14783378660264868
245.419,3.6811905846706745,0.006725955776442821,-0.6173628647148095,0.12366808578109825,-0.19310519032390516
245.475,3.6863390551375366,0.0030334124784564135,-0.627201079030607,0.11313824642774295,-0.17568239849643594
245.49699999999999,3.689127132809301,0.0010020880871183411,-0.6321536812633749,0.156799444774204,-0.22511828330772224
245.53400000000002,3.69325502908439,-0.002039848006028076,-0.6379024165148736,0.13858542063028684,-0.1553712230133322
245.568,3.696642449047225,-0.004560910307847187,-0.6418509387788104,0.12419418163839942,-0.1161330077628758
245.605,3.701690114065024,-0.008356520069196217,-0.6477672825338536,0.17068926481265215,-0.15990118256883254
245.65200000000002,3.706948596985079,-0.01236033171514229,-0.6538850958458217,0.1406222836935815,-0.1301662406801004
245.718,3.714602930250307,-0.018277469424026103,-0.6622978835942221,0.14658755097645237,-0.12746648103642105
245.787,3.723051991362794,-0.024926122266863814,-0.6712439403821013,0.15581645872806674,-0.1296529969257537
245.86800000000002,3.7322444066825464,-0.03230085269532032,-0.6813657322621557,0.14549431077464456,-0.1249603935808913
245.919,3.738095299580866,-0.03707789934872864,-0.6882366212625893,0.1481049359853817,-0.13472331373402546
245.967,3.7436762735861726,-0.04169810776650807,-0.694890293580334,0.15094263516630652,-0.13861817328634304
245.99500000000003,3.7468128069453193,-0.044322580602577204,-0.6987644839019811,0.14606094609733214,-0.13836394005872404
246.04600000000002,3.7523223571356654,-0.04898427655303328,-0.7059501865067742,0.14151179190770655,-0.14089612950578137
246.068,3.754817834988619,-0.051118762674671435,-0.7093976283706077,0.14926431654730166,-0.15670190290158428
246.12300000000002,3.7606947172218015,-0.05620667083049203,-0.7179700310324173,0.1413331498079138,-0.15586186657833678
246.184,3.7668516438795474,-0.06163879959035149,-0.7283610188255062,0.13460181329010434,-0.1703440621818448
246.242,3.771776441448488,-0.06607152599592367,-0.7378219050845863,0.11423984209769492,-0.1631187286048506
246.29800000000003,3.7779777961336145,-0.07177827669592192,-0.7501418456475739,0.1504921809220548,-0.21999893862462092
246.33200000000002,3.7810991474888542,-0.07470467890481672,-0.7563965866252824,0.125842022714488,-0.1839629699326474
246.376,3.7851387887965426,-0.07854706026690049,-0.7645467053772506,0.12670856378971684,-0.18522997163571225
246.407,3.7881136647031086,-0.0814171334219548,-0.7705858614034479,0.1333441112420724,-0.19481148471600518
246.45700000000002,3.792368583653552,-0.08558310148661537,-0.7792790035497649,0.1190959700251809,-0.1738628429263005
246.482,3.7950365095858554,-0.08823259885524033,-0.7847755954435829,0.15040034620509982,-0.21986367575292054
246.525,3.798965495953624,-0.09218805873001326,-0.7929257144552364,0.1296552751439586,-0.1895376514337748
246.58,3.8039268650202325,-0.09727630577592933,-0.8033012541829035,0.1292130549085396,-0.18864617686665183
246.61100000000002,3.806429221002,-0.09988312333380353,-0.8085795344198063,0.11656407419013663,-0.17026710441618687
246.67600000000002,3.812293716806731,-0.10610204577720041,-0.8210577473061039,0.13150679546929447,-0.1919725059430464
246.73100000000002,3.817256144757802,-0.11148902415305438,-0.8319603676421723,0.1331689130470846,-0.19822946065576394
246.81300000000002,3.8242021329863882,-0.11923256475027094,-0.8475909691264428,0.126858095605462,-0.19061709127160667
246.898,3.8297561820064754,-0.1256036635047157,-0.8602073260415384,0.0994367249252957,-0.14842772841292456
246.97100000000003,3.8373017471941493,-0.13452676388017545,-0.8777467117139882,0.16007907264047727,-0.24026555715672884
247.028,3.8416242076302094,-0.13978462106758918,-0.8879819529363832,0.11941264693343068,-0.1795656354807405
247.081,3.8462124091818732,-0.14548845765283655,-0.8989408676814334,0.13811700333723864,-0.20677197632171415
247.124,3.8497071657404662,-0.1499201854550742,-0.9073798832802602,0.13125333901739625,-0.19625617671687234
247.14400000000003,3.8513489022538425,-0.15202916083758644,-0.9114944478591998,0.1336326676319074,-0.2057282289465799
247.18000000000004,3.8540641771111472,-0.15555707485415823,-0.918372572964753,0.1236622704963639,-0.1910590307098067
247.22100000000003,3.8572097700338115,-0.1597078007350897,-0.9264067155815567,0.1270244281165737,-0.1959546979708368
247.261,3.8602213708744744,-0.16374768226558536,-0.9342778798447003,0.12597217550903742,-0.19677910657876907
247.309,3.8637186082576145,-0.1685246773767475,-0.9436228060894115,0.12334028627307493,-0.19468596343147537
247.37300000000002,3.868571070156711,-0.1753103409926582,-0.956640726051706,0.130346234758171,-0.2034049994107838
247.408,3.8711716154034486,-0.17902524015067325,-0.9637501668075505,0.12956224990198367,-0.2031268787385996
247.477,3.8742755405133407,-0.18353518254736778,-0.9725226703594367,0.0793455846540765,-0.12713773263600076
247.52200000000002,3.8783443873717047,-0.18957991572491903,-0.984430578572631,0.16192410041008407,-0.26462018251533564
247.561,3.881450153822881,-0.19430155014937525,-0.9937168878205859,0.1449106298923858,-0.2381104935373807
247.60100000000003,3.8840495863323223,-0.19832833706239586,-1.0016008898342275,0.11982294806815529,-0.1971000503409389
247.672,3.888748005320369,-0.20578875658700171,-1.016198863979679,0.124177916009748,-0.20560526965433623
247.71099999999998,3.8912718622303175,-0.20990011561931884,-1.0245768142712028,0.12369802362341908,-0.21481923824426943
247.75700000000003,3.8941736922449475,-0.21472596327005114,-1.034464687281077,0.12241547946781706,-0.2149537610839911
247.78799999999998,3.896061489546563,-0.21792457299081683,-1.0409864746408894,0.11981117122831784,-0.21038023741365078
247.838,3.8991217067388755,-0.22321337847933936,-1.051715864676805,0.12220702559106,-0.21458780071826228
247.89700000000002,3.902590921537316,-0.22937234382121183,-1.064128293101505,0.1198106154226634,-0.2103801427914335
247.93800000000002,3.9048993293746546,-0.23357219457571946,-1.072543496915357,0.11688881089654046,-0.20524887350860324
248.008,3.908797984374986,-0.24086207378321375,-1.087059719964854,0.11809875638416142,-0.20737461499283233
248.07900000000004,3.9125802708985593,-0.2481875540319055,-1.101587329093172,0.11611679013247886,-0.20461421307482489
248.13000000000002,3.9153207271975363,-0.25366691959697046,-1.11274113985613,0.12012672362088894,-0.21870217182275994
248.19899999999998,3.919049589536625,-0.26137914988504235,-1.1283664264402038,0.12415047204980598,-0.22645342875482416
248.254,3.9217303585243233,-0.2671209490449648,-1.1398943734494231,0.11521418065596364,-0.20959903653123454
248.28100000000003,3.9229973685396473,-0.2698964938735867,-1.145483535129732,0.1130022000744294,-0.20700598815924912
248.30100000000002,3.9240093470728836,-0.27214346987521865,-1.149998551117684,0.12321730503111133,-0.2257507993978113
248.331,3.9253428750811032,-0.27514646340096055,-1.155978456341983,0.1095255782625614,-0.19933017414348234
248.35800000000003,3.9266585421547595,-0.2781573017878749,-1.1619758523953299,0.1216943011673324,-0.2221257797532266
248.38500000000002,3.927863979033617,-0.2809601323632993,-1.1675045150495087,0.11300204122762209,-0.2047652834882052
248.43500000000003,3.9301833315597046,-0.28647720021454326,-1.1784445417716094,0.11969533627586536,-0.21880053444196434
248.48999999999998,3.9326165535859383,-0.2924551511867375,-1.1902294605992088,0.1173487664053346,-0.21427125141109224
248.52900000000002,3.934342023856885,-0.29682042345537585,-1.1987784900441196,0.12035682657674697,-0.21920588320259493
248.564,3.935779382075025,-0.3005423385825376,-1.2060304136022257,0.1139948114146106,-0.2071978159460773
248.578,3.936446354089307,-0.30229746865251406,-1.2094539050098814,0.13411336261714488,-0.24453510054665611
248.614,3.9376807848658473,-0.30559439504566405,-1.215833126036084,0.09779017828530981,-0.17720058406117623
248.65099999999998,3.9393736014080347,-0.3102231785306467,-1.2247640344083806,0.1332058617492814,-0.24137590195410746
248.689,3.9408694957649533,-0.3144240317504791,-1.2329278371000538,0.11734855774101371,-0.21483691293870866
248.742,3.942869448678091,-0.32020746476937806,-1.243393904074738,0.11546169203604222,-0.19747296178650275
248.795,3.9450448410039334,-0.32672052158430687,-1.2542393121465305,0.12956130053605025,-0.20463034097722888
248.81700000000004,3.945864581381867,-0.3292394739760877,-1.2583463392658307,0.12040818524010195,-0.18668305087687376
248.879,3.947828738103796,-0.33542124187061206,-1.268243032437591,0.10461783921259439,-0.15962408341560527
248.93000000000004,3.950164006453017,-0.34306083544505056,-1.2804140942760696,0.15663815815288382,-0.238648271342507
248.987,3.95212567637329,-0.34974751700312523,-1.2910572258206534,0.12225421840031776,-0.18672160604546328
249.06300000000002,3.954705415917656,-0.3589791741931936,-1.3057804020327881,0.1261227627342444,-0.19372600279119045
249.15600000000003,3.9576552957628515,-0.37023673641037164,-1.323578778199959,0.12513583701513065,-0.19138038889427478
249.213,3.959440191181512,-0.3774762836427222,-1.3349700731580159,0.13081285256481034,-0.19984727996605062
249.27700000000002,3.961275347234551,-0.38532620098664877,-1.3475398480562155,0.12596211767519377,-0.1964027327843041
249.34100000000004,3.962978861104454,-0.3930467412113268,-1.3599921749453578,0.12353506909906238,-0.1945676076427839
249.419,3.965014319533005,-0.4029428344533263,-1.3761550012513442,0.12952890446603718,-0.20721572187168702
249.516,3.9671869935123367,-0.4145436674546252,-1.395529164342478,0.1216756212288174,-0.19973364011482403
249.57700000000003,3.968433871112514,-0.42184504891277597,-1.4080541095250396,0.12142758615613973,-0.20532697020580734
249.62199999999999,3.9692907093048193,-0.42721689172038196,-1.4173989951453796,0.12088330632019094,-0.20766412489663266
249.66400000000002,3.970003845936832,-0.4319575988251974,-1.4258013520682837,0.11414392918605022,-0.20005611721186042
249.72600000000003,3.971041207989707,-0.4393999791854651,-1.4390766092894047,0.12119886035009432,-0.2141170519535236
249.758,3.9715123844610702,-0.4430456482687861,-1.4456699836133964,0.11487472087605628,-0.20604294762485328
249.79100000000003,3.9719313924655473,-0.44645885667013285,-1.451837978701784,0.1042070028738962,-0.1869089420722677
249.818,3.9723560077696316,-0.45011024155816776,-1.4584313525179924,0.13614781443680887,-0.24419903023005565
249.862,3.9729416928159145,-0.45553339143024535,-1.468215068051538,0.12397009917684303,-0.2223571712170333
249.932,3.9737102320454225,-0.4635600905761393,-1.4826779509862755,0.11519154564888678,-0.20661261335341327
250.01000000000002,3.9744572103842843,-0.47289801562911554,-1.4994804167193516,0.12009941431366151,-0.2154162273470427
250.047,3.9747680989488536,-0.477512182782759,-1.5077753044497404,0.12498996372088396,-0.2241861548755074
250.1,3.9751230599235656,-0.4836681152073147,-1.5188351543828569,0.11634259892102433,-0.2086764138323972
250.143,3.975344589068919,-0.4882874348990042,-1.5271300415816549,0.10754950204479861,-0.1929043534603902
250.198,3.975614228415796,-0.4955157708515084,-1.5401040955539789,0.1315156981104013,-0.23589189040586137
250.251,3.9757628880155997,-0.5013242899085699,-1.5505258763456593,0.10963058671701767,-0.19663737342794285
250.311,3.9758615485516238,-0.5083198012876486,-1.5630745501968373,0.11660345115459674,-0.20914456418629157
250.359,3.9758757195962264,-0.514485942644429,-1.5741343977586175,0.12846161751515237,-0.23041349087041307
250.384,3.9758592588352797,-0.5173318253683372,-1.5792389425359692,0.11383721314160641,-0.20418179109425258
250.415,3.9758216945828306,-0.5206518636167752,-1.5851942450587828,0.10710486290941121,-0.19210653299395114
250.47100000000003,3.9756872552953135,-0.5272909746472674,-1.5971048515614719,0.11857985823785275,-0.212689401833581
250.542,3.975393299377447,-0.5359422758762544,-1.6126311783447538,0.12191963154275826,-0.21868065891955746
250.61800000000002,3.9749514410866746,-0.5448247400844249,-1.6285828846175023,0.11701904658765933,-0.2098908720097891
250.705,3.9742524268139476,-0.5552362376457566,-1.64729955440927,0.11994180031784171,-0.21513413553758515
250.773,3.9735788881457372,-0.5632714653693756,-1.6617624365906327,0.11857952059703154,-0.21268944384362218
250.806,3.9731985576303184,-0.56728521617053,-1.66899387804591,0.12217363637044282,-0.2191345895537522
250.876,3.9723241865968006,-0.5755395970010996,-1.6838821407159217,0.11857945549451734,-0.21268946671447436
250.93800000000002,3.9714471938421503,-0.5828390432804442,-1.697068888699939,0.11857968895145088,-0.2126894836131419
250.98999999999998,3.9706698783689243,-0.5887168671909478,-1.7077033636672208,0.11401921822958343,-0.20450913398632897
251.01900000000003,3.9701735013992345,-0.5922394767099923,-1.7140840490076146,0.12266932009404877,-0.22002363242696948
251.06199999999998,3.969601539011802,-0.5961106006961089,-1.7211028032092333,0.09100348529974692,-0.1632268418983005
251.112,3.9685112808698957,-0.6030213340221502,-1.7336514858636425,0.13992411932133536,-0.2509736530881275
251.15600000000003,3.9676620982664854,-0.6080490703446793,-1.7427971367006134,0.11588512145825988,-0.2078557008400618
251.20900000000003,3.9665522238107074,-0.6142350281289151,-1.7540696840235244,0.11857990715503701,-0.21268957213040607
251.273,3.965049503495036,-0.6220364465862024,-1.7683198869330945,0.1241379437376673,-0.2226594204621567
251.364,3.962907171194878,-0.6322490986226191,-1.7870365742165337,0.11466960529961155,-0.2056778822355774
251.41400000000002,3.9615248100451854,-0.6383799195075344,-1.7983091261855435,0.1256946889428088,-0.22545103938014432
251.49699999999999,3.959250127141749,-0.6478335890510778,-1.8157496809308398,0.11715035329223333,-0.2101271656060551
251.554,3.957541822594567,-0.6544956786894884,-1.8280856851095317,0.12066010957441417,-0.21642112594190208
251.59900000000002,3.956222341034494,-0.6594209401728374,-1.8372313445245414,0.11330987179099421,-0.2032368758890318
251.679,3.9536147048220625,-0.6686650941454253,-1.8544592173519907,0.12006127946108766,-0.2153484103431592
251.744,3.9513724698868424,-0.6761632642837112,-1.8684967461531878,0.120403830294897,-0.21596198155688648
251.77900000000002,3.9502132473043425,-0.6798965781648317,-1.8754977842029859,0.11168991159281437,-0.20002965856551458
251.84,3.9479692162121243,-0.6868759692466785,-1.8886420551596619,0.1201848162656223,-0.21547985174886286
251.896,3.9457889513860582,-0.6933728417909512,-1.900918442187224,0.12237408612197201,-0.219221196920819
251.979,3.9425982676917046,-0.7024322931985731,-1.9181463300588044,0.1157216981834306,-0.2075649141153589
252.03400000000002,3.940433825568492,-0.7083113048287608,-1.929388598200486,0.11390526359761846,-0.20440487530327464
252.095,3.9377246990317407,-0.7153952898756921,-1.9429726642687384,0.12433343992294812,-0.2226896076763479
252.10999999999999,3.9370754204696263,-0.7170512591034699,-1.9461630156235217,0.11858043186094788,-0.2126900903190797
252.18300000000002,3.9339405966806757,-0.7248383848859967,-1.9612063097861894,0.11499218616367175,-0.20607252277616842
252.22400000000002,3.931989116904198,-0.7295223738720603,-1.9702949396931628,0.12376222655052664,-0.2216739001701015
252.251,3.930882613298929,-0.7321266398458146,-1.9753701680081468,0.10479944587320207,-0.18797141907357218
252.304,3.9282415078170527,-0.7381976772392882,-1.9872247440916462,0.12491782019040944,-0.22367124685849038
252.33700000000002,3.9267006567888965,-0.7416508060545056,-1.9940027805772584,0.11458521237804815,-0.2053950450184571
252.396,3.923738081691178,-0.7481194414465818,-2.0067641984705222,0.12058949223639956,-0.21629521853000816
252.46200000000002,3.9204872945834826,-0.7549770425628559,-2.020376380911687,0.11498623494237595,-0.20624518850239698
252.54300000000003,3.916155643566982,-0.7637596436574832,-2.0379196561885604,0.12089772578503367,-0.2165836453934551
252.58700000000002,3.9137848409144254,-0.7684073724130581,-2.0472776983852126,0.11857906967886055,-0.2126827771967233
252.624,3.9117630645730674,-0.7722883085727114,-2.0551198053532107,0.11826986588263318,-0.2119488369730504
252.66299999999998,3.9096044578859432,-0.7763516808669798,-2.0633607475211657,0.11797819372926947,-0.21130620943481287
252.71400000000003,3.906847984182507,-0.7814260331998533,-2.0737275208014556,0.11322947761279882,-0.20327006431923214
252.74500000000003,3.9050153914093313,-0.7847318162633631,-2.080480087055738,0.1219277943269145,-0.21782471788003013
252.78799999999998,3.9025730633321096,-0.7890570944886458,-2.0893862779838472,0.1155160972324658,-0.20712071925860134
252.811,3.9012157021511573,-0.7914226806486077,-2.0942781639164196,0.11858034896303653,-0.21269069272031174
252.85800000000003,3.8985993667163417,-0.7959083044147743,-2.10358298942531,0.11048686788947508,-0.19797501082734667
252.89200000000002,3.896234280780679,-0.7998824112253942,-2.111877929375458,0.1360183824631885,-0.2439688220632406
252.93500000000003,3.893836311451028,-0.8038367632337218,-2.1201728708811256,0.10754941941195738,-0.19290561641084247
252.97100000000003,3.8913535323658146,-0.8078546199895008,-2.1286534938229043,0.13119631440527,-0.2355728594938424
253.009,3.889028000721995,-0.8115503455592376,-2.136470108219455,0.11490838490092373,-0.20570037885684253
253.05500000000004,3.8860223418472617,-0.8162339300606969,-2.146440369276531,0.12097967508354897,-0.21674480558837708
253.10600000000002,3.882703270762333,-0.821289315815269,-2.157287609605036,0.1185798932289324,-0.21269098683348547
253.15200000000002,3.879809672838317,-0.8256012893098633,-2.1665932844006184,0.112888741010178,-0.2022972781648692
253.20000000000002,3.8766056581967545,-0.8302768283489307,-2.176756322697128,0.1180836110786598,-0.2117299645106053
253.24800000000002,3.8732181929587752,-0.8351117938205209,-2.1873318710034884,0.12299046486934785,-0.22032392304916953
253.28100000000003,3.871032175526475,-0.8381750816531952,-2.194110881045203,0.11403930403646402,-0.20542454671852314
253.34100000000004,3.8668864490301638,-0.843865995166109,-2.206869395696452,0.11734747167858177,-0.21264191085414194
253.39900000000003,3.8629360758305484,-0.8491504846919282,-2.2187529233442818,0.11375558154204408,-0.20488840772123193
253.456,3.8586215180100245,-0.8547767341314364,-2.23146227170952,0.1243884293699412,-0.22297102395170343
253.51900000000003,3.854002237794986,-0.8606403092874226,-2.2448404350091447,0.11848466185843834,-0.2123517984065915
253.56300000000002,3.850754289883997,-0.864668162939897,-2.254167382272856,0.11759638801558663,-0.21197607417533765
253.60299999999998,3.8479710042655837,-0.8680597761481291,-2.262036831095784,0.1096862542321168,-0.19673622057338044
253.63899999999998,3.845088010988557,-0.8715163348361756,-2.2700997351962973,0.1250291577082337,-0.22396955834758472
253.67300000000003,3.842418253072303,-0.8746673387668953,-2.2775073117759206,0.12146892572128805,-0.2178698994003741
253.713,3.8393534021474647,-0.8782270425109564,-2.28598756883676,0.11743296475278246,-0.21200642652117593
253.76000000000002,3.83567996802576,-0.8824148024187985,-2.2959627763479347,0.11852315013253323,-0.21223845768445426
253.816,3.8313428689545117,-0.887252553509694,-2.307609036943374,0.1160223302356034,-0.2079689392043352
253.87800000000001,3.8262902394544445,-0.8927484511775926,-2.3209892720244065,0.12041157743969012,-0.21581024324241993
253.93500000000003,3.821911779313337,-0.897393922025924,-2.332442277748214,0.11199430663367016,-0.20092992497902273
253.98600000000002,3.817715050563238,-0.9017483081411598,-2.34328957089537,0.11857997857850625,-0.21269202249330482
254.021,3.8149907953446176,-0.9045249518610233,-2.350267829263441,0.11113998102508679,-0.19937881051649814
254.073,3.8103809956114465,-0.9091365347517251,-2.361954803978337,0.12539427513775764,-0.22474951374790947
254.15,3.8036823924052285,-0.9156497882733301,-2.3787057892109433,0.12133912696521146,-0.21754526276112474
254.17600000000002,3.8016367286060673,-0.9175958937626314,-2.383776192087732,0.10859557290087993,-0.1950154952610264
254.249,3.795236445555015,-0.9235594911013667,-2.3994461616851166,0.1198360958833445,-0.21465711777245247
254.31700000000004,3.789608894019575,-0.9286511586674617,-2.413058440565062,0.11160438858671384,-0.20018057176378587
254.34900000000002,3.786425522280463,-0.9314705088975357,-2.4206891575652403,0.13288634472536984,-0.23845990625569918
254.391,3.7825863206926047,-0.934813723877989,-2.429809307878424,0.12121025013573082,-0.2171464360283272
254.44500000000002,3.778281348217147,-0.9384902110926789,-2.43994529304102,0.10483730005873308,-0.18770342893685615
254.49699999999999,3.7733823238974074,-0.9425834034466135,-2.4513959992224255,0.12276803626841455,-0.22020588810410044
254.53600000000003,3.7696560983359206,-0.9456335951519486,-2.4600851416696368,0.12347272461590776,-0.22279852428721744
254.60299999999998,3.763211945609187,-0.9507833382702174,-2.4749029048230615,0.12312026925593675,-0.22116064408113015
254.633,3.7605967656989265,-0.9528290435480338,-2.480858264837847,0.11067508023586682,-0.19851200049266085
254.69700000000003,3.7546880605610204,-0.9573598545916961,-2.4942057003556477,0.11634178701680287,-0.20855367996556298
254.751,3.7493678716006595,-0.9613337078290549,-2.5061164134728746,0.12297177585282638,-0.22056876143023574
254.80500000000004,3.744394044699035,-0.9649606878112578,-2.51715033564757,0.11399639286068518,-0.20433189212387665
254.876,3.736314144547283,-0.9706761900736499,-2.534936505112014,0.13939517990971373,-0.25050942907678203
254.958,3.7298741799533315,-0.9750798201727454,-2.548921453251373,0.09514157241427393,-0.1705481480409742
255.02700000000002,3.7225786788190804,-0.9799111975747887,-2.5646077314051214,0.12681494355891165,-0.2273373645470252
255.081,3.717339599808031,-0.9832802727902954,-2.575852019253552,0.11534914002953896,-0.20822755274881383
255.134,3.7121498189183555,-0.9865364986057015,-2.586858299884059,0.11559869733930678,-0.20766567227372582
255.17100000000002,3.708637793949567,-0.9886951512481635,-2.594275387488163,0.11141595020767905,-0.20046182713776411
255.232,3.702169481783711,-0.9925781721538953,-2.60785951850474,0.12367753933265162,-0.22269067240297905
255.28900000000002,3.696252550998721,-0.9960265925957597,-2.620168189885964,0.12014876571484981,-0.21594160317930525
255.343,3.691138557106977,-0.9989292327031226,-2.630752878487676,0.10889495623953846,-0.19601275188365586
255.381,3.6867910417137164,-1.0013411742767477,-2.6396559723633213,0.13083566972255167,-0.23429194409585746
255.443,3.680700891544147,-1.0046348958092755,-2.652199784941767,0.11167363933629859,-0.20231955771682972
255.46400000000003,3.6782018175562996,-1.0059583351291381,-2.657276817966012,0.134660591481489,-0.24176347734481154
255.50700000000003,3.6737007183095036,-1.008301238778831,-2.6663675674766454,0.11800828623417302,-0.21141277931702918
255.54100000000003,3.6702429025934773,-1.0100657424847166,-2.6733582527590243,0.11417661777610343,-0.2056083906582523
255.58,3.6661506115961586,-1.0121146932878298,-2.6816512557594328,0.11734809448660255,-0.21264110257464564
255.609,3.6629912140335112,-1.0136676754695548,-2.688030487918089,0.12139472186457086,-0.2199735227123108
255.64700000000002,3.6575977188242623,-1.0162613849821094,-2.6988751807784412,0.15749317271331614,-0.2853866542197149
255.717,3.6515120654428896,-1.019102783523179,-2.7109689954228733,0.09594718226809214,-0.1727687806347603
255.77900000000002,3.646147768814384,-1.021533442860733,-2.7215745595053256,0.0949886119657462,-0.1710574852008106
255.81700000000004,3.6407779721221494,-1.0238980973899796,-2.732206604713608,0.15440509451546178,-0.2797906633757788
255.87199999999999,3.634734342242122,-1.0264785611324168,-2.7441144929689063,0.11948132431661772,-0.21650705918743499
255.92,3.6293988374626487,-1.028687246842657,-2.7544798771792607,0.120303983858774,-0.2159455043823747
255.97400000000002,3.6242813156109093,-1.0307444674443254,-2.7644724978015667,0.10213963804914726,-0.1850485300425991
256.041,3.616731975136371,-1.0336716418474223,-2.77914470893482,0.12085026938821072,-0.2189882258695187
256.101,3.6101284533904803,-1.0361285874541402,-2.7918833428150154,0.11742974396399355,-0.21231056466991832
256.159,3.6034571807155573,-1.038515095907187,-2.804605578188176,0.12216013264653648,-0.21934888574417646
256.19,3.600242155511412,-1.039630753425506,-2.8107721562464447,0.10977736793808104,-0.1989218728473395
256.257,3.592939096681318,-1.0420908151817612,-2.8242008891460184,0.11501893082766443,-0.20042884924734677
256.303,3.5865871932784676,-1.044165019202413,-2.8320273654746146,0.14526066648614255,-0.17014078975212063
256.382,3.5768249626909534,-1.0472312677968059,-2.8424909014549202,0.12952467951387361,-0.13244982253550075
256.462,3.5657508216699267,-1.0505851948406466,-2.852725913670384,0.14463608750122942,-0.12793765269332505
256.53999999999996,3.553238426000731,-1.0542301805886274,-2.863655514825886,0.1670832891811839,-0.14012309173724818
256.64,3.539686893003347,-1.058011348618689,-2.8754545115658345,0.14069160538236122,-0.1179899673994587
256.726,3.526808285638173,-1.0614457835940654,-2.8866325058040365,0.15498472127035856,-0.1299766771883759
256.80199999999996,3.5170527687271016,-1.0639450982430085,-2.8950780997943797,0.13250769846233879,-0.1111262367150929
256.876,3.505549282109912,-1.066779132787571,-2.9052447762075357,0.16010060988951602,-0.1373875190966806
256.914,3.5000018655080263,-1.0681007379358183,-2.910403895725322,0.1500703231340212,-0.1357663030995991
257.008,3.487433563687941,-1.0709643274833258,-2.925671295632034,0.1371318916111452,-0.1624191479437537
257.097,3.4755497494693848,-1.0734718249328588,-2.941828524949778,0.13646602088718987,-0.18154190244656576
257.17499999999995,3.4656039576695434,-1.0754165342869686,-2.955347711702016,0.1299247930170987,-0.17332290708003323
257.24399999999997,3.4562895269169784,-1.0771116704384802,-2.967977476539621,0.13720903553391028,-0.18304007011016996
257.304,3.448412790891663,-1.078450561501075,-2.978690647861344,0.13316197289390796,-0.1785528553620433
257.352,3.442195606808271,-1.0794456285302525,-2.987347931499941,0.13117315263396673,-0.1803600758040967
257.41499999999996,3.434065513602249,-1.0806637516850042,-2.9988217964470425,0.13048955205092116,-0.18212484043021773
257.476,3.4265639599681097,-1.0817024045979053,-3.0093954840717143,0.12414946518964505,-0.17333914138796172
257.54499999999996,3.4176063130327288,-1.0828371904445155,-3.022087950208454,0.13085855277843264,-0.18394878459053857
257.587,3.411885878118266,-1.0835012362510168,-3.0301087306107424,0.13711543302954965,-0.19097096195910784
257.645,3.4040939201357627,-1.0843355416850748,-3.0405345865762614,0.1351120057207939,-0.17975613733655768
257.69399999999996,3.397767213052557,-1.084952961376041,-3.048638501070107,0.12972984711552615,-0.165386010078558
257.73199999999997,3.3924920526890943,-1.0854272182397562,-3.055395753571279,0.13937990003066086,-0.177822434241314
257.774,3.3870784301074095,-1.0858765958377057,-3.0623262686925976,0.12933908764642965,-0.1650122647931819
257.811,3.3819327203723804,-1.0862687427503457,-3.068910257823298,0.1394765018873889,-0.1779456521812008
257.87,3.373938515079247,-1.0868104430076753,-3.079132766851141,0.13580572060190513,-0.17326286487861403
257.94399999999996,3.363633468003896,-1.087387745683917,-3.0923007439149113,0.13947574386731823,-0.17794563599700564
257.99399999999997,3.3569857554655758,-1.0876879864152704,-3.1007906235305622,0.1330897839638881,-0.16979759231298044
258.044,3.3503442518437287,-1.0879314178117856,-3.109316161780146,0.13291926753303482,-0.17051076499163495
258.096,3.3434583251251344,-1.0881240155270588,-3.1181936904405396,0.13247345476773725,-0.1707217050075026
258.155,3.3351982406924403,-1.08827404684954,-3.128836478937223,0.1400245230635967,-0.18038624570659148
258.22799999999995,3.3246169859363883,-1.0883501097630208,-3.1395906188403297,0.14495244027509385,-0.14731698497410806
258.272,3.3183515341780083,-1.0883472273844945,3.1386635820198023,0.14239664594053786,-0.11207059816930716
258.31,3.312677607640838,-1.0883190262437543,3.134475453527263,0.1493157005489378,-0.11021390769837244
258.34299999999996,3.3076011646455146,-1.0882739802933024,3.13087399225552,0.15383766210935923,-0.10913519005294799
258.39599999999996,3.299837608743885,-1.088169898974375,3.125394751715858,0.14649534996353913,-0.10338189697476381
258.457,3.290581966642718,-1.087990248217067,3.1188570843287504,0.15176041697363543,-0.1071748751984228
258.493,3.2850588480661456,-1.087853743304298,3.1147125970954623,0.15346681087012354,-0.11512464536910913
258.542,3.2786033140588087,-1.0876646699841643,3.1090304010647745,0.13180208687365697,-0.1159631842998041
258.60299999999995,3.2701217444153055,-1.08735321455334,3.099010869231939,0.13913584037021856,-0.16425462021047274
258.678,3.2606040566133148,-1.0868916966158397,3.085112751271955,0.127051611491944,-0.18530823946634353
258.71799999999996,3.2554552677887263,-1.0865864081488708,3.0770263095558334,0.12894579144043378,-0.20216104290322123
258.801,3.245323814318896,-1.0858552214899273,3.0597153972143105,0.12238318145772567,-0.2085652089339438
258.829,3.2419324474032605,-1.0855668579873796,3.0535529401971018,0.12155730080981215,-0.22008775061444075
258.89799999999997,3.234109487665215,-1.0848212093938854,3.0392698468014223,0.11389007668328904,-0.2070013535606919
258.947,3.228310408748428,-1.0841962089843695,3.028605913272964,0.11903391099983834,-0.21763129649899102
259.012,3.220932136711318,-1.083308371095349,3.0148493126583484,0.11433073002217649,-0.21164000945563355
259.046,3.2169025328010514,-1.0827799262130762,3.007326039711753,0.11953254420414004,-0.22127273372345016
259.097,3.211013553963907,-1.0819532268838148,2.9964290506760234,0.1166023937726288,-0.21366645168102308
259.16499999999996,3.2043338732432756,-1.080934922733646,2.9840044135118275,0.0993655020616684,-0.18271525241468867
259.23999999999995,3.194712241146815,-1.079318850823425,2.9659707502419907,0.13008543696350744,-0.24044884359786042
259.265,3.1918552747571685,-1.0788042809461873,2.960596981957584,0.11611745164346124,-0.21495073137598
259.30199999999996,3.1876084151231208,-1.078010767073149,2.9527010073186766,0.11676639417817197,-0.21340471997059726
259.34999999999997,3.1820247128343975,-1.0769137703417715,2.942174492619282,0.118550880349577,-0.21930238957071452
259.37899999999996,3.1789495757521484,-1.0762833219388284,2.9363883702785833,0.10824474219709944,-0.19952146002411225
259.423,3.173705045310547,-1.0751663475783075,2.926545414615469,0.12186721213705165,-0.22370353779785176
259.48999999999995,3.1662294772235704,-1.073478710808396,2.91235866059035,0.11438352210551912,-0.21174259738998977
259.56,3.15840273314565,-1.0715944544349663,2.897252573227229,0.11500518616697995,-0.21580124804443185
259.604,3.153336103893752,-1.070304624854683,2.8871091245093394,0.11882341645800087,-0.23053292540667575
259.647,3.148721757637853,-1.069082132385435,2.8778871037776113,0.11101254614290958,-0.2144655984122514
259.703,3.1432663287758795,-1.0675786297268843,2.866952973202322,0.10105032640692224,-0.19525233170165632
259.745,3.1380260968554845,-1.066072873928714,2.856403715241697,0.12981613349872145,-0.2511728085861301
259.815,3.1304126891520556,-1.063777756955673,2.842148888513819,0.11359751612204666,-0.20364038182684732
259.85999999999996,3.1251281064218612,-1.0621222994070711,2.833777272956252,0.12306247400174769,-0.18603590127943692
259.91299999999995,3.1184084267608023,-1.0599481027106525,2.8233602230311616,0.1332578156553683,-0.19654811179416448
259.93899999999996,3.1156049299755826,-1.0590180727977068,2.8190020401141447,0.11360518848905451,-0.1676224198851999
259.974,3.1108812419583916,-1.0574209427264325,2.811650831701174,0.14246819322302925,-0.21003452608472895
260.03499999999997,3.1038284057116727,-1.0549631471883365,2.8007411989977262,0.12243965658866733,-0.17884643776150022
260.073,3.099024087212191,-1.0532403292502799,2.7936279422222254,0.13431259764639672,-0.18719096777628275
260.111,3.094231625993788,-1.0514831699098615,2.7865102289052777,0.1343273317241481,-0.1873082451827823
260.149,3.0894517930824326,-1.0496919440332035,2.7793925146635137,0.1343273299820438,-0.18730826952005133
260.19599999999997,3.084074624802828,-1.0476302897068475,2.771362271818878,0.12252873069389306,-0.17085623073704417
260.23999999999995,3.078592554341347,-1.045477186752457,2.7631495221948557,0.13385755673196997,-0.1866534005460346
260.28299999999996,3.0732495815063654,-1.0433284669574723,2.75511927684615,0.1339267485275974,-0.1867498918303341
260.30899999999997,3.069979545102699,-1.0419887177829414,2.7501916256719214,0.1359171450315774,-0.1895250451625647
260.329,3.0675615734094253,-1.0409859309481821,2.7465415133831326,0.13088323560919798,-0.18250561443909052
260.358,3.0640620532317655,-1.0395162285738928,2.7412488500885783,0.1308831546450845,-0.18250563084672103
260.409,3.0579267720546888,-1.036886727262946,2.731941061531487,0.13088283361310604,-0.1825056579822274
260.46799999999996,3.050979489921066,-1.0338270653695198,2.7213557311740644,0.12866434259549317,-0.17941237893946005
260.481,3.049426816757983,-1.0331312144396425,2.7190020340403542,0.13088235984298982,-0.18105362566954225
260.527,3.0439459503385646,-1.030639813164782,2.710715322660764,0.1308814399854092,-0.18014589955634247
260.55699999999996,3.0406199469734703,-1.029101102130404,2.705671236738999,0.12215622980411574,-0.1681361973923224
260.592,3.036473426617496,-1.0271541534015995,2.699366128541099,0.13088159601551785,-0.18014594851129287
260.61699999999996,3.033165100275642,-1.025577794762209,2.6943220413365414,0.14658747419455198,-0.20176348818248843
260.661,3.027982483938999,-1.023067000406238,2.6863956174156836,0.13088146881633825,-0.1801459982011528
260.715,3.0218834671019934,-1.020046850466344,2.677028023638124,0.12603387535020025,-0.17347395884378275
260.756,3.0169134254929593,-1.0175335020288048,2.6697646312172214,0.13583906293714249,-0.1771559127049518
260.79499999999996,3.012181597880095,-1.0151000958362042,2.663318688019838,0.13643256578719337,-0.1652805948047607
260.844,3.006066233176871,-1.0118991860746782,2.6553705800699947,0.1408658723171667,-0.16220628469056023
260.9,2.9991468027778785,-1.0082037894143248,2.6466621778807866,0.1400784145420967,-0.15550718195019134
260.943,2.9939442176790925,-1.0053746091294224,2.6402913510271024,0.1377230288055513,-0.14815876403914494
260.99199999999996,2.9877940836080055,-1.001976914504819,2.633428558454614,0.14339327654898534,-0.1400569912753369
261.051,2.9800552925458974,-0.997629339131953,2.6261314850497555,0.15044728746111824,-0.12367921025178504
261.097,2.9746058933741693,-0.9945256862202431,2.6215052990038146,0.13633158442461135,-0.10056926186829722
261.159,2.966071122830932,-0.9895992931624387,2.6146970941891943,0.15894394654730143,-0.10980975507450003
261.20799999999997,2.960013286463105,-0.9860572699145707,2.6102708788827877,0.14321138317126028,-0.09033092462058151
261.258,2.9535854633866965,-0.9822614556356676,2.606116141966385,0.1492985137789476,-0.0830947383280367
261.294,2.948710320069881,-0.9793604164338884,2.6034901659852525,0.15758363155305033,-0.07294377725367655
261.33299999999997,2.9438423394465865,-0.9764479991611789,2.6013739187348253,0.14545358495923782,-0.05426275001097285
261.38899999999995,2.9368065090957503,-0.9722169757937692,2.5990238440783817,0.1466075424796136,-0.04196561886507594
261.44399999999996,2.930035509669197,-0.9681251293318494,2.596941155749913,0.14384293627011774,-0.03786706051760594
261.483,2.924803388990133,-0.9649502316899818,2.595419689949749,0.1569244633685612,-0.03901194359390719
261.52799999999996,2.918811186430552,-0.9613019076456565,2.5940022629240382,0.15589923913931025,-0.03149837834915739
261.614,2.9081113436614476,-0.954767520185478,2.592972641469061,0.14578300493271046,-0.011972342499733148
261.654,2.902763174706645,-0.951497770025023,2.5927219982735505,0.15671266955975227,-0.006266079887759082
261.695,2.897670442544403,-0.9483824760972093,2.5924832904218023,0.14560991365969925,-0.0058221427255684445
261.74199999999996,2.8915601457768787,-0.9446425188324953,2.5921968409377185,0.15242569664087957,-0.006094669874126186
261.77299999999997,2.8876144803917767,-0.942226209706557,2.5920181379053724,0.14925003332923853,-0.005764613946648193
261.806,2.8835419838546743,-0.9397312268294741,2.5918367651364758,0.14472724608403748,-0.005496144512016395
261.851,2.8778158013614554,-0.9362214075524095,2.5915817096213547,0.14924997227415648,-0.005667900336021572
261.882,2.8739988146996867,-0.9338808667850345,2.59149662379279,0.1444337260023697,-0.0027447041472443336
261.91999999999996,2.8692913897496246,-0.930993986506586,2.591473106287613,0.1453192287918989,-0.0006188817151860051
261.97299999999996,2.862675343768,-0.9269374848315778,2.591758289739574,0.14642685017763712,0.005380819848321906
262.03799999999995,2.8538931316656564,-0.9215611040842753,2.5929422465907783,0.15841875400793365,0.018214720787757627
262.10299999999995,2.845612558004242,-0.9165099778092884,2.5950823512792454,0.1492242479209364,0.03292468751487865
262.154,2.840000165777192,-0.9131027326378408,2.596908932840767,0.128738991225641,0.03581532473568419
262.18899999999996,2.8342539105512894,-0.9096286160698055,2.5988561861644435,0.19185227107864306,0.05563580924795412
262.27299999999997,2.824020123173813,-0.9034833295392625,2.6029226159324694,0.14210862963807133,0.048409878190783386
262.33099999999996,2.816456002926548,-0.8989798497790032,2.6064614958855747,0.15178020620192526,0.061015171605271645
262.38899999999995,2.8095183971379867,-0.8948825912207106,2.609850087172123,0.13891663144053046,0.05842398769911659
262.469,2.7986990563515857,-0.8885559735152813,2.6151651256383697,0.15666655805542232,0.0664379808280484
262.529,2.7910797542018986,-0.8841466622410478,2.6189019201255084,0.14671948969348797,0.062279908118976074
262.608,2.7812407925188904,-0.8785088893948934,2.62362385158573,0.1435409827404273,0.059771284306599434
262.644,2.776441391171942,-0.875780330820591,2.625702599431577,0.15335568773865124,0.0577429957179591
262.68,2.7716363803829602,-0.8730615417262968,2.6276869549463346,0.15335734217601912,0.05512098652104904
262.75399999999996,2.7612296760493065,-0.8672135564549182,2.631546045176257,0.16131446612132314,0.0521498679719568
262.84799999999996,2.7496272981296666,-0.8607513732598914,2.6351887951455937,0.14128323853112737,0.038752659248263675
262.904,2.742185048034024,-0.8566328027282647,2.6370594762206276,0.1518904152649318,0.03340501919701121
262.941,2.737350200388592,-0.8539661875423523,2.6380904542967953,0.14922881451908254,0.02786427232887351
262.98199999999997,2.731989493574045,-0.8510169916347408,2.6391883710803428,0.14922949849179307,0.026778458135305147
263.051,2.7229607931256563,-0.8460663375592308,2.640912967288547,0.14923061631458562,0.024994147944985508
263.114,2.714972018763148,-0.8417020559275333,2.6422960210845825,0.14449455783038642,0.02195323485770755
263.162,2.708419353063472,-0.8381330038708149,2.643427735941205,0.1554501197732925,0.023577392846297746
263.21099999999996,2.7021250816265696,-0.8347134800590734,2.644463691274861,0.14618713085073903,0.02114194558482738
263.268,2.694514844725389,-0.8305900388056962,2.6456443306210935,0.15185168107288166,0.02071297098653057
263.351,2.683878841381857,-0.8248457235501034,2.647031703634249,0.145639541391468,0.016715337507889533
263.419,2.6750769427056555,-0.8201006797579482,2.6471255642001155,0.14705063278339753,0.0013803024392163325
263.48999999999995,2.665619156000332,-0.8149990094560781,2.646695908556302,0.15135227862862546,-0.006051487941037467
263.55699999999996,2.657214075322699,-0.8104607802859305,2.646313992307305,0.14256732136910544,-0.005700242522343901
263.604,2.6505175179219225,-0.8068420809247817,2.6460096527292625,0.16195230659015988,-0.0064753101711121095
263.668,2.6421155536019194,-0.8022980848028817,2.645627736300871,0.14925016455182433,-0.005967444193613007
263.75199999999995,2.6310906101955047,-0.7963292208389081,2.6451264707849065,0.14925016386499781,-0.005967446618630394
263.83,2.6212494401092643,-0.790995208645654,2.644678912124485,0.1435097732573663,-0.005737931543861067
263.902,2.61154182632531,-0.7857280003433009,2.6442373207634753,0.15339600211306953,-0.006133213347358824
263.947,2.605770834629222,-0.7825941147046324,2.643974752856781,0.14593349466606798,-0.005834842370982871
264.02,2.5960669321955865,-0.7773200720210247,2.643533161259078,0.15129468701024093,-0.006049199968538496
264.056,2.5913469571230805,-0.7747527722335659,2.6433183328604826,0.14925016513567477,-0.005967455516533458
264.128,2.581646518757957,-0.7694723608684727,2.642876741041741,0.15339600210135085,-0.00613321970474258
264.15299999999996,2.5783698707039533,-0.767687470135833,2.6427275545828413,0.14925016527854415,-0.005967458355998643
264.191,2.5739140567505276,-0.7652592343043859,2.642524660971535,0.13353962145770162,-0.0053393055606852724
264.251,2.565921037533249,-0.7609004277400855,2.6421606458841875,0.1517376673304314,-0.0060669181224601776
264.296,2.5596325644457942,-0.7574685018032898,2.6418742077114086,0.15920017589055258,-0.006365292728419032
264.344,2.553476053986407,-0.7541063291026989,2.641593736939919,0.1461407864790515,-0.005843141072695716
264.378,2.5487610668578857,-0.7515298801408169,2.641378908223183,0.1580295865911385,-0.006318491668715688
264.46099999999996,2.53802344091213,-0.745657521136238,2.6408895760143576,0.14745196916089762,-0.005895568781029835
264.517,2.5308229853465978,-0.7417158000721272,2.6405613652838054,0.14658498320691926,-0.00586090590271412
264.57,2.524016472033664,-0.737986908745346,2.6402510568807736,0.14643412394096644,-0.005854875528902405
264.628,2.516295098978927,-0.7337534937818226,2.639898976103398,0.1518234433087252,-0.0060703582306104705
264.704,2.506351120930997,-0.7282962753968376,2.639445448182269,0.1492501640931425,-0.005967472646436353
264.76,2.499156365206064,-0.7243441600980554,2.6391172370883123,0.14658498318299654,-0.00586091239208467
264.816,2.4917013511536203,-0.7202458399895145,2.638777090958115,0.15191534615082622,-0.006074038039239022
264.84499999999997,2.487778219592152,-0.7180878109419325,2.6385980666433606,0.1543967225736989,-0.006173252232909785
264.90799999999996,2.479671638970316,-0.7136256588130729,2.638228082981538,0.14688111426679656,-0.005872756536869767
264.94899999999996,2.474311742737733,-0.7106732334174741,2.6379834163086326,0.1492501649693957,-0.0059674798269574395
265.015,2.4659465197454407,-0.7060619484199905,2.63760149750765,0.1447274321723791,-0.005786648499736936
265.087,2.4561457661032478,-0.7006540336085301,2.6371539362697916,0.15546892091650194,-0.0062161283035869
265.15099999999995,2.447915004180966,-0.6961079957119328,2.6367779847108315,0.14691813061760065,-0.005874243108754598
265.21099999999996,2.439947165392331,-0.6917033282108906,2.636413968018132,0.1517376672239192,-0.006066944878324368
265.289,2.430413937048567,-0.686428651406094,2.6361257327374252,0.1396816247287709,-0.0036953241116236568
265.351,2.4219250684571,-0.6817344672383828,2.6371596331912506,0.15645681315230958,0.016675813771373314
265.40799999999996,2.4144750573888696,-0.6776313781781338,2.6397180751244838,0.1492135995570259,0.0448849461971052
265.48199999999997,2.4045546948999967,-0.6722186654058531,2.645426848193906,0.15271528976214963,0.07714558201920449
265.55899999999997,2.3947856959643286,-0.6669780029808834,2.6533375813840006,0.14397313966423278,0.10273679467655725
265.62699999999995,2.3864084622580326,-0.6625682776676053,2.661013625022868,0.13922030311805553,0.11288299468925729
265.688,2.378827563463173,-0.6586495899574218,2.668180328393861,0.13989874242330344,0.11748694050801019
265.74699999999996,2.371469608200033,-0.6549133053505092,2.6755567374190785,0.13986833419386804,0.12502388178341337
265.81899999999996,2.363197575055206,-0.6507994136453343,2.684964333194122,0.12831306756699154,0.13066105243115428
265.881,2.3556252580493933,-0.6471216397704299,2.694150445372655,0.13577733722805557,0.14816309965372695
265.945,2.348172156026158,-0.6435859189739846,2.7032881578084083,0.1288944609373592,0.14277675680860002
266.01599999999996,2.3402268746534918,-0.6399077256346651,2.7129177682922636,0.12331514964585658,0.13562831667407726
266.061,2.334393973921109,-0.6372662317849753,2.7200038949747833,0.14229203271337543,0.15746948183371617
266.113,2.3279443509119853,-0.6344032844598884,2.7278581938327506,0.13570180329641862,0.1510442088070025
266.176,2.320631719207468,-0.6312305285836725,2.736717480737706,0.12652791291962057,0.14062360166598706
266.24699999999996,2.311964835749436,-0.6275688637251977,2.747189483593992,0.1325161699295353,0.1474929979759212
266.292,2.306528680471877,-0.6253264870438713,2.753671285692743,0.13067731888300527,0.14404004663885867
266.359,2.298529652743719,-0.6221015840471175,2.763200675197311,0.12872599507324295,0.1422296940980119
266.381,2.295734931379716,-0.6209956527420983,2.7665063574632383,0.13661757835121854,0.15025828481494188
266.45099999999996,2.287573151600615,-0.6178269100142266,2.7761794448620374,0.12507596029809104,0.13818696284000104
266.524,2.278401013339044,-0.6143736130893114,2.787022179461873,0.1342559263872821,0.14853061095657655
266.59999999999997,2.2693148695129746,-0.6110643891525568,2.7977720894314695,0.12723689156077203,0.14144618381054783
266.65099999999995,2.262538947594461,-0.6086679961674875,2.805720411166442,0.14092545383610308,0.15584944578381657
266.719,2.2543830129978217,-0.6058635124611637,2.8152496921663284,0.12683292657569134,0.14013648529235995
266.777,2.2477325414765423,-0.6036406980259943,2.8229842050578404,0.12089843452681212,0.13335367054332806
266.83599999999996,2.2398533614144913,-0.6010811054394078,2.8321349423421722,0.14041530784934547,0.15509724210739995
266.85699999999997,2.2368927053862917,-0.6001398689967579,2.8355853452234063,0.1479367561007353,0.16430489910626853
266.923,2.229105713293568,-0.597717589933142,2.844592099719936,0.12356121612739142,0.1364659772200807
267.005,2.2188140268788525,-0.5946330821415052,2.856379923041363,0.1310240846705671,0.1437539429442432
267.077,2.210106412974079,-0.5921264883276535,2.8663426557356937,0.12585015866038998,0.1383712874212557
267.147,2.2011245534634765,-0.5896384869668405,2.8765677940172756,0.13314404585584186,0.14607340402261268
267.212,2.1932448777275386,-0.5875370737465299,2.885520184535119,0.12546267247143833,0.1377290848899009
267.27,2.185848702323026,-0.5856333030073437,2.893954091729704,0.13167691160283546,0.14541219301011077
267.308,2.181076691881301,-0.5844401117891098,2.8993710733363365,0.1294453032094363,0.14255214754291398
267.38,2.1727499955868996,-0.5824222535091762,2.908395778949778,0.11899594674947161,0.12534313352001744
267.409,2.168136821237842,-0.5813367499535399,2.913002265459,0.1634195214926506,0.15884436238698987
267.48499999999996,2.158642136101832,-0.5791706457264494,2.9217168202155888,0.12813996237523412,0.11466519416569171
267.536,2.1512035720604743,-0.5775315412263325,2.9276753319504887,0.149353210902589,0.11683356342930808
267.575,2.145799776567258,-0.5763672945561374,2.9314421117135363,0.14173823703571542,0.09658409648843212
267.67499999999995,2.1323888071992827,-0.5735641757553696,2.9393591285103056,0.13700787364239841,0.07917016796771961
267.72999999999996,2.123691878161803,-0.5717992473475818,2.9434520108938846,0.16134921519943465,0.07441604333779217
267.78299999999996,2.1159389932952926,-0.5702549225230982,2.9463129926584473,0.14915468819292158,0.05398078801061825
267.84999999999997,2.106128711255999,-0.5683248156966102,2.9481456542691995,0.1492290621792982,0.027353158369433445
267.906,2.098073073254459,-0.5667481755611257,2.9482604239508294,0.1465799497668601,0.0020494586005330665
267.97499999999997,2.088406360255289,-0.5648527597623997,2.947454453937785,0.14276498244991023,-0.011680724826735428
268.027,2.0803518562096275,-0.5632631519445651,2.9456188768977403,0.157882025224756,-0.03529955846238751
268.09299999999996,2.071129475151124,-0.561416585048417,2.9417112129417378,0.14250652176065606,-0.059207029636424845
268.144,2.0630844009768525,-0.5597703880867609,2.937185924301014,0.16101511758681536,-0.08873114981803774
268.192,2.05621582629183,-0.5583316103806321,2.9326251637907355,0.14620102380824557,-0.0950158439641303
268.22999999999996,2.0505216484298594,-0.557112591399988,2.928575730361433,0.1532421291219137,-0.10656403761335033
268.28499999999997,2.04264554078539,-0.555385850467348,2.9226573238684783,0.14660308575299402,-0.10760739078098155
268.37399999999997,2.029706790813662,-0.5524374403449891,2.9118933531068474,0.14910598075140002,-0.12094349170372025
268.404,2.0253902267160995,-0.5514202332862148,2.9080457799808737,0.14782660942524786,-0.12825243753233112
268.453,2.018250371186417,-0.5496981465024361,2.9014477577556685,0.14988975523270667,-0.13465351480016435
268.505,2.0110241568103686,-0.547904185847185,2.8945665355285346,0.1431839821764451,-0.1323311966755995
268.55699999999996,2.0037904658719143,-0.5460552583022231,2.8872138364865356,0.14358163881331182,-0.14139805850007806
268.61199999999997,1.996038381915701,-0.5440065984191689,2.879037096848222,0.14578577397816653,-0.1486679934238624
268.686,1.9862345690639538,-0.5413173603600899,2.868557426309224,0.13737784119353116,-0.14161716944589853
268.77799999999996,1.9737094253021021,-0.537721436474687,2.85553218703278,0.1416425279484239,-0.1415786877874568
268.816,1.9680138731007635,-0.536029519228869,2.8500138166893354,0.1563563186091609,-0.14522027219587177
268.892,1.957453701260245,-0.5328023258086833,2.839782401970807,0.14529319309084954,-0.13462387787533645
268.94599999999997,1.9501151607845404,-0.5304898617978129,2.832638689092082,0.14248633139651332,-0.1322909792357139
268.97499999999997,1.9459554879828183,-0.5291531701335004,2.8285619516270892,0.1506609395145381,-0.1405771539652796
269.02599999999995,1.9387690891446034,-0.5268003723998931,2.8215901091570417,0.14826950720073237,-0.13670279353037726
269.079,1.9314588799684778,-0.5243498116608729,2.814455118751056,0.14547207269880288,-0.13462246049016185
269.149,1.9218598253205845,-0.5210429420456443,2.804972864370207,0.14503851479013144,-0.13546077686927888
269.21799999999996,1.9125594663992986,-0.5177415521735534,2.795790097962221,0.14302802373997558,-0.1330835711303089
269.269,1.905910213067959,-0.5153214541626577,2.7891333803016245,0.13874463838830367,-0.1305238756978609
269.31899999999996,1.8988449119100428,-0.5126949297334683,2.7820958929854176,0.15075425172018866,-0.14074974632426607
269.38,1.8905923327344223,-0.5095554523114522,2.773836602540069,0.14474711894239572,-0.1353982040220271
269.435,1.882901376689779,-0.5065586620115019,2.766134369126098,0.1500760765563356,-0.14004060752673464
269.491,1.8756552832001367,-0.5036727097376951,2.758812048328134,0.13927952297064342,-0.13075572853510317
269.54699999999997,1.8684092807876418,-0.5007250856296718,2.7515304127921745,0.13968924928608348,-0.13002920599931994
269.594,1.861716179643429,-0.49794770082354106,2.7448002224408894,0.15418042097729276,-0.1431955393889667
269.669,1.8521246274175527,-0.49387481506945585,2.7350652633360397,0.13893964954777235,-0.12979945473134863
269.73999999999995,1.8423241626108509,-0.4895978990951399,2.7250354277603197,0.1506062078766791,-0.14126528979893405
269.825,1.8315626558658686,-0.4847664166123135,2.714031190596105,0.1387802776112151,-0.12946161369658843
269.911,1.81995391695033,-0.47939402078911436,2.7021271496666883,0.14873972829277807,-0.13841908057459185
269.995,1.8089337321164343,-0.47413798428159826,2.6908259277318467,0.14535046079838318,-0.13453835636715705
270.05699999999996,1.8005850913462025,-0.47005391748702646,2.682318909673325,0.1499040660036584,-0.13720996868593205
270.109,1.7937701815573288,-0.466655368470918,2.6755625587895024,0.1464485021233096,-0.12992982468884479
270.167,1.7856515844499954,-0.46253181287471434,2.6675725569258635,0.15699630188905353,-0.1377586528213787
270.202,1.7815951789718043,-0.4604410166829519,2.6636844332551988,0.1303867218698479,-0.11108924773319809
270.27599999999995,1.772541270487598,-0.45570320935465936,2.655206616374931,0.13808938171062196,-0.11456509297666279
270.33599999999996,1.764440208373487,-0.4513811480716729,2.6476548382794176,0.15303178782942303,-0.12586296825854884
270.429,1.7524683038320792,-0.4448505775012924,2.636688162313213,0.1466372003648431,-0.11792124694841405
270.522,1.7401827953667945,-0.4379706264680497,2.625363260588537,0.15140588492480317,-0.12177313682444915
270.602,1.7300350016796808,-0.43214841526388176,2.6159242451057385,0.14624244639799883,-0.11798769353500564
270.642,1.7246414303125497,-0.4290019684241177,2.6109552201202377,0.15610641364098055,-0.12422562463745598
270.703,1.7168662046239267,-0.4244021565192877,2.6036687226125217,0.14809767841266674,-0.11945077881505889
270.73999999999995,1.712416892575495,-0.421735382881961,2.5995036111846215,0.14019724010743492,-0.11257057913250602
270.786,1.7063200817669388,-0.4180404205729641,2.593775411385842,0.1549801019305019,-0.1245260825820344
270.859,1.6972999126802428,-0.4124807232642479,2.5840270879469407,0.14514969496887822,-0.1335386772452586
270.917,1.6907472053228774,-0.4083522098492497,2.574180783932981,0.13353177990753906,-0.1697638623096731
270.993,1.6827884728300813,-0.40320346880583824,2.5600872036539526,0.12472334844288441,-0.1854418457766348
271.092,1.672906812832569,-0.39657209288842304,2.5402685538936294,0.12020726194518568,-0.20018838141742737
271.16999999999996,1.665364522032349,-0.3913025928773956,2.5229665441296434,0.11795831962127985,-0.22182063799989285
271.209,1.661838057242935,-0.388771039674491,2.514762981575918,0.11130897562172729,-0.21034775778759135
271.25,1.6575190304809662,-0.3856100522460641,2.5045905274579616,0.13054098231065056,-0.24810863702334657
271.303,1.6531238377252018,-0.3823234613422204,2.494228326811837,0.1035493273771915,-0.195513219738214
271.36899999999997,1.6472375865778945,-0.3778087172385255,2.4801595207107394,0.11239817031166155,-0.21316372880458975
271.443,1.640519491585456,-0.3724923860272963,2.463917662396299,0.11577239095513157,-0.2194845718167252
271.532,1.6329871509249971,-0.36631639341700334,2.445502327813846,0.109444800892128,-0.20691387171295741
271.623,1.6248338104607756,-0.35936252511712785,2.425158611244643,0.11775854379030111,-0.2235573249362775
271.66299999999995,1.6214969230315106,-0.356432522267836,2.4167114612209426,0.11101726896208752,-0.2111787505927032
271.72299999999996,1.616366380080209,-0.351829186583281,2.4036771109085047,0.11488299651752454,-0.21723917187395742
271.78499999999997,1.6111461895691892,-0.3470192672137481,2.390258468823041,0.11448853973965965,-0.2164297110558235
271.85499999999996,1.605393347345465,-0.3415654568140685,2.375267275607296,0.11324458046836143,-0.21415990308209137
271.936,1.5989080171808978,-0.3352161729565457,2.3581034442396325,0.11204879566006898,-0.21189915268716022
271.984,1.5948032727234887,-0.33108269823386494,2.3470998257354427,0.12136116815222751,-0.22924205217061086
272.056,1.5889078160307435,-0.3249831639015106,2.3310631268069795,0.11781898575460291,-0.22273192956198137
272.09999999999997,1.5854609577761398,-0.3213246371477122,2.321563853344074,0.11423851786798338,-0.21589257870248427
272.16999999999996,1.580356102888543,-0.31577529822372946,2.3072541915638447,0.10771722799757845,-0.20442373971757977
272.224,1.5759274885246228,-0.3108295511743387,2.294704650764406,0.12293986711481948,-0.23239890369317417
272.27,1.5725219290834678,-0.3069398297543769,2.284927796703731,0.11238892401852199,-0.21254030566688528
272.35499999999996,1.5662835732647475,-0.29961018732775474,2.266733656534936,0.11323536527004312,-0.2140487078682287
272.43399999999997,1.5604674924735353,-0.29252553184764396,2.2494044910149746,0.11602779051610236,-0.21935652556911073
272.508,1.5549311566673492,-0.2855411388106509,2.2325068636763685,0.1204392680368415,-0.22834631538653116
272.59799999999996,1.5489495666365938,-0.2777135319073741,2.213891462981664,0.10946043263269803,-0.20683778549677498
272.683,1.5432588466026225,-0.26997569139768596,2.1957288403914625,0.11300149753016578,-0.21367791282580742
272.77599999999995,1.537108963614365,-0.26126895528505206,2.1755758036521002,0.11461998143376854,-0.21669931977818044
272.85299999999995,1.5321531008929226,-0.2539710660372256,2.1588992716999265,0.11456559794858026,-0.21657833704122303
272.89599999999996,1.52958219572115,-0.250079249492543,2.1500193589686316,0.10847232967882746,-0.20650959840217514
272.964,1.525677628676649,-0.24402085330510903,2.1363700894214555,0.10599443431483335,-0.2007245521642358
273.01,1.5224772418085506,-0.23891551012764858,2.1248726171540384,0.13098977049402974,-0.24994504929171685
273.04699999999997,1.5204381568178225,-0.23559345089040676,2.1175119910632527,0.10534976069401832,-0.19893584029162506
273.11899999999997,1.5159390671423962,-0.2280621081642008,2.100833368199592,0.12184516583803107,-0.23164753977305846
273.19899999999996,1.5114857324692852,-0.220315025735799,2.0839454739937135,0.11169816741391786,-0.2110986775735211
273.257,1.508250513361914,-0.2144897133362605,2.0713442611231168,0.11488621681284285,-0.21726229087217278
273.313,1.5051967424288986,-0.2088270204033916,2.0591775759763653,0.11488626830006769,-0.2172622347634841
273.37699999999995,1.5019714605680257,-0.20266076485452714,2.0459803225030386,0.10873153419018498,-0.2062070855208436
273.445,1.498192978225419,-0.19517349837888073,2.030120187994682,0.12333325470085017,-0.23323727218157345
273.534,1.4939154708806375,-0.18632195065329688,2.0114923452864337,0.11045976280967078,-0.2093016034634691
273.577,1.491886542006406,-0.1819711089873711,2.0024233000876523,0.11164335062413047,-0.21090802787860546
273.669,1.487543783306717,-0.17229427805273748,1.982634144009731,0.11528946169915273,-0.21509952258613735
273.72799999999995,1.4846987558660223,-0.16566464631095087,1.9694175995932686,0.12227635773775038,-0.22400922739778645
273.78999999999996,1.4819549808640267,-0.15903373866877266,1.9566296428618106,0.11574447688062667,-0.20625736663637903
273.861,1.4787770594634753,-0.1510464252352936,1.9419364554866083,0.12107463692835257,-0.2069463010591106
273.928,1.47584745322547,-0.14337136066553371,1.9285918097435661,0.12261465087230936,-0.1991738170603093
273.969,1.4740505468577374,-0.1385056003785295,1.920332532444865,0.12651108226219288,-0.2014457877732139
274.024,1.471799500164341,-0.1322280546215833,1.9096380750220998,0.12125349710746987,-0.19444468041388865
274.08599999999996,1.4693373087452912,-0.12510839045093616,1.897616269087167,0.12150633270894531,-0.1939000957248642
274.12899999999996,1.4676085536918428,-0.11993783970260898,1.889027749233408,0.12678831976613295,-0.19973301985483016
274.15,1.4667873335081127,-0.11742917636431728,1.8850366616536038,0.12569799980228832,-0.19005178951434767
274.18899999999996,1.4652924383299695,-0.11278216720664545,1.878116857274949,0.1251676212223321,-0.1774308815040301
274.217,1.4641167327947429,-0.109046051019962,1.8726841490126773,0.1398835506311115,-0.19402529508098998
274.262,1.4624637561631364,-0.10366636316992241,1.8649378941930035,0.12506467089238807,-0.17213899599269106
274.32099999999997,1.4601700059088425,-0.0959471695052878,1.8541240576621514,0.13648777065100506,-0.18328536492979278
274.373,1.458246814995211,-0.08923411179529606,1.8452829210340371,0.13429055191192263,-0.17002185823289803
274.409,1.4569716179429615,-0.08465853285722343,1.83941070548014,0.13194312905951955,-0.16311709871935642
274.44,1.4558291246177608,-0.08046574355367295,1.8340833866329773,0.14018262632101086,-0.1718489950697335
274.466,1.4549172806463264,-0.07705467080773042,1.8297626110324712,0.13580178682639396,-0.16618367694247713
274.525,1.452966612251319,-0.06955348111366434,1.8203920410095162,0.13136736310427605,-0.15882322072813307
274.55699999999996,1.4518278852089148,-0.06503593095957964,1.814834304966136,0.14558931520866145,-0.17367925135572998
274.59799999999996,1.4504804655882173,-0.059552540139785635,1.8082567518742025,0.13771984105557508,-0.16042812419351046
274.626,1.4495459525880678,-0.05565337373429125,1.803639871501381,0.14319964836652938,-0.16488858474350665
274.691,1.4476904927486107,-0.047670761441450854,1.7944044952768436,0.12608331070658646,-0.1420827111467343
274.73699999999997,1.4461401573139872,-0.04072764140595377,1.7864029916278605,0.15465440432316704,-0.17394573149966205
274.789,1.44464542654404,-0.03377233881883365,1.7784014888507405,0.13680966315402296,-0.15387505340609356
274.832,1.4434325099529963,-0.027923309358818472,1.7717191749317396,0.13891784554238304,-0.155402649279067
274.873,1.4423356758496508,-0.022452483293642744,1.7654434875989253,0.1360900926477694,-0.15306554470279848
274.91299999999995,1.4412468342724023,-0.0168379636906474,1.7591053007914346,0.14297815906814132,-0.15845467018741322
274.972,1.4397924139582774,-0.009021149226512612,1.750253968879305,0.13476220645511097,-0.15002257478179004
275.036,1.4381946565374102,4.551725614322129e-05,1.740008749251585,0.14384954933080044,-0.16008155668307264
275.11499999999995,1.4364702714209199,0.010505608011822345,1.7282244953868984,0.13419333712981565,-0.1491677704391639
275.13399999999996,1.4359940447887722,0.013537241973612049,1.7247818900103127,0.16151632837225222,-0.18118975666235293
275.18399999999997,1.43497075145489,0.02029525413879482,1.7172098094140773,0.1367009256324258,-0.15144161192467306
275.25199999999995,1.4336166144411489,0.029824358300666282,1.7065470846284168,0.14154174037715211,-0.15680477625975173
275.32399999999996,1.4322927276467083,0.039933545873811524,1.6953106721270201,0.1416042547934274,-0.1560612847416138
275.395,1.4311458035139248,0.04948233370286175,1.6853406297469702,0.1354566318105909,-0.14042313211332738
275.454,1.430187050128796,0.058136542280227924,1.6767890054928503,0.14757888464007307,-0.14494278396807067
275.507,1.4294254731511917,0.06554269217769633,1.6696046158508369,0.14047553854703582,-0.1355545215474296
275.57599999999996,1.428471589431618,0.07566338678874586,1.659795161421395,0.14732677364150104,-0.14216600622387682
275.62899999999996,1.427847696824282,0.08293871197134323,1.6527489340307915,0.13777409458419226,-0.13294768661516845
275.673,1.4273505846391195,0.08921883102199747,1.6467146716804395,0.1431764353514803,-0.1371423261442399
275.74199999999996,1.4266398586698414,0.09911322996428114,1.6379824109629137,0.1437665540417323,-0.12655450315262054
275.82599999999996,1.4258627880453016,0.11163677170997637,1.6273757939248625,0.14937650871717034,-0.12626925045298584
275.892,1.4253331904216127,0.12171775398574737,1.6192599261507266,0.15295278361160586,-0.12296769354745718
275.94,1.425016844406972,0.1285788182562537,1.6144553725162036,0.14309069476821634,-0.10009486738589042
276.001,1.4246393307392877,0.13782791533406935,1.6088427549976012,0.1517507905258158,-0.0920101232558097
276.061,1.4243176627335634,0.14677940885113328,1.6048803687994257,0.1492878525347164,-0.0660397699695885
276.079,1.4242220922687425,0.1496139428333833,1.6041432024676856,0.15756359298424824,-0.0409536850966086
276.121,1.424030959938999,0.15543201929447897,1.6031770689575953,0.13860035959375877,-0.023003178811689434
276.186,1.4237138763998327,0.16542731699455826,1.601870557915195,0.15385116767524418,-0.020100169883080776
276.24899999999997,1.4234217633415973,0.17497522114215955,1.6009061166848806,0.1516249464190189,-0.015308590957375448
276.31199999999995,1.4231469370674343,0.18422493160066689,1.600079262058099,0.14688559302035686,-0.013124676615582765
276.35999999999996,1.4229436975663468,0.19123695854130746,1.5994524529213607,0.14614524398649845,-0.013058523682047282
276.433,1.4226319907965816,0.2022773188033088,1.5986071507663109,0.15129807745847285,-0.0115794815760197
276.522,1.422273030377998,0.21540669655228004,1.5976412164895737,0.14757622320690814,-0.010853194120642753
276.558,1.4221219439275865,0.2210763195167485,1.5972133914901858,0.15754543650588546,-0.011884027760773753
276.618,1.421896241099868,0.22973008479121196,1.596543713812827,0.14427846839430583,-0.01116129462264835
276.685,1.421642235353268,0.23972676212225594,1.595907396852053,0.14925229594854003,-0.009497268071251662
276.743,1.421426426355906,0.24838058637834018,1.5955444995808143,0.14925025447126172,-0.006256849504114851
276.818,1.4211521062160195,0.2595710257498472,1.5950296489174929,0.1492506824054734,-0.0068646755109539
276.882,1.4209155640959696,0.269418748929981,1.594547512543036,0.153915056860207,-0.007533380850887043
276.953,1.4206735930249768,0.27971422022974235,1.5940466032899134,0.14504668155491449,-0.007055059903137067
277.01399999999995,1.4204604332953943,0.2889653140333337,1.5936117455777297,0.15169752860973015,-0.007128814953834745
277.029,1.4204061052657384,0.29135272610288115,1.5934744779737102,0.15920200898501125,-0.00915117360126978
277.099,1.420178640447141,0.3014992676943012,1.5929373515920842,0.1449870131482832,-0.007673234023230218
277.15099999999995,1.4200050843770446,0.30940767834867006,1.5925294761351327,0.15212143913323906,-0.007843758787532787
277.20099999999996,1.4198443605185784,0.31686850697741425,1.5921474513683862,0.14925119227147765,-0.007640495334928982
277.263,1.4196458125032023,0.326269226358186,1.5916793668249098,0.15165832040262367,-0.007549750701230089
277.29999999999995,1.419531245146517,0.3317903411479586,1.5913834030452088,0.14925144167576299,-0.007999021073007295
277.32599999999996,1.4194547926692211,0.33552083205480226,1.5911986623221526,0.1435105473481755,-0.007105412425235105
277.4,1.4192298024590024,0.34671244313290955,1.5905705454771262,0.15126854583173333,-0.00848806547332824
277.474,1.4190148903844733,0.3577549808101183,1.5899329108188789,0.14925174067667335,-0.008616684570907867
277.515,1.4189044592045972,0.3635747526285006,1.5895957946773158,0.14197120608505828,-0.008222344916172962
277.563,1.4187688948050192,0.37088690680721986,1.589059113210872,0.15236272344782015,-0.011180863884245645
277.60699999999997,1.4186505165682115,0.37745298189772075,1.5885761462832972,0.14925322978682048,-0.010976521081249045
277.661,1.4185150393449424,0.3852130532923516,1.5878907166431433,0.14372692410683383,-0.012693141484325154
277.712,1.418385476683609,0.3929732943660906,1.5870745144483347,0.1521827954525466,-0.016003964604094083
277.768,1.4182530312697816,0.40133059228703205,1.5861955274863802,0.14925620257581548,-0.015696195749192968
277.83599999999996,1.4180973961489847,0.4117773419098569,1.585148584640131,0.15364571882921998,-0.015396218327197486
277.871,1.4180258792402136,0.41685154893869625,1.5846149142824129,0.1449917425931032,-0.015247724506221074
277.92499999999995,1.4179159234712202,0.4250599036615572,1.5837516243067415,0.15202020650235532,-0.01598685140132838
277.995,1.4177880001041359,0.43535778397214236,1.58267330646999,0.14712392616002745,-0.015404540525010373
278.073,1.4176575618303395,0.44684971921313166,1.58155898096846,0.14734199335444803,-0.014286224378594553
278.14799999999997,1.4175416326162966,0.4581925161969169,1.58049586215945,0.15124519195183292,-0.014174917453468812
278.22999999999996,1.4174280016016922,0.470580079652098,1.5794786197746735,0.1510742025900769,-0.01240539493629996
278.27,1.4173771448855688,0.47654990892522175,1.5791717084020627,0.14925114730669448,-0.0076727843152673714
278.35999999999996,1.4172694862995676,0.48983273656055376,1.5786285114394334,0.14759182133032359,-0.006035521806993651
278.417,1.417206516765813,0.49804124894587104,1.5783003710649133,0.14401322647745315,-0.005756848675789819
278.496,1.4171186843008012,0.5101301855689718,1.577817109797971,0.1530285530803973,-0.006117231227117302
278.558,1.417054409160307,0.519532720345261,1.5774412399198592,0.15165733006683785,-0.0060624173888985
278.64,1.4169778832202602,0.5314724807329696,1.576963944811786,0.145609824700426,-0.0058206720496730155
278.68399999999997,1.4169364612906254,0.5383378590537513,1.576689500104468,0.15603416541492124,-0.006237379711774422
278.731,1.4168969235293631,0.5452032484840137,1.576415055376826,0.14607453783512417,-0.005839249524297975
278.762,1.4168705302690012,0.5499791778441755,1.5762241372910448,0.15406458994378514,-0.006158647928421046
278.835,1.4168144792466315,0.5607250367447557,1.5757945715463182,0.14720554907230735,-0.005884462256530923
278.86899999999997,1.4167896152865795,0.5657994782606469,1.5755917210272878,0.14925007147825683,-0.005966191736188228
278.918,1.4167555926512492,0.5731126526092395,1.5752993775953852,0.14925007120154246,-0.005966192487804982
278.959,1.4167300414155435,0.5789333493125632,1.5750666960537603,0.14196958010864733,-0.005675159551827853
279.007,1.4166998549044039,0.5862465380444128,1.574778249746947,0.15235939649437913,-0.006009298058611236
279.089,1.4166526006873323,0.5986340275053976,1.5745623487037919,0.15106804378466157,-0.0026329395506715877
279.162,1.4166100181483579,0.6096780317701903,1.5747830960090416,0.15128885421328184,0.003023935688354168
279.216,1.4165783352029286,0.6174386517113416,1.5749783215385311,0.1437163817431053,0.003615287583136355
279.28799999999995,1.4165313008211984,0.6283333574135512,1.5752523880681175,0.1513167670783245,0.0038064795775916388
279.31199999999995,1.4165151852661533,0.6319151756011055,1.5753424921151766,0.14924393506084277,0.0037543352941296127
279.36699999999996,1.4164770365214066,0.6401235033687286,1.5755489805294391,0.14924393484631143,0.003754334804772586
279.43,1.4164312562135777,0.6495257598055728,1.5757855035791237,0.14924393476336859,0.00375433412197475
279.488,1.4163858321270808,0.6583309506710724,1.5761381976603492,0.15181565571153488,0.006080932434923402
279.501,1.416376197280951,0.6601218197578388,1.5762288604489385,0.1377611541722029,0.006974060660725409
279.563,1.4163229424966177,0.6695238765676615,1.5767139421334972,0.1516485101694601,0.007823898138042722
279.63599999999997,1.4162560431341156,0.6802689807199671,1.5773759198636732,0.14719606039831473,0.009068188084604729
279.697,1.4161961515388517,0.6889245972684263,1.5780976061258583,0.14189875004355243,0.011830922330895591
279.77599999999995,1.4160995498487998,0.7011615971310341,1.5793660317912632,0.1549035589196143,0.01605602108108556
279.85699999999997,1.415986657449067,0.7133983977896616,1.5807428527174079,0.15107804197830635,0.016997789211658863
279.93,1.415874626131749,0.7239934902549154,1.5820147015668957,0.1451463664654058,0.017422586979276813
280.015,1.415724631036101,0.7365282993486764,1.583561875318924,0.14747890004302225,0.018202044141513628
280.06899999999996,1.4156104706148671,0.7450336691959399,1.5849651549143826,0.1575210361554201,0.02598665917517207
280.094,1.415571788219044,0.7477195136010962,1.585457504249969,0.10744491795472715,0.019693973423428934
280.14599999999996,1.4154404245888528,0.7562244441115411,1.5871241925642836,0.1635758643083411,0.03205169835222602
280.191,1.4153257001724606,0.7629385699084172,1.5886736442008498,0.1492245749925586,0.03443225859034711
280.27599999999995,1.4150766140411457,0.7757692970584495,1.5918783606246885,0.15097817303666944,0.037702546162817104
280.375,1.4147386252630214,0.7903888584425384,1.5960829553304219,0.14771179629786563,0.04247065359324699
280.466,1.414367062644289,0.803962524417899,1.6002900174133834,0.14921703912879686,0.04623145146111135
280.531,1.4140715419219014,0.8135078449447987,1.6032488304347852,0.1469214469974994,0.04552020032925965
280.59499999999997,1.413731270010417,0.823499436398913,1.6065808398411165,0.1562091233717072,0.052062646973956704
280.659,1.413378698657585,0.8328930771695294,1.6101538851046575,0.14687898389391368,0.05582883224280891
280.70799999999997,1.413074115693748,0.8403472423302357,1.6132065341410164,0.15225276149878297,0.062298959925720286
280.757,1.4127732722631514,0.8472041243989705,1.6161356184196258,0.1400709918092969,0.059777230175658995
280.822,1.4123064610987146,0.8570405816725659,1.620447258612065,0.15150042815063783,0.06633292603752904
280.882,1.4118361486579916,0.8661298167185069,1.6246055271843443,0.1516899135226694,0.06930447620465052
280.96299999999997,1.411153226281873,0.8781959232336701,1.6301840121045459,0.14920268174154178,0.06887018420005378
281.00399999999996,1.410772358092899,0.8844508167214027,1.633140624210098,0.152840939665228,0.07211249037932764
281.055,1.4102941907455802,0.891895450353074,1.6368461441310354,0.14627400241955452,0.07265725335164752
281.10499999999996,1.4097774034116697,0.8994869661673198,1.64076722080029,0.15218170915920126,0.0784215333851626
281.164,1.4091422826519588,0.9082666434717466,1.6453758662634854,0.14919694249506144,0.078112634969381
281.219,1.408514093606324,0.9164440012438875,1.6498781919462353,0.1491172943510883,0.08186046695907868
281.248,1.4081837826461234,0.9205663436998894,1.6523760043264315,0.14260533439227807,0.08613146138608652
281.308,1.407429178455609,0.9294861712536064,1.658230722935072,0.14919483074190926,0.09757864347733625
281.35999999999996,1.406743896331475,0.9370850128216224,1.663339535968022,0.14672460008901525,0.09824640447987919
281.44599999999997,1.4055297512332448,0.9496069283782932,1.6717562098502912,0.14628651842974957,0.09786830095660268
281.50899999999996,1.4045910632763583,0.9586184410309534,1.6788612868477146,0.14381381206112953,0.11277899995912379
281.56399999999996,1.4037697304004313,0.9659649493813943,1.6856971793787514,0.13440505283221618,0.12428895510974422
281.61499999999995,1.4029641220610631,0.9727598056238538,1.692045137481651,0.13416562057974749,0.12446976672355084
281.655,1.4023058142477476,0.9780561622719383,1.6969965450898834,0.13342779629998341,0.12378519020574738
281.703,1.4014234818769593,0.9848414820265486,1.7033445039428199,0.1425509694799427,0.1322491427695051
281.736,1.4008919991291267,0.9887743559922713,1.7070263202834228,0.12026131458059806,0.11157019213943073
281.81399999999996,1.399442949473926,0.9990319925587062,1.71942424728281,0.13281386283741872,0.1589477820434781
281.858,1.3987363572819644,1.0036728028679778,1.7272979124428711,0.10668849199682727,0.17894693545577203
281.906,1.3979387406264472,1.0086275982793251,1.7368888393630646,0.10455384274088658,0.19981097750402319
281.998,1.3965261876078434,1.0167259213690991,1.7560281512226616,0.08935426752457322,0.20803599847391596
282.029,1.3960020405708253,1.0195181694975761,1.763342504844834,0.09164572178749637,0.23594689103776964
282.084,1.395109465453558,1.023972676648974,1.7756734271413315,0.0826009511117574,0.22419858720901895
282.123,1.3944305601680118,1.0271695650860282,1.78466502113992,0.08379951680986818,0.23055369227157552
282.19399999999996,1.3931400214179266,1.032891763176794,1.800803781481838,0.0826186201329521,0.22730648368908457
282.245,1.3921015640293686,1.0372100147454664,1.8130231302901907,0.08708551604171237,0.23959507467337154
282.317,1.3905205516843782,1.043379355847938,1.8305452180688069,0.08845419936090451,0.24336233025854898
282.37399999999997,1.389376441975759,1.047584782338935,1.8425298652367499,0.07646104143724296,0.21025696785879855
282.419,1.388306402495539,1.051349810827285,1.8530853409075019,0.08698069604854326,0.23456612601662793
282.484,1.3868039192513828,1.0564022698338793,1.8663781847438166,0.08109428789708727,0.2045052897894638
282.525,1.3855493391388045,1.060456309771577,1.8756198623416818,0.1035055142419049,0.22540677067965667
282.59799999999996,1.3833020380614451,1.0674119489537426,1.8908409301701752,0.10013246861687655,0.20850777847257235
282.68,1.3807673869520032,1.0748699925940401,1.9061726432719004,0.09606077603739356,0.1869721109965338
282.70799999999997,1.3794055948053074,1.0787288359863707,1.9141380886591581,0.1461458515323882,0.28448019240243644
282.792,1.376733701190584,1.0860302152415837,1.9292724377549777,0.09255839803085862,0.18017082256927372
282.846,1.3747682517586859,1.0911930544256463,1.9400257934053071,0.10230186764035369,0.19913621574672877
282.893,1.3731258216927076,1.0953840278639657,1.9487476728363347,0.09577265520962171,0.18557190278794378
282.953,1.370672073180736,1.1014534117376116,1.9614775110366696,0.10911042109012499,0.2121639700055738
283.00199999999995,1.3688453225103159,1.1058340853641162,1.970906970092393,0.09686317015968189,0.19243793991280703
283.05199999999996,1.3668381683198334,1.11051382543366,1.981347958698838,0.10184033594377599,0.20881977212885564
283.13399999999996,1.3635280822102185,1.1179494848307043,1.9982340747580645,0.09925788038064128,0.20592824462472825
283.186,1.3613362850586812,1.122693472693354,2.009171365945503,0.10049690815262254,0.2103325228352727
283.23999999999995,1.3593065930638197,1.1269689986311606,2.01907683922932,0.08764517965503939,0.1834346904411425
283.301,1.3564907433484663,1.1327263139294481,2.03249050406984,0.10506609565734903,0.2198961449264346
283.381,1.3530554875720064,1.1394968930216138,2.0483805425526227,0.09490268329072961,0.19862548103482047
283.48999999999995,1.3479150364912493,1.149159075754469,2.0712869710792736,0.1004082284750181,0.21015072042802782
283.56399999999996,1.3442684211697282,1.1557055621339043,2.086970658472735,0.10126508690929434,0.21194172153322668
283.632,1.3411182649940907,1.1611734755081706,2.100177978448552,0.09280048057719899,0.19422529376189795
283.68699999999995,1.3381201280992878,1.1662272813284327,2.1125353312015323,0.10684007993560511,0.22467914096348313
283.73199999999997,1.3356804359341858,1.170236359130881,2.122724478839291,0.10429019978466547,0.226425503061229
283.784,1.3335025415538684,1.173736630885791,2.1324661537394816,0.07927912613661711,0.1873399019266631
283.858,1.3300962607860771,1.1790532916236258,2.1493663201194386,0.08532757109096889,0.2283806267561386
283.924,1.3272230747557023,1.1833828106439142,2.164254586609395,0.07872948435115304,0.22557979530245734
283.984,1.3244026185255908,1.18750047991972,2.1786512207620117,0.08318348796300348,0.23994390254360284
284.04699999999997,1.3215443931909368,1.1915472506646558,2.193168492342059,0.07864083118192308,0.2304328822230187
284.11699999999996,1.3184245618847172,1.1958229157228435,2.2095833996781646,0.07561267989587905,0.23449867623010157
284.19,1.3152873091738377,1.1999739624308365,2.227021752550934,0.07127704550524555,0.23888154620220456
284.255,1.3127136056069628,1.2032650438921468,2.242343110880819,0.06427597163033755,0.23571320507516233
284.337,1.3093833116260438,1.2073692771008864,2.2632686375391553,0.06445625338704182,0.2551893494919239
284.397,1.3068891101071938,1.210329248481305,2.279053885977129,0.06451199670847307,0.26308747396622184
284.457,1.304514093273247,1.213060816526373,2.2943242569305142,0.06032819717172369,0.2545061825564073
284.53,1.30184621682031,1.2160271922064034,2.3128949419802716,0.05465212566919644,0.25439294588715977
284.61199999999997,1.2989167186806312,1.219154847847941,2.3340028471547187,0.05226031539802125,0.2574134777371805
284.676,1.2964430272466148,1.2216984197031768,2.3507944408121815,0.055438827962589615,0.2623686508977678
284.741,1.2933312250834628,1.224780292159647,2.371521564246928,0.06737908396782065,0.31887882207303214
284.82399999999996,1.2904400645549998,1.2275323690520286,2.3904121067588466,0.04809136382586025,0.22759689773404368
284.88399999999996,1.288032503611856,1.2297465097146163,2.4058918521188315,0.05451495352621387,0.25799575599973795
284.964,1.2848812378339196,1.2325432387238724,2.425831854758061,0.05266665387485151,0.24925003299023935
285.022,1.2823543866802276,1.2347064625231854,2.441573955592631,0.057350627878717184,0.27141553163055043
285.075,1.2800942499758061,1.2365840189886754,2.4554794733007554,0.055439074618727484,0.2623682586438748
285.12399999999997,1.2778949542080076,1.2383608869725713,2.4688602503982975,0.05770193596204868,0.2730770836234286
285.16999999999996,1.2758472662047335,1.2399722038665268,2.4811915512816674,0.05664438320877612,0.26807175833417257
285.234,1.2730716267053959,1.2420922130041887,2.4977207366458143,0.05457267716790833,0.2582685213147096
285.282,1.2708440301272934,1.2437419286695723,2.510839133576659,0.057749114243542954,0.2732999360592522
285.34299999999996,1.267952543408373,1.245819802484697,2.5258890952030733,0.05837137274339261,0.24672068240032194
285.406,1.2645080942422626,1.2482167504863577,2.5411350066923166,0.06660917736760406,0.2419985950671821
285.472,1.259613891145607,1.2515239106011187,2.554500284836121,0.08949728486476596,0.20250421430014443
285.519,1.2558290193013237,1.2540203875081064,2.562709348763753,0.09646924847196812,0.1746609346303732
285.58,1.2500047107275314,1.257779701783612,2.5738563058687824,0.11364217049355776,0.18273700172186
285.65099999999995,1.242783167308039,1.2623314952742202,2.5842720629022007,0.12023048134841931,0.14670080328764376
285.716,1.2358757803333367,1.2665936804265083,2.593289931871491,0.12486984190702104,0.13873644568127363
285.745,1.2327888309920858,1.2684709142761577,2.5973134272578755,0.12458379299283824,0.13874122022017146
285.80699999999996,1.226328952318552,1.2723437429441304,2.6062610710402208,0.1214815265054062,0.14431683519922173
285.85699999999997,1.221347487276294,1.2752715481618588,2.6145909231240467,0.11556303450529935,0.16659704167648157
285.929,1.2144362122197896,1.2792351550027983,2.627534683290946,0.1106552297890502,0.17977444676248114
286.00199999999995,1.207513085407863,1.2830851897836966,2.640931650411623,0.10851567901927948,0.18352009754357396
286.084,1.2001512867953628,1.287041031572602,2.656743073707156,0.101918511404703,0.19282223531126044
286.137,1.1955199877793068,1.2894487194549333,2.6679765340835075,0.09848603241725168,0.21195208257268136
286.198,1.190711028593563,1.2918761500591671,2.680797483011777,0.08830955636191247,0.21017949062744
286.26,1.1860035864902294,1.2941744846822059,2.6943621729334537,0.0844926604877423,0.21878532131732617
286.34,1.1801082621547758,1.2969376312892562,2.7126603340503905,0.08138433912640036,0.22872701396175588
286.388,1.1764244777880746,1.2985971807473884,2.724186546694865,0.08417381277506197,0.24012943009320753
286.433,1.1731263941138175,1.3000402505145634,2.7343069554288535,0.07999940208210693,0.22489797186633298
286.49899999999997,1.1678984481016146,1.3022495912571896,2.7492869075021993,0.08599416719435833,0.22696897080835873
286.531,1.1653079343811537,1.303311142332303,2.756353673298806,0.08748689645718566,0.220836431143686
286.58,1.1614889511888289,1.3048371973521877,2.7667391138765183,0.08393060675403119,0.21194776689218425
286.664,1.1544272586234356,1.3075394884295786,2.785712385809408,0.09001281635492316,0.22587228491534725
286.75899999999996,1.1460860901743248,1.3105486057590543,2.804718339022989,0.09334051573679122,0.20006266540617693
286.83,1.1407690253722322,1.3123841932445197,2.814447701398068,0.07922527014258762,0.13703327288838474
286.88,1.134157778931809,1.314587925038192,2.825587956405683,0.13937720518711808,0.22280510015225283
286.942,1.1274433080053436,1.3167444470206227,2.8362203671410615,0.11374651300304771,0.17149049573187616
286.974,1.123763384115282,1.3178936052906594,2.8419256234770716,0.1204743414974091,0.17828926050041272
287.02599999999995,1.1180724617548563,1.3196259865349964,2.8505852979418105,0.11439922519368909,0.1665322012450943
287.09299999999996,1.1135167383346205,1.3209740848365386,2.857340040568607,0.07091042249125565,0.10081705413127905
287.138,1.1063679252160856,1.3230231237077683,2.8677265826329283,0.16525937608036945,0.23081204587372808
287.224,1.0961939506223832,1.3258027663149048,2.8822158325954277,0.1226378607803989,0.16847965072671156
287.301,1.0877649943511811,1.327987764242805,2.894046026586076,0.11308513411241118,0.15363888299543504
287.363,1.0800000168689834,1.329906434731008,2.90492036692506,0.1290082354062371,0.17539258611261066
287.428,1.0725132715597778,1.3316717030702656,2.9153651159339273,0.11833912519764844,0.16068844629027476
287.452,1.0695348539859846,1.3323510134439775,2.919514968382529,0.12728763514969033,0.17291051869173876
287.49899999999997,1.064733438869969,1.3334185985991567,2.926318214757882,0.10465257614137356,0.14474992287994085
287.55199999999996,1.0586642548758887,1.3347187617166316,2.934964965013347,0.11711103330197414,0.16314623123519745
287.63,1.049629238369093,1.336551686185161,2.948230543506365,0.11819312427600571,0.1700715191411882
287.71299999999997,1.0402349124919772,1.338322892187981,2.962496053937222,0.11517878797458601,0.171873619648943
287.763,1.0346510122659234,1.3393097085389738,2.971081327584861,0.11340855037446845,0.17170547295273766
287.816,1.0287230150510518,1.340303160545857,2.9801850666496548,0.11340878006283182,0.1717686615998936
287.863,1.0233466599950942,1.3411562040456462,2.9884500075466947,0.11582146408928227,0.17584980631990227
287.87899999999996,1.0216651487587642,1.3414137654938751,2.9910154838534155,0.10632015951117421,0.16034226917042882
287.952,1.0133601460605366,1.342620340332889,3.003797760370503,0.11496153922084691,0.17509967831618126
288.027,1.0051892061790841,1.343701933648059,3.016376334919815,0.10989619558332815,0.1677143273241868
288.067,1.0007689369669823,1.3442432669984745,3.023311755255387,0.11133233386944212,0.17338550838921232
288.111,0.99580917046025,1.3448132910905788,3.031195391623727,0.11346398577352708,0.17917355382597686
288.15299999999996,0.9913968363624037,1.3452871399020008,3.038203068031511,0.10565964076496011,0.16684943828067253
288.20799999999997,0.985033361078608,1.345915194298524,3.048460240231553,0.11626170253008473,0.18649404000073985
288.304,0.9748674041437386,1.3467800906847582,3.06518267917143,0.10627794064837912,0.17419207229037897
288.39099999999996,0.9649617958609638,1.3474641377220655,3.080247477326194,0.11412872588562134,0.17315859948007056
288.452,0.9575446715326532,1.3478895636835762,3.0891885785784323,0.12179204827678955,0.14657543036447604
288.53499999999997,0.9469972320513719,1.3483884723704271,3.0998925061329423,0.12721966781901647,0.12896298258450442
288.616,0.9361648591502926,1.3487861121808353,3.1099331908829058,0.13382307182880457,0.12395907098717658
288.667,0.9296092005619686,1.3489751255243974,3.115777121274638,0.128595742102385,0.11458687042614804
288.734,0.9200944949014415,1.3491812477949365,3.124224515976317,0.14204385176645745,0.12608051793549693
288.781,0.9142908302050049,1.349267610258699,3.129292705851151,0.12349589844382146,0.10783382712406298
288.823,0.9083424291314878,1.3493258052237733,3.1344757571077095,0.14163537466613652,0.12340598229909583
288.89799999999997,0.8983064058040455,1.3493541633662347,-3.1400094415140476,0.1338141785633192,0.11600144743773626
288.90799999999996,0.896543312814336,1.3493501282992142,-3.1384810440405237,0.1763097607092274,0.15283974735252356
288.959,0.889588422814628,1.349308243040473,-3.132643743471155,0.13637286517330305,0.11445687390908817
289.008,0.8829621038779002,1.3492314561770908,-3.1272441658342447,0.13524007818646855,0.11019546197781353
289.039,0.878819910600047,1.3491652508519314,-3.1238852398928842,0.13363620416506503,0.10835244972128406
289.07399999999996,0.8741043978766143,1.3490734088755085,-3.120275503930447,0.13475448633182824,0.1031353132125849
289.108,0.8690899515708287,1.3489572606088622,-3.1165085125995224,0.14752327296714152,0.11079386267409493
289.16999999999996,0.8606140118575538,1.3487193337632581,-3.1099575405821405,0.13676255581102983,0.10566083899010854
289.217,0.8542752175347262,1.3485023828904028,-3.104089445030062,0.13494693413776596,0.12485309685267018
289.284,0.8451205755855539,1.3481198560979912,-3.09499059860145,0.13675567770758904,0.1358036780389691
289.31399999999996,0.8413768668105612,1.3479398054471392,-3.090980131374286,0.1249345323175065,0.13368224090557806
289.376,0.8332824984193518,1.3474945776654408,-3.082018066556289,0.13075167644182253,0.14454943254831287
289.43199999999996,0.82620108029469,1.3470451592487103,-3.074145259820134,0.12670830077468861,0.14058583457424026
289.491,0.8187344653805126,1.3465108320403794,-3.06587486707579,0.1268764289471724,0.1401761482091614
289.536,0.8128354874852539,1.3460445346009915,-3.059284742905296,0.13149730976116095,0.14644720378870338
289.60999999999996,0.8032351341800902,1.3452002855667482,-3.048412561974783,0.13023517808148513,0.14692136392593697
289.655,0.7975162196452894,1.3446487207563929,-3.0423597945833625,0.1276766888946008,0.1345059420315208
289.717,0.7893273285216715,1.343798370729422,-3.0336965956288204,0.1327890922810566,0.1397290153958127
289.793,0.7794589811776422,1.3426778768126135,-3.023232863765447,0.13068100574739516,0.1376806824127706
289.863,0.7707693552236115,1.3416045750130938,-3.01402084333659,0.1250808521976742,0.1316002918408278
289.94399999999996,0.7602778260388317,1.3401999813994507,-3.00283421504527,0.13068067019871468,0.13810652211512645
290.017,0.7510948969685872,1.3388725265701873,-2.9930895284244685,0.12710108644762372,0.13348885781913325
290.08299999999997,0.7426001368793962,1.3375638092656434,-2.9838303882591797,0.13022697741446182,0.1402900025044314
290.13899999999995,0.7353873918094357,1.336387287641574,-2.975605066051353,0.1305012591035298,0.14688075371123285
290.221,0.7247789538914201,1.3345439281384792,-2.9628908008246224,0.13130977113725434,0.15505201496003496
290.289,0.7166323689246272,1.3330318248007031,-2.952880197754439,0.12184895416419794,0.14721475103214457
290.37,0.7069295012117547,1.3311194111246707,-2.9403779966222636,0.12209306551609561,0.15434816212558894
290.455,0.696704167237632,1.3289614629476802,-2.9264177102208544,0.12294775958562609,0.16423866354603045
290.51099999999997,0.6903370849550039,1.3275409870291726,-2.9175437468440726,0.11649303735221254,0.15846363172829428
290.58299999999997,0.6815464834485853,1.3254821121224278,-2.9051719708571793,0.12539570140248496,0.1718302220401785
290.673,0.6712189366352099,1.3229142003808543,-2.890369051214479,0.11824456445883896,0.1644768849188329
290.73199999999997,0.6646251436587335,1.3211892679051687,-2.880857487857347,0.11552000497351865,0.16121293825655705
290.806,0.6559165520225144,1.3188079279052818,-2.8681353571168966,0.12200416451107646,0.17192068568173619
290.88899999999995,0.6466382039138076,1.3161391460853615,-2.854491415880369,0.11631975742453533,0.16438483417508903
290.96799999999996,0.6373973873355473,1.3133431612104705,-2.8407876051151986,0.12220941942971643,0.17346595905277512
291.05699999999996,0.627380509940866,1.310155522750347,-2.825868361811333,0.1181106107029699,0.1676319472344453
291.10499999999996,0.6221001406868,1.3084081114857256,-2.817980970250398,0.11587481568929657,0.16432065751947267
291.183,0.6136807103193627,1.3055260328747704,-2.805444126547499,0.11409045227548706,0.16072876542171716
291.24699999999996,0.6060977704026184,1.3028292823554324,-2.7940926819102403,0.12575304530880146,0.17736632245726866
291.269,0.6037625872777791,1.3019790528636261,-2.790568526262393,0.11296136265548382,0.16018889308360984
291.33099999999996,0.5967752188367935,1.2993790616752279,-2.779996057842522,0.12024869294734078,0.1705236841915938
291.35999999999996,0.593428661893955,1.2981040673139745,-2.774990862045083,0.12348994669875604,0.17259295853239595
291.419,0.586905614810897,1.2955635852523766,-2.765118757754867,0.11864914317600671,0.16732380152901327
291.49899999999997,0.5782111958375249,1.2920609614506393,-2.751918048562705,0.1171679448891259,0.16500886490206043
291.556,0.5722016907567561,1.289561141360461,-2.742688108489772,0.11418782187213702,0.16192877320930021
291.58299999999997,0.5690424034974038,1.288220750248187,-2.737821412062819,0.12710636441636153,0.18024801581317154
291.606,0.5664327791675334,1.2870998442552308,-2.733793800827498,0.12348568094728778,0.17511353197028282
291.637,0.5632855386213916,1.2857314068436547,-2.7289271034301836,0.11070554171478367,0.15699023862301453
291.705,0.5580910645749704,1.2834328018174321,-2.7208718789641195,0.0835342605333763,0.11845918332450063
291.748,0.5511942215577212,1.2803030493508205,-2.7101315773554697,0.17613388220371706,0.24977445601507475
291.78299999999996,0.5473296431160948,1.2785100678835566,-2.704090156500835,0.12172149232008166,0.1726120244182965
291.842,0.5412611223931132,1.2756370213746686,-2.694550304187262,0.11380108341512066,0.16169241209438306
291.89099999999996,0.5360306147956126,1.2731031322421071,-2.6861820559921763,0.11861129658113212,0.1707805754099893
291.936,0.5311020684903301,1.2706658892313987,-2.678319026320298,0.12218327091757837,0.17473399270834356
291.972,0.5273561778505709,1.2687810179614418,-2.6723015717547125,0.1164827796489266,0.16715151571070355
292.048,0.5199377404075234,1.264963572517802,-2.6602116136518825,0.10977667443459795,0.15907839608982244
292.099,0.514404496203733,1.2620417836294118,-2.651144142588169,0.12269190372617717,0.17779355026893115
292.167,0.5080607037825927,1.2586127662845772,-2.640758563929376,0.10604752459482428,0.1527290979234661
292.205,0.5046075966522374,1.2567102046156917,-2.6350132298579574,0.10375127992940733,0.15119300187939447
292.239,0.5003394693543409,1.2543229664753932,-2.6279851641880376,0.14383470595800157,0.20670781382121914
292.317,0.49281349664623336,1.250015417502025,-2.615261627234853,0.11117332169095044,0.1631222686305093
292.36699999999996,0.48772280385398176,1.2470275470695313,-2.6062013273767546,0.11805511056538974,0.18120599716212876
292.44,0.4804543697624185,1.242652271712372,-2.593070151404288,0.11621507083793203,0.17987912291040986
292.498,0.47500038512050663,1.2392827009606293,-2.583030688311955,0.11053318450447644,0.17309419124714717
292.577,0.4674567672059764,1.2344965634002474,-2.5691836977254225,0.1130864312679372,0.17527836185482312
292.67699999999996,0.45824802668879383,1.2284504767760525,-2.5518879402607197,0.11016172900792336,0.17295757464708697
292.736,0.45260657935106136,1.224632175448719,-2.5408410482129913,0.115460126532612,0.1872354584359934
292.813,0.4457501636344122,1.2198624801190596,-2.526533006399062,0.10847105129487437,0.18581872485623058
292.849,0.4425681360396537,1.217598983546171,-2.5198011458244074,0.10847112444060496,0.18699612707372817
292.905,0.43758130646049914,1.2139858431364192,-2.5091872944493785,0.1099676043323392,0.18953306026843023
292.972,0.4318322241099063,1.2097195919611186,-2.49693704924527,0.10685237864943997,0.18283948065831518
293.029,0.4270153296217374,1.2060594580287192,-2.4865100594176437,0.10613535280856917,0.18292964609865542
293.07399999999996,0.4230033291875737,1.2029498008494628,-2.477751244908539,0.11280074261264401,0.19464032242472976
293.092,0.4216385306084358,1.2018791104631912,-2.474802670336236,0.09637012409182612,0.16380969846101404
293.156,0.41603977213241367,1.1974175072702387,-2.4624627242886774,0.11186015911095454,0.19281165699303549
293.204,0.41200284112309843,1.1941293873569394,-2.4534823150026446,0.10847055519682089,0.18709186012567688
293.27299999999997,0.406436501684824,1.18949526808882,-2.440997005505836,0.10496916074585287,0.1809465144466047
293.31,0.4032122837686024,1.1867565934958113,-2.43370041819687,0.11433397089722035,0.19720506240430488
293.37399999999997,0.39855328788098626,1.1827269739488806,-2.42315548778014,0.0962480676219783,0.1647645377615009
293.44,0.3927311770490318,1.1775690699222392,-2.409888380884061,0.11785205399851346,0.2010167711526115
293.52,0.38632900005667037,1.1717349036347675,-2.3950432056690993,0.10827148062814093,0.1855646901870603
293.592,0.38080006131133304,1.166553418808049,-2.38203613706223,0.10524162808262581,0.18065373065095858
293.666,0.37494298295375694,1.1609148963610816,-2.3681140567600267,0.1098660302718355,0.18813622030001068
293.726,0.3702439359392161,1.1562748662732425,-2.3567261360117175,0.11006427675190747,0.18979867913847928
293.77799999999996,0.3662807269029187,1.1522780035633757,-2.347022260034161,0.10824367335147196,0.1866129995685276
293.841,0.3614464289199258,1.147295803027892,-2.335048351137888,0.11019207121361349,0.19006204597244672
293.89799999999997,0.3572656146378078,1.142889162906305,-2.3245711813015517,0.10656748219726025,0.18380999712883925
293.94599999999997,0.3537189706419561,1.139077353791583,-2.3155907525734127,0.1084706108598376,0.18709226516955496
294.006,0.3493340092467892,1.1342680548604869,-2.3043958975075833,0.10847073676770526,0.18658091776381627
294.05899999999997,0.34543344416096583,1.1298982621132547,-2.2943633590997266,0.1105175639805997,0.18929317750674152
294.13399999999996,0.34023110942586016,1.1239287123017365,-2.280705638428716,0.10557761686039588,0.18210294228016996
294.19899999999996,0.3355980153745816,1.118471006140467,-2.2684081320087732,0.11013935984542954,0.18919240646066277
294.25,0.3320641411553257,1.1142148289354619,-2.2589065601989815,0.10847109756638561,0.18630532960359644
294.30199999999996,0.32850249689301114,1.1098410456381689,-2.2492566721278746,0.10847123896712227,0.18557477059833768
294.36699999999996,0.3241102762863202,1.1043257040839534,-2.237125046460351,0.10847036987231465,0.18664039488498627
294.41999999999996,0.32052746842352137,1.0997225578659697,-2.2270693070294887,0.11005915637374054,0.18973093265778793
294.477,0.3168457775787234,1.0948915080074242,-2.2166928316806858,0.10656200170302858,0.1820434271719289
294.551,0.3120580341724188,1.0884488507892187,-2.202937725094466,0.10847094429051125,0.1858798187326663
294.623,0.307926012884704,1.082735989688967,-2.1907849071921675,0.09792443022107906,0.16878913753192024
294.676,0.3042358949879819,1.0775072246145463,-2.1797512281956086,0.12075022735638917,0.2081826225765923
294.765,0.2990211388439126,1.0699036744766939,-2.16391088454731,0.10359505248685084,0.17798138930672813
294.852,0.2936313694795779,1.0617640088561033,-2.147241301421646,0.112211091849554,0.19160440374328866
294.94599999999997,0.2880906435008859,1.053075781163828,-2.1295288423001253,0.10962348872684917,0.18843041618640283
295.03499999999997,0.2830961314430572,1.0449413711046687,-2.113115498858648,0.10725116543235919,0.184419589230087
295.12199999999996,0.2783990446719443,1.0370075819807274,-2.0973141572402643,0.10597653401951525,0.1816246163032818
295.20599999999996,0.2736691342112578,1.02871649819487,-2.0809315427545263,0.11363537888944421,0.19503112483020651
295.28999999999996,0.2693846476953412,1.0209219001352863,-2.06561014045648,0.10588720816293776,0.18239764640530412
295.30899999999997,0.2682555656792267,1.0188195453159334,-2.061494141156034,0.12559798225135715,0.21663154212867664
295.349,0.266224896504397,1.0149852463443563,-2.0540105070950685,0.1084708079998426,0.18709085152404525
295.37899999999996,0.26477054165618386,1.0121959358376096,-2.048646227628179,0.10485652169399326,0.17880931556314036
295.43399999999997,0.26229825367367277,1.0073686740619712,-2.0393283001700118,0.09860961366473268,0.16941686287574984
295.454,0.2610304573040003,1.0048494200047005,-2.0345139850388994,0.14101372840967336,0.24071575655515537
295.529,0.2575833815921968,0.9978414818236189,-2.021094989882572,0.10413113827202942,0.1789199354177241
295.58799999999997,0.2546906103603938,0.9917702544723277,-2.0095461808862454,0.11398595163678314,0.19574252536157224
295.64,0.25231885934166975,0.986652651146957,-1.9998363454628607,0.10847085797835972,0.18672760429578375
295.69399999999996,0.2499965329222907,0.9815124212755912,-1.9901867996963172,0.10445357710376843,0.17869529197311565
295.73999999999995,0.24794031516632506,0.9768473542357797,-1.9814443980039964,0.11082881166140102,0.19005221070265732
295.82399999999996,0.2445363989377982,0.9688703545022112,-1.9666058639080408,0.1032487930728491,0.17664921542803605
295.87199999999996,0.24259674275502308,0.9641725619906907,-1.957921462124932,0.10588483119749924,0.1809250371480956
295.92199999999997,0.24033206530619952,0.9585361376601503,-1.9475330628317387,0.1214875189986204,0.20776798586381756
295.98999999999995,0.23769988473285877,0.9517620312006828,-1.9350654459166279,0.10687534060215811,0.18334730757520268
296.04999999999995,0.23545213585667074,0.9457699933305215,-1.924075694643615,0.10666262081890768,0.18316252121687351
296.089,0.23396567274850688,0.9416937350218648,-1.9166430405075034,0.11125207669916277,0.1905808752846974
296.13399999999996,0.23240161969666842,0.937299572959099,-1.908611371480065,0.10364927133522607,0.1784815339432392
296.222,0.22941414911589236,0.928577054637366,-1.8927597135218448,0.10477205330581454,0.18013247679791108
296.286,0.22705772481816489,0.9213590458012161,-1.8797144267008403,0.11863932654121569,0.20383260657812685
296.34999999999997,0.2251200060471302,0.9151717401121692,-1.8685466049277017,0.10130677628488187,0.17449721520538697
296.39599999999996,0.22368277189425578,0.9104192525581825,-1.8599983423067215,0.10793599754339556,0.18583179610829853
296.43199999999996,0.22249073956767418,0.9063603106769283,-1.8527018273669833,0.11751001488385458,0.2026809705482743
296.48999999999995,0.22094715775059925,0.900935079904327,-1.8430934924503208,0.09725081539261408,0.1656609468390288
296.54499999999996,0.21920317887265434,0.8945523723207816,-1.8317061576648697,0.12030322354213906,0.20704245064454113
296.584,0.2181535615771513,0.8905663154406522,-1.8246675294537311,0.10569063410326948,0.1804776464392457
296.63599999999997,0.2167101760790616,0.8848895094924428,-1.8146488890086327,0.1126428866917559,0.192666162405871
296.72299999999996,0.214504506471318,0.8757139626176279,-1.7985082421946934,0.10847045431683394,0.18552467602231454
296.76599999999996,0.21356415550832006,0.8715894402794189,-1.7912117332077153,0.09838046160454088,0.16968625551109323
296.859,0.2114210643366037,0.8616210637151943,-1.7736765630198565,0.10963596681147908,0.18855021707371428
296.90999999999997,0.21033176235300324,0.8561973708153031,-1.764134977132562,0.10847058732051101,0.18708991935876032
296.97499999999997,0.20903804682296157,0.8493768518155016,-1.7522060591505244,0.10680201148220783,0.18352181510827806
297.044,0.20768119132600782,0.8417041407728176,-1.738903735363728,0.1129240837196066,0.192787301257872
297.10699999999997,0.206553138454214,0.834824987909787,-1.7272329032377065,0.11065125633141565,0.18525130358767747
297.186,0.20526918607644254,0.8262965834896104,-1.7128219515644554,0.10917104415688111,0.18241710978797113
297.241,0.20445006452352646,0.8203635194006695,-1.702832995707476,0.10889711514354301,0.18161737921778573
297.274,0.20403486644121605,0.817173301337091,-1.697410252788171,0.09748857737580328,0.16432554300916546
297.34499999999997,0.20301823198643995,0.8087190326510035,-1.6831597042851578,0.11993204171647986,0.2007119507467496
297.399,0.2023873824305766,0.8028734216454119,-1.6732491756024805,0.1088806043566597,0.18352830893836455
297.462,0.2017033076171485,0.7958127781804225,-1.6613678595133783,0.11259848519741937,0.18859231887467434
297.51,0.2012587670700368,0.7906737351182,-1.652594498383695,0.10746321215942703,0.18277835686839283
297.543,0.20096442242052157,0.786946803748179,-1.6462652357755625,0.11328898909459421,0.191795836609989
297.61699999999996,0.20044269616862975,0.7794219781628987,-1.6335552063744085,0.10193095384560899,0.17175715406975148
297.662,0.20015261606978735,0.7744848180025102,-1.6251849174886388,0.10990387924506226,0.18600641968370618
297.72499999999997,0.19979465479690098,0.7670885384462924,-1.6127500629986697,0.11753867779452497,0.1973786426979586
297.77,0.1996220300829409,0.7625772836976572,-1.6050960279736892,0.10032347361161735,0.1700896672217292
297.82,0.1994456765540799,0.7565462449159154,-1.594778166688307,0.12067233212961305,0.20635722570759826
297.856,0.1993697897242486,0.752926862074055,-1.5885727953307414,0.10056050849869952,0.172371426599038
297.895,0.19930555067414055,0.748319789048045,-1.5807166339966847,0.11814156064423012,0.20144003420664638
297.95099999999996,0.199276716697969,0.7419759876147991,-1.5697702041906938,0.11328333859462125,0.19547196082132517
298.019,0.1993286383137481,0.734817338088186,-1.5571180013916246,0.10527702672972297,0.18606180586855398
298.099,0.19950682638897665,0.7263587902040497,-1.5421568701332395,0.10575530667714143,0.18701414072985037
298.152,0.19971278670487363,0.7202881046353132,-1.5314155447826638,0.11460713914298479,0.20266651604860864
298.214,0.20000562179563727,0.713786613954073,-1.5199588348568627,0.10496906718018215,0.18478564396449973
298.279,0.20041374110444557,0.7066393765652501,-1.5073512292219964,0.11013661625283544,0.19396316361333435
298.38399999999996,0.20121279010490345,0.6957134170703729,-1.4880302411576483,0.1043346570035865,0.1840094101367165
298.43199999999996,0.20169654324362893,0.69020276419254,-1.4782479606630143,0.11524677673696875,0.20379751030486565
298.522,0.20266977010016465,0.6805984142739464,-1.461176920883241,0.10726148266425373,0.18967821977519192
298.599,0.20367088712541326,0.6720882076656302,-1.4460239739543188,0.11128426751372388,0.19679151855743607
298.695,0.20496837696964285,0.6624128212139174,-1.4287611210819309,0.10168746739368223,0.1798213840873675
298.789,0.20660536364329185,0.6516903762619092,-1.4096316636513861,0.11539025400622212,0.20350486628240355
298.87699999999995,0.2082347933361784,0.6421753543757523,-1.3925606152048482,0.10969922876956102,0.1939891868925529
298.931,0.2093025236131742,0.636416252053616,-1.3822028990987207,0.10846748183823435,0.1918095575207706
298.991,0.21055855865745365,0.6300305090807852,-1.3707456855850466,0.10846829714446608,0.19095355856122817
299.055,0.21193346323582532,0.623447583307124,-1.3588534902898344,0.10507771763528083,0.18581555148762915
299.125,0.21362823180332327,0.6158240609336698,-1.3450431970356118,0.11156615487440055,0.1972899036317701
299.217,0.2159466957109443,0.606118206388602,-1.3273967079815892,0.10846654514422006,0.1918096636307134
299.281,0.21763297199144324,0.5994960947121234,-1.3153126969642162,0.10677248687097037,0.18881267214639003
299.33299999999997,0.21913465194293352,0.5938606779038317,-1.3050175525602505,0.11215506831653728,0.1979835462302448
299.378,0.2204220014465749,0.5892042110045285,-1.2963756691339858,0.10735875642969785,0.19204185391692558
299.426,0.22184991187348746,0.5842192157141823,-1.2871171141145525,0.10803063928502019,0.1928865629048529
299.467,0.22306827579328153,0.5800949704579964,-1.2794734369931702,0.10488885246178528,0.18643114930202334
299.542,0.22536877406536623,0.5726125518748705,-1.2653300089673711,0.10437443718798965,0.18857904034401582
299.579,0.2266758102602262,0.5685209781635685,-1.257618170322465,0.11608829870792603,0.20842807148375694
299.65,0.2290485492343593,0.5613556461098277,-1.2440965281664618,0.10630945766714812,0.19044566416914024
299.69599999999997,0.23065195706562955,0.5566907580547711,-1.2351624494204483,0.10723386020682402,0.19421910317423885
299.768,0.23328164295311543,0.5493175775390016,-1.2210354325222572,0.10872351279623596,0.19620856803042408
299.85499999999996,0.23655155066361316,0.5405800983948937,-1.2041926377981176,0.10723333317249636,0.19359534165680164
299.92699999999996,0.2393282107439191,0.5334907867076514,-1.1905413132707672,0.10574560869274552,0.18960172954652624
299.962,0.2407410596282026,0.5299890188581133,-1.1838073244782847,0.10788701588901206,0.192399679785075
300.036,0.24382921222611992,0.5225629680057119,-1.1693177395584693,0.10868336621804715,0.19580520161909515
300.11899999999997,0.24732876291680908,0.5144961854172692,-1.1534426165653606,0.10594180566490176,0.19126654208571578
300.193,0.25064146436534646,0.5071676307502851,-1.1388761591252894,0.10868234686005358,0.19684401946038943
300.28499999999997,0.2547105191306793,0.4985348171313185,-1.1215906240179434,0.10373613605818505,0.18788625116683574
300.34499999999997,0.2576807634329991,0.49246709154852664,-1.1093547919796862,0.11259520041518235,0.20393053397094524
300.40099999999995,0.26028561788439614,0.4872954369389867,-1.0988669333668042,0.1034039256864654,0.187283189515807
300.45,0.2627954341558386,0.48243643254666113,-1.088961731334495,0.11161064104324105,0.20214698025106284
300.51099999999997,0.26560001430534225,0.4771422376901425,-1.0781113300484464,0.09821597144820657,0.17787543091889246
300.591,0.26994953871387756,0.46919528596068305,-1.0617061875471743,0.11324227648243787,0.20506428126579657
300.657,0.2733578673165268,0.46317831373682594,-1.0488218393460795,0.10477648890719056,0.19521739698636065
300.739,0.27767753808541007,0.45580480248208405,-1.0327278910574995,0.10421530801495626,0.19626766205586912
300.825,0.28233197671624033,0.4481502847198019,-1.016228085398322,0.10416907120146023,0.19185820533924383
300.91299999999995,0.28740413299986994,0.44010655112823105,-1.0000160353866312,0.10806120296854578,0.18422784104201445
300.947,0.289504296601921,0.43685764203936606,-0.9937716690121431,0.11378247254300189,0.18365783454350507
300.998,0.2927185057851107,0.4319636142621896,-0.9858042986153872,0.1148066401062771,0.15622294895603525
301.04499999999996,0.2961161691919911,0.42687097817035147,-0.9794545126536865,0.1302556232322075,0.13510182897244466
301.109,0.30092188243835316,0.4197714081752138,-0.971929835742937,0.13395535301759262,0.11757307673042229
301.149,0.30396237142749016,0.41533832564715134,-0.9671410784302213,0.13438934573108474,0.11971893281783035
301.186,0.3067938083201854,0.4112508251641527,-0.9627018200607222,0.1343890079612832,0.11997995593248036
301.239,0.310775493096223,0.4055683770429905,-0.9561942275013444,0.13091679125272557,0.1227847652712861
301.277,0.3137688709208274,0.4013491501750091,-0.9511763675472177,0.13613732008485033,0.13204894616119195
301.351,0.3195286218544768,0.39335473771540796,-0.9416853521687196,0.13315122185012257,0.12825696457427677
301.392,0.3228596123756902,0.38880161894060017,-0.9365570351057128,0.1375972716990277,0.12508090397578706
301.46,0.32822426800682397,0.3815703309063754,-0.9283602568197439,0.132410981289181,0.12054085714663013
301.503,0.3316984114563866,0.37695261915362327,-0.9230996363079219,0.13438748843123224,0.12234001190281833
301.579,0.33773673797804166,0.36904483289706924,-0.9141868552705282,0.1309157435193099,0.11727343470251474
301.64,0.3427577414759317,0.36257509499077845,-0.9073864134756429,0.13425417287825203,0.11148265237520906
301.719,0.3496709649392203,0.3538071018825296,-0.8988030450097344,0.14133656059768415,0.10865023374566606
301.79999999999995,0.3566174361592399,0.3451477928145055,-0.890669509019577,0.13705210458052278,0.1004140245698938
301.863,0.3620698736862545,0.33844728508832433,-0.8847060588599047,0.13712106563211457,0.09465793904234913
301.93199999999996,0.36845174712179907,0.33070702053822976,-0.8777807591707681,0.1453905674669261,0.10036666216145787
302.00899999999996,0.3752394889952651,0.3225958128699224,-0.8697113098546956,0.1373588480047219,0.10479804306587992
302.077,0.3810219503607314,0.31580109782941845,-0.8615280241945311,0.1312082953388045,0.12034243617881754
302.15099999999995,0.3873747970027884,0.3084647171158619,-0.852511635507361,0.13114455305846764,0.12184309036723744
302.198,0.3912232308087289,0.3040855779761818,-0.8469724614064523,0.1240396378682757,0.1178547681043755
302.25,0.396150655782739,0.29854932556245617,-0.8398991256776029,0.14252790610037888,0.13602568709320267
302.301,0.4006301518310331,0.29358461275438674,-0.8333383125751098,0.13111513867549165,0.12864339416656279
302.33299999999997,0.4032919704889765,0.29066693878286703,-0.8288719797632218,0.12342009359818863,0.13957290037157793
302.378,0.40710314447238793,0.2865379563370254,-0.821575284526784,0.12486742237393296,0.1621487830318945
302.436,0.41173355848437476,0.2816055311889818,-0.8121852400886217,0.11664344453093671,0.1618973178993698
302.505,0.4177544541478611,0.2753283929017866,-0.8001093801616455,0.12605667608007493,0.1750124627097579
302.55899999999997,0.4222345633243871,0.27075423677594884,-0.7912707596315088,0.11856810666489213,0.16367815796557295
302.61199999999997,0.42684074730425026,0.2661348782442522,-0.782213864710138,0.12308396833544219,0.17088480983719465
302.644,0.4295900147838641,0.2634172313195789,-0.7768468158676397,0.12080490341486234,0.16772027632786624
302.707,0.4350448895131625,0.2581099479097043,-0.7663309892971008,0.12080492981266143,0.16691788207207822
302.772,0.44055544912160954,0.2528605457215669,-0.7557646120183655,0.11708742551809462,0.16255965044208595
302.85699999999997,0.4479885568165896,0.24595247118277427,-0.7416761142092574,0.11938283268094067,0.16574703304837105
302.926,0.4544006889095579,0.24014735795509232,-0.7296181069133862,0.12535584934621527,0.1747537289256261
302.979,0.4590288007300188,0.23604583987841588,-0.7204100090097444,0.116679265963283,0.17373769629513827
302.99899999999997,0.4607439573871486,0.23454537566261718,-0.7168575028236176,0.11394247694997756,0.1776253093065011
303.063,0.465794147833141,0.23019153414276983,-0.7057580847025148,0.10418531547733048,0.1734284081421737
303.09499999999997,0.4687244658657341,0.22771052978958978,-0.6991270327889204,0.11998594633141746,0.2072203722999388
303.16299999999995,0.4744141979380506,0.2229884080725281,-0.6859674722339064,0.10873554130260317,0.19352294933848768
303.216,0.4787087965121868,0.21950841554001854,-0.675720812946305,0.10429359409739218,0.193333194105489
303.255,0.48187896987724727,0.21698625448335818,-0.6682196996298316,0.10387399297715275,0.1923362388839963
303.27099999999996,0.4834804260834743,0.21572671864149162,-0.6644846710274773,0.12733893805983607,0.2334392876476882
303.332,0.48853457669853345,0.21181470975359837,-0.6526392690306954,0.10477481513329605,0.19418691797991935
303.394,0.4938826884378959,0.20777821042520378,-0.6402836302500337,0.10807128770890151,0.19928449646224755
303.438,0.49746776717770624,0.20512959412844115,-0.6320041369428783,0.10130338062829518,0.18817030243542351
303.52099999999996,0.5044925407183003,0.2000708250761183,-0.6160321803969134,0.10429768272765184,0.19243321139723632
303.58299999999997,0.5102281213563177,0.196065011424702,-0.6030321256114651,0.11283803217424933,0.20967830299106163
303.613,0.5127824102172391,0.19431657889976692,-0.5972881515798846,0.10317949774413879,0.19146580105249658
303.668,0.5177453970765268,0.19097986526943284,-0.5863303650688257,0.10873410804952459,0.19923248201922678
303.73499999999996,0.5236655355698672,0.1871016611842315,-0.5733608044093211,0.10563169274682167,0.19357553223155527
303.77299999999997,0.5269316477377212,0.18500835640628205,-0.5663956626576665,0.10208835178175867,0.18329320399085883
303.82099999999997,0.5313800016686545,0.18220758594615657,-0.5572792938345897,0.10951314265282368,0.18992435048075862
303.861,0.5353746201732081,0.17974029243088566,-0.5491167901118855,0.11737896502194725,0.20406259306750105
303.904,0.5392200665985772,0.17740751483984216,-0.5412545704435614,0.10459768530182229,0.18284231786797575
303.96099999999996,0.544596405264153,0.17421475868098818,-0.5303406874767466,0.10969993115742348,0.19147163099688747
303.99699999999996,0.5480143597960969,0.172225684152859,-0.5236076577586289,0.10984989288449024,0.187028603281038
304.05199999999996,0.5533263493420092,0.1691922923696085,-0.5140390300263353,0.11121968231568184,0.17397504967804409
304.10499999999996,0.5587307258251528,0.1661731419167222,-0.5046373150444586,0.11680228968956914,0.1773908487146638
304.152,0.5634574679184773,0.16358682963923268,-0.4964609289908173,0.11463939963272485,0.17396566071567915
304.21,0.5693195405638508,0.1604489639281232,-0.4863083187574028,0.11463909262485071,0.1750450040244092
304.289,0.5771660007326601,0.1563675761617438,-0.47248367906251965,0.11195532625896577,0.1749954391757193
304.349,0.5833687629905213,0.15324147390321005,-0.4607906289679768,0.11576649745447075,0.19488416824237356
304.41499999999996,0.5897747178506517,0.1501095762949119,-0.4484795507208732,0.10803895190306655,0.1865314885925519
304.43899999999996,0.5922487369635151,0.14892603672185625,-0.44374452150445703,0.11427258234609125,0.19729288401733275
304.524,0.6003025761527824,0.14517205843482356,-0.4284030301379724,0.10453831844342495,0.18048813372327172
304.58,0.606104433250788,0.1425601551941385,-0.41741776773704997,0.11361912790500563,0.1961654000165304
304.66499999999996,0.6146581606113439,0.1388478800915322,-0.4013186807266692,0.10970059170096869,0.18940102365158398
304.72999999999996,0.6209477120316169,0.1362216030650787,-0.3896206997678301,0.10485920465976742,0.1799689378283004
304.805,0.6290496520071162,0.1329599848173494,-0.375842784609449,0.11645091285204591,0.18370553544497015
304.84499999999997,0.633712810962218,0.13113899508894766,-0.36859804293166093,0.12515254449954433,0.1811185419448659
304.888,0.6383676066993523,0.12935857251985078,-0.3616759455158834,0.11589944514096652,0.16097900966922127
304.92699999999996,0.6427344636799388,0.12772217529898844,-0.3552250416086391,0.11957418355846405,0.16540779249349727
304.99699999999996,0.6502608230565537,0.124976793714251,-0.34414212729359495,0.11444917373992959,0.15832734735778908
305.02799999999996,0.6541914634808654,0.12358051368446915,-0.33828152303192655,0.13455724623696103,0.18905175037636393
305.072,0.6588471848313483,0.12196082086730922,-0.33109085241262026,0.11203219107200163,0.16342433225681402
305.144,0.6667262287117539,0.11930553772468468,-0.31883725489290893,0.11547829033856259,0.17018885444042875
305.204,0.6737549126330885,0.11702644500842534,-0.3080692869376784,0.12314925595856095,0.17946613258716904
305.262,0.6803053267574255,0.11497661242100599,-0.2983176772737832,0.11833885278097946,0.16813120110166171
305.322,0.6871023726596777,0.11292332522703387,-0.2882486712112402,0.11834016564577372,0.16781676770904394
305.392,0.6946025771718526,0.1107438838453564,-0.27717276649435535,0.11157776866989631,0.1582272102412276
305.46299999999997,0.702703378035906,0.10848834617953065,-0.26578878344808887,0.11843590267844806,0.1603377893841037
305.53,0.7113351378686483,0.10618336059035033,-0.25525770315453594,0.1333465248716912,0.15718030288883264
305.59799999999996,0.7192078992014481,0.10416824248409748,-0.24574721078471223,0.11950832084490784,0.13986018190920585
305.664,0.7277852977470831,0.10206397225397265,-0.23516181484115203,0.13381431755301973,0.16038478702356423
305.726,0.7356078351565324,0.10022762281167936,-0.22600033741215292,0.12959983114247908,0.1477657649838285
305.799,0.7451663113752229,0.09807403469718971,-0.2171716264255948,0.1342203003293147,0.12094124639124192
305.858,0.7531958104259344,0.09632787184177619,-0.211105151923474,0.13927412649349713,0.10282160173081546
305.93699999999995,0.7639960772835119,0.09405736385374391,-0.20304648489135388,0.13970060389121022,0.10200844344462204
305.98999999999995,0.7711687743778608,0.09260160266738629,-0.1973208281685793,0.13809313216169875,0.10803125892028076
306.056,0.7798007571732353,0.09090346365171656,-0.19097173612989007,0.1332944184741121,0.09619836422251886
306.11899999999997,0.7907140620685161,0.08882777465998135,-0.18485281397335993,0.17633249569206255,0.09712574851636979
306.212,0.8019237894868827,0.08676811753734161,-0.17844864204520433,0.12255242849023998,0.06886206374359541
306.27099999999996,0.8107304221684324,0.08520188460320305,-0.17347156133992198,0.15160717545129704,0.08435730008957566
306.359,0.8229587811938193,0.08310200737778568,-0.16659437629668042,0.1409925746166942,0.07814983003681608
306.43199999999996,0.8334765825531268,0.08136501383001285,-0.16043076309989335,0.14603105447817039,0.08443305749025805
306.491,0.8415699859299272,0.08007881630492879,-0.15454161781013687,0.13889774386198656,0.09981602186023548
306.539,0.8485169302948659,0.07901465395066361,-0.149330933396029,0.14641621242012548,0.10855592529391006
306.60999999999996,0.8582517747416376,0.07758555235230839,-0.14206310166749414,0.13858004631450344,0.10236382716250655
306.662,0.8640975527133135,0.07676222795703158,-0.13764040123093113,0.1135283101341179,0.08505193147233135
306.71999999999997,0.8735492101652922,0.07548604221976762,-0.1306327396392524,0.1644383647760315,0.12082175158068295
306.755,0.8784267494886646,0.07485376063432646,-0.126947748570075,0.14052429481082554,0.1052854591192794
306.818,0.8872143346474407,0.07376137082882102,-0.12030847074606675,0.1405590898876652,0.10538536228586479
306.87699999999995,0.8951514659926256,0.07282471962596555,-0.11444754279206505,0.13546113213195193,0.09933776193228425
306.945,0.9049302276991965,0.07173648633548624,-0.10711025064110859,0.14469305314983283,0.10790135516106027
306.99199999999996,0.9115003402902164,0.07104618566676427,-0.10214833829432157,0.1405590829666477,0.10557260312319845
307.032,0.9170945886102273,0.07048432147105241,-0.09797026974189531,0.14055983076686393,0.10445171381060317
307.08,0.9237545064365184,0.06984596489712175,-0.09278252722837203,0.13938419340697444,0.1080779690317308
307.145,0.932623029517216,0.06905428379041019,-0.08502122936991775,0.13698137100276783,0.11940458243776235
307.20799999999997,0.9409336304772971,0.06837663144003643,-0.07758317512289097,0.13235211614075976,0.11806435312743148
307.27,0.949576646335522,0.06773886494479514,-0.06954564441199088,0.1397824878869395,0.12963759211126705
307.31,0.9549236375910598,0.06738001463570482,-0.06432287409541791,0.13397548523681235,0.1305692579142573
307.38899999999995,0.9655814454693386,0.06674817246668398,-0.053847427303046404,0.13514583107615896,0.13260059230858254
307.49199999999996,0.9770189214364666,0.0661959422126949,-0.042510325431672574,0.11117281303787782,0.11006895020750368
307.53999999999996,0.9851349857177989,0.06588286637823196,-0.03446889307071241,0.16921042626860272,0.16752984085333045
307.625,0.9967141288293575,0.06554928950805165,-0.02299996540103072,0.13628172973033467,0.13492856081972682
307.724,1.0100271801422118,0.0653299429561719,-0.00981729112995979,0.13449351689953845,0.1331583259704275
307.782,1.017477793151881,0.06528377925293681,-0.0024587387370597073,0.12846131073338607,0.12687159298105183
307.868,1.0290426440517546,0.065320520050715,0.008961601267925489,0.1344756890850778,0.1327946512207384
307.95799999999997,1.0406253513746206,0.06548998875879429,0.02043052747800024,0.12871052244832928,0.12743251344531042
308.041,1.0518714920110193,0.06578122299822907,0.03175466846902094,0.13554109589711666,0.13643543362671132
308.10699999999997,1.0596757754036008,0.06605633602268181,0.04224106769969555,0.1183201661552554,0.15888483682846563
308.178,1.0614394790664445,0.06612066622196071,0.04885474546477573,0.024857415192147035,0.0931503910574327
308.245,1.0614394790664445,0.06612066622196071,0.04885474546477573,0.0,0.0
308.308,1.0618708654551317,0.06614981770789742,0.04883662607086205,0.006863019701615826,-0.00028760942720126756
308.368,1.0681503723536685,0.06648090284476889,0.05094874890499038,0.10480381706448011,0.03520204723547083
308.428,1.0768004181160882,0.0669397919093074,0.05579753242732776,0.14437015587400284,0.08081305870561989
308.46999999999997,1.0826158910320813,0.06727470738236023,0.06016758658474268,0.13869306887170635,0.10404890850994551
308.534,1.0912543485317654,0.06782379863215501,0.06732503234324141,0.13524829702890345,0.11183508997650536
308.578,1.0972108447789268,0.06823934892086925,0.07236790847253055,0.1357039527874247,0.11461082112025266
308.635,1.1056097432886052,0.06887868094952558,0.07972317479280774,0.1477753796309971,0.12903976000482598
308.707,1.1152416558301042,0.06968888987985714,0.0881982072284434,0.13424900978284718,0.11770878382826859
308.76599999999996,1.1229421056378424,0.07039539938073379,0.09490870279434538,0.13106428302368356,0.11373721298144902
308.825,1.1315992401197381,0.07125194782336343,0.10242969426603503,0.14744754755354755,0.1274744317234974
308.86899999999997,1.137641642412733,0.07188846493996402,0.1075983944539412,0.13808717510613733,0.1174704588160956
308.911,1.1431318146758016,0.0724942112524989,0.11229721303797871,0.13151161988200127,0.11187663295319401
308.96799999999996,1.151191348060965,0.073429589611947,0.11880034256228873,0.1423444068146877,0.1140899916546428
308.99399999999997,1.1551273111904286,0.07390505046712469,0.12169783080944886,0.15248372103087973,0.11144185565996012
309.041,1.1610316485428953,0.07463842980604359,0.12522370461895596,0.12658956685524994,0.07501859169159976
309.099,1.170503633645843,0.07584936279181627,0.12878319890122258,0.16463924863108761,0.061370591073570166
309.156,1.1786430288242749,0.07690860763738736,0.1296035907454763,0.14400052314453707,0.014392839372868255
309.203,1.185895397376355,0.07785214697473355,0.12896893019973382,0.1556061412896644,-0.013503415866870464
309.251,1.1930008629902087,0.07876997892311835,0.12790117592529474,0.14926041205063156,-0.02224488071748013
309.291,1.1989228595770656,0.07952889758979256,0.12699014350878224,0.1492606803492941,-0.022775810412800777
309.358,1.208843525664012,0.08078856859714083,0.12569542390517874,0.14925849742794825,-0.019324173188109844
309.42499999999995,1.2183211519907484,0.0819814230033704,0.12469086098823942,0.1425731004725535,-0.0149934763722397
309.495,1.2286886720327062,0.08327520513472383,0.12359212039011515,0.14925621309574827,-0.015696294258906972
309.54999999999995,1.2372799424189997,0.08433861605418143,0.12272421099302873,0.15739697628456853,-0.01578017085613107
309.62899999999996,1.2483907184085623,0.08570266523113314,0.12158662891521771,0.1416986548002812,-0.014399773136846941
309.733,1.263503147715327,0.08754047271731054,0.12056848273631654,0.14638236686423028,-0.009789867104814996
309.775,1.27061533518688,0.0884008834531376,0.12022246016792289,0.17057246095395948,-0.008238632580806524
309.79499999999996,1.2735788157338628,0.08875871019333977,0.12009732139224401,0.14925026740650083,-0.006256938783949646
309.846,1.2811358935903492,0.08966948980238587,0.11977821752965442,0.14925026682491646,-0.006256938482143243
309.94599999999997,1.2946208118192877,0.09128861589474765,0.11920883617193286,0.13581774145679576,-0.005693813577217626
310.031,1.3082548218173298,0.09291785352527204,0.1186555753603849,0.16154129765758077,-0.006508950724090787
310.104,1.3189246599264886,0.09419058737183544,0.11904349484645477,0.14719832830272103,0.005313965562602417
310.17499999999995,1.3295924804595352,0.09547398485806732,0.12058266004829088,0.15133440969402895,0.02167838312446159
310.21,1.3349254110958615,0.09612272398643829,0.1215649210517184,0.15349270175698326,0.028064600097909096
310.282,1.3454410833324109,0.09741802146841218,0.1236777617275345,0.14715483137451646,0.02934500938633364
310.31899999999996,1.351215960246674,0.09813954904597985,0.1249880296422346,0.1572912728021587,0.035412646343267205
310.387,1.3611345148141034,0.0993972948390721,0.12738478923137797,0.14702915082037152,0.03524646454620507
310.46299999999997,1.3723813369876732,0.10085454698526745,0.13036034415266504,0.14922154467208495,0.03915203843800574
310.56399999999996,1.3874687165660424,0.10286271998515882,0.13453220379446426,0.15069742169177164,0.04130554100791349
310.649,1.4000331296482345,0.10459226970092428,0.13936211502413592,0.14921052604368035,0.05682248505493641
310.726,1.411406525653227,0.10621626773654361,0.144440274772465,0.1492046187863354,0.0659501266016777
310.796,1.4211483882638356,0.10765478781508109,0.14879891022060882,0.14067855031396223,0.06226622068777503
310.88,1.4329483052324234,0.10945470830928589,0.15400773271435575,0.14210005450065605,0.06200979159222306
310.948,1.4438546835059753,0.11117444723622733,0.15890194246023548,0.1623695836943043,0.07197367273354276
311.005,1.4522496628839552,0.11253586606599239,0.16267458674750415,0.1492044564776152,0.06618674188188753
311.051,1.4585793556614157,0.11358361007574809,0.1654743297395202,0.13947440186137497,0.0608639780873156
311.113,1.4682889259844396,0.11522623921423612,0.1697716100897891,0.15883124306393873,0.06931097339142084
311.15799999999996,1.4750519855756012,0.11639576931729395,0.17276668456944874,0.15252083556616533,0.06655721065916345
311.186,1.479166904562583,0.11711757258797133,0.17458977350391816,0.1492051997120779,0.065110319088147
311.23699999999997,1.4862179663904975,0.11837239871520451,0.17771506903592127,0.14042838495034882,0.06128030454909531
311.296,1.494879469385277,0.11994496968471911,0.18155657850617357,0.14920512707740138,0.0651103300042477
311.361,1.5044147401175858,0.12171596587149601,0.18577459293468845,0.1492052439962447,0.06489252966946202
311.43699999999995,1.5158473879794694,0.12389322937687434,0.19065025717421502,0.1531332010669507,0.06415347683590544
311.49399999999997,1.5243422653961385,0.12554664214156883,0.19380838630914998,0.15182962955087406,0.05540577429708868
311.55699999999996,1.5334180351662214,0.12734124579082126,0.19661339658277738,0.14684916082032656,0.0445239725972686
311.61899999999997,1.542635278113644,0.12918989677431028,0.1993261151957849,0.15162583851008044,0.0437535260162418
311.67199999999997,1.550093090690126,0.13070494580418132,0.20156357877760903,0.14358768498147007,0.04221629399668404
311.72799999999995,1.5585704919959589,0.13244784182947808,0.20405695560594006,0.15454840757979937,0.04452458622021042
311.796,1.5685039320982277,0.13451819499051335,0.20697962696460317,0.14921912842016077,0.04298046115678493
311.849,1.5762419868515494,0.13615191707432894,0.20922298990564903,0.14921956605537645,0.042327602661244655
311.912,1.5854360334830035,0.13811454500593404,0.21131909036683075,0.14922526210705925,0.0332714358917796
311.971,1.5930221880003892,0.13974746784328035,0.21274144789112828,0.13152387007024532,0.024107754649100175
312.031,1.6026474109396485,0.14183555969427095,0.21454674616740346,0.16415189798933932,0.03008830460458519
312.10499999999996,1.6134350457744902,0.14419676805073658,0.2164442329444192,0.14923004865019232,0.025641713202930756
312.16499999999996,1.622324353134876,0.1461581873361687,0.2178602669881157,0.15171881059735207,0.023600567394940795
312.215,1.6293175936882416,0.147709643213576,0.21873428490201285,0.14326538839057223,0.017480358277939166
312.27,1.6376206627289087,0.14955889491422222,0.21956977166551933,0.15466379142830597,0.0151906684273886
312.294,1.6411162569490612,0.1503395607766502,0.2198928228442352,0.14923775157214772,0.013460465779827253
312.352,1.6494172169911663,0.15219838012445472,0.220686520246472,0.14666440595847896,0.013684437969601877
312.43,1.6607744108001048,0.15475167933868775,0.2215410269592928,0.14923935349081321,0.01095521426692902
312.50399999999996,1.6711108587346657,0.15708305007569867,0.22214270391434246,0.14319061081587856,0.00813076966283795
312.575,1.6818825630458134,0.15951954787855424,0.22276980393665866,0.1555468722296594,0.008832394680506521
312.62699999999995,1.6894509536792204,0.161235722344661,0.22321046887275844,0.1492409190368262,0.008474325694232553
312.69899999999996,1.6999290137589176,0.16361746946290734,0.22382062040552878,0.14924091777134013,0.008474326844032055
312.757,1.7080776101892157,0.165474359159995,0.2242951827786193,0.1440946799600032,0.00818210988086395
312.835,1.7195714511643683,0.16810047503875297,0.22496465480610295,0.15115426207009416,0.008582974711331758
312.882,1.7284452379224087,0.17013349971246092,0.2254815889857187,0.19369565944659473,0.010998599566286876
312.986,1.7416812258467658,0.17317489777211464,0.22625275322452743,0.13058580124848035,0.0074150407577771625
313.08299999999997,1.75700900652756,0.17676627883975898,0.22912990543817052,0.16229793099388598,0.02966136302725454
313.186,1.7889303616626318,0.18457122912544427,0.23995765305280717,0.3190454590807604,0.10512376324889065
313.24399999999997,1.8167464582662656,0.19152206416065182,0.24495230977537255,0.4943345308630143,0.0861147710787243
313.317,1.8523281009998203,0.20047225108945882,0.24794402955883652,0.5026033082949453,0.04098246278715742
313.363,1.875046735503596,0.2062461404062925,0.24985540636217285,0.5095840215588229,0.041551669637753384
313.42199999999997,1.9041696263381533,0.21371532848991726,0.25230695517969215,0.5095839708836167,0.041551674873230256
313.479,1.9317946758528461,0.22087075018610872,0.2546338493027232,0.5006439129658397,0.040822703912813785
313.53799999999995,1.9618672112963171,0.22873817111877764,0.2571685021955212,0.5268579932520847,0.04296021852202205
313.567,1.976156974788408,0.23250514710664674,0.25837350124644554,0.5095840657226011,0.0415516914111086
313.61899999999997,2.0052151865009273,0.2402221325603322,0.2608250513102821,0.5781818103138704,0.04714519353535126
313.704,2.043601926411281,0.2505335483882846,0.2640660841626753,0.4676181415137396,0.038129798263432955
313.779,2.0804805516970757,0.26056564830674533,0.2671824625120004,0.5095838880663307,0.04155171132434096
313.83099999999996,2.1050488557086826,0.26731754251342427,0.2692600484086179,0.489984617175602,0.03995357493497944
313.876,2.1281302246553966,0.27371085103824816,0.27121297940589606,0.5322321902789626,0.04339846660616617
313.96,2.169350767465805,0.2852494156024927,0.2747033247611106,0.5095838334954794,0.04155173041921902
314.03,2.202200029413059,0.2945558949849639,0.2774872912515533,0.48774461554699344,0.039770949863471204
314.13899999999995,2.2526487731293527,0.3090411341219131,0.281767121302964,0.4815332223281134,0.03926449588450882
314.23199999999997,2.302546176475479,0.3235983870872015,0.2860054007823314,0.558898259930391,0.04557289762759767
314.299,2.3343111779913097,0.33298533919228607,0.28870626577688757,0.4943724724177473,0.04031141782919241
314.371,2.3684911517151828,0.34319027009255254,0.2916148901527165,0.49542879903761194,0.04039756077540055
314.441,2.403128940285951,0.3536424982065036,0.2945650668852888,0.5168636716044201,0.04214538189389341
314.47799999999995,2.422629560503348,0.3595760654449658,0.29622713854379135,0.5509016508899293,0.04492085563523173
314.53299999999996,2.449426755496936,0.3677876253857083,0.2985124873816537,0.5095839742749798,0.041551797052037674
314.60699999999997,2.481558513306234,0.3777223031375989,0.3012549064604274,0.4544937707448758,0.037059717280719606
314.643,2.501505385771457,0.38393820419060826,0.302958530695619,0.5803595808548293,0.04732289542198718
314.678,2.5194971083934106,0.38957683933120385,0.3044959478612403,0.5387031208098415,0.043926204732005175
314.72999999999996,2.5442822564822527,0.39739433860801454,0.3066150907124239,0.4997842954573875,0.040752747138174054
314.781,2.569536272978164,0.4054191819749473,0.308775785708565,0.5195758259608021,0.04236656855174989
314.84499999999997,2.6005942430713858,0.4153707899694549,0.31143510308125993,0.5095839314582409,0.04155183394838123
314.89099999999996,2.6229007574794454,0.4225745061903423,0.313346487754177,0.5095840034136491,0.0415518407155955
314.96,2.656334610205347,0.4334599906166794,0.31621356525506045,0.5095839057950168,0.04155184783888032
314.98999999999995,2.670861306651813,0.43822270003548175,0.31746012087514885,0.5095840467764434,0.04155185400298471
315.06199999999995,2.7047337605135056,0.4494060827009244,0.32036875109473084,0.4954287912523805,0.04039764193863717
315.15099999999995,2.747269885440977,0.46360489461476434,0.32402531567758086,0.503858133817477,0.0410849953129222
315.193,2.7680356317302817,0.4705994962353034,0.3258120464578576,0.5217169624213772,0.042541209054177846
315.27799999999996,2.809283666794375,0.4845623540582536,0.32881961935815807,0.5123204278511305,0.035383210591778624
315.329,2.82843509230046,0.4910132700765814,0.32874102593496135,0.3962489520286759,-0.0015410475136597432
315.405,2.8489876404133696,0.4978764521847293,0.32900383492001567,0.2851077767320613,0.003458012961242635
315.445,2.855166923877573,0.49994771235308233,0.32930451564301827,0.16292955305887258,0.00751701807506115
315.543,2.8685811735449787,0.5045379525636883,0.33010960427867597,0.14467228737433052,0.008215190159771369
315.626,2.88072140905615,0.5087026401343805,0.3308384215697393,0.15463513535925583,0.008780931217633693
315.71,2.8924352666609505,0.5127304372911138,0.3315418151923869,0.14746420927146903,0.008373733602947265
315.77799999999996,2.901888962832379,0.515987801034213,0.3321096149990836,0.14704616846768703,0.008349997157306267
315.85499999999996,2.9130334800316393,0.519835468445367,0.33277911045071823,0.15311727311862663,0.00869474612512538
315.909,2.9205087365320583,0.5224209964625839,0.3332282657215019,0.14647716769740224,0.008317690199692569
316.006,2.933904871946678,0.5270638353094786,0.33403335555120944,0.14616375326362524,0.008299895151626057
316.09799999999996,2.9470153586032057,0.5316193756318621,0.33482149635663605,0.15086306839786023,0.008566747885073254
316.18899999999996,2.960122250766604,0.5361852474393685,0.3356096374207545,0.15252090413442754,0.008660890814487713
316.292,2.9737890417050594,0.5409585053546002,0.3364316772608243,0.14054724040962033,0.007980969321065234
316.341,2.980973098920107,0.543472662252738,0.3368638838771154,0.15533235180027521,0.008820543189608386
316.421,2.9925216558916463,0.5475215410991617,0.33755880446940434,0.15297190716250053,0.008686507403613325
316.507,3.004771313754042,0.5518260759537238,0.33829609846753544,0.15097624359587142,0.008573186024779028
316.60499999999996,3.0185659736052646,0.5566856774892692,0.33912661377656955,0.14924088335163732,0.008474646010555895
316.698,3.030949572076935,0.561059162725267,0.33987238285744936,0.14121718054816254,0.008019022375050193
316.79499999999996,3.045158541154615,0.5660901118866434,0.34072832263562197,0.1553951458936208,0.008824121424461713
316.87899999999996,3.056550738160934,0.5701336203146606,0.34141476959251915,0.14391085254584568,0.008171987582108976
316.95599999999996,3.0679401568170372,0.5741849479215637,0.34210121673228555,0.15699365714238675,0.008914897919044361
317.046,3.0803106910809914,0.5785952500108476,0.34284698667153857,0.14592441917104004,0.008286332658363912
317.11699999999996,3.090429588621466,0.5822105401811859,0.3434571622370956,0.1513428685024571,0.00859402205010279
317.15799999999996,3.096471766305557,0.5843726163970587,0.3438215727134047,0.156520928785113,0.00888806039778325
317.219,3.105041875154283,0.5874435247471873,0.34433852719919117,0.14924088464100624,0.008474663701412784
317.268,3.1119249104358815,0.5899135284819561,0.34475378579569227,0.14924088511496594,0.008474665234720105
317.306,3.117402656068735,0.5918813012795934,0.34497102858416456,0.1531701636462043,0.005716915486111355
317.359,3.124565688290624,0.5944555383134105,0.34498646007214456,0.14361419248353838,0.00029116015056605154
317.39099999999996,3.1287794014196946,0.5959695449829038,0.3448872437362285,0.13992043822333727,-0.0031005104973793997
317.453,3.137207545167882,0.5989958249029076,0.344549256540954,0.14443544081905213,-0.005451406375394168
317.488,3.1429674027422276,0.6010620614835612,0.3443046158150412,0.17483588312384044,-0.006989735026074793
317.539,3.150133444773354,0.6036293650187998,0.34356780286954336,0.14925575437139532,-0.014447312656823523
317.596,3.158145804380105,0.6064903880786476,0.34230377770157155,0.14926036938564544,-0.02217588013984986
317.647,3.165177258108959,0.6089915030936804,0.3411649619206529,0.1463340543519438,-0.022329721194489265
317.68899999999996,3.1712266932913384,0.6111359037211626,0.3401018173245499,0.15281582307018154,-0.02531296657389619
317.724,3.1760116208219706,0.6128268318408993,0.33924718835412376,0.14499759147748134,-0.0244179705835869
317.79499999999996,3.1858674831656235,0.6162952746563423,0.3374876584540423,0.14715992681073883,-0.024782111268763254
317.859,3.194883885291101,0.6194512421902955,0.3358789457348889,0.1492622141898859,-0.025136136236763723
317.918,3.203341363094872,0.6223967848845448,0.33437077785653546,0.15179208379718714,-0.025562167429708266
317.99699999999996,3.2137783551827654,0.6260120486555172,0.33251070454027354,0.13981523274400365,-0.023545231851431387
318.056,3.222951517248642,0.6291715979460638,0.3308768567205545,0.16444142043421534,-0.02769233592742913
318.08599999999996,3.227045821638069,0.6305764071138056,0.3301479093401432,0.14428681787440192,-0.024298246013731883
318.131,3.23311856901256,0.6326539055767322,0.32906705645170936,0.1426283446935908,-0.024018953076299226
318.212,3.2448467176510123,0.6366453928025083,0.3269807594324321,0.15294768741624687,-0.02575675332440514
318.281,3.2543200712334044,0.6398496187724296,0.3252860757339605,0.14493586364719926,-0.024560633311176455
318.344,3.26337492538157,0.6428943402884859,0.32326679743894315,0.15163567146087364,-0.03205203642885295
318.364,3.266489128098623,0.6439365028368178,0.3224143286654525,0.16419775683657667,-0.042623438674571544
318.418,3.274137474070685,0.6464820652051082,0.3199899610259903,0.14927474862091658,-0.04489569702705223
318.453,3.279098417191595,0.6481212962594829,0.3181560007065235,0.14927863304758124,-0.052398866270527936
318.51399999999995,3.2883201387762115,0.6511406148426109,0.3142685123745823,0.15907252152119192,-0.06372931691709104
318.56199999999995,3.2932908494367914,0.6527511319667755,0.3116206319261531,0.10885636935256976,-0.05516417600894019
318.608,3.300683874492274,0.6551176435614204,0.30660343524118244,0.16875110669447826,-0.10906949315141914
318.664,3.309090579580088,0.6577508807770179,0.3002903436035916,0.15731182947357883,-0.11273377924272783
318.69,3.3125021691699774,0.658802605482311,0.2976594978087407,0.13730859935897738,-0.10118637672499393
318.767,3.3235879138897877,0.6621489141841521,0.2883497712483027,0.1503868727297339,-0.12090553974595081
318.837,3.333093347778733,0.6649263600662867,0.28006795933008827,0.14147003652271029,-0.11831159883164609
318.882,3.3399571268992387,0.6668784822065209,0.2739871880493294,0.1585773864367525,-0.1351282506834821
318.953,3.3493611456825034,0.6694803535207209,0.2657235116223558,0.13742704949209764,-0.11638980883066433
318.989,3.354282206997373,0.670808529303683,0.26137996696877647,0.14158738352051112,-0.12065401815497694
319.068,3.365410283172931,0.6737286737843861,0.25172150896623635,0.14563087492575943,-0.12225896205745786
319.152,3.3775559924967404,0.6767847278270557,0.2411471794375706,0.14909863405537577,-0.12588487534125406
319.233,3.3890464214195393,0.6795516209656803,0.23134516100064645,0.1459119577564107,-0.12101257329533417
319.329,3.402804413703081,0.6827120600975374,0.22024351622018984,0.1470450873832252,-0.11564213312975197
319.37199999999996,3.408896514446481,0.6840620216741301,0.2157587403464961,0.14511346100070766,-0.10429711334183761
319.442,3.419113392673521,0.6862642919118629,0.2089208553679476,0.14930765040886368,-0.09768407112205135
319.524,3.43139148674042,0.6888200708430463,0.2016083619574053,0.15294238837327384,-0.08917674890905934
319.604,3.442807529897211,0.6911175712818509,0.19567851785894538,0.1455617081473088,-0.0741230512307638
319.64799999999997,3.449399271377038,0.6924138682373695,0.1926477365257523,0.15268167868844884,-0.06888139393623374
319.69399999999996,3.456434202520644,0.6937758833855875,0.18988136024009808,0.15577318204207286,-0.0601386149055364
319.741,3.4630324438100697,0.6950361725789772,0.18759864478379856,0.14292602398288476,-0.04856841396379318
319.822,3.4749147933608544,0.6972722576165495,0.18447475982165268,0.14927059721778743,-0.03856648101413849
319.909,3.4870973789706516,0.6995264096588065,0.18140916088748782,0.14240660023289464,-0.0352367693582212
319.99199999999996,3.4998744315545274,0.7018490936200725,0.17819582276433368,0.15646327616531272,-0.038714917146449375
320.05699999999996,3.5088374742219806,0.7034531507661036,0.17594279289117978,0.14008377306473915,-0.034661998048522755
320.126,3.519715187496922,0.7053726658139725,0.17348334458022366,0.16008372108005353,-0.03564417841964529
320.19,3.5289784604217,0.7069893102553296,0.17226791835962688,0.1469263245835233,-0.01899103469681838
320.263,3.539418741066598,0.7088034761879163,0.17188800397136622,0.14516066636953368,-0.005204306688503612
320.325,3.548828423511927,0.7104406317203018,0.17297297043341908,0.15404906339596858,0.017499459065365385
320.409,3.5613208787634276,0.7126379247949435,0.17558593370696515,0.15100266506382312,0.031106705637452044
320.477,3.5714553055782328,0.7144520726523363,0.1793865070527492,0.15140471105505937,0.05589078449683759
320.536,3.579964541890577,0.7160134657788095,0.18409744223515734,0.14663226160057274,0.07984635902383176
320.608,3.589914524943901,0.717895240146323,0.19085549731107077,0.14064393736115116,0.09386187605434959
320.679,3.6001914609789574,0.7199222193651179,0.1987617013879101,0.14753415847024914,0.11135498699778497
320.772,3.6131546030652713,0.7225991116623448,0.21094365019126943,0.14232953004641616,0.1309886968102903
320.85299999999995,3.622559335477256,0.7246614316780898,0.22439724479621012,0.11886661560040168,0.16609376055490452
320.914,3.629616909519642,0.7263121116805845,0.23535018183469733,0.1188203414312946,0.17955634489312852
321.012,3.6412642291971533,0.7292156142635132,0.25322512430598826,0.12248740167568209,0.18239737215600532
321.034,3.644217932213519,0.7299865159008806,0.2575317628924239,0.138756660501228,0.19575629938351558
321.061,3.6473143937245744,0.7308090563214104,0.2619043901098167,0.11866106377431844,0.161949156199812
321.113,3.654968690926223,0.7329011940328207,0.2713437577060294,0.15259746358633003,0.1815262999270947
321.195,3.6642470442126767,0.7355289337324313,0.28022625993407313,0.11760097970635792,0.10832319790298048
321.255,3.672334976207281,0.7378792147310489,0.28463184500722727,0.14037495891144333,0.07342641788589953
321.318,3.6814980014133982,0.7405716677439758,0.28676947396167984,0.1515938120057879,0.033930618324650406
321.371,3.6889409264286357,0.742769274611894,0.2871306701055927,0.14642604599235015,0.0068150215832613725
321.429,3.697243453680717,0.7452194097685599,0.28678460320260124,0.1492501282745911,-0.005966670741232432
321.489,3.7051177035364753,0.7475396579250237,0.2861276955744222,0.13681634313771873,-0.010948460469650397
321.534,3.712421915061384,0.7496839615181419,0.28476831671737085,0.16916577288583745,-0.03020841904557467
321.57099999999997,3.717579971021828,0.7511907059411634,0.2835721534361271,0.14523304374666082,-0.032328737330932396
321.60999999999996,3.723456726257273,0.752898944498464,0.282154565123998,0.15692293251628087,-0.03634841825973162
321.673,3.7323481114898405,0.7554663060151502,0.2800108952967816,0.1468988031953832,-0.034026505193887134
321.729,3.73995316031785,0.7576458709642331,0.2781784036417958,0.1412716380434196,-0.03272306526761304
321.786,3.7485669378530644,0.7600975352491669,0.2764318980493768,0.15712073566108642,-0.03064044898979843
321.815,3.752875331949609,0.7613179558923869,0.2756070242418062,0.15441072149516136,-0.02844392439898873
321.876,3.7614950269294822,0.7637483944554397,0.27400820698337225,0.14681622825502863,-0.02621011899073002
321.90299999999996,3.7653751874468635,0.764837531838464,0.27326582072313044,0.14926369757100028,-0.027495787416376833
321.96099999999996,3.7735693562865418,0.7671274403768115,0.27160776750498844,0.14669170200164094,-0.028587124450727676
322.036,3.7842152123972794,0.7700753785841593,0.2681070119699167,0.14728632251787577,-0.046676740467594784
322.104,3.794441696611048,0.7728615142081983,0.263739467793347,0.15587092847289927,-0.0642285908319229
322.15799999999996,3.802083624557726,0.7749116700688764,0.2604061220545463,0.14652139480024587,-0.061728624792636265
322.22799999999995,3.812331551990506,0.7776181642134423,0.2559406973380243,0.15141854900937826,-0.06379178166460549
322.29999999999995,3.8227360412677576,0.7803160739233584,0.2513973700521597,0.14928592501653448,-0.06310176785922887
322.35999999999996,3.8314161553961057,0.7825272994166123,0.24729559937895448,0.14928896240285727,-0.06836284455341725
322.404,3.8379325181523787,0.7841614233689745,0.24404063134933546,0.15268489783989933,-0.07397654612763863
322.44,3.8428595006765938,0.7853820229174736,0.24158132239845312,0.14099793156841073,-0.06831413752450681
322.45799999999997,3.84561411731055,0.7860588439241714,0.24020700277803395,0.15758595024170896,-0.07635109002340505
322.503,3.8518516666432836,0.7875766134880593,0.2370967007070246,0.14265670807631373,-0.06911782380018325
322.525,3.8551899595034227,0.7883804777995561,0.2354330508906971,0.15607794362525249,-0.07562044619673401
322.589,3.8644861071307313,0.7905880767285839,0.23080376491855287,0.1492918290782058,-0.07233259331472955
322.626,3.8700104957370796,0.7918784688457153,0.22805512670193817,0.15332683093778263,-0.0742875193680095
322.7,3.880487393648773,0.7942817591577951,0.22284718125764555,0.1452568781860707,-0.07037764113907782
322.748,3.887770314469237,0.79591859332362,0.21923055296967525,0.1555123724584435,-0.07534642266604501
322.82099999999997,3.898413897818649,0.798261045411779,0.213950276381989,0.14929178422276582,-0.07233255599572294
322.887,3.908047390520711,0.8003304767722335,0.20917632840175984,0.14929181446717943,-0.0723325451549532
322.945,3.916228933108964,0.8020502758108383,0.20512570639553612,0.14414385800448287,-0.06983831045214187
322.99199999999996,3.923100957164965,0.8034679895381415,0.2016829097820198,0.14929232012650936,-0.07325099177699186
323.043,3.930563370094134,0.8049794154260151,0.19790359639568572,0.14929285441126325,-0.07410418404570156
323.099,3.9384708329226843,0.8065492509634717,0.19395125366363902,0.14396041831243553,-0.0705775487865694
323.168,3.9490237682362945,0.808593286591755,0.18862492426892333,0.15578363634625195,-0.077193179633542
323.207,3.9545977558503655,0.8096493540636338,0.18578661557305612,0.14546535185760773,-0.0727771460479009
323.253,3.961642783452169,0.8109607931342983,0.18225039762759915,0.15578371649888878,-0.07687430316212099
323.305,3.969133241538535,0.8123268255123123,0.1783477904726769,0.14642309056362166,-0.07505013759462835
323.349,3.975746918917302,0.813508310474324,0.1745362728999753,0.15269046361403757,-0.0866253993796157
323.41999999999996,3.9860519741309357,0.8152877146636783,0.16652106093673943,0.14728949737689348,-0.11289030934139879
323.477,3.993394625186092,0.8164876388127139,0.15755608676724242,0.13052719118881667,-0.15728024858762174
323.50399999999996,3.9965222673870575,0.8169732418781653,0.15196059915142773,0.11722649968467028,-0.20724028206731185
323.541,3.9999509390363577,0.8174848725359227,0.1442175197664829,0.09369282608652593,-0.2092724158091245
323.609,4.00606293089213,0.818324800827018,0.1284590071043308,0.09072698024073979,-0.23174283326699824
323.671,4.011966373220309,0.8190413218931855,0.11286406530608084,0.09591559136070654,-0.2515313193265644
323.717,4.015968571813702,0.8194740604032386,0.10230749002718224,0.0875114256624669,-0.22949076693261677
323.769,4.020795130691736,0.8199391817915235,0.08959161594527278,0.09324842850681525,-0.24453604003662216
323.82,4.0254447798117825,0.820328774082977,0.07735558680949924,0.09148906795468151,-0.239922139917186
323.88,4.030914890889078,0.8207138831488473,0.0629840666701993,0.0913941771038536,-0.2395253356549898
323.93199999999996,4.035736934490695,0.8209883078759677,0.050315502239068464,0.09288165592270752,-0.24362623906037675
323.98999999999995,4.040946847624353,0.8212155938410166,0.0366399420172238,0.0899115263545065,-0.2357855210663169
324.037,4.045311489139049,0.8213513281110555,0.02519631655136126,0.09290960804227825,-0.24348139289056045
324.11199999999997,4.052147505285373,0.8214632648814506,0.007275648911969038,0.09115910056928891,-0.2389422351919325
324.192,4.059466545893652,0.8214471536616472,-0.011918116583588611,0.09148822926080485,-0.23992206869434787
324.24399999999997,4.063991787476493,0.8213668683579582,-0.02384540633055531,0.08703757161814686,-0.229370956672595
324.28,4.066987516318625,0.8212842277295579,-0.03170817775256503,0.0832463470496132,-0.2184103172780395
324.341,4.072902195619183,0.8210517477831575,-0.04720714672037756,0.09703682652026753,-0.2540814584885823
324.39599999999996,4.077968518437414,0.8207794805862094,-0.06060484561753851,0.09224788080185288,-0.24359452540314785
324.44899999999996,4.082741447060534,0.8204599776555273,-0.07331810357554164,0.09025680257389132,-0.2398727916604487
324.51599999999996,4.088296244796779,0.8200118795045509,-0.08791911495483463,0.0831767487949429,-0.2179255429744987
324.56,4.093594633409126,0.8195072013974934,-0.09852560099714112,0.12096295339730992,-0.24105650096129438
324.59799999999996,4.0988298875442535,0.8189735540502721,-0.1036215383486763,0.1384837394342478,-0.13410361451424552
324.66499999999996,4.108176983566453,0.8179804512483576,-0.1070904915995396,0.14029410696764918,-0.05177542165467048
324.72499999999997,4.117228355415032,0.8170076742513424,-0.10639115340054592,0.151724922353254,0.011655636649894167
324.77099999999996,4.12464714443858,0.8162240415459903,-0.10349938863453971,0.16217524010533826,0.06286445143492812
324.81399999999996,4.130592387977151,0.815616454954669,-0.0999624001910486,0.13898162058096225,0.08225554519745548
324.864,4.137635755359175,0.814928986854366,-0.09423529569258329,0.14153676054943254,0.1145420899692801
324.923,4.145153374706154,0.8142482650916499,-0.08590137110241468,0.1279385791081224,0.14125295915533823
324.983,4.1521368926332825,0.813680672525065,-0.07566886057940696,0.11677576322946502,0.1705418420501222
325.049,4.159075466345178,0.813196962574511,-0.06296264708319768,0.10538505685959645,0.19251838630627677
325.125,4.166534882961792,0.8127818686546213,-0.0478177926112496,0.09830206642937715,0.19927440094662807
325.198,4.173482304735151,0.8125016885184493,-0.03231973452034266,0.09524752220968395,0.21230216562892296
325.258,4.178588380369515,0.8123681673725416,-0.01953311320353024,0.0851303514882551,0.21311035528019895
325.293,4.181753606690054,0.8123192412479223,-0.011072393081683353,0.0904458409413288,0.24173486062402402
325.32399999999996,4.184389472473417,0.812299262489824,-0.0038536112340851374,0.0850303708899053,0.23286393056806695
325.37899999999996,4.188981079896767,0.8123099025573526,0.008721041497079076,0.08348399547949034,0.22863004965750283
325.42699999999996,4.1931471279485155,0.8123695217727365,0.020131375202623605,0.08680155473638655,0.23771528553216867
325.46799999999996,4.1965473027489875,0.8124534282259348,0.02944593394962904,0.08295633967981174,0.227184359683077
325.54499999999996,4.202919894595384,0.8126960964603948,0.04691073209648813,0.08282091655323477,0.22681556034882466
325.599,4.207589927241305,0.8129447654738038,0.059718251249320176,0.08660460185109338,0.23717628060786705
325.66999999999996,4.21372844992285,0.8133615049322873,0.0766882324200254,0.08665707712413345,0.23901381930580992
325.70599999999996,4.216465770041693,0.8135780414349117,0.08454553977110493,0.07627420426399045,0.21825853752997879
325.75899999999996,4.220592356960715,0.8139416688552046,0.09746735690785828,0.07816183087211603,0.2438078705047927
325.827,4.2252305777676105,0.8144178476221622,0.11347116490055785,0.06856764660400341,0.23535011753955948
325.87199999999996,4.228147648604393,0.8147603685987469,0.12441560884341345,0.06526914036936061,0.24320986539701225
325.907,4.228642184923297,0.8147956169064844,0.13059750980226686,0.014165454210511033,0.1766257416814
325.97999999999996,4.225034441529932,0.8142695171046921,0.14154614307561916,0.04994384798503843,0.14998127771719771
326.027,4.2203195560325435,0.8135759825857026,0.14921197785987272,0.10139617333371632,0.1631028677499874
326.07599999999996,4.214310517655915,0.812666103818548,0.15699478081892673,0.12403130958382898,0.15883271345015257
326.108,4.212686833364871,0.8124299460135177,0.15892501053853264,0.05127401481802451,0.06031967873761091
326.157,4.212347523259033,0.8123883656041335,0.1589360621672527,0.0069764964603103745,0.00022554344326663431
326.191,4.212347523259033,0.8123883656041335,0.1589360621672527,0.0,0.0
326.258,4.212347523259033,0.8123883656041335,0.1589360621672527,0.0,0.0
326.29999999999995,4.212347523259033,0.8123883656041335,0.1589360621672527,0.0,0.0
326.376,4.212347523259033,0.8123883656041335,0.1589360621672527,0.0,0.0
326.41999999999996,4.212347523259033,0.8123883656041335,0.1589360621672527,0.0,0.0
326.49199999999996,4.212347523259033,0.8123883656041335,0.1589360621672527,0.0,0.0
326.57,4.212347523259033,0.8123883656041335,0.1589360621672527,0.0,0.0
326.60999999999996,4.212186434866341,0.8123614318286114,0.15894267563292314,0.004083112976326617,0.00016533664176103296
326.656,4.209434811396675,0.8118603955246533,0.15875328086143006,0.060801472381857034,-0.0041172776411493705
326.707,4.202209258430998,0.8106885771262344,0.15830609624097133,0.14352857336450203,-0.008768325891349744
326.74699999999996,4.196461493123817,0.8097719356340439,0.15797596063066086,0.14550996025123794,-0.008253390257769458
326.80199999999996,4.188502549919903,0.8085058724691665,0.15751884982131822,0.1465275117151826,-0.008311105624410446
326.841,4.182459262551396,0.8075470321538362,0.15717178423497224,0.15689436843262514,-0.008899117598604787
326.876,4.17730009566713,0.8067301694502177,0.15687550875359277,0.1492409847311682,-0.00846501375370703
326.931,4.16919234508303,0.8054496164378524,0.15640993303212714,0.14924098383711737,-0.008465013117555915
326.993,4.160199397083466,0.8040341148013522,0.15584860199378545,0.1468333438112032,-0.009053726424864229
327.056,4.151058234712219,0.8026002413776312,0.15532107295212844,0.14687201532991406,-0.008373476851700142
327.101,4.144275596425192,0.8015397629567248,0.1548727737347591,0.15255648071876204,-0.009962204830426034
327.15,4.137050075965057,0.8004133720456146,0.15442966872761277,0.14924061897118351,-0.009042959329521136
327.16999999999996,4.133805803070738,0.7999086313612863,0.15424343852139694,0.16416508285297635,-0.009311510310800051
327.21799999999996,4.127022019953011,0.7988552168896085,0.153854048124192,0.14302260929567692,-0.008112299941768965
327.25,4.122155140507204,0.7981011337994698,0.15357470285326769,0.1539047647351847,-0.008729539716374485
327.299,4.115223161093537,0.7970294837954908,0.15317684749032978,0.1431495146967868,-0.008119497202817993
327.346,4.1082907558686355,0.7959605918152364,0.15277899215524385,0.1492409833239667,-0.008465007129483365
327.388,4.101947970517071,0.7949850854326577,0.15241499688583765,0.1527943401590852,-0.008666554033486432
327.442,4.094277151747692,0.7938084875614334,0.1519748165983373,0.14371353911450668,-0.008151486805557278
327.491,4.086900881835279,0.7926805078638389,0.15150660691876844,0.152286058914429,-0.009555299583042432
327.541,4.079819160653243,0.7916007301924962,0.1511002867278502,0.14327134356821983,-0.008126403818362977
327.587,4.072589470407728,0.7905014588865065,0.15065470213215698,0.15897357802943465,-0.00968662164550632
327.635,4.06535928238975,0.7894057959413856,0.15012428498706923,0.15234864994202377,-0.01105035718932776
327.69899999999996,4.056062466163433,0.7880027153390196,0.1494564776684187,0.14690776489820973,-0.010434489353920084
327.738,4.050159229571538,0.7871148013727737,0.14911787763868958,0.153067674571937,-0.008682052044326854
327.765,4.046174392972253,0.7865166185678412,0.14886088850006174,0.1492401669212409,-0.009518116245480367
327.82099999999997,4.03805665660818,0.7853013447247164,0.14831496193408236,0.1465749858051413,-0.009748688678206083
327.868,4.03097153731803,0.784244578428091,0.1477953698023949,0.15241480170793065,-0.0110551517380249
327.89799999999997,4.0266906786728205,0.7836078994807569,0.14748144957609044,0.14426484449819227,-0.010464007543491865
327.96999999999997,4.0160614760759135,0.7820324212448471,0.14683657073193815,0.14924067034418736,-0.008956650613225928
327.99699999999996,4.012075275225745,0.7814433065953373,0.14660082297854557,0.14924066278862178,-0.008731398273803485
328.041,4.005578930503821,0.7804854600458944,0.14619060427722794,0.1492404404621972,-0.00932315230266509
328.063,4.002182956119839,0.7799857534754719,0.1459959093822971,0.15602466345351582,-0.008849767951405609
328.114,3.9948000693428076,0.7789017163652306,0.14557157625659975,0.1463146578173957,-0.008320257366616521
328.176,3.9854969757463268,0.7775407309896359,0.14494946393240857,0.15164707203974928,-0.01003406974501715
328.212,3.980623595740419,0.7768300637440426,0.14463225055738219,0.13680345631762494,-0.008811482639621379
328.26,3.9733869503183756,0.7757777071105282,0.14415127823011187,0.15234921314773636,-0.010020256818131248
328.31,3.9658543839309277,0.7746861777342696,0.14364865698634582,0.15222482420488367,-0.01005242487531859
328.37199999999996,3.9565486895373065,0.7733429059387352,0.14306333355891507,0.15164749713796774,-0.009440700442438405
328.42699999999996,3.9484240154641967,0.7721747573452236,0.14255281155599342,0.14924039061859148,-0.009282218234937911
328.48499999999996,3.940003282054343,0.7709681902442218,0.14207030715758878,0.14666785999694673,-0.008319041351805135
328.56,3.9295135101339933,0.7694710446286966,0.14141726741330035,0.1412809713914669,-0.008707196590507126
328.638,3.917249504003162,0.7677304812300201,0.14056825577101165,0.15880647013768387,-0.010884764644730541
328.688,3.9098608321016264,0.7666867418544129,0.1401119672442487,0.14924056332339056,-0.009125770535256685
328.76099999999997,3.8990725558442274,0.7651685624579038,0.13947503956511603,0.14924075899195405,-0.008725036700450118
328.844,3.8869530559866283,0.7634718297302385,0.13868405164441938,0.1474421083521938,-0.009529974948149339
328.929,3.87438873883677,0.7617234328949248,0.1378133933168236,0.1492398069924589,-0.010243039148188117
328.996,3.864484033775155,0.7603527130425619,0.1371847797541292,0.14924033915381832,-0.009382291980512283
329.02799999999996,3.8599009567321882,0.7597207329213235,0.13688224660968787,0.14457640867292368,-0.00945416076379716
329.079,3.852212788102754,0.7586636614756512,0.13639712741981394,0.1521666371882829,-0.009512140977911851
329.147,3.8423061512587795,0.7573068201364017,0.1358015549762165,0.1470459347133748,-0.008758418288199945
329.219,3.8316593099627787,0.7558555292880699,0.1351188199666116,0.1492402794701656,-0.009482430688956446
329.258,3.825743958746455,0.755052519363604,0.13473528306960794,0.15306684017662367,-0.009834279410353357
329.32599999999996,3.815687160652352,0.7536924969175628,0.13409584879822,0.1492403261452929,-0.009403445167471883
329.376,3.808144006399371,0.7526767137426783,0.13359324013004273,0.1522248226047505,-0.010052173363543294
329.431,3.800156574047879,0.7516053808957308,0.13305815777186697,0.14652653796090076,-0.009728770148648959
329.498,3.7890619988722993,0.7501241431082772,0.1323429518159234,0.16705997799077238,-0.010674715760350645
329.553,3.7821088291632567,0.7492002187970054,0.13188138094095495,0.12753246889859074,-0.00839219772669811
329.62199999999996,3.7717522761715125,0.7478303150526026,0.1311259081276779,0.15140234078917736,-0.010948881351847453
329.65799999999996,3.766573586955206,0.747148194913582,0.13080603423577483,0.14509498241558966,-0.00888538588619626
329.716,3.7579912928963553,0.7460212347207914,0.1303102519812407,0.14924085604132403,-0.008547969905753796
329.78499999999997,3.7479285714255246,0.744705756126366,0.12967082360216883,0.14707742170585203,-0.009267077957568487
329.842,3.739492995332655,0.743608319552862,0.12907268679759798,0.14923969727477107,-0.010493628150362836
329.90799999999996,3.729724672795992,0.7423434660238033,0.12846906800206132,0.1492404857821544,-0.00914573932631669
329.96299999999997,3.7212878045174533,0.7412560519161253,0.12786848116754265,0.15466649355441972,-0.010919760627610695
330.022,3.7125541841241336,0.7401357965842967,0.1273006113196781,0.1492402450000458,-0.009624912675666194
330.08,3.7041160293709043,0.739058046504251,0.1267731794956319,0.14666729811399368,-0.009093652138728505
330.14799999999997,3.6943448502856806,0.7378158426918934,0.1260916905398532,0.14485033666439942,-0.010021896408512915
330.212,3.6848689515608783,0.7366173926313356,0.12549556655704824,0.14924037735146137,-0.009314437231324272
330.258,3.677465391269025,0.7356849757145312,0.1250652373563052,0.1622183560473077,-0.009354982624850275
330.33099999999996,3.6669516523738075,0.7343663301159289,0.12446422495992554,0.14515218185180032,-0.00823304652575117
330.368,3.661472348079906,0.7336816531754986,0.12415102134049018,0.1492409772478565,-0.008464962687434312
330.4,3.656733329314394,0.7330908933944723,0.12386589552040293,0.14924057752259115,-0.008910181877731354
330.477,3.6456255619997218,0.7317117783831762,0.12320034403150788,0.14536433481059957,-0.008643525829806046
330.524,3.638368015570799,0.7308147243040287,0.12274063670815444,0.15559096906768372,-0.00978100687985523
330.591,3.628888139538094,0.7296478391057631,0.12219887926072878,0.14255854390718986,-0.008085932051128314
330.62399999999997,3.6237035653542105,0.7290118711308471,0.12190260567696327,0.15828588453418999,-0.008977987386844829
330.679,3.615111572679492,0.7279616159192036,0.12136671422511199,0.15738080798279075,-0.009743480942749504
330.722,3.609333894944314,0.7272579845351498,0.12099165929948077,0.13535734236880329,-0.008722207572817551
330.804,3.5970369329763816,0.7257671739198308,0.1202890678194109,0.15106098591341305,-0.008568188781340606
330.84799999999996,3.5903694984744403,0.7249627205897964,0.11982782680714511,0.15263157851262027,-0.010482750278771998
330.90299999999996,3.582219886958021,0.7239838640660392,0.1192560600544117,0.14923975714137303,-0.010395759140606321
330.96,3.5736251558606438,0.7229561107496855,0.11874849355708349,0.1518589838445084,-0.00890467539172038
331.01399999999995,3.565919074634374,0.7220385749462941,0.11827999638056244,0.14371320107079336,-0.008675873639282869
331.06199999999995,3.559101806158077,0.7212299979873533,0.11784569054499398,0.1430219276124072,-0.00904803824100919
331.135,3.548134196530646,0.7199349877838483,0.11717436861645238,0.15128492774026103,-0.0091961908019353
331.20099999999996,3.53820327384042,0.7187691896664717,0.11656001856716612,0.1515017499601988,-0.009308334080098433
331.255,3.5307916790666303,0.7179029134091628,0.11613677097843621,0.1381860880838255,-0.007837918309808792
331.306,3.522490258487585,0.7169364082963241,0.11566273371250646,0.16387244287254465,-0.009294848351565905
331.37899999999996,3.5127058556325177,0.7158028937829547,0.11501193394596769,0.1349293473037144,-0.008915065295054207
331.442,3.5024759097842697,0.7146244764374619,0.1143829384637509,0.16345388635637287,-0.009984055273275208
331.50899999999996,3.4922452589709443,0.7134521558658453,0.11376102532773093,0.15369551211685592,-0.009282285612245299
331.56899999999996,3.4834967249271154,0.7124551908984071,0.11317184455334575,0.14675261408075554,-0.009819679573085889
331.61899999999997,3.476082248134901,0.7116143578096171,0.11268008761215646,0.14924002999927988,-0.009835138823783547
331.64799999999997,3.4717816580755616,0.7111283256227867,0.11240156494636769,0.1492402564857069,-0.009604229854786536
331.709,3.4625868405527918,0.710092837227187,0.11187673827983574,0.15168754705235335,-0.00860371584478101
331.72999999999996,3.4594723438271995,0.7097432013758972,0.11169897441853216,0.1492409751619232,-0.008464945776377885
331.798,3.4496835287719025,0.7086481761076078,0.11109537674545193,0.1448510603975278,-0.008876436368821596
331.829,3.4450855148082615,0.708135834163352,0.11083296345933576,0.14924097477291187,-0.008464944713423399
331.90099999999995,3.4342574081868413,0.7069343703586058,0.11017011394394083,0.15131331464761597,-0.009206243269380921
331.95599999999996,3.426395424120344,0.7060665097342143,0.10967656423740534,0.14381344150929531,-0.008973631027916935
332.03999999999996,3.413934039459599,0.7046994177944914,0.10882620831881283,0.14923987677977962,-0.010123284745148481
332.094,3.4059225307547902,0.7038259677863421,0.10832655675360128,0.14924040254460735,-0.00925280676317159
332.17699999999996,3.393756050858464,0.7025076461415753,0.1075379684439624,0.1474421212884748,-0.009501063971556168
332.21999999999997,3.3869305037880104,0.7017722193722925,0.10710367658123471,0.15965238290145015,-0.010099810761107764
332.253,3.3820337012677903,0.7012464069836438,0.10682433357188964,0.14924097396639535,-0.008464939677119298
332.29499999999996,3.3759495908068704,0.700595030465643,0.106477271062798,0.14568761713030243,-0.008263393073615732
332.335,3.369865254645308,0.6999457655659405,0.10613020857144952,0.15297199792128072,-0.008676562283707683
332.409,3.3588832009179876,0.6987792668458053,0.10550380314216437,0.14924097180414148,-0.008464938233581645
332.45599999999996,3.352056155037585,0.6980576147497879,0.10511173759117375,0.1460655532911442,-0.008341820233848657
332.508,3.3440414311994835,0.6972141527471999,0.10461240598529581,0.15498046540244384,-0.009602530882264152
332.599,3.3308310823004863,0.695832699950578,0.10376692897217107,0.14596026586212463,-0.009290956188183062
332.681,3.318510279707845,0.6945544180386644,0.10297453981822727,0.15106019399226256,-0.009663282365169123
332.76,3.3066338507461683,0.6933316169490467,0.10220754744336379,0.15112927865442796,-0.009708764238777298
332.78499999999997,3.303070724102081,0.6929665134659121,0.10200438903452592,0.14327133438466202,-0.008126336353521843
332.85999999999996,3.2919355008490867,0.6918307307874446,0.10126320636486974,0.1492399703307202,-0.009882435595417294
332.89099999999996,3.2874811606972925,0.6913787775310684,0.10097857901389436,0.14442612380769032,-0.009181527450817064
332.92199999999997,3.2825812294194416,0.6908829683901412,0.10069923625334329,0.15886942272665633,-0.00901105679196823
333.00199999999995,3.2712960329809944,0.6897465573134697,0.09999914905458639,0.1417783750202098,-0.008751089984463015
333.084,3.258673458040342,0.6884849956937974,0.0992465907373064,0.1547007511461334,-0.009177540454628258
333.12399999999997,3.2525846043397784,0.6878798872367913,0.09885463414985517,0.15297118934556822,-0.009798914686289894
333.159,3.2482776956371673,0.6874532499955133,0.09860915119036455,0.12365680587571452,-0.0070137988425840484
333.21299999999997,3.2395151060842236,0.6865888588633184,0.09797361744945292,0.16305778775561217,-0.011769143350221143
333.256,3.232979927784132,0.6859482989417699,0.09744387156698324,0.15270921409949806,-0.012319671685339543
333.308,3.2255531849951855,0.6852245562244249,0.09683501932499845,0.14349854128646725,-0.011708696961241181
333.392,3.213075259810533,0.684018812803495,0.09582508977435285,0.14923863563832773,-0.012022970841018653
333.464,3.2020817759601803,0.6829672825199768,0.09492494263046468,0.1533841521469678,-0.012502043665112986
333.515,3.194504665181926,0.6822480034015065,0.09432179205835732,0.14923870657528845,-0.011826481806029479
333.577,3.1855898541248338,0.6814078938850919,0.09358817982944888,0.14442433016785053,-0.01183245530497262
333.61499999999995,3.1789033342645867,0.6807818925025244,0.09308537904120416,0.17673051298297887,-0.013231599690666444
333.667,3.1720679006575594,0.6801457789631512,0.09251192378013222,0.13201862573536985,-0.011027985789840608
333.739,3.161516840637223,0.6791712688991803,0.09169936162301892,0.14716622193417087,-0.011285585515462037
333.81899999999996,3.1499246533497454,0.6781105713067583,0.09077410579414956,0.1455076702717214,-0.011565697860869325
333.85699999999997,3.143830752230048,0.6775565209653834,0.09067219270088643,0.16102726545467408,-0.0026819235069236633
333.895,3.1381826042398067,0.6770423536513958,0.09089891153990913,0.14925007307176144,0.005966285237437741
333.96299999999997,3.1280756835432832,0.6761190695192794,0.09130461896030809,0.14925007140261376,0.005966285594103744
334.017,3.119752416869951,0.675354431558746,0.09210561394032395,0.15478362184203787,0.014833240370655695
334.087,3.109646433233843,0.674413574335909,0.09358454428797189,0.144995508422387,0.02112757639497265
334.14,3.102365041262952,0.6737264897498629,0.09463528149866968,0.13799504464579365,0.019825230390525334
334.18899999999996,3.0944900872671455,0.6729743477920666,0.09580512811843943,0.16144471907782698,0.023874420811638215
334.24199999999996,3.0864674500649993,0.6721988907866393,0.0969509211970219,0.15207598815930373,0.021618737331745755
334.28799999999995,3.078891356426435,0.67145817044027,0.09799260225348104,0.16548299796139349,0.02264524035781132
334.327,3.0744351740004463,0.67101876163725,0.09862696360239286,0.11481523879567958,0.01626567561310509
334.36199999999997,3.068642574797952,0.6704432204368503,0.09944478332666493,0.16631775144045718,0.023366277836366117
334.40299999999996,3.062553410113393,0.6698330563635655,0.1003250697955432,0.14925997655778883,0.021470401679959655
334.45799999999997,3.055128315847155,0.6690818233651725,0.1013992312266334,0.13569091747211093,0.01953020783800113
334.486,3.0502280023072337,0.6685806170331723,0.10252592465068887,0.17592423787053685,0.04023905085909515
334.54499999999996,3.041616608837408,0.6676849530565129,0.10489730048498233,0.14674316633568601,0.04019281075075772
334.596,3.034194777105087,0.6668957295853122,0.10704695172382081,0.14634658891480695,0.04215002429091374
334.667,3.023510405451322,0.6657309233720883,0.11013641116720221,0.15137573911308158,0.043513513287080696
334.727,3.0146095094096124,0.6647355629975263,0.11266496507183467,0.1492729534002207,0.04214256507720599
334.79699999999997,3.0042283781535226,0.6635450367221334,0.1157371730709428,0.14927391543844368,0.043888685701549086
334.846,2.9978532156076345,0.6627981531453092,0.11758813877357516,0.13099518570207097,0.03777481025777609
334.89599999999996,2.989552786214915,0.6618076880325865,0.11999490700165867,0.1671863023613685,0.04813536456171406
334.962,2.979773214754682,0.6606147375160658,0.12285607360936984,0.14927368452844128,0.04335100920772471
335.019,2.971181916287693,0.6595429625815209,0.12540943811176244,0.15189285930435353,0.04479586846301524
335.087,2.960964863941169,0.6582395803528229,0.12836210904452394,0.15146842080527156,0.04342163136415012
335.171,2.9488278835836588,0.6566519517771474,0.13182149535257975,0.14571878722664697,0.0411831703339962
335.25899999999996,2.93595692189309,0.6549213943305836,0.13554399591977306,0.14757705820688458,0.042301142809031494
335.334,2.9250143946765172,0.6534112055028569,0.13875690282077993,0.1472832929686039,0.0428387586800656
335.364,2.920579600220126,0.6527890433434574,0.1400710528216762,0.1492741237643868,0.043805000029915483
335.44599999999997,2.908314323005456,0.6510378114853916,0.1435981125571085,0.15109349498133337,0.043012923602836234
335.507,2.8991563546574053,0.6497016391897336,0.1462242841978694,0.15172017399781146,0.04305199411080938
335.53799999999995,2.8947263305300135,0.6490464217093361,0.14752666344642387,0.14445859927765792,0.04201223382440693
335.584,2.8877877283578903,0.6480082912323953,0.14952261743489334,0.15251811226855136,0.043390304097116014
335.65,2.8779001173197227,0.6465048553173326,0.15231408732990376,0.15153421970382536,0.042294998409265365
335.717,2.868164223179454,0.6449968784733806,0.15506389379323204,0.14704456771577154,0.04104188751235802
335.791,2.857400579616283,0.6432976017502888,0.158188526246307,0.14725610888088297,0.04222476287938427
335.87199999999996,2.8451689881146653,0.6413246715241165,0.16174397452025005,0.15295906906229725,0.04389442313512084
335.943,2.8347115203359485,0.6396018162908955,0.16484369247775946,0.14927375767595272,0.043657999401524726
335.98499999999996,2.8285279743614806,0.6385679573631856,0.16648502065301732,0.14927091348520088,0.03907924226806928
336.04999999999995,2.8192557958191604,0.6369988101230332,0.168855610736255,0.14467717009266903,0.036470616665196236
336.118,2.809251948654708,0.6352803402068554,0.17141629542911027,0.14927020921643397,0.03765712783608466
336.171,2.801310867733107,0.633897339297989,0.173487446616136,0.15208700939113926,0.03907832428350619
336.233,2.792343878052629,0.6323149903270465,0.17588498664091354,0.14686343635317733,0.03867000039963044
336.269,2.786759824947526,0.6313186392874542,0.1772912237636936,0.15756236388946007,0.039062142299444866
336.327,2.7786801350613786,0.6298626701237796,0.17932314944434546,0.14154871564476784,0.03503320139055367
336.409,2.76634598410111,0.6276070567018932,0.18250334102681393,0.15291101165897625,0.03878282417644766
336.48699999999997,2.7550461165229025,0.6255043379118211,0.1854785293531902,0.14735696526765327,0.03814344008175959
336.56,2.7443390625781965,0.623479943522782,0.1882823531501988,0.14927055816227797,0.03840854516448259
336.638,2.7333445874546514,0.6213689045502389,0.19119310637309636,0.14352961698202793,0.03731734901151923
336.703,2.7233816338889,0.6194273399430904,0.1937673951845461,0.15615961859513275,0.03960444325307443
336.772,2.712984482775522,0.6173728722188557,0.19645960439888221,0.1535969275505501,0.03901752484544129
336.81,2.707422117444804,0.6162616681775339,0.19791067997110534,0.14927034560166996,0.038186199269018666
336.85699999999997,2.700690862865862,0.6149057097404407,0.19970997080188446,0.14609510828679,0.038282783633623876
336.92499999999995,2.6905985703561086,0.6128492676211335,0.20237078839311623,0.15146582109327206,0.039129670459300124
336.977,2.683288773128328,0.6113424437495342,0.20423451637850457,0.14352861611264636,0.03584092279591512
337.039,2.6742285037103755,0.6094551567718655,0.20656830575197835,0.14927010595642,0.037641764088279635
337.101,2.6653186918644582,0.6075776685723953,0.20886516085465254,0.14686253019553058,0.037046050043125014
337.15099999999995,2.6577268675045516,0.6059608629597997,0.21087199968946438,0.15524156337875847,0.040136776696273344
337.195,2.6511596673323634,0.6045495406176681,0.21254252696091802,0.15266223732818424,0.037966528896639554
337.25199999999995,2.6432821966111186,0.6028410432321113,0.21462466794232307,0.1414142918275655,0.03652878914748297
337.28,2.638907363632033,0.6018849582408551,0.21573299328606024,0.1599316742878814,0.039583047990584964
337.35299999999995,2.6284120935073183,0.5995703550172038,0.21848110503154455,0.14722559838557683,0.03764536637650819
337.412,2.6193797028990056,0.5975544712137176,0.2206159072597211,0.1568578527966499,0.036183088613145994
337.48499999999996,2.6090407311449932,0.5952294733108796,0.22169797550115344,0.14516667365833838,0.01482285262236504
337.575,2.5959380672773333,0.5922705634964259,0.2223943897999161,0.14925119587949584,0.007737936652915706
337.64,2.586621772228667,0.5901624725127301,0.2224972900185184,0.14695118621912504,0.0015830802861891637
337.698,2.5778876623014706,0.5881894075395635,0.2216336689626422,0.15438272393142155,-0.01489001820476396
337.746,2.5710449080112667,0.5866534355913907,0.21951215628978335,0.14610465252199714,-0.044198180684557574
337.786,2.5653643806760926,0.5853927244204788,0.21692228640863812,0.14546860370473308,-0.06474674702859773
337.84499999999997,2.5569097699201353,0.5835470359419324,0.2128726743401495,0.14667335661446354,-0.06863749268628364
337.88,2.5516583763572354,0.582418618760354,0.21034892898001623,0.1534646397831138,-0.0721070102894707
337.93399999999997,2.5434838576798344,0.5806899392859325,0.2064059203319241,0.15472783345603422,-0.07301867866840853
338.005,2.5335486643988334,0.5786338229030278,0.2016384882243002,0.14289749657374093,-0.0671469310932694
338.068,2.524042631551206,0.5767134491524839,0.19698213882096605,0.15393756513169665,-0.07391030798944478
338.135,2.5139420258268297,0.5747227439318122,0.19212131535875532,0.15365535237837538,-0.07254960391358509
338.181,2.507496077242135,0.5734789757444072,0.1889871513540528,0.14271405913614182,-0.06813400010223995
338.23199999999997,2.5004596723558303,0.5721452594899695,0.18560743149117873,0.14042527921713396,-0.06626901691911559
338.282,2.492831908046242,0.5707270074728673,0.1819619260649999,0.15516987742035085,-0.07291010852356013
338.32,2.4869608760914423,0.569655154288289,0.1791407734435078,0.1570545308715342,-0.07424085846029713
338.39099999999996,2.4768261955332624,0.5678437186765262,0.17486588600638406,0.1450041206290548,-0.06020968221303614
338.457,2.4668315582936278,0.5660873588569212,0.17333923164906087,0.15375434278898759,-0.02313112662609806
338.467,2.4655085430673287,0.5658557870961931,0.1731993306533116,0.13431287240578144,-0.013990099574938642
338.512,2.4588929641850577,0.5647006406484467,0.1725446611433219,0.14923715034663818,-0.014548211333099604
338.561,2.4515414661352537,0.5634219942252661,0.17184227981650727,0.15228300153999944,-0.01433431279214175
338.60299999999995,2.4455125774383566,0.5623774259179164,0.17123497204509128,0.14568359050402124,-0.014459708843247047
338.673,2.435659099070601,0.5606784757601186,0.1702447476117515,0.14284104736639344,-0.014146063333415101
338.717,2.428745954534185,0.5594925811565551,0.1695235916697616,0.15941187329429743,-0.01638990777250425
338.77099999999996,2.4208021724636635,0.5581357657557082,0.16877321150698232,0.1492374554610078,-0.013895928940363917
338.83599999999996,2.411238818041977,0.5565111117083117,0.1677628160221282,0.1492365173901051,-0.015544545920833257
338.909,2.400937990913977,0.5547722915895605,0.1666746979387808,0.14310350859667462,-0.014905727169134905
338.954,2.3932847263751356,0.5534878530283548,0.1658663817361452,0.17245108881666385,-0.017962582280784893
339.02,2.384894393713428,0.5520867828482873,0.16503162274654257,0.12888648615727016,-0.01264786347883286
339.048,2.380036284755454,0.5512788821905606,0.16455404902718368,0.17588669721001154,-0.017056204262805203
339.12399999999997,2.368699235252045,0.549402539386311,0.1634714843217144,0.1512009597255938,-0.014244272440391753
339.17499999999995,2.362220014167184,0.5483360530151545,0.16278752469498156,0.12875307567930575,-0.013410973073196249
339.24399999999997,2.351026918106603,0.5465042182828272,0.16165742784569265,0.164376846035827,-0.016378215207081718
339.29699999999997,2.3436619246740347,0.5453060039130312,0.16088020115794502,0.14078916814685796,-0.014664654485805066
339.35699999999997,2.3343807107108847,0.5438044046646473,0.1599008956332759,0.15669834159629958,-0.016321758744484837
339.45099999999996,2.3208245606889695,0.5416279227695462,0.15847079886742046,0.14606126388798574,-0.015213795381441663
339.505,2.3128662252470216,0.5403592834402551,0.1577045478486275,0.14923737174589496,-0.014189833681343156
339.53499999999997,2.3081497249816154,0.5396102255016988,0.15727944010102035,0.15918704075161952,-0.01417025825358458
339.58,2.3018114366756666,0.5386071543388866,0.15661125366886838,0.14260374245251692,-0.014848587381149596
339.623,2.2953250518111497,0.5375851418824987,0.15592729456402488,0.1527071345446928,-0.015906025694032686
339.673,2.2879533134394086,0.5364291495534869,0.1551500683699285,0.1492365168262903,-0.015544523881923865
339.69599999999997,2.284562012563241,0.5358993171355212,0.1547925443425098,0.14923651965071938,-0.015544522931269825
339.77799999999996,2.273059672848971,0.5341115230647662,0.15358007165663448,0.14195668130360495,-0.014786252266773355
339.82599999999996,2.2652427474285157,0.5329046982157792,0.1527562121007615,0.16478198618465278,-0.017163740747352867
339.875,2.258457442134727,0.531862486016292,0.1520411642425935,0.14009958705672626,-0.014592813431989678
339.95099999999996,2.2468026848871085,0.5300839221119777,0.15081314739571672,0.15512742509436542,-0.016158116406280988
340.036,2.2345557051542104,0.528224696941984,0.15058959025627539,0.14573295519491866,-0.002630083993426318
340.087,2.2273254056499994,0.5271278356150505,0.15052170122963404,0.14339264845375313,-0.0013311573851247018
340.15,2.2183243165280038,0.5257630410811679,0.15043718632838457,0.14450746009163387,-0.0013415063690394853
340.22499999999997,2.2065194347078085,0.5239742996626171,0.15032634713862383,0.15919510358257924,-0.0014778558634767087
340.269,2.2000266652184104,0.5229910496069207,0.15026538559529748,0.1492454096820456,-0.0013854896210522632
340.32599999999996,2.191615458259578,0.5217178198541145,0.15024714839602474,0.1492460961015493,-0.0003199508644342882
340.36199999999997,2.1863030711215066,0.5209131256929862,0.15043416107486193,0.14924964016980471,0.005194796634366333
340.43199999999996,2.1759738791127985,0.5193452805612427,0.15084860982513926,0.14925006129962282,0.00592069643253378
340.462,2.1713997309619097,0.5186495720263455,0.15103356723042857,0.15422509405182758,0.006165246842971108
340.51399999999995,2.1641698908057343,0.5175481868629522,0.1513203977128571,0.140639439379739,0.00551597081593707
340.578,2.1545797744160815,0.5160839756205444,0.15170210853523458,0.15158202751893893,0.005964231599646119
340.657,2.1435149499005983,0.514389921724185,0.15214958626934494,0.14169310644624225,0.005664275115320426
340.724,2.132893432554337,0.5127589643021346,0.15257916494960322,0.16038815473817872,0.0064116220934064706
340.786,2.123600180341401,0.5113281337724929,0.15295504633695237,0.15165734823651222,0.006062603021759286
340.858,2.113127478060641,0.5097114238825428,0.15337865874131013,0.14717717073379108,0.005883505616079769
340.88899999999995,2.1084076109787837,0.5089813156360231,0.15356958265818257,0.1540646083985155,0.006158836028153622
340.967,2.097051002754558,0.5072207996735426,0.15402899337505255,0.1473366258950702,0.005889880985510111
341.043,2.0856950112109947,0.5054526209194783,0.15530173937809075,0.15122136644542214,0.016746657934708344
341.087,2.079354041411778,0.5044550619133668,0.1571589111137025,0.14588540937331324,0.04220844853664741
341.131,2.0727200541560813,0.5033949740292072,0.16010653644704628,0.15268528445908816,0.06699148484874855
341.183,2.065205759169275,0.5021680134583352,0.1636756081101461,0.14641937088817766,0.06863599352112247
341.26099999999997,2.0540161726097463,0.5002903223360957,0.16894290907065088,0.14546202170107883,0.06752949949367319
341.28499999999997,2.05004333641234,0.4996089642867662,0.1708324179699858,0.1679516932182453,0.07872953747228552
341.347,2.0409254498796594,0.498015962932718,0.17517129062154288,0.14929029830415097,0.06998181696058471
341.4,2.03313666865179,0.4966228506720724,0.17888032729430653,0.14929032880109952,0.06998182401441207
341.466,2.0234447424594455,0.49484766069596114,0.18349912819800318,0.1492902805666976,0.0699818318741589
341.561,2.009508872089794,0.492213916155423,0.19014740324061088,0.149290136847932,0.06998184255378709
341.616,2.001448857365298,0.49064689165509595,0.19393977050913516,0.1492896714374995,0.06895213215497831
341.679,1.9922239211824526,0.4888180924632308,0.19703658274650834,0.14927721557690551,0.04915574979958354
341.729,1.9851988583167386,0.4874132949679695,0.1975476200935253,0.1432828870031636,0.01022074694033693
341.78999999999996,1.9761256574153527,0.48559549280854536,0.19791754028494693,0.15169682498313547,0.006064265433143507
341.866,1.9651507777677863,0.4833974972850195,0.1969516438121332,0.1472739168316509,-0.012709164115966435
341.94399999999996,1.9534408218813193,0.48107824917810543,0.1936554444967625,0.15304383669647126,-0.042258965581689456
342.005,1.9445063433062268,0.47934234164036615,0.18989076980387307,0.14920580073305365,-0.06171597857192208
342.07099999999997,1.9351252207224192,0.4775598162704523,0.18551053246546645,0.14468138709278952,-0.06636723240012633
342.16299999999995,1.9213325762674367,0.4750176530189447,0.17892548485083834,0.15244526856455715,-0.0715766045068393
342.239,1.9104630774067837,0.47308230894251585,0.17314147310147474,0.14526909442474478,-0.07610541775476241
342.29499999999996,1.9023769728215032,0.47168711993040735,0.1684794956100968,0.1465283194049572,-0.08324959806034506
342.35699999999997,1.8928123909698324,0.4700866877687774,0.16302080711310438,0.156412207459538,-0.08804336285469992
342.418,1.884123245609006,0.46867921062382906,0.15806599807661104,0.14430163306340552,-0.08122637764738458
342.486,1.8741001326347486,0.4671104622617773,0.152355371311395,0.1491931624532361,-0.08397980537084412
342.529,1.8674623340283314,0.46610380329768114,0.14857628041625923,0.1561324973809705,-0.08788583477058662
342.58799999999997,1.8590490832993893,0.4648649490368029,0.14374643264385384,0.14413512654768432,-0.08186182665098168
342.661,1.848265646580116,0.46333736403492043,0.13761590854183994,0.14919312817467695,-0.08397978221932709
342.73199999999997,1.8377688917952186,0.46191507096423784,0.13161512184848712,0.14919261556469354,-0.08451812244162539
342.806,1.8266716717440998,0.4604811323107801,0.12531191834865696,0.15120919538129365,-0.08517842567336636
342.86699999999996,1.8176394123176425,0.4593664237359882,0.1201891531960395,0.14919319486358612,-0.08397975660031569
342.935,1.8074158668362104,0.45816131344860506,0.11439455048888474,0.1513871650736475,-0.08521474569340165
342.983,1.8004480816182404,0.4573743702003849,0.1104475025607821,0.1460850662447068,-0.0822301651688017
343.043,1.7916969804440188,0.45642544684830677,0.10549269803905675,0.1467066491805031,-0.08258007536208604
343.07399999999996,1.7868002794952813,0.4559136052704637,0.1027213668494131,0.15881868136568184,-0.08939778031123236
343.138,1.777448177200148,0.45497414506473227,0.09743064396395358,0.1468620363433944,-0.08266754508527743
343.22499999999997,1.7645254746448575,0.45375851307433607,0.09008160674224251,0.14919256965087552,-0.08447169220358611
343.296,1.7541216269773203,0.45284943334715255,0.08417440824306205,0.14709140093845258,-0.08319997886166576
343.376,1.7419267672787966,0.4518493031907543,0.08038886154842942,0.15294753154496896,-0.04731933368291729
343.43699999999995,1.7330009548714105,0.4511325141054994,0.08002254980758323,0.14679585406039655,-0.006005110505677254
343.493,1.7248186763805073,0.4504765956291054,0.07999073950614256,0.1465808336736775,-0.0005680410971544371
343.567,1.7138096756402688,0.44959179444284936,0.08042059476530164,0.14924999399709354,0.005808854853500063
343.659,1.700569631389364,0.44852122330384475,0.08095159319723987,0.144383219178497,0.005771722086286036
343.688,1.6955117873120802,0.44811038380847984,0.08115444654635866,0.1749828454342903,0.00699494307306268
343.73999999999995,1.6880739329600318,0.44750434233100983,0.08145276030347895,0.14350968932452116,0.005736803021548031
343.78499999999997,1.6813800188832166,0.4469570079243987,0.08172124268825474,0.14925007702363832,0.005966275217237777
343.84799999999996,1.672306281555485,0.44621220233601677,0.0820851855059766,0.14451197135793378,0.005776870122570204
343.87,1.6685876151659842,0.4459060011796433,0.08223434240618174,0.16960234765953194,0.006779859100218965
343.94599999999997,1.6575806308878016,0.4449963898628371,0.08267584685956422,0.145322437160855,0.005809269123456357
344.003,1.6489538164806865,0.4442800513515164,0.08302189091626526,0.15186849748596573,0.006070948363174334
344.024,1.6456816414570892,0.4440075558103697,0.08315314901220937,0.15635722229459592,0.00625038552114358
344.077,1.6376500910025156,0.4433368822815658,0.08347532798762859,0.15206611433195547,0.0060788485928158584
344.161,1.625454447159896,0.44231350402834213,0.08396456276273649,0.1456965013001264,0.00582422351318906
344.23999999999995,1.6137054602852703,0.4413219234947457,0.08443589874455983,0.1492500745984753,0.005966278250931991
344.33599999999996,1.5994288414661557,0.4401095114866081,0.0850086615092103,0.14925007407687543,0.005966278798442195
344.40799999999996,1.589167951792562,0.4392330395978576,0.08542033478235005,0.14303132202066096,0.005717684349162953
344.49199999999996,1.576379523369873,0.43813471207000404,0.08593343484583835,0.1528036477749723,0.006108334089146202
344.577,1.5634429674343402,0.43701693676138176,0.08645250123723042,0.15276184106289734,0.006106663428139388
344.61899999999997,1.5579413899316368,0.4365395258676266,0.08667325362522443,0.1314822099391411,0.005256009237956132
344.705,1.5448569813898585,0.43539918305337216,0.08719828636683431,0.15272100664620136,0.006105031879183739
344.77599999999995,1.5341520027231808,0.4344610656210767,0.08762785864702038,0.1513521890692848,0.006050313805440228
344.816,1.5274615960748066,0.43387240697020374,0.08789634133914073,0.16790633573478314,0.006712067303005256
344.89799999999997,1.5158652664567398,0.43284781030619573,0.08836171136978846,0.14196958378757232,0.0056752442761922334
344.91999999999996,1.5122972610990264,0.43253146417307864,0.08850490215631915,0.16281826499045984,0.006508672115033883
344.959,1.5066480120265562,0.4320295377623591,0.08873162090942505,0.1454231514172352,0.005813301361683113
344.98499999999996,1.502634141119451,0.43167212757586215,0.08889271055543235,0.15499046401461497,0.006195755615676682
345.039,1.494903885533938,0.4309819601833313,0.08920295729448295,0.1437222955315323,0.005745309982415251
345.10699999999997,1.4846467622720754,0.43006245861646325,0.08961463087954087,0.15144492982320024,0.0060540233096767525
345.13899999999995,1.4797413155923111,0.42962120439301266,0.08981151825727073,0.15391414135146492,0.00615273055406135
345.209,1.4693361107808993,0.4286820132913496,0.09022915817308524,0.14925007578209878,0.00596628451163172
345.239,1.4648768575363482,0.4282781724892266,0.09040814671834867,0.14925007683800473,0.005966284842119516
345.327,1.4520940663965347,0.42711607209892827,0.09092124724764494,0.145858028200862,0.00583068783291075
345.40799999999996,1.4400550075463165,0.4260155379279051,0.09140451639551654,0.1492500755176642,0.005966285776195486
345.476,1.4296513120599836,0.4250597724222814,0.09182215643507563,0.15363978416165253,0.006141765287630006
345.51399999999995,1.424003759077473,0.4245391086823807,0.09204887532738841,0.1492500769553707,0.005966286639817212
345.59799999999996,1.411817337295845,0.4234112087272843,0.0925381108646702,0.1456965024495281,0.0058242325866877925
345.65999999999997,1.4026035806595605,0.42255444820851257,0.0929080206910786,0.14925007642195226,0.005966287522715018
345.74199999999996,1.3902695328141443,0.4214021592495276,0.0934032225959597,0.1510701987558014,0.0060390476205017035
345.82099999999997,1.378530428299364,0.420299729047472,0.09387455939209659,0.14925007600722034,0.005966288558694117
345.873,1.3706551183435467,0.4195570227002479,0.09419077270951771,0.15212027077919252,0.006081025335019224
345.94899999999996,1.3601055436133864,0.41855817405202606,0.09461437925887545,0.13943099247899046,0.005573770386288527
346.007,1.3505964311578642,0.4176539738427357,0.09499622181156277,0.16468973974584528,0.006583492287706785
346.065,1.3421276690996935,0.41684561355512517,0.0953363003587363,0.1466767997225455,0.005863423227130671
346.09799999999996,1.337967676264044,0.41644746941958743,0.09550335649533874,0.1266364294247475,0.005062307169777151
346.13899999999995,1.3309849808616152,0.4157775936819111,0.09578377216538692,0.17109155212061358,0.006839406586541404
346.19899999999996,1.3222197359716967,0.4149339142162977,0.09613578334705049,0.14676257566875162,0.005866853027725984
346.24399999999997,1.3152374656111538,0.4142596225364952,0.09641619905143721,0.15588341426536712,0.0062314600974805005
346.30199999999996,1.3070669641842485,0.4134680717175794,0.09674434510775624,0.1415302456152102,0.005657690626190954
346.342,1.3012734935060437,0.4129051656481813,0.09697703050584024,0.14551882554791068,0.005817134952096841
346.38599999999997,1.2944403376950109,0.41223949233016266,0.09725147996346195,0.15603417210260453,0.0062374876732232305
346.46799999999996,1.2827055625092878,0.41109189498030285,0.09772281710957816,0.14378970798179036,0.005748013977027333
346.53799999999995,1.2726051774820102,0.41009966025391986,0.09812852506788881,0.14498578920617564,0.00579582797586711
346.579,1.2657727927167204,0.40942611910078863,0.0984029745874006,0.16745130657847276,0.006693890719791013
346.657,1.2547819536850129,0.40833866166428734,0.0988444803674354,0.14159622700424862,0.005660330513268457
346.715,1.2460193320925963,0.40746815814377585,0.09919649176017353,0.1518233546591391,0.006069161943761674
346.796,1.23339575620591,0.4062086199528238,0.09970362686081415,0.1566204509274942,0.006260927168401289
346.882,1.221218325128516,0.40498746913945693,0.10019286312420457,0.14230821302750313,0.005688793760352932
346.931,1.2137933560111702,0.404239941224016,0.10049117794228898,0.15229599785039047,0.0060880575119295205
346.991,1.2045867045369942,0.4033099303893897,0.10086108834133534,0.1542250803924996,0.0061651733174389765
347.06,1.1952319117232586,0.4023614309091857,0.10123696506523656,0.13627181025463178,0.00544748875219038
347.09999999999997,1.1888470994172895,0.4017120233173394,0.10149351586126994,0.1604438344150317,0.006413769900840143
347.162,1.179344431999299,0.4007424300201479,0.10187535893173129,0.15406459651993015,0.006158759200988371
347.19899999999996,1.174741710729007,0.4002714788028887,0.10206031417915744,0.12504736324328863,0.004998790470980025
347.236,1.1682089657508306,0.3996015703143716,0.10232283131701535,0.17748657977188276,0.00709505777993687
347.296,1.1593009610083254,0.3986852948635915,0.10268080925462231,0.14925007834931056,0.005966298960115769
347.346,1.1518778746697163,0.3979192960948612,0.10297912422242617,0.14925007859845996,0.0059662993560758186
347.39,1.1453457479648044,0.3972433855310336,0.10324164140927264,0.1492500785250955,0.005966299701058539
347.433,1.1391107018363142,0.39659659845710865,0.10349222600979244,0.1457791467365873,0.0058275488492967814
347.464,1.1343602993953348,0.3961027597244973,0.10368314761892605,0.15406459733167097,0.006158761584954155
347.52,1.1261957657867991,0.3952518551926467,0.10401129415184461,0.1465848986596986,0.00585975951640458
347.567,1.1190705831421268,0.39450705821289295,0.10429767659861464,0.152425612490526,0.006093243548295113
347.61199999999997,1.1129846587474703,0.39386926165882874,0.10454229495236624,0.13598340527281183,0.005435963416707154
347.674,1.103336562278376,0.39285506979549417,0.10493010456241951,0.15647185653249152,0.0062549937105354945
347.74399999999997,1.0927983226148055,0.3917429847361017,0.10535371201809501,0.15138222227749415,0.006051535081079215
347.77799999999996,1.0879004281284481,0.39122458052838227,0.10555060000346835,0.14486037103095945,0.0057908230992170205
347.83,1.0801827411862808,0.3904057441334536,0.10586084775374445,0.1492500790179879,0.005966302889922691
347.892,1.0709812162454604,0.38942630984914645,0.10623075855939347,0.14925007887491498,0.005966303316918552
347.962,1.0608896612276864,0.3883482421491747,0.10658977358524027,0.14498537057973615,0.00512878608352623
348.008,1.053618114269244,0.3875702748755741,0.10655247727331707,0.1589792407291541,-0.000810789389634956
348.053,1.0475337670475733,0.3869199157692889,0.10640879327512602,0.13597793590256804,-0.003192977737577743
348.13,1.035958423283832,0.3856852576530606,0.10608217995033759,0.15118186443166517,-0.004241731490759005
348.214,1.0231953721382518,0.3843295683951987,0.1055557764135511,0.15279583026600677,-0.006266708771267441
348.29499999999996,1.0114706152534991,0.3830921068043972,0.10465700308035839,0.1455540556344257,-0.011095967076458692
348.38899999999995,0.9972212504216025,0.38160438857116225,0.10335781457971188,0.152412953603731,-0.013821154262197712
348.44899999999996,0.988611621174157,0.380717300439708,0.10174897696509332,0.14425348169438643,-0.026813960243641754
348.52799999999996,0.9765854360236323,0.3795062280634363,0.09880571068785685,0.15300013435039378,-0.03725653515488838
348.599,0.9661896368492635,0.3784927589428517,0.09544821415998322,0.14711384591671076,-0.0472886834911602
348.681,0.9537101983019622,0.3773233678900713,0.09136731256000369,0.15285497489684874,-0.04976709268268113
348.74399999999997,0.9446448110831136,0.3765060921957462,0.08840380091626819,0.14447861534434464,-0.047039867360889734
348.829,0.9318600730154217,0.3753995125929148,0.08422573566549216,0.15097104187449803,-0.04915370883263818
348.885,0.9233839675744703,0.3746955203098805,0.0814565530716286,0.15188018969543174,-0.04944968917614969
348.931,0.9165422009762849,0.374144502458455,0.07922177425069506,0.14921564123177247,-0.048582148281172285
348.952,0.9138646555225723,0.37393304909811464,0.07834729560914037,0.1278991434099609,-0.041641840074002734
349.0,0.9062772849260418,0.37334664770128045,0.07586960620746312,0.15854161077432982,-0.05161852920160746
349.051,0.8989861110748925,0.3728009519572405,0.07348908120913622,0.14336404270252864,-0.04667696075151912
349.111,0.8897587172917466,0.37213535750616755,0.07047698850896446,0.1541894685862993,-0.0502015450028608
349.166,0.8815714803605547,0.3715681771784293,0.06780497093133338,0.1492156264296294,-0.048582137775104534
349.20799999999997,0.875467297207017,0.3711596035444072,0.06581310336574234,0.1456628924042845,-0.0474254182283884
349.275,0.8656393774745065,0.37052744200607557,0.06260668255336546,0.14698850772509775,-0.047857027050395934
349.334,0.8564052869866718,0.36996230182926093,0.05959459043580635,0.15680284808554062,-0.05105240877216586
349.407,0.8459777097484169,0.3693576726652197,0.05619384145084718,0.14308344982354418,-0.046585602533700636
349.44599999999997,0.8400181903382634,0.36902809302429584,0.054250556399538546,0.15304168803718862,-0.04982782182844278
349.501,0.8316738111310232,0.3685861391198972,0.05152995742621844,0.15192863440773022,-0.04946543587854131
349.55699999999996,0.8233282604326443,0.3681668886894561,0.04880935856424606,0.1492156228384581,-0.04858212253523567
349.599,0.8170683657765477,0.36786735189456155,0.046768909488540455,0.14921564277283342,-0.048582120850098644
349.637,0.8117022647151001,0.3676207728472544,0.0450199531848832,0.14136219425342791,-0.04602516588570401
349.666,0.807081115866375,0.36741596158555334,0.0435139075130575,0.15950638906015255,-0.05193260937330663
349.726,0.798434289260776,0.36705145928924693,0.04069614472509341,0.14424176490194618,-0.04696271313273297
349.805,0.7863569025252135,0.3665831894603115,0.03676099341758984,0.1529931811365573,-0.049812041867128926
349.871,0.7768130296717861,0.36624681193998776,0.03365173819894504,0.14469392260684966,-0.04710992755524277
349.91299999999995,0.770251031578929,0.36603276668304535,0.03151412530224638,0.15632114587543372,-0.050895545159524505
349.966,0.7623462217251203,0.3657935644869366,0.02893927347251656,0.14921562632063032,-0.04858210999485264
350.04699999999997,0.7504133332748545,0.3654710549330211,0.02505270480829832,0.14737340591528242,-0.04798232918790293
350.097,0.7435513840847292,0.3653066133942977,0.022817927896418403,0.13727838534524991,-0.04469553823758816
350.142,0.7363907162726794,0.3651513723042721,0.020485986822655615,0.1591633423124197,-0.05182091275026585
350.20799999999997,0.726544246671011,0.3649651819498545,0.01727956792826469,0.14921560323886626,-0.04858210446048764
350.245,0.720725614956712,0.36487000090375016,0.015384865896735201,0.1572813553222687,-0.05120816301426268
350.298,0.7128179753345747,0.36475832391224244,0.012810014867285105,0.14921562587766724,-0.04858209489528734
350.378,0.7011798566941256,0.3646310024080194,0.00902061305739467,0.14548518838627705,-0.04736752262363984
350.43899999999996,0.6917795387529163,0.3645603617354282,0.00595994294309636,0.15410792392762432,-0.050174919906547266
350.50199999999995,0.6825282636519134,0.36451893248689027,0.0029478546150313936,0.1468471089712974,-0.047810925842310024
350.56199999999995,0.6734261213957671,0.3645053667080684,-1.5651833859306944e-05,0.15170253942197573,-0.04939177414817647
350.61499999999995,0.6658161300756504,0.36451472855862227,-0.002493339204049843,0.1435848505398728,-0.046748818305484205
350.669,0.6577585439477269,0.3645451925349263,-0.00511677111421598,0.14921562438035638,-0.04858207241045662
350.74699999999996,0.6461200129774055,0.36462651437332144,-0.00890617222413788,0.14921557790585946,-0.048582065511835096
350.792,0.6394056433451092,0.36469349228006787,-0.011092365374449326,0.14921563748037012,-0.048582070006903816
350.861,0.628812203114748,0.36482901877671803,-0.014541693422370591,0.1535406828934843,-0.04999026156406413
350.933,0.6182192933775332,0.3650010845497862,-0.017991022729468804,0.1471431544301212,-0.047907351487473354
350.99199999999996,0.6094172286403287,0.36517186488724535,-0.020857366896910298,0.14921561605668152,-0.04858210453293215
351.037,0.6028533151760778,0.36531564959392215,-0.02299497954530317,0.14589973558394675,-0.047502503297602555
351.089,0.59494721376354,0.36550747378081994,-0.025569831202877997,0.1520851570471894,-0.04951637803026522
351.12399999999997,0.5897264852971682,0.36564531026969205,-0.027270204975348034,0.1492156489503448,-0.0485821077849024
351.197,0.5786891886036987,0.3659659604672289,-0.030865281051577053,0.15125963559222336,-0.049247617482565065
351.269,0.5681004987290346,0.3663109086503692,-0.034314610934533224,0.1471431538925067,-0.04790735948550056
351.32099999999997,0.5607935344365564,0.36657027172519535,-0.036695134455534316,0.14060703715151113,-0.04577929848082186
351.405,0.5479706345141038,0.3670675325006897,-0.04087319631328778,0.1527683091428144,-0.04973883163992029
351.471,0.5382798003018618,0.3674766971481952,-0.043313656643090975,0.14696163945253957,-0.03697667166366748
351.561,0.524860769138762,0.3680646661345827,-0.04372983847758487,0.1492434025198965,-0.004624242605488976
351.618,0.5165106955531257,0.3684286755639206,-0.0433957288916395,0.1466316500528246,0.005861571683250382
351.702,0.5036871326933094,0.36898225795002815,-0.042882632055447296,0.1528036445274622,0.00610829566895457
351.762,0.4944418087736372,0.3693768921433814,-0.042190666279534814,0.15422904190973477,0.011532762931874276
351.837,0.48325573948079226,0.3698350059187071,-0.0392656042813428,0.1492726153082992,0.03900082664256611
351.871,0.4781836098769638,0.3700293379355592,-0.03706997004086462,0.14928973609554322,0.06457747766113851
351.954,0.4656515015485139,0.37045259124328284,-0.029454286803813234,0.15107534538219214,0.09175521972348098
352.01099999999997,0.4579438548696571,0.370653033964141,-0.022060291574479925,0.13526758885331544,0.1297192145497993
352.075,0.4501458189223573,0.37078394425503736,-0.010704527273789795,0.12186147975847963,0.17743381719822401
352.12899999999996,0.4439762727814074,0.37081840627589147,-0.00013069586996642882,0.11425263684546345,0.1958116926634913
352.185,0.43761255610484223,0.3707840132184527,0.011151045312570593,0.11363945741908912,0.2014596639737314
352.23999999999995,0.4317040713959118,0.37068782185985133,0.021641821159102178,0.10744123026747048,0.1907413790280205
352.28999999999996,0.4256833637287851,0.3705258860415339,0.0323144191792537,0.1204577004964579,0.2134519604029819
352.335,0.42057301829903426,0.3703380661714493,0.04138856018011586,0.1136399049954966,0.20164757779686554
352.406,0.41240067499901334,0.36994128869495496,0.0558390953719168,0.11523900917703182,0.2035286646731771
352.472,0.40525515078510915,0.3694970770615701,0.06856386841266725,0.10847452154458388,0.19279959152659765
352.50399999999996,0.40083478315767035,0.3691763865207697,0.07648327620146576,0.13849953598992104,0.2474814934000908
352.54499999999996,0.39675683222455194,0.36884932489513,0.08376282254242026,0.09978159707454662,0.17754991075500157
352.587,0.392341833202313,0.36846161906420727,0.0916612332855214,0.10552356288026235,0.18805739864513096
352.64799999999997,0.38544287442433695,0.3677854850617957,0.10394918295618867,0.11363953985001951,0.20144179787986177
352.7,0.3799074299133525,0.36718071868855995,0.11389920993674182,0.10708428684815464,0.1913466727028683
352.75899999999996,0.37291247595023586,0.36633675877082,0.12643750242279125,0.11941835635611513,0.2125134319670509
352.786,0.3695317651205417,0.3658969268658395,0.13249631993861094,0.12626673825188045,0.22440064873369964
352.85499999999996,0.36199145792965776,0.3648409545027268,0.14603149723508904,0.11034622163631179,0.1961619898041442
352.92199999999997,0.3542418177390596,0.3636464400997463,0.16004276389867786,0.11703223651900334,0.20912338303861636
352.96799999999996,0.3491970610714711,0.3628091258390561,0.16909795433775837,0.11116895851626525,0.19685196606700076
353.006,0.34516677875030255,0.3621064361102154,0.17639218044279895,0.10766004141529519,0.19195331855364423
353.054,0.3399129860481039,0.3611446443545143,0.18593608896512642,0.11127297893731217,0.19883142754848157
353.138,0.329985120693382,0.3591912463765769,0.20257369457976046,0.12045494010878649,0.19806673350754056
353.18699999999995,0.3242814641385453,0.3579950196058954,0.21153345386648087,0.11893364986654349,0.1828522303413143
353.248,0.31726524853696564,0.35645474227154783,0.2207167728245527,0.11775894421381677,0.1505462124273197
353.28999999999996,0.31293796536736523,0.3554760983105524,0.22620000253545544,0.10563253926540876,0.13055308835491033
