time_s,x_m,y_m,yaw_rad,target_x_m,target_y_m,target_error_m,linear_velocity_m_s,angular_velocity_rad_s
0.001975,0.000000,0.000000,0.000000,0.169285,0.112135,0.203056,0.075000,1.000000
0.033476,0.000000,0.000000,0.000000,0.169285,0.112135,0.203056,0.075000,1.000000
0.067050,0.000068,0.000000,-0.000242,0.169285,0.112135,0.202999,0.075000,1.000000
0.100562,0.001013,0.000003,0.014441,0.169285,0.112135,0.202210,0.075000,1.000000
0.133437,0.003314,0.000051,0.039151,0.169285,0.112135,0.200273,0.075000,1.000000
0.166976,0.004601,0.000101,0.054660,0.175526,0.116213,0.206634,0.075000,1.000000
0.199987,0.007687,0.000297,0.091729,0.175526,0.116213,0.203977,0.075000,1.000000
0.233320,0.010791,0.000616,0.134517,0.175526,0.116213,0.201247,0.075000,1.000000
0.266650,0.012400,0.000833,0.155801,0.181765,0.120283,0.207250,0.075000,1.000000
0.299991,0.015518,0.001358,0.198654,0.181765,0.120283,0.204404,0.075000,1.000000
0.333313,0.018401,0.001968,0.241316,0.181765,0.120283,0.201708,0.075000,0.932090
0.366647,0.019837,0.002321,0.262488,0.181765,0.120283,0.200339,0.075000,0.895759
0.400260,0.022834,0.003154,0.302858,0.188000,0.124345,0.204858,0.075000,0.791272
0.433425,0.025958,0.004162,0.341940,0.188000,0.124345,0.201746,0.075000,0.723438
0.466641,0.027513,0.004716,0.361414,0.188000,0.124345,0.200168,0.075000,0.688258
0.500252,0.030514,0.005882,0.397754,0.194232,0.128398,0.204484,0.075000,0.592332
0.533387,0.033418,0.007130,0.430995,0.194232,0.128398,0.201412,0.075000,0.529908
0.566866,0.034843,0.007785,0.445357,0.200460,0.132441,0.207288,0.075000,0.478864
0.600220,0.037625,0.009137,0.471617,0.200460,0.132441,0.204253,0.075000,0.429810
0.633309,0.040163,0.010448,0.493305,0.200460,0.132441,0.201439,0.075000,0.388651
0.666648,0.041362,0.011093,0.503524,0.200460,0.132441,0.200095,0.075000,0.368655
0.700151,0.043680,0.012385,0.522528,0.206685,0.136476,0.204864,0.075000,0.311907
0.733306,0.043680,0.012385,0.522528,0.206685,0.136476,0.204864,0.075000,0.311907
0.766663,0.047417,0.014584,0.549387,0.206685,0.136476,0.200559,0.075000,0.258427
0.800246,0.047417,0.014584,0.549387,0.206685,0.136476,0.200559,0.075000,0.258427
0.833635,0.049626,0.015947,0.562313,0.212907,0.140501,0.205364,0.075000,0.217230
0.866873,0.049626,0.015947,0.562313,0.212907,0.140501,0.205364,0.075000,0.217230
0.900118,0.049626,0.015947,0.562313,0.212907,0.140501,0.205364,0.075000,0.217230
0.933585,0.049626,0.015947,0.562313,0.212907,0.140501,0.205364,0.075000,0.217230
0.966879,0.049626,0.015947,0.562313,0.212907,0.140501,0.205364,0.075000,0.217230
1.000029,0.049626,0.015947,0.562313,0.212907,0.140501,0.205364,0.075000,0.217230
1.033400,0.049626,0.015947,0.562313,0.212907,0.140501,0.205364,0.075000,0.217230
1.066937,0.049626,0.015947,0.562313,0.212907,0.140501,0.205364,0.075000,0.217230
1.109066,0.051341,0.017028,0.571782,0.212907,0.140501,0.203345,0.075000,0.198367
1.133347,0.069051,0.029289,0.638900,0.231548,0.152515,0.203937,0.075000,0.024299
1.166632,0.071793,0.031335,0.647969,0.231548,0.152515,0.200516,0.075000,0.002423
1.200209,0.073880,0.032921,0.654813,0.237754,0.156499,0.205247,0.075000,-0.021172
1.233281,0.075369,0.034064,0.658302,0.237754,0.156499,0.203370,0.075000,-0.030142
1.266820,0.077426,0.035658,0.662148,0.237754,0.156499,0.200768,0.075000,-0.040535
1.300296,0.079754,0.037474,0.662949,0.243956,0.160472,0.205160,0.075000,-0.048855
1.333479,0.081227,0.038624,0.662193,0.243956,0.160472,0.203292,0.075000,-0.047899
1.366634,0.083725,0.040571,0.661117,0.243956,0.160472,0.200126,0.075000,-0.046724
1.400248,0.085816,0.042197,0.660445,0.250153,0.164433,0.204813,0.075000,-0.051051
1.433296,0.087275,0.043330,0.659885,0.250153,0.164433,0.202966,0.075000,-0.050605
1.466624,0.089689,0.045202,0.658543,0.256346,0.168383,0.207239,0.075000,-0.053160
1.500191,0.091805,0.046839,0.657224,0.256346,0.168383,0.204565,0.075000,-0.051327
1.533289,0.094126,0.048628,0.655497,0.256346,0.168383,0.201635,0.075000,-0.048534
1.566894,0.095803,0.049917,0.654193,0.262535,0.172321,0.206839,0.075000,-0.050571
1.600250,0.097717,0.051385,0.653228,0.262535,0.172321,0.204427,0.075000,-0.049403
1.633288,0.100121,0.053223,0.651492,0.262535,0.172321,0.201401,0.075000,-0.046579
1.666617,0.101786,0.054493,0.650689,0.268718,0.176248,0.206617,0.075000,-0.049666
1.699967,0.103648,0.055910,0.649780,0.268718,0.176248,0.204278,0.075000,-0.048580
1.733358,0.105079,0.056997,0.648696,0.268718,0.176248,0.202481,0.075000,-0.046771
1.766676,0.106005,0.057699,0.648104,0.268718,0.176248,0.201320,0.075000,-0.045841
1.800158,0.108364,0.059484,0.646237,0.274898,0.180161,0.205661,0.075000,-0.046586
1.833373,0.109990,0.060711,0.644936,0.274898,0.180161,0.203624,0.075000,-0.044331
1.866669,0.109990,0.060711,0.644936,0.274898,0.180161,0.203624,0.075000,-0.044331
1.900018,0.109990,0.060711,0.644936,0.274898,0.180161,0.203624,0.075000,-0.044331
1.933622,0.109990,0.060711,0.644936,0.274898,0.180161,0.203624,0.075000,-0.044331
1.967174,0.109990,0.060711,0.644936,0.274898,0.180161,0.203624,0.075000,-0.044331
2.021101,0.110665,0.061218,0.644432,0.274898,0.180161,0.202780,0.075000,-0.043457
2.033366,0.122790,0.070270,0.636621,0.287241,0.187950,0.202220,0.075000,-0.038335
2.067064,0.125128,0.071996,0.634134,0.293406,0.191825,0.206583,0.075000,-0.037122
2.100345,0.127484,0.073727,0.632724,0.293406,0.191825,0.203660,0.075000,-0.034720
2.133476,0.129844,0.075457,0.631106,0.293406,0.191825,0.200733,0.075000,-0.031698
2.167177,0.131054,0.076341,0.630309,0.299565,0.195687,0.206493,0.075000,-0.034081
2.200480,0.133499,0.078123,0.628835,0.299565,0.195687,0.203468,0.075000,-0.031464
2.233492,0.135966,0.079916,0.626895,0.299565,0.195687,0.200419,0.075000,-0.027570
2.266771,0.137168,0.080787,0.626330,0.305719,0.199535,0.206180,0.075000,-0.030493
2.300484,0.139628,0.082565,0.624761,0.305719,0.199535,0.203146,0.075000,-0.027537
2.333531,0.142095,0.084343,0.623590,0.305719,0.199535,0.200105,0.075000,-0.025445
2.366951,0.143336,0.085236,0.622806,0.311868,0.203368,0.205811,0.075000,-0.027796
2.400681,0.145777,0.086987,0.621097,0.311868,0.203368,0.202807,0.075000,-0.024399
2.433507,0.148141,0.088678,0.619847,0.318011,0.207188,0.207124,0.075000,-0.025826
2.467147,0.149322,0.089521,0.619524,0.318011,0.207188,0.205673,0.075000,-0.025405
2.500623,0.151788,0.091279,0.618820,0.318011,0.207188,0.202644,0.075000,-0.024427
2.533582,0.154291,0.093061,0.618013,0.324148,0.210993,0.206784,0.075000,-0.026891
2.567061,0.155528,0.093940,0.617501,0.324148,0.210993,0.205265,0.075000,-0.026043
2.600282,0.157948,0.095659,0.617394,0.324148,0.210993,0.202298,0.075000,-0.026548
2.633502,0.160375,0.097380,0.616006,0.330280,0.214783,0.206522,0.075000,-0.027486
2.666952,0.161591,0.098241,0.615332,0.330280,0.214783,0.205031,0.075000,-0.026243
2.700499,0.163969,0.099922,0.613978,0.330280,0.214783,0.202120,0.075000,-0.023651
2.733476,0.166467,0.101681,0.612707,0.336406,0.218558,0.206251,0.075000,-0.024835
2.766892,0.166467,0.101681,0.612707,0.336406,0.218558,0.206251,0.075000,-0.024835
2.800230,0.170269,0.104348,0.610274,0.336406,0.218558,0.201607,0.075000,-0.019904
2.833373,0.170269,0.104348,0.610274,0.336406,0.218558,0.201607,0.075000,-0.019904
2.866888,0.170269,0.104348,0.610274,0.336406,0.218558,0.201607,0.075000,-0.019904
2.900030,0.170269,0.104348,0.610274,0.336406,0.218558,0.201607,0.075000,-0.019904
2.938249,0.171996,0.105556,0.609623,0.342526,0.222318,0.206674,0.075000,-0.022356
2.966755,0.180564,0.111520,0.606023,0.348640,0.226062,0.203395,0.075000,-0.019252
3.000202,0.182458,0.112832,0.605257,0.348640,0.226062,0.201091,0.075000,-0.017786
3.033617,0.184886,0.114511,0.604016,0.354748,0.229790,0.205286,0.075000,-0.018890
3.067016,0.186127,0.115367,0.603287,0.354748,0.229790,0.203779,0.075000,-0.017382
3.100325,0.189216,0.117495,0.603082,0.354748,0.229790,0.200028,0.075000,-0.017521
3.133291,0.191257,0.118900,0.602336,0.360850,0.233502,0.204684,0.075000,-0.019723
3.166631,0.192537,0.119780,0.601786,0.360850,0.233502,0.203131,0.075000,-0.018672
3.200126,0.195061,0.121513,0.600607,0.360850,0.233502,0.200069,0.075000,-0.016290
3.233343,0.197535,0.123207,0.599863,0.366946,0.237198,0.204191,0.075000,-0.018561
3.266630,0.198748,0.124037,0.599299,0.366946,0.237198,0.202721,0.075000,-0.017440
3.300265,0.201137,0.125667,0.598326,0.373035,0.240877,0.206935,0.075000,-0.019012
3.333575,0.202634,0.126688,0.597766,0.373035,0.240877,0.205124,0.075000,-0.017985
3.366811,0.204924,0.128247,0.597038,0.373035,0.240877,0.202353,0.075000,-0.016676
3.400291,0.207441,0.129957,0.596470,0.379117,0.244539,0.206402,0.075000,-0.019233
3.433295,0.209957,0.131665,0.595935,0.379117,0.244539,0.203361,0.075000,-0.018493
3.466630,0.211243,0.132537,0.595578,0.379117,0.244539,0.201807,0.075000,-0.017894
3.500232,0.213762,0.134244,0.594906,0.385193,0.248184,0.205842,0.075000,-0.020180
3.533312,0.216158,0.135864,0.594276,0.385193,0.248184,0.202950,0.075000,-0.019200
3.566642,0.217409,0.136710,0.593682,0.385193,0.248184,0.201440,0.075000,-0.018015
3.600206,0.219893,0.138386,0.592655,0.391262,0.251812,0.205506,0.075000,-0.019396
3.633286,0.222306,0.140010,0.591691,0.391262,0.251812,0.202598,0.075000,-0.017572
3.666643,0.223519,0.140825,0.591422,0.391262,0.251812,0.201136,0.075000,-0.017160
3.700172,0.226337,0.142717,0.590691,0.397324,0.255422,0.204790,0.075000,-0.019333
3.733317,0.227614,0.143573,0.590101,0.397324,0.255422,0.203253,0.075000,-0.018174
3.766625,0.229879,0.145090,0.589484,0.397324,0.255422,0.200527,0.075000,-0.017129
3.800212,0.229879,0.145090,0.589484,0.397324,0.255422,0.200527,0.075000,-0.017129
3.833511,0.229879,0.145090,0.589484,0.397324,0.255422,0.200527,0.075000,-0.017129
3.866635,0.229879,0.145090,0.589484,0.397324,0.255422,0.200527,0.075000,-0.017129
3.900144,0.237663,0.150278,0.585506,0.409428,0.262587,0.205224,0.075000,-0.015653
3.933311,0.241429,0.152774,0.584368,0.409428,0.262587,0.200705,0.075000,-0.013518
3.966632,0.242693,0.153610,0.584017,0.415469,0.266143,0.206192,0.075000,-0.016275
4.000224,0.245138,0.155226,0.583421,0.415469,0.266143,0.203261,0.075000,-0.015281
4.033501,0.247547,0.156815,0.582565,0.415469,0.266143,0.200375,0.075000,-0.013580
4.066625,0.248799,0.157640,0.582241,0.421503,0.269679,0.205862,0.075000,-0.016398
4.100187,0.251371,0.159332,0.581283,0.421503,0.269679,0.202784,0.075000,-0.014531
4.133347,0.253925,0.161009,0.579979,0.427529,0.273197,0.206699,0.075000,-0.015140
4.167031,0.255205,0.161848,0.579494,0.427529,0.273197,0.205169,0.075000,-0.014183
4.200439,0.257714,0.163489,0.578521,0.427529,0.273197,0.202170,0.075000,-0.012196
4.233481,0.260185,0.165102,0.577508,0.433548,0.276696,0.206174,0.075000,-0.013518
4.266628,0.261418,0.165905,0.577184,0.433548,0.276696,0.204703,0.075000,-0.012923
4.300097,0.263891,0.167516,0.576698,0.433548,0.276696,0.201751,0.075000,-0.012095
4.333308,0.266366,0.169125,0.576237,0.439559,0.280175,0.205737,0.075000,-0.014773
4.366924,0.267624,0.169943,0.575914,0.439559,0.280175,0.204237,0.075000,-0.014199
4.400582,0.270149,0.171582,0.575320,0.439559,0.280175,0.201226,0.075000,-0.013148
4.433596,0.272764,0.173277,0.574589,0.445562,0.283634,0.205032,0.075000,-0.015209
4.467121,0.274074,0.174126,0.574184,0.445562,0.283634,0.203471,0.075000,-0.014446
4.500359,0.276623,0.175774,0.573630,0.445562,0.283634,0.200435,0.075000,-0.013501
4.533430,0.279179,0.177425,0.572905,0.451558,0.287074,0.204298,0.075000,-0.015583
4.567161,0.280413,0.178221,0.572959,0.451558,0.287074,0.202830,0.075000,-0.015943
4.600230,0.282885,0.179816,0.572499,0.457546,0.290494,0.206775,0.075000,-0.018584
4.633593,0.285258,0.181344,0.571990,0.457546,0.290494,0.203952,0.075000,-0.017850
4.667022,0.286471,0.182125,0.571587,0.457546,0.290494,0.202510,0.075000,-0.017110
4.700457,0.289018,0.183762,0.570695,0.463525,0.293893,0.206353,0.075000,-0.018724
4.733956,0.290579,0.184764,0.570070,0.463525,0.293893,0.204498,0.075000,-0.017536
4.767067,0.292817,0.186199,0.569932,0.463525,0.293893,0.201840,0.075000,-0.017660
4.800502,0.294060,0.186996,0.569586,0.463525,0.293893,0.200364,0.075000,-0.017059
4.833840,0.294060,0.186996,0.569586,0.463525,0.293893,0.200364,0.075000,-0.017059
4.883249,0.295282,0.187779,0.569371,0.469497,0.297271,0.205765,0.075000,-0.020083
4.900045,0.302159,0.192174,0.567836,0.475460,0.300629,0.204440,0.075000,-0.021155
4.933497,0.304152,0.193445,0.567176,0.475460,0.300629,0.202076,0.075000,-0.020017
4.966855,0.305424,0.194255,0.566771,0.475460,0.300629,0.200569,0.075000,-0.019309
5.000268,0.307923,0.195845,0.565836,0.481415,0.303965,0.204425,0.075000,-0.020871
5.033597,0.310466,0.197459,0.565189,0.481415,0.303965,0.201413,0.075000,-0.019889
5.066654,0.311779,0.198292,0.564703,0.487362,0.307280,0.206659,0.075000,-0.022225
5.100094,0.314288,0.199882,0.565018,0.487362,0.307280,0.203688,0.075000,-0.023655
5.133294,0.316868,0.201517,0.564426,0.487362,0.307280,0.200634,0.075000,-0.022895
5.166688,0.318145,0.202325,0.563965,0.493300,0.310574,0.205906,0.075000,-0.025263
5.200306,0.320565,0.203856,0.563732,0.493300,0.310574,0.203043,0.075000,-0.025406
5.233247,0.323031,0.205414,0.562688,0.493300,0.310574,0.200125,0.075000,-0.023534
5.266861,0.324250,0.206182,0.562366,0.499229,0.313846,0.205449,0.075000,-0.026232
5.300298,0.326816,0.207800,0.561760,0.499229,0.313846,0.202416,0.075000,-0.025524
5.333586,0.328416,0.208807,0.561200,0.499229,0.313846,0.200525,0.075000,-0.024612
5.366735,0.330641,0.210205,0.560496,0.505150,0.317095,0.204644,0.075000,-0.026680
5.400185,0.333204,0.211812,0.559124,0.505150,0.317095,0.201618,0.075000,-0.024074
5.433334,0.335740,0.213398,0.558559,0.511062,0.320323,0.205355,0.075000,-0.026564
5.466669,0.337024,0.214201,0.558203,0.511062,0.320323,0.203841,0.075000,-0.026086
5.500303,0.339431,0.215703,0.556742,0.511062,0.320323,0.201003,0.075000,-0.023183
5.533454,0.340993,0.216675,0.556015,0.516964,0.323528,0.205872,0.075000,-0.025031
5.566837,0.343609,0.218300,0.554702,0.516964,0.323528,0.202793,0.075000,-0.022547
5.600344,0.345911,0.219726,0.554155,0.516964,0.323528,0.200085,0.075000,-0.021791
5.633534,0.347521,0.220722,0.553366,0.522858,0.326710,0.204882,0.075000,-0.023565
5.666841,0.350210,0.222382,0.552376,0.522858,0.326710,0.201722,0.075000,-0.021842
5.700345,0.352561,0.223830,0.551430,0.528743,0.329870,0.205632,0.075000,-0.023423
5.733497,0.354108,0.224782,0.551299,0.528743,0.329870,0.203815,0.075000,-0.023519
5.766811,0.356330,0.226147,0.550326,0.528743,0.329870,0.201208,0.075000,-0.021708
5.800174,0.356330,0.226147,0.550326,0.528743,0.329870,0.201208,0.075000,-0.021708
5.833462,0.356330,0.226147,0.550326,0.528743,0.329870,0.201208,0.075000,-0.021708
5.866626,0.361304,0.229198,0.549496,0.534618,0.333006,0.202024,0.075000,-0.024355
5.900229,0.364409,0.231098,0.547618,0.540484,0.336119,0.205016,0.075000,-0.023918
5.933437,0.367784,0.233154,0.546348,0.540484,0.336119,0.201065,0.075000,-0.021687
5.967112,0.369022,0.233907,0.545889,0.546340,0.339208,0.206228,0.075000,-0.024242
6.000211,0.371476,0.235397,0.545456,0.546340,0.339208,0.203358,0.075000,-0.023861
6.033481,0.374007,0.236932,0.544815,0.546340,0.339208,0.200398,0.075000,-0.022966
6.067112,0.375280,0.237704,0.544411,0.552187,0.342274,0.205501,0.075000,-0.025693
6.100460,0.377735,0.239190,0.543768,0.552187,0.342274,0.202632,0.075000,-0.024836
6.133571,0.380372,0.240782,0.542060,0.558024,0.345315,0.206125,0.075000,-0.024750
6.167002,0.381729,0.241599,0.541646,0.558024,0.345315,0.204540,0.075000,-0.024123
6.200413,0.384350,0.243175,0.540287,0.558024,0.345315,0.201483,0.075000,-0.021470
6.233766,0.387024,0.244778,0.539075,0.563851,0.348332,0.204918,0.075000,-0.022671
6.266938,0.388372,0.245584,0.538744,0.563851,0.348332,0.203348,0.075000,-0.022210
6.300479,0.390893,0.247090,0.538024,0.563851,0.348332,0.200410,0.075000,-0.021061
6.333508,0.393467,0.248625,0.536179,0.569669,0.351325,0.203947,0.075000,-0.020738
6.367188,0.395006,0.249539,0.536113,0.569669,0.351325,0.202156,0.075000,-0.020944
6.400466,0.397236,0.250864,0.535764,0.575476,0.354293,0.206076,0.075000,-0.024190
6.433540,0.399777,0.252372,0.534843,0.575476,0.354293,0.203121,0.075000,-0.022627
6.467200,0.401618,0.253463,0.534155,0.575476,0.354293,0.200981,0.075000,-0.021398
6.500471,0.403675,0.254679,0.533912,0.581273,0.357236,0.205084,0.075000,-0.024927
6.533449,0.406250,0.256201,0.533620,0.581273,0.357236,0.202093,0.075000,-0.024947
6.566748,0.407539,0.256962,0.533134,0.581273,0.357236,0.200596,0.075000,-0.024109
6.600440,0.410109,0.258478,0.531551,0.587061,0.360155,0.204083,0.075000,-0.024540
6.633470,0.412745,0.260028,0.530994,0.587061,0.360155,0.201025,0.075000,-0.023899
6.667154,0.414062,0.260801,0.530805,0.592837,0.363047,0.205949,0.075000,-0.027390
6.700426,0.416734,0.262368,0.529420,0.592837,0.363047,0.202851,0.075000,-0.024810
6.733523,0.419409,0.263932,0.527896,0.598604,0.365915,0.206182,0.075000,-0.025450
6.766941,0.419409,0.263932,0.527896,0.598604,0.365915,0.206182,0.075000,-0.025450
6.800187,0.422185,0.265550,0.526416,0.598604,0.365915,0.202970,0.075000,-0.022603
6.833499,0.422185,0.265550,0.526416,0.598604,0.365915,0.202970,0.075000,-0.022603
6.867205,0.422185,0.265550,0.526416,0.598604,0.365915,0.202970,0.075000,-0.022603
6.900112,0.422185,0.265550,0.526416,0.598604,0.365915,0.202970,0.075000,-0.022603
6.933737,0.422185,0.265550,0.526416,0.598604,0.365915,0.202970,0.075000,-0.022603
6.970725,0.423483,0.266304,0.525931,0.598604,0.365915,0.201469,0.075000,-0.021737
7.000288,0.436293,0.273706,0.521689,0.615840,0.374362,0.205836,0.075000,-0.026075
7.033888,0.437025,0.274127,0.521510,0.615840,0.374362,0.204992,0.075000,-0.025854
7.066949,0.439535,0.275568,0.520418,0.615840,0.374362,0.202098,0.075000,-0.023888
7.100185,0.442064,0.277016,0.519072,0.621563,0.377126,0.205529,0.075000,-0.025118
7.133442,0.444784,0.278570,0.518905,0.621563,0.377126,0.202396,0.075000,-0.025482
7.166944,0.446175,0.279364,0.518824,0.621563,0.377126,0.200795,0.075000,-0.025689
7.200035,0.448900,0.280920,0.518140,0.627276,0.379863,0.203980,0.075000,-0.028695
7.233712,0.451599,0.282458,0.516916,0.627276,0.379863,0.200874,0.075000,-0.026532
7.266958,0.452982,0.283244,0.516242,0.632978,0.382573,0.205585,0.075000,-0.029152
7.300347,0.455709,0.284791,0.515425,0.632978,0.382573,0.202450,0.075000,-0.028033
7.333568,0.458355,0.286289,0.514293,0.638669,0.385257,0.205688,0.075000,-0.029954
7.366637,0.459700,0.287049,0.513671,0.638669,0.385257,0.204143,0.075000,-0.028886
7.400228,0.462332,0.288533,0.512400,0.638669,0.385257,0.201123,0.075000,-0.026590
7.433503,0.464897,0.289975,0.511346,0.644349,0.387913,0.204437,0.075000,-0.028760
7.466622,0.466146,0.290675,0.510994,0.644349,0.387913,0.203006,0.075000,-0.028301
7.500182,0.468726,0.292122,0.509833,0.644349,0.387913,0.200048,0.075000,-0.026234
7.533467,0.470036,0.292854,0.509364,0.650017,0.390542,0.204783,0.075000,-0.029512
7.566626,0.473134,0.294583,0.507680,0.650017,0.390542,0.201236,0.075000,-0.026360
7.600207,0.475197,0.295730,0.506891,0.655674,0.393144,0.205088,0.075000,-0.029113
7.633349,0.477856,0.297205,0.505583,0.655674,0.393144,0.202049,0.075000,-0.026748
7.666723,0.479147,0.297920,0.504855,0.655674,0.393144,0.200572,0.075000,-0.025328
7.700294,0.481722,0.299342,0.503989,0.661319,0.395718,0.203822,0.075000,-0.028140
7.733308,0.483352,0.300241,0.503430,0.661319,0.395718,0.201961,0.075000,-0.027277
7.766629,0.485759,0.301566,0.502671,0.666953,0.398265,0.205382,0.075000,-0.030302
7.800163,0.488385,0.303009,0.501672,0.666953,0.398265,0.202387,0.075000,-0.028724
7.833521,0.488385,0.303009,0.501672,0.666953,0.398265,0.202387,0.075000,-0.028724
7.866628,0.488385,0.303009,0.501672,0.666953,0.398265,0.202387,0.075000,-0.028724
7.900208,0.495046,0.306652,0.498309,0.672575,0.400783,0.200941,0.075000,-0.026794
7.933405,0.497716,0.308103,0.496904,0.678185,0.403274,0.204025,0.075000,-0.028463
7.966629,0.499322,0.308974,0.496376,0.678185,0.403274,0.202200,0.075000,-0.027676
8.000341,0.501694,0.310258,0.495402,0.683783,0.405736,0.205603,0.075000,-0.030319
8.033460,0.504272,0.311650,0.494174,0.683783,0.405736,0.202673,0.075000,-0.028161
8.066854,0.505550,0.312339,0.493796,0.683783,0.405736,0.201222,0.075000,-0.027630
8.100246,0.508140,0.313732,0.493294,0.689370,0.408170,0.204359,0.075000,-0.031600
8.133351,0.510812,0.315169,0.492662,0.689370,0.408170,0.201326,0.075000,-0.030987
8.166717,0.512118,0.315870,0.491852,0.694944,0.410575,0.205899,0.075000,-0.033762
8.200187,0.513414,0.316564,0.491311,0.694944,0.410575,0.204429,0.075000,-0.032926
8.233446,0.517385,0.318688,0.490704,0.700506,0.412951,0.205959,0.075000,-0.037195
8.266622,0.518706,0.319394,0.490299,0.700506,0.412951,0.204460,0.075000,-0.036752
8.300274,0.521343,0.320801,0.489733,0.700506,0.412951,0.201472,0.075000,-0.036443
8.333329,0.523856,0.322140,0.487756,0.706056,0.415298,0.204634,0.075000,-0.036919
8.366618,0.525119,0.322809,0.486839,0.706056,0.415298,0.203205,0.075000,-0.035185
8.400180,0.527662,0.324154,0.485257,0.706056,0.415298,0.200329,0.075000,-0.032240
8.433393,0.530346,0.325568,0.482563,0.711593,0.417616,0.203282,0.075000,-0.031105
8.466625,0.531734,0.326295,0.481508,0.711593,0.417616,0.201715,0.075000,-0.028977
8.500145,0.534540,0.327760,0.479927,0.717118,0.419905,0.204513,0.075000,-0.030650
8.533295,0.537390,0.329242,0.478576,0.717118,0.419905,0.201301,0.075000,-0.028269
8.566854,0.538808,0.329978,0.478036,0.722631,0.422164,0.205643,0.075000,-0.032077
8.600055,0.541524,0.331384,0.476434,0.722631,0.422164,0.202585,0.075000,-0.029086
8.633459,0.544150,0.332738,0.475219,0.728130,0.424394,0.205547,0.075000,-0.031687
8.666621,0.545467,0.333416,0.474679,0.728130,0.424394,0.204065,0.075000,-0.030826
8.700125,0.548196,0.334817,0.473559,0.728130,0.424394,0.200998,0.075000,-0.028979
8.733326,0.549502,0.335486,0.472853,0.733617,0.426593,0.205424,0.075000,-0.032479
8.766621,0.550834,0.336168,0.472151,0.733617,0.426593,0.203927,0.075000,-0.031236
8.800202,0.550834,0.336168,0.472151,0.733617,0.426593,0.203927,0.075000,-0.031236
8.833439,0.550834,0.336168,0.472151,0.733617,0.426593,0.203927,0.075000,-0.031236
8.866683,0.558749,0.340197,0.468660,0.739091,0.428763,0.200916,0.075000,-0.030246
8.900283,0.561408,0.341542,0.468026,0.744552,0.430903,0.203782,0.075000,-0.034556
8.933458,0.563064,0.342379,0.467303,0.744552,0.430903,0.201926,0.075000,-0.033404
8.966621,0.565480,0.343598,0.465956,0.750000,0.433013,0.205043,0.075000,-0.035888
9.000211,0.568213,0.344971,0.464470,0.750000,0.433013,0.201985,0.075000,-0.033293
9.033315,0.570936,0.346334,0.462931,0.755435,0.435092,0.204738,0.075000,-0.035499
9.066624,0.572341,0.347035,0.462256,0.755435,0.435092,0.203168,0.075000,-0.034390
9.100101,0.575016,0.348367,0.460928,0.755435,0.435092,0.200180,0.075000,-0.032097
9.133269,0.577643,0.349670,0.459345,0.760856,0.437141,0.203023,0.075000,-0.034287
9.166624,0.578943,0.350313,0.458698,0.760856,0.437141,0.201573,0.075000,-0.033178
9.200133,0.581516,0.351583,0.457373,0.766265,0.439158,0.204454,0.075000,-0.035999
9.233298,0.584156,0.352881,0.455558,0.766265,0.439158,0.201513,0.075000,-0.032536
9.266625,0.585508,0.353543,0.455020,0.766265,0.439158,0.200007,0.075000,-0.031682
9.300217,0.588140,0.354830,0.453754,0.771659,0.441146,0.202804,0.075000,-0.034809
9.333309,0.590883,0.356166,0.452429,0.777041,0.443102,0.205457,0.075000,-0.037792
9.366623,0.592257,0.356835,0.451754,0.777041,0.443102,0.203928,0.075000,-0.036706
9.400212,0.595012,0.358170,0.450620,0.777041,0.443102,0.200867,0.075000,-0.035000
9.433256,0.597700,0.359470,0.449276,0.782408,0.445027,0.203561,0.075000,-0.038068
9.466624,0.599023,0.360108,0.448411,0.782408,0.445027,0.202093,0.075000,-0.036484
9.500194,0.601810,0.361448,0.447091,0.787762,0.446921,0.204655,0.075000,-0.039677
9.533291,0.603496,0.362256,0.446598,0.787762,0.446921,0.202785,0.075000,-0.039197
9.566625,0.605934,0.363423,0.445624,0.787762,0.446921,0.200083,0.075000,-0.037821
9.600160,0.608691,0.364740,0.444674,0.793102,0.448783,0.202659,0.075000,-0.042079
9.633296,0.611460,0.366057,0.443015,0.798428,0.450614,0.205200,0.075000,-0.044563
9.666624,0.612813,0.366699,0.442449,0.798428,0.450614,0.203703,0.075000,-0.043831
9.700186,0.615484,0.367963,0.440816,0.798428,0.450614,0.200748,0.075000,-0.041051
9.733615,0.617067,0.368711,0.440058,0.803740,0.452414,0.204580,0.075000,-0.045312
9.766747,0.620026,0.370102,0.438275,0.803740,0.452414,0.201311,0.075000,-0.042351
9.800448,0.620826,0.370477,0.437802,0.803740,0.452414,0.200427,0.075000,-0.041543
9.833320,0.622122,0.371084,0.437046,0.809038,0.454181,0.204555,0.075000,-0.045746
9.866624,0.622122,0.371084,0.437046,0.809038,0.454181,0.204555,0.075000,-0.045746
9.900164,0.622122,0.371084,0.437046,0.809038,0.454181,0.204555,0.075000,-0.045746
9.937758,0.623707,0.371824,0.436157,0.809038,0.454181,0.202806,0.075000,-0.044348
9.966679,0.633209,0.376223,0.430489,0.819592,0.457621,0.203381,0.075000,-0.046045
10.000151,0.635643,0.377340,0.429217,0.819592,0.457621,0.200704,0.075000,-0.044104
10.033282,0.638384,0.378593,0.427022,0.824847,0.459292,0.203176,0.075000,-0.045698
10.066636,0.640326,0.379476,0.425725,0.824847,0.459292,0.201044,0.075000,-0.043449
10.100101,0.642495,0.380459,0.424773,0.830087,0.460932,0.204124,0.075000,-0.047863
10.133482,0.645363,0.381755,0.422644,0.830087,0.460932,0.200978,0.075000,-0.044058
10.166618,0.647377,0.382661,0.421150,0.835313,0.462539,0.204207,0.075000,-0.047148
10.200162,0.649545,0.383631,0.419656,0.835313,0.462539,0.201832,0.075000,-0.044555
10.233324,0.652277,0.384849,0.418052,0.840525,0.464113,0.204255,0.075000,-0.047780
10.266623,0.653632,0.385451,0.417179,0.840525,0.464113,0.202772,0.075000,-0.046329
10.300298,0.656339,0.386650,0.415820,0.845722,0.465655,0.205201,0.075000,-0.050181
10.333324,0.658981,0.387815,0.414496,0.845722,0.465655,0.202315,0.075000,-0.048342
10.366618,0.660311,0.388401,0.413577,0.845722,0.465655,0.200861,0.075000,-0.046759
10.400134,0.662990,0.389575,0.411469,0.850903,0.467164,0.203302,0.075000,-0.048916
10.433338,0.665746,0.390776,0.409258,0.850903,0.467164,0.200296,0.075000,-0.044856
10.466620,0.667136,0.391378,0.408292,0.856070,0.468641,0.204122,0.075000,-0.049244
10.500126,0.669879,0.392564,0.406584,0.856070,0.468641,0.201134,0.075000,-0.046451
10.533294,0.672615,0.393740,0.404950,0.861222,0.470085,0.203472,0.075000,-0.049956
10.566620,0.674307,0.394465,0.403964,0.861222,0.470085,0.201633,0.075000,-0.048425
10.599956,0.676791,0.395527,0.402281,0.866359,0.471495,0.204223,0.075000,-0.051729
10.633382,0.679597,0.396718,0.400266,0.866359,0.471495,0.201176,0.075000,-0.048282
10.666683,0.681251,0.397418,0.399150,0.871481,0.472873,0.204647,0.075000,-0.052612
10.699992,0.683840,0.398509,0.396385,0.871481,0.472873,0.201839,0.075000,-0.047217
10.733527,0.685599,0.399244,0.394774,0.876587,0.474217,0.205177,0.075000,-0.050453
10.766630,0.688099,0.400285,0.392935,0.876587,0.474217,0.202469,0.075000,-0.047256
10.800014,0.690860,0.401428,0.391151,0.881678,0.475528,0.204700,0.075000,-0.050669
10.833344,0.690860,0.401428,0.391151,0.881678,0.475528,0.204700,0.075000,-0.050669
10.885452,0.692274,0.402011,0.390206,0.881678,0.475528,0.203171,0.075000,-0.049107
10.900041,0.698282,0.404473,0.386380,0.886753,0.476806,0.201875,0.075000,-0.049346
10.933299,0.700433,0.405347,0.385122,0.891813,0.478050,0.204725,0.075000,-0.053902
10.966624,0.701835,0.405915,0.383902,0.891813,0.478050,0.203212,0.075000,-0.051706
11.000175,0.704602,0.407031,0.381959,0.891813,0.478050,0.200229,0.075000,-0.048387
11.033311,0.707369,0.408141,0.380270,0.896857,0.479261,0.202395,0.075000,-0.052406
11.066628,0.708721,0.408682,0.379487,0.896857,0.479261,0.200940,0.075000,-0.051222
11.100147,0.711441,0.409765,0.377489,0.901886,0.480438,0.203135,0.075000,-0.054507
11.133395,0.714236,0.410871,0.375160,0.901886,0.480438,0.200131,0.075000,-0.050317
11.166635,0.715630,0.411420,0.374215,0.906899,0.481581,0.203731,0.075000,-0.055548
11.199955,0.718420,0.412514,0.372160,0.906899,0.481581,0.200735,0.075000,-0.052080
11.233307,0.721257,0.413620,0.369994,0.911895,0.482691,0.202765,0.075000,-0.055214
11.266637,0.722711,0.414184,0.368214,0.911895,0.482691,0.201206,0.075000,-0.051650
11.300039,0.725696,0.415333,0.364945,0.916876,0.483766,0.203059,0.075000,-0.052206
11.333305,0.728530,0.416414,0.362683,0.916876,0.483766,0.200027,0.075000,-0.048126
11.366691,0.729925,0.416943,0.361630,0.921841,0.484808,0.203562,0.075000,-0.053386
11.400161,0.732727,0.418002,0.359664,0.921841,0.484808,0.200567,0.075000,-0.050075
11.433424,0.735398,0.419005,0.358194,0.926789,0.485816,0.202718,0.075000,-0.055095
11.466735,0.736739,0.419507,0.357359,0.926789,0.485816,0.201286,0.075000,-0.053808
11.500210,0.739519,0.420544,0.355476,0.931722,0.486789,0.203299,0.075000,-0.057941
11.533438,0.741246,0.421185,0.354112,0.931722,0.486789,0.201457,0.075000,-0.055621
11.566852,0.743798,0.422127,0.352133,0.936638,0.487729,0.203692,0.075000,-0.059459
11.600159,0.746868,0.423253,0.349932,0.936638,0.487729,0.200424,0.075000,-0.055901
11.633329,0.749314,0.424145,0.348325,0.941537,0.488634,0.202752,0.075000,-0.060738
11.666863,0.750683,0.424642,0.347435,0.941537,0.488634,0.201297,0.075000,-0.059408
11.700165,0.753458,0.425645,0.345140,0.946420,0.489505,0.203255,0.075000,-0.062821
11.733465,0.755214,0.426276,0.343364,0.946420,0.489505,0.201389,0.075000,-0.059583
11.766842,0.756343,0.426680,0.342350,0.946420,0.489505,0.200191,0.075000,-0.057766
11.800177,0.756343,0.426680,0.342350,0.946420,0.489505,0.200191,0.075000,-0.057766
11.833398,0.756343,0.426680,0.342350,0.946420,0.489505,0.200191,0.075000,-0.057766
11.866755,0.765071,0.429761,0.334170,0.956136,0.491144,0.200683,0.075000,-0.058091
11.900317,0.767930,0.430752,0.332152,0.960969,0.491911,0.202496,0.075000,-0.062543
11.933457,0.770745,0.431722,0.329937,0.965785,0.492644,0.204333,0.075000,-0.066496
11.966640,0.772131,0.432196,0.328643,0.965785,0.492644,0.202869,0.075000,-0.064272
12.000203,0.774873,0.433129,0.326069,0.970584,0.493343,0.204765,0.075000,-0.067372
12.033258,0.777734,0.434095,0.323632,0.970584,0.493343,0.201746,0.075000,-0.063342
12.066640,0.779075,0.434545,0.322368,0.970584,0.493343,0.200332,0.075000,-0.061086
12.100268,0.781937,0.435499,0.320173,0.975366,0.494007,0.202085,0.075000,-0.065422
12.133353,0.784830,0.436456,0.317608,0.980131,0.494636,0.203783,0.075000,-0.068886
12.166838,0.786275,0.436931,0.316285,0.980131,0.494636,0.202262,0.075000,-0.066656
12.200251,0.789069,0.437844,0.313694,0.984879,0.495231,0.204046,0.075000,-0.070080
12.233648,0.791896,0.438760,0.311534,0.984879,0.495231,0.201075,0.075000,-0.066780
12.266861,0.793293,0.439209,0.310128,0.989609,0.495791,0.204307,0.075000,-0.072229
12.300514,0.795275,0.439845,0.308060,0.989609,0.495791,0.202227,0.075000,-0.068612
12.333556,0.798948,0.441010,0.305143,0.994322,0.496315,0.203051,0.075000,-0.072099
12.366930,0.800375,0.441459,0.303847,0.994322,0.496315,0.201555,0.075000,-0.069959
12.400585,0.802437,0.442106,0.301355,0.999018,0.496806,0.204049,0.075000,-0.073409
12.433800,0.805019,0.442906,0.297848,0.999018,0.496806,0.201347,0.075000,-0.066665
12.467166,0.807471,0.443657,0.295322,1.003696,0.497261,0.203415,0.075000,-0.070419
12.500456,0.808866,0.444081,0.294292,1.003696,0.497261,0.201957,0.075000,-0.068890
12.533477,0.813183,0.445385,0.291057,1.008356,0.497681,0.202058,0.075000,-0.072396
12.567194,0.814599,0.445810,0.289734,1.008356,0.497681,0.200580,0.075000,-0.070169
12.600324,0.816013,0.446231,0.288570,1.012999,0.498067,0.203692,0.075000,-0.076718
12.633337,0.818931,0.447095,0.285275,1.012999,0.498067,0.200650,0.075000,-0.070823
12.666935,0.821861,0.447952,0.282488,1.017624,0.498417,0.202163,0.075000,-0.074659
12.700985,0.824753,0.448789,0.279598,1.022231,0.498733,0.203696,0.075000,-0.078252
12.733813,0.826191,0.449202,0.278055,1.022231,0.498733,0.202201,0.075000,-0.075600
12.766905,0.826191,0.449202,0.278055,1.022231,0.498733,0.202201,0.075000,-0.075600
12.800259,0.826191,0.449202,0.278055,1.022231,0.498733,0.202201,0.075000,-0.075600
12.833843,0.826191,0.449202,0.278055,1.022231,0.498733,0.202201,0.075000,-0.075600
12.867170,0.826191,0.449202,0.278055,1.022231,0.498733,0.202201,0.075000,-0.075600
12.900334,0.826191,0.449202,0.278055,1.022231,0.498733,0.202201,0.075000,-0.075600
12.933753,0.826191,0.449202,0.278055,1.022231,0.498733,0.202201,0.075000,-0.075600
12.967134,0.826191,0.449202,0.278055,1.022231,0.498733,0.202201,0.075000,-0.075600
13.000046,0.845200,0.454453,0.258082,1.040480,0.499645,0.200441,0.075000,-0.076479
13.033572,0.845200,0.454453,0.258082,1.040480,0.499645,0.200441,0.075000,-0.076479
13.066937,0.847120,0.454960,0.256171,1.044997,0.499785,0.202890,0.075000,-0.082290
13.100425,0.850635,0.455876,0.252752,1.049495,0.499890,0.203673,0.075000,-0.085738
13.133337,0.850635,0.455876,0.252752,1.049495,0.499890,0.203673,0.075000,-0.085738
13.168023,0.852650,0.456397,0.251144,1.049495,0.499890,0.201593,0.075000,-0.083529
13.200227,0.860527,0.458392,0.242781,1.058436,0.499996,0.202235,0.075000,-0.087952
13.233444,0.863422,0.459107,0.239929,1.062879,0.499996,0.203605,0.075000,-0.092633
13.267190,0.864936,0.459477,0.238497,1.062879,0.499996,0.202048,0.075000,-0.090524
13.300435,0.867931,0.460203,0.235068,1.067304,0.499961,0.203298,0.075000,-0.094021
13.333534,0.870893,0.460910,0.231669,1.067304,0.499961,0.200255,0.075000,-0.088386
13.367044,0.872347,0.461253,0.230075,1.071709,0.499890,0.203072,0.075000,-0.095122
13.400535,0.875310,0.461944,0.226665,1.071709,0.499890,0.200031,0.075000,-0.089487
13.433425,0.878275,0.462625,0.222893,1.076096,0.499785,0.201281,0.075000,-0.092414
13.467161,0.879722,0.462953,0.221055,1.080464,0.499645,0.204067,0.075000,-0.098642
13.500481,0.882629,0.463604,0.217164,1.080464,0.499645,0.201090,0.075000,-0.091882
13.533557,0.885617,0.464259,0.212665,1.084812,0.499469,0.202283,0.075000,-0.093190
13.567188,0.887087,0.464577,0.210882,1.084812,0.499469,0.200780,0.075000,-0.090154
13.600334,0.889846,0.465165,0.206673,1.089142,0.499259,0.202191,0.075000,-0.092072
13.633506,0.892753,0.465772,0.203184,1.093453,0.499013,0.203434,0.075000,-0.095940
13.667124,0.894224,0.466075,0.201425,1.093453,0.499013,0.201933,0.075000,-0.093021
13.700291,0.897219,0.466684,0.198132,1.097744,0.498733,0.203070,0.075000,-0.097598
13.733914,0.897219,0.466684,0.198132,1.097744,0.498733,0.203070,0.075000,-0.097598
13.766926,0.897219,0.466684,0.198132,1.097744,0.498733,0.203070,0.075000,-0.097598
13.800177,0.897219,0.466684,0.198132,1.097744,0.498733,0.203070,0.075000,-0.097598
13.833984,0.897219,0.466684,0.198132,1.097744,0.498733,0.203070,0.075000,-0.097598
13.867020,0.897219,0.466684,0.198132,1.097744,0.498733,0.203070,0.075000,-0.097598
13.900347,0.897219,0.466684,0.198132,1.097744,0.498733,0.203070,0.075000,-0.097598
13.933795,0.897219,0.466684,0.198132,1.097744,0.498733,0.203070,0.075000,-0.097598
13.966940,0.916424,0.470313,0.172900,1.114717,0.497261,0.200116,0.075000,-0.094487
14.000335,0.916424,0.470313,0.172900,1.114717,0.497261,0.200116,0.075000,-0.094487
14.033840,0.916424,0.470313,0.172900,1.114717,0.497261,0.200116,0.075000,-0.094487
14.067204,0.916424,0.470313,0.172900,1.114717,0.497261,0.200116,0.075000,-0.094487
14.100635,0.916424,0.470313,0.172900,1.114717,0.497261,0.200116,0.075000,-0.094487
14.133894,0.928671,0.472373,0.158551,1.131377,0.495231,0.203991,0.075000,-0.113357
14.167178,0.931725,0.472859,0.154309,1.131377,0.495231,0.200902,0.075000,-0.106288
14.200313,0.934303,0.473257,0.149881,1.135493,0.494636,0.202322,0.075000,-0.108740
14.233817,0.936067,0.473523,0.146756,1.135493,0.494636,0.200540,0.075000,-0.102896
14.267281,0.939384,0.474010,0.141633,1.139588,0.494007,0.201200,0.075000,-0.104537
14.300509,0.941820,0.474356,0.139207,1.143664,0.493343,0.202735,0.075000,-0.111963
14.333589,0.944858,0.474779,0.135467,1.147719,0.492644,0.203646,0.075000,-0.116887
14.367181,0.947088,0.475083,0.132671,1.147719,0.492644,0.201399,0.075000,-0.112576
14.400467,0.949458,0.475397,0.129619,1.151755,0.491911,0.202969,0.075000,-0.118608
14.433411,0.952425,0.475781,0.125171,1.155770,0.491144,0.203925,0.075000,-0.121963
14.467200,0.953933,0.475971,0.122737,1.155770,0.491144,0.202406,0.075000,-0.117794
14.500568,0.956909,0.476335,0.117510,1.159765,0.490341,0.203339,0.075000,-0.119385
14.533547,0.959760,0.476668,0.112487,1.159765,0.490341,0.200472,0.075000,-0.110269
14.567049,0.961197,0.476830,0.109698,1.163739,0.489505,0.202938,0.075000,-0.116249
14.600508,0.964215,0.477159,0.105102,1.167693,0.488634,0.203802,0.075000,-0.119601
14.633638,0.967275,0.477479,0.100827,1.167693,0.488634,0.200729,0.075000,-0.112616
14.667172,0.968803,0.477634,0.097970,1.171627,0.487729,0.203075,0.075000,-0.118723
14.700425,0.971777,0.477922,0.091432,1.171627,0.487729,0.200091,0.075000,-0.105920
14.733884,0.973553,0.478085,0.088371,1.175540,0.486789,0.202174,0.075000,-0.112001
14.766961,0.974685,0.478185,0.086784,1.175540,0.486789,0.201040,0.075000,-0.109326
14.800249,0.977700,0.478445,0.083538,1.179433,0.485816,0.201867,0.075000,-0.116412
14.833662,0.977700,0.478445,0.083538,1.179433,0.485816,0.201867,0.075000,-0.116412
14.866636,0.983656,0.478927,0.075922,1.187155,0.483766,0.203557,0.075000,-0.128033
14.900136,0.986667,0.479153,0.070822,1.187155,0.483766,0.200542,0.075000,-0.119173
14.933607,0.989723,0.479367,0.066210,1.190986,0.482691,0.201290,0.075000,-0.123394
14.967114,0.989723,0.479367,0.066210,1.190986,0.482691,0.201290,0.075000,-0.123394
15.000210,0.994272,0.479657,0.057941,1.194795,0.481581,0.200532,0.075000,-0.120493
15.033442,0.997280,0.479828,0.052769,1.198583,0.480438,0.201304,0.075000,-0.123488
15.066780,0.998777,0.479907,0.050713,1.202350,0.479261,0.203574,0.075000,-0.132285
15.100238,1.001898,0.480062,0.045421,1.202350,0.479261,0.200455,0.075000,-0.123210
15.133535,1.004894,0.480195,0.041348,1.206097,0.478050,0.201215,0.075000,-0.129181
15.167133,1.006357,0.480256,0.038694,1.209822,0.476806,0.203494,0.075000,-0.136662
15.200053,1.009366,0.480368,0.032208,1.209822,0.476806,0.200487,0.075000,-0.124587
15.233787,1.012362,0.480461,0.026903,1.213525,0.475528,0.201224,0.075000,-0.127706
15.266622,1.013853,0.480501,0.024286,1.217208,0.474217,0.203452,0.075000,-0.135530
15.300160,1.016823,0.480570,0.019318,1.217208,0.474217,0.200485,0.075000,-0.127163
15.333297,1.019850,0.480624,0.013434,1.220869,0.472873,0.201169,0.075000,-0.129123
15.366628,1.021306,0.480644,0.011193,1.224509,0.471495,0.203409,0.075000,-0.138033
15.400150,1.024287,0.480674,0.006565,1.224509,0.471495,0.200432,0.075000,-0.130593
15.433508,1.027296,0.480690,0.002173,1.228127,0.470085,0.201111,0.075000,-0.136503
15.466844,1.028778,0.480693,-0.000225,1.231724,0.468641,0.203304,0.075000,-0.145246
15.500300,1.031704,0.480688,-0.006522,1.231724,0.468641,0.200382,0.075000,-0.133771
15.533499,1.034678,0.480665,-0.012333,1.235299,0.467164,0.201074,0.075000,-0.136342
15.566657,1.036224,0.480645,-0.015193,1.238852,0.465655,0.203182,0.075000,-0.144251
15.600288,1.039225,0.480596,-0.019991,1.238852,0.465655,0.200186,0.075000,-0.136595
15.633439,1.042288,0.480531,-0.025672,1.242384,0.464113,0.200769,0.075000,-0.139877
15.666870,1.043793,0.480493,-0.028598,1.245894,0.462539,0.202897,0.075000,-0.147784
15.700128,1.046906,0.480398,-0.035136,1.249382,0.460932,0.203410,0.075000,-0.149144
15.733469,1.048849,0.480330,-0.039200,1.249382,0.460932,0.201469,0.075000,-0.141964
15.766799,1.051555,0.480221,-0.043753,1.252848,0.459292,0.202378,0.075000,-0.147768
15.800342,1.051555,0.480221,-0.043753,1.252848,0.459292,0.202378,0.075000,-0.147768
15.833517,1.051555,0.480221,-0.043753,1.252848,0.459292,0.202378,0.075000,-0.147768
15.866917,1.051555,0.480221,-0.043753,1.252848,0.459292,0.202378,0.075000,-0.147768
15.900330,1.051555,0.480221,-0.043753,1.252848,0.459292,0.202378,0.075000,-0.147768
15.933784,1.051555,0.480221,-0.043753,1.252848,0.459292,0.202378,0.075000,-0.147768
15.966907,1.051555,0.480221,-0.043753,1.252848,0.459292,0.202378,0.075000,-0.147768
16.000776,1.051555,0.480221,-0.043753,1.252848,0.459292,0.202378,0.075000,-0.147768
16.033621,1.051555,0.480221,-0.043753,1.252848,0.459292,0.202378,0.075000,-0.147768
16.066894,1.051555,0.480221,-0.043753,1.252848,0.459292,0.202378,0.075000,-0.147768
16.111334,1.053077,0.480154,-0.046571,1.252848,0.459292,0.200858,0.075000,-0.143011
16.133670,1.078173,0.478434,-0.094012,1.276492,0.446921,0.200807,0.075000,-0.158181
16.166764,1.081078,0.478155,-0.099731,1.279780,0.445027,0.201445,0.075000,-0.162391
16.200318,1.084129,0.477845,-0.107232,1.283046,0.443102,0.201928,0.075000,-0.162530
16.233459,1.087248,0.477504,-0.113987,1.286290,0.441146,0.202335,0.075000,-0.164678
16.266753,1.088820,0.477324,-0.117287,1.286290,0.441146,0.200757,0.075000,-0.159078
16.300395,1.088820,0.477324,-0.117287,1.286290,0.441146,0.200757,0.075000,-0.159078
16.333479,1.088820,0.477324,-0.117287,1.286290,0.441146,0.200757,0.075000,-0.159078
16.366649,1.088820,0.477324,-0.117287,1.286290,0.441146,0.200757,0.075000,-0.159078
16.400054,1.088820,0.477324,-0.117287,1.286290,0.441146,0.200757,0.075000,-0.159078
16.433382,1.088820,0.477324,-0.117287,1.286290,0.441146,0.200757,0.075000,-0.159078
16.466646,1.088820,0.477324,-0.117287,1.286290,0.441146,0.200757,0.075000,-0.159078
16.500132,1.088820,0.477324,-0.117287,1.286290,0.441146,0.200757,0.075000,-0.159078
16.533329,1.109352,0.474489,-0.159954,1.305276,0.428763,0.201189,0.075000,-0.172153
16.566621,1.110754,0.474263,-0.162682,1.308360,0.426593,0.203274,0.075000,-0.181927
16.600121,1.112849,0.473919,-0.166742,1.308360,0.426593,0.201157,0.075000,-0.175710
16.633299,1.116585,0.473280,-0.174937,1.311422,0.424394,0.200875,0.075000,-0.176323
16.666647,1.118100,0.473012,-0.178244,1.314460,0.422164,0.202837,0.075000,-0.185058
16.700304,1.120203,0.472633,-0.183258,1.314460,0.422164,0.200706,0.075000,-0.176548
16.733464,1.120203,0.472633,-0.183258,1.314460,0.422164,0.200706,0.075000,-0.176548
16.766652,1.125545,0.471617,-0.196291,1.320468,0.417616,0.202264,0.075000,-0.182687
16.800276,1.127065,0.471315,-0.200096,1.320468,0.417616,0.200719,0.075000,-0.176057
16.833393,1.127065,0.471315,-0.200096,1.320468,0.417616,0.200719,0.075000,-0.176057
16.866807,1.127065,0.471315,-0.200096,1.320468,0.417616,0.200719,0.075000,-0.176057
16.900236,1.135747,0.469473,-0.222309,1.329305,0.410575,0.202321,0.075000,-0.180444
16.933324,1.138591,0.468826,-0.228821,1.332205,0.408170,0.202893,0.075000,-0.184109
16.966635,1.140063,0.468483,-0.232191,1.332205,0.408170,0.201385,0.075000,-0.178530
17.000392,1.143071,0.467766,-0.239082,1.335081,0.405736,0.201781,0.075000,-0.181695
17.033526,1.146037,0.467039,-0.245644,1.337933,0.403274,0.202213,0.075000,-0.185682
17.067718,1.147484,0.466676,-0.249377,1.337933,0.403274,0.200725,0.075000,-0.179171
17.100161,1.150386,0.465932,-0.257373,1.340762,0.400783,0.201215,0.075000,-0.179612
17.133377,1.153333,0.465150,-0.264864,1.343568,0.398265,0.201650,0.075000,-0.181411
17.166650,1.154792,0.464754,-0.268646,1.343568,0.398265,0.200143,0.075000,-0.174730
17.200191,1.157749,0.463935,-0.276481,1.346350,0.395718,0.200559,0.075000,-0.175809
17.233349,1.160572,0.463129,-0.283684,1.349108,0.393144,0.201106,0.075000,-0.178242
17.266655,1.162001,0.462712,-0.287336,1.351843,0.390542,0.203097,0.075000,-0.186801
17.300136,1.164877,0.461857,-0.295806,1.351843,0.390542,0.200105,0.075000,-0.171255
17.333316,1.167741,0.460979,-0.302721,1.354553,0.387913,0.200593,0.075000,-0.174604
17.366639,1.169265,0.460503,-0.306664,1.357241,0.385257,0.202477,0.075000,-0.182817
17.400366,1.172172,0.459576,-0.313887,1.359904,0.382573,0.202911,0.075000,-0.185524
17.433276,1.175014,0.458649,-0.320572,1.362543,0.379863,0.203407,0.075000,-0.189489
17.466645,1.176413,0.458184,-0.324207,1.362543,0.379863,0.201938,0.075000,-0.183282
17.500201,1.179165,0.457255,-0.330467,1.365159,0.377126,0.202520,0.075000,-0.188248
17.533360,1.181977,0.456285,-0.337868,1.367751,0.374362,0.203035,0.075000,-0.190573
17.566638,1.183387,0.455790,-0.341643,1.367751,0.374362,0.201545,0.075000,-0.184061
17.600146,1.186205,0.454783,-0.348921,1.370318,0.371572,0.202044,0.075000,-0.186803
17.633697,1.188941,0.453783,-0.356147,1.372862,0.368757,0.202624,0.075000,-0.189537
17.666691,1.190375,0.453249,-0.359776,1.372862,0.368757,0.201098,0.075000,-0.183427
17.700350,1.193200,0.452181,-0.366977,1.375381,0.365915,0.201574,0.075000,-0.186504
17.733305,1.196090,0.451063,-0.375309,1.377877,0.363047,0.201973,0.075000,-0.186963
17.766662,1.197622,0.450459,-0.379926,1.377877,0.363047,0.200331,0.075000,-0.178549
17.800261,1.197622,0.450459,-0.379926,1.377877,0.363047,0.200331,0.075000,-0.178549
17.833592,1.197622,0.450459,-0.379926,1.377877,0.363047,0.200331,0.075000,-0.178549
17.884608,1.199016,0.449903,-0.383857,1.380348,0.360155,0.202327,0.075000,-0.186978
17.900396,1.205983,0.447026,-0.403017,1.385217,0.354293,0.201803,0.075000,-0.184265
17.933330,1.210015,0.445291,-0.413293,1.387616,0.351325,0.200926,0.075000,-0.182367
17.966659,1.211373,0.444695,-0.416697,1.389990,0.348332,0.202953,0.075000,-0.192082
18.000305,1.214021,0.443519,-0.423930,1.389990,0.348332,0.200064,0.075000,-0.179587
18.033691,1.216803,0.442257,-0.431333,1.392340,0.345315,0.200526,0.075000,-0.182466
18.066623,1.218145,0.441639,-0.434688,1.394665,0.342274,0.202565,0.075000,-0.192379
18.100038,1.220854,0.440376,-0.441957,1.396965,0.339208,0.203102,0.075000,-0.195433
18.133329,1.222619,0.439541,-0.446470,1.396965,0.339208,0.201155,0.075000,-0.188050
18.166630,1.224993,0.438400,-0.452674,1.399242,0.336119,0.202050,0.075000,-0.193127
18.200337,1.227608,0.437124,-0.460194,1.401493,0.333006,0.202674,0.075000,-0.195484
18.233469,1.229245,0.436312,-0.464898,1.401493,0.333006,0.200853,0.075000,-0.187370
18.266631,1.231638,0.435107,-0.471668,1.403721,0.329870,0.201711,0.075000,-0.191177
18.300026,1.234309,0.433739,-0.479525,1.405923,0.326710,0.202254,0.075000,-0.192901
18.333345,1.235954,0.432884,-0.484890,1.405923,0.326710,0.200405,0.075000,-0.183130
18.366631,1.238575,0.431497,-0.493163,1.408101,0.323528,0.200988,0.075000,-0.183770
18.400310,1.240888,0.430248,-0.500966,1.410254,0.320323,0.201912,0.075000,-0.184892
18.433313,1.242444,0.429396,-0.505210,1.410254,0.320323,0.200142,0.075000,-0.177602
18.466625,1.245064,0.427942,-0.512084,1.412382,0.317095,0.200705,0.075000,-0.181745
18.500169,1.247464,0.426588,-0.518520,1.414486,0.313846,0.201512,0.075000,-0.186515
18.533485,1.250104,0.425076,-0.525760,1.416565,0.310574,0.202039,0.075000,-0.189810
18.566617,1.251943,0.424009,-0.531159,1.418618,0.307280,0.203485,0.075000,-0.195856
18.599972,1.253965,0.422817,-0.537106,1.418618,0.307280,0.201145,0.075000,-0.185658
18.633282,1.256511,0.421295,-0.544042,1.420647,0.303965,0.201760,0.075000,-0.189566
18.666647,1.258326,0.420197,-0.549147,1.422652,0.300629,0.203223,0.075000,-0.196335
18.700138,1.260317,0.418975,-0.554898,1.422652,0.300629,0.200894,0.075000,-0.186602
18.733359,1.261875,0.418009,-0.559092,1.424631,0.297271,0.202650,0.075000,-0.195122
18.766625,1.261875,0.418009,-0.559092,1.424631,0.297271,0.202650,0.075000,-0.195122
18.800161,1.261875,0.418009,-0.559092,1.424631,0.297271,0.202650,0.075000,-0.195122
18.833448,1.261875,0.418009,-0.559092,1.424631,0.297271,0.202650,0.075000,-0.195122
18.866673,1.261875,0.418009,-0.559092,1.424631,0.297271,0.202650,0.075000,-0.195122
18.900003,1.261875,0.418009,-0.559092,1.424631,0.297271,0.202650,0.075000,-0.195122
18.933647,1.261875,0.418009,-0.559092,1.424631,0.297271,0.202650,0.075000,-0.195122
18.966799,1.261875,0.418009,-0.559092,1.424631,0.297271,0.202650,0.075000,-0.195122
19.000178,1.278750,0.406859,-0.612547,1.434151,0.280175,0.200494,0.075000,-0.177907
19.033503,1.278750,0.406859,-0.612547,1.434151,0.280175,0.200494,0.075000,-0.177907
19.066632,1.278750,0.406859,-0.612547,1.434151,0.280175,0.200494,0.075000,-0.177907
19.115011,1.279202,0.406541,-0.613886,1.435979,0.276696,0.203566,0.075000,-0.190960
19.133462,1.287763,0.400361,-0.640357,1.439561,0.269679,0.200300,0.075000,-0.175648
19.166649,1.288934,0.399488,-0.644301,1.441314,0.266143,0.202486,0.075000,-0.183980
19.200349,1.291250,0.397743,-0.650812,1.443042,0.262587,0.203242,0.075000,-0.188447
19.233587,1.293656,0.395904,-0.658354,1.443042,0.262587,0.200223,0.075000,-0.175322
19.266628,1.294897,0.394944,-0.662171,1.444744,0.259014,0.202314,0.075000,-0.184119
19.300350,1.297274,0.393086,-0.669165,1.446421,0.255422,0.202969,0.075000,-0.187576
19.333553,1.299537,0.391288,-0.677287,1.446421,0.255422,0.200086,0.075000,-0.172707
19.366955,1.300670,0.390378,-0.681121,1.448072,0.251812,0.202307,0.075000,-0.181209
19.400254,1.302994,0.388489,-0.687389,1.449699,0.248184,0.202997,0.075000,-0.186312
19.433456,1.305275,0.386610,-0.694019,1.449699,0.248184,0.200050,0.075000,-0.175257
19.466634,1.306413,0.385663,-0.697184,1.451299,0.244539,0.202257,0.075000,-0.185383
19.500349,1.308577,0.383846,-0.703244,1.452875,0.240877,0.203131,0.075000,-0.190644
19.533553,1.310749,0.381998,-0.710243,1.452875,0.240877,0.200287,0.075000,-0.178614
19.566632,1.311850,0.381051,-0.713567,1.454425,0.237198,0.202537,0.075000,-0.188172
19.600319,1.314041,0.379148,-0.720025,1.455949,0.233502,0.203349,0.075000,-0.192511
19.633422,1.315210,0.378123,-0.723678,1.455949,0.233502,0.201799,0.075000,-0.186456
19.666796,1.317468,0.376121,-0.731053,1.457448,0.229790,0.202502,0.075000,-0.188763
19.700008,1.319701,0.374110,-0.738808,1.458921,0.226062,0.203225,0.075000,-0.190029
19.733366,1.320854,0.373060,-0.742913,1.458921,0.226062,0.201670,0.075000,-0.182822
19.766876,1.321986,0.372020,-0.746760,1.458921,0.226062,0.200137,0.075000,-0.176048
19.800354,1.323109,0.370981,-0.750717,1.460368,0.222318,0.202338,0.075000,-0.184038
19.833536,1.323109,0.370981,-0.750717,1.460368,0.222318,0.202338,0.075000,-0.184038
19.876402,1.324214,0.369950,-0.754482,1.460368,0.222318,0.200831,0.075000,-0.177464
19.900170,1.330767,0.363665,-0.778975,1.464557,0.210993,0.202999,0.075000,-0.177780
19.933558,1.332812,0.361639,-0.785259,1.464557,0.210993,0.200128,0.075000,-0.167200
19.966659,1.333845,0.360606,-0.788285,1.465902,0.207188,0.202426,0.075000,-0.177204
20.000149,1.335933,0.358500,-0.794912,1.467221,0.203368,0.203230,0.075000,-0.180763
20.033480,1.337211,0.357197,-0.798756,1.467221,0.203368,0.201410,0.075000,-0.174526
20.066921,1.339045,0.355308,-0.804496,1.468515,0.199535,0.202553,0.075000,-0.179687
20.100435,1.341347,0.352906,-0.812704,1.469783,0.195687,0.203011,0.075000,-0.179929
20.133527,1.343212,0.350930,-0.818979,1.469783,0.195687,0.200301,0.075000,-0.169154
20.166641,1.344243,0.349828,-0.822485,1.471024,0.191825,0.202579,0.075000,-0.177819
20.200142,1.346328,0.347575,-0.829982,1.472241,0.187950,0.203308,0.075000,-0.179220
20.233320,1.348412,0.345288,-0.837596,1.472241,0.187950,0.200222,0.075000,-0.165746
20.266811,1.349459,0.344125,-0.841496,1.473431,0.184062,0.202457,0.075000,-0.173453
20.300167,1.351464,0.341875,-0.848609,1.474595,0.180161,0.203255,0.075000,-0.175544
20.333273,1.352651,0.340528,-0.852399,1.474595,0.180161,0.201464,0.075000,-0.169297
20.366733,1.354431,0.338486,-0.858601,1.475734,0.176248,0.202573,0.075000,-0.173075
20.400108,1.356468,0.336117,-0.866514,1.476847,0.172321,0.203273,0.075000,-0.173258
20.433506,1.357672,0.334700,-0.872195,1.476847,0.172321,0.201418,0.075000,-0.162393
20.466779,1.359306,0.332747,-0.879776,1.477933,0.168383,0.202702,0.075000,-0.162323
20.500198,1.361189,0.330461,-0.886739,1.478994,0.164433,0.203576,0.075000,-0.164313
20.533460,1.363061,0.328160,-0.892150,1.478994,0.164433,0.200616,0.075000,-0.155696
20.566624,1.364010,0.326983,-0.895165,1.480029,0.160472,0.202944,0.075000,-0.165143
20.599956,1.365872,0.324652,-0.901252,1.481038,0.156499,0.203810,0.075000,-0.169223
20.633330,1.367741,0.322285,-0.906971,1.481038,0.156499,0.200801,0.075000,-0.160078
20.666817,1.368698,0.321061,-0.910279,1.482021,0.152515,0.203101,0.075000,-0.168718
20.700194,1.370549,0.318673,-0.916183,1.482021,0.152515,0.200086,0.075000,-0.159075
20.733521,1.371702,0.317171,-0.920284,1.482978,0.148521,0.202052,0.075000,-0.166360
20.766623,1.372418,0.316230,-0.922892,1.482978,0.148521,0.200872,0.075000,-0.161841
20.800341,1.373348,0.315002,-0.926439,1.483908,0.144516,0.203197,0.075000,-0.169734
20.833367,1.373348,0.315002,-0.926439,1.483908,0.144516,0.203197,0.075000,-0.169734
20.866608,1.373348,0.315002,-0.926439,1.483908,0.144516,0.203197,0.075000,-0.169734
20.900185,1.373348,0.315002,-0.926439,1.483908,0.144516,0.203197,0.075000,-0.169734
20.933521,1.381119,0.304373,-0.955913,1.486545,0.132441,0.201681,0.075000,-0.160601
20.966637,1.382012,0.303109,-0.959391,1.486545,0.132441,0.200137,0.075000,-0.154419
21.000222,1.383756,0.300612,-0.965939,1.487372,0.128398,0.200983,0.075000,-0.157158
21.033459,1.385395,0.298233,-0.972157,1.488172,0.124345,0.201990,0.075000,-0.160355
21.066696,1.386259,0.296967,-0.975324,1.488172,0.124345,0.200462,0.075000,-0.154929
21.100051,1.387948,0.294467,-0.981435,1.488946,0.120283,0.201347,0.075000,-0.158569
21.133344,1.389594,0.291998,-0.988235,1.489695,0.116213,0.202287,0.075000,-0.160322
21.166649,1.390409,0.290761,-0.991582,1.489695,0.116213,0.200809,0.075000,-0.154373
21.199980,1.392068,0.288216,-0.997702,1.490417,0.112135,0.201685,0.075000,-0.157846
21.233323,1.393713,0.285659,-1.004188,1.491113,0.108049,0.202563,0.075000,-0.160332
21.267055,1.394516,0.284398,-1.007298,1.491113,0.108049,0.201071,0.075000,-0.155002
21.300732,1.396077,0.281919,-1.013935,1.491783,0.103956,0.202066,0.075000,-0.156887
21.333676,1.397616,0.279437,-1.020721,1.492427,0.099855,0.203073,0.075000,-0.158259
21.367031,1.398404,0.278153,-1.024130,1.492427,0.099855,0.201570,0.075000,-0.152187
21.400304,1.399933,0.275634,-1.030364,1.493044,0.095747,0.202556,0.075000,-0.154904
21.433659,1.401486,0.273036,-1.036281,1.493635,0.091633,0.203467,0.075000,-0.158403
21.467212,1.402254,0.271739,-1.039096,1.493635,0.091633,0.201963,0.075000,-0.153817
21.500390,1.403747,0.269192,-1.044954,1.494200,0.087512,0.202953,0.075000,-0.157316
21.533507,1.405271,0.266557,-1.050857,1.494739,0.083384,0.203855,0.075000,-0.160747
21.566800,1.406337,0.264694,-1.054982,1.494739,0.083384,0.201713,0.075000,-0.153977
21.600316,1.407685,0.262312,-1.060705,1.495252,0.079251,0.202926,0.075000,-0.157370
21.633756,1.408991,0.259970,-1.066556,1.495252,0.079251,0.200251,0.075000,-0.146982
21.667111,1.409704,0.258678,-1.070286,1.495738,0.075113,0.202727,0.075000,-0.153378
21.700281,1.411110,0.256097,-1.076740,1.496199,0.070969,0.203746,0.075000,-0.155069
21.733362,1.411993,0.254458,-1.080497,1.496199,0.070969,0.201889,0.075000,-0.148649
21.766634,1.412575,0.253367,-1.082862,1.496199,0.070969,0.200653,0.075000,-0.144602
21.800014,1.414054,0.250570,-1.090128,1.496632,0.066820,0.201453,0.075000,-0.144639
21.833615,1.414054,0.250570,-1.090128,1.496632,0.066820,0.201453,0.075000,-0.144639
21.867083,1.414054,0.250570,-1.090128,1.496632,0.066820,0.201453,0.075000,-0.144639
21.900189,1.414054,0.250570,-1.090128,1.496632,0.066820,0.201453,0.075000,-0.144639
21.933395,1.414054,0.250570,-1.090128,1.496632,0.066820,0.201453,0.075000,-0.144639
21.967680,1.414743,0.249249,-1.093474,1.497040,0.062667,0.203926,0.075000,-0.151712
22.000108,1.421444,0.235880,-1.120633,1.498105,0.050181,0.200901,0.075000,-0.145884
22.033569,1.422730,0.233210,-1.125925,1.498408,0.046012,0.201917,0.075000,-0.150204
22.067079,1.423392,0.231823,-1.129336,1.498408,0.046012,0.200383,0.075000,-0.144015
22.100221,1.424676,0.229096,-1.135317,1.498684,0.041839,0.201352,0.075000,-0.146672
22.133332,1.425908,0.226437,-1.142197,1.498934,0.037663,0.202406,0.075000,-0.146859
22.167041,1.426510,0.225120,-1.145604,1.498934,0.037663,0.200961,0.075000,-0.140516
22.200226,1.427725,0.222429,-1.151301,1.499158,0.033485,0.201996,0.075000,-0.143583
22.233719,1.428466,0.220766,-1.154456,1.499158,0.033485,0.200178,0.075000,-0.138335
22.267025,1.429593,0.218210,-1.159455,1.499355,0.029305,0.201376,0.075000,-0.142883
22.300355,1.430802,0.215429,-1.164822,1.499526,0.025122,0.202336,0.075000,-0.146760
22.333360,1.432025,0.212573,-1.170878,1.499671,0.020938,0.203224,0.075000,-0.148954
22.367059,1.432635,0.211129,-1.173738,1.499671,0.020938,0.201660,0.075000,-0.144195
22.400222,1.433766,0.208428,-1.177664,1.499789,0.016752,0.202728,0.075000,-0.151351
22.433708,1.434345,0.207032,-1.180219,1.499789,0.016752,0.201220,0.075000,-0.147292
22.466757,1.435493,0.204232,-1.185801,1.499882,0.012565,0.202193,0.075000,-0.150510
22.500340,1.436609,0.201467,-1.192763,1.499947,0.008377,0.203213,0.075000,-0.150160
22.534219,1.437302,0.199723,-1.197021,1.499947,0.008377,0.201339,0.075000,-0.142413
22.567100,1.438322,0.197110,-1.203486,1.499987,0.004189,0.202536,0.075000,-0.142949
22.600531,1.439386,0.194334,-1.209869,1.500000,0.000000,0.203567,0.075000,-0.143809
22.633701,1.440003,0.192700,-1.213712,1.500000,0.000000,0.201824,0.075000,-0.136798
22.666918,1.440896,0.190295,-1.220126,1.499987,-0.004189,0.203263,0.075000,-0.136939
22.700391,1.441873,0.187615,-1.225099,1.499987,-0.004189,0.200414,0.075000,-0.128434
22.733686,1.442489,0.185904,-1.228371,1.499947,-0.008377,0.202600,0.075000,-0.135356
22.767275,1.442879,0.184812,-1.230459,1.499947,-0.008377,0.201442,0.075000,-0.131743
22.800010,1.444032,0.181540,-1.235546,1.499882,-0.012565,0.201980,0.075000,-0.136307
22.833706,1.444427,0.180406,-1.237160,1.499882,-0.012565,0.200781,0.075000,-0.133927
22.867008,1.444427,0.180406,-1.237160,1.499882,-0.012565,0.200781,0.075000,-0.133927
22.899985,1.444427,0.180406,-1.237160,1.499882,-0.012565,0.200781,0.075000,-0.133927
22.933421,1.447745,0.170610,-1.254109,1.499526,-0.025122,0.202466,0.075000,-0.143299
22.967200,1.448213,0.169181,-1.257189,1.499526,-0.025122,0.200964,0.075000,-0.137798
23.000081,1.449230,0.166029,-1.262783,1.499355,-0.029305,0.201662,0.075000,-0.140809
23.033436,1.450041,0.163470,-1.267781,1.499158,-0.033485,0.202988,0.075000,-0.144310
23.066805,1.450499,0.162004,-1.270833,1.499158,-0.033485,0.201454,0.075000,-0.138953
23.100136,1.451382,0.159138,-1.276390,1.498934,-0.037663,0.202465,0.075000,-0.141495
23.133278,1.452240,0.156296,-1.282295,1.498684,-0.041839,0.203506,0.075000,-0.143034
23.166916,1.452679,0.154815,-1.285250,1.498684,-0.041839,0.201963,0.075000,-0.137924
23.200178,1.453491,0.152040,-1.290560,1.498408,-0.046012,0.203081,0.075000,-0.140784
23.233458,1.454329,0.149111,-1.296289,1.498408,-0.046012,0.200039,0.075000,-0.130745
23.266998,1.454749,0.147619,-1.299067,1.498105,-0.050181,0.202496,0.075000,-0.138076
23.300390,1.455550,0.144730,-1.304287,1.497777,-0.054347,0.203505,0.075000,-0.141184
23.333413,1.456339,0.141825,-1.309839,1.497777,-0.054347,0.200501,0.075000,-0.131576
23.367014,1.456813,0.140049,-1.312862,1.497421,-0.058509,0.202668,0.075000,-0.138580
23.400456,1.457486,0.137485,-1.317635,1.497421,-0.058509,0.200021,0.075000,-0.130316
23.433375,1.458236,0.134574,-1.323006,1.497040,-0.062667,0.201021,0.075000,-0.133094
23.466731,1.458698,0.132745,-1.326365,1.496632,-0.066820,0.203139,0.075000,-0.139212
23.500386,1.459327,0.130216,-1.330637,1.496632,-0.066820,0.200536,0.075000,-0.132183
23.533440,1.460033,0.127315,-1.336056,1.496199,-0.070969,0.201556,0.075000,-0.134716
23.566742,1.460536,0.125214,-1.340264,1.495738,-0.075113,0.203397,0.075000,-0.139020
23.600067,1.461116,0.122730,-1.344983,1.495738,-0.075113,0.200849,0.075000,-0.130803
23.633290,1.461797,0.119747,-1.350772,1.495252,-0.079251,0.201791,0.075000,-0.132412
23.666628,1.461797,0.119747,-1.350772,1.495252,-0.079251,0.201791,0.075000,-0.132412
23.699975,1.461797,0.119747,-1.350772,1.495252,-0.079251,0.201791,0.075000,-0.132412
23.733352,1.461797,0.119747,-1.350772,1.495252,-0.079251,0.201791,0.075000,-0.132412
23.766978,1.461797,0.119747,-1.350772,1.495252,-0.079251,0.201791,0.075000,-0.132412
23.799980,1.461797,0.119747,-1.350772,1.495252,-0.079251,0.201791,0.075000,-0.132412
23.833304,1.461797,0.119747,-1.350772,1.495252,-0.079251,0.201791,0.075000,-0.132412
23.866629,1.461797,0.119747,-1.350772,1.495252,-0.079251,0.201791,0.075000,-0.132412
23.899997,1.461797,0.119747,-1.350772,1.495252,-0.079251,0.201791,0.075000,-0.132412
23.933311,1.466053,0.099049,-1.386022,1.492427,-0.099855,0.200645,0.075000,-0.131887
23.968625,1.466387,0.097264,-1.389358,1.491783,-0.103956,0.202816,0.075000,-0.137718
24.002914,1.466387,0.097264,-1.389358,1.491783,-0.103956,0.202816,0.075000,-0.137718
24.033731,1.466387,0.097264,-1.389358,1.491783,-0.103956,0.202816,0.075000,-0.137718
24.066952,1.466387,0.097264,-1.389358,1.491783,-0.103956,0.202816,0.075000,-0.137718
24.100253,1.466387,0.097264,-1.389358,1.491783,-0.103956,0.202816,0.075000,-0.137718
24.154179,1.466554,0.096354,-1.391151,1.491783,-0.103956,0.201892,0.075000,-0.134547
24.166760,1.469057,0.081576,-1.419480,1.488946,-0.120283,0.202837,0.075000,-0.130832
24.200423,1.469511,0.078567,-1.425369,1.488172,-0.124345,0.203768,0.075000,-0.131751
24.233489,1.469938,0.075628,-1.430075,1.488172,-0.124345,0.200802,0.075000,-0.123928
24.266627,1.470148,0.074146,-1.432397,1.487372,-0.128398,0.203275,0.075000,-0.131697
24.300180,1.470550,0.071232,-1.437324,1.487372,-0.128398,0.200337,0.075000,-0.123259
24.333314,1.470741,0.069809,-1.439220,1.486545,-0.132441,0.202867,0.075000,-0.132030
24.366630,1.471120,0.066924,-1.443698,1.485692,-0.136476,0.203921,0.075000,-0.136199
24.400050,1.471501,0.063905,-1.448774,1.485692,-0.136476,0.200882,0.075000,-0.127684
24.433296,1.471857,0.060975,-1.453717,1.484813,-0.140501,0.201892,0.075000,-0.130857
24.466645,1.472028,0.059529,-1.456261,1.484813,-0.140501,0.200438,0.075000,-0.126424
24.500140,1.472365,0.056570,-1.461260,1.483908,-0.144516,0.201417,0.075000,-0.129504
24.533346,1.472685,0.053633,-1.465589,1.482978,-0.148521,0.202415,0.075000,-0.134148
24.566630,1.472843,0.052135,-1.468228,1.482978,-0.148521,0.200911,0.075000,-0.129607
24.600187,1.473146,0.049146,-1.473669,1.482021,-0.152515,0.201857,0.075000,-0.131590
24.633356,1.473325,0.047311,-1.477188,1.482021,-0.152515,0.200015,0.075000,-0.125238
24.666641,1.473579,0.044572,-1.482316,1.481038,-0.156499,0.201210,0.075000,-0.127673
24.700144,1.473851,0.041444,-1.488663,1.480029,-0.160472,0.202010,0.075000,-0.127529
24.733527,1.474101,0.038360,-1.494044,1.478994,-0.164433,0.202852,0.075000,-0.129661
24.766640,1.474214,0.036889,-1.496530,1.478994,-0.164433,0.201379,0.075000,-0.125402
24.800443,1.474436,0.033848,-1.502537,1.477933,-0.168383,0.202261,0.075000,-0.125939
24.833453,1.474537,0.032368,-1.504991,1.477933,-0.168383,0.200780,0.075000,-0.121702
24.866860,1.474746,0.029133,-1.510221,1.476847,-0.172321,0.201465,0.075000,-0.124412
24.900320,1.474746,0.029133,-1.510221,1.476847,-0.172321,0.201465,0.075000,-0.124412
24.933466,1.474746,0.029133,-1.510221,1.476847,-0.172321,0.201465,0.075000,-0.124412
24.966742,1.474746,0.029133,-1.510221,1.476847,-0.172321,0.201465,0.075000,-0.124412
25.000301,1.474746,0.029133,-1.510221,1.476847,-0.172321,0.201465,0.075000,-0.124412
25.033316,1.475410,0.015945,-1.532962,1.473431,-0.184062,0.200017,0.075000,-0.119267
25.066695,1.475468,0.014413,-1.535534,1.472241,-0.187950,0.202389,0.075000,-0.126456
25.100091,1.475575,0.011280,-1.540697,1.471024,-0.191825,0.203157,0.075000,-0.129153
25.133293,1.475663,0.008242,-1.545700,1.471024,-0.191825,0.200121,0.075000,-0.120572
25.166668,1.475701,0.006742,-1.548428,1.469783,-0.195687,0.202516,0.075000,-0.127330
25.200194,1.475765,0.003690,-1.554127,1.468515,-0.199535,0.203354,0.075000,-0.128612
25.233499,1.475812,0.000665,-1.558884,1.468515,-0.199535,0.200333,0.075000,-0.120620
25.266687,1.475830,-0.000827,-1.561533,1.467221,-0.203368,0.202724,0.075000,-0.127557
25.300135,1.475850,-0.002953,-1.565496,1.467221,-0.203368,0.200601,0.075000,-0.120408
25.333349,1.475862,-0.006675,-1.571348,1.465902,-0.207188,0.200760,0.075000,-0.122185
25.366624,1.475861,-0.008078,-1.573399,1.464557,-0.210993,0.203230,0.075000,-0.130449
25.400173,1.475856,-0.010203,-1.576745,1.464557,-0.210993,0.201107,0.075000,-0.124910
25.433295,1.475825,-0.014165,-1.582915,1.463187,-0.214783,0.201016,0.075000,-0.126289
25.466640,1.475807,-0.015646,-1.585431,1.461790,-0.218558,0.203395,0.075000,-0.133496
25.499963,1.475775,-0.017788,-1.588877,1.461790,-0.218558,0.201256,0.075000,-0.127800
25.533348,1.475698,-0.021667,-1.595381,1.460368,-0.222318,0.201235,0.075000,-0.128312
25.566619,1.475661,-0.023156,-1.598029,1.458921,-0.226062,0.203595,0.075000,-0.135210
25.600342,1.475575,-0.026183,-1.603174,1.458921,-0.226062,0.200571,0.075000,-0.126468
25.633306,1.475475,-0.029149,-1.608734,1.457448,-0.229790,0.201449,0.075000,-0.128192
25.666642,1.475417,-0.030684,-1.611604,1.455949,-0.233502,0.203750,0.075000,-0.134625
25.699973,1.475282,-0.033884,-1.617978,1.455949,-0.233502,0.200552,0.075000,-0.123031
25.733311,1.475205,-0.035516,-1.621253,1.454425,-0.237198,0.202750,0.075000,-0.128713
25.766654,1.475125,-0.037107,-1.624196,1.454425,-0.237198,0.201159,0.075000,-0.123451
25.800350,1.475125,-0.037107,-1.624196,1.454425,-0.237198,0.201159,0.075000,-0.123451
25.833373,1.475125,-0.037107,-1.624196,1.454425,-0.237198,0.201159,0.075000,-0.123451
25.866691,1.474584,-0.046269,-1.637559,1.449699,-0.248184,0.203443,0.075000,-0.137224
25.900151,1.474424,-0.048622,-1.641519,1.449699,-0.248184,0.201088,0.075000,-0.130601
25.933424,1.474206,-0.051638,-1.646940,1.448072,-0.251812,0.201872,0.075000,-0.132888
25.966633,1.474095,-0.053093,-1.649389,1.448072,-0.251812,0.200415,0.075000,-0.128725
26.000149,1.473851,-0.056150,-1.654768,1.446421,-0.255422,0.201150,0.075000,-0.131241
26.033266,1.473595,-0.059154,-1.660371,1.444744,-0.259014,0.201931,0.075000,-0.133126
26.066817,1.473459,-0.060659,-1.662942,1.444744,-0.259014,0.200422,0.075000,-0.128731
26.100297,1.473182,-0.063630,-1.668264,1.443042,-0.262587,0.201227,0.075000,-0.131331
26.133314,1.472893,-0.066552,-1.673347,1.441314,-0.266143,0.202074,0.075000,-0.134456
26.166624,1.472711,-0.068322,-1.676375,1.441314,-0.266143,0.200297,0.075000,-0.129305
26.200154,1.472418,-0.071049,-1.681172,1.439561,-0.269679,0.201330,0.075000,-0.132952
26.233441,1.472073,-0.074130,-1.686853,1.437783,-0.273197,0.201999,0.075000,-0.134899
26.267040,1.471903,-0.075590,-1.689341,1.437783,-0.273197,0.200531,0.075000,-0.130686
26.300235,1.471544,-0.078576,-1.695117,1.435979,-0.276696,0.201287,0.075000,-0.132333
26.333348,1.471173,-0.081509,-1.700341,1.434151,-0.280175,0.202086,0.075000,-0.135269
26.366668,1.470990,-0.082917,-1.702419,1.434151,-0.280175,0.200668,0.075000,-0.132017
26.400183,1.470594,-0.085887,-1.707241,1.432297,-0.283634,0.201422,0.075000,-0.136099
26.433308,1.470189,-0.088812,-1.712284,1.430418,-0.287074,0.202212,0.075000,-0.139590
26.466894,1.469984,-0.090250,-1.714746,1.430418,-0.287074,0.200762,0.075000,-0.135492
26.500334,1.469556,-0.093180,-1.720009,1.428514,-0.290494,0.201537,0.075000,-0.138534
26.533345,1.469096,-0.096215,-1.725565,1.426585,-0.293893,0.202197,0.075000,-0.141015
26.566646,1.468863,-0.097707,-1.728392,1.426585,-0.293893,0.200690,0.075000,-0.136109
26.600199,1.468390,-0.100662,-1.734102,1.424631,-0.297271,0.201420,0.075000,-0.138183
26.633476,1.468146,-0.102139,-1.736801,1.422652,-0.300629,0.203636,0.075000,-0.145539
26.666859,1.467665,-0.104990,-1.741698,1.422652,-0.300629,0.200750,0.075000,-0.137533
26.700159,1.467159,-0.107903,-1.747149,1.420647,-0.303965,0.201504,0.075000,-0.140297
26.733498,1.466872,-0.109516,-1.750432,1.418618,-0.307280,0.203566,0.075000,-0.146503
26.766802,1.466274,-0.112779,-1.756715,1.418618,-0.307280,0.200254,0.075000,-0.135663
26.800231,1.466057,-0.113931,-1.758873,1.416565,-0.310574,0.202776,0.075000,-0.144142
26.833326,1.466057,-0.113931,-1.758873,1.416565,-0.310574,0.202776,0.075000,-0.144142
26.866637,1.466057,-0.113931,-1.758873,1.416565,-0.310574,0.202776,0.075000,-0.144142
26.917577,1.465774,-0.115419,-1.761722,1.416565,-0.310574,0.201264,0.075000,-0.139249
26.933356,1.464042,-0.124061,-1.779122,1.410254,-0.320323,0.203499,0.075000,-0.145297
26.966651,1.463320,-0.127441,-1.786405,1.410254,-0.320323,0.200049,0.075000,-0.132087
27.003886,1.462817,-0.129726,-1.790994,1.408101,-0.323528,0.201378,0.075000,-0.136422
27.033397,1.462144,-0.132719,-1.796512,1.405923,-0.326710,0.201974,0.075000,-0.139468
27.066803,1.461801,-0.134212,-1.798920,1.405923,-0.326710,0.200444,0.075000,-0.135606
27.100206,1.461107,-0.137186,-1.804411,1.403721,-0.329870,0.201047,0.075000,-0.138822
27.133513,1.460369,-0.140269,-1.810467,1.401493,-0.333006,0.201529,0.075000,-0.140838
27.166759,1.460018,-0.141702,-1.813006,1.401493,-0.333006,0.200056,0.075000,-0.136582
27.200069,1.459262,-0.144744,-1.818740,1.399242,-0.336119,0.200566,0.075000,-0.139453
27.233396,1.458490,-0.147775,-1.825003,1.396965,-0.339208,0.201076,0.075000,-0.141052
27.266758,1.458107,-0.149249,-1.828125,1.394665,-0.342274,0.203183,0.075000,-0.148105
27.304047,1.457340,-0.152148,-1.834293,1.394665,-0.342274,0.200189,0.075000,-0.137140
27.333384,1.456586,-0.154927,-1.839671,1.392340,-0.345315,0.200936,0.075000,-0.140708
27.366864,1.456121,-0.156613,-1.842823,1.389990,-0.348332,0.202804,0.075000,-0.148164
27.400175,1.455439,-0.159049,-1.847384,1.389990,-0.348332,0.200279,0.075000,-0.140527
27.433388,1.454624,-0.161907,-1.852823,1.387616,-0.351325,0.200921,0.075000,-0.144231
27.466865,1.454220,-0.163300,-1.855206,1.385217,-0.354293,0.203076,0.075000,-0.153246
27.500278,1.453370,-0.166195,-1.860255,1.385217,-0.354293,0.200064,0.075000,-0.145252
27.533510,1.452927,-0.167682,-1.863094,1.382795,-0.357236,0.202112,0.075000,-0.153453
27.566753,1.452039,-0.170619,-1.868576,1.380348,-0.360155,0.202641,0.075000,-0.157401
27.600093,1.451598,-0.172057,-1.871332,1.380348,-0.360155,0.201140,0.075000,-0.152922
27.633296,1.450687,-0.174983,-1.877191,1.377877,-0.363047,0.201667,0.075000,-0.156073
27.666671,1.449588,-0.178436,-1.884033,1.375381,-0.365915,0.201630,0.075000,-0.157746
27.699963,1.448861,-0.180672,-1.889157,1.372862,-0.368757,0.202859,0.075000,-0.161691
27.733300,1.448366,-0.182172,-1.892576,1.372862,-0.368757,0.201283,0.075000,-0.155755
27.766741,1.447909,-0.183543,-1.895539,1.370318,-0.371572,0.203410,0.075000,-0.163647
27.800079,1.446983,-0.186283,-1.901696,1.370318,-0.371572,0.200524,0.075000,-0.153020
27.833498,1.446983,-0.186283,-1.901696,1.370318,-0.371572,0.200524,0.075000,-0.153020
27.866838,1.446983,-0.186283,-1.901696,1.370318,-0.371572,0.200524,0.075000,-0.153020
27.915440,1.446336,-0.188165,-1.907215,1.367751,-0.374362,0.202101,0.075000,-0.155647
27.933268,1.443053,-0.197293,-1.926700,1.359904,-0.382573,0.203082,0.075000,-0.162211
27.966678,1.442567,-0.198601,-1.929412,1.359904,-0.382573,0.201691,0.075000,-0.157751
27.999985,1.441511,-0.201407,-1.935310,1.357241,-0.385257,0.202243,0.075000,-0.161259
28.033305,1.440398,-0.204310,-1.941325,1.354553,-0.387913,0.202681,0.075000,-0.164733
28.066769,1.439835,-0.205758,-1.944418,1.354553,-0.387913,0.201130,0.075000,-0.159610
28.099971,1.438708,-0.208622,-1.950734,1.351843,-0.390542,0.201595,0.075000,-0.162444
28.133275,1.437594,-0.211399,-1.957386,1.349108,-0.393144,0.202142,0.075000,-0.164363
28.166818,1.437073,-0.212680,-1.960489,1.349108,-0.393144,0.200761,0.075000,-0.158920
28.200083,1.435940,-0.215425,-1.967198,1.346350,-0.395718,0.201326,0.075000,-0.160755
28.233306,1.434797,-0.218143,-1.973280,1.343568,-0.398265,0.201908,0.075000,-0.164164
28.266813,1.434229,-0.219477,-1.976224,1.343568,-0.398265,0.200461,0.075000,-0.159214
28.300171,1.433055,-0.222202,-1.982910,1.340762,-0.400783,0.201021,0.075000,-0.161287
28.333291,1.431836,-0.224977,-1.989904,1.337933,-0.403274,0.201513,0.075000,-0.162758
28.366620,1.431220,-0.226359,-1.992954,1.337933,-0.403274,0.200003,0.075000,-0.157617
28.400160,1.429989,-0.229088,-1.999182,1.335081,-0.405736,0.200530,0.075000,-0.161054
28.433289,1.428716,-0.231863,-2.005516,1.332205,-0.408170,0.200994,0.075000,-0.164393
28.466615,1.428102,-0.233187,-2.008646,1.329305,-0.410575,0.203045,0.075000,-0.173008
28.499952,1.426870,-0.235805,-2.016048,1.329305,-0.410575,0.200159,0.075000,-0.159519
28.533250,1.425592,-0.238474,-2.021573,1.326383,-0.412951,0.200710,0.075000,-0.164894
28.566887,1.424941,-0.239817,-2.024137,1.323437,-0.415298,0.202723,0.075000,-0.175147
28.599962,1.423613,-0.242533,-2.030422,1.320468,-0.417616,0.203207,0.075000,-0.178868
28.633304,1.422256,-0.245263,-2.037064,1.320468,-0.417616,0.200166,0.075000,-0.167728
28.666840,1.421631,-0.246506,-2.040365,1.317475,-0.419905,0.202276,0.075000,-0.176199
28.700042,1.420297,-0.249124,-2.047621,1.314460,-0.422164,0.202841,0.075000,-0.177586
28.733298,1.419601,-0.250472,-2.051437,1.314460,-0.422164,0.201328,0.075000,-0.170813
28.766751,1.418188,-0.253170,-2.058668,1.311422,-0.424394,0.201784,0.075000,-0.172532
28.800205,1.418188,-0.253170,-2.058668,1.311422,-0.424394,0.201784,0.075000,-0.172532
28.833450,1.418188,-0.253170,-2.058668,1.311422,-0.424394,0.201784,0.075000,-0.172532
28.866723,1.418188,-0.253170,-2.058668,1.311422,-0.424394,0.201784,0.075000,-0.172532
28.899981,1.418188,-0.253170,-2.058668,1.311422,-0.424394,0.201784,0.075000,-0.172532
28.933315,1.418188,-0.253170,-2.058668,1.311422,-0.424394,0.201784,0.075000,-0.172532
28.966799,1.418188,-0.253170,-2.058668,1.311422,-0.424394,0.201784,0.075000,-0.172532
28.999977,1.418188,-0.253170,-2.058668,1.311422,-0.424394,0.201784,0.075000,-0.172532
29.033352,1.416738,-0.255890,-2.066751,1.308360,-0.426593,0.202201,0.075000,-0.172273
29.066857,1.416738,-0.255890,-2.066751,1.308360,-0.426593,0.202201,0.075000,-0.172273
29.100223,1.405591,-0.275383,-2.118600,1.289511,-0.439158,0.200741,0.075000,-0.171199
29.133509,1.404002,-0.277979,-2.125276,1.286290,-0.441146,0.201195,0.075000,-0.175011
29.166623,1.403245,-0.279202,-2.128894,1.283046,-0.443102,0.203251,0.075000,-0.183526
29.200178,1.401618,-0.281798,-2.135874,1.283046,-0.443102,0.200196,0.075000,-0.171715
29.233300,1.400005,-0.284333,-2.142703,1.279780,-0.445027,0.200690,0.075000,-0.175288
29.266973,1.399201,-0.285583,-2.146404,1.276492,-0.446921,0.202700,0.075000,-0.183902
29.300208,1.397578,-0.288075,-2.153040,1.273181,-0.448783,0.203229,0.075000,-0.187973
29.333428,1.395882,-0.290642,-2.159454,1.273181,-0.448783,0.200161,0.075000,-0.177742
29.366865,1.395050,-0.291889,-2.163387,1.269847,-0.450614,0.202161,0.075000,-0.186022
29.400332,1.393390,-0.294346,-2.171217,1.266492,-0.452414,0.202702,0.075000,-0.187362
29.433338,1.391682,-0.296830,-2.179174,1.263114,-0.454181,0.203197,0.075000,-0.188520
29.466920,1.390832,-0.298050,-2.182911,1.263114,-0.454181,0.201715,0.075000,-0.182062
29.500351,1.389644,-0.299742,-2.187932,1.259714,-0.455917,0.203156,0.075000,-0.188799
29.533329,1.387430,-0.302842,-2.197615,1.256292,-0.457621,0.202863,0.075000,-0.187345
29.566877,1.386578,-0.304018,-2.201285,1.256292,-0.457621,0.201415,0.075000,-0.180963
29.600192,1.385350,-0.305702,-2.206475,1.252848,-0.459292,0.202847,0.075000,-0.187496
29.633516,1.383064,-0.308781,-2.216046,1.249382,-0.460932,0.202536,0.075000,-0.186510
29.666641,1.382125,-0.310027,-2.219916,1.249382,-0.460932,0.200980,0.075000,-0.179809
29.700320,1.380275,-0.312457,-2.227188,1.245894,-0.462539,0.201452,0.075000,-0.183182
29.733449,1.378957,-0.314169,-2.232158,1.242384,-0.464113,0.202819,0.075000,-0.190625
29.766655,1.378401,-0.314883,-2.234226,1.242384,-0.464113,0.201916,0.075000,-0.187227
29.800202,1.378401,-0.314883,-2.234226,1.242384,-0.464113,0.201916,0.075000,-0.187227
29.833335,1.378401,-0.314883,-2.234226,1.242384,-0.464113,0.201916,0.075000,-0.187227
29.866652,1.372657,-0.322092,-2.256592,1.231724,-0.468641,0.203319,0.075000,-0.196700
29.900309,1.370807,-0.324347,-2.263362,1.231724,-0.468641,0.200412,0.075000,-0.185561
29.933375,1.368907,-0.326628,-2.271547,1.228127,-0.470085,0.200994,0.075000,-0.186971
29.966646,1.367965,-0.327745,-2.275707,1.224509,-0.471495,0.203086,0.075000,-0.195432
30.001113,1.366055,-0.329982,-2.283711,1.224509,-0.471495,0.200153,0.075000,-0.181202
30.033490,1.364043,-0.332299,-2.291733,1.220869,-0.472873,0.200648,0.075000,-0.183306
30.066978,1.363046,-0.333434,-2.295042,1.217208,-0.474217,0.202704,0.075000,-0.194139
30.100255,1.361090,-0.335638,-2.302280,1.213525,-0.475528,0.203334,0.075000,-0.198001
30.133328,1.359058,-0.337894,-2.309721,1.213525,-0.475528,0.200306,0.075000,-0.185442
30.166846,1.358068,-0.338981,-2.313363,1.209822,-0.476806,0.202417,0.075000,-0.195537
30.200349,1.356038,-0.341186,-2.320720,1.206097,-0.478050,0.203013,0.075000,-0.199369
30.233274,1.353985,-0.343383,-2.327602,1.206097,-0.478050,0.200016,0.075000,-0.188177
30.266646,1.352958,-0.344470,-2.331581,1.202350,-0.479261,0.202116,0.075000,-0.197638
30.300331,1.350864,-0.346662,-2.340139,1.198583,-0.480438,0.202696,0.075000,-0.198741
30.333494,1.348818,-0.348767,-2.348244,1.194795,-0.481581,0.203379,0.075000,-0.200769
30.366635,1.347807,-0.349794,-2.352102,1.194795,-0.481581,0.201942,0.075000,-0.194112
30.400334,1.345612,-0.351999,-2.360371,1.190986,-0.482691,0.202459,0.075000,-0.196167
30.433377,1.343362,-0.354223,-2.368588,1.187155,-0.483766,0.202933,0.075000,-0.198486
30.466653,1.342257,-0.355301,-2.372361,1.187155,-0.483766,0.201395,0.075000,-0.192194
30.500189,1.340118,-0.357363,-2.381289,1.183304,-0.484808,0.202071,0.075000,-0.192450
30.533391,1.338018,-0.359352,-2.389429,1.179433,-0.485816,0.202836,0.075000,-0.194483
30.566851,1.336993,-0.360310,-2.393156,1.179433,-0.485816,0.201437,0.075000,-0.187971
30.600321,1.334791,-0.362349,-2.400761,1.175540,-0.486789,0.202104,0.075000,-0.191613
30.633468,1.332587,-0.364358,-2.407539,1.171627,-0.487729,0.202801,0.075000,-0.197261
30.666856,1.331478,-0.365359,-2.410804,1.171627,-0.487729,0.201313,0.075000,-0.192104
30.700272,1.329233,-0.367364,-2.418269,1.167693,-0.488634,0.201993,0.075000,-0.196247
30.733554,1.327814,-0.368617,-2.423049,1.167693,-0.488634,0.200107,0.075000,-0.188059
30.766658,1.325733,-0.370430,-2.429907,1.163739,-0.489505,0.201049,0.075000,-0.193334
30.800374,1.324510,-0.371485,-2.434371,1.159765,-0.490341,0.203145,0.075000,-0.202193
30.833609,1.323381,-0.372451,-2.438055,1.159765,-0.490341,0.201664,0.075000,-0.196070
30.866645,1.323381,-0.372451,-2.438055,1.159765,-0.490341,0.201664,0.075000,-0.196070
30.900342,1.323381,-0.372451,-2.438055,1.159765,-0.490341,0.201664,0.075000,-0.196070
30.942172,1.321759,-0.373827,-2.443071,1.155770,-0.491144,0.203262,0.075000,-0.204579
30.966961,1.313663,-0.380467,-2.471928,1.147719,-0.492644,0.200302,0.075000,-0.187615
31.000204,1.311781,-0.381952,-2.478609,1.143664,-0.493343,0.201671,0.075000,-0.192734
31.033714,1.310608,-0.382868,-2.482260,1.143664,-0.493343,0.200188,0.075000,-0.186509
31.066776,1.308303,-0.384647,-2.490655,1.139588,-0.494007,0.201058,0.075000,-0.188403
31.100331,1.305946,-0.386435,-2.498915,1.135493,-0.494636,0.201896,0.075000,-0.190693
31.133556,1.304474,-0.387538,-2.502945,1.135493,-0.494636,0.200062,0.075000,-0.184160
31.166903,1.302266,-0.389171,-2.510182,1.131377,-0.495231,0.201126,0.075000,-0.188649
31.200156,1.299843,-0.390938,-2.517128,1.127242,-0.495791,0.201954,0.075000,-0.194297
31.233291,1.298591,-0.391840,-2.520587,1.127242,-0.495791,0.200416,0.075000,-0.188687
31.266626,1.295776,-0.393845,-2.528799,1.123087,-0.496315,0.200803,0.075000,-0.192183
31.300215,1.293647,-0.395338,-2.535465,1.118912,-0.496806,0.202060,0.075000,-0.197810
31.333338,1.291186,-0.397036,-2.543475,1.114717,-0.497261,0.202944,0.075000,-0.200821
31.366923,1.289893,-0.397918,-2.547264,1.114717,-0.497261,0.201384,0.075000,-0.194567
31.400240,1.287482,-0.399542,-2.553951,1.110503,-0.497681,0.202368,0.075000,-0.200725
31.433327,1.284940,-0.401228,-2.561940,1.106270,-0.498067,0.203226,0.075000,-0.203912
31.466642,1.283671,-0.402059,-2.565916,1.106270,-0.498067,0.201715,0.075000,-0.197157
31.500319,1.281191,-0.403664,-2.573666,1.102017,-0.498417,0.202686,0.075000,-0.200770
31.533526,1.279627,-0.404661,-2.578858,1.102017,-0.498417,0.200838,0.075000,-0.191598
31.566784,1.277311,-0.406116,-2.586273,1.097744,-0.498733,0.202045,0.075000,-0.195610
31.600121,1.274797,-0.407670,-2.594023,1.093453,-0.499013,0.203050,0.075000,-0.199157
31.633302,1.272212,-0.409238,-2.602963,1.093453,-0.499013,0.200036,0.075000,-0.182840
31.666973,1.270940,-0.409999,-2.606855,1.089142,-0.499259,0.202528,0.075000,-0.193176
31.700324,1.268390,-0.411503,-2.614713,1.084812,-0.499469,0.203565,0.075000,-0.196363
31.733379,1.267027,-0.412296,-2.618843,1.084812,-0.499469,0.201993,0.075000,-0.189240
31.766651,1.265705,-0.413058,-2.622591,1.084812,-0.499469,0.200472,0.075000,-0.182801
31.800182,1.261709,-0.415323,-2.633147,1.076096,-0.499785,0.203927,0.075000,-0.199374
31.833393,1.261709,-0.415323,-2.633147,1.076096,-0.499785,0.203927,0.075000,-0.199374
31.866640,1.261709,-0.415323,-2.633147,1.076096,-0.499785,0.203927,0.075000,-0.199374
31.916680,1.260111,-0.416214,-2.637942,1.076096,-0.499785,0.202104,0.075000,-0.191165
31.933329,1.253819,-0.419620,-2.656739,1.067304,-0.499961,0.203083,0.075000,-0.192161
31.966636,1.250927,-0.421136,-2.664692,1.062879,-0.499996,0.203913,0.075000,-0.195509
32.000229,1.248478,-0.422397,-2.672051,1.062879,-0.499996,0.201168,0.075000,-0.182591
32.033407,1.245803,-0.423747,-2.680056,1.058436,-0.499996,0.202287,0.075000,-0.185345
32.066623,1.243858,-0.424715,-2.685951,1.058436,-0.499996,0.200121,0.075000,-0.174689
32.100204,1.241706,-0.425765,-2.692875,1.053975,-0.499961,0.201861,0.075000,-0.179020
32.133376,1.239131,-0.426998,-2.701090,1.049495,-0.499890,0.203163,0.075000,-0.180812
32.166627,1.237792,-0.427629,-2.704723,1.049495,-0.499890,0.201686,0.075000,-0.174485
32.200449,1.234950,-0.428951,-2.712164,1.044997,-0.499785,0.202730,0.075000,-0.178649
32.233501,1.232221,-0.430196,-2.718133,1.040480,-0.499645,0.203931,0.075000,-0.186055
32.266994,1.230893,-0.430795,-2.721563,1.040480,-0.499645,0.202479,0.075000,-0.180289
32.300345,1.228116,-0.432030,-2.729058,1.035945,-0.499469,0.203661,0.075000,-0.184024
32.333425,1.225459,-0.433188,-2.735265,1.035945,-0.499469,0.200770,0.075000,-0.173889
32.367241,1.224075,-0.433783,-2.738638,1.031392,-0.499259,0.203504,0.075000,-0.185046
32.400548,1.221231,-0.434990,-2.746075,1.031392,-0.499259,0.200423,0.075000,-0.172216
32.434000,1.219839,-0.435572,-2.749941,1.026821,-0.499013,0.203177,0.075000,-0.182167
32.467121,1.217105,-0.436695,-2.757449,1.026821,-0.499013,0.200229,0.075000,-0.168805
32.500552,1.214371,-0.437795,-2.764283,1.022231,-0.498733,0.201571,0.075000,-0.173962
32.533433,1.211619,-0.438880,-2.771397,1.017624,-0.498417,0.202925,0.075000,-0.178280
32.567056,1.210174,-0.439441,-2.775366,1.017624,-0.498417,0.201379,0.075000,-0.171198
32.600408,1.207214,-0.440569,-2.783563,1.012999,-0.498067,0.202548,0.075000,-0.173147
32.633888,1.205776,-0.441107,-2.787460,1.012999,-0.498067,0.201016,0.075000,-0.166125
32.667131,1.202319,-0.442376,-2.796677,1.008356,-0.497681,0.201693,0.075000,-0.166348
32.700518,1.200169,-0.443146,-2.801824,1.003696,-0.497261,0.203789,0.075000,-0.174052
32.733757,1.198788,-0.443634,-2.805068,1.003696,-0.497261,0.202328,0.075000,-0.168578
32.767156,1.195983,-0.444610,-2.811338,0.999018,-0.496806,0.203764,0.075000,-0.174589
32.800050,1.193162,-0.445572,-2.818023,0.999018,-0.496806,0.200790,0.075000,-0.163133
32.833471,1.193162,-0.445572,-2.818023,0.999018,-0.496806,0.200790,0.075000,-0.163133
32.867122,1.193162,-0.445572,-2.818023,0.999018,-0.496806,0.200790,0.075000,-0.163133
32.900218,1.193162,-0.445572,-2.818023,0.999018,-0.496806,0.200790,0.075000,-0.163133
32.936439,1.191730,-0.446052,-2.821325,0.994322,-0.496315,0.203706,0.075000,-0.174002
32.966935,1.181846,-0.449226,-2.843547,0.984879,-0.495231,0.202269,0.075000,-0.169426
33.000251,1.178713,-0.450182,-2.850977,0.980131,-0.494636,0.203497,0.075000,-0.172806
33.033646,1.176100,-0.450959,-2.857370,0.980131,-0.494636,0.200778,0.075000,-0.161583
33.067218,1.174565,-0.451408,-2.861372,0.975366,-0.494007,0.203704,0.075000,-0.170555
33.100571,1.171561,-0.452266,-2.868885,0.975366,-0.494007,0.200586,0.075000,-0.157135
33.133911,1.169728,-0.452778,-2.873714,0.970584,-0.493343,0.203234,0.075000,-0.164549
33.167106,1.167056,-0.453507,-2.880706,0.970584,-0.493343,0.200470,0.075000,-0.151654
33.200264,1.164253,-0.454251,-2.886412,0.965785,-0.492644,0.202148,0.075000,-0.158418
33.233434,1.161430,-0.454983,-2.892560,0.960969,-0.491911,0.203834,0.075000,-0.163878
33.266962,1.159983,-0.455351,-2.895537,0.960969,-0.491911,0.202345,0.075000,-0.158957
33.300539,1.157114,-0.456067,-2.901210,0.956136,-0.491144,0.204016,0.075000,-0.165534
33.333359,1.154162,-0.456785,-2.908486,0.956136,-0.491144,0.200985,0.075000,-0.152433
33.366980,1.152649,-0.457144,-2.912054,0.951286,-0.490341,0.204081,0.075000,-0.161941
33.400405,1.149789,-0.457809,-2.918087,0.951286,-0.490341,0.201151,0.075000,-0.151677
33.433459,1.146818,-0.458479,-2.924881,0.946420,-0.489505,0.202785,0.075000,-0.155497
33.466908,1.145381,-0.458795,-2.927913,0.946420,-0.489505,0.201317,0.075000,-0.150258
33.500350,1.142517,-0.459413,-2.933655,0.941537,-0.488634,0.203093,0.075000,-0.156362
33.533488,1.139460,-0.460053,-2.939851,0.936638,-0.487729,0.204702,0.075000,-0.161396
33.567237,1.137860,-0.460380,-2.943794,0.936638,-0.487729,0.203073,0.075000,-0.154308
33.600447,1.134792,-0.460990,-2.950712,0.931722,-0.486789,0.204703,0.075000,-0.157468
33.633427,1.131876,-0.461549,-2.957012,0.931722,-0.486789,0.201740,0.075000,-0.146482
33.666938,1.130450,-0.461815,-2.960066,0.931722,-0.486789,0.200292,0.075000,-0.140998
33.700478,1.127628,-0.462330,-2.965728,0.926789,-0.485816,0.202207,0.075000,-0.146922
33.733957,1.125880,-0.462640,-2.969357,0.926789,-0.485816,0.200435,0.075000,-0.140495
33.767040,1.124735,-0.462839,-2.971533,0.921841,-0.484808,0.204080,0.075000,-0.152301
33.800207,1.123215,-0.463101,-2.974552,0.921841,-0.484808,0.202541,0.075000,-0.147187
33.833618,1.123215,-0.463101,-2.974552,0.921841,-0.484808,0.202541,0.075000,-0.147187
33.866901,1.123215,-0.463101,-2.974552,0.921841,-0.484808,0.202541,0.075000,-0.147187
33.900209,1.114370,-0.464529,-2.991545,0.911895,-0.482691,0.203288,0.075000,-0.148929
33.933369,1.109690,-0.465222,-3.001180,0.906899,-0.481581,0.203451,0.075000,-0.147164
33.966922,1.108224,-0.465429,-3.003770,0.906899,-0.481581,0.201972,0.075000,-0.142923
34.000149,1.105279,-0.465834,-3.009282,0.901886,-0.480438,0.203917,0.075000,-0.148575
34.033397,1.102341,-0.466220,-3.015494,0.901886,-0.480438,0.200958,0.075000,-0.137495
34.066728,1.100848,-0.466409,-3.018392,0.896857,-0.479261,0.204395,0.075000,-0.147379
34.100119,1.097844,-0.466777,-3.024828,0.896857,-0.479261,0.201374,0.075000,-0.135828
34.133448,1.094933,-0.467115,-3.030966,0.891813,-0.478050,0.203414,0.075000,-0.139641
34.166897,1.093465,-0.467278,-3.034554,0.891813,-0.478050,0.201939,0.075000,-0.132816
34.200110,1.090666,-0.467575,-3.039687,0.886753,-0.476806,0.204122,0.075000,-0.138735
34.233468,1.087728,-0.467872,-3.044762,0.886753,-0.476806,0.201173,0.075000,-0.130193
34.266847,1.086238,-0.468017,-3.046847,0.881678,-0.475528,0.204698,0.075000,-0.141695
34.300212,1.083268,-0.468296,-3.051285,0.881678,-0.475528,0.201720,0.075000,-0.134894
34.333401,1.080145,-0.468575,-3.056807,0.876587,-0.474217,0.203637,0.075000,-0.140059
34.366832,1.078653,-0.468701,-3.059315,0.876587,-0.474217,0.202141,0.075000,-0.135945
34.400160,1.075694,-0.468942,-3.064605,0.871481,-0.472873,0.204251,0.075000,-0.141272
34.433387,1.072711,-0.469168,-3.070113,0.871481,-0.472873,0.201264,0.075000,-0.131784
34.466838,1.071294,-0.469270,-3.072549,0.866359,-0.471495,0.204947,0.075000,-0.141868
34.500093,1.068502,-0.469460,-3.077821,0.866359,-0.471495,0.202153,0.075000,-0.132764
34.533420,1.066763,-0.469571,-3.081742,0.866359,-0.471495,0.200413,0.075000,-0.125309
34.566807,1.064148,-0.469724,-3.086697,0.861222,-0.470085,0.202926,0.075000,-0.130822
34.600270,1.061293,-0.469878,-3.091657,0.861222,-0.470085,0.200071,0.075000,-0.122166
34.633384,1.058270,-0.470026,-3.097326,0.856070,-0.468641,0.202204,0.075000,-0.126338
34.666922,1.056754,-0.470093,-3.099950,0.856070,-0.468641,0.200689,0.075000,-0.121723
34.700196,1.053815,-0.470212,-3.104889,0.850903,-0.467164,0.202934,0.075000,-0.127381
34.733497,1.051664,-0.470291,-3.108074,0.850903,-0.467164,0.200785,0.075000,-0.122201
34.766730,1.049206,-0.470372,-3.111944,0.845722,-0.465655,0.203539,0.075000,-0.129700
34.800388,1.047666,-0.470417,-3.114128,0.845722,-0.465655,0.202000,0.075000,-0.126284
34.833440,1.047666,-0.470417,-3.114128,0.845722,-0.465655,0.202000,0.075000,-0.126284
34.866863,1.047666,-0.470417,-3.114128,0.845722,-0.465655,0.202000,0.075000,-0.126284
34.910316,1.046133,-0.470459,-3.115945,0.845722,-0.465655,0.200469,0.075000,-0.123694
34.933252,1.035680,-0.470650,-3.133517,0.835313,-0.462539,0.200531,0.075000,-0.120973
34.966810,1.034196,-0.470662,-3.136275,0.830087,-0.460932,0.204341,0.075000,-0.129513
35.000192,1.031296,-0.470675,-3.141200,0.830087,-0.460932,0.201445,0.075000,-0.121021
35.033299,1.028276,-0.470671,3.136612,0.824847,-0.459292,0.203748,0.075000,-0.124851
35.066640,1.026736,-0.470664,3.134279,0.824847,-0.459292,0.202210,0.075000,-0.120993
35.100258,1.023753,-0.470639,3.129978,0.819592,-0.457621,0.204576,0.075000,-0.127194
35.133384,1.022190,-0.470621,3.127422,0.819592,-0.457621,0.203015,0.075000,-0.122871
35.166622,1.019198,-0.470575,3.122382,0.819592,-0.457621,0.200027,0.075000,-0.113939
35.200065,1.016294,-0.470516,3.118056,0.814322,-0.455917,0.202499,0.075000,-0.120011
35.233468,1.014719,-0.470479,3.115176,0.814322,-0.455917,0.200926,0.075000,-0.114739
35.266635,1.011654,-0.470395,3.110234,0.809038,-0.454181,0.203264,0.075000,-0.119241
35.300159,1.008697,-0.470299,3.105417,0.809038,-0.454181,0.200309,0.075000,-0.110738
35.333327,1.006857,-0.470233,3.102639,0.803740,-0.452414,0.203897,0.075000,-0.119011
35.366625,1.004239,-0.470127,3.097713,0.803740,-0.452414,0.201279,0.075000,-0.109863
35.400175,1.001217,-0.469992,3.093268,0.798428,-0.450614,0.203713,0.075000,-0.115174
35.433367,0.999461,-0.469907,3.090838,0.798428,-0.450614,0.201957,0.075000,-0.111176
35.466877,0.996858,-0.469772,3.086807,0.793102,-0.448783,0.204834,0.075000,-0.116786
35.500104,0.993863,-0.469605,3.082708,0.793102,-0.448783,0.201838,0.075000,-0.110106
35.533289,0.992291,-0.469513,3.080870,0.793102,-0.448783,0.200265,0.075000,-0.107259
35.566623,0.988925,-0.469304,3.076148,0.787762,-0.446921,0.202404,0.075000,-0.112038
35.600171,0.986217,-0.469125,3.072865,0.782408,-0.445027,0.205229,0.075000,-0.119243
35.633494,0.983221,-0.468915,3.068497,0.782408,-0.445027,0.202228,0.075000,-0.111979
35.666622,0.981731,-0.468806,3.065679,0.782408,-0.445027,0.200736,0.075000,-0.106640
35.700166,0.978747,-0.468575,3.060117,0.777041,-0.443102,0.203309,0.075000,-0.108535
35.733375,0.975713,-0.468323,3.055405,0.777041,-0.443102,0.200267,0.075000,-0.100057
35.766833,0.974198,-0.468192,3.053036,0.771659,-0.441146,0.204337,0.075000,-0.108111
35.800375,0.972718,-0.468061,3.050632,0.771659,-0.441146,0.202852,0.075000,-0.103780
35.833519,0.969779,-0.467790,3.045965,0.766265,-0.439158,0.205518,0.075000,-0.107353
35.866812,0.969779,-0.467790,3.045965,0.766265,-0.439158,0.205518,0.075000,-0.107353
35.910919,0.968041,-0.467623,3.043110,0.766265,-0.439158,0.203774,0.075000,-0.102200
35.933313,0.962233,-0.467028,3.033622,0.760856,-0.437141,0.203582,0.075000,-0.096671
35.966622,0.959217,-0.466698,3.029022,0.760856,-0.437141,0.200551,0.075000,-0.088114
36.000134,0.956240,-0.466358,3.024029,0.755435,-0.435092,0.203225,0.075000,-0.090770
36.033263,0.953259,-0.466004,3.020987,0.755435,-0.435092,0.200224,0.075000,-0.085896
36.066622,0.951675,-0.465812,3.019033,0.750000,-0.433013,0.204325,0.075000,-0.094594
36.100224,0.948642,-0.465437,3.015760,0.750000,-0.433013,0.201271,0.075000,-0.089336
36.133287,0.945770,-0.465071,3.012229,0.744552,-0.430903,0.204098,0.075000,-0.095121
36.166622,0.944126,-0.464857,3.010056,0.744552,-0.430903,0.202441,0.075000,-0.091321
36.200118,0.941486,-0.464506,3.006618,0.739091,-0.428763,0.205527,0.075000,-0.096852
36.233353,0.938475,-0.464095,3.003299,0.739091,-0.428763,0.202490,0.075000,-0.091559
36.266622,0.936655,-0.463841,3.001386,0.739091,-0.428763,0.200654,0.075000,-0.088477
36.300176,0.933947,-0.463457,2.998430,0.733617,-0.426593,0.203693,0.075000,-0.095261
36.333248,0.930897,-0.463015,2.994743,0.733617,-0.426593,0.200614,0.075000,-0.088987
36.366626,0.929351,-0.462786,2.992482,0.728130,-0.424394,0.204851,0.075000,-0.096194
36.400136,0.926217,-0.462312,2.987634,0.728130,-0.424394,0.201684,0.075000,-0.087191
36.433250,0.923203,-0.461841,2.983707,0.722631,-0.422164,0.204459,0.075000,-0.091469
36.466628,0.921731,-0.461607,2.982085,0.722631,-0.422164,0.202970,0.075000,-0.088824
36.500069,0.918926,-0.461154,2.979064,0.722631,-0.422164,0.200130,0.075000,-0.083796
36.533445,0.915966,-0.460666,2.975771,0.717118,-0.419905,0.202983,0.075000,-0.089553
36.566828,0.914510,-0.460422,2.974095,0.717118,-0.419905,0.201508,0.075000,-0.086714
36.599963,0.911563,-0.459921,2.970014,0.711593,-0.417616,0.204396,0.075000,-0.090260
36.633246,0.908567,-0.459400,2.966192,0.711593,-0.417616,0.201357,0.075000,-0.083489
36.666622,0.907065,-0.459133,2.964702,0.706056,-0.415298,0.205733,0.075000,-0.091906
36.699959,0.904148,-0.458610,2.961718,0.706056,-0.415298,0.202772,0.075000,-0.087233
36.733300,0.901180,-0.458067,2.957383,0.700506,-0.412951,0.205683,0.075000,-0.089773
36.766620,0.899726,-0.457796,2.955844,0.700506,-0.412951,0.204205,0.075000,-0.087310
36.800059,0.898289,-0.457526,2.954414,0.700506,-0.412951,0.202744,0.075000,-0.085049
36.833306,0.898289,-0.457526,2.954414,0.700506,-0.412951,0.202744,0.075000,-0.085049
36.866626,0.898289,-0.457526,2.954414,0.700506,-0.412951,0.202744,0.075000,-0.085049
36.900030,0.898289,-0.457526,2.954414,0.700506,-0.412951,0.202744,0.075000,-0.085049
36.943543,0.896805,-0.457245,2.952709,0.700506,-0.412951,0.201234,0.075000,-0.082096
36.966627,0.886126,-0.455141,2.937924,0.689370,-0.408170,0.202285,0.075000,-0.075805
37.000033,0.881500,-0.454178,2.933485,0.683783,-0.405736,0.203565,0.075000,-0.078996
37.033262,0.878998,-0.453648,2.930709,0.683783,-0.405736,0.201008,0.075000,-0.074099
37.066624,0.877594,-0.453348,2.929170,0.678185,-0.403274,0.205600,0.075000,-0.081700
37.100138,0.874377,-0.452651,2.926200,0.678185,-0.403274,0.202311,0.075000,-0.077011
37.133362,0.873247,-0.452404,2.925379,0.678185,-0.403274,0.201154,0.075000,-0.075859
37.166813,0.870372,-0.451770,2.922297,0.672575,-0.400783,0.204263,0.075000,-0.080728
37.200118,0.867475,-0.451123,2.919351,0.672575,-0.400783,0.201296,0.075000,-0.075788
37.233311,0.864541,-0.450457,2.916291,0.666953,-0.398265,0.204366,0.075000,-0.080590
37.266744,0.863039,-0.450113,2.914716,0.666953,-0.398265,0.202825,0.075000,-0.077937
37.300132,0.860056,-0.449422,2.911153,0.661319,-0.395718,0.205865,0.075000,-0.081300
37.333335,0.857176,-0.448744,2.908921,0.661319,-0.395718,0.202908,0.075000,-0.078169
37.367205,0.855753,-0.448407,2.907428,0.661319,-0.395718,0.201446,0.075000,-0.075604
37.400508,0.852863,-0.447715,2.904264,0.655674,-0.393144,0.204601,0.075000,-0.079798
37.433573,0.851364,-0.447353,2.902515,0.655674,-0.393144,0.203060,0.075000,-0.076710
37.467170,0.848317,-0.446607,2.898380,0.650017,-0.390542,0.206073,0.075000,-0.078409
37.500483,0.845369,-0.445873,2.895222,0.650017,-0.390542,0.203036,0.075000,-0.072970
37.533369,0.842321,-0.445104,2.891252,0.644349,-0.387913,0.206067,0.075000,-0.074925
37.567264,0.840950,-0.444753,2.890077,0.644349,-0.387913,0.204653,0.075000,-0.073096
37.600261,0.838026,-0.444000,2.887240,0.644349,-0.387913,0.201635,0.075000,-0.068243
37.633369,0.835217,-0.443267,2.884860,0.638669,-0.385257,0.204930,0.075000,-0.073837
37.666917,0.833834,-0.442904,2.883722,0.638669,-0.385257,0.203501,0.075000,-0.072082
37.700395,0.831057,-0.442170,2.881512,0.638669,-0.385257,0.200630,0.075000,-0.068635
37.733700,0.829624,-0.441789,2.880275,0.632978,-0.382573,0.205368,0.075000,-0.075888
37.766636,0.826766,-0.441023,2.877597,0.632978,-0.382573,0.202411,0.075000,-0.071485
37.800369,0.826766,-0.441023,2.877597,0.632978,-0.382573,0.202411,0.075000,-0.071485
37.845173,0.825349,-0.440640,2.876562,0.632978,-0.382573,0.200944,0.075000,-0.069958
37.866621,0.819522,-0.439045,2.870631,0.627276,-0.379863,0.201149,0.075000,-0.068795
37.900123,0.816627,-0.438239,2.867784,0.621563,-0.377126,0.204413,0.075000,-0.072892
37.933323,0.813727,-0.437423,2.865099,0.621563,-0.377126,0.201401,0.075000,-0.068401
37.966630,0.812264,-0.437008,2.863430,0.615840,-0.374362,0.206173,0.075000,-0.074120
38.000057,0.809288,-0.436156,2.860173,0.615840,-0.374362,0.203078,0.075000,-0.068356
38.033289,0.806334,-0.435299,2.856958,0.615840,-0.374362,0.200003,0.075000,-0.062408
38.066626,0.804851,-0.434865,2.855224,0.610105,-0.371572,0.204773,0.075000,-0.068027
38.100191,0.801966,-0.434014,2.852811,0.610105,-0.371572,0.201767,0.075000,-0.064074
38.133325,0.799256,-0.433208,2.851071,0.604360,-0.368757,0.205277,0.075000,-0.070268
38.166622,0.797830,-0.432781,2.849668,0.604360,-0.368757,0.203789,0.075000,-0.067856
38.200189,0.794971,-0.431920,2.846709,0.604360,-0.368757,0.200804,0.075000,-0.062499
38.233440,0.792118,-0.431052,2.844116,0.598604,-0.365915,0.204183,0.075000,-0.066627
38.267136,0.790677,-0.430610,2.843082,0.598604,-0.365915,0.202676,0.075000,-0.065072
38.300421,0.787753,-0.429707,2.839581,0.592837,-0.363047,0.205999,0.075000,-0.066769
38.333372,0.784962,-0.428836,2.837379,0.592837,-0.363047,0.203076,0.075000,-0.063270
38.366998,0.783579,-0.428402,2.836518,0.592837,-0.363047,0.201628,0.075000,-0.062047
38.400386,0.780697,-0.427492,2.833325,0.587061,-0.360155,0.205011,0.075000,-0.064391
38.433382,0.777910,-0.426604,2.831245,0.587061,-0.360155,0.202087,0.075000,-0.061111
38.466778,0.775961,-0.425979,2.829512,0.587061,-0.360155,0.200041,0.075000,-0.058037
38.500166,0.773665,-0.425237,2.827087,0.581273,-0.357236,0.204056,0.075000,-0.061834
38.533269,0.770653,-0.424254,2.823805,0.581273,-0.357236,0.200888,0.075000,-0.055599
38.566625,0.768480,-0.423539,2.821014,0.575476,-0.354293,0.205051,0.075000,-0.058267
38.600265,0.766099,-0.422747,2.818486,0.575476,-0.354293,0.202541,0.075000,-0.053461
38.633301,0.763273,-0.421799,2.816354,0.569669,-0.351325,0.206032,0.075000,-0.057905
38.666866,0.761875,-0.421328,2.815431,0.569669,-0.351325,0.204557,0.075000,-0.056487
38.700442,0.759143,-0.420403,2.813947,0.569669,-0.351325,0.201673,0.075000,-0.054425
38.733735,0.757441,-0.419824,2.812697,0.563851,-0.348332,0.206369,0.075000,-0.060235
38.766618,0.754993,-0.418987,2.810571,0.563851,-0.348332,0.203782,0.075000,-0.056547
38.800294,0.754993,-0.418987,2.810571,0.563851,-0.348332,0.203782,0.075000,-0.056547
38.844660,0.753074,-0.418328,2.809411,0.563851,-0.348332,0.201754,0.075000,-0.054815
38.866832,0.747284,-0.416321,2.804390,0.558024,-0.345315,0.202142,0.075000,-0.053722
38.900184,0.745080,-0.415547,2.802803,0.552187,-0.342274,0.206341,0.075000,-0.058730
38.933268,0.742332,-0.414577,2.800601,0.552187,-0.342274,0.203428,0.075000,-0.054996
38.966860,0.740864,-0.414056,2.799332,0.552187,-0.342274,0.201871,0.075000,-0.052706
39.000495,0.737959,-0.413019,2.796704,0.546340,-0.339208,0.205343,0.075000,-0.055488
39.033454,0.735191,-0.412024,2.794867,0.546340,-0.339208,0.202403,0.075000,-0.052564
39.067300,0.733735,-0.411498,2.793375,0.546340,-0.339208,0.200855,0.075000,-0.049666
39.100243,0.730885,-0.410461,2.790946,0.540484,-0.336119,0.204400,0.075000,-0.052838
39.133434,0.727869,-0.409356,2.787663,0.540484,-0.336119,0.201188,0.075000,-0.046353
39.167247,0.726377,-0.408805,2.785911,0.534618,-0.333006,0.206196,0.075000,-0.050312
39.200046,0.723571,-0.407761,2.784262,0.534618,-0.333006,0.203203,0.075000,-0.047734
39.233424,0.720835,-0.406738,2.782329,0.534618,-0.333006,0.200283,0.075000,-0.044297
39.267370,0.719464,-0.406224,2.781083,0.528743,-0.329870,0.205438,0.075000,-0.049383
39.300081,0.716832,-0.405231,2.780158,0.528743,-0.329870,0.202625,0.075000,-0.048473
39.333755,0.713974,-0.404149,2.778101,0.522858,-0.326710,0.206209,0.075000,-0.052079
39.366940,0.712597,-0.403625,2.777615,0.522858,-0.326710,0.204736,0.075000,-0.051646
39.400649,0.709772,-0.402547,2.775229,0.522858,-0.326710,0.201713,0.075000,-0.047275
39.434037,0.708101,-0.401906,2.774211,0.516964,-0.323528,0.206582,0.075000,-0.052683
39.466946,0.705570,-0.400930,2.772646,0.516964,-0.323528,0.203870,0.075000,-0.050243
39.500560,0.702825,-0.399868,2.771126,0.516964,-0.323528,0.200927,0.075000,-0.047928
39.533749,0.701421,-0.399323,2.770219,0.511062,-0.320323,0.206101,0.075000,-0.053362
39.567204,0.698536,-0.398197,2.767217,0.511062,-0.320323,0.203005,0.075000,-0.047585
39.600307,0.695864,-0.397146,2.765289,0.511062,-0.320323,0.200134,0.075000,-0.044130
39.633463,0.694466,-0.396593,2.764358,0.505150,-0.317095,0.205330,0.075000,-0.049491
39.666930,0.691309,-0.395341,2.762161,0.505150,-0.317095,0.201935,0.075000,-0.045710
39.700324,0.688670,-0.394286,2.759537,0.499229,-0.313846,0.205812,0.075000,-0.047360
39.733571,0.687300,-0.393736,2.758630,0.499229,-0.313846,0.204336,0.075000,-0.045827
39.767272,0.684566,-0.392633,2.756866,0.499229,-0.313846,0.201388,0.075000,-0.042777
39.800480,0.683165,-0.392065,2.756055,0.493300,-0.310574,0.206615,0.075000,-0.048135
39.833770,0.683165,-0.392065,2.756055,0.493300,-0.310574,0.206615,0.075000,-0.048135
39.866907,0.683165,-0.392065,2.756055,0.493300,-0.310574,0.206615,0.075000,-0.048135
39.900538,0.683165,-0.392065,2.756055,0.493300,-0.310574,0.206615,0.075000,-0.048135
39.933379,0.672100,-0.387530,2.748244,0.487362,-0.307280,0.201416,0.075000,-0.040848
39.966743,0.670113,-0.386706,2.746636,0.481415,-0.303965,0.206040,0.075000,-0.044353
40.000306,0.667916,-0.385789,2.745049,0.481415,-0.303965,0.203660,0.075000,-0.041490
40.033546,0.665231,-0.384664,2.743987,0.481415,-0.303965,0.200750,0.075000,-0.040054
40.067237,0.663844,-0.384082,2.742877,0.475460,-0.300629,0.206041,0.075000,-0.044403
40.100579,0.661014,-0.382888,2.740829,0.475460,-0.300629,0.202970,0.075000,-0.040697
40.133367,0.658225,-0.381705,2.739294,0.469497,-0.297271,0.206754,0.075000,-0.044441
40.167174,0.656856,-0.381122,2.738700,0.469497,-0.297271,0.205266,0.075000,-0.043641
40.200239,0.654008,-0.379907,2.736484,0.469497,-0.297271,0.202171,0.075000,-0.039490
40.233385,0.651134,-0.378673,2.733899,0.463525,-0.293893,0.205876,0.075000,-0.040650
40.267204,0.649700,-0.378053,2.732602,0.463525,-0.293893,0.204313,0.075000,-0.038099
40.300451,0.647105,-0.376928,2.731365,0.463525,-0.293893,0.201485,0.075000,-0.036101
40.333852,0.645700,-0.376317,2.730375,0.457546,-0.290494,0.206804,0.075000,-0.040435
40.367131,0.642831,-0.375064,2.727999,0.457546,-0.290494,0.203673,0.075000,-0.035831
40.400521,0.640253,-0.373931,2.727029,0.457546,-0.290494,0.200857,0.075000,-0.034421
40.433373,0.637590,-0.372759,2.725717,0.451558,-0.287074,0.204816,0.075000,-0.038450
40.467122,0.636195,-0.372143,2.724917,0.451558,-0.287074,0.203292,0.075000,-0.037062
40.500452,0.633451,-0.370927,2.723312,0.451558,-0.287074,0.200291,0.075000,-0.034162
40.533397,0.630889,-0.369787,2.722331,0.445562,-0.283634,0.204373,0.075000,-0.038874
40.566962,0.629591,-0.369209,2.721892,0.445562,-0.283634,0.202953,0.075000,-0.038337
40.600519,0.626966,-0.368037,2.720691,0.445562,-0.283634,0.200078,0.075000,-0.036436
40.633364,0.624239,-0.366815,2.719369,0.439559,-0.280175,0.203993,0.075000,-0.040267
40.666779,0.622725,-0.366135,2.718538,0.439559,-0.280175,0.202333,0.075000,-0.038877
40.700328,0.620058,-0.364934,2.717866,0.433548,-0.276696,0.206330,0.075000,-0.044026
40.733547,0.618604,-0.364278,2.716986,0.433548,-0.276696,0.204735,0.075000,-0.042568
40.766971,0.615715,-0.362969,2.714359,0.433548,-0.276696,0.201564,0.075000,-0.037375
40.800221,0.613025,-0.361744,2.712785,0.427529,-0.273197,0.205547,0.075000,-0.040268
40.833641,0.613025,-0.361744,2.712785,0.427529,-0.273197,0.205547,0.075000,-0.040268
40.866954,0.613025,-0.361744,2.712785,0.427529,-0.273197,0.205547,0.075000,-0.040268
40.900186,0.607795,-0.359347,2.710403,0.421503,-0.269679,0.206749,0.075000,-0.042100
40.933406,0.604899,-0.358013,2.708708,0.421503,-0.269679,0.203561,0.075000,-0.039247
40.966674,0.602473,-0.356891,2.707607,0.421503,-0.269679,0.200889,0.075000,-0.037549
41.000262,0.599765,-0.355635,2.706088,0.415469,-0.266143,0.204875,0.075000,-0.040381
41.033264,0.597115,-0.354401,2.704875,0.415469,-0.266143,0.201953,0.075000,-0.038548
41.066650,0.595754,-0.353766,2.704109,0.415469,-0.266143,0.200451,0.075000,-0.037216
41.100319,0.593080,-0.352514,2.702786,0.409428,-0.262587,0.204486,0.075000,-0.040424
41.133291,0.590435,-0.351272,2.701867,0.409428,-0.262587,0.201565,0.075000,-0.039317
41.166646,0.589091,-0.350640,2.701138,0.409428,-0.262587,0.200080,0.075000,-0.038082
41.200348,0.586395,-0.349368,2.699439,0.403380,-0.259014,0.204104,0.075000,-0.040268
41.233272,0.583806,-0.348141,2.698237,0.403380,-0.259014,0.201240,0.075000,-0.038423
41.266630,0.582419,-0.347482,2.697616,0.397324,-0.255422,0.206725,0.075000,-0.042481
41.300212,0.579573,-0.346127,2.695943,0.397324,-0.255422,0.203573,0.075000,-0.039687
41.333351,0.578116,-0.345431,2.694871,0.397324,-0.255422,0.201959,0.075000,-0.037670
41.366657,0.575378,-0.344118,2.693451,0.391262,-0.251812,0.205959,0.075000,-0.040267
41.400223,0.572647,-0.342804,2.691747,0.391262,-0.251812,0.202928,0.075000,-0.037263
41.433319,0.569989,-0.341519,2.689883,0.385193,-0.248184,0.207028,0.075000,-0.038609
41.466627,0.568674,-0.340881,2.689397,0.385193,-0.248184,0.205568,0.075000,-0.037977
41.500213,0.566125,-0.339642,2.688184,0.385193,-0.248184,0.202734,0.075000,-0.036045
41.533334,0.563451,-0.338337,2.686214,0.379117,-0.244539,0.206826,0.075000,-0.037047
41.566872,0.562051,-0.337652,2.685297,0.379117,-0.244539,0.205267,0.075000,-0.035379
41.600319,0.559285,-0.336293,2.683808,0.379117,-0.244539,0.202186,0.075000,-0.032768
41.633460,0.557963,-0.335641,2.683588,0.379117,-0.244539,0.200712,0.075000,-0.032702
41.666648,0.555221,-0.334289,2.682082,0.373035,-0.240877,0.204738,0.075000,-0.034847
41.700199,0.552423,-0.332903,2.680162,0.373035,-0.240877,0.201616,0.075000,-0.031149
41.733365,0.551098,-0.332244,2.679447,0.373035,-0.240877,0.200136,0.075000,-0.029825
41.766713,0.549829,-0.331612,2.678755,0.366946,-0.237198,0.205816,0.075000,-0.033346
41.800153,0.549829,-0.331612,2.678755,0.366946,-0.237198,0.205816,0.075000,-0.033346
41.833274,0.543199,-0.328292,2.675598,0.360850,-0.233502,0.205515,0.075000,-0.032579
41.866651,0.541849,-0.327613,2.674867,0.360850,-0.233502,0.204003,0.075000,-0.031271
41.900195,0.539067,-0.326211,2.673786,0.360850,-0.233502,0.200889,0.075000,-0.029544
41.933286,0.536321,-0.324822,2.672385,0.354748,-0.229790,0.204939,0.075000,-0.031648
41.966651,0.534938,-0.324121,2.671410,0.354748,-0.229790,0.203388,0.075000,-0.029737
42.000158,0.532256,-0.322757,2.669965,0.354748,-0.229790,0.200380,0.075000,-0.027017
42.033284,0.529593,-0.321397,2.668300,0.348640,-0.226062,0.204530,0.075000,-0.028372
42.066676,0.528299,-0.320734,2.667680,0.348640,-0.226062,0.203077,0.075000,-0.027254
42.100270,0.525704,-0.319403,2.666599,0.348640,-0.226062,0.200160,0.075000,-0.025345
42.133273,0.522911,-0.317966,2.665344,0.342526,-0.222318,0.204174,0.075000,-0.027674
42.166650,0.521558,-0.317267,2.664751,0.342526,-0.222318,0.202652,0.075000,-0.026628
42.200167,0.518964,-0.315927,2.663686,0.336406,-0.218558,0.206901,0.075000,-0.029169
42.233290,0.516223,-0.314507,2.662937,0.336406,-0.218558,0.203814,0.075000,-0.028221
42.266653,0.514927,-0.313834,2.662397,0.336406,-0.218558,0.202354,0.075000,-0.027295
42.300166,0.512258,-0.312447,2.661253,0.330280,-0.214783,0.206529,0.075000,-0.029583
42.333601,0.510654,-0.311611,2.660563,0.330280,-0.214783,0.204720,0.075000,-0.028422
42.366916,0.508250,-0.310355,2.659138,0.330280,-0.214783,0.202009,0.075000,-0.025655
42.400401,0.506353,-0.309362,2.657725,0.324148,-0.210993,0.207063,0.075000,-0.026984
42.433371,0.502941,-0.307566,2.655916,0.324148,-0.210993,0.203207,0.075000,-0.023535
42.467241,0.501606,-0.306861,2.655482,0.324148,-0.210993,0.201698,0.075000,-0.022813
42.500452,0.498830,-0.305394,2.654508,0.318011,-0.207188,0.205767,0.075000,-0.025414
42.533428,0.496190,-0.303995,2.654005,0.318011,-0.207188,0.202779,0.075000,-0.024925
42.566985,0.494853,-0.303286,2.653331,0.318011,-0.207188,0.201267,0.075000,-0.023626
42.600231,0.492175,-0.301863,2.651748,0.311868,-0.203368,0.205455,0.075000,-0.024628
42.633432,0.489525,-0.300449,2.650180,0.311868,-0.203368,0.202452,0.075000,-0.021482
42.667144,0.488240,-0.299761,2.649587,0.311868,-0.203368,0.200994,0.075000,-0.020319
42.700384,0.485633,-0.298363,2.648428,0.305719,-0.199535,0.205271,0.075000,-0.022280
42.733521,0.484292,-0.297642,2.648293,0.305719,-0.199535,0.203749,0.075000,-0.022282
42.766759,0.481562,-0.296173,2.647130,0.305719,-0.199535,0.200649,0.075000,-0.020066
42.800488,0.481562,-0.296173,2.647130,0.305719,-0.199535,0.200649,0.075000,-0.020066
42.833730,0.481562,-0.296173,2.647130,0.305719,-0.199535,0.200649,0.075000,-0.020066
42.877122,0.480243,-0.295462,2.646589,0.299565,-0.195687,0.206397,0.075000,-0.023128
42.900263,0.473842,-0.292002,2.644777,0.293406,-0.191825,0.206380,0.075000,-0.024242
42.933426,0.469935,-0.289882,2.643387,0.293406,-0.191825,0.201935,0.075000,-0.021860
42.966781,0.468591,-0.289151,2.643064,0.293406,-0.191825,0.200405,0.075000,-0.021387
43.000348,0.465854,-0.287660,2.641726,0.287241,-0.187950,0.204559,0.075000,-0.022697
43.033755,0.464482,-0.286911,2.641097,0.287241,-0.187950,0.202996,0.075000,-0.021498
43.066913,0.461819,-0.285454,2.640241,0.281072,-0.184062,0.207243,0.075000,-0.023801
43.100482,0.459142,-0.283986,2.639779,0.281072,-0.184062,0.204190,0.075000,-0.023383
43.133662,0.457562,-0.283120,2.639022,0.281072,-0.184062,0.202389,0.075000,-0.021932
43.167082,0.455161,-0.281799,2.637876,0.274898,-0.180161,0.206942,0.075000,-0.023391
43.200222,0.452485,-0.280323,2.636810,0.274898,-0.180161,0.203886,0.075000,-0.021474
43.233382,0.449951,-0.278923,2.636190,0.274898,-0.180161,0.200991,0.075000,-0.020552
43.267185,0.448651,-0.278203,2.635623,0.268718,-0.176248,0.206811,0.075000,-0.023099
43.300526,0.445993,-0.276730,2.634678,0.268718,-0.176248,0.203771,0.075000,-0.021464
43.333398,0.443353,-0.275263,2.634543,0.268718,-0.176248,0.200752,0.075000,-0.021775
43.367248,0.442094,-0.274564,2.634489,0.262535,-0.172321,0.206628,0.075000,-0.025451
43.400557,0.439496,-0.273120,2.633753,0.262535,-0.172321,0.203656,0.075000,-0.024386
43.433396,0.436839,-0.271641,2.632810,0.262535,-0.172321,0.200615,0.075000,-0.022771
43.467253,0.435491,-0.270888,2.632214,0.256346,-0.168383,0.206398,0.075000,-0.025056
43.500512,0.432860,-0.269418,2.631070,0.256346,-0.168383,0.203384,0.075000,-0.022984
43.533669,0.431531,-0.268674,2.630630,0.256346,-0.168383,0.201861,0.075000,-0.022242
43.566967,0.428941,-0.267221,2.629831,0.250153,-0.164433,0.206229,0.075000,-0.024264
43.600345,0.426368,-0.265775,2.628888,0.250153,-0.164433,0.203277,0.075000,-0.022647
43.633432,0.425071,-0.265045,2.628337,0.250153,-0.164433,0.201789,0.075000,-0.021618
43.666651,0.422449,-0.263566,2.626894,0.243956,-0.160472,0.206127,0.075000,-0.022003
43.700600,0.419781,-0.262056,2.626066,0.243956,-0.160472,0.203061,0.075000,-0.020629
43.733609,0.418177,-0.261147,2.625639,0.243956,-0.160472,0.201217,0.075000,-0.019947
43.766998,0.415795,-0.259795,2.624316,0.237754,-0.156499,0.205837,0.075000,-0.020510
43.800323,0.414537,-0.259080,2.623864,0.237754,-0.156499,0.204389,0.075000,-0.019696
43.833586,0.413208,-0.258322,2.623457,0.237754,-0.156499,0.202859,0.075000,-0.018990
43.867220,0.413208,-0.258322,2.623457,0.237754,-0.156499,0.202859,0.075000,-0.018990
43.900484,0.411393,-0.257288,2.622845,0.237754,-0.156499,0.200770,0.075000,-0.017864
43.933558,0.404962,-0.253612,2.621415,0.231548,-0.152515,0.200731,0.075000,-0.019014
43.966747,0.402844,-0.252399,2.620663,0.225338,-0.148521,0.205667,0.075000,-0.020766
44.000284,0.400338,-0.250960,2.620152,0.225338,-0.148521,0.202777,0.075000,-0.020099
44.033947,0.399044,-0.250217,2.619739,0.225338,-0.148521,0.201285,0.075000,-0.019372
44.066741,0.396441,-0.248719,2.618911,0.219125,-0.144516,0.205668,0.075000,-0.020959
44.100263,0.393806,-0.247200,2.617848,0.219125,-0.144516,0.202627,0.075000,-0.018959
44.133382,0.391241,-0.245718,2.617088,0.212907,-0.140501,0.207060,0.075000,-0.020598
44.167155,0.389676,-0.244813,2.616924,0.212907,-0.140501,0.205252,0.075000,-0.020562
44.200505,0.387265,-0.243417,2.616201,0.212907,-0.140501,0.202466,0.075000,-0.019342
44.233412,0.384721,-0.241941,2.615443,0.206685,-0.136476,0.206928,0.075000,-0.020899
44.266949,0.383482,-0.241221,2.615281,0.206685,-0.136476,0.205496,0.075000,-0.020797
44.300478,0.380949,-0.239750,2.615237,0.206685,-0.136476,0.202566,0.075000,-0.021295
44.334220,0.379266,-0.238772,2.614513,0.206685,-0.136476,0.200620,0.075000,-0.019905
44.366989,0.376882,-0.237383,2.613361,0.200460,-0.132441,0.205274,0.075000,-0.020412
44.400377,0.374250,-0.235846,2.611967,0.200460,-0.132441,0.202225,0.075000,-0.017573
44.433873,0.372712,-0.234945,2.611539,0.200460,-0.132441,0.200443,0.075000,-0.016821
44.467260,0.370396,-0.233588,2.610697,0.194232,-0.128398,0.205180,0.075000,-0.018033
44.500481,0.367960,-0.232157,2.610208,0.194232,-0.128398,0.202355,0.075000,-0.017326
44.533571,0.366663,-0.231395,2.610098,0.194232,-0.128398,0.200850,0.075000,-0.017314
44.567243,0.364058,-0.229863,2.609395,0.188000,-0.124345,0.205257,0.075000,-0.018835
44.600297,0.361466,-0.228336,2.608505,0.188000,-0.124345,0.202249,0.075000,-0.017195
44.633750,0.359934,-0.227432,2.608079,0.188000,-0.124345,0.200470,0.075000,-0.016438
44.666797,0.357641,-0.226077,2.607589,0.181765,-0.120283,0.205243,0.075000,-0.018357
44.700428,0.355076,-0.224560,2.606908,0.181765,-0.120283,0.202263,0.075000,-0.017215
44.733481,0.353531,-0.223645,2.606382,0.181765,-0.120283,0.200468,0.075000,-0.016213
44.766734,0.351239,-0.222286,2.605977,0.175526,-0.116213,0.205247,0.075000,-0.018261
44.800159,0.351239,-0.222286,2.605977,0.175526,-0.116213,0.205247,0.075000,-0.018261
44.845816,0.349400,-0.221194,2.605555,0.175526,-0.116213,0.203108,0.075000,-0.017610
44.866621,0.344262,-0.218141,2.604558,0.169285,-0.112135,0.204583,0.075000,-0.018709
44.900255,0.342133,-0.216873,2.603840,0.169285,-0.112135,0.202105,0.075000,-0.017387
44.933298,0.339469,-0.215284,2.603517,0.163040,-0.108049,0.206462,0.075000,-0.019526
44.966665,0.339469,-0.215284,2.603517,0.163040,-0.108049,0.206462,0.075000,-0.019526
44.999994,0.335548,-0.212941,2.602126,0.163040,-0.108049,0.201894,0.075000,-0.016953
45.033353,0.332989,-0.211409,2.601218,0.156793,-0.103956,0.206376,0.075000,-0.017578
45.067345,0.331862,-0.210733,2.600434,0.156793,-0.103956,0.205063,0.075000,-0.015893
45.100207,0.329662,-0.209411,2.599786,0.156793,-0.103956,0.202496,0.075000,-0.014695
45.133443,0.327184,-0.207919,2.599466,0.150543,-0.099855,0.207074,0.075000,-0.016663
45.167261,0.325901,-0.207146,2.599331,0.150543,-0.099855,0.205577,0.075000,-0.016579
45.200688,0.323357,-0.205613,2.598815,0.150543,-0.099855,0.202607,0.075000,-0.015791
45.233807,0.322023,-0.204808,2.598375,0.150543,-0.099855,0.201049,0.075000,-0.014944
45.267152,0.319379,-0.203211,2.597729,0.144290,-0.095747,0.205438,0.075000,-0.016108
45.300229,0.316628,-0.201547,2.596513,0.144290,-0.095747,0.202223,0.075000,-0.013606
45.333597,0.315315,-0.200751,2.596375,0.144290,-0.095747,0.200688,0.075000,-0.013473
45.367153,0.312698,-0.199162,2.595409,0.138035,-0.091633,0.205110,0.075000,-0.013788
45.400249,0.310069,-0.197564,2.594705,0.138035,-0.091633,0.202033,0.075000,-0.012465
45.433915,0.308808,-0.196796,2.594651,0.138035,-0.091633,0.200556,0.075000,-0.012513
45.466982,0.306382,-0.195319,2.594031,0.131777,-0.087512,0.205206,0.075000,-0.013591
45.500397,0.303663,-0.193660,2.592996,0.131777,-0.087512,0.202020,0.075000,-0.011451
45.533618,0.302351,-0.192858,2.593077,0.131777,-0.087512,0.200483,0.075000,-0.011830
45.567057,0.299848,-0.191329,2.592970,0.125517,-0.083384,0.205045,0.075000,-0.014113
45.600346,0.297304,-0.189773,2.592589,0.125517,-0.083384,0.202063,0.075000,-0.013585
45.633983,0.296023,-0.188990,2.592454,0.125517,-0.083384,0.200562,0.075000,-0.013452
45.666991,0.293408,-0.187388,2.591787,0.119255,-0.079251,0.204995,0.075000,-0.014297
45.700429,0.290934,-0.185872,2.591474,0.119255,-0.079251,0.202094,0.075000,-0.013936
45.733593,0.289664,-0.185093,2.591281,0.119255,-0.079251,0.200604,0.075000,-0.013665
45.766786,0.287087,-0.183512,2.590903,0.112990,-0.075113,0.205086,0.075000,-0.015141
45.800022,0.285801,-0.182723,2.590230,0.112990,-0.075113,0.203577,0.075000,-0.013714
45.833342,0.285801,-0.182723,2.590230,0.112990,-0.075113,0.203577,0.075000,-0.013714
45.867339,0.285801,-0.182723,2.590230,0.112990,-0.075113,0.203577,0.075000,-0.013714
45.900618,0.278123,-0.177991,2.588015,0.106724,-0.070969,0.202068,0.075000,-0.011362
45.933779,0.276559,-0.177024,2.587587,0.106724,-0.070969,0.200229,0.075000,-0.010502
45.966799,0.274279,-0.175613,2.586727,0.100456,-0.066820,0.205062,0.075000,-0.010646
46.000210,0.271746,-0.174042,2.586537,0.100456,-0.066820,0.202081,0.075000,-0.010492
46.033654,0.270200,-0.173084,2.586110,0.100456,-0.066820,0.200263,0.075000,-0.009616
46.066985,0.267945,-0.171685,2.586207,0.094186,-0.062667,0.205127,0.075000,-0.012049
46.100317,0.265379,-0.170092,2.585963,0.094186,-0.062667,0.202107,0.075000,-0.011806
46.133519,0.262777,-0.168476,2.585586,0.087914,-0.058509,0.206567,0.075000,-0.013016
46.167243,0.261456,-0.167655,2.584934,0.087914,-0.058509,0.205011,0.075000,-0.011625
46.200469,0.258885,-0.166055,2.584315,0.087914,-0.058509,0.201983,0.075000,-0.010435
46.233385,0.256353,-0.164476,2.583667,0.081641,-0.054347,0.206526,0.075000,-0.010919
46.266648,0.255050,-0.163663,2.583261,0.081641,-0.054347,0.204989,0.075000,-0.010095
46.300148,0.252457,-0.162043,2.582614,0.081641,-0.054347,0.201932,0.075000,-0.008794
46.333501,0.251210,-0.161262,2.582504,0.081641,-0.054347,0.200461,0.075000,-0.008650
46.366626,0.248702,-0.159693,2.581807,0.075366,-0.050181,0.205031,0.075000,-0.008984
46.400293,0.246220,-0.158138,2.581149,0.075366,-0.050181,0.202103,0.075000,-0.007613
46.433369,0.243823,-0.156633,2.580963,0.069091,-0.046012,0.206806,0.075000,-0.009107
46.466651,0.242607,-0.155870,2.580720,0.069091,-0.046012,0.205370,0.075000,-0.008643
46.500327,0.242607,-0.155870,2.580720,0.069091,-0.046012,0.205370,0.075000,-0.008643
46.533238,0.237319,-0.152547,2.580321,0.062813,-0.041839,0.206660,0.075000,-0.009840
46.566653,0.235996,-0.151715,2.579916,0.062813,-0.041839,0.205097,0.075000,-0.009005
46.600142,0.233390,-0.150075,2.579592,0.062813,-0.041839,0.202018,0.075000,-0.008475
46.633275,0.230794,-0.148440,2.578775,0.056535,-0.037663,0.206489,0.075000,-0.008326
46.666649,0.229507,-0.147627,2.578532,0.056535,-0.037663,0.204966,0.075000,-0.007857
46.700136,0.227074,-0.146092,2.578415,0.056535,-0.037663,0.202089,0.075000,-0.007793
46.733443,0.225274,-0.144955,2.578070,0.050256,-0.033485,0.207501,0.075000,-0.008657
46.766658,0.224530,-0.144485,2.577846,0.050256,-0.033485,0.206621,0.075000,-0.008191
46.800255,0.224530,-0.144485,2.577846,0.050256,-0.033485,0.206621,0.075000,-0.008191
46.843065,0.223252,-0.143677,2.577390,0.050256,-0.033485,0.205109,0.075000,-0.007200
46.866649,0.216060,-0.139116,2.575157,0.043976,-0.029305,0.204136,0.075000,-0.003794
46.900055,0.214029,-0.137824,2.574809,0.043976,-0.029305,0.201729,0.075000,-0.003021
46.933405,0.211538,-0.136240,2.574835,0.037695,-0.025122,0.206321,0.075000,-0.004789
46.966652,0.210299,-0.135451,2.574755,0.037695,-0.025122,0.204852,0.075000,-0.004661
47.000194,0.207813,-0.133869,2.575052,0.037695,-0.025122,0.201906,0.075000,-0.005538
47.033282,0.205299,-0.132269,2.574679,0.031414,-0.020938,0.206472,0.075000,-0.006258
47.066647,0.204015,-0.131452,2.574382,0.031414,-0.020938,0.204950,0.075000,-0.005626
47.100154,0.201455,-0.129822,2.574517,0.031414,-0.020938,0.201915,0.075000,-0.006134
47.133322,0.200140,-0.128984,2.574243,0.031414,-0.020938,0.200356,0.075000,-0.005544
47.166921,0.197560,-0.127340,2.573570,0.025132,-0.016752,0.204844,0.075000,-0.005495
47.200079,0.194969,-0.125685,2.573110,0.025132,-0.016752,0.201770,0.075000,-0.004512
47.233267,0.192428,-0.124062,2.572837,0.018849,-0.012565,0.206304,0.075000,-0.005369
47.266638,0.191174,-0.123260,2.573054,0.018849,-0.012565,0.204815,0.075000,-0.005975
47.300224,0.188779,-0.121730,2.573622,0.018849,-0.012565,0.201973,0.075000,-0.007556
47.333836,0.187495,-0.120911,2.573237,0.018849,-0.012565,0.200450,0.075000,-0.006712
47.366975,0.185004,-0.119319,2.573080,0.012566,-0.008377,0.205044,0.075000,-0.007782
47.400401,0.182441,-0.117682,2.572711,0.012566,-0.008377,0.202002,0.075000,-0.007103
47.433423,0.179870,-0.116038,2.572225,0.006283,-0.004189,0.206501,0.075000,-0.007308
47.466982,0.178522,-0.115175,2.571197,0.006283,-0.004189,0.204901,0.075000,-0.004913
47.500406,0.176066,-0.113600,2.571357,0.006283,-0.004189,0.201983,0.075000,-0.005455
47.533535,0.173588,-0.112009,2.571479,0.000000,-0.000000,0.206588,0.075000,-0.007074
47.566920,0.172354,-0.111219,2.571640,0.000000,-0.000000,0.205123,0.075000,-0.007570
47.600464,0.169876,-0.109631,2.571857,0.000000,-0.000000,0.202180,0.075000,-0.008331
47.633616,0.167443,-0.108073,2.571515,-0.006283,0.004189,0.206842,0.075000,-0.008748
47.667135,0.166294,-0.107336,2.571138,-0.006283,0.004189,0.205477,0.075000,-0.007946
47.700666,0.163781,-0.105723,2.570388,-0.006283,0.004189,0.202490,0.075000,-0.006325
47.733895,0.162214,-0.104716,2.570157,-0.006283,0.004189,0.200628,0.075000,-0.005869
47.767154,0.159930,-0.103247,2.569723,-0.012566,0.008377,0.205463,0.075000,-0.006016
47.800392,0.159930,-0.103247,2.569723,-0.012566,0.008377,0.205463,0.075000,-0.006016
47.833937,0.159930,-0.103247,2.569723,-0.012566,0.008377,0.205463,0.075000,-0.006016
47.884502,0.158660,-0.102430,2.569264,-0.012566,0.008377,0.203953,0.075000,-0.004978
47.900179,0.152208,-0.098269,2.568811,-0.018849,0.012565,0.203825,0.075000,-0.005250
47.933935,0.149786,-0.096707,2.568536,-0.018849,0.012565,0.200943,0.075000,-0.004718
47.967028,0.146949,-0.094875,2.568041,-0.025132,0.016752,0.205115,0.075000,-0.004641
48.000179,0.144596,-0.093354,2.567437,-0.025132,0.016752,0.202313,0.075000,-0.003271
48.033927,0.143329,-0.092535,2.567302,-0.025132,0.016752,0.200805,0.075000,-0.002985
48.067038,0.140805,-0.090902,2.567195,-0.031414,0.020938,0.205347,0.075000,-0.003792
48.100500,0.138329,-0.089299,2.567195,-0.031414,0.020938,0.202398,0.075000,-0.003904
48.133686,0.136842,-0.088337,2.567425,-0.031414,0.020938,0.200626,0.075000,-0.004546
48.167021,0.134698,-0.086950,2.567749,-0.037695,0.025122,0.205620,0.075000,-0.006321
48.200393,0.134698,-0.086950,2.567749,-0.037695,0.025122,0.205620,0.075000,-0.006321
48.233807,0.134698,-0.086950,2.567749,-0.037695,0.025122,0.205620,0.075000,-0.006321
48.267016,0.134698,-0.086950,2.567749,-0.037695,0.025122,0.205620,0.075000,-0.006321
48.300782,0.134698,-0.086950,2.567749,-0.037695,0.025122,0.205620,0.075000,-0.006321
48.334417,0.134698,-0.086950,2.567749,-0.037695,0.025122,0.205620,0.075000,-0.006321
48.367006,0.134698,-0.086950,2.567749,-0.037695,0.025122,0.205620,0.075000,-0.006321
48.400657,0.134698,-0.086950,2.567749,-0.037695,0.025122,0.205620,0.075000,-0.006321
48.433760,0.118318,-0.076348,2.566782,-0.050256,0.033485,0.201198,0.075000,-0.006583
48.466926,0.115103,-0.074264,2.566062,-0.056535,0.037663,0.204908,0.075000,-0.005682
48.500471,0.113117,-0.072976,2.566021,-0.056535,0.037663,0.202542,0.075000,-0.005714
48.533424,0.110678,-0.071393,2.565561,-0.062813,0.041839,0.207173,0.075000,-0.005344
48.567000,0.109437,-0.070587,2.565507,-0.062813,0.041839,0.205693,0.075000,-0.005290
48.600145,0.106746,-0.068838,2.564542,-0.062813,0.041839,0.202485,0.075000,-0.003067
48.633420,0.104192,-0.067176,2.564409,-0.069091,0.046012,0.206974,0.075000,-0.003461
48.667048,0.102902,-0.066335,2.564004,-0.069091,0.046012,0.205434,0.075000,-0.002529
48.700465,0.100453,-0.064739,2.564151,-0.069091,0.046012,0.202511,0.075000,-0.002965
48.733728,0.099189,-0.063916,2.564426,-0.069091,0.046012,0.201003,0.075000,-0.003693
48.767034,0.097971,-0.063123,2.564319,-0.075366,0.050181,0.207084,0.075000,-0.004033
48.800206,0.095539,-0.061539,2.564346,-0.075366,0.050181,0.204181,0.075000,-0.004213
48.833313,0.095539,-0.061539,2.564346,-0.075366,0.050181,0.204181,0.075000,-0.004213
48.867112,0.095539,-0.061539,2.564346,-0.075366,0.050181,0.204181,0.075000,-0.004213
48.900202,0.095539,-0.061539,2.564346,-0.075366,0.050181,0.204181,0.075000,-0.004213
48.933831,0.086659,-0.055746,2.562915,-0.081641,0.054347,0.201110,0.075000,-0.001507
48.967061,0.084076,-0.054058,2.562876,-0.087914,0.058509,0.205553,0.075000,-0.001982
49.000162,0.081604,-0.052444,2.562660,-0.087914,0.058509,0.202601,0.075000,-0.001506
49.033595,0.080100,-0.051460,2.562890,-0.087914,0.058509,0.200803,0.075000,-0.002105
49.066742,0.077835,-0.049980,2.562519,-0.094186,0.062667,0.205622,0.075000,-0.001700
49.100501,0.075259,-0.048295,2.562059,-0.094186,0.062667,0.202544,0.075000,-0.000608
49.133478,0.072705,-0.046624,2.561791,-0.100456,0.066820,0.207013,0.075000,-0.000420
49.167039,0.071424,-0.045785,2.561441,-0.100456,0.066820,0.205482,0.075000,0.000425
49.200344,0.068875,-0.044114,2.561716,-0.100456,0.066820,0.202433,0.075000,-0.000243
49.233437,0.066393,-0.042489,2.562516,-0.106724,0.070969,0.206984,0.075000,-0.002595
49.267024,0.065201,-0.041710,2.562786,-0.106724,0.070969,0.205560,0.075000,-0.003288
49.300415,0.062828,-0.040159,2.562955,-0.106724,0.070969,0.202724,0.075000,-0.003799
49.333474,0.060384,-0.038562,2.562566,-0.112990,0.075113,0.207317,0.075000,-0.003184
49.366942,0.059140,-0.037749,2.562566,-0.112990,0.075113,0.205832,0.075000,-0.003230
49.400184,0.056610,-0.036095,2.562512,-0.112990,0.075113,0.202809,0.075000,-0.003193
49.433371,0.054044,-0.034417,2.561906,-0.119255,0.079251,0.207251,0.075000,-0.002006
49.467099,0.052720,-0.033550,2.561636,-0.119255,0.079251,0.205668,0.075000,-0.001380
49.500373,0.050012,-0.031775,2.561067,-0.119255,0.079251,0.202430,0.075000,-0.000014
49.533796,0.048748,-0.030946,2.561425,-0.119255,0.079251,0.200918,0.075000,-0.000903
49.567056,0.046309,-0.029348,2.561829,-0.125517,0.083384,0.205506,0.075000,-0.002131
49.600383,0.043792,-0.027699,2.561856,-0.125517,0.083384,0.202497,0.075000,-0.002261
49.633542,0.041255,-0.026039,2.562106,-0.131777,0.087512,0.206963,0.075000,-0.003047
49.667041,0.040039,-0.025243,2.562214,-0.131777,0.087512,0.205510,0.075000,-0.003353
49.700356,0.037545,-0.023611,2.562321,-0.131777,0.087512,0.202529,0.075000,-0.003718
49.733795,0.036248,-0.022762,2.562074,-0.131777,0.087512,0.200979,0.075000,-0.003159
49.767022,0.034959,-0.021919,2.561488,-0.138035,0.091633,0.206931,0.075000,-0.001812
49.800418,0.034959,-0.021919,2.561488,-0.138035,0.091633,0.206931,0.075000,-0.001812
49.833718,0.029821,-0.018551,2.561501,-0.138035,0.091633,0.200788,0.075000,-0.001948
49.867008,0.029821,-0.018551,2.561501,-0.138035,0.091633,0.200788,0.075000,-0.001948
49.900161,0.029821,-0.018551,2.561501,-0.138035,0.091633,0.200788,0.075000,-0.001948
49.933690,0.029821,-0.018551,2.561501,-0.138035,0.091633,0.200788,0.075000,-0.001948
49.967013,0.029821,-0.018551,2.561501,-0.138035,0.091633,0.200788,0.075000,-0.001948
50.000113,0.029821,-0.018551,2.561501,-0.138035,0.091633,0.200788,0.075000,-0.001948
50.033299,0.029821,-0.018551,2.561501,-0.138035,0.091633,0.200788,0.075000,-0.001948
50.066937,0.029821,-0.018551,2.561501,-0.138035,0.091633,0.200788,0.075000,-0.001948
50.100347,0.029821,-0.018551,2.561501,-0.138035,0.091633,0.200788,0.075000,-0.001948
50.133701,0.029821,-0.018551,2.561501,-0.138035,0.091633,0.200788,0.075000,-0.001948
50.166613,0.029821,-0.018551,2.561501,-0.138035,0.091633,0.200788,0.075000,-0.001948
50.208385,0.028884,-0.017937,2.561459,-0.144290,0.095747,0.207155,0.075000,-0.001879
50.233607,0.004879,-0.002174,2.560241,-0.163040,0.108049,0.200863,0.075000,0.001206
50.266878,0.002393,-0.000541,2.560133,-0.169285,0.112135,0.205351,0.075000,0.001590
50.300356,-0.000035,0.001056,2.559728,-0.169285,0.112135,0.202446,0.075000,0.002642
50.333358,-0.002548,0.002709,2.559703,-0.175526,0.116213,0.206893,0.075000,0.002861
50.367016,-0.003797,0.003531,2.559649,-0.175526,0.116213,0.205398,0.075000,0.003034
50.400372,-0.006253,0.005146,2.559649,-0.175526,0.116213,0.202459,0.075000,0.003123
50.433359,-0.008560,0.006665,2.559675,-0.181765,0.120283,0.207145,0.075000,0.003255
50.466733,-0.009769,0.007460,2.559541,-0.181765,0.120283,0.205698,0.075000,0.003628
50.500068,-0.012300,0.009125,2.559647,-0.181765,0.120283,0.202669,0.075000,0.003474
50.533380,-0.014733,0.010726,2.559536,-0.188000,0.124345,0.207197,0.075000,0.003992
50.567055,-0.016002,0.011561,2.559160,-0.188000,0.124345,0.205678,0.075000,0.004966
50.600480,-0.018552,0.013241,2.559479,-0.188000,0.124345,0.202624,0.075000,0.004327
50.633336,-0.021182,0.014972,2.559564,-0.194232,0.128398,0.206910,0.075000,0.004421
50.667030,-0.022468,0.015818,2.559428,-0.194232,0.128398,0.205370,0.075000,0.004817
50.700044,-0.025109,0.017557,2.559266,-0.194232,0.128398,0.202208,0.075000,0.005370
50.733639,-0.026716,0.018615,2.559628,-0.194232,0.128398,0.200284,0.075000,0.004570
50.766804,-0.029008,0.020122,2.559927,-0.200460,0.132441,0.204967,0.075000,0.004176
50.800003,-0.029008,0.020122,2.559927,-0.200460,0.132441,0.204967,0.075000,0.004176
50.833559,-0.031479,0.021747,2.559792,-0.200460,0.132441,0.202010,0.075000,0.004632
50.866979,-0.031479,0.021747,2.559792,-0.200460,0.132441,0.202010,0.075000,0.004632
50.899961,-0.031479,0.021747,2.559792,-0.200460,0.132441,0.202010,0.075000,0.004632
50.934447,-0.033311,0.022952,2.559986,-0.206685,0.136476,0.207235,0.075000,0.004518
50.967184,-0.041619,0.028412,2.560161,-0.212907,0.140501,0.204703,0.075000,0.004831
51.000106,-0.044055,0.030013,2.560593,-0.212907,0.140501,0.201788,0.075000,0.003899
51.033707,-0.045201,0.030766,2.560918,-0.212907,0.140501,0.200417,0.075000,0.003141
51.066751,-0.047509,0.032279,2.561038,-0.219125,0.144516,0.205059,0.075000,0.003350
51.100363,-0.049980,0.033900,2.561280,-0.219125,0.144516,0.202103,0.075000,0.002848
51.133473,-0.052506,0.035556,2.561335,-0.225338,0.148521,0.206476,0.075000,0.003273
51.166934,-0.053779,0.036391,2.561335,-0.225338,0.148521,0.204952,0.075000,0.003322
51.200407,-0.056416,0.038120,2.560910,-0.225338,0.148521,0.201800,0.075000,0.004482
51.233397,-0.059086,0.039871,2.561181,-0.231548,0.152515,0.205990,0.075000,0.004430
51.267179,-0.060415,0.040743,2.561208,-0.231548,0.152515,0.204400,0.075000,0.004433
51.300547,-0.062930,0.042392,2.561485,-0.231548,0.152515,0.201393,0.075000,0.003876
51.333423,-0.065467,0.044053,2.562107,-0.237754,0.156499,0.205735,0.075000,0.003013
51.367269,-0.066740,0.044887,2.562269,-0.237754,0.156499,0.204213,0.075000,0.002662
51.400215,-0.069264,0.046537,2.562404,-0.237754,0.156499,0.201198,0.075000,0.002405
51.433384,-0.071840,0.048222,2.562486,-0.243956,0.160472,0.205485,0.075000,0.002927
51.466731,-0.073153,0.049081,2.562351,-0.243956,0.160472,0.203916,0.075000,0.003303
51.500307,-0.075733,0.050768,2.562188,-0.243956,0.160472,0.200833,0.075000,0.003815
51.533630,-0.078292,0.052443,2.561772,-0.250153,0.164433,0.205129,0.075000,0.005606
51.566934,-0.079572,0.053282,2.561503,-0.250153,0.164433,0.203599,0.075000,0.006353
51.600373,-0.082140,0.054964,2.561755,-0.250153,0.164433,0.200529,0.075000,0.005916
51.633556,-0.084536,0.056533,2.561737,-0.256346,0.168383,0.205010,0.075000,0.006760
51.666939,-0.085686,0.057286,2.561980,-0.256346,0.168383,0.203636,0.075000,0.006253
51.700326,-0.088037,0.058825,2.562203,-0.256346,0.168383,0.200826,0.075000,0.005873
51.733680,-0.090565,0.060479,2.562808,-0.262535,0.172321,0.205140,0.075000,0.005253
51.766983,-0.090565,0.060479,2.562808,-0.262535,0.172321,0.205140,0.075000,0.005253
51.800194,-0.093090,0.062128,2.562920,-0.262535,0.172321,0.202124,0.075000,0.005131
51.833778,-0.093090,0.062128,2.562920,-0.262535,0.172321,0.202124,0.075000,0.005131
51.867057,-0.093090,0.062128,2.562920,-0.262535,0.172321,0.202124,0.075000,0.005131
51.900351,-0.093090,0.062128,2.562920,-0.262535,0.172321,0.202124,0.075000,0.005131
51.933316,-0.103315,0.068801,2.563935,-0.274898,0.180161,0.204552,0.075000,0.004824
51.967088,-0.104555,0.069610,2.564367,-0.274898,0.180161,0.203072,0.075000,0.003832
52.000304,-0.107047,0.071232,2.564435,-0.274898,0.180161,0.200098,0.075000,0.003776
52.033664,-0.108296,0.072045,2.564352,-0.281072,0.184062,0.205911,0.075000,0.004944
52.066996,-0.110708,0.073616,2.564485,-0.281072,0.184062,0.203033,0.075000,0.004755
52.100328,-0.113335,0.075327,2.563925,-0.287241,0.187950,0.207190,0.075000,0.007177
52.133738,-0.115852,0.076966,2.565011,-0.287241,0.187950,0.204186,0.075000,0.004714
52.167316,-0.117180,0.077829,2.564337,-0.287241,0.187950,0.202602,0.075000,0.006452
52.200242,-0.119690,0.079464,2.564878,-0.293406,0.191825,0.206887,0.075000,0.006243
52.233920,-0.121148,0.080412,2.565437,-0.293406,0.191825,0.205148,0.075000,0.004986
52.267157,-0.123343,0.081838,2.565694,-0.293406,0.191825,0.202531,0.075000,0.004477
52.300354,-0.125787,0.083425,2.565325,-0.299565,0.195687,0.206885,0.075000,0.006536
52.333902,-0.127055,0.084249,2.565352,-0.299565,0.195687,0.205373,0.075000,0.006565
52.366887,-0.129633,0.085923,2.565969,-0.299565,0.195687,0.202299,0.075000,0.005237
52.400241,-0.132118,0.087536,2.566363,-0.305719,0.199535,0.206594,0.075000,0.005497
52.433597,-0.133624,0.088512,2.566330,-0.305719,0.199535,0.204799,0.075000,0.005674
52.467110,-0.135916,0.089999,2.566256,-0.305719,0.199535,0.202067,0.075000,0.006016
52.500225,-0.138483,0.091663,2.566884,-0.311868,0.203368,0.206253,0.075000,0.005763
52.533885,-0.139750,0.092484,2.567076,-0.311868,0.203368,0.204744,0.075000,0.005379
52.567768,-0.142220,0.094082,2.567647,-0.311868,0.203368,0.201801,0.075000,0.004120
52.600504,-0.144847,0.095782,2.567136,-0.318011,0.207188,0.205905,0.075000,0.006712
52.633651,-0.146187,0.096649,2.567026,-0.318011,0.207188,0.204309,0.075000,0.007086
52.667216,-0.148974,0.098454,2.566840,-0.318011,0.207188,0.200988,0.075000,0.007788
52.700699,-0.151227,0.099912,2.567191,-0.324148,0.210993,0.205526,0.075000,0.008285
52.733695,-0.152563,0.100777,2.567548,-0.324148,0.210993,0.203934,0.075000,0.007539
52.766764,-0.155155,0.102453,2.567921,-0.324148,0.210993,0.200847,0.075000,0.006838
52.800491,-0.155155,0.102453,2.567921,-0.324148,0.210993,0.200847,0.075000,0.006838
52.833728,-0.155155,0.102453,2.567921,-0.324148,0.210993,0.200847,0.075000,0.006838
52.866895,-0.161156,0.106326,2.569186,-0.330280,0.214783,0.200913,0.075000,0.005428
52.900187,-0.163583,0.107890,2.569069,-0.336406,0.218558,0.205220,0.075000,0.007208
52.933429,-0.166021,0.109461,2.569254,-0.336406,0.218558,0.202320,0.075000,0.006957
52.966833,-0.167273,0.110268,2.569254,-0.336406,0.218558,0.200830,0.075000,0.007061
53.000475,-0.169848,0.111926,2.569702,-0.342526,0.222318,0.204949,0.075000,0.007519
53.033394,-0.172409,0.113575,2.569582,-0.342526,0.222318,0.201903,0.075000,0.008048
53.067115,-0.173605,0.114345,2.570149,-0.342526,0.222318,0.200481,0.075000,0.006747
53.100303,-0.176236,0.116037,2.570538,-0.348640,0.226062,0.204521,0.075000,0.007414
53.133337,-0.178752,0.117652,2.570946,-0.348640,0.226062,0.201531,0.075000,0.006619
53.166943,-0.179970,0.118434,2.571135,-0.348640,0.226062,0.200083,0.075000,0.006243
53.200550,-0.182502,0.120059,2.570910,-0.354748,0.229790,0.204229,0.075000,0.008470
53.233361,-0.185098,0.121725,2.570905,-0.354748,0.229790,0.201145,0.075000,0.008745
53.267145,-0.186368,0.122541,2.571256,-0.360850,0.233502,0.206777,0.075000,0.009442
53.300465,-0.188949,0.124197,2.571349,-0.360850,0.233502,0.203710,0.075000,0.009500
53.333488,-0.191446,0.125797,2.571928,-0.360850,0.233502,0.200745,0.075000,0.008332
53.366912,-0.192731,0.126620,2.572251,-0.366946,0.237198,0.206344,0.075000,0.009164
53.400242,-0.195235,0.128223,2.572591,-0.366946,0.237198,0.203372,0.075000,0.008596
53.433529,-0.196435,0.128990,2.572977,-0.366946,0.237198,0.201948,0.075000,0.007763
53.466739,-0.198838,0.130525,2.573027,-0.373035,0.240877,0.206208,0.075000,0.009420
53.500070,-0.201377,0.132147,2.573452,-0.373035,0.240877,0.203195,0.075000,0.008654
53.533365,-0.203843,0.133721,2.573776,-0.373035,0.240877,0.200271,0.075000,0.008096
53.566999,-0.205098,0.134521,2.573721,-0.379117,0.244539,0.205880,0.075000,0.009961
53.600081,-0.207683,0.136171,2.573654,-0.379117,0.244539,0.202813,0.075000,0.010428
53.633276,-0.210259,0.137814,2.574295,-0.385193,0.248184,0.206842,0.075000,0.010752
53.666646,-0.211528,0.138622,2.574511,-0.385193,0.248184,0.205337,0.075000,0.010384
53.699974,-0.214087,0.140251,2.575355,-0.385193,0.248184,0.202304,0.075000,0.008607
53.733301,-0.215403,0.141088,2.575547,-0.385193,0.248184,0.200745,0.075000,0.008264
53.766636,-0.216648,0.141879,2.575973,-0.391262,0.251812,0.206338,0.075000,0.009056
53.800023,-0.219184,0.143489,2.576108,-0.391262,0.251812,0.203334,0.075000,0.008991
53.833429,-0.221715,0.145095,2.576108,-0.391262,0.251812,0.200336,0.075000,0.009262
53.866636,-0.221715,0.145095,2.576108,-0.391262,0.251812,0.200336,0.075000,0.009262
53.900137,-0.221715,0.145095,2.576108,-0.391262,0.251812,0.200336,0.075000,0.009262
53.933369,-0.221715,0.145095,2.576108,-0.391262,0.251812,0.200336,0.075000,0.009262
53.968933,-0.222993,0.145906,2.576459,-0.397324,0.255422,0.205877,0.075000,0.010282
54.000220,-0.233549,0.152597,2.577584,-0.403380,0.259014,0.200418,0.075000,0.010619
54.033273,-0.235668,0.153937,2.578002,-0.409428,0.262587,0.204932,0.075000,0.011666
54.066631,-0.236861,0.154691,2.578353,-0.409428,0.262587,0.203522,0.075000,0.010968
54.100255,-0.239371,0.156275,2.578844,-0.409428,0.262587,0.200554,0.075000,0.010065
54.133550,-0.240666,0.157092,2.579302,-0.415469,0.266143,0.206029,0.075000,0.010969
54.166631,-0.243171,0.158670,2.579974,-0.415469,0.266143,0.203069,0.075000,0.009633
54.200180,-0.245721,0.160275,2.580433,-0.415469,0.266143,0.200056,0.075000,0.008771
54.233293,-0.248281,0.161883,2.580793,-0.421503,0.269679,0.204025,0.075000,0.010150
54.266628,-0.249545,0.162677,2.580874,-0.421503,0.269679,0.202531,0.075000,0.010100
54.300167,-0.252090,0.164275,2.581361,-0.427529,0.273197,0.206502,0.075000,0.011178
54.333256,-0.254617,0.165859,2.581796,-0.427529,0.273197,0.203519,0.075000,0.010435
54.366646,-0.255893,0.166659,2.581742,-0.427529,0.273197,0.202013,0.075000,0.010725
54.400169,-0.258429,0.168248,2.582019,-0.433548,0.276696,0.205980,0.075000,0.012373
54.433355,-0.259729,0.169062,2.582239,-0.433548,0.276696,0.204445,0.075000,0.012023
54.466866,-0.262270,0.170653,2.582399,-0.433548,0.276696,0.201447,0.075000,0.011984
54.500137,-0.264939,0.172323,2.582555,-0.439559,0.280175,0.205242,0.075000,0.014009
54.533317,-0.266518,0.173311,2.583049,-0.439559,0.280175,0.203379,0.075000,0.013054
54.566627,-0.268870,0.174781,2.583162,-0.439559,0.280175,0.200605,0.075000,0.013134
54.600115,-0.271305,0.176302,2.583507,-0.445562,0.283634,0.204660,0.075000,0.014723
54.633304,-0.273732,0.177817,2.583897,-0.445562,0.283634,0.201799,0.075000,0.014173
54.666629,-0.274926,0.178562,2.583978,-0.445562,0.283634,0.200392,0.075000,0.014171
54.700114,-0.277384,0.180094,2.584557,-0.451558,0.287074,0.204404,0.075000,0.015240
54.733303,-0.278666,0.180893,2.584777,-0.451558,0.287074,0.202894,0.075000,0.014925
54.766748,-0.281242,0.182496,2.584886,-0.457546,0.290494,0.206753,0.075000,0.017170
54.800051,-0.282530,0.183298,2.585102,-0.457546,0.290494,0.205235,0.075000,0.016898
54.833306,-0.283835,0.184110,2.585616,-0.457546,0.290494,0.203698,0.075000,0.015894
54.866633,-0.287689,0.186503,2.586653,-0.463525,0.293893,0.206037,0.075000,0.016172
54.900185,-0.287689,0.186503,2.586653,-0.463525,0.293893,0.206037,0.075000,0.016172
54.933411,-0.290226,0.188075,2.587192,-0.463525,0.293893,0.203051,0.075000,0.015316
54.966644,-0.290226,0.188075,2.587192,-0.463525,0.293893,0.203051,0.075000,0.015316
55.000162,-0.290226,0.188075,2.587192,-0.463525,0.293893,0.203051,0.075000,0.015316
55.033527,-0.297992,0.192877,2.588756,-0.469497,0.297271,0.200779,0.075000,0.015061
55.066628,-0.300574,0.194469,2.589162,-0.475460,0.300629,0.204585,0.075000,0.016783
55.100233,-0.302343,0.195560,2.590222,-0.475460,0.300629,0.202507,0.075000,0.014512
55.133256,-0.305665,0.197601,2.590885,-0.481415,0.303965,0.205430,0.075000,0.015757
55.166628,-0.306955,0.198394,2.590966,-0.481415,0.303965,0.203916,0.075000,0.015794
55.200063,-0.308772,0.199509,2.591502,-0.481415,0.303965,0.201784,0.075000,0.014801
55.233304,-0.312009,0.201493,2.592085,-0.487362,0.307280,0.204792,0.075000,0.016303
55.266630,-0.313224,0.202237,2.592139,-0.487362,0.307280,0.203367,0.075000,0.016400
55.300291,-0.315831,0.203833,2.592292,-0.487362,0.307280,0.200310,0.075000,0.016521
55.333271,-0.318422,0.205419,2.593165,-0.493300,0.310574,0.204058,0.075000,0.017269
55.366622,-0.319693,0.206195,2.593219,-0.493300,0.310574,0.202569,0.075000,0.017392
55.400194,-0.322257,0.207761,2.593483,-0.499229,0.313846,0.206333,0.075000,0.019633
55.433252,-0.324862,0.209351,2.594491,-0.499229,0.313846,0.203281,0.075000,0.017738
55.466630,-0.326177,0.210152,2.595031,-0.499229,0.313846,0.201741,0.075000,0.016671
55.500117,-0.328700,0.211686,2.596458,-0.505150,0.317095,0.205538,0.075000,0.016141
55.533253,-0.331236,0.213223,2.597295,-0.505150,0.317095,0.202573,0.075000,0.014545
55.566629,-0.332524,0.214002,2.597538,-0.505150,0.317095,0.201067,0.075000,0.014160
55.600230,-0.335093,0.215557,2.597918,-0.511062,0.320323,0.204795,0.075000,0.016276
55.633298,-0.337641,0.217096,2.598323,-0.511062,0.320323,0.201818,0.075000,0.015757
55.666626,-0.338936,0.217879,2.598593,-0.511062,0.320323,0.200305,0.075000,0.015321
55.700135,-0.341582,0.219475,2.599528,-0.516964,0.323528,0.203927,0.075000,0.016162
55.733320,-0.342937,0.220291,2.600187,-0.516964,0.323528,0.202345,0.075000,0.014786
55.766630,-0.345482,0.221821,2.600723,-0.522858,0.326710,0.206068,0.075000,0.016599
55.800189,-0.345482,0.221821,2.600723,-0.522858,0.326710,0.206068,0.075000,0.016599
55.844768,-0.347322,0.222925,2.600685,-0.522858,0.326710,0.203922,0.075000,0.017043
55.866852,-0.352081,0.225783,2.600650,-0.528743,0.329870,0.205045,0.075000,0.020755
55.900131,-0.354264,0.227094,2.601114,-0.528743,0.329870,0.202499,0.075000,0.020133
55.933261,-0.356786,0.228607,2.602247,-0.534618,0.333006,0.206212,0.075000,0.020583
55.966822,-0.358083,0.229383,2.602544,-0.534618,0.333006,0.204700,0.075000,0.020164
56.000201,-0.360743,0.230973,2.603003,-0.534618,0.333006,0.201601,0.075000,0.019643
56.033277,-0.363387,0.232553,2.603890,-0.540484,0.336119,0.205157,0.075000,0.020799
56.066905,-0.364724,0.233350,2.604431,-0.540484,0.336119,0.203600,0.075000,0.019790
56.100320,-0.367283,0.234873,2.605620,-0.540484,0.336119,0.200622,0.075000,0.017408
56.133272,-0.369815,0.236376,2.606624,-0.546340,0.339208,0.204293,0.075000,0.018328
56.166880,-0.371082,0.237126,2.606840,-0.546340,0.339208,0.202821,0.075000,0.018064
56.200179,-0.373670,0.238659,2.607370,-0.552187,0.342274,0.206408,0.075000,0.020169
56.233268,-0.376202,0.240157,2.607797,-0.552187,0.342274,0.203466,0.075000,0.019704
56.266879,-0.377500,0.240924,2.608202,-0.552187,0.342274,0.201959,0.075000,0.018996
56.300203,-0.380064,0.242437,2.609332,-0.558024,0.345315,0.205556,0.075000,0.019712
56.333269,-0.382773,0.244032,2.609881,-0.558024,0.345315,0.202413,0.075000,0.018962
56.367202,-0.384093,0.244808,2.610475,-0.558024,0.345315,0.200882,0.075000,0.017775
56.400313,-0.386608,0.246285,2.611353,-0.563851,0.348332,0.204521,0.075000,0.019177
56.433614,-0.387914,0.247051,2.611436,-0.563851,0.348332,0.203007,0.075000,0.019260
56.467205,-0.390405,0.248511,2.611679,-0.563851,0.348332,0.200120,0.075000,0.019212
56.500455,-0.392926,0.249987,2.612212,-0.569669,0.351325,0.203734,0.075000,0.021539
56.533748,-0.395465,0.251472,2.612902,-0.569669,0.351325,0.200792,0.075000,0.020452
56.567200,-0.396742,0.252218,2.613415,-0.575476,0.354293,0.205828,0.075000,0.022541
56.600250,-0.399388,0.253761,2.614374,-0.575476,0.354293,0.202765,0.075000,0.020855
56.633695,-0.400735,0.254545,2.615151,-0.575476,0.354293,0.201207,0.075000,0.019251
56.667135,-0.403399,0.256092,2.616696,-0.581273,0.357236,0.204620,0.075000,0.019220
56.699998,-0.406015,0.257607,2.617183,-0.581273,0.357236,0.201598,0.075000,0.018590
56.733509,-0.407634,0.258543,2.617676,-0.587061,0.360155,0.206200,0.075000,0.020943
56.766861,-0.409941,0.259875,2.618730,-0.587061,0.360155,0.203537,0.075000,0.018895
56.800159,-0.411269,0.260641,2.619087,-0.587061,0.360155,0.202004,0.075000,0.018299
56.833481,-0.411269,0.260641,2.619087,-0.587061,0.360155,0.202004,0.075000,0.018299
56.882978,-0.412505,0.261352,2.619326,-0.587061,0.360155,0.200578,0.075000,0.017964
56.900066,-0.419384,0.265307,2.620510,-0.598604,0.365915,0.205528,0.075000,0.023248
56.933553,-0.420419,0.265902,2.620986,-0.598604,0.365915,0.204334,0.075000,0.022355
56.966829,-0.423239,0.267517,2.622175,-0.598604,0.365915,0.201085,0.075000,0.020112
57.000146,-0.425558,0.268842,2.622880,-0.604360,0.368757,0.204824,0.075000,0.022308
57.033275,-0.428107,0.270297,2.623078,-0.604360,0.368757,0.201889,0.075000,0.022463
57.066642,-0.429367,0.271016,2.622863,-0.604360,0.368757,0.200439,0.075000,0.023327
57.100057,-0.431896,0.272459,2.623300,-0.610105,0.371572,0.203916,0.075000,0.026307
57.133261,-0.434518,0.273953,2.625033,-0.610105,0.371572,0.200899,0.075000,0.022774
57.166653,-0.435854,0.274712,2.625680,-0.615840,0.374362,0.205730,0.075000,0.024947
57.200693,-0.438471,0.276195,2.626983,-0.615840,0.374362,0.202723,0.075000,0.022469
57.233301,-0.441152,0.277710,2.628293,-0.621563,0.377126,0.205990,0.075000,0.023423
57.266661,-0.442506,0.278473,2.629025,-0.621563,0.377126,0.204435,0.075000,0.021992
57.300072,-0.445203,0.279991,2.629565,-0.621563,0.377126,0.201341,0.075000,0.021327
57.333345,-0.446505,0.280722,2.630444,-0.627276,0.379863,0.206173,0.075000,0.023065
57.366858,-0.449127,0.282192,2.631786,-0.627276,0.379863,0.203167,0.075000,0.020441
57.400049,-0.451690,0.283624,2.632799,-0.627276,0.379863,0.200231,0.075000,0.018508
57.433316,-0.454307,0.285084,2.633367,-0.632978,0.382573,0.203537,0.075000,0.021466
57.466691,-0.455608,0.285808,2.633637,-0.632978,0.382573,0.202048,0.075000,0.021115
57.500234,-0.458288,0.287299,2.634894,-0.638669,0.385257,0.205263,0.075000,0.022408
57.533251,-0.461005,0.288806,2.635711,-0.638669,0.385257,0.202156,0.075000,0.021073
57.566795,-0.462336,0.289543,2.635953,-0.638669,0.385257,0.200635,0.075000,0.020791
57.600128,-0.464936,0.290982,2.637427,-0.644349,0.387913,0.203922,0.075000,0.021634
57.633262,-0.467557,0.292427,2.638216,-0.644349,0.387913,0.200930,0.075000,0.020311
57.666753,-0.468871,0.293151,2.638621,-0.650017,0.390542,0.205667,0.075000,0.023498
57.700186,-0.471462,0.294576,2.639400,-0.650017,0.390542,0.202710,0.075000,0.022260
57.733353,-0.472790,0.295305,2.639869,-0.650017,0.390542,0.201195,0.075000,0.021433
57.766693,-0.475424,0.296749,2.640457,-0.655674,0.393144,0.204407,0.075000,0.024577
57.800207,-0.476774,0.297488,2.640863,-0.655674,0.393144,0.202868,0.075000,0.023951
57.833369,-0.476774,0.297488,2.640863,-0.655674,0.393144,0.202868,0.075000,0.023951
57.866746,-0.476774,0.297488,2.640863,-0.655674,0.393144,0.202868,0.075000,0.023951
57.900252,-0.476774,0.297488,2.640863,-0.655674,0.393144,0.202868,0.075000,0.023951
57.933777,-0.476774,0.297488,2.640863,-0.655674,0.393144,0.202868,0.075000,0.023951
57.966685,-0.476774,0.297488,2.640863,-0.655674,0.393144,0.202868,0.075000,0.023951
58.016078,-0.478115,0.298223,2.641607,-0.655674,0.393144,0.201338,0.075000,0.022470
58.033355,-0.492340,0.305941,2.647297,-0.672575,0.400783,0.203666,0.075000,0.024296
58.066793,-0.495069,0.307412,2.647675,-0.672575,0.400783,0.200565,0.075000,0.024110
58.100120,-0.497817,0.308891,2.648404,-0.678185,0.403274,0.203570,0.075000,0.027238
58.133323,-0.500476,0.310319,2.649729,-0.678185,0.403274,0.200552,0.075000,0.024749
58.166702,-0.501752,0.311003,2.650080,-0.683783,0.405736,0.205207,0.075000,0.028410
58.200150,-0.504255,0.312342,2.651540,-0.683783,0.405736,0.202368,0.075000,0.025592
58.233418,-0.506893,0.313747,2.653025,-0.689370,0.408170,0.205459,0.075000,0.026913
58.268190,-0.508234,0.314460,2.653349,-0.689370,0.408170,0.203940,0.075000,0.026521
58.302144,-0.510896,0.315873,2.654079,-0.689370,0.408170,0.200927,0.075000,0.025502
58.333376,-0.513624,0.317319,2.655114,-0.694944,0.410575,0.203896,0.075000,0.028067
58.371648,-0.514955,0.318023,2.655951,-0.694944,0.410575,0.202390,0.075000,0.026420
58.401497,-0.517653,0.319446,2.657475,-0.700506,0.412951,0.205374,0.075000,0.027797
58.433744,-0.519254,0.320287,2.658514,-0.700506,0.412951,0.203566,0.075000,0.025740
58.470640,-0.521665,0.321551,2.659584,-0.700506,0.412951,0.200843,0.075000,0.023770
58.500475,-0.524328,0.322944,2.660650,-0.706056,0.415298,0.203849,0.075000,0.026386
58.533871,-0.525584,0.323599,2.661297,-0.706056,0.415298,0.202432,0.075000,0.025157
58.566792,-0.528104,0.324912,2.662028,-0.711593,0.417616,0.205578,0.075000,0.028556
58.600045,-0.530809,0.326318,2.662487,-0.711593,0.417616,0.202530,0.075000,0.028282
58.633341,-0.533489,0.327710,2.662730,-0.717118,0.419905,0.205474,0.075000,0.032995
58.666657,-0.534824,0.328403,2.663137,-0.717118,0.419905,0.203970,0.075000,0.032488
58.700037,-0.537536,0.329809,2.663840,-0.717118,0.419905,0.200915,0.075000,0.031727
58.733324,-0.539209,0.330675,2.664431,-0.722631,0.422164,0.204973,0.075000,0.035326
58.766717,-0.541595,0.331908,2.665113,-0.722631,0.422164,0.202287,0.075000,0.034582
58.800074,-0.541595,0.331908,2.665113,-0.722631,0.422164,0.202287,0.075000,0.034582
58.833355,-0.545387,0.333863,2.666948,-0.728130,0.424394,0.203939,0.075000,0.036000
58.866742,-0.546698,0.334536,2.667542,-0.728130,0.424394,0.202465,0.075000,0.035060
58.900115,-0.546698,0.334536,2.667542,-0.728130,0.424394,0.202465,0.075000,0.035060
58.933447,-0.546698,0.334536,2.667542,-0.728130,0.424394,0.202465,0.075000,0.035060
58.968932,-0.546698,0.334536,2.667542,-0.728130,0.424394,0.202465,0.075000,0.035060
59.003222,-0.546698,0.334536,2.667542,-0.728130,0.424394,0.202465,0.075000,0.035060
59.033369,-0.560271,0.341444,2.674681,-0.744552,0.430903,0.204847,0.075000,0.036543
59.066725,-0.561615,0.342121,2.675383,-0.744552,0.430903,0.203343,0.075000,0.035358
59.100120,-0.564278,0.343460,2.676781,-0.744552,0.430903,0.200362,0.075000,0.032919
59.133320,-0.566846,0.344748,2.677648,-0.750000,0.433013,0.203313,0.075000,0.036560
59.166803,-0.568179,0.345415,2.678488,-0.750000,0.433013,0.201822,0.075000,0.035021
59.200149,-0.570863,0.346754,2.679499,-0.755435,0.435092,0.204623,0.075000,0.038372
59.233307,-0.573583,0.348108,2.680249,-0.755435,0.435092,0.201585,0.075000,0.037672
59.266797,-0.574943,0.348784,2.680898,-0.755435,0.435092,0.200066,0.075000,0.036626
59.300137,-0.577674,0.350139,2.682239,-0.760856,0.437141,0.202793,0.075000,0.039326
59.335795,-0.579064,0.350827,2.683063,-0.760856,0.437141,0.201242,0.075000,0.037887
59.369476,-0.581780,0.352166,2.684137,-0.766265,0.439158,0.203967,0.075000,0.041265
59.401738,-0.583147,0.352839,2.684925,-0.766265,0.439158,0.202443,0.075000,0.039943
59.433361,-0.587141,0.354798,2.687293,-0.771659,0.441146,0.203723,0.075000,0.040755
59.466643,-0.588396,0.355410,2.687805,-0.771659,0.441146,0.202327,0.075000,0.040055
59.500089,-0.591005,0.356682,2.689112,-0.777041,0.443102,0.205128,0.075000,0.042914
59.533251,-0.593721,0.358001,2.690682,-0.777041,0.443102,0.202109,0.075000,0.040307
59.566643,-0.595084,0.358661,2.691465,-0.777041,0.443102,0.200595,0.075000,0.038966
59.600189,-0.597817,0.359981,2.693098,-0.782408,0.445027,0.203241,0.075000,0.041218
59.633254,-0.600580,0.361308,2.695078,-0.782408,0.445027,0.200176,0.075000,0.037529
59.666751,-0.602053,0.362014,2.696104,-0.787762,0.446921,0.204198,0.075000,0.040791
59.700159,-0.604728,0.363290,2.697787,-0.787762,0.446921,0.201235,0.075000,0.037809
59.733468,-0.606552,0.364157,2.699514,-0.793102,0.448783,0.204847,0.075000,0.039551
59.766625,-0.607463,0.364589,2.700056,-0.793102,0.448783,0.203839,0.075000,0.038614
59.801101,-0.607463,0.364589,2.700056,-0.793102,0.448783,0.203839,0.075000,0.038614
59.841982,-0.608713,0.365179,2.700669,-0.793102,0.448783,0.202457,0.075000,0.037628
59.866872,-0.615717,0.368472,2.704077,-0.798428,0.450614,0.200326,0.075000,0.037475
59.900185,-0.618126,0.369598,2.705556,-0.803740,0.452414,0.203251,0.075000,0.040270
59.933461,-0.620900,0.370889,2.707314,-0.803740,0.452414,0.200192,0.075000,0.037102
59.967011,-0.622277,0.371527,2.707692,-0.809038,0.454181,0.204234,0.075000,0.042222
60.003834,-0.625029,0.372801,2.709123,-0.809038,0.454181,0.201202,0.075000,0.039939
60.036519,-0.626441,0.373453,2.709720,-0.814322,0.455917,0.205181,0.075000,0.044533
60.067267,-0.629116,0.374685,2.711014,-0.814322,0.455917,0.202237,0.075000,0.042630
60.105679,-0.631808,0.375921,2.712661,-0.819592,0.457621,0.204787,0.075000,0.045309
60.133886,-0.633133,0.376527,2.713769,-0.819592,0.457621,0.203329,0.075000,0.043238
60.167202,-0.635916,0.377794,2.716013,-0.819592,0.457621,0.200272,0.075000,0.038944
60.202719,-0.638589,0.379003,2.718465,-0.824847,0.459292,0.202826,0.075000,0.039770
60.238941,-0.641485,0.380306,2.720728,-0.830087,0.460932,0.205113,0.075000,0.041163
60.266943,-0.642917,0.380947,2.722105,-0.830087,0.460932,0.203544,0.075000,0.038420
60.300933,-0.645636,0.382159,2.723175,-0.830087,0.460932,0.200568,0.075000,0.036892
60.333425,-0.647033,0.382780,2.723835,-0.835313,0.462539,0.204477,0.075000,0.041716
60.367155,-0.649812,0.384012,2.725201,-0.835313,0.462539,0.201438,0.075000,0.039579
60.400129,-0.652527,0.385212,2.726687,-0.840525,0.464113,0.203884,0.075000,0.043010
60.433333,-0.655240,0.386405,2.728337,-0.840525,0.464113,0.200921,0.075000,0.040166
60.466695,-0.656580,0.386993,2.729257,-0.845722,0.465655,0.204847,0.075000,0.044435
60.500052,-0.659354,0.388205,2.731368,-0.845722,0.465655,0.201821,0.075000,0.040530
60.533336,-0.662077,0.389388,2.733033,-0.850903,0.467164,0.204217,0.075000,0.043682
60.566824,-0.663459,0.389986,2.733952,-0.850903,0.467164,0.202712,0.075000,0.042065
60.600116,-0.666333,0.391226,2.736377,-0.856070,0.468641,0.204923,0.075000,0.043478
60.633418,-0.669213,0.392459,2.738195,-0.856070,0.468641,0.201791,0.075000,0.040315
60.666770,-0.670606,0.393054,2.739328,-0.856070,0.468641,0.200275,0.075000,0.038101
60.700095,-0.673432,0.394255,2.741495,-0.861222,0.470085,0.202522,0.075000,0.040286
60.733628,-0.674875,0.394865,2.741906,-0.861222,0.470085,0.200956,0.075000,0.039893
60.766768,-0.677508,0.395976,2.743260,-0.866359,0.471495,0.203391,0.075000,0.044058
60.800010,-0.678849,0.396540,2.743790,-0.866359,0.471495,0.201936,0.075000,0.043382
60.834343,-0.678849,0.396540,2.743790,-0.866359,0.471495,0.201936,0.075000,0.043382
60.866751,-0.678849,0.396540,2.743790,-0.866359,0.471495,0.201936,0.075000,0.043382
60.900052,-0.678849,0.396540,2.743790,-0.866359,0.471495,0.201936,0.075000,0.043382
60.939940,-0.680216,0.397115,2.744600,-0.866359,0.471495,0.200454,0.075000,0.042005
60.966680,-0.691239,0.401695,2.752420,-0.881678,0.475528,0.204251,0.075000,0.047274
61.000175,-0.693995,0.402824,2.753465,-0.881678,0.475528,0.201273,0.075000,0.046080
61.033985,-0.695915,0.403609,2.755000,-0.886753,0.476806,0.204394,0.075000,0.049764
61.066817,-0.698124,0.404507,2.756970,-0.886753,0.476806,0.202011,0.075000,0.046056
61.100525,-0.700889,0.405625,2.758303,-0.891813,0.478050,0.204200,0.075000,0.050735
61.135168,-0.702274,0.406184,2.758991,-0.891813,0.478050,0.202707,0.075000,0.049787
61.166822,-0.705321,0.407409,2.760865,-0.896857,0.479261,0.204570,0.075000,0.053372
61.200401,-0.707879,0.408431,2.762934,-0.896857,0.479261,0.201816,0.075000,0.049699
61.233378,-0.710698,0.409551,2.765220,-0.901886,0.480438,0.203907,0.075000,0.052268
61.266755,-0.712163,0.410130,2.766516,-0.901886,0.480438,0.202331,0.075000,0.049882
61.300099,-0.715104,0.411286,2.768762,-0.906899,0.481581,0.204271,0.075000,0.052675
61.333350,-0.717929,0.412389,2.770518,-0.906899,0.481581,0.201239,0.075000,0.049896
61.366674,-0.719806,0.413120,2.772514,-0.911895,0.482691,0.204300,0.075000,0.052847
61.400129,-0.722260,0.414067,2.774423,-0.911895,0.482691,0.201670,0.075000,0.049483
61.433272,-0.724712,0.415009,2.775872,-0.916876,0.483766,0.204095,0.075000,0.054164
61.466717,-0.726040,0.415518,2.776466,-0.916876,0.483766,0.202673,0.075000,0.053464
61.500360,-0.728812,0.416577,2.778102,-0.921841,0.484808,0.204733,0.075000,0.057925
61.533284,-0.731638,0.417650,2.780523,-0.921841,0.484808,0.201711,0.075000,0.053651
61.566682,-0.733080,0.418194,2.781515,-0.921841,0.484808,0.200170,0.075000,0.052003
61.599995,-0.735824,0.419226,2.782873,-0.926789,0.485816,0.202243,0.075000,0.057365
61.633462,-0.738633,0.420278,2.784963,-0.931722,0.486789,0.204224,0.075000,0.060949
61.666792,-0.740028,0.420798,2.785881,-0.931722,0.486789,0.202734,0.075000,0.059584
61.700008,-0.742868,0.421851,2.787668,-0.936638,0.487729,0.204662,0.075000,0.064012
61.733702,-0.744569,0.422480,2.789049,-0.936638,0.487729,0.202849,0.075000,0.061758
61.767894,-0.745672,0.422885,2.790001,-0.936638,0.487729,0.201675,0.075000,0.060120
61.800002,-0.749910,0.424435,2.793084,-0.941537,0.488634,0.202095,0.075000,0.062435
61.833547,-0.749910,0.424435,2.793084,-0.941537,0.488634,0.202095,0.075000,0.062435
61.866653,-0.749910,0.424435,2.793084,-0.941537,0.488634,0.202095,0.075000,0.062435
61.912502,-0.749910,0.424435,2.793084,-0.941537,0.488634,0.202095,0.075000,0.062435
61.933374,-0.759773,0.427976,2.802321,-0.951286,0.490341,0.201412,0.075000,0.060702
61.966779,-0.761163,0.428466,2.803592,-0.956136,0.491144,0.204800,0.075000,0.065830
62.000131,-0.763995,0.429460,2.806162,-0.956136,0.491144,0.201800,0.075000,0.061413
62.033271,-0.766761,0.430422,2.808266,-0.960969,0.491911,0.203710,0.075000,0.065521
62.066704,-0.768168,0.430909,2.809454,-0.960969,0.491911,0.202221,0.075000,0.063552
62.100472,-0.770994,0.431882,2.812526,-0.965785,0.492644,0.204048,0.075000,0.065407
62.133283,-0.773870,0.432862,2.814775,-0.965785,0.492644,0.201011,0.075000,0.061784
62.166951,-0.775269,0.433336,2.816344,-0.970584,0.493343,0.204325,0.075000,0.066486
62.200191,-0.778181,0.434317,2.818674,-0.970584,0.493343,0.201254,0.075000,0.062725
62.233341,-0.779646,0.434807,2.820048,-0.975366,0.494007,0.204477,0.075000,0.068021
62.266620,-0.782446,0.435738,2.822349,-0.975366,0.494007,0.201527,0.075000,0.064300
62.300306,-0.785343,0.436694,2.825393,-0.980131,0.494636,0.203223,0.075000,0.066593
62.333481,-0.787049,0.437252,2.827270,-0.980131,0.494636,0.201429,0.075000,0.063126
62.366622,-0.789560,0.438066,2.829630,-0.984879,0.495231,0.203512,0.075000,0.066920
62.402712,-0.792436,0.438992,2.831983,-0.984879,0.495231,0.200491,0.075000,0.063064
62.433341,-0.795404,0.439939,2.834560,-0.989609,0.495791,0.202077,0.075000,0.066799
62.467445,-0.796847,0.440397,2.835961,-0.989609,0.495791,0.200563,0.075000,0.064321
62.501303,-0.799685,0.441291,2.838394,-0.994322,0.496315,0.202266,0.075000,0.068425
62.533415,-0.802520,0.442175,2.841495,-0.999018,0.496806,0.203951,0.075000,0.070903
62.566817,-0.803896,0.442601,2.842739,-0.999018,0.496806,0.202511,0.075000,0.068845
62.601531,-0.806661,0.443451,2.845602,-1.003696,0.497261,0.204250,0.075000,0.071942
62.633372,-0.809371,0.444274,2.849658,-1.003696,0.497261,0.201419,0.075000,0.063878
62.666623,-0.810773,0.444696,2.851259,-1.008356,0.497681,0.204565,0.075000,0.069233
62.700140,-0.813992,0.445655,2.853819,-1.008356,0.497681,0.201207,0.075000,0.065174
62.733482,-0.815148,0.445997,2.854619,-1.008356,0.497681,0.200001,0.075000,0.063965
62.766627,-0.818135,0.446876,2.857572,-1.012999,0.498067,0.201476,0.075000,0.067309
62.800223,-0.818135,0.446876,2.857572,-1.012999,0.498067,0.201476,0.075000,0.067309
62.833349,-0.818135,0.446876,2.857572,-1.012999,0.498067,0.201476,0.075000,0.067309
62.896733,-0.819611,0.447307,2.858729,-1.017624,0.498417,0.204503,0.075000,0.073975
62.899957,-0.828372,0.449826,2.866502,-1.026821,0.499013,0.204454,0.075000,0.078559
62.933266,-0.831144,0.450606,2.869831,-1.026821,0.499013,0.201576,0.075000,0.072535
62.966620,-0.832554,0.450999,2.871346,-1.026821,0.499013,0.200112,0.075000,0.069816
63.000070,-0.835302,0.451758,2.875286,-1.031392,0.499259,0.201761,0.075000,0.070976
63.033383,-0.836739,0.452150,2.877103,-1.031392,0.499259,0.200273,0.075000,0.067500
63.066625,-0.839496,0.452895,2.879402,-1.035945,0.499469,0.201894,0.075000,0.072816
63.101068,-0.842401,0.453672,2.882314,-1.040480,0.499645,0.203344,0.075000,0.076769
63.133684,-0.844201,0.454150,2.884058,-1.040480,0.499645,0.201482,0.075000,0.073869
63.166813,-0.846739,0.454817,2.886026,-1.044997,0.499785,0.203293,0.075000,0.079981
63.200176,-0.849976,0.455660,2.889583,-1.049495,0.499890,0.204363,0.075000,0.082812
63.233369,-0.852740,0.456370,2.892027,-1.049495,0.499890,0.201511,0.075000,0.079090
63.266624,-0.854248,0.456755,2.893485,-1.053975,0.499961,0.204346,0.075000,0.085780
63.299971,-0.857159,0.457490,2.896763,-1.053975,0.499961,0.201346,0.075000,0.080196
63.333255,-0.860106,0.458223,2.900171,-1.058436,0.499996,0.202681,0.075000,0.083453
63.366734,-0.861565,0.458582,2.901767,-1.058436,0.499996,0.201180,0.075000,0.080740
63.400186,-0.864485,0.459295,2.904720,-1.062879,0.499996,0.202526,0.075000,0.085228
63.433306,-0.867425,0.460002,2.908449,-1.067304,0.499961,0.203833,0.075000,0.087870
63.466866,-0.868885,0.460348,2.910042,-1.067304,0.499961,0.202334,0.075000,0.085241
63.500141,-0.871754,0.461023,2.912891,-1.071709,0.499890,0.203698,0.075000,0.090100
63.533827,-0.873201,0.461360,2.914485,-1.071709,0.499890,0.202213,0.075000,0.087491
63.566868,-0.876168,0.462042,2.918425,-1.076096,0.499785,0.203459,0.075000,0.089880
63.600119,-0.878162,0.462495,2.921417,-1.076096,0.499785,0.201416,0.075000,0.084288
63.633292,-0.881887,0.463323,2.926391,-1.080464,0.499645,0.201871,0.075000,0.084913
63.670630,-0.883359,0.463645,2.928493,-1.080464,0.499645,0.200365,0.075000,0.080954
63.699966,-0.884831,0.463963,2.930341,-1.084812,0.499469,0.203109,0.075000,0.087461
63.733487,-0.888293,0.464702,2.934252,-1.089142,0.499259,0.203800,0.075000,0.090641
63.766620,-0.890632,0.465192,2.937303,-1.089142,0.499259,0.201412,0.075000,0.085218
63.800166,-0.890632,0.465192,2.937303,-1.089142,0.499259,0.201412,0.075000,0.085218
63.835543,-0.890632,0.465192,2.937303,-1.089142,0.499259,0.201412,0.075000,0.085218
63.866718,-0.890632,0.465192,2.937303,-1.089142,0.499259,0.201412,0.075000,0.085218
63.906755,-0.892091,0.465495,2.939445,-1.093453,0.499013,0.204132,0.075000,0.091096
63.933414,-0.902991,0.467671,2.952086,-1.102017,0.498417,0.201386,0.075000,0.089946
63.966725,-0.905657,0.468181,2.954802,-1.106270,0.498067,0.202827,0.075000,0.095884
64.001169,-0.907125,0.468458,2.956283,-1.106270,0.498067,0.201334,0.075000,0.093635
64.033258,-0.911554,0.469282,2.960827,-1.110503,0.497681,0.200966,0.075000,0.096948
64.066672,-0.913012,0.469548,2.962416,-1.114717,0.497261,0.203600,0.075000,0.104681
64.099966,-0.916045,0.470095,2.966623,-1.114717,0.497261,0.200521,0.075000,0.097405
64.133275,-0.919033,0.470620,2.970520,-1.118912,0.496806,0.201586,0.075000,0.101187
64.167033,-0.920468,0.470868,2.972868,-1.118912,0.496806,0.200132,0.075000,0.096802
64.200308,-0.923427,0.471369,2.977543,-1.123087,0.496315,0.201212,0.075000,0.098747
64.233313,-0.926281,0.471838,2.981623,-1.127242,0.495791,0.202384,0.075000,0.102108
64.269357,-0.927662,0.472061,2.982946,-1.127242,0.495791,0.200985,0.075000,0.100244
64.300602,-0.930618,0.472532,2.986133,-1.131377,0.495231,0.202038,0.075000,0.106069
64.333261,-0.933642,0.473003,2.990192,-1.135493,0.494636,0.203006,0.075000,0.109890
64.366995,-0.935097,0.473225,2.992158,-1.135493,0.494636,0.201536,0.075000,0.106628
64.400318,-0.938045,0.473665,2.996622,-1.139588,0.494007,0.202567,0.075000,0.109510
64.433496,-0.941066,0.474103,3.000939,-1.143664,0.493343,0.203510,0.075000,0.112904
64.466660,-0.942483,0.474304,3.003046,-1.143664,0.493343,0.202079,0.075000,0.109300
64.500100,-0.945406,0.474709,3.007118,-1.147719,0.492644,0.203107,0.075000,0.113333
64.535805,-0.946889,0.474909,3.009727,-1.147719,0.492644,0.201612,0.075000,0.108556
64.566787,-0.949800,0.475292,3.014026,-1.151755,0.491911,0.202637,0.075000,0.112135
64.600363,-0.952748,0.475668,3.017857,-1.155770,0.491144,0.203611,0.075000,0.116980
64.633349,-0.955843,0.476049,3.021943,-1.155770,0.491144,0.200496,0.075000,0.110423
64.667146,-0.957274,0.476221,3.024238,-1.159765,0.490341,0.202982,0.075000,0.117541
64.700345,-0.960179,0.476560,3.028964,-1.159765,0.490341,0.200061,0.075000,0.109157
64.733312,-0.961968,0.476763,3.031734,-1.163739,0.489505,0.202173,0.075000,0.115679
64.767484,-0.963143,0.476892,3.033315,-1.163739,0.489505,0.200992,0.075000,0.113113
64.800123,-0.966706,0.477276,3.037796,-1.167693,0.488634,0.201308,0.075000,0.117553
64.833360,-0.969099,0.477524,3.041096,-1.171627,0.487729,0.202785,0.075000,0.123600
64.866778,-0.969099,0.477524,3.041096,-1.171627,0.487729,0.202785,0.075000,0.123600
64.916137,-0.970925,0.477708,3.044048,-1.171627,0.487729,0.200952,0.075000,0.118528
64.933257,-0.978088,0.478379,3.055134,-1.179433,0.485816,0.201482,0.075000,0.122882
64.966840,-0.979620,0.478511,3.057715,-1.183304,0.484808,0.203782,0.075000,0.129914
65.000102,-0.982630,0.478760,3.062790,-1.183304,0.484808,0.200765,0.075000,0.121176
65.033308,-0.984155,0.478881,3.065390,-1.187155,0.483766,0.203059,0.075000,0.128329
65.066776,-0.987604,0.479139,3.071250,-1.190986,0.482691,0.203413,0.075000,0.129924
65.100151,-0.990281,0.479325,3.075372,-1.190986,0.482691,0.200732,0.075000,0.123135
65.133291,-0.992051,0.479443,3.078449,-1.194795,0.481581,0.202755,0.075000,0.129644
65.166672,-0.994750,0.479610,3.083016,-1.194795,0.481581,0.200055,0.075000,0.121731
65.200294,-0.997680,0.479780,3.087453,-1.198583,0.480438,0.200904,0.075000,0.126529
65.233399,-0.999525,0.479879,3.090385,-1.202350,0.479261,0.202826,0.075000,0.133688
65.266635,-1.002516,0.480029,3.095764,-1.206097,0.478050,0.203590,0.075000,0.136352
65.300095,-1.005120,0.480146,3.100356,-1.206097,0.478050,0.200987,0.075000,0.128468
65.333294,-1.006898,0.480219,3.103909,-1.209822,0.476806,0.202953,0.075000,0.134208
65.366734,-1.009637,0.480319,3.109444,-1.209822,0.476806,0.200215,0.075000,0.124052
65.400353,-1.012548,0.480410,3.113874,-1.213525,0.475528,0.201036,0.075000,0.129279
65.433281,-1.014608,0.480467,3.117519,-1.217208,0.474217,0.202697,0.075000,0.135382
65.466619,-1.017277,0.480528,3.122375,-1.217208,0.474217,0.200030,0.075000,0.126858
65.500159,-1.019901,0.480576,3.126562,-1.220869,0.472873,0.201116,0.075000,0.132547
65.533381,-1.022974,0.480618,3.131525,-1.224509,0.471495,0.201741,0.075000,0.136993
65.566640,-1.024568,0.480634,3.134258,-1.224509,0.471495,0.200150,0.075000,0.132364
65.599967,-1.027674,0.480653,3.139094,-1.228127,0.470085,0.200731,0.075000,0.137359
65.633261,-1.030772,0.480657,-3.138596,-1.231724,0.468641,0.201311,0.075000,0.140816
65.667268,-1.032308,0.480652,-3.135598,-1.235299,0.467164,0.203438,0.075000,0.148241
65.700067,-1.035689,0.480627,-3.130054,-1.235299,0.467164,0.200064,0.075000,0.139387
65.733306,-1.037550,0.480605,-3.127103,-1.238852,0.465655,0.201857,0.075000,0.147643
65.766912,-1.038482,0.480592,-3.125460,-1.238852,0.465655,0.200926,0.075000,0.144933
65.799977,-1.042853,0.480507,-3.116021,-1.242384,0.464113,0.200203,0.075000,0.140804
65.833636,-1.044873,0.480456,-3.111529,-1.245894,0.462539,0.201818,0.075000,0.145671
65.867188,-1.047212,0.480383,-3.107044,-1.249382,0.460932,0.203104,0.075000,0.150984
65.899995,-1.047212,0.480383,-3.107044,-1.249382,0.460932,0.203104,0.075000,0.150984
65.933354,-1.047212,0.480383,-3.107044,-1.249382,0.460932,0.203104,0.075000,0.150984
65.966644,-1.047212,0.480383,-3.107044,-1.249382,0.460932,0.203104,0.075000,0.150984
65.999974,-1.057703,0.479929,-3.086916,-1.259714,0.455917,0.203433,0.075000,0.156299
66.033873,-1.059531,0.479829,-3.083892,-1.259714,0.455917,0.201607,0.075000,0.151659
66.066672,-1.060737,0.479760,-3.081782,-1.259714,0.455917,0.200400,0.075000,0.148235
66.100192,-1.065478,0.479462,-3.072492,-1.266492,0.452414,0.202826,0.075000,0.159279
66.133407,-1.068472,0.479250,-3.066117,-1.269847,0.450614,0.203402,0.075000,0.161582
66.166880,-1.070020,0.479133,-3.062846,-1.269847,0.450614,0.201853,0.075000,0.155984
66.200330,-1.073024,0.478892,-3.057181,-1.273181,0.448783,0.202408,0.075000,0.160201
66.233911,-1.075945,0.478641,-3.050890,-1.276492,0.446921,0.203040,0.075000,0.162820
66.266733,-1.077436,0.478505,-3.047216,-1.276492,0.446921,0.201546,0.075000,0.156148
66.300204,-1.080467,0.478214,-3.041060,-1.279780,0.445027,0.202057,0.075000,0.159408
66.335502,-1.081989,0.478061,-3.038182,-1.279780,0.445027,0.200530,0.075000,0.154682
66.366958,-1.084979,0.477746,-3.031692,-1.283046,0.443102,0.201074,0.075000,0.157199
66.400472,-1.087946,0.477414,-3.024986,-1.286290,0.441146,0.201633,0.075000,0.159221
66.433450,-1.090888,0.477066,-3.018716,-1.289511,0.439158,0.202208,0.075000,0.162352
66.467134,-1.092355,0.476884,-3.015645,-1.289511,0.439158,0.200733,0.075000,0.157113
66.500504,-1.095257,0.476513,-3.009520,-1.292709,0.437141,0.201339,0.075000,0.160683
66.535467,-1.096731,0.476317,-3.006332,-1.295885,0.435092,0.203377,0.075000,0.169156
66.567056,-1.099705,0.475908,-3.000570,-1.295885,0.435092,0.200381,0.075000,0.159851
66.600198,-1.102444,0.475515,-2.994167,-1.299038,0.433013,0.201136,0.075000,0.162685
66.633563,-1.103858,0.475305,-2.991050,-1.302168,0.430903,0.203220,0.075000,0.171412
66.667076,-1.106619,0.474881,-2.984148,-1.302168,0.430903,0.200434,0.075000,0.158973
66.700354,-1.109478,0.474423,-2.978252,-1.305276,0.428763,0.201051,0.075000,0.163429
66.733350,-1.111009,0.474171,-2.974791,-1.308360,0.426593,0.203005,0.075000,0.171685
66.766725,-1.114115,0.473642,-2.968237,-1.311422,0.424394,0.203360,0.075000,0.175040
66.801361,-1.115635,0.473376,-2.964976,-1.311422,0.424394,0.201821,0.075000,0.169662
66.834020,-1.117144,0.473107,-2.961573,-1.311422,0.424394,0.200291,0.075000,0.163784
66.866825,-1.117144,0.473107,-2.961573,-1.311422,0.424394,0.200291,0.075000,0.163784
66.900057,-1.117144,0.473107,-2.961573,-1.311422,0.424394,0.200291,0.075000,0.163784
66.933840,-1.117144,0.473107,-2.961573,-1.311422,0.424394,0.200291,0.075000,0.163784
66.967064,-1.117144,0.473107,-2.961573,-1.311422,0.424394,0.200291,0.075000,0.163784
67.000136,-1.117144,0.473107,-2.961573,-1.311422,0.424394,0.200291,0.075000,0.163784
67.033517,-1.118981,0.472773,-2.956989,-1.314460,0.422164,0.201924,0.075000,0.170054
67.066883,-1.136442,0.469197,-2.918769,-1.329305,0.410575,0.201576,0.075000,0.179082
67.100620,-1.139333,0.468538,-2.912492,-1.332205,0.408170,0.202099,0.075000,0.183497
67.133243,-1.142305,0.467840,-2.905938,-1.335081,0.405736,0.202532,0.075000,0.187451
67.166638,-1.143762,0.467490,-2.902476,-1.335081,0.405736,0.201038,0.075000,0.181663
67.200239,-1.146561,0.466803,-2.894713,-1.337933,0.403274,0.201642,0.075000,0.182436
67.233398,-1.149484,0.466061,-2.887787,-1.340762,0.400783,0.202110,0.075000,0.185541
67.266766,-1.150949,0.465681,-2.884575,-1.340762,0.400783,0.200601,0.075000,0.180359
67.300117,-1.153881,0.464905,-2.877025,-1.343568,0.398265,0.201052,0.075000,0.182080
67.333332,-1.155387,0.464497,-2.872917,-1.346350,0.395718,0.202971,0.075000,0.189568
67.367036,-1.158235,0.463708,-2.865449,-1.346350,0.395718,0.200024,0.075000,0.176510
67.400283,-1.161052,0.462905,-2.857729,-1.349108,0.393144,0.200578,0.075000,0.177725
67.433325,-1.163791,0.462099,-2.849680,-1.351843,0.390542,0.201206,0.075000,0.177982
67.466651,-1.165198,0.461676,-2.846272,-1.354553,0.387913,0.203215,0.075000,0.187163
67.500675,-1.168030,0.460810,-2.839157,-1.354553,0.387913,0.200262,0.075000,0.174952
67.533334,-1.170910,0.459905,-2.831767,-1.357241,0.385257,0.200728,0.075000,0.177256
67.566652,-1.172318,0.459455,-2.828284,-1.359904,0.382573,0.202730,0.075000,0.186420
67.600002,-1.175227,0.458508,-2.821491,-1.362543,0.379863,0.203156,0.075000,0.190303
67.637328,-1.178093,0.457551,-2.813552,-1.362543,0.379863,0.200144,0.075000,0.176214
67.666740,-1.179524,0.457064,-2.810282,-1.365159,0.377126,0.202115,0.075000,0.186127
67.700043,-1.182334,0.456093,-2.803248,-1.367751,0.374362,0.202631,0.075000,0.189384
67.733527,-1.183791,0.455580,-2.799858,-1.367751,0.374362,0.201090,0.075000,0.183893
67.766641,-1.185098,0.455115,-2.796494,-1.370318,0.371572,0.203189,0.075000,0.193273
67.800201,-1.187773,0.454149,-2.789384,-1.370318,0.371572,0.200354,0.075000,0.181035
67.833501,-1.190646,0.453086,-2.781196,-1.372862,0.368757,0.200784,0.075000,0.181750
67.866774,-1.190646,0.453086,-2.781196,-1.372862,0.368757,0.200784,0.075000,0.181750
67.900251,-1.190646,0.453086,-2.781196,-1.372862,0.368757,0.200784,0.075000,0.181750
67.933679,-1.190646,0.453086,-2.781196,-1.372862,0.368757,0.200784,0.075000,0.181750
67.972558,-1.192105,0.452536,-2.777634,-1.375381,0.365915,0.202715,0.075000,0.191092
67.999989,-1.202038,0.448616,-2.749384,-1.382795,0.357236,0.202542,0.075000,0.187090
68.036192,-1.204786,0.447473,-2.742033,-1.385217,0.354293,0.203072,0.075000,0.189751
68.066897,-1.206120,0.446909,-2.739018,-1.385217,0.354293,0.201627,0.075000,0.185024
68.100015,-1.210362,0.445088,-2.728762,-1.387616,0.351325,0.200525,0.075000,0.183667
68.133300,-1.213124,0.443873,-2.721793,-1.389990,0.348332,0.201022,0.075000,0.187559
68.166625,-1.214502,0.443258,-2.718069,-1.392340,0.345315,0.203025,0.075000,0.196543
68.203283,-1.217366,0.441960,-2.710669,-1.394665,0.342274,0.203402,0.075000,0.199577
68.233542,-1.219323,0.441060,-2.705406,-1.394665,0.342274,0.201255,0.075000,0.190824
68.266735,-1.221511,0.440037,-2.699406,-1.396965,0.339208,0.202363,0.075000,0.195982
68.299977,-1.224198,0.438759,-2.690864,-1.399242,0.336119,0.202917,0.075000,0.195954
68.333440,-1.226654,0.437564,-2.682678,-1.399242,0.336119,0.200194,0.075000,0.180865
68.366898,-1.227914,0.436942,-2.678675,-1.401493,0.333006,0.202318,0.075000,0.189131
68.399963,-1.230748,0.435522,-2.670759,-1.403721,0.329870,0.202687,0.075000,0.190966
68.433302,-1.233481,0.434124,-2.663003,-1.405923,0.326710,0.203159,0.075000,0.192990
68.466868,-1.234890,0.433393,-2.659157,-1.405923,0.326710,0.201577,0.075000,0.186521
68.500094,-1.237619,0.431958,-2.651152,-1.408101,0.323528,0.202042,0.075000,0.188010
68.533248,-1.240143,0.430604,-2.643784,-1.410254,0.320323,0.202730,0.075000,0.190614
68.566827,-1.241521,0.429855,-2.640077,-1.410254,0.320323,0.201167,0.075000,0.184401
68.600213,-1.244222,0.428368,-2.633421,-1.412382,0.317095,0.201642,0.075000,0.189235
68.633363,-1.246823,0.426914,-2.626793,-1.414486,0.313846,0.202226,0.075000,0.193946
68.667046,-1.248188,0.426142,-2.623298,-1.414486,0.313846,0.200662,0.075000,0.188298
68.700764,-1.250816,0.424638,-2.616098,-1.416565,0.310574,0.201204,0.075000,0.191777
68.733363,-1.253443,0.423108,-2.608888,-1.418618,0.307280,0.201739,0.075000,0.195232
68.766725,-1.254780,0.422320,-2.604914,-1.418618,0.307280,0.200193,0.075000,0.188365
68.800322,-1.256519,0.421285,-2.600151,-1.420647,0.303965,0.201747,0.075000,0.195963
68.833455,-1.256519,0.421285,-2.600151,-1.420647,0.303965,0.201747,0.075000,0.195963
68.867083,-1.256519,0.421285,-2.600151,-1.420647,0.303965,0.201747,0.075000,0.195963
68.900186,-1.256519,0.421285,-2.600151,-1.420647,0.303965,0.201747,0.075000,0.195963
68.937322,-1.265155,0.415955,-2.572247,-1.426585,0.293893,0.202383,0.075000,0.192675
68.966839,-1.267372,0.414530,-2.565065,-1.428514,0.290494,0.203351,0.075000,0.195231
69.000368,-1.269845,0.412916,-2.557923,-1.428514,0.290494,0.200407,0.075000,0.183180
69.033355,-1.272392,0.411227,-2.549916,-1.430418,0.287074,0.200963,0.075000,0.184568
69.066763,-1.273629,0.410395,-2.546114,-1.432297,0.283634,0.203085,0.075000,0.193304
69.100347,-1.276259,0.408608,-2.539337,-1.434151,0.280175,0.203531,0.075000,0.197835
69.133413,-1.278812,0.406846,-2.531670,-1.434151,0.280175,0.200438,0.075000,0.184849
69.167085,-1.280021,0.406001,-2.528124,-1.435979,0.276696,0.202590,0.075000,0.194201
69.200366,-1.282349,0.404357,-2.520556,-1.437783,0.273197,0.203378,0.075000,0.196135
69.233558,-1.284744,0.402637,-2.513062,-1.437783,0.273197,0.200438,0.075000,0.183230
69.267104,-1.285914,0.401787,-2.509246,-1.439561,0.269679,0.202632,0.075000,0.191815
69.300367,-1.288238,0.400077,-2.501224,-1.441314,0.266143,0.203398,0.075000,0.192619
69.333552,-1.289643,0.399031,-2.496797,-1.441314,0.266143,0.201652,0.075000,0.185026
69.367113,-1.291762,0.397432,-2.490352,-1.443042,0.262587,0.202654,0.075000,0.189252
69.400323,-1.294209,0.395561,-2.483005,-1.444744,0.259014,0.203239,0.075000,0.192007
69.433530,-1.295453,0.394598,-2.479364,-1.444744,0.259014,0.201671,0.075000,0.186004
69.466624,-1.297826,0.392741,-2.471875,-1.446421,0.255422,0.202329,0.075000,0.188284
69.500098,-1.300238,0.390824,-2.463432,-1.448072,0.251812,0.202928,0.075000,0.188288
69.533698,-1.301708,0.389640,-2.458794,-1.448072,0.251812,0.201045,0.075000,0.180329
69.566785,-1.303786,0.387944,-2.452246,-1.449699,0.248184,0.202048,0.075000,0.184236
69.599998,-1.306105,0.386026,-2.443925,-1.451299,0.244539,0.202731,0.075000,0.184305
69.633445,-1.308341,0.384144,-2.436644,-1.452875,0.240877,0.203508,0.075000,0.186666
69.667130,-1.309453,0.383198,-2.433081,-1.452875,0.240877,0.202052,0.075000,0.180572
69.700221,-1.311975,0.381028,-2.425581,-1.454425,0.237198,0.202433,0.075000,0.183124
69.734880,-1.313090,0.380058,-2.422009,-1.454425,0.237198,0.200959,0.075000,0.176956
69.766817,-1.315063,0.378324,-2.415908,-1.455949,0.233502,0.202045,0.075000,0.181698
69.803683,-1.316170,0.377342,-2.412240,-1.455949,0.233502,0.200569,0.075000,0.175262
69.834302,-1.318353,0.375384,-2.405102,-1.457448,0.229790,0.201358,0.075000,0.177969
69.866921,-1.318353,0.375384,-2.405102,-1.457448,0.229790,0.201358,0.075000,0.177969
69.900112,-1.318353,0.375384,-2.405102,-1.457448,0.229790,0.201358,0.075000,0.177969
69.937581,-1.324476,0.369748,-2.386058,-1.460368,0.222318,0.200505,0.075000,0.175827
69.967546,-1.324476,0.369748,-2.386058,-1.460368,0.222318,0.200505,0.075000,0.175827
70.002825,-1.324476,0.369748,-2.386058,-1.460368,0.222318,0.200505,0.075000,0.175827
70.034286,-1.324476,0.369748,-2.386058,-1.460368,0.222318,0.200505,0.075000,0.175827
70.067229,-1.324476,0.369748,-2.386058,-1.460368,0.222318,0.200505,0.075000,0.175827
70.100305,-1.324476,0.369748,-2.386058,-1.460368,0.222318,0.200505,0.075000,0.175827
70.140122,-1.324476,0.369748,-2.386058,-1.460368,0.222318,0.200505,0.075000,0.175827
70.173928,-1.324476,0.369748,-2.386058,-1.460368,0.222318,0.200505,0.075000,0.175827
70.203195,-1.324476,0.369748,-2.386058,-1.460368,0.222318,0.200505,0.075000,0.175827
70.236132,-1.324476,0.369748,-2.386058,-1.460368,0.222318,0.200505,0.075000,0.175827
70.267189,-1.324476,0.369748,-2.386058,-1.460368,0.222318,0.200505,0.075000,0.175827
70.300563,-1.324476,0.369748,-2.386058,-1.460368,0.222318,0.200505,0.075000,0.175827
70.333761,-1.324476,0.369748,-2.386058,-1.460368,0.222318,0.200505,0.075000,0.175827
70.367722,-1.324476,0.369748,-2.386058,-1.460368,0.222318,0.200505,0.075000,0.175827
70.404349,-1.324476,0.369748,-2.386058,-1.460368,0.222318,0.200505,0.075000,0.175827
70.433757,-1.324476,0.369748,-2.386058,-1.460368,0.222318,0.200505,0.075000,0.175827
70.467932,-1.324476,0.369748,-2.386058,-1.460368,0.222318,0.200505,0.075000,0.175827
70.500542,-1.324476,0.369748,-2.386058,-1.460368,0.222318,0.200505,0.075000,0.175827
70.534064,-1.324476,0.369748,-2.386058,-1.460368,0.222318,0.200505,0.075000,0.175827
70.570933,-1.324476,0.369748,-2.386058,-1.460368,0.222318,0.200505,0.075000,0.175827
70.663588,-1.325108,0.369153,-2.383920,-1.461790,0.218558,0.203375,0.075000,0.186956
70.670488,-1.338910,0.355467,-2.334448,-1.468515,0.199535,0.202762,0.075000,0.172959
70.701769,-1.363241,0.327893,-2.247317,-1.478994,0.164433,0.200294,0.075000,0.150561
70.734015,-1.364373,0.326484,-2.242708,-1.480029,0.160472,0.202327,0.075000,0.156623
70.770444,-1.365127,0.325535,-2.239660,-1.480029,0.160472,0.201117,0.075000,0.150951
70.800327,-1.367917,0.321977,-2.229209,-1.481038,0.156499,0.200447,0.075000,0.146535
70.836608,-1.367917,0.321977,-2.229209,-1.481038,0.156499,0.200447,0.075000,0.146535
70.866943,-1.370725,0.318323,-2.219423,-1.482978,0.148521,0.203552,0.075000,0.158337
70.901382,-1.371616,0.317148,-2.216563,-1.482978,0.148521,0.202081,0.075000,0.153586
70.938931,-1.371616,0.317148,-2.216563,-1.482978,0.148521,0.202081,0.075000,0.153586
70.967689,-1.371616,0.317148,-2.216563,-1.482978,0.148521,0.202081,0.075000,0.153586
71.001867,-1.371616,0.317148,-2.216563,-1.482978,0.148521,0.202081,0.075000,0.153586
71.033854,-1.371616,0.317148,-2.216563,-1.482978,0.148521,0.202081,0.075000,0.153586
71.136631,-1.372676,0.315741,-2.213098,-1.482978,0.148521,0.200322,0.075000,0.147664
71.170589,-1.383837,0.300247,-2.173997,-1.487372,0.128398,0.200627,0.075000,0.151845
71.204991,-1.385543,0.297765,-2.169396,-1.488172,0.124345,0.201513,0.075000,0.159278
71.233898,-1.386744,0.296005,-2.165302,-1.488946,0.120283,0.203282,0.075000,0.166422
71.268670,-1.388071,0.294038,-2.160498,-1.488946,0.120283,0.200914,0.075000,0.158408
71.300360,-1.389877,0.291329,-2.153385,-1.489695,0.116213,0.201566,0.075000,0.159912
71.333617,-1.391428,0.288967,-2.147186,-1.490417,0.112135,0.202654,0.075000,0.162866
71.371987,-1.392269,0.287673,-2.144257,-1.490417,0.112135,0.201114,0.075000,0.158102
71.401905,-1.393906,0.285129,-2.137748,-1.491113,0.108049,0.202006,0.075000,0.160573
71.436398,-1.394912,0.283549,-2.133457,-1.491113,0.108049,0.200137,0.075000,0.152888
71.467447,-1.396363,0.281241,-2.127987,-1.491783,0.103956,0.201334,0.075000,0.157420
71.501150,-1.397932,0.278715,-2.122008,-1.492427,0.099855,0.202287,0.075000,0.160963
71.534853,-1.398897,0.277145,-2.118098,-1.492427,0.099855,0.200448,0.075000,0.154196
71.568885,-1.400241,0.274933,-2.112496,-1.493044,0.095747,0.201792,0.075000,0.158028
71.602019,-1.401708,0.272486,-2.105913,-1.493635,0.091633,0.202876,0.075000,0.159723
71.635310,-1.402636,0.270921,-2.101889,-1.493635,0.091633,0.201061,0.075000,0.152632
71.667817,-1.403973,0.268637,-2.096300,-1.494200,0.087512,0.202355,0.075000,0.156398
71.701120,-1.405471,0.266045,-2.090377,-1.494739,0.083384,0.203308,0.075000,0.159753
71.738892,-1.406371,0.264471,-2.086101,-1.494739,0.083384,0.201498,0.075000,0.152047
71.768063,-1.406940,0.263467,-2.083903,-1.494739,0.083384,0.200346,0.075000,0.148325
71.800978,-1.408538,0.260620,-2.077256,-1.495252,0.079251,0.201032,0.075000,0.150330
71.833899,-1.408538,0.260620,-2.077256,-1.495252,0.079251,0.201032,0.075000,0.150330
71.869516,-1.408538,0.260620,-2.077256,-1.495252,0.079251,0.201032,0.075000,0.150330
71.901020,-1.408538,0.260620,-2.077256,-1.495252,0.079251,0.201032,0.075000,0.150330
71.933827,-1.408538,0.260620,-2.077256,-1.495252,0.079251,0.201032,0.075000,0.150330
71.999895,-1.409418,0.259034,-2.073720,-1.495738,0.075113,0.203170,0.075000,0.157666
72.000383,-1.409990,0.257995,-2.071297,-1.495738,0.075113,0.201987,0.075000,0.153530
72.033387,-1.417591,0.243596,-2.039178,-1.497421,0.058509,0.201569,0.075000,0.151649
72.066928,-1.418252,0.242289,-2.036376,-1.497421,0.058509,0.200108,0.075000,0.146883
72.100172,-1.419588,0.239621,-2.030617,-1.497777,0.054347,0.201097,0.075000,0.150286
72.133540,-1.420912,0.236937,-2.024244,-1.498105,0.050181,0.202081,0.075000,0.152060
72.166770,-1.421544,0.235640,-2.021191,-1.498105,0.050181,0.200641,0.075000,0.146658
72.200102,-1.422834,0.232965,-2.015456,-1.498408,0.046012,0.201651,0.075000,0.149926
72.234863,-1.424132,0.230230,-2.008900,-1.498684,0.041839,0.202606,0.075000,0.151136
72.266774,-1.424775,0.228856,-2.006201,-1.498684,0.041839,0.201092,0.075000,0.146722
72.304726,-1.426023,0.226166,-2.000420,-1.498934,0.037663,0.202112,0.075000,0.149711
72.333524,-1.427312,0.223342,-1.994843,-1.499158,0.033485,0.202997,0.075000,0.153300
72.366650,-1.427926,0.221982,-1.992082,-1.499158,0.033485,0.201507,0.075000,0.148737
72.405580,-1.429151,0.219241,-1.986591,-1.499355,0.029305,0.202496,0.075000,0.152370
72.433455,-1.430366,0.216480,-1.980071,-1.499526,0.025122,0.203472,0.075000,0.153389
72.466833,-1.430951,0.215129,-1.977180,-1.499526,0.025122,0.202003,0.075000,0.148485
72.500044,-1.432130,0.212378,-1.970121,-1.499671,0.020938,0.203005,0.075000,0.148073
72.534622,-1.432754,0.210899,-1.966416,-1.499671,0.020938,0.201403,0.075000,0.141256
72.567207,-1.433929,0.208074,-1.960754,-1.499789,0.016752,0.202341,0.075000,0.144292
72.600791,-1.435104,0.205206,-1.954438,-1.499882,0.012565,0.203240,0.075000,0.145694
72.637334,-1.435906,0.203218,-1.950159,-1.499882,0.012565,0.201100,0.075000,0.138189
72.667198,-1.436765,0.201057,-1.945625,-1.499947,0.008377,0.202775,0.075000,0.142841
72.700676,-1.437833,0.198328,-1.939955,-1.499987,0.004189,0.203846,0.075000,0.145419
72.738089,-1.438934,0.195472,-1.934568,-1.499987,0.004189,0.200790,0.075000,0.136441
72.770358,-1.438934,0.195472,-1.934568,-1.499987,0.004189,0.200790,0.075000,0.136441
72.801233,-1.439986,0.192701,-1.929362,-1.500000,0.000000,0.201830,0.075000,0.140268
72.835260,-1.439986,0.192701,-1.929362,-1.500000,0.000000,0.201830,0.075000,0.140268
72.867237,-1.439986,0.192701,-1.929362,-1.500000,0.000000,0.201830,0.075000,0.140268
72.900493,-1.439986,0.192701,-1.929362,-1.500000,0.000000,0.201830,0.075000,0.140268
72.934074,-1.439986,0.192701,-1.929362,-1.500000,0.000000,0.201830,0.075000,0.140268
73.024341,-1.440480,0.191383,-1.926382,-1.500000,0.000000,0.200424,0.075000,0.134818
73.034054,-1.445919,0.176096,-1.895554,-1.499789,-0.016752,0.200231,0.075000,0.130694
73.068040,-1.446904,0.173157,-1.889300,-1.499671,-0.020938,0.201140,0.075000,0.131829
73.100324,-1.447866,0.170225,-1.883489,-1.499526,-0.025122,0.202063,0.075000,0.133946
73.134802,-1.448464,0.168375,-1.879567,-1.499526,-0.025122,0.200121,0.075000,0.126773
73.167341,-1.449282,0.165799,-1.874344,-1.499355,-0.029305,0.201427,0.075000,0.129819
73.200757,-1.450150,0.163018,-1.869526,-1.499158,-0.033485,0.202522,0.075000,0.134032
73.234154,-1.450710,0.161200,-1.866368,-1.499158,-0.033485,0.200623,0.075000,0.128721
73.267069,-1.451486,0.158638,-1.861216,-1.498934,-0.037663,0.201954,0.075000,0.131796
73.300474,-1.452319,0.155842,-1.856277,-1.498684,-0.041839,0.203046,0.075000,0.135611
73.335870,-1.452752,0.154365,-1.853636,-1.498684,-0.041839,0.201509,0.075000,0.131144
73.367110,-1.453597,0.151443,-1.848223,-1.498408,-0.046012,0.202475,0.075000,0.133935
73.400296,-1.454397,0.148622,-1.842787,-1.498105,-0.050181,0.203551,0.075000,0.136446
73.433613,-1.455211,0.145688,-1.837467,-1.498105,-0.050181,0.200511,0.075000,0.127320
73.467229,-1.455603,0.144257,-1.834870,-1.497777,-0.054347,0.203032,0.075000,0.134957
73.503138,-1.456380,0.141372,-1.829952,-1.497777,-0.054347,0.200049,0.075000,0.126710
73.533516,-1.456847,0.139612,-1.826403,-1.497421,-0.058509,0.202233,0.075000,0.132462
73.566707,-1.457529,0.136986,-1.821387,-1.497040,-0.062667,0.203524,0.075000,0.135586
73.600159,-1.458288,0.134012,-1.816897,-1.497040,-0.062667,0.200460,0.075000,0.128544
73.633336,-1.458671,0.132488,-1.814107,-1.496632,-0.066820,0.202891,0.075000,0.135709
73.666705,-1.459387,0.129584,-1.808094,-1.496199,-0.070969,0.203903,0.075000,0.136679
73.700108,-1.460076,0.126724,-1.803340,-1.496199,-0.070969,0.200966,0.075000,0.128858
73.733600,-1.460432,0.125221,-1.800647,-1.495738,-0.075113,0.203421,0.075000,0.136108
73.766917,-1.460432,0.125221,-1.800647,-1.495738,-0.075113,0.203421,0.075000,0.136108
73.800000,-1.461117,0.122271,-1.794958,-1.495738,-0.075113,0.200397,0.075000,0.126018
73.833482,-1.462094,0.117929,-1.786369,-1.494739,-0.083384,0.203943,0.075000,0.134314
73.866687,-1.462094,0.117929,-1.786369,-1.494739,-0.083384,0.203943,0.075000,0.134314
73.900759,-1.462094,0.117929,-1.786369,-1.494739,-0.083384,0.203943,0.075000,0.134314
73.977268,-1.462423,0.116430,-1.783340,-1.494739,-0.083384,0.202410,0.075000,0.128883
74.000527,-1.464870,0.104579,-1.762830,-1.493044,-0.095747,0.202298,0.075000,0.129232
74.034038,-1.465372,0.101986,-1.757997,-1.492427,-0.099855,0.203646,0.075000,0.132406
74.067238,-1.465656,0.100486,-1.755332,-1.492427,-0.099855,0.202122,0.075000,0.127826
74.100385,-1.466184,0.097638,-1.750396,-1.491783,-0.103956,0.203212,0.075000,0.131069
74.133572,-1.466713,0.094703,-1.744990,-1.491783,-0.103956,0.200234,0.075000,0.121467
74.167057,-1.466976,0.093209,-1.742745,-1.491113,-0.108049,0.202701,0.075000,0.129661
74.200404,-1.467489,0.090241,-1.738450,-1.490417,-0.112135,0.203671,0.075000,0.134562
74.238504,-1.468013,0.087120,-1.733515,-1.490417,-0.112135,0.200511,0.075000,0.126504
74.269405,-1.468259,0.085625,-1.730517,-1.489695,-0.116213,0.202974,0.075000,0.132745
74.300577,-1.468719,0.082745,-1.725596,-1.489695,-0.116213,0.200061,0.075000,0.124314
74.334808,-1.468948,0.081277,-1.722411,-1.488946,-0.120283,0.202551,0.075000,0.130083
74.367288,-1.469404,0.078266,-1.717185,-1.488172,-0.124345,0.203479,0.075000,0.132682
74.401427,-1.469842,0.075280,-1.712707,-1.488172,-0.124345,0.200465,0.075000,0.125514
74.434719,-1.470256,0.072354,-1.706626,-1.487372,-0.128398,0.201480,0.075000,0.125952
74.467377,-1.470461,0.070850,-1.703548,-1.486545,-0.132441,0.203927,0.075000,0.131844
74.505566,-1.470862,0.067826,-1.699382,-1.486545,-0.132441,0.200881,0.075000,0.125485
74.535429,-1.471252,0.064779,-1.693457,-1.485692,-0.136476,0.201772,0.075000,0.126412
74.567003,-1.471449,0.063186,-1.690993,-1.485692,-0.136476,0.200169,0.075000,0.122298
74.600576,-1.471818,0.060113,-1.686860,-1.484813,-0.140501,0.201034,0.075000,0.127718
74.633504,-1.472159,0.057143,-1.681178,-1.483908,-0.144516,0.202001,0.075000,0.129112
74.670361,-1.472325,0.055646,-1.678668,-1.483908,-0.144516,0.200497,0.075000,0.124806
74.700552,-1.472641,0.052701,-1.674362,-1.482978,-0.148521,0.201488,0.075000,0.129581
74.736066,-1.472797,0.051203,-1.672221,-1.482021,-0.152515,0.203927,0.075000,0.137666
74.767588,-1.472946,0.049738,-1.670020,-1.482021,-0.152515,0.202456,0.075000,0.134246
74.800105,-1.473241,0.046743,-1.664871,-1.481038,-0.156499,0.203392,0.075000,0.136932
74.833345,-1.473241,0.046743,-1.664871,-1.481038,-0.156499,0.203392,0.075000,0.136932
74.876025,-1.473407,0.044978,-1.661643,-1.481038,-0.156499,0.201622,0.075000,0.131354
74.900148,-1.474025,0.037778,-1.648220,-1.478994,-0.164433,0.202272,0.075000,0.130587
74.935110,-1.474138,0.036315,-1.645232,-1.478994,-0.164433,0.200807,0.075000,0.125067
74.967416,-1.474356,0.033327,-1.638985,-1.477933,-0.168383,0.201742,0.075000,0.124999
75.001094,-1.474555,0.030370,-1.633545,-1.476847,-0.172321,0.202705,0.075000,0.126834
75.037343,-1.474730,0.027529,-1.628245,-1.475734,-0.176248,0.203779,0.075000,0.128808
75.067199,-1.474817,0.026008,-1.625462,-1.475734,-0.176248,0.202257,0.075000,0.123882
75.100596,-1.474974,0.023070,-1.620802,-1.474595,-0.180161,0.203232,0.075000,0.127556
75.137339,-1.475048,0.021596,-1.618443,-1.474595,-0.180161,0.201757,0.075000,0.123587
75.167000,-1.475190,0.018547,-1.613950,-1.473431,-0.184062,0.202617,0.075000,0.127855
75.200186,-1.475320,0.015460,-1.609514,-1.472241,-0.187950,0.203434,0.075000,0.132297
75.233488,-1.475434,0.012425,-1.604945,-1.472241,-0.187950,0.200401,0.075000,0.124905
75.266796,-1.475486,0.010906,-1.602186,-1.471024,-0.191825,0.202780,0.075000,0.131586
75.300409,-1.475576,0.007941,-1.597207,-1.469783,-0.195687,0.203710,0.075000,0.134565
75.333272,-1.475653,0.004868,-1.592408,-1.469783,-0.195687,0.200641,0.075000,0.126727
75.366645,-1.475688,0.003233,-1.589964,-1.468515,-0.199535,0.202894,0.075000,0.134316
75.400276,-1.475745,0.000122,-1.584940,-1.467221,-0.203368,0.203668,0.075000,0.137420
75.433343,-1.475782,-0.002748,-1.579539,-1.467221,-0.203368,0.200803,0.075000,0.127894
75.466738,-1.475795,-0.004233,-1.576975,-1.465902,-0.207188,0.203196,0.075000,0.134980
75.500233,-1.475809,-0.007312,-1.571378,-1.465902,-0.207188,0.200121,0.075000,0.125142
75.537056,-1.475810,-0.008889,-1.569043,-1.464557,-0.210993,0.202417,0.075000,0.133000
75.566812,-1.475801,-0.011907,-1.563136,-1.463187,-0.214783,0.203268,0.075000,0.133833
75.600187,-1.475775,-0.014804,-1.557125,-1.463187,-0.214783,0.200374,0.075000,0.122704
75.633354,-1.475732,-0.017631,-1.551373,-1.461790,-0.218558,0.201410,0.075000,0.123710
75.666634,-1.475704,-0.019097,-1.548490,-1.460368,-0.222318,0.203798,0.075000,0.130001
75.699959,-1.475632,-0.022149,-1.543377,-1.460368,-0.222318,0.200750,0.075000,0.121220
75.733527,-1.475593,-0.023600,-1.540823,-1.458921,-0.226062,0.203147,0.075000,0.128387
75.766820,-1.475491,-0.026858,-1.535861,-1.457448,-0.229790,0.203733,0.075000,0.131838
75.799967,-1.475393,-0.029567,-1.531631,-1.457448,-0.229790,0.201026,0.075000,0.124870
75.833467,-1.475393,-0.029567,-1.531631,-1.457448,-0.229790,0.201026,0.075000,0.124870
75.866926,-1.475393,-0.029567,-1.531631,-1.457448,-0.229790,0.201026,0.075000,0.124870
75.912814,-1.475334,-0.031086,-1.529481,-1.455949,-0.233502,0.203342,0.075000,0.133115
75.933311,-1.474908,-0.040111,-1.514568,-1.452875,-0.240877,0.201971,0.075000,0.131346
75.966634,-1.474821,-0.041656,-1.511617,-1.452875,-0.240877,0.200427,0.075000,0.126027
76.000254,-1.474632,-0.044799,-1.506458,-1.451299,-0.244539,0.201099,0.075000,0.129102
76.033323,-1.474449,-0.047588,-1.501453,-1.449699,-0.248184,0.202117,0.075000,0.132085
76.066658,-1.474358,-0.048896,-1.498850,-1.449699,-0.248184,0.200808,0.075000,0.127339
76.100224,-1.474198,-0.051074,-1.491989,-1.448072,-0.251812,0.202430,0.075000,0.124958
76.133323,-1.474009,-0.053414,-1.485555,-1.448072,-0.251812,0.200086,0.075000,0.111795
76.166641,-1.473904,-0.054647,-1.482333,-1.446421,-0.255422,0.202647,0.075000,0.117342
76.200197,-1.473643,-0.057549,-1.477369,-1.444744,-0.259014,0.203527,0.075000,0.120444
76.233347,-1.473354,-0.060601,-1.472585,-1.444744,-0.259014,0.200464,0.075000,0.112190
76.266656,-1.473207,-0.062090,-1.469650,-1.443042,-0.262587,0.202754,0.075000,0.118785
76.300089,-1.472884,-0.065243,-1.464479,-1.441314,-0.266143,0.203365,0.075000,0.121775
76.333306,-1.472553,-0.068311,-1.459857,-1.441314,-0.266143,0.200283,0.075000,0.113981
76.366631,-1.472381,-0.069851,-1.457291,-1.439561,-0.269679,0.202505,0.075000,0.121635
76.400332,-1.472027,-0.072930,-1.452225,-1.437783,-0.273197,0.203174,0.075000,0.124918
76.433299,-1.471663,-0.075950,-1.447382,-1.437783,-0.273197,0.200136,0.075000,0.116612
76.466934,-1.471483,-0.077401,-1.444637,-1.435979,-0.276696,0.202432,0.075000,0.123793
76.500326,-1.471097,-0.080426,-1.439950,-1.434151,-0.280175,0.203137,0.075000,0.128055
76.533395,-1.470694,-0.083457,-1.435347,-1.434151,-0.280175,0.200083,0.075000,0.120466
76.566887,-1.470489,-0.084965,-1.432965,-1.432297,-0.283634,0.202307,0.075000,0.128685
76.600194,-1.470073,-0.087944,-1.427819,-1.430418,-0.287074,0.203040,0.075000,0.131906
76.633348,-1.469647,-0.090874,-1.422852,-1.430418,-0.287074,0.200084,0.075000,0.123393
76.666691,-1.469423,-0.092375,-1.420584,-1.428514,-0.290494,0.202299,0.075000,0.131960
76.700276,-1.468963,-0.095396,-1.415571,-1.426585,-0.293893,0.202970,0.075000,0.135696
76.733462,-1.468678,-0.097217,-1.412580,-1.426585,-0.293893,0.201130,0.075000,0.130766
76.766695,-1.468499,-0.098336,-1.410590,-1.424631,-0.297271,0.203714,0.075000,0.139430
76.800249,-1.468267,-0.099772,-1.407854,-1.424631,-0.297271,0.202262,0.075000,0.134685
76.833554,-1.468267,-0.099772,-1.407854,-1.424631,-0.297271,0.202262,0.075000,0.134685
76.866631,-1.467006,-0.107202,-1.394755,-1.420647,-0.303965,0.202150,0.075000,0.136816
76.900129,-1.466476,-0.110157,-1.388812,-1.418618,-0.307280,0.202850,0.075000,0.138426
76.933512,-1.465940,-0.113046,-1.383149,-1.416565,-0.310574,0.203606,0.075000,0.140641
76.966741,-1.465661,-0.114516,-1.380469,-1.416565,-0.310574,0.202112,0.075000,0.136109
77.000169,-1.465062,-0.117611,-1.375196,-1.414486,-0.313846,0.202648,0.075000,0.139678
77.033319,-1.464481,-0.120520,-1.369682,-1.412382,-0.317095,0.203362,0.075000,0.142428
77.066851,-1.464186,-0.121968,-1.367010,-1.412382,-0.317095,0.201887,0.075000,0.137910
77.100212,-1.463569,-0.124931,-1.361513,-1.410254,-0.320323,0.202535,0.075000,0.140875
77.133491,-1.462949,-0.127829,-1.356054,-1.408101,-0.323528,0.203240,0.075000,0.143876
77.166661,-1.462627,-0.129305,-1.353591,-1.408101,-0.323528,0.201732,0.075000,0.139941
77.200288,-1.461971,-0.132261,-1.347741,-1.405923,-0.326710,0.202366,0.075000,0.142186
77.233720,-1.461573,-0.134017,-1.344312,-1.405923,-0.326710,0.200568,0.075000,0.136210
77.266663,-1.460978,-0.136585,-1.339561,-1.403721,-0.329870,0.201587,0.075000,0.140715
77.300222,-1.460283,-0.139523,-1.334545,-1.401493,-0.333006,0.202217,0.075000,0.145140
77.333586,-1.459582,-0.142422,-1.329008,-1.399242,-0.336119,0.202878,0.075000,0.148278
77.367204,-1.459229,-0.143850,-1.326321,-1.399242,-0.336119,0.201409,0.075000,0.143790
77.400270,-1.458500,-0.146761,-1.320762,-1.396965,-0.339208,0.202046,0.075000,0.147005
77.433446,-1.457768,-0.149608,-1.314616,-1.394665,-0.342274,0.202736,0.075000,0.148719
77.466925,-1.457400,-0.151013,-1.311520,-1.394665,-0.342274,0.201287,0.075000,0.143192
77.500320,-1.456605,-0.153993,-1.305893,-1.392340,-0.345315,0.201827,0.075000,0.146475
77.533331,-1.455820,-0.156872,-1.299724,-1.389990,-0.348332,0.202462,0.075000,0.148322
77.566637,-1.455425,-0.158292,-1.296917,-1.389990,-0.348332,0.200990,0.075000,0.143532
77.600136,-1.454620,-0.161143,-1.291053,-1.387616,-0.351325,0.201641,0.075000,0.146201
77.633346,-1.453818,-0.163921,-1.284922,-1.385217,-0.354293,0.202355,0.075000,0.148143
77.666747,-1.453409,-0.165313,-1.282246,-1.385217,-0.354293,0.200907,0.075000,0.143638
77.700150,-1.452530,-0.168262,-1.277070,-1.382795,-0.357236,0.201431,0.075000,0.148330
77.733431,-1.452096,-0.169697,-1.273776,-1.380348,-0.360155,0.203524,0.075000,0.155293
77.766829,-1.451679,-0.171060,-1.270740,-1.380348,-0.360155,0.202101,0.075000,0.149991
77.800067,-1.450807,-0.173863,-1.264908,-1.377877,-0.363047,0.202755,0.075000,0.152931
77.833422,-1.450807,-0.173863,-1.264908,-1.377877,-0.363047,0.202755,0.075000,0.152931
77.867232,-1.450807,-0.173863,-1.264908,-1.377877,-0.363047,0.202755,0.075000,0.152931
77.900204,-1.448011,-0.182487,-1.246759,-1.372862,-0.368757,0.200857,0.075000,0.147868
77.933498,-1.447549,-0.183863,-1.243569,-1.370318,-0.371572,0.202977,0.075000,0.155335
77.966694,-1.446617,-0.186594,-1.237402,-1.370318,-0.371572,0.200096,0.075000,0.144403
78.000410,-1.445624,-0.189446,-1.231249,-1.367751,-0.374362,0.200644,0.075000,0.147041
78.033524,-1.445095,-0.190945,-1.228410,-1.365159,-0.377126,0.202615,0.075000,0.155755
78.066801,-1.444097,-0.193733,-1.222282,-1.362543,-0.379863,0.203212,0.075000,0.158451
78.100193,-1.443071,-0.196545,-1.215714,-1.362543,-0.379863,0.200225,0.075000,0.146793
78.133437,-1.442554,-0.197937,-1.212253,-1.359904,-0.382573,0.202290,0.075000,0.153999
78.166631,-1.441403,-0.200994,-1.205689,-1.357241,-0.385257,0.202574,0.075000,0.156251
78.200185,-1.440390,-0.203636,-1.200621,-1.354553,-0.387913,0.203287,0.075000,0.161575
78.233465,-1.439838,-0.205058,-1.197374,-1.354553,-0.387913,0.201766,0.075000,0.155992
78.266842,-1.438749,-0.207824,-1.190996,-1.351843,-0.390542,0.202333,0.075000,0.158448
78.300170,-1.437620,-0.210641,-1.184433,-1.349108,-0.393144,0.202835,0.075000,0.160619
78.333304,-1.436475,-0.213443,-1.178640,-1.346350,-0.395718,0.203340,0.075000,0.164724
78.366775,-1.435913,-0.214804,-1.175531,-1.346350,-0.395718,0.201870,0.075000,0.159447
78.400126,-1.434729,-0.217631,-1.169195,-1.343568,-0.398265,0.202334,0.075000,0.162430
78.433302,-1.433554,-0.220383,-1.162217,-1.340762,-0.400783,0.202866,0.075000,0.163771
78.466630,-1.432969,-0.221734,-1.158622,-1.340762,-0.400783,0.201397,0.075000,0.157264
78.500095,-1.431763,-0.224481,-1.151401,-1.337933,-0.403274,0.201918,0.075000,0.158110
78.533290,-1.430505,-0.227291,-1.145078,-1.335081,-0.405736,0.202357,0.075000,0.161350
78.566725,-1.429900,-0.228627,-1.142183,-1.335081,-0.405736,0.200894,0.075000,0.156520
78.599964,-1.428653,-0.231347,-1.135969,-1.332205,-0.408170,0.201416,0.075000,0.160045
78.633284,-1.427391,-0.234052,-1.129614,-1.329305,-0.410575,0.201943,0.075000,0.163276
78.666618,-1.426761,-0.235385,-1.126409,-1.329305,-0.410575,0.200472,0.075000,0.157703
78.699960,-1.425420,-0.238194,-1.119940,-1.326383,-0.412951,0.200869,0.075000,0.161004
78.733293,-1.424739,-0.239600,-1.116816,-1.323437,-0.415298,0.202810,0.075000,0.170054
78.767182,-1.424081,-0.240948,-1.113523,-1.323437,-0.415298,0.201314,0.075000,0.164431
78.799974,-1.422746,-0.243649,-1.106406,-1.320468,-0.417616,0.201805,0.075000,0.166123
78.833306,-1.422746,-0.243649,-1.106406,-1.320468,-0.417616,0.201805,0.075000,0.166123
78.866962,-1.422746,-0.243649,-1.106406,-1.320468,-0.417616,0.201805,0.075000,0.166123
78.899979,-1.422746,-0.243649,-1.106406,-1.320468,-0.417616,0.201805,0.075000,0.166123
78.933340,-1.417215,-0.254377,-1.079264,-1.311422,-0.424394,0.200244,0.075000,0.162412
78.966789,-1.416505,-0.255703,-1.075989,-1.308360,-0.426593,0.202235,0.075000,0.171457
79.000157,-1.415088,-0.258318,-1.068994,-1.305276,-0.428763,0.202756,0.075000,0.173789
79.033322,-1.413634,-0.260959,-1.063209,-1.302168,-0.430903,0.203238,0.075000,0.179242
79.066737,-1.412883,-0.262310,-1.060098,-1.302168,-0.430903,0.201696,0.075000,0.174299
79.100082,-1.411428,-0.264898,-1.053232,-1.299038,-0.433013,0.202223,0.075000,0.177197
79.133292,-1.409971,-0.267447,-1.045783,-1.295885,-0.435092,0.202782,0.075000,0.178658
79.166625,-1.409234,-0.268720,-1.041939,-1.295885,-0.435092,0.201314,0.075000,0.171747
79.199976,-1.407722,-0.271298,-1.034669,-1.292709,-0.437141,0.201820,0.075000,0.173842
79.233334,-1.406185,-0.273875,-1.027438,-1.289511,-0.439158,0.202315,0.075000,0.176104
79.266625,-1.405402,-0.275170,-1.024065,-1.289511,-0.439158,0.200806,0.075000,0.170383
79.299957,-1.403877,-0.277669,-1.016845,-1.286290,-0.441146,0.201373,0.075000,0.172680
79.333286,-1.402315,-0.280183,-1.009133,-1.283046,-0.443102,0.201910,0.075000,0.173858
79.366622,-1.401520,-0.281446,-1.005506,-1.283046,-0.443102,0.200421,0.075000,0.167424
79.399965,-1.399912,-0.283971,-0.998590,-1.279780,-0.445027,0.200924,0.075000,0.170739
79.433303,-1.398297,-0.286469,-0.991933,-1.276492,-0.446921,0.201448,0.075000,0.174741
79.466907,-1.397441,-0.287778,-0.988722,-1.273181,-0.448783,0.203380,0.075000,0.184752
79.500111,-1.395794,-0.290272,-0.981800,-1.273181,-0.448783,0.200399,0.075000,0.173005
79.533320,-1.394152,-0.292720,-0.974332,-1.269847,-0.450614,0.200953,0.075000,0.175176
79.566630,-1.393335,-0.293923,-0.970511,-1.266492,-0.452414,0.202998,0.075000,0.183702
79.600057,-1.391647,-0.296382,-0.964086,-1.266492,-0.452414,0.200025,0.075000,0.173136
79.633574,-1.389942,-0.298830,-0.957327,-1.263114,-0.454181,0.200547,0.075000,0.177339
79.666625,-1.389070,-0.300070,-0.953929,-1.259714,-0.455917,0.202537,0.075000,0.187215
79.700181,-1.387305,-0.302549,-0.947024,-1.256292,-0.457621,0.203007,0.075000,0.191242
79.733623,-1.386480,-0.303695,-0.943382,-1.256292,-0.457621,0.201599,0.075000,0.184917
79.766907,-1.384749,-0.306073,-0.936168,-1.252848,-0.459292,0.202173,0.075000,0.188117
79.800399,-1.384749,-0.306073,-0.936168,-1.252848,-0.459292,0.202173,0.075000,0.188117
79.833528,-1.384749,-0.306073,-0.936168,-1.252848,-0.459292,0.202173,0.075000,0.188117
79.866642,-1.380216,-0.312141,-0.918250,-1.245894,-0.462539,0.201648,0.075000,0.189379
79.900133,-1.378448,-0.314446,-0.910778,-1.242384,-0.464113,0.202271,0.075000,0.192145
79.933274,-1.376646,-0.316759,-0.902657,-1.238852,-0.465655,0.202872,0.075000,0.193402
79.966631,-1.375736,-0.317912,-0.898710,-1.238852,-0.465655,0.201408,0.075000,0.186457
80.000347,-1.373919,-0.320189,-0.891553,-1.235299,-0.467164,0.202033,0.075000,0.190147
80.033385,-1.371999,-0.322558,-0.884213,-1.231724,-0.468641,0.202528,0.075000,0.193691
80.066750,-1.371097,-0.323659,-0.880095,-1.231724,-0.468641,0.201109,0.075000,0.186227
80.100147,-1.369256,-0.325877,-0.872142,-1.228127,-0.470085,0.201775,0.075000,0.188031
80.133314,-1.368098,-0.327255,-0.867442,-1.224509,-0.471495,0.203527,0.075000,0.195790
80.166648,-1.366337,-0.329324,-0.860698,-1.224509,-0.471495,0.200818,0.075000,0.184310
80.200174,-1.364367,-0.331609,-0.853721,-1.220869,-0.472873,0.201363,0.075000,0.188943
80.233323,-1.362404,-0.333852,-0.846353,-1.217208,-0.474217,0.201951,0.075000,0.192599
80.266651,-1.361417,-0.334967,-0.842682,-1.217208,-0.474217,0.200467,0.075000,0.186331
80.300171,-1.359394,-0.337230,-0.835087,-1.213525,-0.475528,0.201008,0.075000,0.189662
80.333397,-1.357374,-0.339452,-0.827099,-1.209822,-0.476806,0.201588,0.075000,0.191985
80.366782,-1.356323,-0.340595,-0.823342,-1.209822,-0.476806,0.200040,0.075000,0.185605
80.400331,-1.354259,-0.342814,-0.816063,-1.206097,-0.478050,0.200601,0.075000,0.189849
80.433295,-1.352194,-0.345001,-0.808116,-1.202350,-0.479261,0.201194,0.075000,0.192442
80.466927,-1.350970,-0.346282,-0.803484,-1.198583,-0.480438,0.203026,0.075000,0.200792
80.500204,-1.349107,-0.348208,-0.796512,-1.198583,-0.480438,0.200355,0.075000,0.188788
80.533319,-1.346990,-0.350364,-0.788706,-1.194795,-0.481581,0.200951,0.075000,0.191878
80.566845,-1.345932,-0.351429,-0.784590,-1.190986,-0.482691,0.203071,0.075000,0.201078
80.600170,-1.343784,-0.353565,-0.776507,-1.190986,-0.482691,0.200053,0.075000,0.186976
80.633317,-1.341668,-0.355636,-0.768783,-1.187155,-0.483766,0.200727,0.075000,0.190265
80.666739,-1.340624,-0.356646,-0.764844,-1.183304,-0.484808,0.202916,0.075000,0.199929
80.700257,-1.338488,-0.358688,-0.756526,-1.179433,-0.485816,0.203617,0.075000,0.201698
80.733280,-1.336232,-0.360810,-0.749436,-1.179433,-0.485816,0.200531,0.075000,0.190265
80.766664,-1.336232,-0.360810,-0.749436,-1.179433,-0.485816,0.200531,0.075000,0.190265
80.800269,-1.333482,-0.363359,-0.740035,-1.175540,-0.486789,0.200451,0.075000,0.191077
80.833472,-1.333482,-0.363359,-0.740035,-1.175540,-0.486789,0.200451,0.075000,0.191077
80.866640,-1.329291,-0.367142,-0.724936,-1.167693,-0.488634,0.202173,0.075000,0.198306
80.900225,-1.327286,-0.368911,-0.718096,-1.163739,-0.489505,0.203201,0.075000,0.203338
80.933377,-1.324945,-0.370950,-0.710911,-1.163739,-0.489505,0.200106,0.075000,0.191723
80.966858,-1.323758,-0.371973,-0.707044,-1.159765,-0.490341,0.202250,0.075000,0.202107
81.000041,-1.321379,-0.373997,-0.698753,-1.155770,-0.491144,0.202853,0.075000,0.204591
81.033529,-1.319084,-0.375917,-0.690654,-1.151755,-0.491911,0.203602,0.075000,0.207273
81.066888,-1.317936,-0.376866,-0.686424,-1.151755,-0.491911,0.202118,0.075000,0.199899
81.100174,-1.315587,-0.378785,-0.678347,-1.147719,-0.492644,0.202839,0.075000,0.202771
81.133309,-1.313151,-0.380740,-0.670457,-1.143664,-0.493343,0.203483,0.075000,0.206266
81.166707,-1.311982,-0.381667,-0.666583,-1.143664,-0.493343,0.201997,0.075000,0.199757
81.200077,-1.309664,-0.383484,-0.658223,-1.139588,-0.494007,0.202832,0.075000,0.201806
81.233293,-1.307330,-0.385281,-0.649642,-1.135493,-0.494636,0.203682,0.075000,0.203259
81.267099,-1.306166,-0.386165,-0.645465,-1.135493,-0.494636,0.202226,0.075000,0.195904
81.300242,-1.303846,-0.387906,-0.637246,-1.131377,-0.495231,0.203135,0.075000,0.198179
81.333479,-1.301414,-0.389699,-0.629582,-1.131377,-0.495231,0.200123,0.075000,0.185029
81.366843,-1.300199,-0.390585,-0.625457,-1.127242,-0.495791,0.202441,0.075000,0.194851
81.400199,-1.297762,-0.392338,-0.617963,-1.123087,-0.496315,0.203280,0.075000,0.199100
81.433524,-1.295297,-0.394083,-0.610116,-1.123087,-0.496315,0.200270,0.075000,0.185523
81.466625,-1.294074,-0.394937,-0.606095,-1.118912,-0.496806,0.202630,0.075000,0.195574
81.500325,-1.291593,-0.396651,-0.598224,-1.114717,-0.497261,0.203488,0.075000,0.198933
81.533347,-1.289092,-0.398349,-0.590421,-1.114717,-0.497261,0.200475,0.075000,0.185484
81.566875,-1.287800,-0.399214,-0.586946,-1.110503,-0.497681,0.202805,0.075000,0.196980
81.600251,-1.285215,-0.400929,-0.579492,-1.106270,-0.498067,0.203610,0.075000,0.201542
81.633311,-1.282692,-0.402573,-0.571359,-1.106270,-0.498067,0.200609,0.075000,0.187337
81.666841,-1.281455,-0.403368,-0.567855,-1.102017,-0.498417,0.203058,0.075000,0.198561
81.700173,-1.278919,-0.404979,-0.560027,-1.102017,-0.498417,0.200062,0.075000,0.184975
81.733558,-1.278919,-0.404979,-0.560027,-1.102017,-0.498417,0.200062,0.075000,0.184975
81.766640,-1.274791,-0.407544,-0.547958,-1.093453,-0.499013,0.203101,0.075000,0.198663
81.800191,-1.274791,-0.407544,-0.547958,-1.093453,-0.499013,0.203101,0.075000,0.198663
81.833568,-1.274791,-0.407544,-0.547958,-1.093453,-0.499013,0.203101,0.075000,0.198663
81.867036,-1.274791,-0.407544,-0.547958,-1.093453,-0.499013,0.203101,0.075000,0.198663
81.900139,-1.274791,-0.407544,-0.547958,-1.093453,-0.499013,0.203101,0.075000,0.198663
81.933322,-1.264229,-0.413796,-0.516605,-1.080464,-0.499645,0.202829,0.075000,0.195942
81.966791,-1.262238,-0.414923,-0.510467,-1.080464,-0.499645,0.200549,0.075000,0.185127
82.000132,-1.259679,-0.416350,-0.502199,-1.076096,-0.499785,0.201654,0.075000,0.187327
82.033296,-1.257153,-0.417730,-0.494333,-1.071709,-0.499890,0.202830,0.075000,0.190310
82.066638,-1.255838,-0.418439,-0.490739,-1.071709,-0.499890,0.201340,0.075000,0.184237
82.100154,-1.253109,-0.419892,-0.483361,-1.067304,-0.499961,0.202323,0.075000,0.188825
82.133318,-1.251432,-0.420772,-0.479101,-1.067304,-0.499961,0.200434,0.075000,0.181804
82.166629,-1.249052,-0.422004,-0.472467,-1.062879,-0.499996,0.201849,0.075000,0.187480
82.200079,-1.246472,-0.423318,-0.464660,-1.058436,-0.499996,0.203069,0.075000,0.190536
82.233323,-1.245130,-0.423990,-0.461032,-1.058436,-0.499996,0.201572,0.075000,0.184403
82.266639,-1.242399,-0.425342,-0.454316,-1.053975,-0.499961,0.202661,0.075000,0.190399
82.300040,-1.239673,-0.426668,-0.447409,-1.049495,-0.499890,0.203787,0.075000,0.195793
82.333293,-1.238037,-0.427453,-0.443110,-1.049495,-0.499890,0.201978,0.075000,0.188704
82.366636,-1.235612,-0.428599,-0.436180,-1.044997,-0.499785,0.203474,0.075000,0.193357
82.400180,-1.232929,-0.429845,-0.428147,-1.044997,-0.499785,0.200525,0.075000,0.179054
82.433301,-1.231506,-0.430494,-0.424711,-1.040480,-0.499645,0.203157,0.075000,0.190277
82.466744,-1.228283,-0.431943,-0.416134,-1.035945,-0.499469,0.203847,0.075000,0.192335
82.500386,-1.226100,-0.432904,-0.410798,-1.035945,-0.499469,0.201469,0.075000,0.183663
82.533507,-1.223438,-0.434058,-0.402887,-1.031392,-0.499259,0.202812,0.075000,0.186181
82.566640,-1.221740,-0.434782,-0.398204,-1.031392,-0.499259,0.200972,0.075000,0.177986
82.600252,-1.219343,-0.435786,-0.390943,-1.026821,-0.499013,0.202639,0.075000,0.181497
82.633357,-1.216496,-0.436954,-0.383950,-1.022231,-0.498733,0.203851,0.075000,0.186351
82.666641,-1.214477,-0.437770,-0.378755,-1.022231,-0.498733,0.201680,0.075000,0.177542
82.699975,-1.212281,-0.438640,-0.372990,-1.017624,-0.498417,0.203628,0.075000,0.184086
82.733305,-1.210616,-0.439292,-0.368625,-1.017624,-0.498417,0.201845,0.075000,0.176569
82.766601,-1.208161,-0.440235,-0.361282,-1.012999,-0.498067,0.203550,0.075000,0.179644
82.800147,-1.206439,-0.440886,-0.357004,-1.012999,-0.498067,0.201714,0.075000,0.172352
82.833488,-1.203927,-0.441818,-0.350628,-1.008356,-0.497681,0.203393,0.075000,0.177815
82.866619,-1.203927,-0.441818,-0.350628,-1.008356,-0.497681,0.203393,0.075000,0.177815
82.900213,-1.203927,-0.441818,-0.350628,-1.008356,-0.497681,0.203393,0.075000,0.177815
82.938629,-1.202463,-0.442354,-0.347033,-1.008356,-0.497681,0.201838,0.075000,0.171682
82.966855,-1.193945,-0.445353,-0.325582,-0.999018,-0.496806,0.201604,0.075000,0.167302
83.000170,-1.191166,-0.446285,-0.318372,-0.994322,-0.496315,0.203102,0.075000,0.170905
83.033288,-1.188209,-0.447254,-0.311145,-0.989609,-0.495791,0.204445,0.075000,0.174587
83.066984,-1.186725,-0.447731,-0.307767,-0.989609,-0.495791,0.202891,0.075000,0.168969
83.100195,-1.183870,-0.448633,-0.300868,-0.984879,-0.495231,0.204374,0.075000,0.173171
83.133356,-1.181028,-0.449510,-0.293578,-0.984879,-0.495231,0.201408,0.075000,0.160200
83.166622,-1.179362,-0.450014,-0.288941,-0.980131,-0.494636,0.204167,0.075000,0.167878
83.200090,-1.176756,-0.450785,-0.282884,-0.980131,-0.494636,0.201455,0.075000,0.157383
83.233315,-1.173754,-0.451653,-0.276798,-0.975366,-0.494007,0.202859,0.075000,0.163703
83.266628,-1.172298,-0.452067,-0.273317,-0.975366,-0.494007,0.201349,0.075000,0.157541
83.299974,-1.169421,-0.452868,-0.265986,-0.970584,-0.493343,0.202914,0.075000,0.160472
83.333348,-1.166522,-0.453652,-0.258822,-0.965785,-0.492644,0.204489,0.075000,0.163619
83.366737,-1.165028,-0.454048,-0.255507,-0.965785,-0.492644,0.202947,0.075000,0.157966
83.400138,-1.162139,-0.454797,-0.249093,-0.960969,-0.491911,0.204565,0.075000,0.162796
83.433295,-1.159210,-0.455537,-0.242489,-0.960969,-0.491911,0.201551,0.075000,0.151290
83.466710,-1.157749,-0.455898,-0.239173,-0.960969,-0.491911,0.200049,0.075000,0.145296
83.500090,-1.154801,-0.456613,-0.232808,-0.956136,-0.491144,0.201644,0.075000,0.150451
83.533472,-1.151877,-0.457301,-0.226522,-0.951286,-0.490341,0.203294,0.075000,0.155510
83.566684,-1.150365,-0.457649,-0.223997,-0.951286,-0.490341,0.201745,0.075000,0.151660
83.600092,-1.147500,-0.458297,-0.217635,-0.946420,-0.489505,0.203488,0.075000,0.156322
83.633253,-1.144499,-0.458956,-0.211654,-0.946420,-0.489505,0.200421,0.075000,0.146191
83.666933,-1.143052,-0.459267,-0.208687,-0.941537,-0.488634,0.203644,0.075000,0.156966
83.700129,-1.140166,-0.459873,-0.202010,-0.941537,-0.488634,0.200700,0.075000,0.144944
83.733407,-1.138370,-0.460241,-0.198257,-0.936638,-0.487729,0.203597,0.075000,0.154206
83.766732,-1.135704,-0.460773,-0.193328,-0.936638,-0.487729,0.200884,0.075000,0.146113
83.800105,-1.132737,-0.461350,-0.187579,-0.931722,-0.486789,0.202618,0.075000,0.152145
83.833410,-1.130628,-0.461750,-0.182927,-0.931722,-0.486789,0.200477,0.075000,0.143831
83.866621,-1.129753,-0.461912,-0.181057,-0.926789,-0.485816,0.204367,0.075000,0.156043
83.900122,-1.129753,-0.461912,-0.181057,-0.926789,-0.485816,0.204367,0.075000,0.156043
83.933499,-1.129753,-0.461912,-0.181057,-0.926789,-0.485816,0.204367,0.075000,0.156043
83.976774,-1.128292,-0.462180,-0.177716,-0.926789,-0.485816,0.202884,0.075000,0.150115
84.000111,-1.117672,-0.463988,-0.156470,-0.916876,-0.483766,0.201768,0.075000,0.144358
84.033404,-1.115068,-0.464395,-0.150818,-0.911895,-0.482691,0.203994,0.075000,0.149445
84.066779,-1.113605,-0.464617,-0.147730,-0.911895,-0.482691,0.202518,0.075000,0.144022
84.100148,-1.110618,-0.465058,-0.142265,-0.906899,-0.481581,0.204388,0.075000,0.149948
84.133458,-1.107687,-0.465473,-0.135865,-0.906899,-0.481581,0.201433,0.075000,0.138465
84.166678,-1.106243,-0.465671,-0.132758,-0.901886,-0.480438,0.204890,0.075000,0.147844
84.200048,-1.103302,-0.466059,-0.127136,-0.901886,-0.480438,0.201928,0.075000,0.138263
84.233351,-1.100326,-0.466436,-0.120849,-0.896857,-0.479261,0.203873,0.075000,0.141919
84.266785,-1.098518,-0.466655,-0.117634,-0.896857,-0.479261,0.202054,0.075000,0.136540
84.300151,-1.095844,-0.466968,-0.112779,-0.891813,-0.478050,0.204332,0.075000,0.143110
84.333494,-1.094097,-0.467166,-0.109261,-0.891813,-0.478050,0.202576,0.075000,0.136931
84.366736,-1.091168,-0.467483,-0.103614,-0.886753,-0.476806,0.204628,0.075000,0.141736
84.400053,-1.088494,-0.467758,-0.098609,-0.886753,-0.476806,0.201944,0.075000,0.133119
84.433526,-1.086963,-0.467910,-0.095803,-0.886753,-0.476806,0.200407,0.075000,0.128179
84.466784,-1.084018,-0.468189,-0.090278,-0.881678,-0.475528,0.202474,0.075000,0.133338
84.500410,-1.081112,-0.468448,-0.084599,-0.876587,-0.474217,0.204606,0.075000,0.137745
84.533543,-1.078189,-0.468692,-0.079119,-0.876587,-0.474217,0.201678,0.075000,0.128163
84.566701,-1.076416,-0.468832,-0.075986,-0.871481,-0.472873,0.204975,0.075000,0.137196
84.600089,-1.073731,-0.469034,-0.071660,-0.871481,-0.472873,0.202287,0.075000,0.130156
84.633362,-1.070739,-0.469245,-0.066439,-0.866359,-0.471495,0.204393,0.075000,0.135526
84.666776,-1.069208,-0.469347,-0.063936,-0.866359,-0.471495,0.202860,0.075000,0.131422
84.700184,-1.066260,-0.469533,-0.058959,-0.861222,-0.470085,0.205039,0.075000,0.137136
84.733284,-1.064098,-0.469660,-0.054788,-0.861222,-0.470085,0.202876,0.075000,0.129813
84.766617,-1.061682,-0.469790,-0.050714,-0.861222,-0.470085,0.200460,0.075000,0.122781
84.800112,-1.061682,-0.469790,-0.050714,-0.861222,-0.470085,0.200460,0.075000,0.122781
84.833537,-1.057301,-0.470002,-0.042833,-0.856070,-0.468641,0.201235,0.075000,0.123175
84.866938,-1.057301,-0.470002,-0.042833,-0.856070,-0.468641,0.201235,0.075000,0.123175
84.900179,-1.057301,-0.470002,-0.042833,-0.856070,-0.468641,0.201235,0.075000,0.123175
84.933347,-1.057301,-0.470002,-0.042833,-0.856070,-0.468641,0.201235,0.075000,0.123175
84.966653,-1.057301,-0.470002,-0.042833,-0.856070,-0.468641,0.201235,0.075000,0.123175
85.000107,-1.043558,-0.470451,-0.019825,-0.840525,-0.464113,0.203132,0.075000,0.125561
85.033349,-1.040884,-0.470502,-0.015050,-0.840525,-0.464113,0.200461,0.075000,0.116995
85.066878,-1.039394,-0.470524,-0.013012,-0.835313,-0.462539,0.204237,0.075000,0.127542
85.100137,-1.036382,-0.470560,-0.008252,-0.835313,-0.462539,0.201229,0.075000,0.119528
85.133404,-1.033335,-0.470582,-0.003042,-0.830087,-0.460932,0.203476,0.075000,0.124007
85.166699,-1.031823,-0.470586,-0.000556,-0.830087,-0.460932,0.201967,0.075000,0.119721
85.200184,-1.028860,-0.470585,0.004151,-0.824847,-0.459292,0.204326,0.075000,0.125105
85.233432,-1.025825,-0.470569,0.009374,-0.824847,-0.459292,0.201295,0.075000,0.115905
85.266620,-1.024297,-0.470555,0.011690,-0.819592,-0.457621,0.205114,0.075000,0.125271
85.300475,-1.021268,-0.470517,0.016124,-0.819592,-0.457621,0.202089,0.075000,0.118057
85.333461,-1.018294,-0.470465,0.021011,-0.814322,-0.455917,0.204491,0.075000,0.122679
85.366866,-1.016178,-0.470421,0.024620,-0.814322,-0.455917,0.202376,0.075000,0.116351
85.400210,-1.013782,-0.470360,0.028262,-0.809038,-0.454181,0.205382,0.075000,0.123117
85.433324,-1.010667,-0.470268,0.033039,-0.809038,-0.454181,0.202269,0.075000,0.115097
85.466810,-1.009150,-0.470218,0.035847,-0.809038,-0.454181,0.200754,0.075000,0.109856
85.500247,-1.006244,-0.470111,0.040823,-0.803740,-0.452414,0.203276,0.075000,0.113962
85.533344,-1.003243,-0.469985,0.044986,-0.803740,-0.452414,0.200276,0.075000,0.106982
85.566639,-1.001731,-0.469917,0.047021,-0.798428,-0.450614,0.204217,0.075000,0.116602
85.600320,-0.998737,-0.469773,0.051337,-0.798428,-0.450614,0.201223,0.075000,0.109345
85.633319,-0.995729,-0.469615,0.056206,-0.793102,-0.448783,0.203695,0.075000,0.113467
85.666648,-0.993903,-0.469512,0.059188,-0.793102,-0.448783,0.201868,0.075000,0.108151
85.700076,-0.991147,-0.469346,0.063151,-0.787762,-0.446921,0.204618,0.075000,0.113992
85.733452,-0.989326,-0.469231,0.065776,-0.787762,-0.446921,0.202795,0.075000,0.109588
85.766723,-0.988134,-0.469153,0.067738,-0.787762,-0.446921,0.201601,0.075000,0.106027
85.800116,-0.983623,-0.468836,0.075093,-0.782408,-0.445027,0.202619,0.075000,0.105302
85.833592,-0.983623,-0.468836,0.075093,-0.782408,-0.445027,0.202619,0.075000,0.105302
85.866621,-0.979022,-0.468479,0.081719,-0.777041,-0.443102,0.203570,0.075000,0.106242
85.900091,-0.979022,-0.468479,0.081719,-0.777041,-0.443102,0.203570,0.075000,0.106242
85.933586,-0.979022,-0.468479,0.081719,-0.777041,-0.443102,0.203570,0.075000,0.106242
85.966639,-0.979022,-0.468479,0.081719,-0.777041,-0.443102,0.203570,0.075000,0.106242
86.000071,-0.979022,-0.468479,0.081719,-0.777041,-0.443102,0.203570,0.075000,0.106242
86.035991,-0.973018,-0.467970,0.090417,-0.771659,-0.441146,0.203138,0.075000,0.103393
86.067687,-0.964139,-0.467121,0.102358,-0.760856,-0.437141,0.205481,0.075000,0.107195
86.103905,-0.961118,-0.466808,0.106368,-0.760856,-0.437141,0.202447,0.075000,0.100507
86.133450,-0.958185,-0.466491,0.110656,-0.755435,-0.435092,0.205167,0.075000,0.104740
86.166796,-0.956697,-0.466326,0.112904,-0.755435,-0.435092,0.203672,0.075000,0.100771
86.199931,-0.953075,-0.465911,0.118025,-0.755435,-0.435092,0.200028,0.075000,0.091626
86.233324,-0.950728,-0.465630,0.121679,-0.750000,-0.433013,0.203361,0.075000,0.096869
86.266742,-0.949244,-0.465449,0.123729,-0.750000,-0.433013,0.201867,0.075000,0.093235
86.300265,-0.946215,-0.465070,0.127653,-0.744552,-0.430903,0.204537,0.075000,0.098188
86.333248,-0.943282,-0.464690,0.131268,-0.744552,-0.430903,0.201581,0.075000,0.092096
86.366851,-0.941747,-0.464488,0.133083,-0.744552,-0.430903,0.200034,0.075000,0.088992
86.400177,-0.938773,-0.464087,0.137027,-0.739091,-0.428763,0.202782,0.075000,0.093830
86.433530,-0.936956,-0.463837,0.139256,-0.739091,-0.428763,0.200950,0.075000,0.090007
86.466823,-0.934319,-0.463465,0.142084,-0.733617,-0.426593,0.204061,0.075000,0.097012
86.500104,-0.931307,-0.463032,0.146170,-0.733617,-0.426593,0.201020,0.075000,0.089784
86.533297,-0.929514,-0.462768,0.148470,-0.728130,-0.424394,0.205008,0.075000,0.097105
86.566825,-0.926883,-0.462372,0.151937,-0.728130,-0.424394,0.202349,0.075000,0.091088
86.600047,-0.923999,-0.461928,0.155829,-0.722631,-0.422164,0.205257,0.075000,0.095300
86.633510,-0.922151,-0.461638,0.158126,-0.722631,-0.422164,0.203388,0.075000,0.091417
86.666964,-0.918883,-0.461114,0.161478,-0.722631,-0.422164,0.200080,0.075000,0.086061
86.700292,-0.916573,-0.460736,0.164651,-0.717118,-0.419905,0.203592,0.075000,0.091519
86.733449,-0.915113,-0.460494,0.166786,-0.717118,-0.419905,0.202113,0.075000,0.087586
86.766778,-0.912189,-0.459998,0.170322,-0.711593,-0.417616,0.205024,0.075000,0.092399
86.800303,-0.910746,-0.459750,0.171754,-0.711593,-0.417616,0.203561,0.075000,0.090218
86.833325,-0.909287,-0.459497,0.173538,-0.711593,-0.417616,0.202081,0.075000,0.087132
86.866697,-0.909287,-0.459497,0.173538,-0.711593,-0.417616,0.202081,0.075000,0.087132
86.899939,-0.906332,-0.458976,0.176973,-0.706056,-0.415298,0.204984,0.075000,0.092071
86.933298,-0.898997,-0.457635,0.185952,-0.700506,-0.412951,0.203459,0.075000,0.087169
86.966745,-0.897455,-0.457345,0.187714,-0.700506,-0.412951,0.201890,0.075000,0.084167
87.000130,-0.894555,-0.456792,0.190897,-0.694944,-0.410575,0.204891,0.075000,0.089372
87.033323,-0.891666,-0.456231,0.194981,-0.694944,-0.410575,0.201950,0.075000,0.081854
87.066689,-0.890158,-0.455933,0.196598,-0.694944,-0.410575,0.200415,0.075000,0.079081
87.100053,-0.887202,-0.455342,0.199420,-0.689370,-0.408170,0.203379,0.075000,0.085183
87.133319,-0.884319,-0.454757,0.202976,-0.689370,-0.408170,0.200438,0.075000,0.078809
87.166772,-0.882831,-0.454451,0.204636,-0.683783,-0.405736,0.204922,0.075000,0.086322
87.200123,-0.879920,-0.453845,0.207249,-0.683783,-0.405736,0.201950,0.075000,0.082389
87.233342,-0.877078,-0.453244,0.211068,-0.678185,-0.403274,0.205074,0.075000,0.085514
87.266769,-0.875603,-0.452928,0.212772,-0.678185,-0.403274,0.203567,0.075000,0.082601
87.300110,-0.872700,-0.452299,0.216311,-0.678185,-0.403274,0.200598,0.075000,0.076219
87.333307,-0.869779,-0.451655,0.218699,-0.672575,-0.400783,0.203660,0.075000,0.082870
87.366649,-0.868221,-0.451309,0.220160,-0.672575,-0.400783,0.202065,0.075000,0.080570
87.400099,-0.865426,-0.450681,0.223333,-0.666953,-0.398265,0.205278,0.075000,0.084911
87.433423,-0.862592,-0.450035,0.226736,-0.666953,-0.398265,0.202373,0.075000,0.078933
87.466728,-0.861146,-0.449701,0.228197,-0.666953,-0.398265,0.200890,0.075000,0.076469
87.500360,-0.858170,-0.449008,0.231508,-0.661319,-0.395718,0.203937,0.075000,0.080557
87.533520,-0.856426,-0.448596,0.233412,-0.661319,-0.395718,0.202145,0.075000,0.077285
87.566865,-0.853794,-0.447969,0.236090,-0.655674,-0.393144,0.205566,0.075000,0.082387
87.600132,-0.850999,-0.447294,0.239765,-0.655674,-0.393144,0.202692,0.075000,0.075645
87.633273,-0.848089,-0.446579,0.243234,-0.650017,-0.390542,0.205846,0.075000,0.078863
87.666646,-0.846663,-0.446226,0.244794,-0.650017,-0.390542,0.204378,0.075000,0.076186
87.700219,-0.843709,-0.445486,0.247394,-0.650017,-0.390542,0.201334,0.075000,0.072034
87.733497,-0.842189,-0.445102,0.248958,-0.644349,-0.387913,0.205940,0.075000,0.078742
87.766723,-0.840752,-0.444737,0.250844,-0.644349,-0.387913,0.204458,0.075000,0.075279
87.800210,-0.839277,-0.444359,0.252634,-0.644349,-0.387913,0.202937,0.075000,0.072003
87.833455,-0.834268,-0.443057,0.258041,-0.638669,-0.385257,0.203961,0.075000,0.071778
87.866980,-0.834268,-0.443057,0.258041,-0.638669,-0.385257,0.203961,0.075000,0.071778
87.900120,-0.834268,-0.443057,0.258041,-0.638669,-0.385257,0.203961,0.075000,0.071778
87.933482,-0.834268,-0.443057,0.258041,-0.638669,-0.385257,0.203961,0.075000,0.071778
87.966897,-0.824700,-0.440482,0.268098,-0.632978,-0.382573,0.200277,0.075000,0.062995
88.000157,-0.821890,-0.439708,0.270803,-0.627276,-0.379863,0.203608,0.075000,0.067597
88.033338,-0.818971,-0.438896,0.274029,-0.627276,-0.379863,0.200578,0.075000,0.061590
88.066619,-0.817510,-0.438485,0.275486,-0.621563,-0.377126,0.205329,0.075000,0.068139
88.100191,-0.814572,-0.437653,0.278051,-0.621563,-0.377126,0.202277,0.075000,0.063849
88.133342,-0.811810,-0.436863,0.280415,-0.615840,-0.374362,0.205696,0.075000,0.068820
88.166980,-0.810388,-0.436453,0.281955,-0.615840,-0.374362,0.204217,0.075000,0.066050
88.200160,-0.807525,-0.435622,0.284551,-0.615840,-0.374362,0.201237,0.075000,0.061548
88.233540,-0.806056,-0.435192,0.285768,-0.610105,-0.371572,0.206020,0.075000,0.068348
88.266777,-0.803131,-0.434330,0.288336,-0.610105,-0.371572,0.202972,0.075000,0.064070
88.300147,-0.801647,-0.433891,0.289849,-0.610105,-0.371572,0.201425,0.075000,0.061304
88.333327,-0.798720,-0.433015,0.292856,-0.604360,-0.368757,0.204707,0.075000,0.064591
88.366853,-0.795311,-0.431984,0.296556,-0.604360,-0.368757,0.201147,0.075000,0.057663
88.400229,-0.792968,-0.431267,0.298367,-0.598604,-0.365915,0.205057,0.075000,0.063370
88.433298,-0.790075,-0.430375,0.301181,-0.598604,-0.365915,0.202030,0.075000,0.058296
88.466733,-0.788660,-0.429935,0.302746,-0.598604,-0.365915,0.200550,0.075000,0.055259
88.500142,-0.785786,-0.429035,0.305613,-0.592837,-0.363047,0.203920,0.075000,0.058629
88.533275,-0.782890,-0.428120,0.307898,-0.592837,-0.363047,0.200884,0.075000,0.054711
88.566643,-0.781162,-0.427570,0.309562,-0.587061,-0.360155,0.205476,0.075000,0.060159
88.600144,-0.778598,-0.426748,0.311865,-0.587061,-0.360155,0.202784,0.075000,0.056071
88.633433,-0.776830,-0.426179,0.313444,-0.587061,-0.360155,0.200927,0.075000,0.053185
88.666802,-0.774017,-0.425265,0.315396,-0.581273,-0.357236,0.204397,0.075000,0.058468
88.700112,-0.771478,-0.424435,0.317325,-0.581273,-0.357236,0.201726,0.075000,0.055229
88.733433,-0.769719,-0.423858,0.318803,-0.575476,-0.354293,0.206324,0.075000,0.060811
88.766654,-0.768626,-0.423497,0.319820,-0.575476,-0.354293,0.205174,0.075000,0.059019
88.799940,-0.764398,-0.422092,0.322739,-0.575476,-0.354293,0.200719,0.075000,0.054343
88.833468,-0.764398,-0.422092,0.322739,-0.575476,-0.354293,0.200719,0.075000,0.054343
88.884031,-0.762333,-0.421401,0.324351,-0.569669,-0.351325,0.205012,0.075000,0.059735
88.900098,-0.757255,-0.419685,0.328506,-0.563851,-0.348332,0.206146,0.075000,0.060463
88.933470,-0.755831,-0.419199,0.329666,-0.563851,-0.348332,0.204642,0.075000,0.058524
88.966718,-0.752879,-0.418188,0.331827,-0.563851,-0.348332,0.201522,0.075000,0.054970
89.000061,-0.750084,-0.417223,0.333886,-0.558024,-0.345315,0.205080,0.075000,0.059390
89.033294,-0.747230,-0.416231,0.336265,-0.558024,-0.345315,0.202060,0.075000,0.055274
89.066828,-0.745782,-0.415725,0.337425,-0.558024,-0.345315,0.200526,0.075000,0.053231
89.100106,-0.742936,-0.414725,0.339562,-0.552187,-0.342274,0.204045,0.075000,0.057418
89.133293,-0.740126,-0.413731,0.342093,-0.552187,-0.342274,0.201065,0.075000,0.052816
89.166614,-0.738720,-0.413230,0.343200,-0.546340,-0.339208,0.206129,0.075000,0.058471
89.200029,-0.735872,-0.412211,0.344984,-0.546340,-0.339208,0.203106,0.075000,0.055818
89.233296,-0.733054,-0.411196,0.346956,-0.546340,-0.339208,0.200111,0.075000,0.052557
89.266728,-0.731686,-0.410702,0.348169,-0.540484,-0.336119,0.205234,0.075000,0.057859
89.300080,-0.728878,-0.409681,0.351023,-0.540484,-0.336119,0.202247,0.075000,0.052505
89.333300,-0.726114,-0.408667,0.352920,-0.534618,-0.333006,0.205901,0.075000,0.056723
89.366616,-0.724696,-0.408145,0.353760,-0.534618,-0.333006,0.204391,0.075000,0.055512
89.400050,-0.721854,-0.407094,0.355497,-0.534618,-0.333006,0.201362,0.075000,0.052869
89.433280,-0.719080,-0.406063,0.357954,-0.528743,-0.329870,0.205021,0.075000,0.055636
89.466621,-0.717686,-0.405541,0.359087,-0.528743,-0.329870,0.203534,0.075000,0.053669
89.499951,-0.714843,-0.404473,0.361169,-0.528743,-0.329870,0.200497,0.075000,0.050100
89.533373,-0.712039,-0.403412,0.363328,-0.522858,-0.326710,0.204138,0.075000,0.053535
89.566743,-0.710666,-0.402890,0.364517,-0.522858,-0.326710,0.202670,0.075000,0.051381
89.600039,-0.707900,-0.401833,0.366348,-0.516964,-0.323528,0.206369,0.075000,0.055347
89.633284,-0.705047,-0.400736,0.368808,-0.516964,-0.323528,0.203313,0.075000,0.050948
89.666833,-0.703620,-0.400185,0.369468,-0.516964,-0.323528,0.201784,0.075000,0.050088
89.700089,-0.700824,-0.399101,0.371117,-0.511062,-0.320323,0.205465,0.075000,0.054435
89.733444,-0.699087,-0.398424,0.372234,-0.511062,-0.320323,0.203601,0.075000,0.052694
89.766625,-0.695967,-0.397204,0.374116,-0.511062,-0.320323,0.200252,0.075000,0.049750
89.800263,-0.695967,-0.397204,0.374116,-0.511062,-0.320323,0.200252,0.075000,0.049750
89.833333,-0.695967,-0.397204,0.374116,-0.511062,-0.320323,0.200252,0.075000,0.049750
89.866818,-0.689619,-0.394699,0.378933,-0.505150,-0.317095,0.200128,0.075000,0.048165
89.900212,-0.686776,-0.393566,0.380475,-0.499229,-0.313846,0.203787,0.075000,0.052634
89.933489,-0.685411,-0.393020,0.381258,-0.499229,-0.313846,0.202317,0.075000,0.051468
89.966827,-0.682531,-0.391864,0.382840,-0.493300,-0.310574,0.205953,0.075000,0.055606
89.999923,-0.679213,-0.390525,0.385855,-0.493300,-0.310574,0.202375,0.075000,0.050106
90.033562,-0.678365,-0.390180,0.386359,-0.493300,-0.310574,0.201460,0.075000,0.049312
90.066864,-0.675643,-0.389072,0.388049,-0.487362,-0.307280,0.205280,0.075000,0.053015
90.100265,-0.672915,-0.387955,0.390013,-0.487362,-0.307280,0.202332,0.075000,0.049703
90.133315,-0.670249,-0.386858,0.392291,-0.481415,-0.303965,0.206227,0.075000,0.051772
90.166658,-0.668863,-0.386285,0.393157,-0.481415,-0.303965,0.204727,0.075000,0.050418
90.200178,-0.666046,-0.385115,0.395101,-0.481415,-0.303965,0.201677,0.075000,0.047122
90.233467,-0.663193,-0.383924,0.397074,-0.475460,-0.300629,0.205382,0.075000,0.049949
90.266733,-0.661852,-0.383361,0.398341,-0.475460,-0.300629,0.203928,0.075000,0.047558
90.300339,-0.659083,-0.382194,0.400560,-0.475460,-0.300629,0.200923,0.075000,0.043448
90.333516,-0.656309,-0.381017,0.402557,-0.469497,-0.297271,0.204724,0.075000,0.046098
90.366618,-0.654964,-0.380445,0.403584,-0.469497,-0.297271,0.203263,0.075000,0.044237
90.400226,-0.652266,-0.379292,0.405153,-0.469497,-0.297271,0.200329,0.075000,0.041617
90.433379,-0.649445,-0.378080,0.406751,-0.463525,-0.293893,0.204092,0.075000,0.045182
90.466872,-0.648025,-0.377468,0.407425,-0.463525,-0.293893,0.202546,0.075000,0.044213
90.499954,-0.645298,-0.376290,0.409220,-0.457546,-0.290494,0.206427,0.075000,0.047022
90.533353,-0.642550,-0.375097,0.411190,-0.457546,-0.290494,0.203431,0.075000,0.043558
90.566836,-0.641179,-0.374499,0.412186,-0.457546,-0.290494,0.201936,0.075000,0.041739
90.600199,-0.638397,-0.373281,0.414267,-0.451558,-0.287074,0.205768,0.075000,0.043799
90.633420,-0.637014,-0.372673,0.414983,-0.451558,-0.287074,0.204258,0.075000,0.042698
90.666863,-0.634377,-0.371510,0.416537,-0.451558,-0.287074,0.201376,0.075000,0.040057
90.700186,-0.631599,-0.370280,0.418266,-0.445562,-0.283634,0.205224,0.075000,0.042887
90.733287,-0.629889,-0.369520,0.419186,-0.445562,-0.283634,0.203353,0.075000,0.041420
90.766814,-0.626824,-0.368153,0.420913,-0.439559,-0.280175,0.206902,0.075000,0.044191
90.800206,-0.626824,-0.368153,0.420913,-0.439559,-0.280175,0.206902,0.075000,0.044191
90.833640,-0.626824,-0.368153,0.420913,-0.439559,-0.280175,0.206902,0.075000,0.044191
90.866916,-0.626824,-0.368153,0.420913,-0.439559,-0.280175,0.206902,0.075000,0.044191
90.917866,-0.626024,-0.367795,0.421448,-0.439559,-0.280175,0.206026,0.075000,0.043269
90.933295,-0.616280,-0.363391,0.428519,-0.433548,-0.276696,0.202255,0.075000,0.035779
90.966841,-0.613923,-0.362314,0.430313,-0.427529,-0.273197,0.206603,0.075000,0.037916
91.000083,-0.611151,-0.361040,0.432104,-0.427529,-0.273197,0.203552,0.075000,0.034648
91.033520,-0.609728,-0.360384,0.433068,-0.427529,-0.273197,0.201985,0.075000,0.032801
91.066582,-0.606656,-0.358961,0.435194,-0.421503,-0.269679,0.205555,0.075000,0.034336
91.100064,-0.604259,-0.357846,0.436642,-0.421503,-0.269679,0.202912,0.075000,0.031657
91.133321,-0.601448,-0.356532,0.437918,-0.415469,-0.266143,0.206781,0.075000,0.035024
91.166747,-0.599539,-0.355639,0.439377,-0.415469,-0.266143,0.204674,0.075000,0.032184
91.200085,-0.597390,-0.354628,0.440833,-0.415469,-0.266143,0.202299,0.075000,0.029338
91.233473,-0.596042,-0.353992,0.441549,-0.415469,-0.266143,0.200809,0.075000,0.027991
91.266750,-0.593330,-0.352709,0.443182,-0.409428,-0.262587,0.204797,0.075000,0.030453
91.300129,-0.590599,-0.351411,0.444616,-0.409428,-0.262587,0.201774,0.075000,0.027805
91.333351,-0.587900,-0.350124,0.445641,-0.403380,-0.259014,0.205789,0.075000,0.031611
91.366656,-0.586546,-0.349477,0.446102,-0.403380,-0.259014,0.204288,0.075000,0.030947
91.399967,-0.583235,-0.347892,0.447700,-0.403380,-0.259014,0.200617,0.075000,0.028092
91.433326,-0.582429,-0.347505,0.447994,-0.397324,-0.255422,0.206744,0.075000,0.032957
91.466741,-0.579240,-0.345972,0.449160,-0.397324,-0.255422,0.203205,0.075000,0.031234
91.500100,-0.577132,-0.344955,0.450499,-0.397324,-0.255422,0.200866,0.075000,0.028623
91.533299,-0.574369,-0.343618,0.451388,-0.391262,-0.251812,0.204833,0.075000,0.032619
91.566637,-0.573037,-0.342972,0.451953,-0.391262,-0.251812,0.203353,0.075000,0.031707
91.600086,-0.570343,-0.341663,0.453555,-0.391262,-0.251812,0.200358,0.075000,0.028653
91.633287,-0.567681,-0.340364,0.455225,-0.385193,-0.248184,0.204448,0.075000,0.030614
91.666613,-0.566359,-0.339717,0.455548,-0.385193,-0.248184,0.202976,0.075000,0.030263
91.700133,-0.563608,-0.338368,0.456962,-0.379117,-0.244539,0.206980,0.075000,0.032683
91.733422,-0.561985,-0.337570,0.458016,-0.379117,-0.244539,0.205172,0.075000,0.030692
91.766743,-0.560953,-0.337062,0.458859,-0.379117,-0.244539,0.204022,0.075000,0.028975
91.800085,-0.558293,-0.335747,0.459785,-0.379117,-0.244539,0.201054,0.075000,0.027526
91.833472,-0.558293,-0.335747,0.459785,-0.379117,-0.244539,0.201054,0.075000,0.027526
91.866637,-0.552673,-0.332956,0.462877,-0.373035,-0.240877,0.201862,0.075000,0.026711
91.900116,-0.550278,-0.331760,0.464086,-0.366946,-0.237198,0.206282,0.075000,0.029372
91.933264,-0.547648,-0.330443,0.464810,-0.366946,-0.237198,0.203342,0.075000,0.028443
91.966602,-0.546274,-0.329754,0.465485,-0.366946,-0.237198,0.201805,0.075000,0.027204
92.000140,-0.543583,-0.328401,0.466756,-0.360850,-0.233502,0.205905,0.075000,0.029715
92.033304,-0.540908,-0.327052,0.467492,-0.360850,-0.233502,0.202910,0.075000,0.028774
92.066751,-0.539553,-0.326368,0.467735,-0.360850,-0.233502,0.201392,0.075000,0.028607
92.100092,-0.536811,-0.324983,0.468733,-0.354748,-0.229790,0.205447,0.075000,0.031716
92.133447,-0.534175,-0.323647,0.470106,-0.354748,-0.229790,0.202492,0.075000,0.029245
92.166753,-0.532826,-0.322961,0.470241,-0.354748,-0.229790,0.200978,0.075000,0.029351
92.200100,-0.530148,-0.321599,0.471317,-0.348640,-0.226062,0.205116,0.075000,0.032161
92.233531,-0.528777,-0.320901,0.471757,-0.348640,-0.226062,0.203577,0.075000,0.031568
92.266626,-0.526200,-0.319585,0.472803,-0.348640,-0.226062,0.200684,0.075000,0.029869
92.300121,-0.523570,-0.318239,0.473805,-0.342526,-0.222318,0.204885,0.075000,0.032743
92.333440,-0.520855,-0.316846,0.474931,-0.342526,-0.222318,0.201834,0.075000,0.030944
92.366623,-0.519504,-0.316152,0.475864,-0.342526,-0.222318,0.200314,0.075000,0.029088
92.400198,-0.516861,-0.314789,0.476747,-0.336406,-0.218558,0.204510,0.075000,0.032173
92.433265,-0.514129,-0.313377,0.477459,-0.336406,-0.218558,0.201435,0.075000,0.031390
92.466620,-0.512757,-0.312667,0.478013,-0.330280,-0.214783,0.207073,0.075000,0.034636
92.500026,-0.510072,-0.311275,0.479149,-0.330280,-0.214783,0.204048,0.075000,0.032879
92.533380,-0.507466,-0.309921,0.480199,-0.330280,-0.214783,0.201112,0.075000,0.031229
92.566623,-0.506126,-0.309223,0.480955,-0.324148,-0.210993,0.206797,0.075000,0.033890
92.600150,-0.503449,-0.307825,0.482237,-0.324148,-0.210993,0.203778,0.075000,0.031745
92.633330,-0.502132,-0.307135,0.482804,-0.324148,-0.210993,0.202291,0.075000,0.030810
92.666740,-0.499523,-0.305767,0.483823,-0.318011,-0.207188,0.206554,0.075000,0.033180
92.700274,-0.496829,-0.304351,0.485054,-0.318011,-0.207188,0.203511,0.075000,0.031146
92.733249,-0.494176,-0.302952,0.485887,-0.318011,-0.207188,0.200512,0.075000,0.029999
92.766859,-0.494176,-0.302952,0.485887,-0.318011,-0.207188,0.200512,0.075000,0.029999
92.800227,-0.491595,-0.301587,0.487336,-0.311868,-0.203368,0.204814,0.075000,0.031267
92.833520,-0.491595,-0.301587,0.487336,-0.311868,-0.203368,0.204814,0.075000,0.031267
92.876978,-0.490266,-0.300883,0.487742,-0.311868,-0.203368,0.203311,0.075000,0.030732
92.899998,-0.484974,-0.298065,0.490797,-0.305719,-0.199535,0.204549,0.075000,0.028819
92.933711,-0.482275,-0.296622,0.491399,-0.305719,-0.199535,0.201489,0.075000,0.028202
92.966997,-0.479713,-0.295250,0.492655,-0.299565,-0.195687,0.205830,0.075000,0.029731
93.000371,-0.477079,-0.293836,0.493566,-0.299565,-0.195687,0.202841,0.075000,0.028362
93.033791,-0.475475,-0.292972,0.494092,-0.299565,-0.195687,0.201019,0.075000,0.027570
93.066753,-0.473036,-0.291658,0.495114,-0.293406,-0.191825,0.205508,0.075000,0.029552
93.100324,-0.470484,-0.290278,0.497178,-0.293406,-0.191825,0.202607,0.075000,0.025296
93.133428,-0.467792,-0.288817,0.497622,-0.287241,-0.187950,0.206815,0.075000,0.028643
93.166639,-0.466419,-0.288072,0.497865,-0.287241,-0.187950,0.205253,0.075000,0.028489
93.199979,-0.463802,-0.286648,0.499619,-0.287241,-0.187950,0.202274,0.075000,0.024985
93.233474,-0.461260,-0.285259,0.500782,-0.281072,-0.184062,0.206661,0.075000,0.026463
93.266759,-0.459926,-0.284529,0.501383,-0.281072,-0.184062,0.205139,0.075000,0.025392
93.300207,-0.457268,-0.283072,0.502696,-0.281072,-0.184062,0.202109,0.075000,0.022902
93.333298,-0.454644,-0.281627,0.504125,-0.274898,-0.180161,0.206408,0.075000,0.023691
93.366630,-0.453346,-0.280911,0.504691,-0.274898,-0.180161,0.204925,0.075000,0.022654
93.400228,-0.450679,-0.279437,0.505997,-0.274898,-0.180161,0.201879,0.075000,0.020098
93.433660,-0.448006,-0.277956,0.506758,-0.268718,-0.176248,0.206128,0.075000,0.022466
93.466923,-0.446758,-0.277262,0.507440,-0.268718,-0.176248,0.204700,0.075000,0.021115
93.500322,-0.444271,-0.275879,0.508411,-0.268718,-0.176248,0.201854,0.075000,0.019300
93.533494,-0.441611,-0.274396,0.509075,-0.262535,-0.172321,0.206125,0.075000,0.021827
93.566820,-0.440250,-0.273637,0.509589,-0.262535,-0.172321,0.204567,0.075000,0.020906
93.600115,-0.437630,-0.272172,0.510383,-0.262535,-0.172321,0.201565,0.075000,0.019556
93.633313,-0.434964,-0.270678,0.511330,-0.256346,-0.168383,0.205836,0.075000,0.021323
93.666642,-0.433610,-0.269919,0.511951,-0.256346,-0.168383,0.204284,0.075000,0.020127
93.700216,-0.430914,-0.268403,0.512900,-0.256346,-0.168383,0.201191,0.075000,0.018386
93.733480,-0.429685,-0.267711,0.513656,-0.250153,-0.164433,0.207119,0.075000,0.020218
93.766657,-0.427080,-0.266242,0.514316,-0.250153,-0.164433,0.204128,0.075000,0.019198
93.800149,-0.427080,-0.266242,0.514316,-0.250153,-0.164433,0.204128,0.075000,0.019198
93.833361,-0.427080,-0.266242,0.514316,-0.250153,-0.164433,0.204128,0.075000,0.019198
93.880839,-0.425793,-0.265515,0.514902,-0.250153,-0.164433,0.202650,0.075000,0.018032
93.900148,-0.419331,-0.261852,0.516875,-0.243956,-0.160472,0.202570,0.075000,0.017943
93.933538,-0.416577,-0.260286,0.517940,-0.237754,-0.156499,0.206759,0.075000,0.019189
93.966606,-0.414986,-0.259379,0.518394,-0.237754,-0.156499,0.204928,0.075000,0.018426
94.000117,-0.411325,-0.257291,0.519092,-0.237754,-0.156499,0.200713,0.075000,0.017466
94.033388,-0.408726,-0.255804,0.520338,-0.231548,-0.152515,0.205087,0.075000,0.018202
94.066622,-0.407420,-0.255056,0.520876,-0.231548,-0.152515,0.203582,0.075000,0.017151
94.099955,-0.404856,-0.253585,0.521890,-0.231548,-0.152515,0.200625,0.075000,0.015127
94.133455,-0.402250,-0.252085,0.523068,-0.225338,-0.148521,0.204995,0.075000,0.015967
94.166620,-0.400925,-0.251321,0.523448,-0.225338,-0.148521,0.203466,0.075000,0.015277
94.200072,-0.398299,-0.249805,0.523988,-0.225338,-0.148521,0.200434,0.075000,0.014390
94.233468,-0.395725,-0.248317,0.525079,-0.219125,-0.144516,0.204847,0.075000,0.015380
94.266619,-0.394449,-0.247577,0.525588,-0.219125,-0.144516,0.203372,0.075000,0.014351
94.300020,-0.391808,-0.246045,0.526089,-0.219125,-0.144516,0.200319,0.075000,0.013537
94.333354,-0.389233,-0.244550,0.526180,-0.212907,-0.140501,0.204737,0.075000,0.016908
94.366633,-0.387938,-0.243798,0.526532,-0.212907,-0.140501,0.203239,0.075000,0.016291
94.400147,-0.385371,-0.242305,0.527558,-0.212907,-0.140501,0.200269,0.075000,0.014209
94.433454,-0.382792,-0.240802,0.527558,-0.206685,-0.136476,0.204689,0.075000,0.017727
94.466810,-0.381455,-0.240023,0.527695,-0.206685,-0.136476,0.203142,0.075000,0.017661
94.500347,-0.378856,-0.238508,0.528610,-0.206685,-0.136476,0.200133,0.075000,0.015905
94.533268,-0.376296,-0.237012,0.529398,-0.200460,-0.132441,0.204580,0.075000,0.017402
94.566793,-0.375053,-0.236285,0.529939,-0.200460,-0.132441,0.203141,0.075000,0.016319
94.600104,-0.372491,-0.234783,0.530831,-0.200460,-0.132441,0.200171,0.075000,0.014572
94.633379,-0.369885,-0.233252,0.532086,-0.194232,-0.128398,0.204569,0.075000,0.014865
94.666804,-0.368627,-0.232512,0.532544,-0.194232,-0.128398,0.203110,0.075000,0.013953
94.700014,-0.366057,-0.230997,0.532686,-0.194232,-0.128398,0.200127,0.075000,0.014017
94.733316,-0.366057,-0.230997,0.532686,-0.194232,-0.128398,0.200127,0.075000,0.014017
94.766664,-0.362141,-0.228687,0.533702,-0.188000,-0.124345,0.203008,0.075000,0.015063
94.802053,-0.360903,-0.227956,0.534393,-0.188000,-0.124345,0.201570,0.075000,0.013564
94.833785,-0.358324,-0.226429,0.534373,-0.181765,-0.120283,0.206010,0.075000,0.016795
94.866970,-0.358324,-0.226429,0.534373,-0.181765,-0.120283,0.206010,0.075000,0.016795
94.900297,-0.358324,-0.226429,0.534373,-0.181765,-0.120283,0.206010,0.075000,0.016795
94.933456,-0.358324,-0.226429,0.534373,-0.181765,-0.120283,0.206010,0.075000,0.016795
94.966773,-0.348784,-0.220768,0.536366,-0.175526,-0.116213,0.202360,0.075000,0.016291
95.000109,-0.346734,-0.219549,0.536967,-0.169285,-0.112135,0.207427,0.075000,0.017729
95.033372,-0.345176,-0.218622,0.537624,-0.169285,-0.112135,0.205614,0.075000,0.016444
95.066854,-0.342870,-0.217246,0.537860,-0.169285,-0.112135,0.202929,0.075000,0.016294
95.100181,-0.340311,-0.215720,0.538133,-0.163040,-0.108049,0.207407,0.075000,0.018546
95.133248,-0.337750,-0.214190,0.539060,-0.163040,-0.108049,0.204425,0.075000,0.016817
95.166615,-0.336487,-0.213435,0.539439,-0.163040,-0.108049,0.202954,0.075000,0.016128
95.200043,-0.333978,-0.211932,0.539886,-0.163040,-0.108049,0.200029,0.075000,0.015480
95.233273,-0.331328,-0.210344,0.540302,-0.156793,-0.103956,0.204405,0.075000,0.017396
95.266743,-0.329777,-0.209414,0.541059,-0.156793,-0.103956,0.202595,0.075000,0.015841
95.300084,-0.327474,-0.208030,0.541116,-0.150543,-0.099855,0.207380,0.075000,0.018420
95.333349,-0.324924,-0.206498,0.541320,-0.150543,-0.099855,0.204406,0.075000,0.018459
95.366782,-0.323604,-0.205704,0.541753,-0.150543,-0.099855,0.202865,0.075000,0.017675
95.400047,-0.321049,-0.204165,0.542861,-0.144290,-0.095747,0.207361,0.075000,0.017670
95.433295,-0.318511,-0.202633,0.543402,-0.144290,-0.095747,0.204396,0.075000,0.016860
95.466818,-0.317233,-0.201862,0.543807,-0.144290,-0.095747,0.202903,0.075000,0.016110
95.499956,-0.314668,-0.200310,0.544590,-0.138035,-0.091633,0.207389,0.075000,0.016834
95.533302,-0.312154,-0.198786,0.545483,-0.138035,-0.091633,0.204449,0.075000,0.015127
95.566620,-0.310907,-0.198030,0.545456,-0.138035,-0.091633,0.202991,0.075000,0.015412
95.600084,-0.308062,-0.196303,0.545844,-0.131777,-0.087512,0.207153,0.075000,0.017082
95.633330,-0.305781,-0.194917,0.546291,-0.131777,-0.087512,0.204483,0.075000,0.016432
95.666737,-0.304506,-0.194142,0.546590,-0.131777,-0.087512,0.202991,0.075000,0.015940
95.700094,-0.301707,-0.192439,0.547063,-0.125517,-0.083384,0.207210,0.075000,0.017323
95.733417,-0.300158,-0.191495,0.547354,-0.125517,-0.083384,0.205396,0.075000,0.016922
95.766620,-0.299359,-0.191008,0.547435,-0.125517,-0.083384,0.204460,0.075000,0.016880
95.800251,-0.296517,-0.189275,0.548307,-0.125517,-0.083384,0.201132,0.075000,0.015268
95.833374,-0.294277,-0.187907,0.548897,-0.119255,-0.079251,0.206007,0.075000,0.016217
95.866649,-0.294277,-0.187907,0.548897,-0.119255,-0.079251,0.206007,0.075000,0.016217
95.912789,-0.292969,-0.187106,0.549035,-0.119255,-0.079251,0.204473,0.075000,0.016125
95.933271,-0.286648,-0.183237,0.550325,-0.112990,-0.075113,0.204568,0.075000,0.016044
95.966648,-0.285493,-0.182528,0.550884,-0.112990,-0.075113,0.203213,0.075000,0.014885
95.999990,-0.282769,-0.180853,0.551784,-0.112990,-0.075113,0.200015,0.075000,0.013102
96.033330,-0.280397,-0.179393,0.552286,-0.106724,-0.070969,0.204739,0.075000,0.014187
96.066783,-0.279149,-0.178624,0.552470,-0.106724,-0.070969,0.203273,0.075000,0.013938
96.099974,-0.276606,-0.177056,0.553086,-0.106724,-0.070969,0.200286,0.075000,0.012816
96.133316,-0.274088,-0.175500,0.553760,-0.100456,-0.066820,0.204840,0.075000,0.013431
96.166632,-0.272887,-0.174758,0.553707,-0.100456,-0.066820,0.203429,0.075000,0.013747
96.200109,-0.270334,-0.173179,0.554485,-0.100456,-0.066820,0.200426,0.075000,0.012214
96.233319,-0.267734,-0.171569,0.554903,-0.094186,-0.062667,0.204887,0.075000,0.013408
96.266742,-0.266492,-0.170799,0.555430,-0.094186,-0.062667,0.203426,0.075000,0.012305
96.300070,-0.263926,-0.169206,0.556044,-0.094186,-0.062667,0.200406,0.075000,0.011143
96.333305,-0.261488,-0.167690,0.557221,-0.087914,-0.058509,0.205057,0.075000,0.010392
96.366755,-0.260200,-0.166887,0.557300,-0.087914,-0.058509,0.203540,0.075000,0.010353
96.400110,-0.257702,-0.165331,0.557498,-0.087914,-0.058509,0.200597,0.075000,0.010166
96.433464,-0.256227,-0.164411,0.557755,-0.081641,-0.054347,0.206384,0.075000,0.011480
96.466645,-0.254022,-0.163035,0.558401,-0.081641,-0.054347,0.203785,0.075000,0.010186
96.499981,-0.251415,-0.161406,0.559112,-0.081641,-0.054347,0.200711,0.075000,0.008721
96.533504,-0.248934,-0.159853,0.559536,-0.075366,-0.050181,0.205314,0.075000,0.009709
96.566639,-0.247734,-0.159101,0.560062,-0.075366,-0.050181,0.203897,0.075000,0.008554
96.600153,-0.245156,-0.157484,0.560706,-0.075366,-0.050181,0.200854,0.075000,0.007203
96.633379,-0.242605,-0.155881,0.561306,-0.069091,-0.046012,0.205374,0.075000,0.007719
96.666768,-0.241376,-0.155109,0.561254,-0.069091,-0.046012,0.203923,0.075000,0.007957
96.700080,-0.238623,-0.153378,0.560920,-0.069091,-0.046012,0.200671,0.075000,0.009053
96.733298,-0.236351,-0.151951,0.561177,-0.062813,-0.041839,0.205524,0.075000,0.010302
96.766639,-0.236351,-0.151951,0.561177,-0.062813,-0.041839,0.205524,0.075000,0.010302
96.800074,-0.235042,-0.151128,0.561314,-0.062813,-0.041839,0.203977,0.075000,0.010122
96.833431,-0.231280,-0.148761,0.562590,-0.056535,-0.037663,0.207072,0.075000,0.008975
96.866870,-0.228756,-0.147169,0.563203,-0.056535,-0.037663,0.204087,0.075000,0.007734
96.900127,-0.226173,-0.145538,0.563385,-0.056535,-0.037663,0.201032,0.075000,0.007518
96.933485,-0.223768,-0.144019,0.564040,-0.050256,-0.033485,0.205728,0.075000,0.007695
96.966634,-0.222500,-0.143216,0.564226,-0.050256,-0.033485,0.204228,0.075000,0.007355
97.000150,-0.219949,-0.141601,0.564522,-0.050256,-0.033485,0.201208,0.075000,0.006837
97.033328,-0.217455,-0.140022,0.564562,-0.043976,-0.029305,0.205799,0.075000,0.008470
97.066747,-0.216191,-0.139222,0.564940,-0.043976,-0.029305,0.204303,0.075000,0.007669
97.100088,-0.214942,-0.138430,0.565469,-0.043976,-0.029305,0.202824,0.075000,0.006478
97.133269,-0.211194,-0.136051,0.565925,-0.037695,-0.025122,0.205929,0.075000,0.007131
97.166625,-0.211194,-0.136051,0.565925,-0.037695,-0.025122,0.205929,0.075000,0.007131
97.200116,-0.211194,-0.136051,0.565925,-0.037695,-0.025122,0.205929,0.075000,0.007131
97.233327,-0.206240,-0.132901,0.567447,-0.037695,-0.025122,0.200059,0.075000,0.003720
97.266712,-0.203746,-0.131311,0.567555,-0.031414,-0.020938,0.204648,0.075000,0.005109
97.300207,-0.201238,-0.129713,0.567877,-0.031414,-0.020938,0.201674,0.075000,0.004464
97.333341,-0.199554,-0.128639,0.568314,-0.025132,-0.016752,0.207224,0.075000,0.004922
97.366713,-0.197291,-0.127193,0.568477,-0.025132,-0.016752,0.204538,0.075000,0.004653
97.400265,-0.195049,-0.125761,0.568150,-0.025132,-0.016752,0.201879,0.075000,0.005586
97.433471,-0.192589,-0.124191,0.568597,-0.018849,-0.012565,0.206509,0.075000,0.006000
97.466828,-0.191287,-0.123358,0.568848,-0.018849,-0.012565,0.204963,0.075000,0.005479
97.500098,-0.188873,-0.121814,0.569098,-0.018849,-0.012565,0.202098,0.075000,0.005013
97.533284,-0.186373,-0.120216,0.569006,-0.012566,-0.008377,0.206680,0.075000,0.006679
97.566617,-0.184961,-0.119313,0.569124,-0.012566,-0.008377,0.205004,0.075000,0.006500
97.600056,-0.182591,-0.117796,0.569692,-0.012566,-0.008377,0.202190,0.075000,0.005273
97.633478,-0.180086,-0.116191,0.569715,-0.006283,-0.004189,0.206766,0.075000,0.006601
97.666732,-0.178855,-0.115402,0.569768,-0.006283,-0.004189,0.205303,0.075000,0.006566
97.700043,-0.176355,-0.113801,0.570290,-0.006283,-0.004189,0.202334,0.075000,0.005467
97.733405,-0.174847,-0.112834,0.570513,-0.006283,-0.004189,0.200543,0.075000,0.005008
97.766745,-0.172601,-0.111393,0.570355,-0.006283,-0.004189,0.197875,0.075000,0.005543
97.800035,-0.171391,-0.110616,0.570198,-0.006283,-0.004189,0.196437,0.075000,0.006025
97.833355,-0.168891,-0.109012,0.570650,-0.006283,-0.004189,0.193466,0.075000,0.005036
97.866626,-0.168891,-0.109012,0.570650,-0.006283,-0.004189,0.193466,0.075000,0.005036
97.900070,-0.168891,-0.109012,0.570650,-0.006283,-0.004189,0.193466,0.075000,0.005036
97.933353,-0.161488,-0.104258,0.571262,-0.006283,-0.004189,0.184668,0.075000,0.003842
97.966762,-0.160221,-0.103444,0.571236,-0.006283,-0.004189,0.183163,0.075000,0.003978
97.999938,-0.157489,-0.101688,0.571270,-0.006283,-0.004189,0.179915,0.075000,0.004028
98.033418,-0.155225,-0.100233,0.571323,-0.006283,-0.004189,0.177224,0.075000,0.004002
98.066926,-0.153999,-0.099445,0.571510,-0.006283,-0.004189,0.175766,0.075000,0.003538
98.100114,-0.151516,-0.097848,0.571832,-0.006283,-0.004189,0.172814,0.075000,0.002727
98.133558,-0.148990,-0.096223,0.571326,-0.006283,-0.004189,0.169810,0.075000,0.004321
98.166754,-0.147721,-0.095407,0.570820,-0.006283,-0.004189,0.168302,0.075000,0.005903
98.200141,-0.145255,-0.093823,0.571487,-0.006283,-0.004189,0.165371,0.075000,0.004091
98.233439,-0.144010,-0.093023,0.571675,-0.006283,-0.004189,0.163891,0.075000,0.003591
98.266618,-0.141537,-0.091432,0.571622,-0.006283,-0.004189,0.160950,0.075000,0.003890
98.300244,-0.138986,-0.089791,0.571287,-0.006283,-0.004189,0.157917,0.075000,0.005106
98.333488,-0.136527,-0.088210,0.572223,-0.006283,-0.004189,0.154994,0.075000,0.002265
98.366734,-0.135324,-0.087434,0.572836,-0.006283,-0.004189,0.153562,0.075000,0.000310
98.400077,-0.132834,-0.085829,0.572487,-0.006283,-0.004189,0.150600,0.075000,0.001490
98.433468,-0.130329,-0.084214,0.572518,-0.006283,-0.004189,0.147619,0.075000,0.001443
98.466655,-0.129096,-0.083420,0.572651,-0.006283,-0.004189,0.146153,0.075000,0.001019
98.500055,-0.126620,-0.081824,0.572652,-0.006283,-0.004189,0.143207,0.075000,0.001056
98.533283,-0.124111,-0.080207,0.571699,-0.006283,-0.004189,0.140222,0.075000,0.004516
98.566666,-0.122835,-0.079386,0.571752,-0.006283,-0.004189,0.138705,0.075000,0.004423
98.600057,-0.120327,-0.077771,0.571976,-0.006283,-0.004189,0.135722,0.075000,0.003789
98.633384,-0.117842,-0.076172,0.571797,-0.006283,-0.004189,0.132767,0.075000,0.004635
98.666860,-0.116609,-0.075379,0.571371,-0.006283,-0.004189,0.131301,0.075000,0.006360
98.700149,-0.114183,-0.073819,0.571984,-0.006283,-0.004189,0.128416,0.075000,0.004256
98.733306,-0.111619,-0.072167,0.572181,-0.006283,-0.004189,0.125366,0.075000,0.003670
98.766733,-0.109927,-0.071078,0.572290,-0.006283,-0.004189,0.123354,0.075000,0.003353
98.800081,-0.107873,-0.069755,0.572053,-0.006283,-0.004189,0.120910,0.075000,0.004477
98.833505,-0.107873,-0.069755,0.572053,-0.006283,-0.004189,0.120910,0.075000,0.004477
98.879917,-0.106654,-0.068970,0.571973,-0.006283,-0.004189,0.119461,0.075000,0.004922
98.900137,-0.102983,-0.066607,0.572400,-0.006283,-0.004189,0.115095,0.075000,0.003452
98.933315,-0.099253,-0.064204,0.572687,-0.006283,-0.004189,0.110659,0.075000,0.002450
98.966745,-0.098007,-0.063401,0.573195,-0.006283,-0.004189,0.109176,0.075000,0.000194
99.000167,-0.095148,-0.061554,0.573553,-0.006283,-0.004189,0.105772,0.075000,-0.001526
99.033320,-0.092943,-0.060130,0.573273,-0.006283,-0.004189,0.103147,0.075000,-0.000238
99.066627,-0.091711,-0.059335,0.573485,-0.006283,-0.004189,0.101681,0.075000,-0.001286
99.099971,-0.089186,-0.057704,0.573590,-0.006283,-0.004189,0.098675,0.075000,-0.001898
99.133258,-0.086717,-0.056109,0.573328,-0.006283,-0.004189,0.095735,0.075000,-0.000638
99.166629,-0.085486,-0.055314,0.573248,-0.006283,-0.004189,0.094271,0.075000,-0.000234
99.200170,-0.082976,-0.053694,0.573283,-0.006283,-0.004189,0.091283,0.075000,-0.000445
99.233528,-0.081492,-0.052735,0.573471,-0.006283,-0.004189,0.089516,0.075000,-0.001516
99.266965,-0.079140,-0.051216,0.573519,-0.006283,-0.004189,0.086716,0.075000,-0.001907
99.300058,-0.076684,-0.049629,0.573528,-0.006283,-0.004189,0.083792,0.075000,-0.002104
99.333323,-0.074183,-0.048013,0.574097,-0.006283,-0.004189,0.080814,0.075000,-0.005810
99.366754,-0.072917,-0.047195,0.574370,-0.006283,-0.004189,0.079307,0.075000,-0.007755
99.400178,-0.070458,-0.045604,0.573477,-0.006283,-0.004189,0.076378,0.075000,-0.002466
99.433297,-0.067981,-0.044004,0.573175,-0.006283,-0.004189,0.073429,0.075000,-0.000581
99.466732,-0.066741,-0.043204,0.573441,-0.006283,-0.004189,0.071954,0.075000,-0.002455
99.500199,-0.064222,-0.041578,0.573574,-0.006283,-0.004189,0.068956,0.075000,-0.003647
99.533429,-0.062577,-0.040514,0.573261,-0.006283,-0.004189,0.066997,0.075000,-0.001528
99.566624,-0.060280,-0.039032,0.573185,-0.006283,-0.004189,0.064263,0.075000,-0.001021
99.600042,-0.057932,-0.037516,0.573955,-0.006283,-0.004189,0.061468,0.075000,-0.007439
99.633292,-0.055424,-0.035894,0.574000,-0.006283,-0.004189,0.058481,0.075000,-0.008635
99.666627,-0.053740,-0.034805,0.573782,-0.006283,-0.004189,0.056476,0.075000,-0.007328
99.700230,-0.052508,-0.034009,0.573512,-0.006283,-0.004189,0.055008,0.075000,-0.005269
99.733351,-0.049265,-0.031915,0.572906,-0.006283,-0.004189,0.051149,0.075000,-0.000048
99.766627,-0.048007,-0.031104,0.572637,-0.006283,-0.004189,0.049652,0.075000,0.002658
99.800061,-0.045451,-0.029456,0.572141,-0.006283,-0.004189,0.046611,0.075000,0.008425
99.833401,-0.044230,-0.028670,0.572351,-0.006283,-0.004189,0.045158,0.075000,0.006642
99.866904,-0.042964,-0.027854,0.572750,-0.006283,-0.004189,0.043652,0.075000,0.002538
99.900132,-0.040338,-0.026161,0.572806,-0.006283,-0.004189,0.040528,0.075000,0.002251
99.933524,-0.040338,-0.026161,0.572806,-0.006283,-0.004189,0.040528,0.075000,0.002251
99.966746,-0.040338,-0.026161,0.572806,-0.006283,-0.004189,0.040528,0.075000,0.002251
100.000132,-0.040338,-0.026161,0.572806,-0.006283,-0.004189,0.040528,0.075000,0.002251
100.038192,-0.038579,-0.025026,0.573147,-0.006283,-0.004189,0.038434,0.075000,-0.001933
100.066743,-0.029113,-0.018905,0.574542,-0.006283,-0.004189,0.027162,0.075000,-0.036655
100.100070,-0.026590,-0.017270,0.575346,-0.006283,-0.004189,0.024155,0.075000,-0.063344
100.133484,-0.024096,-0.015652,0.575093,-0.006283,-0.004189,0.021182,0.075000,-0.076599
100.166627,-0.022882,-0.014866,0.574692,-0.006283,-0.004189,0.019736,0.075000,-0.078099
100.200064,-0.020420,-0.013272,0.573096,-0.006283,-0.004189,0.016803,0.075000,-0.058658
100.233392,-0.017919,-0.011661,0.570690,-0.006283,-0.004189,0.013829,0.075000,0.004758
100.266760,-0.016730,-0.010897,0.569706,-0.006283,-0.004189,0.012415,0.075000,0.045545
100.299889,-0.014252,-0.009312,0.566543,nan,nan,nan,0.000000,0.000000
