time_s,x_m,y_m,yaw_rad,target_x_m,target_y_m,target_error_m,linear_velocity_m_s,angular_velocity_rad_s
0.002714,767217925266335522519883445024076189285011550871142232477027495248711373983247735610388702049736613087710340681310587522844892777576906362265240880995955409648802515137759691563363653616862712159688752916061815970988032.000000,2183939385730308635208420668460933914736575353792636055752251780277989982624268939247965316352032902605804190037285301907091865443511872780909337358499977323070554945362491120558481062474374010441479208921758922607624477388728235833881085870080.000000,-0.257375,767217925266335522519883445024076189285011550871142232477027495248711373983247735610388702049736613087710340681310587522844892777576906362265240880995955409648802515137759691563363653616862712159688752916061815970988032.000000,2183939385730308635208420668460933914736575353792636055752251780277989982624268939247965316352032902605804190037285301907091865443511872780909337358499977323070554945362491120558481062474374010441479208921758922607624477388728235833881085870080.000000,0.000000,0.000000,0.000000
0.011312,767217925266335522519883445024076189285011550871142232477027495248711373983247735610388702049736613087710340681310587522844892777576906362265240880995955409648802515137759691563363653616862712159688752916061815970988032.000000,2183939385730308635208420668460933914736575353792636055752251780277989982624268939247965316352032902605804190037285301907091865443511872780909337358499977323070554945362491120558481062474374010441479208921758922607624477388728235833881085870080.000000,-0.257375,767217925266335522519883445024076189285011550871142232477027495248711373983247735610388702049736613087710340681310587522844892777576906362265240880995955409648802515137759691563363653616862712159688752916061815970988032.000000,2183939385730308635208420668460933914736575353792636055752251780277989982624268939247965316352032902605804190037285301907091865443511872780909337358499977323070554945362491120558481062474374010441479208921758922607624477388728235833881085870080.000000,0.000000,0.000000,0.000000
0.044769,767217925266335522519883445024076189285011550871142232477027495248711373983247735610388702049736613087710340681310587522844892777576906362265240880995955409648802515137759691563363653616862712159688752916061815970988032.000000,2183939385730308635208420668460933914736575353792636055752251780277989982624268939247965316352032902605804190037285301907091865443511872780909337358499977323070554945362491120558481062474374010441479208921758922607624477388728235833881085870080.000000,-0.257375,767217925266335522519883445024076189285011550871142232477027495248711373983247735610388702049736613087710340681310587522844892777576906362265240880995955409648802515137759691563363653616862712159688752916061815970988032.000000,2183939385730308635208420668460933914736575353792636055752251780277989982624268939247965316352032902605804190037285301907091865443511872780909337358499977323070554945362491120558481062474374010441479208921758922607624477388728235833881085870080.000000,0.000000,0.000000,0.000000
0.078176,767217925266335522519883445024076189285011550871142232477027495248711373983247735610388702049736613087710340681310587522844892777576906362265240880995955409648802515137759691563363653616862712159688752916061815970988032.000000,2183939385730308635208420668460933914736575353792636055752251780277989982624268939247965316352032902605804190037285301907091865443511872780909337358499977323070554945362491120558481062474374010441479208921758922607624477388728235833881085870080.000000,-0.257375,767217925266335522519883445024076189285011550871142232477027495248711373983247735610388702049736613087710340681310587522844892777576906362265240880995955409648802515137759691563363653616862712159688752916061815970988032.000000,2183939385730308635208420668460933914736575353792636055752251780277989982624268939247965316352032902605804190037285301907091865443511872780909337358499977323070554945362491120558481062474374010441479208921758922607624477388728235833881085870080.000000,0.000000,0.000000,0.000000
0.111488,767217925266335522519883445024076189285011550871142232477027495248711373983247735610388702049736613087710340681310587522844892777576906362265240880995955409648802515137759691563363653616862712159688752916061815970988032.000000,2183939385730308635208420668460933914736575353792636055752251780277989982624268939247965316352032902605804190037285301907091865443511872780909337358499977323070554945362491120558481062474374010441479208921758922607624477388728235833881085870080.000000,-0.257375,767217925266335522519883445024076189285011550871142232477027495248711373983247735610388702049736613087710340681310587522844892777576906362265240880995955409648802515137759691563363653616862712159688752916061815970988032.000000,2183939385730308635208420668460933914736575353792636055752251780277989982624268939247965316352032902605804190037285301907091865443511872780909337358499977323070554945362491120558481062474374010441479208921758922607624477388728235833881085870080.000000,0.000000,0.000000,0.000000
0.144712,767217925266335522519883445024076189285011550871142232477027495248711373983247735610388702049736613087710340681310587522844892777576906362265240880995955409648802515137759691563363653616862712159688752916061815970988032.000000,2183939385730308635208420668460933914736575353792636055752251780277989982624268939247965316352032902605804190037285301907091865443511872780909337358499977323070554945362491120558481062474374010441479208921758922607624477388728235833881085870080.000000,-0.257375,767217925266335522519883445024076189285011550871142232477027495248711373983247735610388702049736613087710340681310587522844892777576906362265240880995955409648802515137759691563363653616862712159688752916061815970988032.000000,2183939385730308635208420668460933914736575353792636055752251780277989982624268939247965316352032902605804190037285301907091865443511872780909337358499977323070554945362491120558481062474374010441479208921758922607624477388728235833881085870080.000000,0.000000,0.000000,0.000000
0.178883,767217925266335522519883445024076189285011550871142232477027495248711373983247735610388702049736613087710340681310587522844892777576906362265240880995955409648802515137759691563363653616862712159688752916061815970988032.000000,2183939385730308635208420668460933914736575353792636055752251780277989982624268939247965316352032902605804190037285301907091865443511872780909337358499977323070554945362491120558481062474374010441479208921758922607624477388728235833881085870080.000000,-0.257375,767217925266335522519883445024076189285011550871142232477027495248711373983247735610388702049736613087710340681310587522844892777576906362265240880995955409648802515137759691563363653616862712159688752916061815970988032.000000,2183939385730308635208420668460933914736575353792636055752251780277989982624268939247965316352032902605804190037285301907091865443511872780909337358499977323070554945362491120558481062474374010441479208921758922607624477388728235833881085870080.000000,0.000000,0.000000,0.000000
0.213417,767217925266335522519883445024076189285011550871142232477027495248711373983247735610388702049736613087710340681310587522844892777576906362265240880995955409648802515137759691563363653616862712159688752916061815970988032.000000,2183939385730308635208420668460933914736575353792636055752251780277989982624268939247965316352032902605804190037285301907091865443511872780909337358499977323070554945362491120558481062474374010441479208921758922607624477388728235833881085870080.000000,-0.257375,767217925266335522519883445024076189285011550871142232477027495248711373983247735610388702049736613087710340681310587522844892777576906362265240880995955409648802515137759691563363653616862712159688752916061815970988032.000000,2183939385730308635208420668460933914736575353792636055752251780277989982624268939247965316352032902605804190037285301907091865443511872780909337358499977323070554945362491120558481062474374010441479208921758922607624477388728235833881085870080.000000,0.000000,0.000000,0.000000
0.244919,767217925266335522519883445024076189285011550871142232477027495248711373983247735610388702049736613087710340681310587522844892777576906362265240880995955409648802515137759691563363653616862712159688752916061815970988032.000000,2183939385730308635208420668460933914736575353792636055752251780277989982624268939247965316352032902605804190037285301907091865443511872780909337358499977323070554945362491120558481062474374010441479208921758922607624477388728235833881085870080.000000,-0.257375,767217925266335522519883445024076189285011550871142232477027495248711373983247735610388702049736613087710340681310587522844892777576906362265240880995955409648802515137759691563363653616862712159688752916061815970988032.000000,2183939385730308635208420668460933914736575353792636055752251780277989982624268939247965316352032902605804190037285301907091865443511872780909337358499977323070554945362491120558481062474374010441479208921758922607624477388728235833881085870080.000000,0.000000,0.000000,0.000000
0.278325,767217925266335522519883445024076189285011550871142232477027495248711373983247735610388702049736613087710340681310587522844892777576906362265240880995955409648802515137759691563363653616862712159688752916061815970988032.000000,2183939385730308635208420668460933914736575353792636055752251780277989982624268939247965316352032902605804190037285301907091865443511872780909337358499977323070554945362491120558481062474374010441479208921758922607624477388728235833881085870080.000000,-0.257375,767217925266335522519883445024076189285011550871142232477027495248711373983247735610388702049736613087710340681310587522844892777576906362265240880995955409648802515137759691563363653616862712159688752916061815970988032.000000,2183939385730308635208420668460933914736575353792636055752251780277989982624268939247965316352032902605804190037285301907091865443511872780909337358499977323070554945362491120558481062474374010441479208921758922607624477388728235833881085870080.000000,0.000000,0.000000,0.000000
0.311713,767217925266335522519883445024076189285011550871142232477027495248711373983247735610388702049736613087710340681310587522844892777576906362265240880995955409648802515137759691563363653616862712159688752916061815970988032.000000,2183939385730308635208420668460933914736575353792636055752251780277989982624268939247965316352032902605804190037285301907091865443511872780909337358499977323070554945362491120558481062474374010441479208921758922607624477388728235833881085870080.000000,-0.257375,767217925266335522519883445024076189285011550871142232477027495248711373983247735610388702049736613087710340681310587522844892777576906362265240880995955409648802515137759691563363653616862712159688752916061815970988032.000000,2183939385730308635208420668460933914736575353792636055752251780277989982624268939247965316352032902605804190037285301907091865443511872780909337358499977323070554945362491120558481062474374010441479208921758922607624477388728235833881085870080.000000,0.000000,0.000000,0.000000
0.347498,767217925266335522519883445024076189285011550871142232477027495248711373983247735610388702049736613087710340681310587522844892777576906362265240880995955409648802515137759691563363653616862712159688752916061815970988032.000000,2183939385730308635208420668460933914736575353792636055752251780277989982624268939247965316352032902605804190037285301907091865443511872780909337358499977323070554945362491120558481062474374010441479208921758922607624477388728235833881085870080.000000,-0.257375,767217925266335522519883445024076189285011550871142232477027495248711373983247735610388702049736613087710340681310587522844892777576906362265240880995955409648802515137759691563363653616862712159688752916061815970988032.000000,2183939385730308635208420668460933914736575353792636055752251780277989982624268939247965316352032902605804190037285301907091865443511872780909337358499977323070554945362491120558481062474374010441479208921758922607624477388728235833881085870080.000000,0.000000,0.000000,0.000000
0.378639,767217925266335522519883445024076189285011550871142232477027495248711373983247735610388702049736613087710340681310587522844892777576906362265240880995955409648802515137759691563363653616862712159688752916061815970988032.000000,2183939385730308635208420668460933914736575353792636055752251780277989982624268939247965316352032902605804190037285301907091865443511872780909337358499977323070554945362491120558481062474374010441479208921758922607624477388728235833881085870080.000000,-0.257375,767217925266335522519883445024076189285011550871142232477027495248711373983247735610388702049736613087710340681310587522844892777576906362265240880995955409648802515137759691563363653616862712159688752916061815970988032.000000,2183939385730308635208420668460933914736575353792636055752251780277989982624268939247965316352032902605804190037285301907091865443511872780909337358499977323070554945362491120558481062474374010441479208921758922607624477388728235833881085870080.000000,0.000000,0.000000,0.000000
0.411701,767217925266335522519883445024076189285011550871142232477027495248711373983247735610388702049736613087710340681310587522844892777576906362265240880995955409648802515137759691563363653616862712159688752916061815970988032.000000,2183939385730308635208420668460933914736575353792636055752251780277989982624268939247965316352032902605804190037285301907091865443511872780909337358499977323070554945362491120558481062474374010441479208921758922607624477388728235833881085870080.000000,-0.257375,767217925266335522519883445024076189285011550871142232477027495248711373983247735610388702049736613087710340681310587522844892777576906362265240880995955409648802515137759691563363653616862712159688752916061815970988032.000000,2183939385730308635208420668460933914736575353792636055752251780277989982624268939247965316352032902605804190037285301907091865443511872780909337358499977323070554945362491120558481062474374010441479208921758922607624477388728235833881085870080.000000,0.000000,0.000000,0.000000
0.445917,767217925266335522519883445024076189285011550871142232477027495248711373983247735610388702049736613087710340681310587522844892777576906362265240880995955409648802515137759691563363653616862712159688752916061815970988032.000000,2183939385730308635208420668460933914736575353792636055752251780277989982624268939247965316352032902605804190037285301907091865443511872780909337358499977323070554945362491120558481062474374010441479208921758922607624477388728235833881085870080.000000,-0.257375,767217925266335522519883445024076189285011550871142232477027495248711373983247735610388702049736613087710340681310587522844892777576906362265240880995955409648802515137759691563363653616862712159688752916061815970988032.000000,2183939385730308635208420668460933914736575353792636055752251780277989982624268939247965316352032902605804190037285301907091865443511872780909337358499977323070554945362491120558481062474374010441479208921758922607624477388728235833881085870080.000000,0.000000,0.000000,0.000000
0.478080,767217925266335522519883445024076189285011550871142232477027495248711373983247735610388702049736613087710340681310587522844892777576906362265240880995955409648802515137759691563363653616862712159688752916061815970988032.000000,2183939385730308635208420668460933914736575353792636055752251780277989982624268939247965316352032902605804190037285301907091865443511872780909337358499977323070554945362491120558481062474374010441479208921758922607624477388728235833881085870080.000000,-0.257375,767217925266335522519883445024076189285011550871142232477027495248711373983247735610388702049736613087710340681310587522844892777576906362265240880995955409648802515137759691563363653616862712159688752916061815970988032.000000,2183939385730308635208420668460933914736575353792636055752251780277989982624268939247965316352032902605804190037285301907091865443511872780909337358499977323070554945362491120558481062474374010441479208921758922607624477388728235833881085870080.000000,0.000000,0.000000,0.000000
0.511608,767217925266335522519883445024076189285011550871142232477027495248711373983247735610388702049736613087710340681310587522844892777576906362265240880995955409648802515137759691563363653616862712159688752916061815970988032.000000,2183939385730308635208420668460933914736575353792636055752251780277989982624268939247965316352032902605804190037285301907091865443511872780909337358499977323070554945362491120558481062474374010441479208921758922607624477388728235833881085870080.000000,-0.257375,767217925266335522519883445024076189285011550871142232477027495248711373983247735610388702049736613087710340681310587522844892777576906362265240880995955409648802515137759691563363653616862712159688752916061815970988032.000000,2183939385730308635208420668460933914736575353792636055752251780277989982624268939247965316352032902605804190037285301907091865443511872780909337358499977323070554945362491120558481062474374010441479208921758922607624477388728235833881085870080.000000,0.000000,0.000000,0.000000
0.544728,767217925266335522519883445024076189285011550871142232477027495248711373983247735610388702049736613087710340681310587522844892777576906362265240880995955409648802515137759691563363653616862712159688752916061815970988032.000000,2183939385730308635208420668460933914736575353792636055752251780277989982624268939247965316352032902605804190037285301907091865443511872780909337358499977323070554945362491120558481062474374010441479208921758922607624477388728235833881085870080.000000,-0.257375,767217925266335522519883445024076189285011550871142232477027495248711373983247735610388702049736613087710340681310587522844892777576906362265240880995955409648802515137759691563363653616862712159688752916061815970988032.000000,2183939385730308635208420668460933914736575353792636055752251780277989982624268939247965316352032902605804190037285301907091865443511872780909337358499977323070554945362491120558481062474374010441479208921758922607624477388728235833881085870080.000000,0.000000,0.000000,0.000000
0.578077,767217925266335522519883445024076189285011550871142232477027495248711373983247735610388702049736613087710340681310587522844892777576906362265240880995955409648802515137759691563363653616862712159688752916061815970988032.000000,2183939385730308635208420668460933914736575353792636055752251780277989982624268939247965316352032902605804190037285301907091865443511872780909337358499977323070554945362491120558481062474374010441479208921758922607624477388728235833881085870080.000000,-0.257375,767217925266335522519883445024076189285011550871142232477027495248711373983247735610388702049736613087710340681310587522844892777576906362265240880995955409648802515137759691563363653616862712159688752916061815970988032.000000,2183939385730308635208420668460933914736575353792636055752251780277989982624268939247965316352032902605804190037285301907091865443511872780909337358499977323070554945362491120558481062474374010441479208921758922607624477388728235833881085870080.000000,0.000000,0.000000,0.000000
0.615165,767217925266335522519883445024076189285011550871142232477027495248711373983247735610388702049736613087710340681310587522844892777576906362265240880995955409648802515137759691563363653616862712159688752916061815970988032.000000,2183939385730308635208420668460933914736575353792636055752251780277989982624268939247965316352032902605804190037285301907091865443511872780909337358499977323070554945362491120558481062474374010441479208921758922607624477388728235833881085870080.000000,-0.257375,767217925266335522519883445024076189285011550871142232477027495248711373983247735610388702049736613087710340681310587522844892777576906362265240880995955409648802515137759691563363653616862712159688752916061815970988032.000000,2183939385730308635208420668460933914736575353792636055752251780277989982624268939247965316352032902605804190037285301907091865443511872780909337358499977323070554945362491120558481062474374010441479208921758922607624477388728235833881085870080.000000,0.000000,0.000000,0.000000
0.645783,767217925266335522519883445024076189285011550871142232477027495248711373983247735610388702049736613087710340681310587522844892777576906362265240880995955409648802515137759691563363653616862712159688752916061815970988032.000000,2183939385730308635208420668460933914736575353792636055752251780277989982624268939247965316352032902605804190037285301907091865443511872780909337358499977323070554945362491120558481062474374010441479208921758922607624477388728235833881085870080.000000,-0.257375,767217925266335522519883445024076189285011550871142232477027495248711373983247735610388702049736613087710340681310587522844892777576906362265240880995955409648802515137759691563363653616862712159688752916061815970988032.000000,2183939385730308635208420668460933914736575353792636055752251780277989982624268939247965316352032902605804190037285301907091865443511872780909337358499977323070554945362491120558481062474374010441479208921758922607624477388728235833881085870080.000000,0.000000,0.000000,0.000000
0.678643,767217925266335522519883445024076189285011550871142232477027495248711373983247735610388702049736613087710340681310587522844892777576906362265240880995955409648802515137759691563363653616862712159688752916061815970988032.000000,2183939385730308635208420668460933914736575353792636055752251780277989982624268939247965316352032902605804190037285301907091865443511872780909337358499977323070554945362491120558481062474374010441479208921758922607624477388728235833881085870080.000000,-0.257375,767217925266335522519883445024076189285011550871142232477027495248711373983247735610388702049736613087710340681310587522844892777576906362265240880995955409648802515137759691563363653616862712159688752916061815970988032.000000,2183939385730308635208420668460933914736575353792636055752251780277989982624268939247965316352032902605804190037285301907091865443511872780909337358499977323070554945362491120558481062474374010441479208921758922607624477388728235833881085870080.000000,0.000000,0.000000,0.000000
0.711618,767217925266335522519883445024076189285011550871142232477027495248711373983247735610388702049736613087710340681310587522844892777576906362265240880995955409648802515137759691563363653616862712159688752916061815970988032.000000,2183939385730308635208420668460933914736575353792636055752251780277989982624268939247965316352032902605804190037285301907091865443511872780909337358499977323070554945362491120558481062474374010441479208921758922607624477388728235833881085870080.000000,-0.257375,767217925266335522519883445024076189285011550871142232477027495248711373983247735610388702049736613087710340681310587522844892777576906362265240880995955409648802515137759691563363653616862712159688752916061815970988032.000000,2183939385730308635208420668460933914736575353792636055752251780277989982624268939247965316352032902605804190037285301907091865443511872780909337358499977323070554945362491120558481062474374010441479208921758922607624477388728235833881085870080.000000,0.000000,0.000000,0.000000
0.745008,767217925266335522519883445024076189285011550871142232477027495248711373983247735610388702049736613087710340681310587522844892777576906362265240880995955409648802515137759691563363653616862712159688752916061815970988032.000000,2183939385730308635208420668460933914736575353792636055752251780277989982624268939247965316352032902605804190037285301907091865443511872780909337358499977323070554945362491120558481062474374010441479208921758922607624477388728235833881085870080.000000,-0.257375,767217925266335522519883445024076189285011550871142232477027495248711373983247735610388702049736613087710340681310587522844892777576906362265240880995955409648802515137759691563363653616862712159688752916061815970988032.000000,2183939385730308635208420668460933914736575353792636055752251780277989982624268939247965316352032902605804190037285301907091865443511872780909337358499977323070554945362491120558481062474374010441479208921758922607624477388728235833881085870080.000000,0.000000,0.000000,0.000000
0.778218,767217925266335522519883445024076189285011550871142232477027495248711373983247735610388702049736613087710340681310587522844892777576906362265240880995955409648802515137759691563363653616862712159688752916061815970988032.000000,2183939385730308635208420668460933914736575353792636055752251780277989982624268939247965316352032902605804190037285301907091865443511872780909337358499977323070554945362491120558481062474374010441479208921758922607624477388728235833881085870080.000000,-0.257375,767217925266335522519883445024076189285011550871142232477027495248711373983247735610388702049736613087710340681310587522844892777576906362265240880995955409648802515137759691563363653616862712159688752916061815970988032.000000,2183939385730308635208420668460933914736575353792636055752251780277989982624268939247965316352032902605804190037285301907091865443511872780909337358499977323070554945362491120558481062474374010441479208921758922607624477388728235833881085870080.000000,0.000000,0.000000,0.000000
0.811647,767217925266335522519883445024076189285011550871142232477027495248711373983247735610388702049736613087710340681310587522844892777576906362265240880995955409648802515137759691563363653616862712159688752916061815970988032.000000,2183939385730308635208420668460933914736575353792636055752251780277989982624268939247965316352032902605804190037285301907091865443511872780909337358499977323070554945362491120558481062474374010441479208921758922607624477388728235833881085870080.000000,-0.257375,767217925266335522519883445024076189285011550871142232477027495248711373983247735610388702049736613087710340681310587522844892777576906362265240880995955409648802515137759691563363653616862712159688752916061815970988032.000000,2183939385730308635208420668460933914736575353792636055752251780277989982624268939247965316352032902605804190037285301907091865443511872780909337358499977323070554945362491120558481062474374010441479208921758922607624477388728235833881085870080.000000,0.000000,0.000000,0.000000
0.845162,767217925266335522519883445024076189285011550871142232477027495248711373983247735610388702049736613087710340681310587522844892777576906362265240880995955409648802515137759691563363653616862712159688752916061815970988032.000000,2183939385730308635208420668460933914736575353792636055752251780277989982624268939247965316352032902605804190037285301907091865443511872780909337358499977323070554945362491120558481062474374010441479208921758922607624477388728235833881085870080.000000,-0.257375,767217925266335522519883445024076189285011550871142232477027495248711373983247735610388702049736613087710340681310587522844892777576906362265240880995955409648802515137759691563363653616862712159688752916061815970988032.000000,2183939385730308635208420668460933914736575353792636055752251780277989982624268939247965316352032902605804190037285301907091865443511872780909337358499977323070554945362491120558481062474374010441479208921758922607624477388728235833881085870080.000000,0.000000,0.000000,0.000000
0.878639,767217925266335522519883445024076189285011550871142232477027495248711373983247735610388702049736613087710340681310587522844892777576906362265240880995955409648802515137759691563363653616862712159688752916061815970988032.000000,2183939385730308635208420668460933914736575353792636055752251780277989982624268939247965316352032902605804190037285301907091865443511872780909337358499977323070554945362491120558481062474374010441479208921758922607624477388728235833881085870080.000000,-0.257375,767217925266335522519883445024076189285011550871142232477027495248711373983247735610388702049736613087710340681310587522844892777576906362265240880995955409648802515137759691563363653616862712159688752916061815970988032.000000,2183939385730308635208420668460933914736575353792636055752251780277989982624268939247965316352032902605804190037285301907091865443511872780909337358499977323070554945362491120558481062474374010441479208921758922607624477388728235833881085870080.000000,0.000000,0.000000,0.000000
0.911650,767217925266335522519883445024076189285011550871142232477027495248711373983247735610388702049736613087710340681310587522844892777576906362265240880995955409648802515137759691563363653616862712159688752916061815970988032.000000,2183939385730308635208420668460933914736575353792636055752251780277989982624268939247965316352032902605804190037285301907091865443511872780909337358499977323070554945362491120558481062474374010441479208921758922607624477388728235833881085870080.000000,-0.257375,767217925266335522519883445024076189285011550871142232477027495248711373983247735610388702049736613087710340681310587522844892777576906362265240880995955409648802515137759691563363653616862712159688752916061815970988032.000000,2183939385730308635208420668460933914736575353792636055752251780277989982624268939247965316352032902605804190037285301907091865443511872780909337358499977323070554945362491120558481062474374010441479208921758922607624477388728235833881085870080.000000,0.000000,0.000000,0.000000
0.944796,767217925266335522519883445024076189285011550871142232477027495248711373983247735610388702049736613087710340681310587522844892777576906362265240880995955409648802515137759691563363653616862712159688752916061815970988032.000000,2183939385730308635208420668460933914736575353792636055752251780277989982624268939247965316352032902605804190037285301907091865443511872780909337358499977323070554945362491120558481062474374010441479208921758922607624477388728235833881085870080.000000,-0.257375,767217925266335522519883445024076189285011550871142232477027495248711373983247735610388702049736613087710340681310587522844892777576906362265240880995955409648802515137759691563363653616862712159688752916061815970988032.000000,2183939385730308635208420668460933914736575353792636055752251780277989982624268939247965316352032902605804190037285301907091865443511872780909337358499977323070554945362491120558481062474374010441479208921758922607624477388728235833881085870080.000000,0.000000,0.000000,0.000000
0.996264,767217925266335522519883445024076189285011550871142232477027495248711373983247735610388702049736613087710340681310587522844892777576906362265240880995955409648802515137759691563363653616862712159688752916061815970988032.000000,2183939385730308635208420668460933914736575353792636055752251780277989982624268939247965316352032902605804190037285301907091865443511872780909337358499977323070554945362491120558481062474374010441479208921758922607624477388728235833881085870080.000000,-0.257375,767217925266335522519883445024076189285011550871142232477027495248711373983247735610388702049736613087710340681310587522844892777576906362265240880995955409648802515137759691563363653616862712159688752916061815970988032.000000,2183939385730308635208420668460933914736575353792636055752251780277989982624268939247965316352032902605804190037285301907091865443511872780909337358499977323070554945362491120558481062474374010441479208921758922607624477388728235833881085870080.000000,0.000000,0.000000,0.000000
1.016228,767217925266335522519883445024076189285011550871142232477027495248711373983247735610388702049736613087710340681310587522844892777576906362265240880995955409648802515137759691563363653616862712159688752916061815970988032.000000,2183939385730308635208420668460933914736575353792636055752251780277989982624268939247965316352032902605804190037285301907091865443511872780909337358499977323070554945362491120558481062474374010441479208921758922607624477388728235833881085870080.000000,-0.257375,767217925266335522519883445024076189285011550871142232477027495248711373983247735610388702049736613087710340681310587522844892777576906362265240880995955409648802515137759691563363653616862712159688752916061815970988032.000000,2183939385730308635208420668460933914736575353792636055752251780277989982624268939247965316352032902605804190037285301907091865443511872780909337358499977323070554945362491120558481062474374010441479208921758922607624477388728235833881085870080.000000,0.000000,0.000000,0.000000
1.044797,767217925266335522519883445024076189285011550871142232477027495248711373983247735610388702049736613087710340681310587522844892777576906362265240880995955409648802515137759691563363653616862712159688752916061815970988032.000000,2183939385730308635208420668460933914736575353792636055752251780277989982624268939247965316352032902605804190037285301907091865443511872780909337358499977323070554945362491120558481062474374010441479208921758922607624477388728235833881085870080.000000,-0.257375,767217925266335522519883445024076189285011550871142232477027495248711373983247735610388702049736613087710340681310587522844892777576906362265240880995955409648802515137759691563363653616862712159688752916061815970988032.000000,2183939385730308635208420668460933914736575353792636055752251780277989982624268939247965316352032902605804190037285301907091865443511872780909337358499977323070554945362491120558481062474374010441479208921758922607624477388728235833881085870080.000000,0.000000,0.000000,0.000000
1.078017,767217925266335522519883445024076189285011550871142232477027495248711373983247735610388702049736613087710340681310587522844892777576906362265240880995955409648802515137759691563363653616862712159688752916061815970988032.000000,2183939385730308635208420668460933914736575353792636055752251780277989982624268939247965316352032902605804190037285301907091865443511872780909337358499977323070554945362491120558481062474374010441479208921758922607624477388728235833881085870080.000000,-0.257375,767217925266335522519883445024076189285011550871142232477027495248711373983247735610388702049736613087710340681310587522844892777576906362265240880995955409648802515137759691563363653616862712159688752916061815970988032.000000,2183939385730308635208420668460933914736575353792636055752251780277989982624268939247965316352032902605804190037285301907091865443511872780909337358499977323070554945362491120558481062474374010441479208921758922607624477388728235833881085870080.000000,0.000000,0.000000,0.000000
1.111580,767217925266335522519883445024076189285011550871142232477027495248711373983247735610388702049736613087710340681310587522844892777576906362265240880995955409648802515137759691563363653616862712159688752916061815970988032.000000,2183939385730308635208420668460933914736575353792636055752251780277989982624268939247965316352032902605804190037285301907091865443511872780909337358499977323070554945362491120558481062474374010441479208921758922607624477388728235833881085870080.000000,-0.257375,767217925266335522519883445024076189285011550871142232477027495248711373983247735610388702049736613087710340681310587522844892777576906362265240880995955409648802515137759691563363653616862712159688752916061815970988032.000000,2183939385730308635208420668460933914736575353792636055752251780277989982624268939247965316352032902605804190037285301907091865443511872780909337358499977323070554945362491120558481062474374010441479208921758922607624477388728235833881085870080.000000,0.000000,0.000000,0.000000
1.144986,767217925266335522519883445024076189285011550871142232477027495248711373983247735610388702049736613087710340681310587522844892777576906362265240880995955409648802515137759691563363653616862712159688752916061815970988032.000000,2183939385730308635208420668460933914736575353792636055752251780277989982624268939247965316352032902605804190037285301907091865443511872780909337358499977323070554945362491120558481062474374010441479208921758922607624477388728235833881085870080.000000,-0.257375,767217925266335522519883445024076189285011550871142232477027495248711373983247735610388702049736613087710340681310587522844892777576906362265240880995955409648802515137759691563363653616862712159688752916061815970988032.000000,2183939385730308635208420668460933914736575353792636055752251780277989982624268939247965316352032902605804190037285301907091865443511872780909337358499977323070554945362491120558481062474374010441479208921758922607624477388728235833881085870080.000000,0.000000,0.000000,0.000000
1.182435,767217925266335522519883445024076189285011550871142232477027495248711373983247735610388702049736613087710340681310587522844892777576906362265240880995955409648802515137759691563363653616862712159688752916061815970988032.000000,2183939385730308635208420668460933914736575353792636055752251780277989982624268939247965316352032902605804190037285301907091865443511872780909337358499977323070554945362491120558481062474374010441479208921758922607624477388728235833881085870080.000000,-0.257375,767217925266335522519883445024076189285011550871142232477027495248711373983247735610388702049736613087710340681310587522844892777576906362265240880995955409648802515137759691563363653616862712159688752916061815970988032.000000,2183939385730308635208420668460933914736575353792636055752251780277989982624268939247965316352032902605804190037285301907091865443511872780909337358499977323070554945362491120558481062474374010441479208921758922607624477388728235833881085870080.000000,0.000000,0.000000,0.000000
1.214473,767217925266335522519883445024076189285011550871142232477027495248711373983247735610388702049736613087710340681310587522844892777576906362265240880995955409648802515137759691563363653616862712159688752916061815970988032.000000,2183939385730308635208420668460933914736575353792636055752251780277989982624268939247965316352032902605804190037285301907091865443511872780909337358499977323070554945362491120558481062474374010441479208921758922607624477388728235833881085870080.000000,-0.257375,767217925266335522519883445024076189285011550871142232477027495248711373983247735610388702049736613087710340681310587522844892777576906362265240880995955409648802515137759691563363653616862712159688752916061815970988032.000000,2183939385730308635208420668460933914736575353792636055752251780277989982624268939247965316352032902605804190037285301907091865443511872780909337358499977323070554945362491120558481062474374010441479208921758922607624477388728235833881085870080.000000,0.000000,0.000000,0.000000
1.246165,767217925266335522519883445024076189285011550871142232477027495248711373983247735610388702049736613087710340681310587522844892777576906362265240880995955409648802515137759691563363653616862712159688752916061815970988032.000000,2183939385730308635208420668460933914736575353792636055752251780277989982624268939247965316352032902605804190037285301907091865443511872780909337358499977323070554945362491120558481062474374010441479208921758922607624477388728235833881085870080.000000,-0.257375,767217925266335522519883445024076189285011550871142232477027495248711373983247735610388702049736613087710340681310587522844892777576906362265240880995955409648802515137759691563363653616862712159688752916061815970988032.000000,2183939385730308635208420668460933914736575353792636055752251780277989982624268939247965316352032902605804190037285301907091865443511872780909337358499977323070554945362491120558481062474374010441479208921758922607624477388728235833881085870080.000000,0.000000,0.000000,0.000000
1.279130,767217925266335522519883445024076189285011550871142232477027495248711373983247735610388702049736613087710340681310587522844892777576906362265240880995955409648802515137759691563363653616862712159688752916061815970988032.000000,2183939385730308635208420668460933914736575353792636055752251780277989982624268939247965316352032902605804190037285301907091865443511872780909337358499977323070554945362491120558481062474374010441479208921758922607624477388728235833881085870080.000000,-0.257375,767217925266335522519883445024076189285011550871142232477027495248711373983247735610388702049736613087710340681310587522844892777576906362265240880995955409648802515137759691563363653616862712159688752916061815970988032.000000,2183939385730308635208420668460933914736575353792636055752251780277989982624268939247965316352032902605804190037285301907091865443511872780909337358499977323070554945362491120558481062474374010441479208921758922607624477388728235833881085870080.000000,0.000000,0.000000,0.000000
1.311856,767217925266335522519883445024076189285011550871142232477027495248711373983247735610388702049736613087710340681310587522844892777576906362265240880995955409648802515137759691563363653616862712159688752916061815970988032.000000,2183939385730308635208420668460933914736575353792636055752251780277989982624268939247965316352032902605804190037285301907091865443511872780909337358499977323070554945362491120558481062474374010441479208921758922607624477388728235833881085870080.000000,-0.257375,767217925266335522519883445024076189285011550871142232477027495248711373983247735610388702049736613087710340681310587522844892777576906362265240880995955409648802515137759691563363653616862712159688752916061815970988032.000000,2183939385730308635208420668460933914736575353792636055752251780277989982624268939247965316352032902605804190037285301907091865443511872780909337358499977323070554945362491120558481062474374010441479208921758922607624477388728235833881085870080.000000,0.000000,0.000000,0.000000
1.345988,767217925266335522519883445024076189285011550871142232477027495248711373983247735610388702049736613087710340681310587522844892777576906362265240880995955409648802515137759691563363653616862712159688752916061815970988032.000000,2183939385730308635208420668460933914736575353792636055752251780277989982624268939247965316352032902605804190037285301907091865443511872780909337358499977323070554945362491120558481062474374010441479208921758922607624477388728235833881085870080.000000,-0.257375,767217925266335522519883445024076189285011550871142232477027495248711373983247735610388702049736613087710340681310587522844892777576906362265240880995955409648802515137759691563363653616862712159688752916061815970988032.000000,2183939385730308635208420668460933914736575353792636055752251780277989982624268939247965316352032902605804190037285301907091865443511872780909337358499977323070554945362491120558481062474374010441479208921758922607624477388728235833881085870080.000000,0.000000,0.000000,0.000000
1.378614,767217925266335522519883445024076189285011550871142232477027495248711373983247735610388702049736613087710340681310587522844892777576906362265240880995955409648802515137759691563363653616862712159688752916061815970988032.000000,2183939385730308635208420668460933914736575353792636055752251780277989982624268939247965316352032902605804190037285301907091865443511872780909337358499977323070554945362491120558481062474374010441479208921758922607624477388728235833881085870080.000000,-0.257375,767217925266335522519883445024076189285011550871142232477027495248711373983247735610388702049736613087710340681310587522844892777576906362265240880995955409648802515137759691563363653616862712159688752916061815970988032.000000,2183939385730308635208420668460933914736575353792636055752251780277989982624268939247965316352032902605804190037285301907091865443511872780909337358499977323070554945362491120558481062474374010441479208921758922607624477388728235833881085870080.000000,0.000000,0.000000,0.000000
1.411471,767217925266335522519883445024076189285011550871142232477027495248711373983247735610388702049736613087710340681310587522844892777576906362265240880995955409648802515137759691563363653616862712159688752916061815970988032.000000,2183939385730308635208420668460933914736575353792636055752251780277989982624268939247965316352032902605804190037285301907091865443511872780909337358499977323070554945362491120558481062474374010441479208921758922607624477388728235833881085870080.000000,-0.257375,767217925266335522519883445024076189285011550871142232477027495248711373983247735610388702049736613087710340681310587522844892777576906362265240880995955409648802515137759691563363653616862712159688752916061815970988032.000000,2183939385730308635208420668460933914736575353792636055752251780277989982624268939247965316352032902605804190037285301907091865443511872780909337358499977323070554945362491120558481062474374010441479208921758922607624477388728235833881085870080.000000,0.000000,0.000000,0.000000
1.444799,767217925266335522519883445024076189285011550871142232477027495248711373983247735610388702049736613087710340681310587522844892777576906362265240880995955409648802515137759691563363653616862712159688752916061815970988032.000000,2183939385730308635208420668460933914736575353792636055752251780277989982624268939247965316352032902605804190037285301907091865443511872780909337358499977323070554945362491120558481062474374010441479208921758922607624477388728235833881085870080.000000,-0.257375,767217925266335522519883445024076189285011550871142232477027495248711373983247735610388702049736613087710340681310587522844892777576906362265240880995955409648802515137759691563363653616862712159688752916061815970988032.000000,2183939385730308635208420668460933914736575353792636055752251780277989982624268939247965316352032902605804190037285301907091865443511872780909337358499977323070554945362491120558481062474374010441479208921758922607624477388728235833881085870080.000000,0.000000,0.000000,0.000000
1.478122,767217925266335522519883445024076189285011550871142232477027495248711373983247735610388702049736613087710340681310587522844892777576906362265240880995955409648802515137759691563363653616862712159688752916061815970988032.000000,2183939385730308635208420668460933914736575353792636055752251780277989982624268939247965316352032902605804190037285301907091865443511872780909337358499977323070554945362491120558481062474374010441479208921758922607624477388728235833881085870080.000000,-0.257375,767217925266335522519883445024076189285011550871142232477027495248711373983247735610388702049736613087710340681310587522844892777576906362265240880995955409648802515137759691563363653616862712159688752916061815970988032.000000,2183939385730308635208420668460933914736575353792636055752251780277989982624268939247965316352032902605804190037285301907091865443511872780909337358499977323070554945362491120558481062474374010441479208921758922607624477388728235833881085870080.000000,0.000000,0.000000,0.000000
1.511470,767217925266335522519883445024076189285011550871142232477027495248711373983247735610388702049736613087710340681310587522844892777576906362265240880995955409648802515137759691563363653616862712159688752916061815970988032.000000,2183939385730308635208420668460933914736575353792636055752251780277989982624268939247965316352032902605804190037285301907091865443511872780909337358499977323070554945362491120558481062474374010441479208921758922607624477388728235833881085870080.000000,-0.257375,767217925266335522519883445024076189285011550871142232477027495248711373983247735610388702049736613087710340681310587522844892777576906362265240880995955409648802515137759691563363653616862712159688752916061815970988032.000000,2183939385730308635208420668460933914736575353792636055752251780277989982624268939247965316352032902605804190037285301907091865443511872780909337358499977323070554945362491120558481062474374010441479208921758922607624477388728235833881085870080.000000,0.000000,0.000000,0.000000
1.544777,767217925266335522519883445024076189285011550871142232477027495248711373983247735610388702049736613087710340681310587522844892777576906362265240880995955409648802515137759691563363653616862712159688752916061815970988032.000000,2183939385730308635208420668460933914736575353792636055752251780277989982624268939247965316352032902605804190037285301907091865443511872780909337358499977323070554945362491120558481062474374010441479208921758922607624477388728235833881085870080.000000,-0.257375,767217925266335522519883445024076189285011550871142232477027495248711373983247735610388702049736613087710340681310587522844892777576906362265240880995955409648802515137759691563363653616862712159688752916061815970988032.000000,2183939385730308635208420668460933914736575353792636055752251780277989982624268939247965316352032902605804190037285301907091865443511872780909337358499977323070554945362491120558481062474374010441479208921758922607624477388728235833881085870080.000000,0.000000,0.000000,0.000000
1.578250,767217925266335522519883445024076189285011550871142232477027495248711373983247735610388702049736613087710340681310587522844892777576906362265240880995955409648802515137759691563363653616862712159688752916061815970988032.000000,2183939385730308635208420668460933914736575353792636055752251780277989982624268939247965316352032902605804190037285301907091865443511872780909337358499977323070554945362491120558481062474374010441479208921758922607624477388728235833881085870080.000000,-0.257375,767217925266335522519883445024076189285011550871142232477027495248711373983247735610388702049736613087710340681310587522844892777576906362265240880995955409648802515137759691563363653616862712159688752916061815970988032.000000,2183939385730308635208420668460933914736575353792636055752251780277989982624268939247965316352032902605804190037285301907091865443511872780909337358499977323070554945362491120558481062474374010441479208921758922607624477388728235833881085870080.000000,0.000000,0.000000,0.000000
1.614965,767217925266335522519883445024076189285011550871142232477027495248711373983247735610388702049736613087710340681310587522844892777576906362265240880995955409648802515137759691563363653616862712159688752916061815970988032.000000,2183939385730308635208420668460933914736575353792636055752251780277989982624268939247965316352032902605804190037285301907091865443511872780909337358499977323070554945362491120558481062474374010441479208921758922607624477388728235833881085870080.000000,-0.257375,767217925266335522519883445024076189285011550871142232477027495248711373983247735610388702049736613087710340681310587522844892777576906362265240880995955409648802515137759691563363653616862712159688752916061815970988032.000000,2183939385730308635208420668460933914736575353792636055752251780277989982624268939247965316352032902605804190037285301907091865443511872780909337358499977323070554945362491120558481062474374010441479208921758922607624477388728235833881085870080.000000,0.000000,0.000000,0.000000
1.645961,767217925266335522519883445024076189285011550871142232477027495248711373983247735610388702049736613087710340681310587522844892777576906362265240880995955409648802515137759691563363653616862712159688752916061815970988032.000000,2183939385730308635208420668460933914736575353792636055752251780277989982624268939247965316352032902605804190037285301907091865443511872780909337358499977323070554945362491120558481062474374010441479208921758922607624477388728235833881085870080.000000,-0.257375,767217925266335522519883445024076189285011550871142232477027495248711373983247735610388702049736613087710340681310587522844892777576906362265240880995955409648802515137759691563363653616862712159688752916061815970988032.000000,2183939385730308635208420668460933914736575353792636055752251780277989982624268939247965316352032902605804190037285301907091865443511872780909337358499977323070554945362491120558481062474374010441479208921758922607624477388728235833881085870080.000000,0.000000,0.000000,0.000000
1.678721,767217925266335522519883445024076189285011550871142232477027495248711373983247735610388702049736613087710340681310587522844892777576906362265240880995955409648802515137759691563363653616862712159688752916061815970988032.000000,2183939385730308635208420668460933914736575353792636055752251780277989982624268939247965316352032902605804190037285301907091865443511872780909337358499977323070554945362491120558481062474374010441479208921758922607624477388728235833881085870080.000000,-0.257375,767217925266335522519883445024076189285011550871142232477027495248711373983247735610388702049736613087710340681310587522844892777576906362265240880995955409648802515137759691563363653616862712159688752916061815970988032.000000,2183939385730308635208420668460933914736575353792636055752251780277989982624268939247965316352032902605804190037285301907091865443511872780909337358499977323070554945362491120558481062474374010441479208921758922607624477388728235833881085870080.000000,0.000000,0.000000,0.000000
1.712073,767217925266335522519883445024076189285011550871142232477027495248711373983247735610388702049736613087710340681310587522844892777576906362265240880995955409648802515137759691563363653616862712159688752916061815970988032.000000,2183939385730308635208420668460933914736575353792636055752251780277989982624268939247965316352032902605804190037285301907091865443511872780909337358499977323070554945362491120558481062474374010441479208921758922607624477388728235833881085870080.000000,-0.257375,767217925266335522519883445024076189285011550871142232477027495248711373983247735610388702049736613087710340681310587522844892777576906362265240880995955409648802515137759691563363653616862712159688752916061815970988032.000000,2183939385730308635208420668460933914736575353792636055752251780277989982624268939247965316352032902605804190037285301907091865443511872780909337358499977323070554945362491120558481062474374010441479208921758922607624477388728235833881085870080.000000,0.000000,0.000000,0.000000
1.745192,767217925266335522519883445024076189285011550871142232477027495248711373983247735610388702049736613087710340681310587522844892777576906362265240880995955409648802515137759691563363653616862712159688752916061815970988032.000000,2183939385730308635208420668460933914736575353792636055752251780277989982624268939247965316352032902605804190037285301907091865443511872780909337358499977323070554945362491120558481062474374010441479208921758922607624477388728235833881085870080.000000,-0.257375,767217925266335522519883445024076189285011550871142232477027495248711373983247735610388702049736613087710340681310587522844892777576906362265240880995955409648802515137759691563363653616862712159688752916061815970988032.000000,2183939385730308635208420668460933914736575353792636055752251780277989982624268939247965316352032902605804190037285301907091865443511872780909337358499977323070554945362491120558481062474374010441479208921758922607624477388728235833881085870080.000000,0.000000,0.000000,0.000000
1.778254,767217925266335522519883445024076189285011550871142232477027495248711373983247735610388702049736613087710340681310587522844892777576906362265240880995955409648802515137759691563363653616862712159688752916061815970988032.000000,2183939385730308635208420668460933914736575353792636055752251780277989982624268939247965316352032902605804190037285301907091865443511872780909337358499977323070554945362491120558481062474374010441479208921758922607624477388728235833881085870080.000000,-0.257375,767217925266335522519883445024076189285011550871142232477027495248711373983247735610388702049736613087710340681310587522844892777576906362265240880995955409648802515137759691563363653616862712159688752916061815970988032.000000,2183939385730308635208420668460933914736575353792636055752251780277989982624268939247965316352032902605804190037285301907091865443511872780909337358499977323070554945362491120558481062474374010441479208921758922607624477388728235833881085870080.000000,0.000000,0.000000,0.000000
1.811887,767217925266335522519883445024076189285011550871142232477027495248711373983247735610388702049736613087710340681310587522844892777576906362265240880995955409648802515137759691563363653616862712159688752916061815970988032.000000,2183939385730308635208420668460933914736575353792636055752251780277989982624268939247965316352032902605804190037285301907091865443511872780909337358499977323070554945362491120558481062474374010441479208921758922607624477388728235833881085870080.000000,-0.257375,767217925266335522519883445024076189285011550871142232477027495248711373983247735610388702049736613087710340681310587522844892777576906362265240880995955409648802515137759691563363653616862712159688752916061815970988032.000000,2183939385730308635208420668460933914736575353792636055752251780277989982624268939247965316352032902605804190037285301907091865443511872780909337358499977323070554945362491120558481062474374010441479208921758922607624477388728235833881085870080.000000,0.000000,0.000000,0.000000
1.844976,767217925266335522519883445024076189285011550871142232477027495248711373983247735610388702049736613087710340681310587522844892777576906362265240880995955409648802515137759691563363653616862712159688752916061815970988032.000000,2183939385730308635208420668460933914736575353792636055752251780277989982624268939247965316352032902605804190037285301907091865443511872780909337358499977323070554945362491120558481062474374010441479208921758922607624477388728235833881085870080.000000,-0.257375,767217925266335522519883445024076189285011550871142232477027495248711373983247735610388702049736613087710340681310587522844892777576906362265240880995955409648802515137759691563363653616862712159688752916061815970988032.000000,2183939385730308635208420668460933914736575353792636055752251780277989982624268939247965316352032902605804190037285301907091865443511872780909337358499977323070554945362491120558481062474374010441479208921758922607624477388728235833881085870080.000000,0.000000,0.000000,0.000000
1.878622,767217925266335522519883445024076189285011550871142232477027495248711373983247735610388702049736613087710340681310587522844892777576906362265240880995955409648802515137759691563363653616862712159688752916061815970988032.000000,2183939385730308635208420668460933914736575353792636055752251780277989982624268939247965316352032902605804190037285301907091865443511872780909337358499977323070554945362491120558481062474374010441479208921758922607624477388728235833881085870080.000000,-0.257375,767217925266335522519883445024076189285011550871142232477027495248711373983247735610388702049736613087710340681310587522844892777576906362265240880995955409648802515137759691563363653616862712159688752916061815970988032.000000,2183939385730308635208420668460933914736575353792636055752251780277989982624268939247965316352032902605804190037285301907091865443511872780909337358499977323070554945362491120558481062474374010441479208921758922607624477388728235833881085870080.000000,0.000000,0.000000,0.000000
1.911728,767217925266335522519883445024076189285011550871142232477027495248711373983247735610388702049736613087710340681310587522844892777576906362265240880995955409648802515137759691563363653616862712159688752916061815970988032.000000,2183939385730308635208420668460933914736575353792636055752251780277989982624268939247965316352032902605804190037285301907091865443511872780909337358499977323070554945362491120558481062474374010441479208921758922607624477388728235833881085870080.000000,-0.257375,767217925266335522519883445024076189285011550871142232477027495248711373983247735610388702049736613087710340681310587522844892777576906362265240880995955409648802515137759691563363653616862712159688752916061815970988032.000000,2183939385730308635208420668460933914736575353792636055752251780277989982624268939247965316352032902605804190037285301907091865443511872780909337358499977323070554945362491120558481062474374010441479208921758922607624477388728235833881085870080.000000,0.000000,0.000000,0.000000
1.944913,767217925266335522519883445024076189285011550871142232477027495248711373983247735610388702049736613087710340681310587522844892777576906362265240880995955409648802515137759691563363653616862712159688752916061815970988032.000000,2183939385730308635208420668460933914736575353792636055752251780277989982624268939247965316352032902605804190037285301907091865443511872780909337358499977323070554945362491120558481062474374010441479208921758922607624477388728235833881085870080.000000,-0.257375,767217925266335522519883445024076189285011550871142232477027495248711373983247735610388702049736613087710340681310587522844892777576906362265240880995955409648802515137759691563363653616862712159688752916061815970988032.000000,2183939385730308635208420668460933914736575353792636055752251780277989982624268939247965316352032902605804190037285301907091865443511872780909337358499977323070554945362491120558481062474374010441479208921758922607624477388728235833881085870080.000000,0.000000,0.000000,0.000000
1.978023,767217925266335522519883445024076189285011550871142232477027495248711373983247735610388702049736613087710340681310587522844892777576906362265240880995955409648802515137759691563363653616862712159688752916061815970988032.000000,2183939385730308635208420668460933914736575353792636055752251780277989982624268939247965316352032902605804190037285301907091865443511872780909337358499977323070554945362491120558481062474374010441479208921758922607624477388728235833881085870080.000000,-0.257375,767217925266335522519883445024076189285011550871142232477027495248711373983247735610388702049736613087710340681310587522844892777576906362265240880995955409648802515137759691563363653616862712159688752916061815970988032.000000,2183939385730308635208420668460933914736575353792636055752251780277989982624268939247965316352032902605804190037285301907091865443511872780909337358499977323070554945362491120558481062474374010441479208921758922607624477388728235833881085870080.000000,0.000000,0.000000,0.000000
2.028486,767217925266335522519883445024076189285011550871142232477027495248711373983247735610388702049736613087710340681310587522844892777576906362265240880995955409648802515137759691563363653616862712159688752916061815970988032.000000,2183939385730308635208420668460933914736575353792636055752251780277989982624268939247965316352032902605804190037285301907091865443511872780909337358499977323070554945362491120558481062474374010441479208921758922607624477388728235833881085870080.000000,-0.257375,767217925266335522519883445024076189285011550871142232477027495248711373983247735610388702049736613087710340681310587522844892777576906362265240880995955409648802515137759691563363653616862712159688752916061815970988032.000000,2183939385730308635208420668460933914736575353792636055752251780277989982624268939247965316352032902605804190037285301907091865443511872780909337358499977323070554945362491120558481062474374010441479208921758922607624477388728235833881085870080.000000,0.000000,0.000000,0.000000
2.047222,767217925266335522519883445024076189285011550871142232477027495248711373983247735610388702049736613087710340681310587522844892777576906362265240880995955409648802515137759691563363653616862712159688752916061815970988032.000000,2183939385730308635208420668460933914736575353792636055752251780277989982624268939247965316352032902605804190037285301907091865443511872780909337358499977323070554945362491120558481062474374010441479208921758922607624477388728235833881085870080.000000,-0.257375,767217925266335522519883445024076189285011550871142232477027495248711373983247735610388702049736613087710340681310587522844892777576906362265240880995955409648802515137759691563363653616862712159688752916061815970988032.000000,2183939385730308635208420668460933914736575353792636055752251780277989982624268939247965316352032902605804190037285301907091865443511872780909337358499977323070554945362491120558481062474374010441479208921758922607624477388728235833881085870080.000000,0.000000,0.000000,0.000000
2.078090,767217925266335522519883445024076189285011550871142232477027495248711373983247735610388702049736613087710340681310587522844892777576906362265240880995955409648802515137759691563363653616862712159688752916061815970988032.000000,2183939385730308635208420668460933914736575353792636055752251780277989982624268939247965316352032902605804190037285301907091865443511872780909337358499977323070554945362491120558481062474374010441479208921758922607624477388728235833881085870080.000000,-0.257375,767217925266335522519883445024076189285011550871142232477027495248711373983247735610388702049736613087710340681310587522844892777576906362265240880995955409648802515137759691563363653616862712159688752916061815970988032.000000,2183939385730308635208420668460933914736575353792636055752251780277989982624268939247965316352032902605804190037285301907091865443511872780909337358499977323070554945362491120558481062474374010441479208921758922607624477388728235833881085870080.000000,0.000000,0.000000,0.000000
2.111644,767217925266335522519883445024076189285011550871142232477027495248711373983247735610388702049736613087710340681310587522844892777576906362265240880995955409648802515137759691563363653616862712159688752916061815970988032.000000,2183939385730308635208420668460933914736575353792636055752251780277989982624268939247965316352032902605804190037285301907091865443511872780909337358499977323070554945362491120558481062474374010441479208921758922607624477388728235833881085870080.000000,-0.257375,767217925266335522519883445024076189285011550871142232477027495248711373983247735610388702049736613087710340681310587522844892777576906362265240880995955409648802515137759691563363653616862712159688752916061815970988032.000000,2183939385730308635208420668460933914736575353792636055752251780277989982624268939247965316352032902605804190037285301907091865443511872780909337358499977323070554945362491120558481062474374010441479208921758922607624477388728235833881085870080.000000,0.000000,0.000000,0.000000
2.144941,767217925266335522519883445024076189285011550871142232477027495248711373983247735610388702049736613087710340681310587522844892777576906362265240880995955409648802515137759691563363653616862712159688752916061815970988032.000000,2183939385730308635208420668460933914736575353792636055752251780277989982624268939247965316352032902605804190037285301907091865443511872780909337358499977323070554945362491120558481062474374010441479208921758922607624477388728235833881085870080.000000,-0.257375,767217925266335522519883445024076189285011550871142232477027495248711373983247735610388702049736613087710340681310587522844892777576906362265240880995955409648802515137759691563363653616862712159688752916061815970988032.000000,2183939385730308635208420668460933914736575353792636055752251780277989982624268939247965316352032902605804190037285301907091865443511872780909337358499977323070554945362491120558481062474374010441479208921758922607624477388728235833881085870080.000000,0.000000,0.000000,0.000000
2.178072,767217925266335522519883445024076189285011550871142232477027495248711373983247735610388702049736613087710340681310587522844892777576906362265240880995955409648802515137759691563363653616862712159688752916061815970988032.000000,2183939385730308635208420668460933914736575353792636055752251780277989982624268939247965316352032902605804190037285301907091865443511872780909337358499977323070554945362491120558481062474374010441479208921758922607624477388728235833881085870080.000000,-0.257375,767217925266335522519883445024076189285011550871142232477027495248711373983247735610388702049736613087710340681310587522844892777576906362265240880995955409648802515137759691563363653616862712159688752916061815970988032.000000,2183939385730308635208420668460933914736575353792636055752251780277989982624268939247965316352032902605804190037285301907091865443511872780909337358499977323070554945362491120558481062474374010441479208921758922607624477388728235833881085870080.000000,0.000000,0.000000,0.000000
2.215737,767217925266335522519883445024076189285011550871142232477027495248711373983247735610388702049736613087710340681310587522844892777576906362265240880995955409648802515137759691563363653616862712159688752916061815970988032.000000,2183939385730308635208420668460933914736575353792636055752251780277989982624268939247965316352032902605804190037285301907091865443511872780909337358499977323070554945362491120558481062474374010441479208921758922607624477388728235833881085870080.000000,-0.257375,767217925266335522519883445024076189285011550871142232477027495248711373983247735610388702049736613087710340681310587522844892777576906362265240880995955409648802515137759691563363653616862712159688752916061815970988032.000000,2183939385730308635208420668460933914736575353792636055752251780277989982624268939247965316352032902605804190037285301907091865443511872780909337358499977323070554945362491120558481062474374010441479208921758922607624477388728235833881085870080.000000,0.000000,0.000000,0.000000
2.248364,767217925266335522519883445024076189285011550871142232477027495248711373983247735610388702049736613087710340681310587522844892777576906362265240880995955409648802515137759691563363653616862712159688752916061815970988032.000000,2183939385730308635208420668460933914736575353792636055752251780277989982624268939247965316352032902605804190037285301907091865443511872780909337358499977323070554945362491120558481062474374010441479208921758922607624477388728235833881085870080.000000,-0.257375,767217925266335522519883445024076189285011550871142232477027495248711373983247735610388702049736613087710340681310587522844892777576906362265240880995955409648802515137759691563363653616862712159688752916061815970988032.000000,2183939385730308635208420668460933914736575353792636055752251780277989982624268939247965316352032902605804190037285301907091865443511872780909337358499977323070554945362491120558481062474374010441479208921758922607624477388728235833881085870080.000000,0.000000,0.000000,0.000000
2.279422,767217925266335522519883445024076189285011550871142232477027495248711373983247735610388702049736613087710340681310587522844892777576906362265240880995955409648802515137759691563363653616862712159688752916061815970988032.000000,2183939385730308635208420668460933914736575353792636055752251780277989982624268939247965316352032902605804190037285301907091865443511872780909337358499977323070554945362491120558481062474374010441479208921758922607624477388728235833881085870080.000000,-0.257375,767217925266335522519883445024076189285011550871142232477027495248711373983247735610388702049736613087710340681310587522844892777576906362265240880995955409648802515137759691563363653616862712159688752916061815970988032.000000,2183939385730308635208420668460933914736575353792636055752251780277989982624268939247965316352032902605804190037285301907091865443511872780909337358499977323070554945362491120558481062474374010441479208921758922607624477388728235833881085870080.000000,0.000000,0.000000,0.000000
2.312459,767217925266335522519883445024076189285011550871142232477027495248711373983247735610388702049736613087710340681310587522844892777576906362265240880995955409648802515137759691563363653616862712159688752916061815970988032.000000,2183939385730308635208420668460933914736575353792636055752251780277989982624268939247965316352032902605804190037285301907091865443511872780909337358499977323070554945362491120558481062474374010441479208921758922607624477388728235833881085870080.000000,-0.257375,767217925266335522519883445024076189285011550871142232477027495248711373983247735610388702049736613087710340681310587522844892777576906362265240880995955409648802515137759691563363653616862712159688752916061815970988032.000000,2183939385730308635208420668460933914736575353792636055752251780277989982624268939247965316352032902605804190037285301907091865443511872780909337358499977323070554945362491120558481062474374010441479208921758922607624477388728235833881085870080.000000,0.000000,0.000000,0.000000
2.345191,767217925266335522519883445024076189285011550871142232477027495248711373983247735610388702049736613087710340681310587522844892777576906362265240880995955409648802515137759691563363653616862712159688752916061815970988032.000000,2183939385730308635208420668460933914736575353792636055752251780277989982624268939247965316352032902605804190037285301907091865443511872780909337358499977323070554945362491120558481062474374010441479208921758922607624477388728235833881085870080.000000,-0.257375,767217925266335522519883445024076189285011550871142232477027495248711373983247735610388702049736613087710340681310587522844892777576906362265240880995955409648802515137759691563363653616862712159688752916061815970988032.000000,2183939385730308635208420668460933914736575353792636055752251780277989982624268939247965316352032902605804190037285301907091865443511872780909337358499977323070554945362491120558481062474374010441479208921758922607624477388728235833881085870080.000000,0.000000,0.000000,0.000000
2.378245,767217925266335522519883445024076189285011550871142232477027495248711373983247735610388702049736613087710340681310587522844892777576906362265240880995955409648802515137759691563363653616862712159688752916061815970988032.000000,2183939385730308635208420668460933914736575353792636055752251780277989982624268939247965316352032902605804190037285301907091865443511872780909337358499977323070554945362491120558481062474374010441479208921758922607624477388728235833881085870080.000000,-0.257375,767217925266335522519883445024076189285011550871142232477027495248711373983247735610388702049736613087710340681310587522844892777576906362265240880995955409648802515137759691563363653616862712159688752916061815970988032.000000,2183939385730308635208420668460933914736575353792636055752251780277989982624268939247965316352032902605804190037285301907091865443511872780909337358499977323070554945362491120558481062474374010441479208921758922607624477388728235833881085870080.000000,0.000000,0.000000,0.000000
2.411528,767217925266335522519883445024076189285011550871142232477027495248711373983247735610388702049736613087710340681310587522844892777576906362265240880995955409648802515137759691563363653616862712159688752916061815970988032.000000,2183939385730308635208420668460933914736575353792636055752251780277989982624268939247965316352032902605804190037285301907091865443511872780909337358499977323070554945362491120558481062474374010441479208921758922607624477388728235833881085870080.000000,-0.257375,767217925266335522519883445024076189285011550871142232477027495248711373983247735610388702049736613087710340681310587522844892777576906362265240880995955409648802515137759691563363653616862712159688752916061815970988032.000000,2183939385730308635208420668460933914736575353792636055752251780277989982624268939247965316352032902605804190037285301907091865443511872780909337358499977323070554945362491120558481062474374010441479208921758922607624477388728235833881085870080.000000,0.000000,0.000000,0.000000
2.444965,767217925266335522519883445024076189285011550871142232477027495248711373983247735610388702049736613087710340681310587522844892777576906362265240880995955409648802515137759691563363653616862712159688752916061815970988032.000000,2183939385730308635208420668460933914736575353792636055752251780277989982624268939247965316352032902605804190037285301907091865443511872780909337358499977323070554945362491120558481062474374010441479208921758922607624477388728235833881085870080.000000,-0.257375,767217925266335522519883445024076189285011550871142232477027495248711373983247735610388702049736613087710340681310587522844892777576906362265240880995955409648802515137759691563363653616862712159688752916061815970988032.000000,2183939385730308635208420668460933914736575353792636055752251780277989982624268939247965316352032902605804190037285301907091865443511872780909337358499977323070554945362491120558481062474374010441479208921758922607624477388728235833881085870080.000000,0.000000,0.000000,0.000000
2.478065,767217925266335522519883445024076189285011550871142232477027495248711373983247735610388702049736613087710340681310587522844892777576906362265240880995955409648802515137759691563363653616862712159688752916061815970988032.000000,2183939385730308635208420668460933914736575353792636055752251780277989982624268939247965316352032902605804190037285301907091865443511872780909337358499977323070554945362491120558481062474374010441479208921758922607624477388728235833881085870080.000000,-0.257375,767217925266335522519883445024076189285011550871142232477027495248711373983247735610388702049736613087710340681310587522844892777576906362265240880995955409648802515137759691563363653616862712159688752916061815970988032.000000,2183939385730308635208420668460933914736575353792636055752251780277989982624268939247965316352032902605804190037285301907091865443511872780909337358499977323070554945362491120558481062474374010441479208921758922607624477388728235833881085870080.000000,0.000000,0.000000,0.000000
2.511425,767217925266335522519883445024076189285011550871142232477027495248711373983247735610388702049736613087710340681310587522844892777576906362265240880995955409648802515137759691563363653616862712159688752916061815970988032.000000,2183939385730308635208420668460933914736575353792636055752251780277989982624268939247965316352032902605804190037285301907091865443511872780909337358499977323070554945362491120558481062474374010441479208921758922607624477388728235833881085870080.000000,-0.257375,767217925266335522519883445024076189285011550871142232477027495248711373983247735610388702049736613087710340681310587522844892777576906362265240880995955409648802515137759691563363653616862712159688752916061815970988032.000000,2183939385730308635208420668460933914736575353792636055752251780277989982624268939247965316352032902605804190037285301907091865443511872780909337358499977323070554945362491120558481062474374010441479208921758922607624477388728235833881085870080.000000,0.000000,0.000000,0.000000
2.544698,767217925266335522519883445024076189285011550871142232477027495248711373983247735610388702049736613087710340681310587522844892777576906362265240880995955409648802515137759691563363653616862712159688752916061815970988032.000000,2183939385730308635208420668460933914736575353792636055752251780277989982624268939247965316352032902605804190037285301907091865443511872780909337358499977323070554945362491120558481062474374010441479208921758922607624477388728235833881085870080.000000,-0.257375,767217925266335522519883445024076189285011550871142232477027495248711373983247735610388702049736613087710340681310587522844892777576906362265240880995955409648802515137759691563363653616862712159688752916061815970988032.000000,2183939385730308635208420668460933914736575353792636055752251780277989982624268939247965316352032902605804190037285301907091865443511872780909337358499977323070554945362491120558481062474374010441479208921758922607624477388728235833881085870080.000000,0.000000,0.000000,0.000000
2.578037,767217925266335522519883445024076189285011550871142232477027495248711373983247735610388702049736613087710340681310587522844892777576906362265240880995955409648802515137759691563363653616862712159688752916061815970988032.000000,2183939385730308635208420668460933914736575353792636055752251780277989982624268939247965316352032902605804190037285301907091865443511872780909337358499977323070554945362491120558481062474374010441479208921758922607624477388728235833881085870080.000000,-0.257375,767217925266335522519883445024076189285011550871142232477027495248711373983247735610388702049736613087710340681310587522844892777576906362265240880995955409648802515137759691563363653616862712159688752916061815970988032.000000,2183939385730308635208420668460933914736575353792636055752251780277989982624268939247965316352032902605804190037285301907091865443511872780909337358499977323070554945362491120558481062474374010441479208921758922607624477388728235833881085870080.000000,0.000000,0.000000,0.000000
2.615313,767217925266335522519883445024076189285011550871142232477027495248711373983247735610388702049736613087710340681310587522844892777576906362265240880995955409648802515137759691563363653616862712159688752916061815970988032.000000,2183939385730308635208420668460933914736575353792636055752251780277989982624268939247965316352032902605804190037285301907091865443511872780909337358499977323070554945362491120558481062474374010441479208921758922607624477388728235833881085870080.000000,-0.257375,767217925266335522519883445024076189285011550871142232477027495248711373983247735610388702049736613087710340681310587522844892777576906362265240880995955409648802515137759691563363653616862712159688752916061815970988032.000000,2183939385730308635208420668460933914736575353792636055752251780277989982624268939247965316352032902605804190037285301907091865443511872780909337358499977323070554945362491120558481062474374010441479208921758922607624477388728235833881085870080.000000,0.000000,0.000000,0.000000
2.645828,767217925266335522519883445024076189285011550871142232477027495248711373983247735610388702049736613087710340681310587522844892777576906362265240880995955409648802515137759691563363653616862712159688752916061815970988032.000000,2183939385730308635208420668460933914736575353792636055752251780277989982624268939247965316352032902605804190037285301907091865443511872780909337358499977323070554945362491120558481062474374010441479208921758922607624477388728235833881085870080.000000,-0.257375,767217925266335522519883445024076189285011550871142232477027495248711373983247735610388702049736613087710340681310587522844892777576906362265240880995955409648802515137759691563363653616862712159688752916061815970988032.000000,2183939385730308635208420668460933914736575353792636055752251780277989982624268939247965316352032902605804190037285301907091865443511872780909337358499977323070554945362491120558481062474374010441479208921758922607624477388728235833881085870080.000000,0.000000,0.000000,0.000000
2.678603,767217925266335522519883445024076189285011550871142232477027495248711373983247735610388702049736613087710340681310587522844892777576906362265240880995955409648802515137759691563363653616862712159688752916061815970988032.000000,2183939385730308635208420668460933914736575353792636055752251780277989982624268939247965316352032902605804190037285301907091865443511872780909337358499977323070554945362491120558481062474374010441479208921758922607624477388728235833881085870080.000000,-0.257375,767217925266335522519883445024076189285011550871142232477027495248711373983247735610388702049736613087710340681310587522844892777576906362265240880995955409648802515137759691563363653616862712159688752916061815970988032.000000,2183939385730308635208420668460933914736575353792636055752251780277989982624268939247965316352032902605804190037285301907091865443511872780909337358499977323070554945362491120558481062474374010441479208921758922607624477388728235833881085870080.000000,0.000000,0.000000,0.000000
2.711931,767217925266335522519883445024076189285011550871142232477027495248711373983247735610388702049736613087710340681310587522844892777576906362265240880995955409648802515137759691563363653616862712159688752916061815970988032.000000,2183939385730308635208420668460933914736575353792636055752251780277989982624268939247965316352032902605804190037285301907091865443511872780909337358499977323070554945362491120558481062474374010441479208921758922607624477388728235833881085870080.000000,-0.257375,767217925266335522519883445024076189285011550871142232477027495248711373983247735610388702049736613087710340681310587522844892777576906362265240880995955409648802515137759691563363653616862712159688752916061815970988032.000000,2183939385730308635208420668460933914736575353792636055752251780277989982624268939247965316352032902605804190037285301907091865443511872780909337358499977323070554945362491120558481062474374010441479208921758922607624477388728235833881085870080.000000,0.000000,0.000000,0.000000
2.744984,767217925266335522519883445024076189285011550871142232477027495248711373983247735610388702049736613087710340681310587522844892777576906362265240880995955409648802515137759691563363653616862712159688752916061815970988032.000000,2183939385730308635208420668460933914736575353792636055752251780277989982624268939247965316352032902605804190037285301907091865443511872780909337358499977323070554945362491120558481062474374010441479208921758922607624477388728235833881085870080.000000,-0.257375,767217925266335522519883445024076189285011550871142232477027495248711373983247735610388702049736613087710340681310587522844892777576906362265240880995955409648802515137759691563363653616862712159688752916061815970988032.000000,2183939385730308635208420668460933914736575353792636055752251780277989982624268939247965316352032902605804190037285301907091865443511872780909337358499977323070554945362491120558481062474374010441479208921758922607624477388728235833881085870080.000000,0.000000,0.000000,0.000000
2.778271,767217925266335522519883445024076189285011550871142232477027495248711373983247735610388702049736613087710340681310587522844892777576906362265240880995955409648802515137759691563363653616862712159688752916061815970988032.000000,2183939385730308635208420668460933914736575353792636055752251780277989982624268939247965316352032902605804190037285301907091865443511872780909337358499977323070554945362491120558481062474374010441479208921758922607624477388728235833881085870080.000000,-0.257375,767217925266335522519883445024076189285011550871142232477027495248711373983247735610388702049736613087710340681310587522844892777576906362265240880995955409648802515137759691563363653616862712159688752916061815970988032.000000,2183939385730308635208420668460933914736575353792636055752251780277989982624268939247965316352032902605804190037285301907091865443511872780909337358499977323070554945362491120558481062474374010441479208921758922607624477388728235833881085870080.000000,0.000000,0.000000,0.000000
2.811676,767217925266335522519883445024076189285011550871142232477027495248711373983247735610388702049736613087710340681310587522844892777576906362265240880995955409648802515137759691563363653616862712159688752916061815970988032.000000,2183939385730308635208420668460933914736575353792636055752251780277989982624268939247965316352032902605804190037285301907091865443511872780909337358499977323070554945362491120558481062474374010441479208921758922607624477388728235833881085870080.000000,-0.257375,767217925266335522519883445024076189285011550871142232477027495248711373983247735610388702049736613087710340681310587522844892777576906362265240880995955409648802515137759691563363653616862712159688752916061815970988032.000000,2183939385730308635208420668460933914736575353792636055752251780277989982624268939247965316352032902605804190037285301907091865443511872780909337358499977323070554945362491120558481062474374010441479208921758922607624477388728235833881085870080.000000,0.000000,0.000000,0.000000
2.844965,767217925266335522519883445024076189285011550871142232477027495248711373983247735610388702049736613087710340681310587522844892777576906362265240880995955409648802515137759691563363653616862712159688752916061815970988032.000000,2183939385730308635208420668460933914736575353792636055752251780277989982624268939247965316352032902605804190037285301907091865443511872780909337358499977323070554945362491120558481062474374010441479208921758922607624477388728235833881085870080.000000,-0.257375,767217925266335522519883445024076189285011550871142232477027495248711373983247735610388702049736613087710340681310587522844892777576906362265240880995955409648802515137759691563363653616862712159688752916061815970988032.000000,2183939385730308635208420668460933914736575353792636055752251780277989982624268939247965316352032902605804190037285301907091865443511872780909337358499977323070554945362491120558481062474374010441479208921758922607624477388728235833881085870080.000000,0.000000,0.000000,0.000000
2.878178,767217925266335522519883445024076189285011550871142232477027495248711373983247735610388702049736613087710340681310587522844892777576906362265240880995955409648802515137759691563363653616862712159688752916061815970988032.000000,2183939385730308635208420668460933914736575353792636055752251780277989982624268939247965316352032902605804190037285301907091865443511872780909337358499977323070554945362491120558481062474374010441479208921758922607624477388728235833881085870080.000000,-0.257375,767217925266335522519883445024076189285011550871142232477027495248711373983247735610388702049736613087710340681310587522844892777576906362265240880995955409648802515137759691563363653616862712159688752916061815970988032.000000,2183939385730308635208420668460933914736575353792636055752251780277989982624268939247965316352032902605804190037285301907091865443511872780909337358499977323070554945362491120558481062474374010441479208921758922607624477388728235833881085870080.000000,0.000000,0.000000,0.000000
2.911438,767217925266335522519883445024076189285011550871142232477027495248711373983247735610388702049736613087710340681310587522844892777576906362265240880995955409648802515137759691563363653616862712159688752916061815970988032.000000,2183939385730308635208420668460933914736575353792636055752251780277989982624268939247965316352032902605804190037285301907091865443511872780909337358499977323070554945362491120558481062474374010441479208921758922607624477388728235833881085870080.000000,-0.257375,767217925266335522519883445024076189285011550871142232477027495248711373983247735610388702049736613087710340681310587522844892777576906362265240880995955409648802515137759691563363653616862712159688752916061815970988032.000000,2183939385730308635208420668460933914736575353792636055752251780277989982624268939247965316352032902605804190037285301907091865443511872780909337358499977323070554945362491120558481062474374010441479208921758922607624477388728235833881085870080.000000,0.000000,0.000000,0.000000
2.944668,767217925266335522519883445024076189285011550871142232477027495248711373983247735610388702049736613087710340681310587522844892777576906362265240880995955409648802515137759691563363653616862712159688752916061815970988032.000000,2183939385730308635208420668460933914736575353792636055752251780277989982624268939247965316352032902605804190037285301907091865443511872780909337358499977323070554945362491120558481062474374010441479208921758922607624477388728235833881085870080.000000,-0.257375,767217925266335522519883445024076189285011550871142232477027495248711373983247735610388702049736613087710340681310587522844892777576906362265240880995955409648802515137759691563363653616862712159688752916061815970988032.000000,2183939385730308635208420668460933914736575353792636055752251780277989982624268939247965316352032902605804190037285301907091865443511872780909337358499977323070554945362491120558481062474374010441479208921758922607624477388728235833881085870080.000000,0.000000,0.000000,0.000000
2.978011,767217925266335522519883445024076189285011550871142232477027495248711373983247735610388702049736613087710340681310587522844892777576906362265240880995955409648802515137759691563363653616862712159688752916061815970988032.000000,2183939385730308635208420668460933914736575353792636055752251780277989982624268939247965316352032902605804190037285301907091865443511872780909337358499977323070554945362491120558481062474374010441479208921758922607624477388728235833881085870080.000000,-0.257375,767217925266335522519883445024076189285011550871142232477027495248711373983247735610388702049736613087710340681310587522844892777576906362265240880995955409648802515137759691563363653616862712159688752916061815970988032.000000,2183939385730308635208420668460933914736575353792636055752251780277989982624268939247965316352032902605804190037285301907091865443511872780909337358499977323070554945362491120558481062474374010441479208921758922607624477388728235833881085870080.000000,0.000000,0.000000,0.000000
3.011316,767217925266335522519883445024076189285011550871142232477027495248711373983247735610388702049736613087710340681310587522844892777576906362265240880995955409648802515137759691563363653616862712159688752916061815970988032.000000,2183939385730308635208420668460933914736575353792636055752251780277989982624268939247965316352032902605804190037285301907091865443511872780909337358499977323070554945362491120558481062474374010441479208921758922607624477388728235833881085870080.000000,-0.257375,767217925266335522519883445024076189285011550871142232477027495248711373983247735610388702049736613087710340681310587522844892777576906362265240880995955409648802515137759691563363653616862712159688752916061815970988032.000000,2183939385730308635208420668460933914736575353792636055752251780277989982624268939247965316352032902605804190037285301907091865443511872780909337358499977323070554945362491120558481062474374010441479208921758922607624477388728235833881085870080.000000,0.000000,0.000000,0.000000
3.044841,767217925266335522519883445024076189285011550871142232477027495248711373983247735610388702049736613087710340681310587522844892777576906362265240880995955409648802515137759691563363653616862712159688752916061815970988032.000000,2183939385730308635208420668460933914736575353792636055752251780277989982624268939247965316352032902605804190037285301907091865443511872780909337358499977323070554945362491120558481062474374010441479208921758922607624477388728235833881085870080.000000,-0.257375,767217925266335522519883445024076189285011550871142232477027495248711373983247735610388702049736613087710340681310587522844892777576906362265240880995955409648802515137759691563363653616862712159688752916061815970988032.000000,2183939385730308635208420668460933914736575353792636055752251780277989982624268939247965316352032902605804190037285301907091865443511872780909337358499977323070554945362491120558481062474374010441479208921758922607624477388728235833881085870080.000000,0.000000,0.000000,0.000000
3.078227,767217925266335522519883445024076189285011550871142232477027495248711373983247735610388702049736613087710340681310587522844892777576906362265240880995955409648802515137759691563363653616862712159688752916061815970988032.000000,2183939385730308635208420668460933914736575353792636055752251780277989982624268939247965316352032902605804190037285301907091865443511872780909337358499977323070554945362491120558481062474374010441479208921758922607624477388728235833881085870080.000000,-0.257375,767217925266335522519883445024076189285011550871142232477027495248711373983247735610388702049736613087710340681310587522844892777576906362265240880995955409648802515137759691563363653616862712159688752916061815970988032.000000,2183939385730308635208420668460933914736575353792636055752251780277989982624268939247965316352032902605804190037285301907091865443511872780909337358499977323070554945362491120558481062474374010441479208921758922607624477388728235833881085870080.000000,0.000000,0.000000,0.000000
3.114610,767217925266335522519883445024076189285011550871142232477027495248711373983247735610388702049736613087710340681310587522844892777576906362265240880995955409648802515137759691563363653616862712159688752916061815970988032.000000,2183939385730308635208420668460933914736575353792636055752251780277989982624268939247965316352032902605804190037285301907091865443511872780909337358499977323070554945362491120558481062474374010441479208921758922607624477388728235833881085870080.000000,-0.257375,767217925266335522519883445024076189285011550871142232477027495248711373983247735610388702049736613087710340681310587522844892777576906362265240880995955409648802515137759691563363653616862712159688752916061815970988032.000000,2183939385730308635208420668460933914736575353792636055752251780277989982624268939247965316352032902605804190037285301907091865443511872780909337358499977323070554945362491120558481062474374010441479208921758922607624477388728235833881085870080.000000,0.000000,0.000000,0.000000
3.145962,767217925266335522519883445024076189285011550871142232477027495248711373983247735610388702049736613087710340681310587522844892777576906362265240880995955409648802515137759691563363653616862712159688752916061815970988032.000000,2183939385730308635208420668460933914736575353792636055752251780277989982624268939247965316352032902605804190037285301907091865443511872780909337358499977323070554945362491120558481062474374010441479208921758922607624477388728235833881085870080.000000,-0.257375,767217925266335522519883445024076189285011550871142232477027495248711373983247735610388702049736613087710340681310587522844892777576906362265240880995955409648802515137759691563363653616862712159688752916061815970988032.000000,2183939385730308635208420668460933914736575353792636055752251780277989982624268939247965316352032902605804190037285301907091865443511872780909337358499977323070554945362491120558481062474374010441479208921758922607624477388728235833881085870080.000000,0.000000,0.000000,0.000000
3.178975,767217925266335522519883445024076189285011550871142232477027495248711373983247735610388702049736613087710340681310587522844892777576906362265240880995955409648802515137759691563363653616862712159688752916061815970988032.000000,2183939385730308635208420668460933914736575353792636055752251780277989982624268939247965316352032902605804190037285301907091865443511872780909337358499977323070554945362491120558481062474374010441479208921758922607624477388728235833881085870080.000000,-0.257375,767217925266335522519883445024076189285011550871142232477027495248711373983247735610388702049736613087710340681310587522844892777576906362265240880995955409648802515137759691563363653616862712159688752916061815970988032.000000,2183939385730308635208420668460933914736575353792636055752251780277989982624268939247965316352032902605804190037285301907091865443511872780909337358499977323070554945362491120558481062474374010441479208921758922607624477388728235833881085870080.000000,0.000000,0.000000,0.000000
3.212102,767217925266335522519883445024076189285011550871142232477027495248711373983247735610388702049736613087710340681310587522844892777576906362265240880995955409648802515137759691563363653616862712159688752916061815970988032.000000,2183939385730308635208420668460933914736575353792636055752251780277989982624268939247965316352032902605804190037285301907091865443511872780909337358499977323070554945362491120558481062474374010441479208921758922607624477388728235833881085870080.000000,-0.257375,767217925266335522519883445024076189285011550871142232477027495248711373983247735610388702049736613087710340681310587522844892777576906362265240880995955409648802515137759691563363653616862712159688752916061815970988032.000000,2183939385730308635208420668460933914736575353792636055752251780277989982624268939247965316352032902605804190037285301907091865443511872780909337358499977323070554945362491120558481062474374010441479208921758922607624477388728235833881085870080.000000,0.000000,0.000000,0.000000
3.244948,767217925266335522519883445024076189285011550871142232477027495248711373983247735610388702049736613087710340681310587522844892777576906362265240880995955409648802515137759691563363653616862712159688752916061815970988032.000000,2183939385730308635208420668460933914736575353792636055752251780277989982624268939247965316352032902605804190037285301907091865443511872780909337358499977323070554945362491120558481062474374010441479208921758922607624477388728235833881085870080.000000,-0.257375,767217925266335522519883445024076189285011550871142232477027495248711373983247735610388702049736613087710340681310587522844892777576906362265240880995955409648802515137759691563363653616862712159688752916061815970988032.000000,2183939385730308635208420668460933914736575353792636055752251780277989982624268939247965316352032902605804190037285301907091865443511872780909337358499977323070554945362491120558481062474374010441479208921758922607624477388728235833881085870080.000000,0.000000,0.000000,0.000000
3.278187,767217925266335522519883445024076189285011550871142232477027495248711373983247735610388702049736613087710340681310587522844892777576906362265240880995955409648802515137759691563363653616862712159688752916061815970988032.000000,2183939385730308635208420668460933914736575353792636055752251780277989982624268939247965316352032902605804190037285301907091865443511872780909337358499977323070554945362491120558481062474374010441479208921758922607624477388728235833881085870080.000000,-0.257375,767217925266335522519883445024076189285011550871142232477027495248711373983247735610388702049736613087710340681310587522844892777576906362265240880995955409648802515137759691563363653616862712159688752916061815970988032.000000,2183939385730308635208420668460933914736575353792636055752251780277989982624268939247965316352032902605804190037285301907091865443511872780909337358499977323070554945362491120558481062474374010441479208921758922607624477388728235833881085870080.000000,0.000000,0.000000,0.000000
3.311511,767217925266335522519883445024076189285011550871142232477027495248711373983247735610388702049736613087710340681310587522844892777576906362265240880995955409648802515137759691563363653616862712159688752916061815970988032.000000,2183939385730308635208420668460933914736575353792636055752251780277989982624268939247965316352032902605804190037285301907091865443511872780909337358499977323070554945362491120558481062474374010441479208921758922607624477388728235833881085870080.000000,-0.257375,767217925266335522519883445024076189285011550871142232477027495248711373983247735610388702049736613087710340681310587522844892777576906362265240880995955409648802515137759691563363653616862712159688752916061815970988032.000000,2183939385730308635208420668460933914736575353792636055752251780277989982624268939247965316352032902605804190037285301907091865443511872780909337358499977323070554945362491120558481062474374010441479208921758922607624477388728235833881085870080.000000,0.000000,0.000000,0.000000
3.344766,767217925266335522519883445024076189285011550871142232477027495248711373983247735610388702049736613087710340681310587522844892777576906362265240880995955409648802515137759691563363653616862712159688752916061815970988032.000000,2183939385730308635208420668460933914736575353792636055752251780277989982624268939247965316352032902605804190037285301907091865443511872780909337358499977323070554945362491120558481062474374010441479208921758922607624477388728235833881085870080.000000,-0.257375,767217925266335522519883445024076189285011550871142232477027495248711373983247735610388702049736613087710340681310587522844892777576906362265240880995955409648802515137759691563363653616862712159688752916061815970988032.000000,2183939385730308635208420668460933914736575353792636055752251780277989982624268939247965316352032902605804190037285301907091865443511872780909337358499977323070554945362491120558481062474374010441479208921758922607624477388728235833881085870080.000000,0.000000,0.000000,0.000000
3.378141,767217925266335522519883445024076189285011550871142232477027495248711373983247735610388702049736613087710340681310587522844892777576906362265240880995955409648802515137759691563363653616862712159688752916061815970988032.000000,2183939385730308635208420668460933914736575353792636055752251780277989982624268939247965316352032902605804190037285301907091865443511872780909337358499977323070554945362491120558481062474374010441479208921758922607624477388728235833881085870080.000000,-0.257375,767217925266335522519883445024076189285011550871142232477027495248711373983247735610388702049736613087710340681310587522844892777576906362265240880995955409648802515137759691563363653616862712159688752916061815970988032.000000,2183939385730308635208420668460933914736575353792636055752251780277989982624268939247965316352032902605804190037285301907091865443511872780909337358499977323070554945362491120558481062474374010441479208921758922607624477388728235833881085870080.000000,0.000000,0.000000,0.000000
3.411622,767217925266335522519883445024076189285011550871142232477027495248711373983247735610388702049736613087710340681310587522844892777576906362265240880995955409648802515137759691563363653616862712159688752916061815970988032.000000,2183939385730308635208420668460933914736575353792636055752251780277989982624268939247965316352032902605804190037285301907091865443511872780909337358499977323070554945362491120558481062474374010441479208921758922607624477388728235833881085870080.000000,-0.257375,767217925266335522519883445024076189285011550871142232477027495248711373983247735610388702049736613087710340681310587522844892777576906362265240880995955409648802515137759691563363653616862712159688752916061815970988032.000000,2183939385730308635208420668460933914736575353792636055752251780277989982624268939247965316352032902605804190037285301907091865443511872780909337358499977323070554945362491120558481062474374010441479208921758922607624477388728235833881085870080.000000,0.000000,0.000000,0.000000
3.444878,767217925266335522519883445024076189285011550871142232477027495248711373983247735610388702049736613087710340681310587522844892777576906362265240880995955409648802515137759691563363653616862712159688752916061815970988032.000000,2183939385730308635208420668460933914736575353792636055752251780277989982624268939247965316352032902605804190037285301907091865443511872780909337358499977323070554945362491120558481062474374010441479208921758922607624477388728235833881085870080.000000,-0.257375,767217925266335522519883445024076189285011550871142232477027495248711373983247735610388702049736613087710340681310587522844892777576906362265240880995955409648802515137759691563363653616862712159688752916061815970988032.000000,2183939385730308635208420668460933914736575353792636055752251780277989982624268939247965316352032902605804190037285301907091865443511872780909337358499977323070554945362491120558481062474374010441479208921758922607624477388728235833881085870080.000000,0.000000,0.000000,0.000000
3.483014,767217925266335522519883445024076189285011550871142232477027495248711373983247735610388702049736613087710340681310587522844892777576906362265240880995955409648802515137759691563363653616862712159688752916061815970988032.000000,2183939385730308635208420668460933914736575353792636055752251780277989982624268939247965316352032902605804190037285301907091865443511872780909337358499977323070554945362491120558481062474374010441479208921758922607624477388728235833881085870080.000000,-0.257375,767217925266335522519883445024076189285011550871142232477027495248711373983247735610388702049736613087710340681310587522844892777576906362265240880995955409648802515137759691563363653616862712159688752916061815970988032.000000,2183939385730308635208420668460933914736575353792636055752251780277989982624268939247965316352032902605804190037285301907091865443511872780909337358499977323070554945362491120558481062474374010441479208921758922607624477388728235833881085870080.000000,0.000000,0.000000,0.000000
3.515878,767217925266335522519883445024076189285011550871142232477027495248711373983247735610388702049736613087710340681310587522844892777576906362265240880995955409648802515137759691563363653616862712159688752916061815970988032.000000,2183939385730308635208420668460933914736575353792636055752251780277989982624268939247965316352032902605804190037285301907091865443511872780909337358499977323070554945362491120558481062474374010441479208921758922607624477388728235833881085870080.000000,-0.257375,767217925266335522519883445024076189285011550871142232477027495248711373983247735610388702049736613087710340681310587522844892777576906362265240880995955409648802515137759691563363653616862712159688752916061815970988032.000000,2183939385730308635208420668460933914736575353792636055752251780277989982624268939247965316352032902605804190037285301907091865443511872780909337358499977323070554945362491120558481062474374010441479208921758922607624477388728235833881085870080.000000,0.000000,0.000000,0.000000
3.545873,767217925266335522519883445024076189285011550871142232477027495248711373983247735610388702049736613087710340681310587522844892777576906362265240880995955409648802515137759691563363653616862712159688752916061815970988032.000000,2183939385730308635208420668460933914736575353792636055752251780277989982624268939247965316352032902605804190037285301907091865443511872780909337358499977323070554945362491120558481062474374010441479208921758922607624477388728235833881085870080.000000,-0.257375,767217925266335522519883445024076189285011550871142232477027495248711373983247735610388702049736613087710340681310587522844892777576906362265240880995955409648802515137759691563363653616862712159688752916061815970988032.000000,2183939385730308635208420668460933914736575353792636055752251780277989982624268939247965316352032902605804190037285301907091865443511872780909337358499977323070554945362491120558481062474374010441479208921758922607624477388728235833881085870080.000000,0.000000,0.000000,0.000000
3.578906,767217925266335522519883445024076189285011550871142232477027495248711373983247735610388702049736613087710340681310587522844892777576906362265240880995955409648802515137759691563363653616862712159688752916061815970988032.000000,2183939385730308635208420668460933914736575353792636055752251780277989982624268939247965316352032902605804190037285301907091865443511872780909337358499977323070554945362491120558481062474374010441479208921758922607624477388728235833881085870080.000000,-0.257375,767217925266335522519883445024076189285011550871142232477027495248711373983247735610388702049736613087710340681310587522844892777576906362265240880995955409648802515137759691563363653616862712159688752916061815970988032.000000,2183939385730308635208420668460933914736575353792636055752251780277989982624268939247965316352032902605804190037285301907091865443511872780909337358499977323070554945362491120558481062474374010441479208921758922607624477388728235833881085870080.000000,0.000000,0.000000,0.000000
3.611808,767217925266335522519883445024076189285011550871142232477027495248711373983247735610388702049736613087710340681310587522844892777576906362265240880995955409648802515137759691563363653616862712159688752916061815970988032.000000,2183939385730308635208420668460933914736575353792636055752251780277989982624268939247965316352032902605804190037285301907091865443511872780909337358499977323070554945362491120558481062474374010441479208921758922607624477388728235833881085870080.000000,-0.257375,767217925266335522519883445024076189285011550871142232477027495248711373983247735610388702049736613087710340681310587522844892777576906362265240880995955409648802515137759691563363653616862712159688752916061815970988032.000000,2183939385730308635208420668460933914736575353792636055752251780277989982624268939247965316352032902605804190037285301907091865443511872780909337358499977323070554945362491120558481062474374010441479208921758922607624477388728235833881085870080.000000,0.000000,0.000000,0.000000
3.644917,767217925266335522519883445024076189285011550871142232477027495248711373983247735610388702049736613087710340681310587522844892777576906362265240880995955409648802515137759691563363653616862712159688752916061815970988032.000000,2183939385730308635208420668460933914736575353792636055752251780277989982624268939247965316352032902605804190037285301907091865443511872780909337358499977323070554945362491120558481062474374010441479208921758922607624477388728235833881085870080.000000,-0.257375,767217925266335522519883445024076189285011550871142232477027495248711373983247735610388702049736613087710340681310587522844892777576906362265240880995955409648802515137759691563363653616862712159688752916061815970988032.000000,2183939385730308635208420668460933914736575353792636055752251780277989982624268939247965316352032902605804190037285301907091865443511872780909337358499977323070554945362491120558481062474374010441479208921758922607624477388728235833881085870080.000000,0.000000,0.000000,0.000000
3.678166,767217925266335522519883445024076189285011550871142232477027495248711373983247735610388702049736613087710340681310587522844892777576906362265240880995955409648802515137759691563363653616862712159688752916061815970988032.000000,2183939385730308635208420668460933914736575353792636055752251780277989982624268939247965316352032902605804190037285301907091865443511872780909337358499977323070554945362491120558481062474374010441479208921758922607624477388728235833881085870080.000000,-0.257375,767217925266335522519883445024076189285011550871142232477027495248711373983247735610388702049736613087710340681310587522844892777576906362265240880995955409648802515137759691563363653616862712159688752916061815970988032.000000,2183939385730308635208420668460933914736575353792636055752251780277989982624268939247965316352032902605804190037285301907091865443511872780909337358499977323070554945362491120558481062474374010441479208921758922607624477388728235833881085870080.000000,0.000000,0.000000,0.000000
3.711477,767217925266335522519883445024076189285011550871142232477027495248711373983247735610388702049736613087710340681310587522844892777576906362265240880995955409648802515137759691563363653616862712159688752916061815970988032.000000,2183939385730308635208420668460933914736575353792636055752251780277989982624268939247965316352032902605804190037285301907091865443511872780909337358499977323070554945362491120558481062474374010441479208921758922607624477388728235833881085870080.000000,-0.257375,767217925266335522519883445024076189285011550871142232477027495248711373983247735610388702049736613087710340681310587522844892777576906362265240880995955409648802515137759691563363653616862712159688752916061815970988032.000000,2183939385730308635208420668460933914736575353792636055752251780277989982624268939247965316352032902605804190037285301907091865443511872780909337358499977323070554945362491120558481062474374010441479208921758922607624477388728235833881085870080.000000,0.000000,0.000000,0.000000
3.744753,767217925266335522519883445024076189285011550871142232477027495248711373983247735610388702049736613087710340681310587522844892777576906362265240880995955409648802515137759691563363653616862712159688752916061815970988032.000000,2183939385730308635208420668460933914736575353792636055752251780277989982624268939247965316352032902605804190037285301907091865443511872780909337358499977323070554945362491120558481062474374010441479208921758922607624477388728235833881085870080.000000,-0.257375,767217925266335522519883445024076189285011550871142232477027495248711373983247735610388702049736613087710340681310587522844892777576906362265240880995955409648802515137759691563363653616862712159688752916061815970988032.000000,2183939385730308635208420668460933914736575353792636055752251780277989982624268939247965316352032902605804190037285301907091865443511872780909337358499977323070554945362491120558481062474374010441479208921758922607624477388728235833881085870080.000000,0.000000,0.000000,0.000000
3.778226,767217925266335522519883445024076189285011550871142232477027495248711373983247735610388702049736613087710340681310587522844892777576906362265240880995955409648802515137759691563363653616862712159688752916061815970988032.000000,2183939385730308635208420668460933914736575353792636055752251780277989982624268939247965316352032902605804190037285301907091865443511872780909337358499977323070554945362491120558481062474374010441479208921758922607624477388728235833881085870080.000000,-0.257375,767217925266335522519883445024076189285011550871142232477027495248711373983247735610388702049736613087710340681310587522844892777576906362265240880995955409648802515137759691563363653616862712159688752916061815970988032.000000,2183939385730308635208420668460933914736575353792636055752251780277989982624268939247965316352032902605804190037285301907091865443511872780909337358499977323070554945362491120558481062474374010441479208921758922607624477388728235833881085870080.000000,0.000000,0.000000,0.000000
3.811385,767217925266335522519883445024076189285011550871142232477027495248711373983247735610388702049736613087710340681310587522844892777576906362265240880995955409648802515137759691563363653616862712159688752916061815970988032.000000,2183939385730308635208420668460933914736575353792636055752251780277989982624268939247965316352032902605804190037285301907091865443511872780909337358499977323070554945362491120558481062474374010441479208921758922607624477388728235833881085870080.000000,-0.257375,767217925266335522519883445024076189285011550871142232477027495248711373983247735610388702049736613087710340681310587522844892777576906362265240880995955409648802515137759691563363653616862712159688752916061815970988032.000000,2183939385730308635208420668460933914736575353792636055752251780277989982624268939247965316352032902605804190037285301907091865443511872780909337358499977323070554945362491120558481062474374010441479208921758922607624477388728235833881085870080.000000,0.000000,0.000000,0.000000
3.845365,767217925266335522519883445024076189285011550871142232477027495248711373983247735610388702049736613087710340681310587522844892777576906362265240880995955409648802515137759691563363653616862712159688752916061815970988032.000000,2183939385730308635208420668460933914736575353792636055752251780277989982624268939247965316352032902605804190037285301907091865443511872780909337358499977323070554945362491120558481062474374010441479208921758922607624477388728235833881085870080.000000,-0.257375,767217925266335522519883445024076189285011550871142232477027495248711373983247735610388702049736613087710340681310587522844892777576906362265240880995955409648802515137759691563363653616862712159688752916061815970988032.000000,2183939385730308635208420668460933914736575353792636055752251780277989982624268939247965316352032902605804190037285301907091865443511872780909337358499977323070554945362491120558481062474374010441479208921758922607624477388728235833881085870080.000000,0.000000,0.000000,0.000000
3.882564,767217925266335522519883445024076189285011550871142232477027495248711373983247735610388702049736613087710340681310587522844892777576906362265240880995955409648802515137759691563363653616862712159688752916061815970988032.000000,2183939385730308635208420668460933914736575353792636055752251780277989982624268939247965316352032902605804190037285301907091865443511872780909337358499977323070554945362491120558481062474374010441479208921758922607624477388728235833881085870080.000000,-0.257375,767217925266335522519883445024076189285011550871142232477027495248711373983247735610388702049736613087710340681310587522844892777576906362265240880995955409648802515137759691563363653616862712159688752916061815970988032.000000,2183939385730308635208420668460933914736575353792636055752251780277989982624268939247965316352032902605804190037285301907091865443511872780909337358499977323070554945362491120558481062474374010441479208921758922607624477388728235833881085870080.000000,0.000000,0.000000,0.000000
3.911537,767217925266335522519883445024076189285011550871142232477027495248711373983247735610388702049736613087710340681310587522844892777576906362265240880995955409648802515137759691563363653616862712159688752916061815970988032.000000,2183939385730308635208420668460933914736575353792636055752251780277989982624268939247965316352032902605804190037285301907091865443511872780909337358499977323070554945362491120558481062474374010441479208921758922607624477388728235833881085870080.000000,-0.257375,767217925266335522519883445024076189285011550871142232477027495248711373983247735610388702049736613087710340681310587522844892777576906362265240880995955409648802515137759691563363653616862712159688752916061815970988032.000000,2183939385730308635208420668460933914736575353792636055752251780277989982624268939247965316352032902605804190037285301907091865443511872780909337358499977323070554945362491120558481062474374010441479208921758922607624477388728235833881085870080.000000,0.000000,0.000000,0.000000
3.944659,767217925266335522519883445024076189285011550871142232477027495248711373983247735610388702049736613087710340681310587522844892777576906362265240880995955409648802515137759691563363653616862712159688752916061815970988032.000000,2183939385730308635208420668460933914736575353792636055752251780277989982624268939247965316352032902605804190037285301907091865443511872780909337358499977323070554945362491120558481062474374010441479208921758922607624477388728235833881085870080.000000,-0.257375,767217925266335522519883445024076189285011550871142232477027495248711373983247735610388702049736613087710340681310587522844892777576906362265240880995955409648802515137759691563363653616862712159688752916061815970988032.000000,2183939385730308635208420668460933914736575353792636055752251780277989982624268939247965316352032902605804190037285301907091865443511872780909337358499977323070554945362491120558481062474374010441479208921758922607624477388728235833881085870080.000000,0.000000,0.000000,0.000000
3.977980,767217925266335522519883445024076189285011550871142232477027495248711373983247735610388702049736613087710340681310587522844892777576906362265240880995955409648802515137759691563363653616862712159688752916061815970988032.000000,2183939385730308635208420668460933914736575353792636055752251780277989982624268939247965316352032902605804190037285301907091865443511872780909337358499977323070554945362491120558481062474374010441479208921758922607624477388728235833881085870080.000000,-0.257375,767217925266335522519883445024076189285011550871142232477027495248711373983247735610388702049736613087710340681310587522844892777576906362265240880995955409648802515137759691563363653616862712159688752916061815970988032.000000,2183939385730308635208420668460933914736575353792636055752251780277989982624268939247965316352032902605804190037285301907091865443511872780909337358499977323070554945362491120558481062474374010441479208921758922607624477388728235833881085870080.000000,0.000000,0.000000,0.000000
4.012182,767217925266335522519883445024076189285011550871142232477027495248711373983247735610388702049736613087710340681310587522844892777576906362265240880995955409648802515137759691563363653616862712159688752916061815970988032.000000,2183939385730308635208420668460933914736575353792636055752251780277989982624268939247965316352032902605804190037285301907091865443511872780909337358499977323070554945362491120558481062474374010441479208921758922607624477388728235833881085870080.000000,-0.257375,767217925266335522519883445024076189285011550871142232477027495248711373983247735610388702049736613087710340681310587522844892777576906362265240880995955409648802515137759691563363653616862712159688752916061815970988032.000000,2183939385730308635208420668460933914736575353792636055752251780277989982624268939247965316352032902605804190037285301907091865443511872780909337358499977323070554945362491120558481062474374010441479208921758922607624477388728235833881085870080.000000,0.000000,0.000000,0.000000
4.045375,767217925266335522519883445024076189285011550871142232477027495248711373983247735610388702049736613087710340681310587522844892777576906362265240880995955409648802515137759691563363653616862712159688752916061815970988032.000000,2183939385730308635208420668460933914736575353792636055752251780277989982624268939247965316352032902605804190037285301907091865443511872780909337358499977323070554945362491120558481062474374010441479208921758922607624477388728235833881085870080.000000,-0.257375,767217925266335522519883445024076189285011550871142232477027495248711373983247735610388702049736613087710340681310587522844892777576906362265240880995955409648802515137759691563363653616862712159688752916061815970988032.000000,2183939385730308635208420668460933914736575353792636055752251780277989982624268939247965316352032902605804190037285301907091865443511872780909337358499977323070554945362491120558481062474374010441479208921758922607624477388728235833881085870080.000000,0.000000,0.000000,0.000000
4.078513,767217925266335522519883445024076189285011550871142232477027495248711373983247735610388702049736613087710340681310587522844892777576906362265240880995955409648802515137759691563363653616862712159688752916061815970988032.000000,2183939385730308635208420668460933914736575353792636055752251780277989982624268939247965316352032902605804190037285301907091865443511872780909337358499977323070554945362491120558481062474374010441479208921758922607624477388728235833881085870080.000000,-0.257375,767217925266335522519883445024076189285011550871142232477027495248711373983247735610388702049736613087710340681310587522844892777576906362265240880995955409648802515137759691563363653616862712159688752916061815970988032.000000,2183939385730308635208420668460933914736575353792636055752251780277989982624268939247965316352032902605804190037285301907091865443511872780909337358499977323070554945362491120558481062474374010441479208921758922607624477388728235833881085870080.000000,0.000000,0.000000,0.000000
4.111625,767217925266335522519883445024076189285011550871142232477027495248711373983247735610388702049736613087710340681310587522844892777576906362265240880995955409648802515137759691563363653616862712159688752916061815970988032.000000,2183939385730308635208420668460933914736575353792636055752251780277989982624268939247965316352032902605804190037285301907091865443511872780909337358499977323070554945362491120558481062474374010441479208921758922607624477388728235833881085870080.000000,-0.257375,767217925266335522519883445024076189285011550871142232477027495248711373983247735610388702049736613087710340681310587522844892777576906362265240880995955409648802515137759691563363653616862712159688752916061815970988032.000000,2183939385730308635208420668460933914736575353792636055752251780277989982624268939247965316352032902605804190037285301907091865443511872780909337358499977323070554945362491120558481062474374010441479208921758922607624477388728235833881085870080.000000,0.000000,0.000000,0.000000
4.144796,767217925266335522519883445024076189285011550871142232477027495248711373983247735610388702049736613087710340681310587522844892777576906362265240880995955409648802515137759691563363653616862712159688752916061815970988032.000000,2183939385730308635208420668460933914736575353792636055752251780277989982624268939247965316352032902605804190037285301907091865443511872780909337358499977323070554945362491120558481062474374010441479208921758922607624477388728235833881085870080.000000,-0.257375,767217925266335522519883445024076189285011550871142232477027495248711373983247735610388702049736613087710340681310587522844892777576906362265240880995955409648802515137759691563363653616862712159688752916061815970988032.000000,2183939385730308635208420668460933914736575353792636055752251780277989982624268939247965316352032902605804190037285301907091865443511872780909337358499977323070554945362491120558481062474374010441479208921758922607624477388728235833881085870080.000000,0.000000,0.000000,0.000000
4.178220,767217925266335522519883445024076189285011550871142232477027495248711373983247735610388702049736613087710340681310587522844892777576906362265240880995955409648802515137759691563363653616862712159688752916061815970988032.000000,2183939385730308635208420668460933914736575353792636055752251780277989982624268939247965316352032902605804190037285301907091865443511872780909337358499977323070554945362491120558481062474374010441479208921758922607624477388728235833881085870080.000000,-0.257375,767217925266335522519883445024076189285011550871142232477027495248711373983247735610388702049736613087710340681310587522844892777576906362265240880995955409648802515137759691563363653616862712159688752916061815970988032.000000,2183939385730308635208420668460933914736575353792636055752251780277989982624268939247965316352032902605804190037285301907091865443511872780909337358499977323070554945362491120558481062474374010441479208921758922607624477388728235833881085870080.000000,0.000000,0.000000,0.000000
4.211412,767217925266335522519883445024076189285011550871142232477027495248711373983247735610388702049736613087710340681310587522844892777576906362265240880995955409648802515137759691563363653616862712159688752916061815970988032.000000,2183939385730308635208420668460933914736575353792636055752251780277989982624268939247965316352032902605804190037285301907091865443511872780909337358499977323070554945362491120558481062474374010441479208921758922607624477388728235833881085870080.000000,-0.257375,767217925266335522519883445024076189285011550871142232477027495248711373983247735610388702049736613087710340681310587522844892777576906362265240880995955409648802515137759691563363653616862712159688752916061815970988032.000000,2183939385730308635208420668460933914736575353792636055752251780277989982624268939247965316352032902605804190037285301907091865443511872780909337358499977323070554945362491120558481062474374010441479208921758922607624477388728235833881085870080.000000,0.000000,0.000000,0.000000
4.244730,767217925266335522519883445024076189285011550871142232477027495248711373983247735610388702049736613087710340681310587522844892777576906362265240880995955409648802515137759691563363653616862712159688752916061815970988032.000000,2183939385730308635208420668460933914736575353792636055752251780277989982624268939247965316352032902605804190037285301907091865443511872780909337358499977323070554945362491120558481062474374010441479208921758922607624477388728235833881085870080.000000,-0.257375,767217925266335522519883445024076189285011550871142232477027495248711373983247735610388702049736613087710340681310587522844892777576906362265240880995955409648802515137759691563363653616862712159688752916061815970988032.000000,2183939385730308635208420668460933914736575353792636055752251780277989982624268939247965316352032902605804190037285301907091865443511872780909337358499977323070554945362491120558481062474374010441479208921758922607624477388728235833881085870080.000000,0.000000,0.000000,0.000000
4.278066,767217925266335522519883445024076189285011550871142232477027495248711373983247735610388702049736613087710340681310587522844892777576906362265240880995955409648802515137759691563363653616862712159688752916061815970988032.000000,2183939385730308635208420668460933914736575353792636055752251780277989982624268939247965316352032902605804190037285301907091865443511872780909337358499977323070554945362491120558481062474374010441479208921758922607624477388728235833881085870080.000000,-0.257375,767217925266335522519883445024076189285011550871142232477027495248711373983247735610388702049736613087710340681310587522844892777576906362265240880995955409648802515137759691563363653616862712159688752916061815970988032.000000,2183939385730308635208420668460933914736575353792636055752251780277989982624268939247965316352032902605804190037285301907091865443511872780909337358499977323070554945362491120558481062474374010441479208921758922607624477388728235833881085870080.000000,0.000000,0.000000,0.000000
4.315901,767217925266335522519883445024076189285011550871142232477027495248711373983247735610388702049736613087710340681310587522844892777576906362265240880995955409648802515137759691563363653616862712159688752916061815970988032.000000,2183939385730308635208420668460933914736575353792636055752251780277989982624268939247965316352032902605804190037285301907091865443511872780909337358499977323070554945362491120558481062474374010441479208921758922607624477388728235833881085870080.000000,-0.257375,767217925266335522519883445024076189285011550871142232477027495248711373983247735610388702049736613087710340681310587522844892777576906362265240880995955409648802515137759691563363653616862712159688752916061815970988032.000000,2183939385730308635208420668460933914736575353792636055752251780277989982624268939247965316352032902605804190037285301907091865443511872780909337358499977323070554945362491120558481062474374010441479208921758922607624477388728235833881085870080.000000,0.000000,0.000000,0.000000
4.344813,767217925266335522519883445024076189285011550871142232477027495248711373983247735610388702049736613087710340681310587522844892777576906362265240880995955409648802515137759691563363653616862712159688752916061815970988032.000000,2183939385730308635208420668460933914736575353792636055752251780277989982624268939247965316352032902605804190037285301907091865443511872780909337358499977323070554945362491120558481062474374010441479208921758922607624477388728235833881085870080.000000,-0.257375,767217925266335522519883445024076189285011550871142232477027495248711373983247735610388702049736613087710340681310587522844892777576906362265240880995955409648802515137759691563363653616862712159688752916061815970988032.000000,2183939385730308635208420668460933914736575353792636055752251780277989982624268939247965316352032902605804190037285301907091865443511872780909337358499977323070554945362491120558481062474374010441479208921758922607624477388728235833881085870080.000000,0.000000,0.000000,0.000000
4.380283,767217925266335522519883445024076189285011550871142232477027495248711373983247735610388702049736613087710340681310587522844892777576906362265240880995955409648802515137759691563363653616862712159688752916061815970988032.000000,2183939385730308635208420668460933914736575353792636055752251780277989982624268939247965316352032902605804190037285301907091865443511872780909337358499977323070554945362491120558481062474374010441479208921758922607624477388728235833881085870080.000000,-0.257375,767217925266335522519883445024076189285011550871142232477027495248711373983247735610388702049736613087710340681310587522844892777576906362265240880995955409648802515137759691563363653616862712159688752916061815970988032.000000,2183939385730308635208420668460933914736575353792636055752251780277989982624268939247965316352032902605804190037285301907091865443511872780909337358499977323070554945362491120558481062474374010441479208921758922607624477388728235833881085870080.000000,0.000000,0.000000,0.000000
4.412225,767217925266335522519883445024076189285011550871142232477027495248711373983247735610388702049736613087710340681310587522844892777576906362265240880995955409648802515137759691563363653616862712159688752916061815970988032.000000,2183939385730308635208420668460933914736575353792636055752251780277989982624268939247965316352032902605804190037285301907091865443511872780909337358499977323070554945362491120558481062474374010441479208921758922607624477388728235833881085870080.000000,-0.257375,767217925266335522519883445024076189285011550871142232477027495248711373983247735610388702049736613087710340681310587522844892777576906362265240880995955409648802515137759691563363653616862712159688752916061815970988032.000000,2183939385730308635208420668460933914736575353792636055752251780277989982624268939247965316352032902605804190037285301907091865443511872780909337358499977323070554945362491120558481062474374010441479208921758922607624477388728235833881085870080.000000,0.000000,0.000000,0.000000
4.445070,767217925266335522519883445024076189285011550871142232477027495248711373983247735610388702049736613087710340681310587522844892777576906362265240880995955409648802515137759691563363653616862712159688752916061815970988032.000000,2183939385730308635208420668460933914736575353792636055752251780277989982624268939247965316352032902605804190037285301907091865443511872780909337358499977323070554945362491120558481062474374010441479208921758922607624477388728235833881085870080.000000,-0.257375,767217925266335522519883445024076189285011550871142232477027495248711373983247735610388702049736613087710340681310587522844892777576906362265240880995955409648802515137759691563363653616862712159688752916061815970988032.000000,2183939385730308635208420668460933914736575353792636055752251780277989982624268939247965316352032902605804190037285301907091865443511872780909337358499977323070554945362491120558481062474374010441479208921758922607624477388728235833881085870080.000000,0.000000,0.000000,0.000000
4.478458,767217925266335522519883445024076189285011550871142232477027495248711373983247735610388702049736613087710340681310587522844892777576906362265240880995955409648802515137759691563363653616862712159688752916061815970988032.000000,2183939385730308635208420668460933914736575353792636055752251780277989982624268939247965316352032902605804190037285301907091865443511872780909337358499977323070554945362491120558481062474374010441479208921758922607624477388728235833881085870080.000000,-0.257375,767217925266335522519883445024076189285011550871142232477027495248711373983247735610388702049736613087710340681310587522844892777576906362265240880995955409648802515137759691563363653616862712159688752916061815970988032.000000,2183939385730308635208420668460933914736575353792636055752251780277989982624268939247965316352032902605804190037285301907091865443511872780909337358499977323070554945362491120558481062474374010441479208921758922607624477388728235833881085870080.000000,0.000000,0.000000,0.000000
4.511909,767217925266335522519883445024076189285011550871142232477027495248711373983247735610388702049736613087710340681310587522844892777576906362265240880995955409648802515137759691563363653616862712159688752916061815970988032.000000,2183939385730308635208420668460933914736575353792636055752251780277989982624268939247965316352032902605804190037285301907091865443511872780909337358499977323070554945362491120558481062474374010441479208921758922607624477388728235833881085870080.000000,-0.257375,767217925266335522519883445024076189285011550871142232477027495248711373983247735610388702049736613087710340681310587522844892777576906362265240880995955409648802515137759691563363653616862712159688752916061815970988032.000000,2183939385730308635208420668460933914736575353792636055752251780277989982624268939247965316352032902605804190037285301907091865443511872780909337358499977323070554945362491120558481062474374010441479208921758922607624477388728235833881085870080.000000,0.000000,0.000000,0.000000
4.545025,767217925266335522519883445024076189285011550871142232477027495248711373983247735610388702049736613087710340681310587522844892777576906362265240880995955409648802515137759691563363653616862712159688752916061815970988032.000000,2183939385730308635208420668460933914736575353792636055752251780277989982624268939247965316352032902605804190037285301907091865443511872780909337358499977323070554945362491120558481062474374010441479208921758922607624477388728235833881085870080.000000,-0.257375,767217925266335522519883445024076189285011550871142232477027495248711373983247735610388702049736613087710340681310587522844892777576906362265240880995955409648802515137759691563363653616862712159688752916061815970988032.000000,2183939385730308635208420668460933914736575353792636055752251780277989982624268939247965316352032902605804190037285301907091865443511872780909337358499977323070554945362491120558481062474374010441479208921758922607624477388728235833881085870080.000000,0.000000,0.000000,0.000000
4.577999,767217925266335522519883445024076189285011550871142232477027495248711373983247735610388702049736613087710340681310587522844892777576906362265240880995955409648802515137759691563363653616862712159688752916061815970988032.000000,2183939385730308635208420668460933914736575353792636055752251780277989982624268939247965316352032902605804190037285301907091865443511872780909337358499977323070554945362491120558481062474374010441479208921758922607624477388728235833881085870080.000000,-0.257375,767217925266335522519883445024076189285011550871142232477027495248711373983247735610388702049736613087710340681310587522844892777576906362265240880995955409648802515137759691563363653616862712159688752916061815970988032.000000,2183939385730308635208420668460933914736575353792636055752251780277989982624268939247965316352032902605804190037285301907091865443511872780909337358499977323070554945362491120558481062474374010441479208921758922607624477388728235833881085870080.000000,0.000000,0.000000,0.000000
4.611562,767217925266335522519883445024076189285011550871142232477027495248711373983247735610388702049736613087710340681310587522844892777576906362265240880995955409648802515137759691563363653616862712159688752916061815970988032.000000,2183939385730308635208420668460933914736575353792636055752251780277989982624268939247965316352032902605804190037285301907091865443511872780909337358499977323070554945362491120558481062474374010441479208921758922607624477388728235833881085870080.000000,-0.257375,767217925266335522519883445024076189285011550871142232477027495248711373983247735610388702049736613087710340681310587522844892777576906362265240880995955409648802515137759691563363653616862712159688752916061815970988032.000000,2183939385730308635208420668460933914736575353792636055752251780277989982624268939247965316352032902605804190037285301907091865443511872780909337358499977323070554945362491120558481062474374010441479208921758922607624477388728235833881085870080.000000,0.000000,0.000000,0.000000
4.644859,767217925266335522519883445024076189285011550871142232477027495248711373983247735610388702049736613087710340681310587522844892777576906362265240880995955409648802515137759691563363653616862712159688752916061815970988032.000000,2183939385730308635208420668460933914736575353792636055752251780277989982624268939247965316352032902605804190037285301907091865443511872780909337358499977323070554945362491120558481062474374010441479208921758922607624477388728235833881085870080.000000,-0.257375,767217925266335522519883445024076189285011550871142232477027495248711373983247735610388702049736613087710340681310587522844892777576906362265240880995955409648802515137759691563363653616862712159688752916061815970988032.000000,2183939385730308635208420668460933914736575353792636055752251780277989982624268939247965316352032902605804190037285301907091865443511872780909337358499977323070554945362491120558481062474374010441479208921758922607624477388728235833881085870080.000000,0.000000,0.000000,0.000000
4.678040,767217925266335522519883445024076189285011550871142232477027495248711373983247735610388702049736613087710340681310587522844892777576906362265240880995955409648802515137759691563363653616862712159688752916061815970988032.000000,2183939385730308635208420668460933914736575353792636055752251780277989982624268939247965316352032902605804190037285301907091865443511872780909337358499977323070554945362491120558481062474374010441479208921758922607624477388728235833881085870080.000000,-0.257375,767217925266335522519883445024076189285011550871142232477027495248711373983247735610388702049736613087710340681310587522844892777576906362265240880995955409648802515137759691563363653616862712159688752916061815970988032.000000,2183939385730308635208420668460933914736575353792636055752251780277989982624268939247965316352032902605804190037285301907091865443511872780909337358499977323070554945362491120558481062474374010441479208921758922607624477388728235833881085870080.000000,0.000000,0.000000,0.000000
4.714853,767217925266335522519883445024076189285011550871142232477027495248711373983247735610388702049736613087710340681310587522844892777576906362265240880995955409648802515137759691563363653616862712159688752916061815970988032.000000,2183939385730308635208420668460933914736575353792636055752251780277989982624268939247965316352032902605804190037285301907091865443511872780909337358499977323070554945362491120558481062474374010441479208921758922607624477388728235833881085870080.000000,-0.257375,767217925266335522519883445024076189285011550871142232477027495248711373983247735610388702049736613087710340681310587522844892777576906362265240880995955409648802515137759691563363653616862712159688752916061815970988032.000000,2183939385730308635208420668460933914736575353792636055752251780277989982624268939247965316352032902605804190037285301907091865443511872780909337358499977323070554945362491120558481062474374010441479208921758922607624477388728235833881085870080.000000,0.000000,0.000000,0.000000
4.746898,767217925266335522519883445024076189285011550871142232477027495248711373983247735610388702049736613087710340681310587522844892777576906362265240880995955409648802515137759691563363653616862712159688752916061815970988032.000000,2183939385730308635208420668460933914736575353792636055752251780277989982624268939247965316352032902605804190037285301907091865443511872780909337358499977323070554945362491120558481062474374010441479208921758922607624477388728235833881085870080.000000,-0.257375,767217925266335522519883445024076189285011550871142232477027495248711373983247735610388702049736613087710340681310587522844892777576906362265240880995955409648802515137759691563363653616862712159688752916061815970988032.000000,2183939385730308635208420668460933914736575353792636055752251780277989982624268939247965316352032902605804190037285301907091865443511872780909337358499977323070554945362491120558481062474374010441479208921758922607624477388728235833881085870080.000000,0.000000,0.000000,0.000000
4.778715,767217925266335522519883445024076189285011550871142232477027495248711373983247735610388702049736613087710340681310587522844892777576906362265240880995955409648802515137759691563363653616862712159688752916061815970988032.000000,2183939385730308635208420668460933914736575353792636055752251780277989982624268939247965316352032902605804190037285301907091865443511872780909337358499977323070554945362491120558481062474374010441479208921758922607624477388728235833881085870080.000000,-0.257375,767217925266335522519883445024076189285011550871142232477027495248711373983247735610388702049736613087710340681310587522844892777576906362265240880995955409648802515137759691563363653616862712159688752916061815970988032.000000,2183939385730308635208420668460933914736575353792636055752251780277989982624268939247965316352032902605804190037285301907091865443511872780909337358499977323070554945362491120558481062474374010441479208921758922607624477388728235833881085870080.000000,0.000000,0.000000,0.000000
4.812584,767217925266335522519883445024076189285011550871142232477027495248711373983247735610388702049736613087710340681310587522844892777576906362265240880995955409648802515137759691563363653616862712159688752916061815970988032.000000,2183939385730308635208420668460933914736575353792636055752251780277989982624268939247965316352032902605804190037285301907091865443511872780909337358499977323070554945362491120558481062474374010441479208921758922607624477388728235833881085870080.000000,-0.257375,767217925266335522519883445024076189285011550871142232477027495248711373983247735610388702049736613087710340681310587522844892777576906362265240880995955409648802515137759691563363653616862712159688752916061815970988032.000000,2183939385730308635208420668460933914736575353792636055752251780277989982624268939247965316352032902605804190037285301907091865443511872780909337358499977323070554945362491120558481062474374010441479208921758922607624477388728235833881085870080.000000,0.000000,0.000000,0.000000
4.844661,767217925266335522519883445024076189285011550871142232477027495248711373983247735610388702049736613087710340681310587522844892777576906362265240880995955409648802515137759691563363653616862712159688752916061815970988032.000000,2183939385730308635208420668460933914736575353792636055752251780277989982624268939247965316352032902605804190037285301907091865443511872780909337358499977323070554945362491120558481062474374010441479208921758922607624477388728235833881085870080.000000,-0.257375,767217925266335522519883445024076189285011550871142232477027495248711373983247735610388702049736613087710340681310587522844892777576906362265240880995955409648802515137759691563363653616862712159688752916061815970988032.000000,2183939385730308635208420668460933914736575353792636055752251780277989982624268939247965316352032902605804190037285301907091865443511872780909337358499977323070554945362491120558481062474374010441479208921758922607624477388728235833881085870080.000000,0.000000,0.000000,0.000000
4.877996,767217925266335522519883445024076189285011550871142232477027495248711373983247735610388702049736613087710340681310587522844892777576906362265240880995955409648802515137759691563363653616862712159688752916061815970988032.000000,2183939385730308635208420668460933914736575353792636055752251780277989982624268939247965316352032902605804190037285301907091865443511872780909337358499977323070554945362491120558481062474374010441479208921758922607624477388728235833881085870080.000000,-0.257375,767217925266335522519883445024076189285011550871142232477027495248711373983247735610388702049736613087710340681310587522844892777576906362265240880995955409648802515137759691563363653616862712159688752916061815970988032.000000,2183939385730308635208420668460933914736575353792636055752251780277989982624268939247965316352032902605804190037285301907091865443511872780909337358499977323070554945362491120558481062474374010441479208921758922607624477388728235833881085870080.000000,0.000000,0.000000,0.000000
4.911371,767217925266335522519883445024076189285011550871142232477027495248711373983247735610388702049736613087710340681310587522844892777576906362265240880995955409648802515137759691563363653616862712159688752916061815970988032.000000,2183939385730308635208420668460933914736575353792636055752251780277989982624268939247965316352032902605804190037285301907091865443511872780909337358499977323070554945362491120558481062474374010441479208921758922607624477388728235833881085870080.000000,-0.257375,767217925266335522519883445024076189285011550871142232477027495248711373983247735610388702049736613087710340681310587522844892777576906362265240880995955409648802515137759691563363653616862712159688752916061815970988032.000000,2183939385730308635208420668460933914736575353792636055752251780277989982624268939247965316352032902605804190037285301907091865443511872780909337358499977323070554945362491120558481062474374010441479208921758922607624477388728235833881085870080.000000,0.000000,0.000000,0.000000
4.944669,767217925266335522519883445024076189285011550871142232477027495248711373983247735610388702049736613087710340681310587522844892777576906362265240880995955409648802515137759691563363653616862712159688752916061815970988032.000000,2183939385730308635208420668460933914736575353792636055752251780277989982624268939247965316352032902605804190037285301907091865443511872780909337358499977323070554945362491120558481062474374010441479208921758922607624477388728235833881085870080.000000,-0.257375,767217925266335522519883445024076189285011550871142232477027495248711373983247735610388702049736613087710340681310587522844892777576906362265240880995955409648802515137759691563363653616862712159688752916061815970988032.000000,2183939385730308635208420668460933914736575353792636055752251780277989982624268939247965316352032902605804190037285301907091865443511872780909337358499977323070554945362491120558481062474374010441479208921758922607624477388728235833881085870080.000000,0.000000,0.000000,0.000000
4.978782,767217925266335522519883445024076189285011550871142232477027495248711373983247735610388702049736613087710340681310587522844892777576906362265240880995955409648802515137759691563363653616862712159688752916061815970988032.000000,2183939385730308635208420668460933914736575353792636055752251780277989982624268939247965316352032902605804190037285301907091865443511872780909337358499977323070554945362491120558481062474374010441479208921758922607624477388728235833881085870080.000000,-0.257375,767217925266335522519883445024076189285011550871142232477027495248711373983247735610388702049736613087710340681310587522844892777576906362265240880995955409648802515137759691563363653616862712159688752916061815970988032.000000,2183939385730308635208420668460933914736575353792636055752251780277989982624268939247965316352032902605804190037285301907091865443511872780909337358499977323070554945362491120558481062474374010441479208921758922607624477388728235833881085870080.000000,0.000000,0.000000,0.000000
5.011872,767217925266335522519883445024076189285011550871142232477027495248711373983247735610388702049736613087710340681310587522844892777576906362265240880995955409648802515137759691563363653616862712159688752916061815970988032.000000,2183939385730308635208420668460933914736575353792636055752251780277989982624268939247965316352032902605804190037285301907091865443511872780909337358499977323070554945362491120558481062474374010441479208921758922607624477388728235833881085870080.000000,-0.257375,767217925266335522519883445024076189285011550871142232477027495248711373983247735610388702049736613087710340681310587522844892777576906362265240880995955409648802515137759691563363653616862712159688752916061815970988032.000000,2183939385730308635208420668460933914736575353792636055752251780277989982624268939247965316352032902605804190037285301907091865443511872780909337358499977323070554945362491120558481062474374010441479208921758922607624477388728235833881085870080.000000,0.000000,0.000000,0.000000
5.045216,767217925266335522519883445024076189285011550871142232477027495248711373983247735610388702049736613087710340681310587522844892777576906362265240880995955409648802515137759691563363653616862712159688752916061815970988032.000000,2183939385730308635208420668460933914736575353792636055752251780277989982624268939247965316352032902605804190037285301907091865443511872780909337358499977323070554945362491120558481062474374010441479208921758922607624477388728235833881085870080.000000,-0.257375,767217925266335522519883445024076189285011550871142232477027495248711373983247735610388702049736613087710340681310587522844892777576906362265240880995955409648802515137759691563363653616862712159688752916061815970988032.000000,2183939385730308635208420668460933914736575353792636055752251780277989982624268939247965316352032902605804190037285301907091865443511872780909337358499977323070554945362491120558481062474374010441479208921758922607624477388728235833881085870080.000000,0.000000,0.000000,0.000000
5.078008,767217925266335522519883445024076189285011550871142232477027495248711373983247735610388702049736613087710340681310587522844892777576906362265240880995955409648802515137759691563363653616862712159688752916061815970988032.000000,2183939385730308635208420668460933914736575353792636055752251780277989982624268939247965316352032902605804190037285301907091865443511872780909337358499977323070554945362491120558481062474374010441479208921758922607624477388728235833881085870080.000000,-0.257375,767217925266335522519883445024076189285011550871142232477027495248711373983247735610388702049736613087710340681310587522844892777576906362265240880995955409648802515137759691563363653616862712159688752916061815970988032.000000,2183939385730308635208420668460933914736575353792636055752251780277989982624268939247965316352032902605804190037285301907091865443511872780909337358499977323070554945362491120558481062474374010441479208921758922607624477388728235833881085870080.000000,0.000000,0.000000,0.000000
5.111746,767217925266335522519883445024076189285011550871142232477027495248711373983247735610388702049736613087710340681310587522844892777576906362265240880995955409648802515137759691563363653616862712159688752916061815970988032.000000,2183939385730308635208420668460933914736575353792636055752251780277989982624268939247965316352032902605804190037285301907091865443511872780909337358499977323070554945362491120558481062474374010441479208921758922607624477388728235833881085870080.000000,-0.257375,767217925266335522519883445024076189285011550871142232477027495248711373983247735610388702049736613087710340681310587522844892777576906362265240880995955409648802515137759691563363653616862712159688752916061815970988032.000000,2183939385730308635208420668460933914736575353792636055752251780277989982624268939247965316352032902605804190037285301907091865443511872780909337358499977323070554945362491120558481062474374010441479208921758922607624477388728235833881085870080.000000,0.000000,0.000000,0.000000
5.144796,767217925266335522519883445024076189285011550871142232477027495248711373983247735610388702049736613087710340681310587522844892777576906362265240880995955409648802515137759691563363653616862712159688752916061815970988032.000000,2183939385730308635208420668460933914736575353792636055752251780277989982624268939247965316352032902605804190037285301907091865443511872780909337358499977323070554945362491120558481062474374010441479208921758922607624477388728235833881085870080.000000,-0.257375,767217925266335522519883445024076189285011550871142232477027495248711373983247735610388702049736613087710340681310587522844892777576906362265240880995955409648802515137759691563363653616862712159688752916061815970988032.000000,2183939385730308635208420668460933914736575353792636055752251780277989982624268939247965316352032902605804190037285301907091865443511872780909337358499977323070554945362491120558481062474374010441479208921758922607624477388728235833881085870080.000000,0.000000,0.000000,0.000000
5.178218,767217925266335522519883445024076189285011550871142232477027495248711373983247735610388702049736613087710340681310587522844892777576906362265240880995955409648802515137759691563363653616862712159688752916061815970988032.000000,2183939385730308635208420668460933914736575353792636055752251780277989982624268939247965316352032902605804190037285301907091865443511872780909337358499977323070554945362491120558481062474374010441479208921758922607624477388728235833881085870080.000000,-0.257375,767217925266335522519883445024076189285011550871142232477027495248711373983247735610388702049736613087710340681310587522844892777576906362265240880995955409648802515137759691563363653616862712159688752916061815970988032.000000,2183939385730308635208420668460933914736575353792636055752251780277989982624268939247965316352032902605804190037285301907091865443511872780909337358499977323070554945362491120558481062474374010441479208921758922607624477388728235833881085870080.000000,0.000000,0.000000,0.000000
5.217742,767217925266335522519883445024076189285011550871142232477027495248711373983247735610388702049736613087710340681310587522844892777576906362265240880995955409648802515137759691563363653616862712159688752916061815970988032.000000,2183939385730308635208420668460933914736575353792636055752251780277989982624268939247965316352032902605804190037285301907091865443511872780909337358499977323070554945362491120558481062474374010441479208921758922607624477388728235833881085870080.000000,-0.257375,767217925266335522519883445024076189285011550871142232477027495248711373983247735610388702049736613087710340681310587522844892777576906362265240880995955409648802515137759691563363653616862712159688752916061815970988032.000000,2183939385730308635208420668460933914736575353792636055752251780277989982624268939247965316352032902605804190037285301907091865443511872780909337358499977323070554945362491120558481062474374010441479208921758922607624477388728235833881085870080.000000,0.000000,0.000000,0.000000
5.246202,767217925266335522519883445024076189285011550871142232477027495248711373983247735610388702049736613087710340681310587522844892777576906362265240880995955409648802515137759691563363653616862712159688752916061815970988032.000000,2183939385730308635208420668460933914736575353792636055752251780277989982624268939247965316352032902605804190037285301907091865443511872780909337358499977323070554945362491120558481062474374010441479208921758922607624477388728235833881085870080.000000,-0.257375,767217925266335522519883445024076189285011550871142232477027495248711373983247735610388702049736613087710340681310587522844892777576906362265240880995955409648802515137759691563363653616862712159688752916061815970988032.000000,2183939385730308635208420668460933914736575353792636055752251780277989982624268939247965316352032902605804190037285301907091865443511872780909337358499977323070554945362491120558481062474374010441479208921758922607624477388728235833881085870080.000000,0.000000,0.000000,0.000000
5.278390,767217925266335522519883445024076189285011550871142232477027495248711373983247735610388702049736613087710340681310587522844892777576906362265240880995955409648802515137759691563363653616862712159688752916061815970988032.000000,2183939385730308635208420668460933914736575353792636055752251780277989982624268939247965316352032902605804190037285301907091865443511872780909337358499977323070554945362491120558481062474374010441479208921758922607624477388728235833881085870080.000000,-0.257375,767217925266335522519883445024076189285011550871142232477027495248711373983247735610388702049736613087710340681310587522844892777576906362265240880995955409648802515137759691563363653616862712159688752916061815970988032.000000,2183939385730308635208420668460933914736575353792636055752251780277989982624268939247965316352032902605804190037285301907091865443511872780909337358499977323070554945362491120558481062474374010441479208921758922607624477388728235833881085870080.000000,0.000000,0.000000,0.000000
5.311633,767217925266335522519883445024076189285011550871142232477027495248711373983247735610388702049736613087710340681310587522844892777576906362265240880995955409648802515137759691563363653616862712159688752916061815970988032.000000,2183939385730308635208420668460933914736575353792636055752251780277989982624268939247965316352032902605804190037285301907091865443511872780909337358499977323070554945362491120558481062474374010441479208921758922607624477388728235833881085870080.000000,-0.257375,767217925266335522519883445024076189285011550871142232477027495248711373983247735610388702049736613087710340681310587522844892777576906362265240880995955409648802515137759691563363653616862712159688752916061815970988032.000000,2183939385730308635208420668460933914736575353792636055752251780277989982624268939247965316352032902605804190037285301907091865443511872780909337358499977323070554945362491120558481062474374010441479208921758922607624477388728235833881085870080.000000,0.000000,0.000000,0.000000
5.344892,767217925266335522519883445024076189285011550871142232477027495248711373983247735610388702049736613087710340681310587522844892777576906362265240880995955409648802515137759691563363653616862712159688752916061815970988032.000000,2183939385730308635208420668460933914736575353792636055752251780277989982624268939247965316352032902605804190037285301907091865443511872780909337358499977323070554945362491120558481062474374010441479208921758922607624477388728235833881085870080.000000,-0.257375,767217925266335522519883445024076189285011550871142232477027495248711373983247735610388702049736613087710340681310587522844892777576906362265240880995955409648802515137759691563363653616862712159688752916061815970988032.000000,2183939385730308635208420668460933914736575353792636055752251780277989982624268939247965316352032902605804190037285301907091865443511872780909337358499977323070554945362491120558481062474374010441479208921758922607624477388728235833881085870080.000000,0.000000,0.000000,0.000000
5.378342,767217925266335522519883445024076189285011550871142232477027495248711373983247735610388702049736613087710340681310587522844892777576906362265240880995955409648802515137759691563363653616862712159688752916061815970988032.000000,2183939385730308635208420668460933914736575353792636055752251780277989982624268939247965316352032902605804190037285301907091865443511872780909337358499977323070554945362491120558481062474374010441479208921758922607624477388728235833881085870080.000000,-0.257375,767217925266335522519883445024076189285011550871142232477027495248711373983247735610388702049736613087710340681310587522844892777576906362265240880995955409648802515137759691563363653616862712159688752916061815970988032.000000,2183939385730308635208420668460933914736575353792636055752251780277989982624268939247965316352032902605804190037285301907091865443511872780909337358499977323070554945362491120558481062474374010441479208921758922607624477388728235833881085870080.000000,0.000000,0.000000,0.000000
5.411469,767217925266335522519883445024076189285011550871142232477027495248711373983247735610388702049736613087710340681310587522844892777576906362265240880995955409648802515137759691563363653616862712159688752916061815970988032.000000,2183939385730308635208420668460933914736575353792636055752251780277989982624268939247965316352032902605804190037285301907091865443511872780909337358499977323070554945362491120558481062474374010441479208921758922607624477388728235833881085870080.000000,-0.257375,767217925266335522519883445024076189285011550871142232477027495248711373983247735610388702049736613087710340681310587522844892777576906362265240880995955409648802515137759691563363653616862712159688752916061815970988032.000000,2183939385730308635208420668460933914736575353792636055752251780277989982624268939247965316352032902605804190037285301907091865443511872780909337358499977323070554945362491120558481062474374010441479208921758922607624477388728235833881085870080.000000,0.000000,0.000000,0.000000
5.444632,767217925266335522519883445024076189285011550871142232477027495248711373983247735610388702049736613087710340681310587522844892777576906362265240880995955409648802515137759691563363653616862712159688752916061815970988032.000000,2183939385730308635208420668460933914736575353792636055752251780277989982624268939247965316352032902605804190037285301907091865443511872780909337358499977323070554945362491120558481062474374010441479208921758922607624477388728235833881085870080.000000,-0.257375,767217925266335522519883445024076189285011550871142232477027495248711373983247735610388702049736613087710340681310587522844892777576906362265240880995955409648802515137759691563363653616862712159688752916061815970988032.000000,2183939385730308635208420668460933914736575353792636055752251780277989982624268939247965316352032902605804190037285301907091865443511872780909337358499977323070554945362491120558481062474374010441479208921758922607624477388728235833881085870080.000000,0.000000,0.000000,0.000000
5.478355,767217925266335522519883445024076189285011550871142232477027495248711373983247735610388702049736613087710340681310587522844892777576906362265240880995955409648802515137759691563363653616862712159688752916061815970988032.000000,2183939385730308635208420668460933914736575353792636055752251780277989982624268939247965316352032902605804190037285301907091865443511872780909337358499977323070554945362491120558481062474374010441479208921758922607624477388728235833881085870080.000000,-0.257375,767217925266335522519883445024076189285011550871142232477027495248711373983247735610388702049736613087710340681310587522844892777576906362265240880995955409648802515137759691563363653616862712159688752916061815970988032.000000,2183939385730308635208420668460933914736575353792636055752251780277989982624268939247965316352032902605804190037285301907091865443511872780909337358499977323070554945362491120558481062474374010441479208921758922607624477388728235833881085870080.000000,0.000000,0.000000,0.000000
5.511474,767217925266335522519883445024076189285011550871142232477027495248711373983247735610388702049736613087710340681310587522844892777576906362265240880995955409648802515137759691563363653616862712159688752916061815970988032.000000,2183939385730308635208420668460933914736575353792636055752251780277989982624268939247965316352032902605804190037285301907091865443511872780909337358499977323070554945362491120558481062474374010441479208921758922607624477388728235833881085870080.000000,-0.257375,767217925266335522519883445024076189285011550871142232477027495248711373983247735610388702049736613087710340681310587522844892777576906362265240880995955409648802515137759691563363653616862712159688752916061815970988032.000000,2183939385730308635208420668460933914736575353792636055752251780277989982624268939247965316352032902605804190037285301907091865443511872780909337358499977323070554945362491120558481062474374010441479208921758922607624477388728235833881085870080.000000,0.000000,0.000000,0.000000
5.544643,767217925266335522519883445024076189285011550871142232477027495248711373983247735610388702049736613087710340681310587522844892777576906362265240880995955409648802515137759691563363653616862712159688752916061815970988032.000000,2183939385730308635208420668460933914736575353792636055752251780277989982624268939247965316352032902605804190037285301907091865443511872780909337358499977323070554945362491120558481062474374010441479208921758922607624477388728235833881085870080.000000,-0.257375,767217925266335522519883445024076189285011550871142232477027495248711373983247735610388702049736613087710340681310587522844892777576906362265240880995955409648802515137759691563363653616862712159688752916061815970988032.000000,2183939385730308635208420668460933914736575353792636055752251780277989982624268939247965316352032902605804190037285301907091865443511872780909337358499977323070554945362491120558481062474374010441479208921758922607624477388728235833881085870080.000000,0.000000,0.000000,0.000000
5.577975,767217925266335522519883445024076189285011550871142232477027495248711373983247735610388702049736613087710340681310587522844892777576906362265240880995955409648802515137759691563363653616862712159688752916061815970988032.000000,2183939385730308635208420668460933914736575353792636055752251780277989982624268939247965316352032902605804190037285301907091865443511872780909337358499977323070554945362491120558481062474374010441479208921758922607624477388728235833881085870080.000000,-0.257375,767217925266335522519883445024076189285011550871142232477027495248711373983247735610388702049736613087710340681310587522844892777576906362265240880995955409648802515137759691563363653616862712159688752916061815970988032.000000,2183939385730308635208420668460933914736575353792636055752251780277989982624268939247965316352032902605804190037285301907091865443511872780909337358499977323070554945362491120558481062474374010441479208921758922607624477388728235833881085870080.000000,0.000000,0.000000,0.000000
5.611374,767217925266335522519883445024076189285011550871142232477027495248711373983247735610388702049736613087710340681310587522844892777576906362265240880995955409648802515137759691563363653616862712159688752916061815970988032.000000,2183939385730308635208420668460933914736575353792636055752251780277989982624268939247965316352032902605804190037285301907091865443511872780909337358499977323070554945362491120558481062474374010441479208921758922607624477388728235833881085870080.000000,-0.257375,767217925266335522519883445024076189285011550871142232477027495248711373983247735610388702049736613087710340681310587522844892777576906362265240880995955409648802515137759691563363653616862712159688752916061815970988032.000000,2183939385730308635208420668460933914736575353792636055752251780277989982624268939247965316352032902605804190037285301907091865443511872780909337358499977323070554945362491120558481062474374010441479208921758922607624477388728235833881085870080.000000,0.000000,0.000000,0.000000
5.645035,767217925266335522519883445024076189285011550871142232477027495248711373983247735610388702049736613087710340681310587522844892777576906362265240880995955409648802515137759691563363653616862712159688752916061815970988032.000000,2183939385730308635208420668460933914736575353792636055752251780277989982624268939247965316352032902605804190037285301907091865443511872780909337358499977323070554945362491120558481062474374010441479208921758922607624477388728235833881085870080.000000,-0.257375,767217925266335522519883445024076189285011550871142232477027495248711373983247735610388702049736613087710340681310587522844892777576906362265240880995955409648802515137759691563363653616862712159688752916061815970988032.000000,2183939385730308635208420668460933914736575353792636055752251780277989982624268939247965316352032902605804190037285301907091865443511872780909337358499977323070554945362491120558481062474374010441479208921758922607624477388728235833881085870080.000000,0.000000,0.000000,0.000000
5.683403,767217925266335522519883445024076189285011550871142232477027495248711373983247735610388702049736613087710340681310587522844892777576906362265240880995955409648802515137759691563363653616862712159688752916061815970988032.000000,2183939385730308635208420668460933914736575353792636055752251780277989982624268939247965316352032902605804190037285301907091865443511872780909337358499977323070554945362491120558481062474374010441479208921758922607624477388728235833881085870080.000000,-0.257375,767217925266335522519883445024076189285011550871142232477027495248711373983247735610388702049736613087710340681310587522844892777576906362265240880995955409648802515137759691563363653616862712159688752916061815970988032.000000,2183939385730308635208420668460933914736575353792636055752251780277989982624268939247965316352032902605804190037285301907091865443511872780909337358499977323070554945362491120558481062474374010441479208921758922607624477388728235833881085870080.000000,0.000000,0.000000,0.000000
5.715304,767217925266335522519883445024076189285011550871142232477027495248711373983247735610388702049736613087710340681310587522844892777576906362265240880995955409648802515137759691563363653616862712159688752916061815970988032.000000,2183939385730308635208420668460933914736575353792636055752251780277989982624268939247965316352032902605804190037285301907091865443511872780909337358499977323070554945362491120558481062474374010441479208921758922607624477388728235833881085870080.000000,-0.257375,767217925266335522519883445024076189285011550871142232477027495248711373983247735610388702049736613087710340681310587522844892777576906362265240880995955409648802515137759691563363653616862712159688752916061815970988032.000000,2183939385730308635208420668460933914736575353792636055752251780277989982624268939247965316352032902605804190037285301907091865443511872780909337358499977323070554945362491120558481062474374010441479208921758922607624477388728235833881085870080.000000,0.000000,0.000000,0.000000
5.745639,767217925266335522519883445024076189285011550871142232477027495248711373983247735610388702049736613087710340681310587522844892777576906362265240880995955409648802515137759691563363653616862712159688752916061815970988032.000000,2183939385730308635208420668460933914736575353792636055752251780277989982624268939247965316352032902605804190037285301907091865443511872780909337358499977323070554945362491120558481062474374010441479208921758922607624477388728235833881085870080.000000,-0.257375,767217925266335522519883445024076189285011550871142232477027495248711373983247735610388702049736613087710340681310587522844892777576906362265240880995955409648802515137759691563363653616862712159688752916061815970988032.000000,2183939385730308635208420668460933914736575353792636055752251780277989982624268939247965316352032902605804190037285301907091865443511872780909337358499977323070554945362491120558481062474374010441479208921758922607624477388728235833881085870080.000000,0.000000,0.000000,0.000000
5.779089,767217925266335522519883445024076189285011550871142232477027495248711373983247735610388702049736613087710340681310587522844892777576906362265240880995955409648802515137759691563363653616862712159688752916061815970988032.000000,2183939385730308635208420668460933914736575353792636055752251780277989982624268939247965316352032902605804190037285301907091865443511872780909337358499977323070554945362491120558481062474374010441479208921758922607624477388728235833881085870080.000000,-0.257375,767217925266335522519883445024076189285011550871142232477027495248711373983247735610388702049736613087710340681310587522844892777576906362265240880995955409648802515137759691563363653616862712159688752916061815970988032.000000,2183939385730308635208420668460933914736575353792636055752251780277989982624268939247965316352032902605804190037285301907091865443511872780909337358499977323070554945362491120558481062474374010441479208921758922607624477388728235833881085870080.000000,0.000000,0.000000,0.000000
5.812217,767217925266335522519883445024076189285011550871142232477027495248711373983247735610388702049736613087710340681310587522844892777576906362265240880995955409648802515137759691563363653616862712159688752916061815970988032.000000,2183939385730308635208420668460933914736575353792636055752251780277989982624268939247965316352032902605804190037285301907091865443511872780909337358499977323070554945362491120558481062474374010441479208921758922607624477388728235833881085870080.000000,-0.257375,767217925266335522519883445024076189285011550871142232477027495248711373983247735610388702049736613087710340681310587522844892777576906362265240880995955409648802515137759691563363653616862712159688752916061815970988032.000000,2183939385730308635208420668460933914736575353792636055752251780277989982624268939247965316352032902605804190037285301907091865443511872780909337358499977323070554945362491120558481062474374010441479208921758922607624477388728235833881085870080.000000,0.000000,0.000000,0.000000
5.845619,767217925266335522519883445024076189285011550871142232477027495248711373983247735610388702049736613087710340681310587522844892777576906362265240880995955409648802515137759691563363653616862712159688752916061815970988032.000000,2183939385730308635208420668460933914736575353792636055752251780277989982624268939247965316352032902605804190037285301907091865443511872780909337358499977323070554945362491120558481062474374010441479208921758922607624477388728235833881085870080.000000,-0.257375,767217925266335522519883445024076189285011550871142232477027495248711373983247735610388702049736613087710340681310587522844892777576906362265240880995955409648802515137759691563363653616862712159688752916061815970988032.000000,2183939385730308635208420668460933914736575353792636055752251780277989982624268939247965316352032902605804190037285301907091865443511872780909337358499977323070554945362491120558481062474374010441479208921758922607624477388728235833881085870080.000000,0.000000,0.000000,0.000000
5.878246,767217925266335522519883445024076189285011550871142232477027495248711373983247735610388702049736613087710340681310587522844892777576906362265240880995955409648802515137759691563363653616862712159688752916061815970988032.000000,2183939385730308635208420668460933914736575353792636055752251780277989982624268939247965316352032902605804190037285301907091865443511872780909337358499977323070554945362491120558481062474374010441479208921758922607624477388728235833881085870080.000000,-0.257375,767217925266335522519883445024076189285011550871142232477027495248711373983247735610388702049736613087710340681310587522844892777576906362265240880995955409648802515137759691563363653616862712159688752916061815970988032.000000,2183939385730308635208420668460933914736575353792636055752251780277989982624268939247965316352032902605804190037285301907091865443511872780909337358499977323070554945362491120558481062474374010441479208921758922607624477388728235833881085870080.000000,0.000000,0.000000,0.000000
5.911554,767217925266335522519883445024076189285011550871142232477027495248711373983247735610388702049736613087710340681310587522844892777576906362265240880995955409648802515137759691563363653616862712159688752916061815970988032.000000,2183939385730308635208420668460933914736575353792636055752251780277989982624268939247965316352032902605804190037285301907091865443511872780909337358499977323070554945362491120558481062474374010441479208921758922607624477388728235833881085870080.000000,-0.257375,767217925266335522519883445024076189285011550871142232477027495248711373983247735610388702049736613087710340681310587522844892777576906362265240880995955409648802515137759691563363653616862712159688752916061815970988032.000000,2183939385730308635208420668460933914736575353792636055752251780277989982624268939247965316352032902605804190037285301907091865443511872780909337358499977323070554945362491120558481062474374010441479208921758922607624477388728235833881085870080.000000,0.000000,0.000000,0.000000
5.944774,767217925266335522519883445024076189285011550871142232477027495248711373983247735610388702049736613087710340681310587522844892777576906362265240880995955409648802515137759691563363653616862712159688752916061815970988032.000000,2183939385730308635208420668460933914736575353792636055752251780277989982624268939247965316352032902605804190037285301907091865443511872780909337358499977323070554945362491120558481062474374010441479208921758922607624477388728235833881085870080.000000,-0.257375,767217925266335522519883445024076189285011550871142232477027495248711373983247735610388702049736613087710340681310587522844892777576906362265240880995955409648802515137759691563363653616862712159688752916061815970988032.000000,2183939385730308635208420668460933914736575353792636055752251780277989982624268939247965316352032902605804190037285301907091865443511872780909337358499977323070554945362491120558481062474374010441479208921758922607624477388728235833881085870080.000000,0.000000,0.000000,0.000000
5.978099,767217925266335522519883445024076189285011550871142232477027495248711373983247735610388702049736613087710340681310587522844892777576906362265240880995955409648802515137759691563363653616862712159688752916061815970988032.000000,2183939385730308635208420668460933914736575353792636055752251780277989982624268939247965316352032902605804190037285301907091865443511872780909337358499977323070554945362491120558481062474374010441479208921758922607624477388728235833881085870080.000000,-0.257375,767217925266335522519883445024076189285011550871142232477027495248711373983247735610388702049736613087710340681310587522844892777576906362265240880995955409648802515137759691563363653616862712159688752916061815970988032.000000,2183939385730308635208420668460933914736575353792636055752251780277989982624268939247965316352032902605804190037285301907091865443511872780909337358499977323070554945362491120558481062474374010441479208921758922607624477388728235833881085870080.000000,0.000000,0.000000,0.000000
6.012059,767217925266335522519883445024076189285011550871142232477027495248711373983247735610388702049736613087710340681310587522844892777576906362265240880995955409648802515137759691563363653616862712159688752916061815970988032.000000,2183939385730308635208420668460933914736575353792636055752251780277989982624268939247965316352032902605804190037285301907091865443511872780909337358499977323070554945362491120558481062474374010441479208921758922607624477388728235833881085870080.000000,-0.257375,767217925266335522519883445024076189285011550871142232477027495248711373983247735610388702049736613087710340681310587522844892777576906362265240880995955409648802515137759691563363653616862712159688752916061815970988032.000000,2183939385730308635208420668460933914736575353792636055752251780277989982624268939247965316352032902605804190037285301907091865443511872780909337358499977323070554945362491120558481062474374010441479208921758922607624477388728235833881085870080.000000,0.000000,0.000000,0.000000
6.048896,767217925266335522519883445024076189285011550871142232477027495248711373983247735610388702049736613087710340681310587522844892777576906362265240880995955409648802515137759691563363653616862712159688752916061815970988032.000000,2183939385730308635208420668460933914736575353792636055752251780277989982624268939247965316352032902605804190037285301907091865443511872780909337358499977323070554945362491120558481062474374010441479208921758922607624477388728235833881085870080.000000,-0.257375,767217925266335522519883445024076189285011550871142232477027495248711373983247735610388702049736613087710340681310587522844892777576906362265240880995955409648802515137759691563363653616862712159688752916061815970988032.000000,2183939385730308635208420668460933914736575353792636055752251780277989982624268939247965316352032902605804190037285301907091865443511872780909337358499977323070554945362491120558481062474374010441479208921758922607624477388728235833881085870080.000000,0.000000,0.000000,0.000000
6.079170,767217925266335522519883445024076189285011550871142232477027495248711373983247735610388702049736613087710340681310587522844892777576906362265240880995955409648802515137759691563363653616862712159688752916061815970988032.000000,2183939385730308635208420668460933914736575353792636055752251780277989982624268939247965316352032902605804190037285301907091865443511872780909337358499977323070554945362491120558481062474374010441479208921758922607624477388728235833881085870080.000000,-0.257375,767217925266335522519883445024076189285011550871142232477027495248711373983247735610388702049736613087710340681310587522844892777576906362265240880995955409648802515137759691563363653616862712159688752916061815970988032.000000,2183939385730308635208420668460933914736575353792636055752251780277989982624268939247965316352032902605804190037285301907091865443511872780909337358499977323070554945362491120558481062474374010441479208921758922607624477388728235833881085870080.000000,0.000000,0.000000,0.000000
6.115726,767217925266335522519883445024076189285011550871142232477027495248711373983247735610388702049736613087710340681310587522844892777576906362265240880995955409648802515137759691563363653616862712159688752916061815970988032.000000,2183939385730308635208420668460933914736575353792636055752251780277989982624268939247965316352032902605804190037285301907091865443511872780909337358499977323070554945362491120558481062474374010441479208921758922607624477388728235833881085870080.000000,-0.257375,767217925266335522519883445024076189285011550871142232477027495248711373983247735610388702049736613087710340681310587522844892777576906362265240880995955409648802515137759691563363653616862712159688752916061815970988032.000000,2183939385730308635208420668460933914736575353792636055752251780277989982624268939247965316352032902605804190037285301907091865443511872780909337358499977323070554945362491120558481062474374010441479208921758922607624477388728235833881085870080.000000,0.000000,0.000000,0.000000
6.145065,767217925266335522519883445024076189285011550871142232477027495248711373983247735610388702049736613087710340681310587522844892777576906362265240880995955409648802515137759691563363653616862712159688752916061815970988032.000000,2183939385730308635208420668460933914736575353792636055752251780277989982624268939247965316352032902605804190037285301907091865443511872780909337358499977323070554945362491120558481062474374010441479208921758922607624477388728235833881085870080.000000,-0.257375,767217925266335522519883445024076189285011550871142232477027495248711373983247735610388702049736613087710340681310587522844892777576906362265240880995955409648802515137759691563363653616862712159688752916061815970988032.000000,2183939385730308635208420668460933914736575353792636055752251780277989982624268939247965316352032902605804190037285301907091865443511872780909337358499977323070554945362491120558481062474374010441479208921758922607624477388728235833881085870080.000000,0.000000,0.000000,0.000000
6.178365,767217925266335522519883445024076189285011550871142232477027495248711373983247735610388702049736613087710340681310587522844892777576906362265240880995955409648802515137759691563363653616862712159688752916061815970988032.000000,2183939385730308635208420668460933914736575353792636055752251780277989982624268939247965316352032902605804190037285301907091865443511872780909337358499977323070554945362491120558481062474374010441479208921758922607624477388728235833881085870080.000000,-0.257375,767217925266335522519883445024076189285011550871142232477027495248711373983247735610388702049736613087710340681310587522844892777576906362265240880995955409648802515137759691563363653616862712159688752916061815970988032.000000,2183939385730308635208420668460933914736575353792636055752251780277989982624268939247965316352032902605804190037285301907091865443511872780909337358499977323070554945362491120558481062474374010441479208921758922607624477388728235833881085870080.000000,0.000000,0.000000,0.000000
6.212042,767217925266335522519883445024076189285011550871142232477027495248711373983247735610388702049736613087710340681310587522844892777576906362265240880995955409648802515137759691563363653616862712159688752916061815970988032.000000,2183939385730308635208420668460933914736575353792636055752251780277989982624268939247965316352032902605804190037285301907091865443511872780909337358499977323070554945362491120558481062474374010441479208921758922607624477388728235833881085870080.000000,-0.257375,767217925266335522519883445024076189285011550871142232477027495248711373983247735610388702049736613087710340681310587522844892777576906362265240880995955409648802515137759691563363653616862712159688752916061815970988032.000000,2183939385730308635208420668460933914736575353792636055752251780277989982624268939247965316352032902605804190037285301907091865443511872780909337358499977323070554945362491120558481062474374010441479208921758922607624477388728235833881085870080.000000,0.000000,0.000000,0.000000
6.245217,767217925266335522519883445024076189285011550871142232477027495248711373983247735610388702049736613087710340681310587522844892777576906362265240880995955409648802515137759691563363653616862712159688752916061815970988032.000000,2183939385730308635208420668460933914736575353792636055752251780277989982624268939247965316352032902605804190037285301907091865443511872780909337358499977323070554945362491120558481062474374010441479208921758922607624477388728235833881085870080.000000,-0.257375,767217925266335522519883445024076189285011550871142232477027495248711373983247735610388702049736613087710340681310587522844892777576906362265240880995955409648802515137759691563363653616862712159688752916061815970988032.000000,2183939385730308635208420668460933914736575353792636055752251780277989982624268939247965316352032902605804190037285301907091865443511872780909337358499977323070554945362491120558481062474374010441479208921758922607624477388728235833881085870080.000000,0.000000,0.000000,0.000000
6.278394,767217925266335522519883445024076189285011550871142232477027495248711373983247735610388702049736613087710340681310587522844892777576906362265240880995955409648802515137759691563363653616862712159688752916061815970988032.000000,2183939385730308635208420668460933914736575353792636055752251780277989982624268939247965316352032902605804190037285301907091865443511872780909337358499977323070554945362491120558481062474374010441479208921758922607624477388728235833881085870080.000000,-0.257375,767217925266335522519883445024076189285011550871142232477027495248711373983247735610388702049736613087710340681310587522844892777576906362265240880995955409648802515137759691563363653616862712159688752916061815970988032.000000,2183939385730308635208420668460933914736575353792636055752251780277989982624268939247965316352032902605804190037285301907091865443511872780909337358499977323070554945362491120558481062474374010441479208921758922607624477388728235833881085870080.000000,0.000000,0.000000,0.000000
6.311490,767217925266335522519883445024076189285011550871142232477027495248711373983247735610388702049736613087710340681310587522844892777576906362265240880995955409648802515137759691563363653616862712159688752916061815970988032.000000,2183939385730308635208420668460933914736575353792636055752251780277989982624268939247965316352032902605804190037285301907091865443511872780909337358499977323070554945362491120558481062474374010441479208921758922607624477388728235833881085870080.000000,-0.257375,767217925266335522519883445024076189285011550871142232477027495248711373983247735610388702049736613087710340681310587522844892777576906362265240880995955409648802515137759691563363653616862712159688752916061815970988032.000000,2183939385730308635208420668460933914736575353792636055752251780277989982624268939247965316352032902605804190037285301907091865443511872780909337358499977323070554945362491120558481062474374010441479208921758922607624477388728235833881085870080.000000,0.000000,0.000000,0.000000
6.344838,767217925266335522519883445024076189285011550871142232477027495248711373983247735610388702049736613087710340681310587522844892777576906362265240880995955409648802515137759691563363653616862712159688752916061815970988032.000000,2183939385730308635208420668460933914736575353792636055752251780277989982624268939247965316352032902605804190037285301907091865443511872780909337358499977323070554945362491120558481062474374010441479208921758922607624477388728235833881085870080.000000,-0.257375,767217925266335522519883445024076189285011550871142232477027495248711373983247735610388702049736613087710340681310587522844892777576906362265240880995955409648802515137759691563363653616862712159688752916061815970988032.000000,2183939385730308635208420668460933914736575353792636055752251780277989982624268939247965316352032902605804190037285301907091865443511872780909337358499977323070554945362491120558481062474374010441479208921758922607624477388728235833881085870080.000000,0.000000,0.000000,0.000000
6.378746,767217925266335522519883445024076189285011550871142232477027495248711373983247735610388702049736613087710340681310587522844892777576906362265240880995955409648802515137759691563363653616862712159688752916061815970988032.000000,2183939385730308635208420668460933914736575353792636055752251780277989982624268939247965316352032902605804190037285301907091865443511872780909337358499977323070554945362491120558481062474374010441479208921758922607624477388728235833881085870080.000000,-0.257375,767217925266335522519883445024076189285011550871142232477027495248711373983247735610388702049736613087710340681310587522844892777576906362265240880995955409648802515137759691563363653616862712159688752916061815970988032.000000,2183939385730308635208420668460933914736575353792636055752251780277989982624268939247965316352032902605804190037285301907091865443511872780909337358499977323070554945362491120558481062474374010441479208921758922607624477388728235833881085870080.000000,0.000000,0.000000,0.000000
6.411402,767217925266335522519883445024076189285011550871142232477027495248711373983247735610388702049736613087710340681310587522844892777576906362265240880995955409648802515137759691563363653616862712159688752916061815970988032.000000,2183939385730308635208420668460933914736575353792636055752251780277989982624268939247965316352032902605804190037285301907091865443511872780909337358499977323070554945362491120558481062474374010441479208921758922607624477388728235833881085870080.000000,-0.257375,767217925266335522519883445024076189285011550871142232477027495248711373983247735610388702049736613087710340681310587522844892777576906362265240880995955409648802515137759691563363653616862712159688752916061815970988032.000000,2183939385730308635208420668460933914736575353792636055752251780277989982624268939247965316352032902605804190037285301907091865443511872780909337358499977323070554945362491120558481062474374010441479208921758922607624477388728235833881085870080.000000,0.000000,0.000000,0.000000
6.448174,767217925266335522519883445024076189285011550871142232477027495248711373983247735610388702049736613087710340681310587522844892777576906362265240880995955409648802515137759691563363653616862712159688752916061815970988032.000000,2183939385730308635208420668460933914736575353792636055752251780277989982624268939247965316352032902605804190037285301907091865443511872780909337358499977323070554945362491120558481062474374010441479208921758922607624477388728235833881085870080.000000,-0.257375,767217925266335522519883445024076189285011550871142232477027495248711373983247735610388702049736613087710340681310587522844892777576906362265240880995955409648802515137759691563363653616862712159688752916061815970988032.000000,2183939385730308635208420668460933914736575353792636055752251780277989982624268939247965316352032902605804190037285301907091865443511872780909337358499977323070554945362491120558481062474374010441479208921758922607624477388728235833881085870080.000000,0.000000,0.000000,0.000000
6.478257,767217925266335522519883445024076189285011550871142232477027495248711373983247735610388702049736613087710340681310587522844892777576906362265240880995955409648802515137759691563363653616862712159688752916061815970988032.000000,2183939385730308635208420668460933914736575353792636055752251780277989982624268939247965316352032902605804190037285301907091865443511872780909337358499977323070554945362491120558481062474374010441479208921758922607624477388728235833881085870080.000000,-0.257375,767217925266335522519883445024076189285011550871142232477027495248711373983247735610388702049736613087710340681310587522844892777576906362265240880995955409648802515137759691563363653616862712159688752916061815970988032.000000,2183939385730308635208420668460933914736575353792636055752251780277989982624268939247965316352032902605804190037285301907091865443511872780909337358499977323070554945362491120558481062474374010441479208921758922607624477388728235833881085870080.000000,0.000000,0.000000,0.000000
6.512791,767217925266335522519883445024076189285011550871142232477027495248711373983247735610388702049736613087710340681310587522844892777576906362265240880995955409648802515137759691563363653616862712159688752916061815970988032.000000,2183939385730308635208420668460933914736575353792636055752251780277989982624268939247965316352032902605804190037285301907091865443511872780909337358499977323070554945362491120558481062474374010441479208921758922607624477388728235833881085870080.000000,-0.257375,767217925266335522519883445024076189285011550871142232477027495248711373983247735610388702049736613087710340681310587522844892777576906362265240880995955409648802515137759691563363653616862712159688752916061815970988032.000000,2183939385730308635208420668460933914736575353792636055752251780277989982624268939247965316352032902605804190037285301907091865443511872780909337358499977323070554945362491120558481062474374010441479208921758922607624477388728235833881085870080.000000,0.000000,0.000000,0.000000
6.546171,767217925266335522519883445024076189285011550871142232477027495248711373983247735610388702049736613087710340681310587522844892777576906362265240880995955409648802515137759691563363653616862712159688752916061815970988032.000000,2183939385730308635208420668460933914736575353792636055752251780277989982624268939247965316352032902605804190037285301907091865443511872780909337358499977323070554945362491120558481062474374010441479208921758922607624477388728235833881085870080.000000,-0.257375,767217925266335522519883445024076189285011550871142232477027495248711373983247735610388702049736613087710340681310587522844892777576906362265240880995955409648802515137759691563363653616862712159688752916061815970988032.000000,2183939385730308635208420668460933914736575353792636055752251780277989982624268939247965316352032902605804190037285301907091865443511872780909337358499977323070554945362491120558481062474374010441479208921758922607624477388728235833881085870080.000000,0.000000,0.000000,0.000000
6.579332,767217925266335522519883445024076189285011550871142232477027495248711373983247735610388702049736613087710340681310587522844892777576906362265240880995955409648802515137759691563363653616862712159688752916061815970988032.000000,2183939385730308635208420668460933914736575353792636055752251780277989982624268939247965316352032902605804190037285301907091865443511872780909337358499977323070554945362491120558481062474374010441479208921758922607624477388728235833881085870080.000000,-0.257375,767217925266335522519883445024076189285011550871142232477027495248711373983247735610388702049736613087710340681310587522844892777576906362265240880995955409648802515137759691563363653616862712159688752916061815970988032.000000,2183939385730308635208420668460933914736575353792636055752251780277989982624268939247965316352032902605804190037285301907091865443511872780909337358499977323070554945362491120558481062474374010441479208921758922607624477388728235833881085870080.000000,0.000000,0.000000,0.000000
6.612169,767217925266335522519883445024076189285011550871142232477027495248711373983247735610388702049736613087710340681310587522844892777576906362265240880995955409648802515137759691563363653616862712159688752916061815970988032.000000,2183939385730308635208420668460933914736575353792636055752251780277989982624268939247965316352032902605804190037285301907091865443511872780909337358499977323070554945362491120558481062474374010441479208921758922607624477388728235833881085870080.000000,-0.257375,767217925266335522519883445024076189285011550871142232477027495248711373983247735610388702049736613087710340681310587522844892777576906362265240880995955409648802515137759691563363653616862712159688752916061815970988032.000000,2183939385730308635208420668460933914736575353792636055752251780277989982624268939247965316352032902605804190037285301907091865443511872780909337358499977323070554945362491120558481062474374010441479208921758922607624477388728235833881085870080.000000,0.000000,0.000000,0.000000
6.644976,767217925266335522519883445024076189285011550871142232477027495248711373983247735610388702049736613087710340681310587522844892777576906362265240880995955409648802515137759691563363653616862712159688752916061815970988032.000000,2183939385730308635208420668460933914736575353792636055752251780277989982624268939247965316352032902605804190037285301907091865443511872780909337358499977323070554945362491120558481062474374010441479208921758922607624477388728235833881085870080.000000,-0.257375,767217925266335522519883445024076189285011550871142232477027495248711373983247735610388702049736613087710340681310587522844892777576906362265240880995955409648802515137759691563363653616862712159688752916061815970988032.000000,2183939385730308635208420668460933914736575353792636055752251780277989982624268939247965316352032902605804190037285301907091865443511872780909337358499977323070554945362491120558481062474374010441479208921758922607624477388728235833881085870080.000000,0.000000,0.000000,0.000000
6.678267,767217925266335522519883445024076189285011550871142232477027495248711373983247735610388702049736613087710340681310587522844892777576906362265240880995955409648802515137759691563363653616862712159688752916061815970988032.000000,2183939385730308635208420668460933914736575353792636055752251780277989982624268939247965316352032902605804190037285301907091865443511872780909337358499977323070554945362491120558481062474374010441479208921758922607624477388728235833881085870080.000000,-0.257375,767217925266335522519883445024076189285011550871142232477027495248711373983247735610388702049736613087710340681310587522844892777576906362265240880995955409648802515137759691563363653616862712159688752916061815970988032.000000,2183939385730308635208420668460933914736575353792636055752251780277989982624268939247965316352032902605804190037285301907091865443511872780909337358499977323070554945362491120558481062474374010441479208921758922607624477388728235833881085870080.000000,0.000000,0.000000,0.000000
6.711509,767217925266335522519883445024076189285011550871142232477027495248711373983247735610388702049736613087710340681310587522844892777576906362265240880995955409648802515137759691563363653616862712159688752916061815970988032.000000,2183939385730308635208420668460933914736575353792636055752251780277989982624268939247965316352032902605804190037285301907091865443511872780909337358499977323070554945362491120558481062474374010441479208921758922607624477388728235833881085870080.000000,-0.257375,767217925266335522519883445024076189285011550871142232477027495248711373983247735610388702049736613087710340681310587522844892777576906362265240880995955409648802515137759691563363653616862712159688752916061815970988032.000000,2183939385730308635208420668460933914736575353792636055752251780277989982624268939247965316352032902605804190037285301907091865443511872780909337358499977323070554945362491120558481062474374010441479208921758922607624477388728235833881085870080.000000,0.000000,0.000000,0.000000
6.744685,767217925266335522519883445024076189285011550871142232477027495248711373983247735610388702049736613087710340681310587522844892777576906362265240880995955409648802515137759691563363653616862712159688752916061815970988032.000000,2183939385730308635208420668460933914736575353792636055752251780277989982624268939247965316352032902605804190037285301907091865443511872780909337358499977323070554945362491120558481062474374010441479208921758922607624477388728235833881085870080.000000,-0.257375,767217925266335522519883445024076189285011550871142232477027495248711373983247735610388702049736613087710340681310587522844892777576906362265240880995955409648802515137759691563363653616862712159688752916061815970988032.000000,2183939385730308635208420668460933914736575353792636055752251780277989982624268939247965316352032902605804190037285301907091865443511872780909337358499977323070554945362491120558481062474374010441479208921758922607624477388728235833881085870080.000000,0.000000,0.000000,0.000000
6.778117,767217925266335522519883445024076189285011550871142232477027495248711373983247735610388702049736613087710340681310587522844892777576906362265240880995955409648802515137759691563363653616862712159688752916061815970988032.000000,2183939385730308635208420668460933914736575353792636055752251780277989982624268939247965316352032902605804190037285301907091865443511872780909337358499977323070554945362491120558481062474374010441479208921758922607624477388728235833881085870080.000000,-0.257375,767217925266335522519883445024076189285011550871142232477027495248711373983247735610388702049736613087710340681310587522844892777576906362265240880995955409648802515137759691563363653616862712159688752916061815970988032.000000,2183939385730308635208420668460933914736575353792636055752251780277989982624268939247965316352032902605804190037285301907091865443511872780909337358499977323070554945362491120558481062474374010441479208921758922607624477388728235833881085870080.000000,0.000000,0.000000,0.000000
6.811949,767217925266335522519883445024076189285011550871142232477027495248711373983247735610388702049736613087710340681310587522844892777576906362265240880995955409648802515137759691563363653616862712159688752916061815970988032.000000,2183939385730308635208420668460933914736575353792636055752251780277989982624268939247965316352032902605804190037285301907091865443511872780909337358499977323070554945362491120558481062474374010441479208921758922607624477388728235833881085870080.000000,-0.257375,767217925266335522519883445024076189285011550871142232477027495248711373983247735610388702049736613087710340681310587522844892777576906362265240880995955409648802515137759691563363653616862712159688752916061815970988032.000000,2183939385730308635208420668460933914736575353792636055752251780277989982624268939247965316352032902605804190037285301907091865443511872780909337358499977323070554945362491120558481062474374010441479208921758922607624477388728235833881085870080.000000,0.000000,0.000000,0.000000
6.848012,767217925266335522519883445024076189285011550871142232477027495248711373983247735610388702049736613087710340681310587522844892777576906362265240880995955409648802515137759691563363653616862712159688752916061815970988032.000000,2183939385730308635208420668460933914736575353792636055752251780277989982624268939247965316352032902605804190037285301907091865443511872780909337358499977323070554945362491120558481062474374010441479208921758922607624477388728235833881085870080.000000,-0.257375,767217925266335522519883445024076189285011550871142232477027495248711373983247735610388702049736613087710340681310587522844892777576906362265240880995955409648802515137759691563363653616862712159688752916061815970988032.000000,2183939385730308635208420668460933914736575353792636055752251780277989982624268939247965316352032902605804190037285301907091865443511872780909337358499977323070554945362491120558481062474374010441479208921758922607624477388728235833881085870080.000000,0.000000,0.000000,0.000000
6.879085,767217925266335522519883445024076189285011550871142232477027495248711373983247735610388702049736613087710340681310587522844892777576906362265240880995955409648802515137759691563363653616862712159688752916061815970988032.000000,2183939385730308635208420668460933914736575353792636055752251780277989982624268939247965316352032902605804190037285301907091865443511872780909337358499977323070554945362491120558481062474374010441479208921758922607624477388728235833881085870080.000000,-0.257375,767217925266335522519883445024076189285011550871142232477027495248711373983247735610388702049736613087710340681310587522844892777576906362265240880995955409648802515137759691563363653616862712159688752916061815970988032.000000,2183939385730308635208420668460933914736575353792636055752251780277989982624268939247965316352032902605804190037285301907091865443511872780909337358499977323070554945362491120558481062474374010441479208921758922607624477388728235833881085870080.000000,0.000000,0.000000,0.000000
6.912328,767217925266335522519883445024076189285011550871142232477027495248711373983247735610388702049736613087710340681310587522844892777576906362265240880995955409648802515137759691563363653616862712159688752916061815970988032.000000,2183939385730308635208420668460933914736575353792636055752251780277989982624268939247965316352032902605804190037285301907091865443511872780909337358499977323070554945362491120558481062474374010441479208921758922607624477388728235833881085870080.000000,-0.257375,767217925266335522519883445024076189285011550871142232477027495248711373983247735610388702049736613087710340681310587522844892777576906362265240880995955409648802515137759691563363653616862712159688752916061815970988032.000000,2183939385730308635208420668460933914736575353792636055752251780277989982624268939247965316352032902605804190037285301907091865443511872780909337358499977323070554945362491120558481062474374010441479208921758922607624477388728235833881085870080.000000,0.000000,0.000000,0.000000
6.944696,767217925266335522519883445024076189285011550871142232477027495248711373983247735610388702049736613087710340681310587522844892777576906362265240880995955409648802515137759691563363653616862712159688752916061815970988032.000000,2183939385730308635208420668460933914736575353792636055752251780277989982624268939247965316352032902605804190037285301907091865443511872780909337358499977323070554945362491120558481062474374010441479208921758922607624477388728235833881085870080.000000,-0.257375,767217925266335522519883445024076189285011550871142232477027495248711373983247735610388702049736613087710340681310587522844892777576906362265240880995955409648802515137759691563363653616862712159688752916061815970988032.000000,2183939385730308635208420668460933914736575353792636055752251780277989982624268939247965316352032902605804190037285301907091865443511872780909337358499977323070554945362491120558481062474374010441479208921758922607624477388728235833881085870080.000000,0.000000,0.000000,0.000000
6.977973,767217925266335522519883445024076189285011550871142232477027495248711373983247735610388702049736613087710340681310587522844892777576906362265240880995955409648802515137759691563363653616862712159688752916061815970988032.000000,2183939385730308635208420668460933914736575353792636055752251780277989982624268939247965316352032902605804190037285301907091865443511872780909337358499977323070554945362491120558481062474374010441479208921758922607624477388728235833881085870080.000000,-0.257375,767217925266335522519883445024076189285011550871142232477027495248711373983247735610388702049736613087710340681310587522844892777576906362265240880995955409648802515137759691563363653616862712159688752916061815970988032.000000,2183939385730308635208420668460933914736575353792636055752251780277989982624268939247965316352032902605804190037285301907091865443511872780909337358499977323070554945362491120558481062474374010441479208921758922607624477388728235833881085870080.000000,0.000000,0.000000,0.000000
7.016148,767217925266335522519883445024076189285011550871142232477027495248711373983247735610388702049736613087710340681310587522844892777576906362265240880995955409648802515137759691563363653616862712159688752916061815970988032.000000,2183939385730308635208420668460933914736575353792636055752251780277989982624268939247965316352032902605804190037285301907091865443511872780909337358499977323070554945362491120558481062474374010441479208921758922607624477388728235833881085870080.000000,-0.257375,767217925266335522519883445024076189285011550871142232477027495248711373983247735610388702049736613087710340681310587522844892777576906362265240880995955409648802515137759691563363653616862712159688752916061815970988032.000000,2183939385730308635208420668460933914736575353792636055752251780277989982624268939247965316352032902605804190037285301907091865443511872780909337358499977323070554945362491120558481062474374010441479208921758922607624477388728235833881085870080.000000,0.000000,0.000000,0.000000
7.044806,767217925266335522519883445024076189285011550871142232477027495248711373983247735610388702049736613087710340681310587522844892777576906362265240880995955409648802515137759691563363653616862712159688752916061815970988032.000000,2183939385730308635208420668460933914736575353792636055752251780277989982624268939247965316352032902605804190037285301907091865443511872780909337358499977323070554945362491120558481062474374010441479208921758922607624477388728235833881085870080.000000,-0.257375,767217925266335522519883445024076189285011550871142232477027495248711373983247735610388702049736613087710340681310587522844892777576906362265240880995955409648802515137759691563363653616862712159688752916061815970988032.000000,2183939385730308635208420668460933914736575353792636055752251780277989982624268939247965316352032902605804190037285301907091865443511872780909337358499977323070554945362491120558481062474374010441479208921758922607624477388728235833881085870080.000000,0.000000,0.000000,0.000000
7.078077,767217925266335522519883445024076189285011550871142232477027495248711373983247735610388702049736613087710340681310587522844892777576906362265240880995955409648802515137759691563363653616862712159688752916061815970988032.000000,2183939385730308635208420668460933914736575353792636055752251780277989982624268939247965316352032902605804190037285301907091865443511872780909337358499977323070554945362491120558481062474374010441479208921758922607624477388728235833881085870080.000000,-0.257375,767217925266335522519883445024076189285011550871142232477027495248711373983247735610388702049736613087710340681310587522844892777576906362265240880995955409648802515137759691563363653616862712159688752916061815970988032.000000,2183939385730308635208420668460933914736575353792636055752251780277989982624268939247965316352032902605804190037285301907091865443511872780909337358499977323070554945362491120558481062474374010441479208921758922607624477388728235833881085870080.000000,0.000000,0.000000,0.000000
7.111567,767217925266335522519883445024076189285011550871142232477027495248711373983247735610388702049736613087710340681310587522844892777576906362265240880995955409648802515137759691563363653616862712159688752916061815970988032.000000,2183939385730308635208420668460933914736575353792636055752251780277989982624268939247965316352032902605804190037285301907091865443511872780909337358499977323070554945362491120558481062474374010441479208921758922607624477388728235833881085870080.000000,-0.257375,767217925266335522519883445024076189285011550871142232477027495248711373983247735610388702049736613087710340681310587522844892777576906362265240880995955409648802515137759691563363653616862712159688752916061815970988032.000000,2183939385730308635208420668460933914736575353792636055752251780277989982624268939247965316352032902605804190037285301907091865443511872780909337358499977323070554945362491120558481062474374010441479208921758922607624477388728235833881085870080.000000,0.000000,0.000000,0.000000
7.144717,767217925266335522519883445024076189285011550871142232477027495248711373983247735610388702049736613087710340681310587522844892777576906362265240880995955409648802515137759691563363653616862712159688752916061815970988032.000000,2183939385730308635208420668460933914736575353792636055752251780277989982624268939247965316352032902605804190037285301907091865443511872780909337358499977323070554945362491120558481062474374010441479208921758922607624477388728235833881085870080.000000,-0.257375,767217925266335522519883445024076189285011550871142232477027495248711373983247735610388702049736613087710340681310587522844892777576906362265240880995955409648802515137759691563363653616862712159688752916061815970988032.000000,2183939385730308635208420668460933914736575353792636055752251780277989982624268939247965316352032902605804190037285301907091865443511872780909337358499977323070554945362491120558481062474374010441479208921758922607624477388728235833881085870080.000000,0.000000,0.000000,0.000000
7.182001,767217925266335522519883445024076189285011550871142232477027495248711373983247735610388702049736613087710340681310587522844892777576906362265240880995955409648802515137759691563363653616862712159688752916061815970988032.000000,2183939385730308635208420668460933914736575353792636055752251780277989982624268939247965316352032902605804190037285301907091865443511872780909337358499977323070554945362491120558481062474374010441479208921758922607624477388728235833881085870080.000000,-0.257375,767217925266335522519883445024076189285011550871142232477027495248711373983247735610388702049736613087710340681310587522844892777576906362265240880995955409648802515137759691563363653616862712159688752916061815970988032.000000,2183939385730308635208420668460933914736575353792636055752251780277989982624268939247965316352032902605804190037285301907091865443511872780909337358499977323070554945362491120558481062474374010441479208921758922607624477388728235833881085870080.000000,0.000000,0.000000,0.000000
7.217176,767217925266335522519883445024076189285011550871142232477027495248711373983247735610388702049736613087710340681310587522844892777576906362265240880995955409648802515137759691563363653616862712159688752916061815970988032.000000,2183939385730308635208420668460933914736575353792636055752251780277989982624268939247965316352032902605804190037285301907091865443511872780909337358499977323070554945362491120558481062474374010441479208921758922607624477388728235833881085870080.000000,-0.257375,767217925266335522519883445024076189285011550871142232477027495248711373983247735610388702049736613087710340681310587522844892777576906362265240880995955409648802515137759691563363653616862712159688752916061815970988032.000000,2183939385730308635208420668460933914736575353792636055752251780277989982624268939247965316352032902605804190037285301907091865443511872780909337358499977323070554945362491120558481062474374010441479208921758922607624477388728235833881085870080.000000,0.000000,0.000000,0.000000
7.244788,767217925266335522519883445024076189285011550871142232477027495248711373983247735610388702049736613087710340681310587522844892777576906362265240880995955409648802515137759691563363653616862712159688752916061815970988032.000000,2183939385730308635208420668460933914736575353792636055752251780277989982624268939247965316352032902605804190037285301907091865443511872780909337358499977323070554945362491120558481062474374010441479208921758922607624477388728235833881085870080.000000,-0.257375,767217925266335522519883445024076189285011550871142232477027495248711373983247735610388702049736613087710340681310587522844892777576906362265240880995955409648802515137759691563363653616862712159688752916061815970988032.000000,2183939385730308635208420668460933914736575353792636055752251780277989982624268939247965316352032902605804190037285301907091865443511872780909337358499977323070554945362491120558481062474374010441479208921758922607624477388728235833881085870080.000000,0.000000,0.000000,0.000000
7.278501,767217925266335522519883445024076189285011550871142232477027495248711373983247735610388702049736613087710340681310587522844892777576906362265240880995955409648802515137759691563363653616862712159688752916061815970988032.000000,2183939385730308635208420668460933914736575353792636055752251780277989982624268939247965316352032902605804190037285301907091865443511872780909337358499977323070554945362491120558481062474374010441479208921758922607624477388728235833881085870080.000000,-0.257375,767217925266335522519883445024076189285011550871142232477027495248711373983247735610388702049736613087710340681310587522844892777576906362265240880995955409648802515137759691563363653616862712159688752916061815970988032.000000,2183939385730308635208420668460933914736575353792636055752251780277989982624268939247965316352032902605804190037285301907091865443511872780909337358499977323070554945362491120558481062474374010441479208921758922607624477388728235833881085870080.000000,0.000000,0.000000,0.000000
7.311606,767217925266335522519883445024076189285011550871142232477027495248711373983247735610388702049736613087710340681310587522844892777576906362265240880995955409648802515137759691563363653616862712159688752916061815970988032.000000,2183939385730308635208420668460933914736575353792636055752251780277989982624268939247965316352032902605804190037285301907091865443511872780909337358499977323070554945362491120558481062474374010441479208921758922607624477388728235833881085870080.000000,-0.257375,767217925266335522519883445024076189285011550871142232477027495248711373983247735610388702049736613087710340681310587522844892777576906362265240880995955409648802515137759691563363653616862712159688752916061815970988032.000000,2183939385730308635208420668460933914736575353792636055752251780277989982624268939247965316352032902605804190037285301907091865443511872780909337358499977323070554945362491120558481062474374010441479208921758922607624477388728235833881085870080.000000,0.000000,0.000000,0.000000
7.344910,767217925266335522519883445024076189285011550871142232477027495248711373983247735610388702049736613087710340681310587522844892777576906362265240880995955409648802515137759691563363653616862712159688752916061815970988032.000000,2183939385730308635208420668460933914736575353792636055752251780277989982624268939247965316352032902605804190037285301907091865443511872780909337358499977323070554945362491120558481062474374010441479208921758922607624477388728235833881085870080.000000,-0.257375,767217925266335522519883445024076189285011550871142232477027495248711373983247735610388702049736613087710340681310587522844892777576906362265240880995955409648802515137759691563363653616862712159688752916061815970988032.000000,2183939385730308635208420668460933914736575353792636055752251780277989982624268939247965316352032902605804190037285301907091865443511872780909337358499977323070554945362491120558481062474374010441479208921758922607624477388728235833881085870080.000000,0.000000,0.000000,0.000000
7.378197,767217925266335522519883445024076189285011550871142232477027495248711373983247735610388702049736613087710340681310587522844892777576906362265240880995955409648802515137759691563363653616862712159688752916061815970988032.000000,2183939385730308635208420668460933914736575353792636055752251780277989982624268939247965316352032902605804190037285301907091865443511872780909337358499977323070554945362491120558481062474374010441479208921758922607624477388728235833881085870080.000000,-0.257375,767217925266335522519883445024076189285011550871142232477027495248711373983247735610388702049736613087710340681310587522844892777576906362265240880995955409648802515137759691563363653616862712159688752916061815970988032.000000,2183939385730308635208420668460933914736575353792636055752251780277989982624268939247965316352032902605804190037285301907091865443511872780909337358499977323070554945362491120558481062474374010441479208921758922607624477388728235833881085870080.000000,0.000000,0.000000,0.000000
7.411409,767217925266335522519883445024076189285011550871142232477027495248711373983247735610388702049736613087710340681310587522844892777576906362265240880995955409648802515137759691563363653616862712159688752916061815970988032.000000,2183939385730308635208420668460933914736575353792636055752251780277989982624268939247965316352032902605804190037285301907091865443511872780909337358499977323070554945362491120558481062474374010441479208921758922607624477388728235833881085870080.000000,-0.257375,767217925266335522519883445024076189285011550871142232477027495248711373983247735610388702049736613087710340681310587522844892777576906362265240880995955409648802515137759691563363653616862712159688752916061815970988032.000000,2183939385730308635208420668460933914736575353792636055752251780277989982624268939247965316352032902605804190037285301907091865443511872780909337358499977323070554945362491120558481062474374010441479208921758922607624477388728235833881085870080.000000,0.000000,0.000000,0.000000
7.444939,767217925266335522519883445024076189285011550871142232477027495248711373983247735610388702049736613087710340681310587522844892777576906362265240880995955409648802515137759691563363653616862712159688752916061815970988032.000000,2183939385730308635208420668460933914736575353792636055752251780277989982624268939247965316352032902605804190037285301907091865443511872780909337358499977323070554945362491120558481062474374010441479208921758922607624477388728235833881085870080.000000,-0.257375,767217925266335522519883445024076189285011550871142232477027495248711373983247735610388702049736613087710340681310587522844892777576906362265240880995955409648802515137759691563363653616862712159688752916061815970988032.000000,2183939385730308635208420668460933914736575353792636055752251780277989982624268939247965316352032902605804190037285301907091865443511872780909337358499977323070554945362491120558481062474374010441479208921758922607624477388728235833881085870080.000000,0.000000,0.000000,0.000000
7.478277,767217925266335522519883445024076189285011550871142232477027495248711373983247735610388702049736613087710340681310587522844892777576906362265240880995955409648802515137759691563363653616862712159688752916061815970988032.000000,2183939385730308635208420668460933914736575353792636055752251780277989982624268939247965316352032902605804190037285301907091865443511872780909337358499977323070554945362491120558481062474374010441479208921758922607624477388728235833881085870080.000000,-0.257375,767217925266335522519883445024076189285011550871142232477027495248711373983247735610388702049736613087710340681310587522844892777576906362265240880995955409648802515137759691563363653616862712159688752916061815970988032.000000,2183939385730308635208420668460933914736575353792636055752251780277989982624268939247965316352032902605804190037285301907091865443511872780909337358499977323070554945362491120558481062474374010441479208921758922607624477388728235833881085870080.000000,0.000000,0.000000,0.000000
7.511438,767217925266335522519883445024076189285011550871142232477027495248711373983247735610388702049736613087710340681310587522844892777576906362265240880995955409648802515137759691563363653616862712159688752916061815970988032.000000,2183939385730308635208420668460933914736575353792636055752251780277989982624268939247965316352032902605804190037285301907091865443511872780909337358499977323070554945362491120558481062474374010441479208921758922607624477388728235833881085870080.000000,-0.257375,767217925266335522519883445024076189285011550871142232477027495248711373983247735610388702049736613087710340681310587522844892777576906362265240880995955409648802515137759691563363653616862712159688752916061815970988032.000000,2183939385730308635208420668460933914736575353792636055752251780277989982624268939247965316352032902605804190037285301907091865443511872780909337358499977323070554945362491120558481062474374010441479208921758922607624477388728235833881085870080.000000,0.000000,0.000000,0.000000
7.550814,767217925266335522519883445024076189285011550871142232477027495248711373983247735610388702049736613087710340681310587522844892777576906362265240880995955409648802515137759691563363653616862712159688752916061815970988032.000000,2183939385730308635208420668460933914736575353792636055752251780277989982624268939247965316352032902605804190037285301907091865443511872780909337358499977323070554945362491120558481062474374010441479208921758922607624477388728235833881085870080.000000,-0.257375,767217925266335522519883445024076189285011550871142232477027495248711373983247735610388702049736613087710340681310587522844892777576906362265240880995955409648802515137759691563363653616862712159688752916061815970988032.000000,2183939385730308635208420668460933914736575353792636055752251780277989982624268939247965316352032902605804190037285301907091865443511872780909337358499977323070554945362491120558481062474374010441479208921758922607624477388728235833881085870080.000000,0.000000,0.000000,0.000000
7.578332,767217925266335522519883445024076189285011550871142232477027495248711373983247735610388702049736613087710340681310587522844892777576906362265240880995955409648802515137759691563363653616862712159688752916061815970988032.000000,2183939385730308635208420668460933914736575353792636055752251780277989982624268939247965316352032902605804190037285301907091865443511872780909337358499977323070554945362491120558481062474374010441479208921758922607624477388728235833881085870080.000000,-0.257375,767217925266335522519883445024076189285011550871142232477027495248711373983247735610388702049736613087710340681310587522844892777576906362265240880995955409648802515137759691563363653616862712159688752916061815970988032.000000,2183939385730308635208420668460933914736575353792636055752251780277989982624268939247965316352032902605804190037285301907091865443511872780909337358499977323070554945362491120558481062474374010441479208921758922607624477388728235833881085870080.000000,0.000000,0.000000,0.000000
7.611616,767217925266335522519883445024076189285011550871142232477027495248711373983247735610388702049736613087710340681310587522844892777576906362265240880995955409648802515137759691563363653616862712159688752916061815970988032.000000,2183939385730308635208420668460933914736575353792636055752251780277989982624268939247965316352032902605804190037285301907091865443511872780909337358499977323070554945362491120558481062474374010441479208921758922607624477388728235833881085870080.000000,-0.257375,767217925266335522519883445024076189285011550871142232477027495248711373983247735610388702049736613087710340681310587522844892777576906362265240880995955409648802515137759691563363653616862712159688752916061815970988032.000000,2183939385730308635208420668460933914736575353792636055752251780277989982624268939247965316352032902605804190037285301907091865443511872780909337358499977323070554945362491120558481062474374010441479208921758922607624477388728235833881085870080.000000,0.000000,0.000000,0.000000
7.645356,767217925266335522519883445024076189285011550871142232477027495248711373983247735610388702049736613087710340681310587522844892777576906362265240880995955409648802515137759691563363653616862712159688752916061815970988032.000000,2183939385730308635208420668460933914736575353792636055752251780277989982624268939247965316352032902605804190037285301907091865443511872780909337358499977323070554945362491120558481062474374010441479208921758922607624477388728235833881085870080.000000,-0.257375,767217925266335522519883445024076189285011550871142232477027495248711373983247735610388702049736613087710340681310587522844892777576906362265240880995955409648802515137759691563363653616862712159688752916061815970988032.000000,2183939385730308635208420668460933914736575353792636055752251780277989982624268939247965316352032902605804190037285301907091865443511872780909337358499977323070554945362491120558481062474374010441479208921758922607624477388728235833881085870080.000000,0.000000,0.000000,0.000000
7.678341,767217925266335522519883445024076189285011550871142232477027495248711373983247735610388702049736613087710340681310587522844892777576906362265240880995955409648802515137759691563363653616862712159688752916061815970988032.000000,2183939385730308635208420668460933914736575353792636055752251780277989982624268939247965316352032902605804190037285301907091865443511872780909337358499977323070554945362491120558481062474374010441479208921758922607624477388728235833881085870080.000000,-0.257375,767217925266335522519883445024076189285011550871142232477027495248711373983247735610388702049736613087710340681310587522844892777576906362265240880995955409648802515137759691563363653616862712159688752916061815970988032.000000,2183939385730308635208420668460933914736575353792636055752251780277989982624268939247965316352032902605804190037285301907091865443511872780909337358499977323070554945362491120558481062474374010441479208921758922607624477388728235833881085870080.000000,0.000000,0.000000,0.000000
7.713508,767217925266335522519883445024076189285011550871142232477027495248711373983247735610388702049736613087710340681310587522844892777576906362265240880995955409648802515137759691563363653616862712159688752916061815970988032.000000,2183939385730308635208420668460933914736575353792636055752251780277989982624268939247965316352032902605804190037285301907091865443511872780909337358499977323070554945362491120558481062474374010441479208921758922607624477388728235833881085870080.000000,-0.257375,767217925266335522519883445024076189285011550871142232477027495248711373983247735610388702049736613087710340681310587522844892777576906362265240880995955409648802515137759691563363653616862712159688752916061815970988032.000000,2183939385730308635208420668460933914736575353792636055752251780277989982624268939247965316352032902605804190037285301907091865443511872780909337358499977323070554945362491120558481062474374010441479208921758922607624477388728235833881085870080.000000,0.000000,0.000000,0.000000
7.744759,767217925266335522519883445024076189285011550871142232477027495248711373983247735610388702049736613087710340681310587522844892777576906362265240880995955409648802515137759691563363653616862712159688752916061815970988032.000000,2183939385730308635208420668460933914736575353792636055752251780277989982624268939247965316352032902605804190037285301907091865443511872780909337358499977323070554945362491120558481062474374010441479208921758922607624477388728235833881085870080.000000,-0.257375,767217925266335522519883445024076189285011550871142232477027495248711373983247735610388702049736613087710340681310587522844892777576906362265240880995955409648802515137759691563363653616862712159688752916061815970988032.000000,2183939385730308635208420668460933914736575353792636055752251780277989982624268939247965316352032902605804190037285301907091865443511872780909337358499977323070554945362491120558481062474374010441479208921758922607624477388728235833881085870080.000000,0.000000,0.000000,0.000000
7.778335,767217925266335522519883445024076189285011550871142232477027495248711373983247735610388702049736613087710340681310587522844892777576906362265240880995955409648802515137759691563363653616862712159688752916061815970988032.000000,2183939385730308635208420668460933914736575353792636055752251780277989982624268939247965316352032902605804190037285301907091865443511872780909337358499977323070554945362491120558481062474374010441479208921758922607624477388728235833881085870080.000000,-0.257375,767217925266335522519883445024076189285011550871142232477027495248711373983247735610388702049736613087710340681310587522844892777576906362265240880995955409648802515137759691563363653616862712159688752916061815970988032.000000,2183939385730308635208420668460933914736575353792636055752251780277989982624268939247965316352032902605804190037285301907091865443511872780909337358499977323070554945362491120558481062474374010441479208921758922607624477388728235833881085870080.000000,0.000000,0.000000,0.000000
7.811704,767217925266335522519883445024076189285011550871142232477027495248711373983247735610388702049736613087710340681310587522844892777576906362265240880995955409648802515137759691563363653616862712159688752916061815970988032.000000,2183939385730308635208420668460933914736575353792636055752251780277989982624268939247965316352032902605804190037285301907091865443511872780909337358499977323070554945362491120558481062474374010441479208921758922607624477388728235833881085870080.000000,-0.257375,767217925266335522519883445024076189285011550871142232477027495248711373983247735610388702049736613087710340681310587522844892777576906362265240880995955409648802515137759691563363653616862712159688752916061815970988032.000000,2183939385730308635208420668460933914736575353792636055752251780277989982624268939247965316352032902605804190037285301907091865443511872780909337358499977323070554945362491120558481062474374010441479208921758922607624477388728235833881085870080.000000,0.000000,0.000000,0.000000
7.844882,767217925266335522519883445024076189285011550871142232477027495248711373983247735610388702049736613087710340681310587522844892777576906362265240880995955409648802515137759691563363653616862712159688752916061815970988032.000000,2183939385730308635208420668460933914736575353792636055752251780277989982624268939247965316352032902605804190037285301907091865443511872780909337358499977323070554945362491120558481062474374010441479208921758922607624477388728235833881085870080.000000,-0.257375,767217925266335522519883445024076189285011550871142232477027495248711373983247735610388702049736613087710340681310587522844892777576906362265240880995955409648802515137759691563363653616862712159688752916061815970988032.000000,2183939385730308635208420668460933914736575353792636055752251780277989982624268939247965316352032902605804190037285301907091865443511872780909337358499977323070554945362491120558481062474374010441479208921758922607624477388728235833881085870080.000000,0.000000,0.000000,0.000000
7.878242,767217925266335522519883445024076189285011550871142232477027495248711373983247735610388702049736613087710340681310587522844892777576906362265240880995955409648802515137759691563363653616862712159688752916061815970988032.000000,2183939385730308635208420668460933914736575353792636055752251780277989982624268939247965316352032902605804190037285301907091865443511872780909337358499977323070554945362491120558481062474374010441479208921758922607624477388728235833881085870080.000000,-0.257375,767217925266335522519883445024076189285011550871142232477027495248711373983247735610388702049736613087710340681310587522844892777576906362265240880995955409648802515137759691563363653616862712159688752916061815970988032.000000,2183939385730308635208420668460933914736575353792636055752251780277989982624268939247965316352032902605804190037285301907091865443511872780909337358499977323070554945362491120558481062474374010441479208921758922607624477388728235833881085870080.000000,0.000000,0.000000,0.000000
7.912023,767217925266335522519883445024076189285011550871142232477027495248711373983247735610388702049736613087710340681310587522844892777576906362265240880995955409648802515137759691563363653616862712159688752916061815970988032.000000,2183939385730308635208420668460933914736575353792636055752251780277989982624268939247965316352032902605804190037285301907091865443511872780909337358499977323070554945362491120558481062474374010441479208921758922607624477388728235833881085870080.000000,-0.257375,767217925266335522519883445024076189285011550871142232477027495248711373983247735610388702049736613087710340681310587522844892777576906362265240880995955409648802515137759691563363653616862712159688752916061815970988032.000000,2183939385730308635208420668460933914736575353792636055752251780277989982624268939247965316352032902605804190037285301907091865443511872780909337358499977323070554945362491120558481062474374010441479208921758922607624477388728235833881085870080.000000,0.000000,0.000000,0.000000
7.944990,767217925266335522519883445024076189285011550871142232477027495248711373983247735610388702049736613087710340681310587522844892777576906362265240880995955409648802515137759691563363653616862712159688752916061815970988032.000000,2183939385730308635208420668460933914736575353792636055752251780277989982624268939247965316352032902605804190037285301907091865443511872780909337358499977323070554945362491120558481062474374010441479208921758922607624477388728235833881085870080.000000,-0.257375,767217925266335522519883445024076189285011550871142232477027495248711373983247735610388702049736613087710340681310587522844892777576906362265240880995955409648802515137759691563363653616862712159688752916061815970988032.000000,2183939385730308635208420668460933914736575353792636055752251780277989982624268939247965316352032902605804190037285301907091865443511872780909337358499977323070554945362491120558481062474374010441479208921758922607624477388728235833881085870080.000000,0.000000,0.000000,0.000000
7.997511,767217925266335522519883445024076189285011550871142232477027495248711373983247735610388702049736613087710340681310587522844892777576906362265240880995955409648802515137759691563363653616862712159688752916061815970988032.000000,2183939385730308635208420668460933914736575353792636055752251780277989982624268939247965316352032902605804190037285301907091865443511872780909337358499977323070554945362491120558481062474374010441479208921758922607624477388728235833881085870080.000000,-0.257375,767217925266335522519883445024076189285011550871142232477027495248711373983247735610388702049736613087710340681310587522844892777576906362265240880995955409648802515137759691563363653616862712159688752916061815970988032.000000,2183939385730308635208420668460933914736575353792636055752251780277989982624268939247965316352032902605804190037285301907091865443511872780909337358499977323070554945362491120558481062474374010441479208921758922607624477388728235833881085870080.000000,0.000000,0.000000,0.000000
8.011404,767217925266335522519883445024076189285011550871142232477027495248711373983247735610388702049736613087710340681310587522844892777576906362265240880995955409648802515137759691563363653616862712159688752916061815970988032.000000,2183939385730308635208420668460933914736575353792636055752251780277989982624268939247965316352032902605804190037285301907091865443511872780909337358499977323070554945362491120558481062474374010441479208921758922607624477388728235833881085870080.000000,-0.257375,767217925266335522519883445024076189285011550871142232477027495248711373983247735610388702049736613087710340681310587522844892777576906362265240880995955409648802515137759691563363653616862712159688752916061815970988032.000000,2183939385730308635208420668460933914736575353792636055752251780277989982624268939247965316352032902605804190037285301907091865443511872780909337358499977323070554945362491120558481062474374010441479208921758922607624477388728235833881085870080.000000,0.000000,0.000000,0.000000
8.045070,767217925266335522519883445024076189285011550871142232477027495248711373983247735610388702049736613087710340681310587522844892777576906362265240880995955409648802515137759691563363653616862712159688752916061815970988032.000000,2183939385730308635208420668460933914736575353792636055752251780277989982624268939247965316352032902605804190037285301907091865443511872780909337358499977323070554945362491120558481062474374010441479208921758922607624477388728235833881085870080.000000,-0.257375,767217925266335522519883445024076189285011550871142232477027495248711373983247735610388702049736613087710340681310587522844892777576906362265240880995955409648802515137759691563363653616862712159688752916061815970988032.000000,2183939385730308635208420668460933914736575353792636055752251780277989982624268939247965316352032902605804190037285301907091865443511872780909337358499977323070554945362491120558481062474374010441479208921758922607624477388728235833881085870080.000000,0.000000,0.000000,0.000000
8.078190,767217925266335522519883445024076189285011550871142232477027495248711373983247735610388702049736613087710340681310587522844892777576906362265240880995955409648802515137759691563363653616862712159688752916061815970988032.000000,2183939385730308635208420668460933914736575353792636055752251780277989982624268939247965316352032902605804190037285301907091865443511872780909337358499977323070554945362491120558481062474374010441479208921758922607624477388728235833881085870080.000000,-0.257375,767217925266335522519883445024076189285011550871142232477027495248711373983247735610388702049736613087710340681310587522844892777576906362265240880995955409648802515137759691563363653616862712159688752916061815970988032.000000,2183939385730308635208420668460933914736575353792636055752251780277989982624268939247965316352032902605804190037285301907091865443511872780909337358499977323070554945362491120558481062474374010441479208921758922607624477388728235833881085870080.000000,0.000000,0.000000,0.000000
8.111525,767217925266335522519883445024076189285011550871142232477027495248711373983247735610388702049736613087710340681310587522844892777576906362265240880995955409648802515137759691563363653616862712159688752916061815970988032.000000,2183939385730308635208420668460933914736575353792636055752251780277989982624268939247965316352032902605804190037285301907091865443511872780909337358499977323070554945362491120558481062474374010441479208921758922607624477388728235833881085870080.000000,-0.257375,767217925266335522519883445024076189285011550871142232477027495248711373983247735610388702049736613087710340681310587522844892777576906362265240880995955409648802515137759691563363653616862712159688752916061815970988032.000000,2183939385730308635208420668460933914736575353792636055752251780277989982624268939247965316352032902605804190037285301907091865443511872780909337358499977323070554945362491120558481062474374010441479208921758922607624477388728235833881085870080.000000,0.000000,0.000000,0.000000
8.144712,767217925266335522519883445024076189285011550871142232477027495248711373983247735610388702049736613087710340681310587522844892777576906362265240880995955409648802515137759691563363653616862712159688752916061815970988032.000000,2183939385730308635208420668460933914736575353792636055752251780277989982624268939247965316352032902605804190037285301907091865443511872780909337358499977323070554945362491120558481062474374010441479208921758922607624477388728235833881085870080.000000,-0.257375,767217925266335522519883445024076189285011550871142232477027495248711373983247735610388702049736613087710340681310587522844892777576906362265240880995955409648802515137759691563363653616862712159688752916061815970988032.000000,2183939385730308635208420668460933914736575353792636055752251780277989982624268939247965316352032902605804190037285301907091865443511872780909337358499977323070554945362491120558481062474374010441479208921758922607624477388728235833881085870080.000000,0.000000,0.000000,0.000000
8.178884,767217925266335522519883445024076189285011550871142232477027495248711373983247735610388702049736613087710340681310587522844892777576906362265240880995955409648802515137759691563363653616862712159688752916061815970988032.000000,2183939385730308635208420668460933914736575353792636055752251780277989982624268939247965316352032902605804190037285301907091865443511872780909337358499977323070554945362491120558481062474374010441479208921758922607624477388728235833881085870080.000000,-0.257375,767217925266335522519883445024076189285011550871142232477027495248711373983247735610388702049736613087710340681310587522844892777576906362265240880995955409648802515137759691563363653616862712159688752916061815970988032.000000,2183939385730308635208420668460933914736575353792636055752251780277989982624268939247965316352032902605804190037285301907091865443511872780909337358499977323070554945362491120558481062474374010441479208921758922607624477388728235833881085870080.000000,0.000000,0.000000,0.000000
8.211529,767217925266335522519883445024076189285011550871142232477027495248711373983247735610388702049736613087710340681310587522844892777576906362265240880995955409648802515137759691563363653616862712159688752916061815970988032.000000,2183939385730308635208420668460933914736575353792636055752251780277989982624268939247965316352032902605804190037285301907091865443511872780909337358499977323070554945362491120558481062474374010441479208921758922607624477388728235833881085870080.000000,-0.257375,767217925266335522519883445024076189285011550871142232477027495248711373983247735610388702049736613087710340681310587522844892777576906362265240880995955409648802515137759691563363653616862712159688752916061815970988032.000000,2183939385730308635208420668460933914736575353792636055752251780277989982624268939247965316352032902605804190037285301907091865443511872780909337358499977323070554945362491120558481062474374010441479208921758922607624477388728235833881085870080.000000,0.000000,0.000000,0.000000
8.244885,767217925266335522519883445024076189285011550871142232477027495248711373983247735610388702049736613087710340681310587522844892777576906362265240880995955409648802515137759691563363653616862712159688752916061815970988032.000000,2183939385730308635208420668460933914736575353792636055752251780277989982624268939247965316352032902605804190037285301907091865443511872780909337358499977323070554945362491120558481062474374010441479208921758922607624477388728235833881085870080.000000,-0.257375,767217925266335522519883445024076189285011550871142232477027495248711373983247735610388702049736613087710340681310587522844892777576906362265240880995955409648802515137759691563363653616862712159688752916061815970988032.000000,2183939385730308635208420668460933914736575353792636055752251780277989982624268939247965316352032902605804190037285301907091865443511872780909337358499977323070554945362491120558481062474374010441479208921758922607624477388728235833881085870080.000000,0.000000,0.000000,0.000000
8.278597,767217925266335522519883445024076189285011550871142232477027495248711373983247735610388702049736613087710340681310587522844892777576906362265240880995955409648802515137759691563363653616862712159688752916061815970988032.000000,2183939385730308635208420668460933914736575353792636055752251780277989982624268939247965316352032902605804190037285301907091865443511872780909337358499977323070554945362491120558481062474374010441479208921758922607624477388728235833881085870080.000000,-0.257375,767217925266335522519883445024076189285011550871142232477027495248711373983247735610388702049736613087710340681310587522844892777576906362265240880995955409648802515137759691563363653616862712159688752916061815970988032.000000,2183939385730308635208420668460933914736575353792636055752251780277989982624268939247965316352032902605804190037285301907091865443511872780909337358499977323070554945362491120558481062474374010441479208921758922607624477388728235833881085870080.000000,0.000000,0.000000,0.000000
8.311629,767217925266335522519883445024076189285011550871142232477027495248711373983247735610388702049736613087710340681310587522844892777576906362265240880995955409648802515137759691563363653616862712159688752916061815970988032.000000,2183939385730308635208420668460933914736575353792636055752251780277989982624268939247965316352032902605804190037285301907091865443511872780909337358499977323070554945362491120558481062474374010441479208921758922607624477388728235833881085870080.000000,-0.257375,767217925266335522519883445024076189285011550871142232477027495248711373983247735610388702049736613087710340681310587522844892777576906362265240880995955409648802515137759691563363653616862712159688752916061815970988032.000000,2183939385730308635208420668460933914736575353792636055752251780277989982624268939247965316352032902605804190037285301907091865443511872780909337358499977323070554945362491120558481062474374010441479208921758922607624477388728235833881085870080.000000,0.000000,0.000000,0.000000
8.347525,767217925266335522519883445024076189285011550871142232477027495248711373983247735610388702049736613087710340681310587522844892777576906362265240880995955409648802515137759691563363653616862712159688752916061815970988032.000000,2183939385730308635208420668460933914736575353792636055752251780277989982624268939247965316352032902605804190037285301907091865443511872780909337358499977323070554945362491120558481062474374010441479208921758922607624477388728235833881085870080.000000,-0.257375,767217925266335522519883445024076189285011550871142232477027495248711373983247735610388702049736613087710340681310587522844892777576906362265240880995955409648802515137759691563363653616862712159688752916061815970988032.000000,2183939385730308635208420668460933914736575353792636055752251780277989982624268939247965316352032902605804190037285301907091865443511872780909337358499977323070554945362491120558481062474374010441479208921758922607624477388728235833881085870080.000000,0.000000,0.000000,0.000000
8.378465,767217925266335522519883445024076189285011550871142232477027495248711373983247735610388702049736613087710340681310587522844892777576906362265240880995955409648802515137759691563363653616862712159688752916061815970988032.000000,2183939385730308635208420668460933914736575353792636055752251780277989982624268939247965316352032902605804190037285301907091865443511872780909337358499977323070554945362491120558481062474374010441479208921758922607624477388728235833881085870080.000000,-0.257375,767217925266335522519883445024076189285011550871142232477027495248711373983247735610388702049736613087710340681310587522844892777576906362265240880995955409648802515137759691563363653616862712159688752916061815970988032.000000,2183939385730308635208420668460933914736575353792636055752251780277989982624268939247965316352032902605804190037285301907091865443511872780909337358499977323070554945362491120558481062474374010441479208921758922607624477388728235833881085870080.000000,0.000000,0.000000,0.000000
8.411786,767217925266335522519883445024076189285011550871142232477027495248711373983247735610388702049736613087710340681310587522844892777576906362265240880995955409648802515137759691563363653616862712159688752916061815970988032.000000,2183939385730308635208420668460933914736575353792636055752251780277989982624268939247965316352032902605804190037285301907091865443511872780909337358499977323070554945362491120558481062474374010441479208921758922607624477388728235833881085870080.000000,-0.257375,767217925266335522519883445024076189285011550871142232477027495248711373983247735610388702049736613087710340681310587522844892777576906362265240880995955409648802515137759691563363653616862712159688752916061815970988032.000000,2183939385730308635208420668460933914736575353792636055752251780277989982624268939247965316352032902605804190037285301907091865443511872780909337358499977323070554945362491120558481062474374010441479208921758922607624477388728235833881085870080.000000,0.000000,0.000000,0.000000
8.444948,767217925266335522519883445024076189285011550871142232477027495248711373983247735610388702049736613087710340681310587522844892777576906362265240880995955409648802515137759691563363653616862712159688752916061815970988032.000000,2183939385730308635208420668460933914736575353792636055752251780277989982624268939247965316352032902605804190037285301907091865443511872780909337358499977323070554945362491120558481062474374010441479208921758922607624477388728235833881085870080.000000,-0.257375,767217925266335522519883445024076189285011550871142232477027495248711373983247735610388702049736613087710340681310587522844892777576906362265240880995955409648802515137759691563363653616862712159688752916061815970988032.000000,2183939385730308635208420668460933914736575353792636055752251780277989982624268939247965316352032902605804190037285301907091865443511872780909337358499977323070554945362491120558481062474374010441479208921758922607624477388728235833881085870080.000000,0.000000,0.000000,0.000000
8.478024,767217925266335522519883445024076189285011550871142232477027495248711373983247735610388702049736613087710340681310587522844892777576906362265240880995955409648802515137759691563363653616862712159688752916061815970988032.000000,2183939385730308635208420668460933914736575353792636055752251780277989982624268939247965316352032902605804190037285301907091865443511872780909337358499977323070554945362491120558481062474374010441479208921758922607624477388728235833881085870080.000000,-0.257375,767217925266335522519883445024076189285011550871142232477027495248711373983247735610388702049736613087710340681310587522844892777576906362265240880995955409648802515137759691563363653616862712159688752916061815970988032.000000,2183939385730308635208420668460933914736575353792636055752251780277989982624268939247965316352032902605804190037285301907091865443511872780909337358499977323070554945362491120558481062474374010441479208921758922607624477388728235833881085870080.000000,0.000000,0.000000,0.000000
8.511685,767217925266335522519883445024076189285011550871142232477027495248711373983247735610388702049736613087710340681310587522844892777576906362265240880995955409648802515137759691563363653616862712159688752916061815970988032.000000,2183939385730308635208420668460933914736575353792636055752251780277989982624268939247965316352032902605804190037285301907091865443511872780909337358499977323070554945362491120558481062474374010441479208921758922607624477388728235833881085870080.000000,-0.257375,767217925266335522519883445024076189285011550871142232477027495248711373983247735610388702049736613087710340681310587522844892777576906362265240880995955409648802515137759691563363653616862712159688752916061815970988032.000000,2183939385730308635208420668460933914736575353792636055752251780277989982624268939247965316352032902605804190037285301907091865443511872780909337358499977323070554945362491120558481062474374010441479208921758922607624477388728235833881085870080.000000,0.000000,0.000000,0.000000
8.544889,767217925266335522519883445024076189285011550871142232477027495248711373983247735610388702049736613087710340681310587522844892777576906362265240880995955409648802515137759691563363653616862712159688752916061815970988032.000000,2183939385730308635208420668460933914736575353792636055752251780277989982624268939247965316352032902605804190037285301907091865443511872780909337358499977323070554945362491120558481062474374010441479208921758922607624477388728235833881085870080.000000,-0.257375,767217925266335522519883445024076189285011550871142232477027495248711373983247735610388702049736613087710340681310587522844892777576906362265240880995955409648802515137759691563363653616862712159688752916061815970988032.000000,2183939385730308635208420668460933914736575353792636055752251780277989982624268939247965316352032902605804190037285301907091865443511872780909337358499977323070554945362491120558481062474374010441479208921758922607624477388728235833881085870080.000000,0.000000,0.000000,0.000000
8.578506,767217925266335522519883445024076189285011550871142232477027495248711373983247735610388702049736613087710340681310587522844892777576906362265240880995955409648802515137759691563363653616862712159688752916061815970988032.000000,2183939385730308635208420668460933914736575353792636055752251780277989982624268939247965316352032902605804190037285301907091865443511872780909337358499977323070554945362491120558481062474374010441479208921758922607624477388728235833881085870080.000000,-0.257375,767217925266335522519883445024076189285011550871142232477027495248711373983247735610388702049736613087710340681310587522844892777576906362265240880995955409648802515137759691563363653616862712159688752916061815970988032.000000,2183939385730308635208420668460933914736575353792636055752251780277989982624268939247965316352032902605804190037285301907091865443511872780909337358499977323070554945362491120558481062474374010441479208921758922607624477388728235833881085870080.000000,0.000000,0.000000,0.000000
8.614319,767217925266335522519883445024076189285011550871142232477027495248711373983247735610388702049736613087710340681310587522844892777576906362265240880995955409648802515137759691563363653616862712159688752916061815970988032.000000,2183939385730308635208420668460933914736575353792636055752251780277989982624268939247965316352032902605804190037285301907091865443511872780909337358499977323070554945362491120558481062474374010441479208921758922607624477388728235833881085870080.000000,-0.257375,767217925266335522519883445024076189285011550871142232477027495248711373983247735610388702049736613087710340681310587522844892777576906362265240880995955409648802515137759691563363653616862712159688752916061815970988032.000000,2183939385730308635208420668460933914736575353792636055752251780277989982624268939247965316352032902605804190037285301907091865443511872780909337358499977323070554945362491120558481062474374010441479208921758922607624477388728235833881085870080.000000,0.000000,0.000000,0.000000
8.644927,767217925266335522519883445024076189285011550871142232477027495248711373983247735610388702049736613087710340681310587522844892777576906362265240880995955409648802515137759691563363653616862712159688752916061815970988032.000000,2183939385730308635208420668460933914736575353792636055752251780277989982624268939247965316352032902605804190037285301907091865443511872780909337358499977323070554945362491120558481062474374010441479208921758922607624477388728235833881085870080.000000,-0.257375,767217925266335522519883445024076189285011550871142232477027495248711373983247735610388702049736613087710340681310587522844892777576906362265240880995955409648802515137759691563363653616862712159688752916061815970988032.000000,2183939385730308635208420668460933914736575353792636055752251780277989982624268939247965316352032902605804190037285301907091865443511872780909337358499977323070554945362491120558481062474374010441479208921758922607624477388728235833881085870080.000000,0.000000,0.000000,0.000000
8.678335,767217925266335522519883445024076189285011550871142232477027495248711373983247735610388702049736613087710340681310587522844892777576906362265240880995955409648802515137759691563363653616862712159688752916061815970988032.000000,2183939385730308635208420668460933914736575353792636055752251780277989982624268939247965316352032902605804190037285301907091865443511872780909337358499977323070554945362491120558481062474374010441479208921758922607624477388728235833881085870080.000000,-0.257375,767217925266335522519883445024076189285011550871142232477027495248711373983247735610388702049736613087710340681310587522844892777576906362265240880995955409648802515137759691563363653616862712159688752916061815970988032.000000,2183939385730308635208420668460933914736575353792636055752251780277989982624268939247965316352032902605804190037285301907091865443511872780909337358499977323070554945362491120558481062474374010441479208921758922607624477388728235833881085870080.000000,0.000000,0.000000,0.000000
8.713972,767217925266335522519883445024076189285011550871142232477027495248711373983247735610388702049736613087710340681310587522844892777576906362265240880995955409648802515137759691563363653616862712159688752916061815970988032.000000,2183939385730308635208420668460933914736575353792636055752251780277989982624268939247965316352032902605804190037285301907091865443511872780909337358499977323070554945362491120558481062474374010441479208921758922607624477388728235833881085870080.000000,-0.257375,767217925266335522519883445024076189285011550871142232477027495248711373983247735610388702049736613087710340681310587522844892777576906362265240880995955409648802515137759691563363653616862712159688752916061815970988032.000000,2183939385730308635208420668460933914736575353792636055752251780277989982624268939247965316352032902605804190037285301907091865443511872780909337358499977323070554945362491120558481062474374010441479208921758922607624477388728235833881085870080.000000,0.000000,0.000000,0.000000
8.744798,767217925266335522519883445024076189285011550871142232477027495248711373983247735610388702049736613087710340681310587522844892777576906362265240880995955409648802515137759691563363653616862712159688752916061815970988032.000000,2183939385730308635208420668460933914736575353792636055752251780277989982624268939247965316352032902605804190037285301907091865443511872780909337358499977323070554945362491120558481062474374010441479208921758922607624477388728235833881085870080.000000,-0.257375,767217925266335522519883445024076189285011550871142232477027495248711373983247735610388702049736613087710340681310587522844892777576906362265240880995955409648802515137759691563363653616862712159688752916061815970988032.000000,2183939385730308635208420668460933914736575353792636055752251780277989982624268939247965316352032902605804190037285301907091865443511872780909337358499977323070554945362491120558481062474374010441479208921758922607624477388728235833881085870080.000000,0.000000,0.000000,0.000000
8.778192,767217925266335522519883445024076189285011550871142232477027495248711373983247735610388702049736613087710340681310587522844892777576906362265240880995955409648802515137759691563363653616862712159688752916061815970988032.000000,2183939385730308635208420668460933914736575353792636055752251780277989982624268939247965316352032902605804190037285301907091865443511872780909337358499977323070554945362491120558481062474374010441479208921758922607624477388728235833881085870080.000000,-0.257375,767217925266335522519883445024076189285011550871142232477027495248711373983247735610388702049736613087710340681310587522844892777576906362265240880995955409648802515137759691563363653616862712159688752916061815970988032.000000,2183939385730308635208420668460933914736575353792636055752251780277989982624268939247965316352032902605804190037285301907091865443511872780909337358499977323070554945362491120558481062474374010441479208921758922607624477388728235833881085870080.000000,0.000000,0.000000,0.000000
8.811979,767217925266335522519883445024076189285011550871142232477027495248711373983247735610388702049736613087710340681310587522844892777576906362265240880995955409648802515137759691563363653616862712159688752916061815970988032.000000,2183939385730308635208420668460933914736575353792636055752251780277989982624268939247965316352032902605804190037285301907091865443511872780909337358499977323070554945362491120558481062474374010441479208921758922607624477388728235833881085870080.000000,-0.257375,767217925266335522519883445024076189285011550871142232477027495248711373983247735610388702049736613087710340681310587522844892777576906362265240880995955409648802515137759691563363653616862712159688752916061815970988032.000000,2183939385730308635208420668460933914736575353792636055752251780277989982624268939247965316352032902605804190037285301907091865443511872780909337358499977323070554945362491120558481062474374010441479208921758922607624477388728235833881085870080.000000,0.000000,0.000000,0.000000
8.845246,767217925266335522519883445024076189285011550871142232477027495248711373983247735610388702049736613087710340681310587522844892777576906362265240880995955409648802515137759691563363653616862712159688752916061815970988032.000000,2183939385730308635208420668460933914736575353792636055752251780277989982624268939247965316352032902605804190037285301907091865443511872780909337358499977323070554945362491120558481062474374010441479208921758922607624477388728235833881085870080.000000,-0.257375,767217925266335522519883445024076189285011550871142232477027495248711373983247735610388702049736613087710340681310587522844892777576906362265240880995955409648802515137759691563363653616862712159688752916061815970988032.000000,2183939385730308635208420668460933914736575353792636055752251780277989982624268939247965316352032902605804190037285301907091865443511872780909337358499977323070554945362491120558481062474374010441479208921758922607624477388728235833881085870080.000000,0.000000,0.000000,0.000000
8.878502,767217925266335522519883445024076189285011550871142232477027495248711373983247735610388702049736613087710340681310587522844892777576906362265240880995955409648802515137759691563363653616862712159688752916061815970988032.000000,2183939385730308635208420668460933914736575353792636055752251780277989982624268939247965316352032902605804190037285301907091865443511872780909337358499977323070554945362491120558481062474374010441479208921758922607624477388728235833881085870080.000000,-0.257375,767217925266335522519883445024076189285011550871142232477027495248711373983247735610388702049736613087710340681310587522844892777576906362265240880995955409648802515137759691563363653616862712159688752916061815970988032.000000,2183939385730308635208420668460933914736575353792636055752251780277989982624268939247965316352032902605804190037285301907091865443511872780909337358499977323070554945362491120558481062474374010441479208921758922607624477388728235833881085870080.000000,0.000000,0.000000,0.000000
8.911426,767217925266335522519883445024076189285011550871142232477027495248711373983247735610388702049736613087710340681310587522844892777576906362265240880995955409648802515137759691563363653616862712159688752916061815970988032.000000,2183939385730308635208420668460933914736575353792636055752251780277989982624268939247965316352032902605804190037285301907091865443511872780909337358499977323070554945362491120558481062474374010441479208921758922607624477388728235833881085870080.000000,-0.257375,767217925266335522519883445024076189285011550871142232477027495248711373983247735610388702049736613087710340681310587522844892777576906362265240880995955409648802515137759691563363653616862712159688752916061815970988032.000000,2183939385730308635208420668460933914736575353792636055752251780277989982624268939247965316352032902605804190037285301907091865443511872780909337358499977323070554945362491120558481062474374010441479208921758922607624477388728235833881085870080.000000,0.000000,0.000000,0.000000
8.944695,767217925266335522519883445024076189285011550871142232477027495248711373983247735610388702049736613087710340681310587522844892777576906362265240880995955409648802515137759691563363653616862712159688752916061815970988032.000000,2183939385730308635208420668460933914736575353792636055752251780277989982624268939247965316352032902605804190037285301907091865443511872780909337358499977323070554945362491120558481062474374010441479208921758922607624477388728235833881085870080.000000,-0.257375,767217925266335522519883445024076189285011550871142232477027495248711373983247735610388702049736613087710340681310587522844892777576906362265240880995955409648802515137759691563363653616862712159688752916061815970988032.000000,2183939385730308635208420668460933914736575353792636055752251780277989982624268939247965316352032902605804190037285301907091865443511872780909337358499977323070554945362491120558481062474374010441479208921758922607624477388728235833881085870080.000000,0.000000,0.000000,0.000000
8.992915,767217925266335522519883445024076189285011550871142232477027495248711373983247735610388702049736613087710340681310587522844892777576906362265240880995955409648802515137759691563363653616862712159688752916061815970988032.000000,2183939385730308635208420668460933914736575353792636055752251780277989982624268939247965316352032902605804190037285301907091865443511872780909337358499977323070554945362491120558481062474374010441479208921758922607624477388728235833881085870080.000000,-0.257375,767217925266335522519883445024076189285011550871142232477027495248711373983247735610388702049736613087710340681310587522844892777576906362265240880995955409648802515137759691563363653616862712159688752916061815970988032.000000,2183939385730308635208420668460933914736575353792636055752251780277989982624268939247965316352032902605804190037285301907091865443511872780909337358499977323070554945362491120558481062474374010441479208921758922607624477388728235833881085870080.000000,0.000000,0.000000,0.000000
9.011350,767217925266335522519883445024076189285011550871142232477027495248711373983247735610388702049736613087710340681310587522844892777576906362265240880995955409648802515137759691563363653616862712159688752916061815970988032.000000,2183939385730308635208420668460933914736575353792636055752251780277989982624268939247965316352032902605804190037285301907091865443511872780909337358499977323070554945362491120558481062474374010441479208921758922607624477388728235833881085870080.000000,-0.257375,767217925266335522519883445024076189285011550871142232477027495248711373983247735610388702049736613087710340681310587522844892777576906362265240880995955409648802515137759691563363653616862712159688752916061815970988032.000000,2183939385730308635208420668460933914736575353792636055752251780277989982624268939247965316352032902605804190037285301907091865443511872780909337358499977323070554945362491120558481062474374010441479208921758922607624477388728235833881085870080.000000,0.000000,0.000000,0.000000
9.044735,767217925266335522519883445024076189285011550871142232477027495248711373983247735610388702049736613087710340681310587522844892777576906362265240880995955409648802515137759691563363653616862712159688752916061815970988032.000000,2183939385730308635208420668460933914736575353792636055752251780277989982624268939247965316352032902605804190037285301907091865443511872780909337358499977323070554945362491120558481062474374010441479208921758922607624477388728235833881085870080.000000,-0.257375,767217925266335522519883445024076189285011550871142232477027495248711373983247735610388702049736613087710340681310587522844892777576906362265240880995955409648802515137759691563363653616862712159688752916061815970988032.000000,2183939385730308635208420668460933914736575353792636055752251780277989982624268939247965316352032902605804190037285301907091865443511872780909337358499977323070554945362491120558481062474374010441479208921758922607624477388728235833881085870080.000000,0.000000,0.000000,0.000000
9.078197,767217925266335522519883445024076189285011550871142232477027495248711373983247735610388702049736613087710340681310587522844892777576906362265240880995955409648802515137759691563363653616862712159688752916061815970988032.000000,2183939385730308635208420668460933914736575353792636055752251780277989982624268939247965316352032902605804190037285301907091865443511872780909337358499977323070554945362491120558481062474374010441479208921758922607624477388728235833881085870080.000000,-0.257375,767217925266335522519883445024076189285011550871142232477027495248711373983247735610388702049736613087710340681310587522844892777576906362265240880995955409648802515137759691563363653616862712159688752916061815970988032.000000,2183939385730308635208420668460933914736575353792636055752251780277989982624268939247965316352032902605804190037285301907091865443511872780909337358499977323070554945362491120558481062474374010441479208921758922607624477388728235833881085870080.000000,0.000000,0.000000,0.000000
9.111410,767217925266335522519883445024076189285011550871142232477027495248711373983247735610388702049736613087710340681310587522844892777576906362265240880995955409648802515137759691563363653616862712159688752916061815970988032.000000,2183939385730308635208420668460933914736575353792636055752251780277989982624268939247965316352032902605804190037285301907091865443511872780909337358499977323070554945362491120558481062474374010441479208921758922607624477388728235833881085870080.000000,-0.257375,767217925266335522519883445024076189285011550871142232477027495248711373983247735610388702049736613087710340681310587522844892777576906362265240880995955409648802515137759691563363653616862712159688752916061815970988032.000000,2183939385730308635208420668460933914736575353792636055752251780277989982624268939247965316352032902605804190037285301907091865443511872780909337358499977323070554945362491120558481062474374010441479208921758922607624477388728235833881085870080.000000,0.000000,0.000000,0.000000
9.144839,767217925266335522519883445024076189285011550871142232477027495248711373983247735610388702049736613087710340681310587522844892777576906362265240880995955409648802515137759691563363653616862712159688752916061815970988032.000000,2183939385730308635208420668460933914736575353792636055752251780277989982624268939247965316352032902605804190037285301907091865443511872780909337358499977323070554945362491120558481062474374010441479208921758922607624477388728235833881085870080.000000,-0.257375,767217925266335522519883445024076189285011550871142232477027495248711373983247735610388702049736613087710340681310587522844892777576906362265240880995955409648802515137759691563363653616862712159688752916061815970988032.000000,2183939385730308635208420668460933914736575353792636055752251780277989982624268939247965316352032902605804190037285301907091865443511872780909337358499977323070554945362491120558481062474374010441479208921758922607624477388728235833881085870080.000000,0.000000,0.000000,0.000000
9.180936,767217925266335522519883445024076189285011550871142232477027495248711373983247735610388702049736613087710340681310587522844892777576906362265240880995955409648802515137759691563363653616862712159688752916061815970988032.000000,2183939385730308635208420668460933914736575353792636055752251780277989982624268939247965316352032902605804190037285301907091865443511872780909337358499977323070554945362491120558481062474374010441479208921758922607624477388728235833881085870080.000000,-0.257375,767217925266335522519883445024076189285011550871142232477027495248711373983247735610388702049736613087710340681310587522844892777576906362265240880995955409648802515137759691563363653616862712159688752916061815970988032.000000,2183939385730308635208420668460933914736575353792636055752251780277989982624268939247965316352032902605804190037285301907091865443511872780909337358499977323070554945362491120558481062474374010441479208921758922607624477388728235833881085870080.000000,0.000000,0.000000,0.000000
9.213039,767217925266335522519883445024076189285011550871142232477027495248711373983247735610388702049736613087710340681310587522844892777576906362265240880995955409648802515137759691563363653616862712159688752916061815970988032.000000,2183939385730308635208420668460933914736575353792636055752251780277989982624268939247965316352032902605804190037285301907091865443511872780909337358499977323070554945362491120558481062474374010441479208921758922607624477388728235833881085870080.000000,-0.257375,767217925266335522519883445024076189285011550871142232477027495248711373983247735610388702049736613087710340681310587522844892777576906362265240880995955409648802515137759691563363653616862712159688752916061815970988032.000000,2183939385730308635208420668460933914736575353792636055752251780277989982624268939247965316352032902605804190037285301907091865443511872780909337358499977323070554945362491120558481062474374010441479208921758922607624477388728235833881085870080.000000,0.000000,0.000000,0.000000
9.246713,767217925266335522519883445024076189285011550871142232477027495248711373983247735610388702049736613087710340681310587522844892777576906362265240880995955409648802515137759691563363653616862712159688752916061815970988032.000000,2183939385730308635208420668460933914736575353792636055752251780277989982624268939247965316352032902605804190037285301907091865443511872780909337358499977323070554945362491120558481062474374010441479208921758922607624477388728235833881085870080.000000,-0.257375,767217925266335522519883445024076189285011550871142232477027495248711373983247735610388702049736613087710340681310587522844892777576906362265240880995955409648802515137759691563363653616862712159688752916061815970988032.000000,2183939385730308635208420668460933914736575353792636055752251780277989982624268939247965316352032902605804190037285301907091865443511872780909337358499977323070554945362491120558481062474374010441479208921758922607624477388728235833881085870080.000000,0.000000,0.000000,0.000000
9.278372,767217925266335522519883445024076189285011550871142232477027495248711373983247735610388702049736613087710340681310587522844892777576906362265240880995955409648802515137759691563363653616862712159688752916061815970988032.000000,2183939385730308635208420668460933914736575353792636055752251780277989982624268939247965316352032902605804190037285301907091865443511872780909337358499977323070554945362491120558481062474374010441479208921758922607624477388728235833881085870080.000000,-0.257375,767217925266335522519883445024076189285011550871142232477027495248711373983247735610388702049736613087710340681310587522844892777576906362265240880995955409648802515137759691563363653616862712159688752916061815970988032.000000,2183939385730308635208420668460933914736575353792636055752251780277989982624268939247965316352032902605804190037285301907091865443511872780909337358499977323070554945362491120558481062474374010441479208921758922607624477388728235833881085870080.000000,0.000000,0.000000,0.000000
9.311630,767217925266335522519883445024076189285011550871142232477027495248711373983247735610388702049736613087710340681310587522844892777576906362265240880995955409648802515137759691563363653616862712159688752916061815970988032.000000,2183939385730308635208420668460933914736575353792636055752251780277989982624268939247965316352032902605804190037285301907091865443511872780909337358499977323070554945362491120558481062474374010441479208921758922607624477388728235833881085870080.000000,-0.257375,767217925266335522519883445024076189285011550871142232477027495248711373983247735610388702049736613087710340681310587522844892777576906362265240880995955409648802515137759691563363653616862712159688752916061815970988032.000000,2183939385730308635208420668460933914736575353792636055752251780277989982624268939247965316352032902605804190037285301907091865443511872780909337358499977323070554945362491120558481062474374010441479208921758922607624477388728235833881085870080.000000,0.000000,0.000000,0.000000
9.344986,767217925266335522519883445024076189285011550871142232477027495248711373983247735610388702049736613087710340681310587522844892777576906362265240880995955409648802515137759691563363653616862712159688752916061815970988032.000000,2183939385730308635208420668460933914736575353792636055752251780277989982624268939247965316352032902605804190037285301907091865443511872780909337358499977323070554945362491120558481062474374010441479208921758922607624477388728235833881085870080.000000,-0.257375,767217925266335522519883445024076189285011550871142232477027495248711373983247735610388702049736613087710340681310587522844892777576906362265240880995955409648802515137759691563363653616862712159688752916061815970988032.000000,2183939385730308635208420668460933914736575353792636055752251780277989982624268939247965316352032902605804190037285301907091865443511872780909337358499977323070554945362491120558481062474374010441479208921758922607624477388728235833881085870080.000000,0.000000,0.000000,0.000000
9.378318,767217925266335522519883445024076189285011550871142232477027495248711373983247735610388702049736613087710340681310587522844892777576906362265240880995955409648802515137759691563363653616862712159688752916061815970988032.000000,2183939385730308635208420668460933914736575353792636055752251780277989982624268939247965316352032902605804190037285301907091865443511872780909337358499977323070554945362491120558481062474374010441479208921758922607624477388728235833881085870080.000000,-0.257375,767217925266335522519883445024076189285011550871142232477027495248711373983247735610388702049736613087710340681310587522844892777576906362265240880995955409648802515137759691563363653616862712159688752916061815970988032.000000,2183939385730308635208420668460933914736575353792636055752251780277989982624268939247965316352032902605804190037285301907091865443511872780909337358499977323070554945362491120558481062474374010441479208921758922607624477388728235833881085870080.000000,0.000000,0.000000,0.000000
9.411453,767217925266335522519883445024076189285011550871142232477027495248711373983247735610388702049736613087710340681310587522844892777576906362265240880995955409648802515137759691563363653616862712159688752916061815970988032.000000,2183939385730308635208420668460933914736575353792636055752251780277989982624268939247965316352032902605804190037285301907091865443511872780909337358499977323070554945362491120558481062474374010441479208921758922607624477388728235833881085870080.000000,-0.257375,767217925266335522519883445024076189285011550871142232477027495248711373983247735610388702049736613087710340681310587522844892777576906362265240880995955409648802515137759691563363653616862712159688752916061815970988032.000000,2183939385730308635208420668460933914736575353792636055752251780277989982624268939247965316352032902605804190037285301907091865443511872780909337358499977323070554945362491120558481062474374010441479208921758922607624477388728235833881085870080.000000,0.000000,0.000000,0.000000
9.444737,767217925266335522519883445024076189285011550871142232477027495248711373983247735610388702049736613087710340681310587522844892777576906362265240880995955409648802515137759691563363653616862712159688752916061815970988032.000000,2183939385730308635208420668460933914736575353792636055752251780277989982624268939247965316352032902605804190037285301907091865443511872780909337358499977323070554945362491120558481062474374010441479208921758922607624477388728235833881085870080.000000,-0.257375,767217925266335522519883445024076189285011550871142232477027495248711373983247735610388702049736613087710340681310587522844892777576906362265240880995955409648802515137759691563363653616862712159688752916061815970988032.000000,2183939385730308635208420668460933914736575353792636055752251780277989982624268939247965316352032902605804190037285301907091865443511872780909337358499977323070554945362491120558481062474374010441479208921758922607624477388728235833881085870080.000000,0.000000,0.000000,0.000000
9.478056,767217925266335522519883445024076189285011550871142232477027495248711373983247735610388702049736613087710340681310587522844892777576906362265240880995955409648802515137759691563363653616862712159688752916061815970988032.000000,2183939385730308635208420668460933914736575353792636055752251780277989982624268939247965316352032902605804190037285301907091865443511872780909337358499977323070554945362491120558481062474374010441479208921758922607624477388728235833881085870080.000000,-0.257375,767217925266335522519883445024076189285011550871142232477027495248711373983247735610388702049736613087710340681310587522844892777576906362265240880995955409648802515137759691563363653616862712159688752916061815970988032.000000,2183939385730308635208420668460933914736575353792636055752251780277989982624268939247965316352032902605804190037285301907091865443511872780909337358499977323070554945362491120558481062474374010441479208921758922607624477388728235833881085870080.000000,0.000000,0.000000,0.000000
9.511415,767217925266335522519883445024076189285011550871142232477027495248711373983247735610388702049736613087710340681310587522844892777576906362265240880995955409648802515137759691563363653616862712159688752916061815970988032.000000,2183939385730308635208420668460933914736575353792636055752251780277989982624268939247965316352032902605804190037285301907091865443511872780909337358499977323070554945362491120558481062474374010441479208921758922607624477388728235833881085870080.000000,-0.257375,767217925266335522519883445024076189285011550871142232477027495248711373983247735610388702049736613087710340681310587522844892777576906362265240880995955409648802515137759691563363653616862712159688752916061815970988032.000000,2183939385730308635208420668460933914736575353792636055752251780277989982624268939247965316352032902605804190037285301907091865443511872780909337358499977323070554945362491120558481062474374010441479208921758922607624477388728235833881085870080.000000,0.000000,0.000000,0.000000
9.544889,767217925266335522519883445024076189285011550871142232477027495248711373983247735610388702049736613087710340681310587522844892777576906362265240880995955409648802515137759691563363653616862712159688752916061815970988032.000000,2183939385730308635208420668460933914736575353792636055752251780277989982624268939247965316352032902605804190037285301907091865443511872780909337358499977323070554945362491120558481062474374010441479208921758922607624477388728235833881085870080.000000,-0.257375,767217925266335522519883445024076189285011550871142232477027495248711373983247735610388702049736613087710340681310587522844892777576906362265240880995955409648802515137759691563363653616862712159688752916061815970988032.000000,2183939385730308635208420668460933914736575353792636055752251780277989982624268939247965316352032902605804190037285301907091865443511872780909337358499977323070554945362491120558481062474374010441479208921758922607624477388728235833881085870080.000000,0.000000,0.000000,0.000000
9.579716,767217925266335522519883445024076189285011550871142232477027495248711373983247735610388702049736613087710340681310587522844892777576906362265240880995955409648802515137759691563363653616862712159688752916061815970988032.000000,2183939385730308635208420668460933914736575353792636055752251780277989982624268939247965316352032902605804190037285301907091865443511872780909337358499977323070554945362491120558481062474374010441479208921758922607624477388728235833881085870080.000000,-0.257375,767217925266335522519883445024076189285011550871142232477027495248711373983247735610388702049736613087710340681310587522844892777576906362265240880995955409648802515137759691563363653616862712159688752916061815970988032.000000,2183939385730308635208420668460933914736575353792636055752251780277989982624268939247965316352032902605804190037285301907091865443511872780909337358499977323070554945362491120558481062474374010441479208921758922607624477388728235833881085870080.000000,0.000000,0.000000,0.000000
9.612259,767217925266335522519883445024076189285011550871142232477027495248711373983247735610388702049736613087710340681310587522844892777576906362265240880995955409648802515137759691563363653616862712159688752916061815970988032.000000,2183939385730308635208420668460933914736575353792636055752251780277989982624268939247965316352032902605804190037285301907091865443511872780909337358499977323070554945362491120558481062474374010441479208921758922607624477388728235833881085870080.000000,-0.257375,767217925266335522519883445024076189285011550871142232477027495248711373983247735610388702049736613087710340681310587522844892777576906362265240880995955409648802515137759691563363653616862712159688752916061815970988032.000000,2183939385730308635208420668460933914736575353792636055752251780277989982624268939247965316352032902605804190037285301907091865443511872780909337358499977323070554945362491120558481062474374010441479208921758922607624477388728235833881085870080.000000,0.000000,0.000000,0.000000
9.645054,767217925266335522519883445024076189285011550871142232477027495248711373983247735610388702049736613087710340681310587522844892777576906362265240880995955409648802515137759691563363653616862712159688752916061815970988032.000000,2183939385730308635208420668460933914736575353792636055752251780277989982624268939247965316352032902605804190037285301907091865443511872780909337358499977323070554945362491120558481062474374010441479208921758922607624477388728235833881085870080.000000,-0.257375,767217925266335522519883445024076189285011550871142232477027495248711373983247735610388702049736613087710340681310587522844892777576906362265240880995955409648802515137759691563363653616862712159688752916061815970988032.000000,2183939385730308635208420668460933914736575353792636055752251780277989982624268939247965316352032902605804190037285301907091865443511872780909337358499977323070554945362491120558481062474374010441479208921758922607624477388728235833881085870080.000000,0.000000,0.000000,0.000000
9.678495,767217925266335522519883445024076189285011550871142232477027495248711373983247735610388702049736613087710340681310587522844892777576906362265240880995955409648802515137759691563363653616862712159688752916061815970988032.000000,2183939385730308635208420668460933914736575353792636055752251780277989982624268939247965316352032902605804190037285301907091865443511872780909337358499977323070554945362491120558481062474374010441479208921758922607624477388728235833881085870080.000000,-0.257375,767217925266335522519883445024076189285011550871142232477027495248711373983247735610388702049736613087710340681310587522844892777576906362265240880995955409648802515137759691563363653616862712159688752916061815970988032.000000,2183939385730308635208420668460933914736575353792636055752251780277989982624268939247965316352032902605804190037285301907091865443511872780909337358499977323070554945362491120558481062474374010441479208921758922607624477388728235833881085870080.000000,0.000000,0.000000,0.000000
9.712769,767217925266335522519883445024076189285011550871142232477027495248711373983247735610388702049736613087710340681310587522844892777576906362265240880995955409648802515137759691563363653616862712159688752916061815970988032.000000,2183939385730308635208420668460933914736575353792636055752251780277989982624268939247965316352032902605804190037285301907091865443511872780909337358499977323070554945362491120558481062474374010441479208921758922607624477388728235833881085870080.000000,-0.257375,767217925266335522519883445024076189285011550871142232477027495248711373983247735610388702049736613087710340681310587522844892777576906362265240880995955409648802515137759691563363653616862712159688752916061815970988032.000000,2183939385730308635208420668460933914736575353792636055752251780277989982624268939247965316352032902605804190037285301907091865443511872780909337358499977323070554945362491120558481062474374010441479208921758922607624477388728235833881085870080.000000,0.000000,0.000000,0.000000
9.745782,767217925266335522519883445024076189285011550871142232477027495248711373983247735610388702049736613087710340681310587522844892777576906362265240880995955409648802515137759691563363653616862712159688752916061815970988032.000000,2183939385730308635208420668460933914736575353792636055752251780277989982624268939247965316352032902605804190037285301907091865443511872780909337358499977323070554945362491120558481062474374010441479208921758922607624477388728235833881085870080.000000,-0.257375,767217925266335522519883445024076189285011550871142232477027495248711373983247735610388702049736613087710340681310587522844892777576906362265240880995955409648802515137759691563363653616862712159688752916061815970988032.000000,2183939385730308635208420668460933914736575353792636055752251780277989982624268939247965316352032902605804190037285301907091865443511872780909337358499977323070554945362491120558481062474374010441479208921758922607624477388728235833881085870080.000000,0.000000,0.000000,0.000000
9.778175,767217925266335522519883445024076189285011550871142232477027495248711373983247735610388702049736613087710340681310587522844892777576906362265240880995955409648802515137759691563363653616862712159688752916061815970988032.000000,2183939385730308635208420668460933914736575353792636055752251780277989982624268939247965316352032902605804190037285301907091865443511872780909337358499977323070554945362491120558481062474374010441479208921758922607624477388728235833881085870080.000000,-0.257375,767217925266335522519883445024076189285011550871142232477027495248711373983247735610388702049736613087710340681310587522844892777576906362265240880995955409648802515137759691563363653616862712159688752916061815970988032.000000,2183939385730308635208420668460933914736575353792636055752251780277989982624268939247965316352032902605804190037285301907091865443511872780909337358499977323070554945362491120558481062474374010441479208921758922607624477388728235833881085870080.000000,0.000000,0.000000,0.000000
9.811859,767217925266335522519883445024076189285011550871142232477027495248711373983247735610388702049736613087710340681310587522844892777576906362265240880995955409648802515137759691563363653616862712159688752916061815970988032.000000,2183939385730308635208420668460933914736575353792636055752251780277989982624268939247965316352032902605804190037285301907091865443511872780909337358499977323070554945362491120558481062474374010441479208921758922607624477388728235833881085870080.000000,-0.257375,767217925266335522519883445024076189285011550871142232477027495248711373983247735610388702049736613087710340681310587522844892777576906362265240880995955409648802515137759691563363653616862712159688752916061815970988032.000000,2183939385730308635208420668460933914736575353792636055752251780277989982624268939247965316352032902605804190037285301907091865443511872780909337358499977323070554945362491120558481062474374010441479208921758922607624477388728235833881085870080.000000,0.000000,0.000000,0.000000
9.845084,767217925266335522519883445024076189285011550871142232477027495248711373983247735610388702049736613087710340681310587522844892777576906362265240880995955409648802515137759691563363653616862712159688752916061815970988032.000000,2183939385730308635208420668460933914736575353792636055752251780277989982624268939247965316352032902605804190037285301907091865443511872780909337358499977323070554945362491120558481062474374010441479208921758922607624477388728235833881085870080.000000,-0.257375,767217925266335522519883445024076189285011550871142232477027495248711373983247735610388702049736613087710340681310587522844892777576906362265240880995955409648802515137759691563363653616862712159688752916061815970988032.000000,2183939385730308635208420668460933914736575353792636055752251780277989982624268939247965316352032902605804190037285301907091865443511872780909337358499977323070554945362491120558481062474374010441479208921758922607624477388728235833881085870080.000000,0.000000,0.000000,0.000000
9.878043,767217925266335522519883445024076189285011550871142232477027495248711373983247735610388702049736613087710340681310587522844892777576906362265240880995955409648802515137759691563363653616862712159688752916061815970988032.000000,2183939385730308635208420668460933914736575353792636055752251780277989982624268939247965316352032902605804190037285301907091865443511872780909337358499977323070554945362491120558481062474374010441479208921758922607624477388728235833881085870080.000000,-0.257375,767217925266335522519883445024076189285011550871142232477027495248711373983247735610388702049736613087710340681310587522844892777576906362265240880995955409648802515137759691563363653616862712159688752916061815970988032.000000,2183939385730308635208420668460933914736575353792636055752251780277989982624268939247965316352032902605804190037285301907091865443511872780909337358499977323070554945362491120558481062474374010441479208921758922607624477388728235833881085870080.000000,0.000000,0.000000,0.000000
9.911731,767217925266335522519883445024076189285011550871142232477027495248711373983247735610388702049736613087710340681310587522844892777576906362265240880995955409648802515137759691563363653616862712159688752916061815970988032.000000,2183939385730308635208420668460933914736575353792636055752251780277989982624268939247965316352032902605804190037285301907091865443511872780909337358499977323070554945362491120558481062474374010441479208921758922607624477388728235833881085870080.000000,-0.257375,767217925266335522519883445024076189285011550871142232477027495248711373983247735610388702049736613087710340681310587522844892777576906362265240880995955409648802515137759691563363653616862712159688752916061815970988032.000000,2183939385730308635208420668460933914736575353792636055752251780277989982624268939247965316352032902605804190037285301907091865443511872780909337358499977323070554945362491120558481062474374010441479208921758922607624477388728235833881085870080.000000,0.000000,0.000000,0.000000
9.944792,767217925266335522519883445024076189285011550871142232477027495248711373983247735610388702049736613087710340681310587522844892777576906362265240880995955409648802515137759691563363653616862712159688752916061815970988032.000000,2183939385730308635208420668460933914736575353792636055752251780277989982624268939247965316352032902605804190037285301907091865443511872780909337358499977323070554945362491120558481062474374010441479208921758922607624477388728235833881085870080.000000,-0.257375,767217925266335522519883445024076189285011550871142232477027495248711373983247735610388702049736613087710340681310587522844892777576906362265240880995955409648802515137759691563363653616862712159688752916061815970988032.000000,2183939385730308635208420668460933914736575353792636055752251780277989982624268939247965316352032902605804190037285301907091865443511872780909337358499977323070554945362491120558481062474374010441479208921758922607624477388728235833881085870080.000000,0.000000,0.000000,0.000000
9.978384,767217925266335522519883445024076189285011550871142232477027495248711373983247735610388702049736613087710340681310587522844892777576906362265240880995955409648802515137759691563363653616862712159688752916061815970988032.000000,2183939385730308635208420668460933914736575353792636055752251780277989982624268939247965316352032902605804190037285301907091865443511872780909337358499977323070554945362491120558481062474374010441479208921758922607624477388728235833881085870080.000000,-0.257375,767217925266335522519883445024076189285011550871142232477027495248711373983247735610388702049736613087710340681310587522844892777576906362265240880995955409648802515137759691563363653616862712159688752916061815970988032.000000,2183939385730308635208420668460933914736575353792636055752251780277989982624268939247965316352032902605804190037285301907091865443511872780909337358499977323070554945362491120558481062474374010441479208921758922607624477388728235833881085870080.000000,0.000000,0.000000,0.000000
10.015477,767217925266335522519883445024076189285011550871142232477027495248711373983247735610388702049736613087710340681310587522844892777576906362265240880995955409648802515137759691563363653616862712159688752916061815970988032.000000,2183939385730308635208420668460933914736575353792636055752251780277989982624268939247965316352032902605804190037285301907091865443511872780909337358499977323070554945362491120558481062474374010441479208921758922607624477388728235833881085870080.000000,-0.257375,767217925266335522519883445024076189285011550871142232477027495248711373983247735610388702049736613087710340681310587522844892777576906362265240880995955409648802515137759691563363653616862712159688752916061815970988032.000000,2183939385730308635208420668460933914736575353792636055752251780277989982624268939247965316352032902605804190037285301907091865443511872780909337358499977323070554945362491120558481062474374010441479208921758922607624477388728235833881085870080.000000,0.000000,0.000000,0.000000
10.045567,767217925266335522519883445024076189285011550871142232477027495248711373983247735610388702049736613087710340681310587522844892777576906362265240880995955409648802515137759691563363653616862712159688752916061815970988032.000000,2183939385730308635208420668460933914736575353792636055752251780277989982624268939247965316352032902605804190037285301907091865443511872780909337358499977323070554945362491120558481062474374010441479208921758922607624477388728235833881085870080.000000,-0.257375,767217925266335522519883445024076189285011550871142232477027495248711373983247735610388702049736613087710340681310587522844892777576906362265240880995955409648802515137759691563363653616862712159688752916061815970988032.000000,2183939385730308635208420668460933914736575353792636055752251780277989982624268939247965316352032902605804190037285301907091865443511872780909337358499977323070554945362491120558481062474374010441479208921758922607624477388728235833881085870080.000000,0.000000,0.000000,0.000000
10.078536,767217925266335522519883445024076189285011550871142232477027495248711373983247735610388702049736613087710340681310587522844892777576906362265240880995955409648802515137759691563363653616862712159688752916061815970988032.000000,2183939385730308635208420668460933914736575353792636055752251780277989982624268939247965316352032902605804190037285301907091865443511872780909337358499977323070554945362491120558481062474374010441479208921758922607624477388728235833881085870080.000000,-0.257375,767217925266335522519883445024076189285011550871142232477027495248711373983247735610388702049736613087710340681310587522844892777576906362265240880995955409648802515137759691563363653616862712159688752916061815970988032.000000,2183939385730308635208420668460933914736575353792636055752251780277989982624268939247965316352032902605804190037285301907091865443511872780909337358499977323070554945362491120558481062474374010441479208921758922607624477388728235833881085870080.000000,0.000000,0.000000,0.000000
10.112091,767217925266335522519883445024076189285011550871142232477027495248711373983247735610388702049736613087710340681310587522844892777576906362265240880995955409648802515137759691563363653616862712159688752916061815970988032.000000,2183939385730308635208420668460933914736575353792636055752251780277989982624268939247965316352032902605804190037285301907091865443511872780909337358499977323070554945362491120558481062474374010441479208921758922607624477388728235833881085870080.000000,-0.257375,767217925266335522519883445024076189285011550871142232477027495248711373983247735610388702049736613087710340681310587522844892777576906362265240880995955409648802515137759691563363653616862712159688752916061815970988032.000000,2183939385730308635208420668460933914736575353792636055752251780277989982624268939247965316352032902605804190037285301907091865443511872780909337358499977323070554945362491120558481062474374010441479208921758922607624477388728235833881085870080.000000,0.000000,0.000000,0.000000
10.145195,767217925266335522519883445024076189285011550871142232477027495248711373983247735610388702049736613087710340681310587522844892777576906362265240880995955409648802515137759691563363653616862712159688752916061815970988032.000000,2183939385730308635208420668460933914736575353792636055752251780277989982624268939247965316352032902605804190037285301907091865443511872780909337358499977323070554945362491120558481062474374010441479208921758922607624477388728235833881085870080.000000,-0.257375,767217925266335522519883445024076189285011550871142232477027495248711373983247735610388702049736613087710340681310587522844892777576906362265240880995955409648802515137759691563363653616862712159688752916061815970988032.000000,2183939385730308635208420668460933914736575353792636055752251780277989982624268939247965316352032902605804190037285301907091865443511872780909337358499977323070554945362491120558481062474374010441479208921758922607624477388728235833881085870080.000000,0.000000,0.000000,0.000000
10.178016,767217925266335522519883445024076189285011550871142232477027495248711373983247735610388702049736613087710340681310587522844892777576906362265240880995955409648802515137759691563363653616862712159688752916061815970988032.000000,2183939385730308635208420668460933914736575353792636055752251780277989982624268939247965316352032902605804190037285301907091865443511872780909337358499977323070554945362491120558481062474374010441479208921758922607624477388728235833881085870080.000000,-0.257375,767217925266335522519883445024076189285011550871142232477027495248711373983247735610388702049736613087710340681310587522844892777576906362265240880995955409648802515137759691563363653616862712159688752916061815970988032.000000,2183939385730308635208420668460933914736575353792636055752251780277989982624268939247965316352032902605804190037285301907091865443511872780909337358499977323070554945362491120558481062474374010441479208921758922607624477388728235833881085870080.000000,0.000000,0.000000,0.000000
10.211381,767217925266335522519883445024076189285011550871142232477027495248711373983247735610388702049736613087710340681310587522844892777576906362265240880995955409648802515137759691563363653616862712159688752916061815970988032.000000,2183939385730308635208420668460933914736575353792636055752251780277989982624268939247965316352032902605804190037285301907091865443511872780909337358499977323070554945362491120558481062474374010441479208921758922607624477388728235833881085870080.000000,-0.257375,767217925266335522519883445024076189285011550871142232477027495248711373983247735610388702049736613087710340681310587522844892777576906362265240880995955409648802515137759691563363653616862712159688752916061815970988032.000000,2183939385730308635208420668460933914736575353792636055752251780277989982624268939247965316352032902605804190037285301907091865443511872780909337358499977323070554945362491120558481062474374010441479208921758922607624477388728235833881085870080.000000,0.000000,0.000000,0.000000
10.245152,767217925266335522519883445024076189285011550871142232477027495248711373983247735610388702049736613087710340681310587522844892777576906362265240880995955409648802515137759691563363653616862712159688752916061815970988032.000000,2183939385730308635208420668460933914736575353792636055752251780277989982624268939247965316352032902605804190037285301907091865443511872780909337358499977323070554945362491120558481062474374010441479208921758922607624477388728235833881085870080.000000,-0.257375,767217925266335522519883445024076189285011550871142232477027495248711373983247735610388702049736613087710340681310587522844892777576906362265240880995955409648802515137759691563363653616862712159688752916061815970988032.000000,2183939385730308635208420668460933914736575353792636055752251780277989982624268939247965316352032902605804190037285301907091865443511872780909337358499977323070554945362491120558481062474374010441479208921758922607624477388728235833881085870080.000000,0.000000,0.000000,0.000000
10.278096,767217925266335522519883445024076189285011550871142232477027495248711373983247735610388702049736613087710340681310587522844892777576906362265240880995955409648802515137759691563363653616862712159688752916061815970988032.000000,2183939385730308635208420668460933914736575353792636055752251780277989982624268939247965316352032902605804190037285301907091865443511872780909337358499977323070554945362491120558481062474374010441479208921758922607624477388728235833881085870080.000000,-0.257375,767217925266335522519883445024076189285011550871142232477027495248711373983247735610388702049736613087710340681310587522844892777576906362265240880995955409648802515137759691563363653616862712159688752916061815970988032.000000,2183939385730308635208420668460933914736575353792636055752251780277989982624268939247965316352032902605804190037285301907091865443511872780909337358499977323070554945362491120558481062474374010441479208921758922607624477388728235833881085870080.000000,0.000000,0.000000,0.000000
10.311375,767217925266335522519883445024076189285011550871142232477027495248711373983247735610388702049736613087710340681310587522844892777576906362265240880995955409648802515137759691563363653616862712159688752916061815970988032.000000,2183939385730308635208420668460933914736575353792636055752251780277989982624268939247965316352032902605804190037285301907091865443511872780909337358499977323070554945362491120558481062474374010441479208921758922607624477388728235833881085870080.000000,-0.257375,767217925266335522519883445024076189285011550871142232477027495248711373983247735610388702049736613087710340681310587522844892777576906362265240880995955409648802515137759691563363653616862712159688752916061815970988032.000000,2183939385730308635208420668460933914736575353792636055752251780277989982624268939247965316352032902605804190037285301907091865443511872780909337358499977323070554945362491120558481062474374010441479208921758922607624477388728235833881085870080.000000,0.000000,0.000000,0.000000
10.344870,767217925266335522519883445024076189285011550871142232477027495248711373983247735610388702049736613087710340681310587522844892777576906362265240880995955409648802515137759691563363653616862712159688752916061815970988032.000000,2183939385730308635208420668460933914736575353792636055752251780277989982624268939247965316352032902605804190037285301907091865443511872780909337358499977323070554945362491120558481062474374010441479208921758922607624477388728235833881085870080.000000,-0.257375,767217925266335522519883445024076189285011550871142232477027495248711373983247735610388702049736613087710340681310587522844892777576906362265240880995955409648802515137759691563363653616862712159688752916061815970988032.000000,2183939385730308635208420668460933914736575353792636055752251780277989982624268939247965316352032902605804190037285301907091865443511872780909337358499977323070554945362491120558481062474374010441479208921758922607624477388728235833881085870080.000000,0.000000,0.000000,0.000000
10.381895,767217925266335522519883445024076189285011550871142232477027495248711373983247735610388702049736613087710340681310587522844892777576906362265240880995955409648802515137759691563363653616862712159688752916061815970988032.000000,2183939385730308635208420668460933914736575353792636055752251780277989982624268939247965316352032902605804190037285301907091865443511872780909337358499977323070554945362491120558481062474374010441479208921758922607624477388728235833881085870080.000000,-0.257375,767217925266335522519883445024076189285011550871142232477027495248711373983247735610388702049736613087710340681310587522844892777576906362265240880995955409648802515137759691563363653616862712159688752916061815970988032.000000,2183939385730308635208420668460933914736575353792636055752251780277989982624268939247965316352032902605804190037285301907091865443511872780909337358499977323070554945362491120558481062474374010441479208921758922607624477388728235833881085870080.000000,0.000000,0.000000,0.000000
10.412625,767217925266335522519883445024076189285011550871142232477027495248711373983247735610388702049736613087710340681310587522844892777576906362265240880995955409648802515137759691563363653616862712159688752916061815970988032.000000,2183939385730308635208420668460933914736575353792636055752251780277989982624268939247965316352032902605804190037285301907091865443511872780909337358499977323070554945362491120558481062474374010441479208921758922607624477388728235833881085870080.000000,-0.257375,767217925266335522519883445024076189285011550871142232477027495248711373983247735610388702049736613087710340681310587522844892777576906362265240880995955409648802515137759691563363653616862712159688752916061815970988032.000000,2183939385730308635208420668460933914736575353792636055752251780277989982624268939247965316352032902605804190037285301907091865443511872780909337358499977323070554945362491120558481062474374010441479208921758922607624477388728235833881085870080.000000,0.000000,0.000000,0.000000
10.445464,767217925266335522519883445024076189285011550871142232477027495248711373983247735610388702049736613087710340681310587522844892777576906362265240880995955409648802515137759691563363653616862712159688752916061815970988032.000000,2183939385730308635208420668460933914736575353792636055752251780277989982624268939247965316352032902605804190037285301907091865443511872780909337358499977323070554945362491120558481062474374010441479208921758922607624477388728235833881085870080.000000,-0.257375,767217925266335522519883445024076189285011550871142232477027495248711373983247735610388702049736613087710340681310587522844892777576906362265240880995955409648802515137759691563363653616862712159688752916061815970988032.000000,2183939385730308635208420668460933914736575353792636055752251780277989982624268939247965316352032902605804190037285301907091865443511872780909337358499977323070554945362491120558481062474374010441479208921758922607624477388728235833881085870080.000000,0.000000,0.000000,0.000000
10.478632,767217925266335522519883445024076189285011550871142232477027495248711373983247735610388702049736613087710340681310587522844892777576906362265240880995955409648802515137759691563363653616862712159688752916061815970988032.000000,2183939385730308635208420668460933914736575353792636055752251780277989982624268939247965316352032902605804190037285301907091865443511872780909337358499977323070554945362491120558481062474374010441479208921758922607624477388728235833881085870080.000000,-0.257375,767217925266335522519883445024076189285011550871142232477027495248711373983247735610388702049736613087710340681310587522844892777576906362265240880995955409648802515137759691563363653616862712159688752916061815970988032.000000,2183939385730308635208420668460933914736575353792636055752251780277989982624268939247965316352032902605804190037285301907091865443511872780909337358499977323070554945362491120558481062474374010441479208921758922607624477388728235833881085870080.000000,0.000000,0.000000,0.000000
10.511923,767217925266335522519883445024076189285011550871142232477027495248711373983247735610388702049736613087710340681310587522844892777576906362265240880995955409648802515137759691563363653616862712159688752916061815970988032.000000,2183939385730308635208420668460933914736575353792636055752251780277989982624268939247965316352032902605804190037285301907091865443511872780909337358499977323070554945362491120558481062474374010441479208921758922607624477388728235833881085870080.000000,-0.257375,767217925266335522519883445024076189285011550871142232477027495248711373983247735610388702049736613087710340681310587522844892777576906362265240880995955409648802515137759691563363653616862712159688752916061815970988032.000000,2183939385730308635208420668460933914736575353792636055752251780277989982624268939247965316352032902605804190037285301907091865443511872780909337358499977323070554945362491120558481062474374010441479208921758922607624477388728235833881085870080.000000,0.000000,0.000000,0.000000
10.544972,767217925266335522519883445024076189285011550871142232477027495248711373983247735610388702049736613087710340681310587522844892777576906362265240880995955409648802515137759691563363653616862712159688752916061815970988032.000000,2183939385730308635208420668460933914736575353792636055752251780277989982624268939247965316352032902605804190037285301907091865443511872780909337358499977323070554945362491120558481062474374010441479208921758922607624477388728235833881085870080.000000,-0.257375,767217925266335522519883445024076189285011550871142232477027495248711373983247735610388702049736613087710340681310587522844892777576906362265240880995955409648802515137759691563363653616862712159688752916061815970988032.000000,2183939385730308635208420668460933914736575353792636055752251780277989982624268939247965316352032902605804190037285301907091865443511872780909337358499977323070554945362491120558481062474374010441479208921758922607624477388728235833881085870080.000000,0.000000,0.000000,0.000000
10.578112,767217925266335522519883445024076189285011550871142232477027495248711373983247735610388702049736613087710340681310587522844892777576906362265240880995955409648802515137759691563363653616862712159688752916061815970988032.000000,2183939385730308635208420668460933914736575353792636055752251780277989982624268939247965316352032902605804190037285301907091865443511872780909337358499977323070554945362491120558481062474374010441479208921758922607624477388728235833881085870080.000000,-0.257375,767217925266335522519883445024076189285011550871142232477027495248711373983247735610388702049736613087710340681310587522844892777576906362265240880995955409648802515137759691563363653616862712159688752916061815970988032.000000,2183939385730308635208420668460933914736575353792636055752251780277989982624268939247965316352032902605804190037285301907091865443511872780909337358499977323070554945362491120558481062474374010441479208921758922607624477388728235833881085870080.000000,0.000000,0.000000,0.000000
10.611490,767217925266335522519883445024076189285011550871142232477027495248711373983247735610388702049736613087710340681310587522844892777576906362265240880995955409648802515137759691563363653616862712159688752916061815970988032.000000,2183939385730308635208420668460933914736575353792636055752251780277989982624268939247965316352032902605804190037285301907091865443511872780909337358499977323070554945362491120558481062474374010441479208921758922607624477388728235833881085870080.000000,-0.257375,767217925266335522519883445024076189285011550871142232477027495248711373983247735610388702049736613087710340681310587522844892777576906362265240880995955409648802515137759691563363653616862712159688752916061815970988032.000000,2183939385730308635208420668460933914736575353792636055752251780277989982624268939247965316352032902605804190037285301907091865443511872780909337358499977323070554945362491120558481062474374010441479208921758922607624477388728235833881085870080.000000,0.000000,0.000000,0.000000
10.644832,767217925266335522519883445024076189285011550871142232477027495248711373983247735610388702049736613087710340681310587522844892777576906362265240880995955409648802515137759691563363653616862712159688752916061815970988032.000000,2183939385730308635208420668460933914736575353792636055752251780277989982624268939247965316352032902605804190037285301907091865443511872780909337358499977323070554945362491120558481062474374010441479208921758922607624477388728235833881085870080.000000,-0.257375,767217925266335522519883445024076189285011550871142232477027495248711373983247735610388702049736613087710340681310587522844892777576906362265240880995955409648802515137759691563363653616862712159688752916061815970988032.000000,2183939385730308635208420668460933914736575353792636055752251780277989982624268939247965316352032902605804190037285301907091865443511872780909337358499977323070554945362491120558481062474374010441479208921758922607624477388728235833881085870080.000000,0.000000,0.000000,0.000000
10.678098,767217925266335522519883445024076189285011550871142232477027495248711373983247735610388702049736613087710340681310587522844892777576906362265240880995955409648802515137759691563363653616862712159688752916061815970988032.000000,2183939385730308635208420668460933914736575353792636055752251780277989982624268939247965316352032902605804190037285301907091865443511872780909337358499977323070554945362491120558481062474374010441479208921758922607624477388728235833881085870080.000000,-0.257375,767217925266335522519883445024076189285011550871142232477027495248711373983247735610388702049736613087710340681310587522844892777576906362265240880995955409648802515137759691563363653616862712159688752916061815970988032.000000,2183939385730308635208420668460933914736575353792636055752251780277989982624268939247965316352032902605804190037285301907091865443511872780909337358499977323070554945362491120558481062474374010441479208921758922607624477388728235833881085870080.000000,0.000000,0.000000,0.000000
10.711677,767217925266335522519883445024076189285011550871142232477027495248711373983247735610388702049736613087710340681310587522844892777576906362265240880995955409648802515137759691563363653616862712159688752916061815970988032.000000,2183939385730308635208420668460933914736575353792636055752251780277989982624268939247965316352032902605804190037285301907091865443511872780909337358499977323070554945362491120558481062474374010441479208921758922607624477388728235833881085870080.000000,-0.257375,767217925266335522519883445024076189285011550871142232477027495248711373983247735610388702049736613087710340681310587522844892777576906362265240880995955409648802515137759691563363653616862712159688752916061815970988032.000000,2183939385730308635208420668460933914736575353792636055752251780277989982624268939247965316352032902605804190037285301907091865443511872780909337358499977323070554945362491120558481062474374010441479208921758922607624477388728235833881085870080.000000,0.000000,0.000000,0.000000
10.747860,767217925266335522519883445024076189285011550871142232477027495248711373983247735610388702049736613087710340681310587522844892777576906362265240880995955409648802515137759691563363653616862712159688752916061815970988032.000000,2183939385730308635208420668460933914736575353792636055752251780277989982624268939247965316352032902605804190037285301907091865443511872780909337358499977323070554945362491120558481062474374010441479208921758922607624477388728235833881085870080.000000,-0.257375,767217925266335522519883445024076189285011550871142232477027495248711373983247735610388702049736613087710340681310587522844892777576906362265240880995955409648802515137759691563363653616862712159688752916061815970988032.000000,2183939385730308635208420668460933914736575353792636055752251780277989982624268939247965316352032902605804190037285301907091865443511872780909337358499977323070554945362491120558481062474374010441479208921758922607624477388728235833881085870080.000000,0.000000,0.000000,0.000000
10.778129,767217925266335522519883445024076189285011550871142232477027495248711373983247735610388702049736613087710340681310587522844892777576906362265240880995955409648802515137759691563363653616862712159688752916061815970988032.000000,2183939385730308635208420668460933914736575353792636055752251780277989982624268939247965316352032902605804190037285301907091865443511872780909337358499977323070554945362491120558481062474374010441479208921758922607624477388728235833881085870080.000000,-0.257375,767217925266335522519883445024076189285011550871142232477027495248711373983247735610388702049736613087710340681310587522844892777576906362265240880995955409648802515137759691563363653616862712159688752916061815970988032.000000,2183939385730308635208420668460933914736575353792636055752251780277989982624268939247965316352032902605804190037285301907091865443511872780909337358499977323070554945362491120558481062474374010441479208921758922607624477388728235833881085870080.000000,0.000000,0.000000,0.000000
10.811741,767217925266335522519883445024076189285011550871142232477027495248711373983247735610388702049736613087710340681310587522844892777576906362265240880995955409648802515137759691563363653616862712159688752916061815970988032.000000,2183939385730308635208420668460933914736575353792636055752251780277989982624268939247965316352032902605804190037285301907091865443511872780909337358499977323070554945362491120558481062474374010441479208921758922607624477388728235833881085870080.000000,-0.257375,767217925266335522519883445024076189285011550871142232477027495248711373983247735610388702049736613087710340681310587522844892777576906362265240880995955409648802515137759691563363653616862712159688752916061815970988032.000000,2183939385730308635208420668460933914736575353792636055752251780277989982624268939247965316352032902605804190037285301907091865443511872780909337358499977323070554945362491120558481062474374010441479208921758922607624477388728235833881085870080.000000,0.000000,0.000000,0.000000
10.844903,767217925266335522519883445024076189285011550871142232477027495248711373983247735610388702049736613087710340681310587522844892777576906362265240880995955409648802515137759691563363653616862712159688752916061815970988032.000000,2183939385730308635208420668460933914736575353792636055752251780277989982624268939247965316352032902605804190037285301907091865443511872780909337358499977323070554945362491120558481062474374010441479208921758922607624477388728235833881085870080.000000,-0.257375,767217925266335522519883445024076189285011550871142232477027495248711373983247735610388702049736613087710340681310587522844892777576906362265240880995955409648802515137759691563363653616862712159688752916061815970988032.000000,2183939385730308635208420668460933914736575353792636055752251780277989982624268939247965316352032902605804190037285301907091865443511872780909337358499977323070554945362491120558481062474374010441479208921758922607624477388728235833881085870080.000000,0.000000,0.000000,0.000000
10.878266,767217925266335522519883445024076189285011550871142232477027495248711373983247735610388702049736613087710340681310587522844892777576906362265240880995955409648802515137759691563363653616862712159688752916061815970988032.000000,2183939385730308635208420668460933914736575353792636055752251780277989982624268939247965316352032902605804190037285301907091865443511872780909337358499977323070554945362491120558481062474374010441479208921758922607624477388728235833881085870080.000000,-0.257375,767217925266335522519883445024076189285011550871142232477027495248711373983247735610388702049736613087710340681310587522844892777576906362265240880995955409648802515137759691563363653616862712159688752916061815970988032.000000,2183939385730308635208420668460933914736575353792636055752251780277989982624268939247965316352032902605804190037285301907091865443511872780909337358499977323070554945362491120558481062474374010441479208921758922607624477388728235833881085870080.000000,0.000000,0.000000,0.000000
10.911491,767217925266335522519883445024076189285011550871142232477027495248711373983247735610388702049736613087710340681310587522844892777576906362265240880995955409648802515137759691563363653616862712159688752916061815970988032.000000,2183939385730308635208420668460933914736575353792636055752251780277989982624268939247965316352032902605804190037285301907091865443511872780909337358499977323070554945362491120558481062474374010441479208921758922607624477388728235833881085870080.000000,-0.257375,767217925266335522519883445024076189285011550871142232477027495248711373983247735610388702049736613087710340681310587522844892777576906362265240880995955409648802515137759691563363653616862712159688752916061815970988032.000000,2183939385730308635208420668460933914736575353792636055752251780277989982624268939247965316352032902605804190037285301907091865443511872780909337358499977323070554945362491120558481062474374010441479208921758922607624477388728235833881085870080.000000,0.000000,0.000000,0.000000
10.944908,767217925266335522519883445024076189285011550871142232477027495248711373983247735610388702049736613087710340681310587522844892777576906362265240880995955409648802515137759691563363653616862712159688752916061815970988032.000000,2183939385730308635208420668460933914736575353792636055752251780277989982624268939247965316352032902605804190037285301907091865443511872780909337358499977323070554945362491120558481062474374010441479208921758922607624477388728235833881085870080.000000,-0.257375,767217925266335522519883445024076189285011550871142232477027495248711373983247735610388702049736613087710340681310587522844892777576906362265240880995955409648802515137759691563363653616862712159688752916061815970988032.000000,2183939385730308635208420668460933914736575353792636055752251780277989982624268939247965316352032902605804190037285301907091865443511872780909337358499977323070554945362491120558481062474374010441479208921758922607624477388728235833881085870080.000000,0.000000,0.000000,0.000000
10.978113,767217925266335522519883445024076189285011550871142232477027495248711373983247735610388702049736613087710340681310587522844892777576906362265240880995955409648802515137759691563363653616862712159688752916061815970988032.000000,2183939385730308635208420668460933914736575353792636055752251780277989982624268939247965316352032902605804190037285301907091865443511872780909337358499977323070554945362491120558481062474374010441479208921758922607624477388728235833881085870080.000000,-0.257375,767217925266335522519883445024076189285011550871142232477027495248711373983247735610388702049736613087710340681310587522844892777576906362265240880995955409648802515137759691563363653616862712159688752916061815970988032.000000,2183939385730308635208420668460933914736575353792636055752251780277989982624268939247965316352032902605804190037285301907091865443511872780909337358499977323070554945362491120558481062474374010441479208921758922607624477388728235833881085870080.000000,0.000000,0.000000,0.000000
11.011382,767217925266335522519883445024076189285011550871142232477027495248711373983247735610388702049736613087710340681310587522844892777576906362265240880995955409648802515137759691563363653616862712159688752916061815970988032.000000,2183939385730308635208420668460933914736575353792636055752251780277989982624268939247965316352032902605804190037285301907091865443511872780909337358499977323070554945362491120558481062474374010441479208921758922607624477388728235833881085870080.000000,-0.257375,767217925266335522519883445024076189285011550871142232477027495248711373983247735610388702049736613087710340681310587522844892777576906362265240880995955409648802515137759691563363653616862712159688752916061815970988032.000000,2183939385730308635208420668460933914736575353792636055752251780277989982624268939247965316352032902605804190037285301907091865443511872780909337358499977323070554945362491120558481062474374010441479208921758922607624477388728235833881085870080.000000,0.000000,0.000000,0.000000
11.044919,767217925266335522519883445024076189285011550871142232477027495248711373983247735610388702049736613087710340681310587522844892777576906362265240880995955409648802515137759691563363653616862712159688752916061815970988032.000000,2183939385730308635208420668460933914736575353792636055752251780277989982624268939247965316352032902605804190037285301907091865443511872780909337358499977323070554945362491120558481062474374010441479208921758922607624477388728235833881085870080.000000,-0.257375,767217925266335522519883445024076189285011550871142232477027495248711373983247735610388702049736613087710340681310587522844892777576906362265240880995955409648802515137759691563363653616862712159688752916061815970988032.000000,2183939385730308635208420668460933914736575353792636055752251780277989982624268939247965316352032902605804190037285301907091865443511872780909337358499977323070554945362491120558481062474374010441479208921758922607624477388728235833881085870080.000000,0.000000,0.000000,0.000000
11.078424,767217925266335522519883445024076189285011550871142232477027495248711373983247735610388702049736613087710340681310587522844892777576906362265240880995955409648802515137759691563363653616862712159688752916061815970988032.000000,2183939385730308635208420668460933914736575353792636055752251780277989982624268939247965316352032902605804190037285301907091865443511872780909337358499977323070554945362491120558481062474374010441479208921758922607624477388728235833881085870080.000000,-0.257375,767217925266335522519883445024076189285011550871142232477027495248711373983247735610388702049736613087710340681310587522844892777576906362265240880995955409648802515137759691563363653616862712159688752916061815970988032.000000,2183939385730308635208420668460933914736575353792636055752251780277989982624268939247965316352032902605804190037285301907091865443511872780909337358499977323070554945362491120558481062474374010441479208921758922607624477388728235833881085870080.000000,0.000000,0.000000,0.000000
11.111772,767217925266335522519883445024076189285011550871142232477027495248711373983247735610388702049736613087710340681310587522844892777576906362265240880995955409648802515137759691563363653616862712159688752916061815970988032.000000,2183939385730308635208420668460933914736575353792636055752251780277989982624268939247965316352032902605804190037285301907091865443511872780909337358499977323070554945362491120558481062474374010441479208921758922607624477388728235833881085870080.000000,-0.257375,767217925266335522519883445024076189285011550871142232477027495248711373983247735610388702049736613087710340681310587522844892777576906362265240880995955409648802515137759691563363653616862712159688752916061815970988032.000000,2183939385730308635208420668460933914736575353792636055752251780277989982624268939247965316352032902605804190037285301907091865443511872780909337358499977323070554945362491120558481062474374010441479208921758922607624477388728235833881085870080.000000,0.000000,0.000000,0.000000
11.144753,767217925266335522519883445024076189285011550871142232477027495248711373983247735610388702049736613087710340681310587522844892777576906362265240880995955409648802515137759691563363653616862712159688752916061815970988032.000000,2183939385730308635208420668460933914736575353792636055752251780277989982624268939247965316352032902605804190037285301907091865443511872780909337358499977323070554945362491120558481062474374010441479208921758922607624477388728235833881085870080.000000,-0.257375,767217925266335522519883445024076189285011550871142232477027495248711373983247735610388702049736613087710340681310587522844892777576906362265240880995955409648802515137759691563363653616862712159688752916061815970988032.000000,2183939385730308635208420668460933914736575353792636055752251780277989982624268939247965316352032902605804190037285301907091865443511872780909337358499977323070554945362491120558481062474374010441479208921758922607624477388728235833881085870080.000000,0.000000,0.000000,0.000000
11.178168,767217925266335522519883445024076189285011550871142232477027495248711373983247735610388702049736613087710340681310587522844892777576906362265240880995955409648802515137759691563363653616862712159688752916061815970988032.000000,2183939385730308635208420668460933914736575353792636055752251780277989982624268939247965316352032902605804190037285301907091865443511872780909337358499977323070554945362491120558481062474374010441479208921758922607624477388728235833881085870080.000000,-0.257375,767217925266335522519883445024076189285011550871142232477027495248711373983247735610388702049736613087710340681310587522844892777576906362265240880995955409648802515137759691563363653616862712159688752916061815970988032.000000,2183939385730308635208420668460933914736575353792636055752251780277989982624268939247965316352032902605804190037285301907091865443511872780909337358499977323070554945362491120558481062474374010441479208921758922607624477388728235833881085870080.000000,0.000000,0.000000,0.000000
11.211400,767217925266335522519883445024076189285011550871142232477027495248711373983247735610388702049736613087710340681310587522844892777576906362265240880995955409648802515137759691563363653616862712159688752916061815970988032.000000,2183939385730308635208420668460933914736575353792636055752251780277989982624268939247965316352032902605804190037285301907091865443511872780909337358499977323070554945362491120558481062474374010441479208921758922607624477388728235833881085870080.000000,-0.257375,767217925266335522519883445024076189285011550871142232477027495248711373983247735610388702049736613087710340681310587522844892777576906362265240880995955409648802515137759691563363653616862712159688752916061815970988032.000000,2183939385730308635208420668460933914736575353792636055752251780277989982624268939247965316352032902605804190037285301907091865443511872780909337358499977323070554945362491120558481062474374010441479208921758922607624477388728235833881085870080.000000,0.000000,0.000000,0.000000
11.249452,767217925266335522519883445024076189285011550871142232477027495248711373983247735610388702049736613087710340681310587522844892777576906362265240880995955409648802515137759691563363653616862712159688752916061815970988032.000000,2183939385730308635208420668460933914736575353792636055752251780277989982624268939247965316352032902605804190037285301907091865443511872780909337358499977323070554945362491120558481062474374010441479208921758922607624477388728235833881085870080.000000,-0.257375,767217925266335522519883445024076189285011550871142232477027495248711373983247735610388702049736613087710340681310587522844892777576906362265240880995955409648802515137759691563363653616862712159688752916061815970988032.000000,2183939385730308635208420668460933914736575353792636055752251780277989982624268939247965316352032902605804190037285301907091865443511872780909337358499977323070554945362491120558481062474374010441479208921758922607624477388728235833881085870080.000000,0.000000,0.000000,0.000000
11.279950,767217925266335522519883445024076189285011550871142232477027495248711373983247735610388702049736613087710340681310587522844892777576906362265240880995955409648802515137759691563363653616862712159688752916061815970988032.000000,2183939385730308635208420668460933914736575353792636055752251780277989982624268939247965316352032902605804190037285301907091865443511872780909337358499977323070554945362491120558481062474374010441479208921758922607624477388728235833881085870080.000000,-0.257375,767217925266335522519883445024076189285011550871142232477027495248711373983247735610388702049736613087710340681310587522844892777576906362265240880995955409648802515137759691563363653616862712159688752916061815970988032.000000,2183939385730308635208420668460933914736575353792636055752251780277989982624268939247965316352032902605804190037285301907091865443511872780909337358499977323070554945362491120558481062474374010441479208921758922607624477388728235833881085870080.000000,0.000000,0.000000,0.000000
11.312546,767217925266335522519883445024076189285011550871142232477027495248711373983247735610388702049736613087710340681310587522844892777576906362265240880995955409648802515137759691563363653616862712159688752916061815970988032.000000,2183939385730308635208420668460933914736575353792636055752251780277989982624268939247965316352032902605804190037285301907091865443511872780909337358499977323070554945362491120558481062474374010441479208921758922607624477388728235833881085870080.000000,-0.257375,767217925266335522519883445024076189285011550871142232477027495248711373983247735610388702049736613087710340681310587522844892777576906362265240880995955409648802515137759691563363653616862712159688752916061815970988032.000000,2183939385730308635208420668460933914736575353792636055752251780277989982624268939247965316352032902605804190037285301907091865443511872780909337358499977323070554945362491120558481062474374010441479208921758922607624477388728235833881085870080.000000,0.000000,0.000000,0.000000
11.345040,767217925266335522519883445024076189285011550871142232477027495248711373983247735610388702049736613087710340681310587522844892777576906362265240880995955409648802515137759691563363653616862712159688752916061815970988032.000000,2183939385730308635208420668460933914736575353792636055752251780277989982624268939247965316352032902605804190037285301907091865443511872780909337358499977323070554945362491120558481062474374010441479208921758922607624477388728235833881085870080.000000,-0.257375,767217925266335522519883445024076189285011550871142232477027495248711373983247735610388702049736613087710340681310587522844892777576906362265240880995955409648802515137759691563363653616862712159688752916061815970988032.000000,2183939385730308635208420668460933914736575353792636055752251780277989982624268939247965316352032902605804190037285301907091865443511872780909337358499977323070554945362491120558481062474374010441479208921758922607624477388728235833881085870080.000000,0.000000,0.000000,0.000000
11.378772,767217925266335522519883445024076189285011550871142232477027495248711373983247735610388702049736613087710340681310587522844892777576906362265240880995955409648802515137759691563363653616862712159688752916061815970988032.000000,2183939385730308635208420668460933914736575353792636055752251780277989982624268939247965316352032902605804190037285301907091865443511872780909337358499977323070554945362491120558481062474374010441479208921758922607624477388728235833881085870080.000000,-0.257375,767217925266335522519883445024076189285011550871142232477027495248711373983247735610388702049736613087710340681310587522844892777576906362265240880995955409648802515137759691563363653616862712159688752916061815970988032.000000,2183939385730308635208420668460933914736575353792636055752251780277989982624268939247965316352032902605804190037285301907091865443511872780909337358499977323070554945362491120558481062474374010441479208921758922607624477388728235833881085870080.000000,0.000000,0.000000,0.000000
11.411607,767217925266335522519883445024076189285011550871142232477027495248711373983247735610388702049736613087710340681310587522844892777576906362265240880995955409648802515137759691563363653616862712159688752916061815970988032.000000,2183939385730308635208420668460933914736575353792636055752251780277989982624268939247965316352032902605804190037285301907091865443511872780909337358499977323070554945362491120558481062474374010441479208921758922607624477388728235833881085870080.000000,-0.257375,767217925266335522519883445024076189285011550871142232477027495248711373983247735610388702049736613087710340681310587522844892777576906362265240880995955409648802515137759691563363653616862712159688752916061815970988032.000000,2183939385730308635208420668460933914736575353792636055752251780277989982624268939247965316352032902605804190037285301907091865443511872780909337358499977323070554945362491120558481062474374010441479208921758922607624477388728235833881085870080.000000,0.000000,0.000000,0.000000
11.444948,767217925266335522519883445024076189285011550871142232477027495248711373983247735610388702049736613087710340681310587522844892777576906362265240880995955409648802515137759691563363653616862712159688752916061815970988032.000000,2183939385730308635208420668460933914736575353792636055752251780277989982624268939247965316352032902605804190037285301907091865443511872780909337358499977323070554945362491120558481062474374010441479208921758922607624477388728235833881085870080.000000,-0.257375,767217925266335522519883445024076189285011550871142232477027495248711373983247735610388702049736613087710340681310587522844892777576906362265240880995955409648802515137759691563363653616862712159688752916061815970988032.000000,2183939385730308635208420668460933914736575353792636055752251780277989982624268939247965316352032902605804190037285301907091865443511872780909337358499977323070554945362491120558481062474374010441479208921758922607624477388728235833881085870080.000000,0.000000,0.000000,0.000000
11.478632,767217925266335522519883445024076189285011550871142232477027495248711373983247735610388702049736613087710340681310587522844892777576906362265240880995955409648802515137759691563363653616862712159688752916061815970988032.000000,2183939385730308635208420668460933914736575353792636055752251780277989982624268939247965316352032902605804190037285301907091865443511872780909337358499977323070554945362491120558481062474374010441479208921758922607624477388728235833881085870080.000000,-0.257375,767217925266335522519883445024076189285011550871142232477027495248711373983247735610388702049736613087710340681310587522844892777576906362265240880995955409648802515137759691563363653616862712159688752916061815970988032.000000,2183939385730308635208420668460933914736575353792636055752251780277989982624268939247965316352032902605804190037285301907091865443511872780909337358499977323070554945362491120558481062474374010441479208921758922607624477388728235833881085870080.000000,0.000000,0.000000,0.000000
11.511483,767217925266335522519883445024076189285011550871142232477027495248711373983247735610388702049736613087710340681310587522844892777576906362265240880995955409648802515137759691563363653616862712159688752916061815970988032.000000,2183939385730308635208420668460933914736575353792636055752251780277989982624268939247965316352032902605804190037285301907091865443511872780909337358499977323070554945362491120558481062474374010441479208921758922607624477388728235833881085870080.000000,-0.257375,767217925266335522519883445024076189285011550871142232477027495248711373983247735610388702049736613087710340681310587522844892777576906362265240880995955409648802515137759691563363653616862712159688752916061815970988032.000000,2183939385730308635208420668460933914736575353792636055752251780277989982624268939247965316352032902605804190037285301907091865443511872780909337358499977323070554945362491120558481062474374010441479208921758922607624477388728235833881085870080.000000,0.000000,0.000000,0.000000
11.544755,767217925266335522519883445024076189285011550871142232477027495248711373983247735610388702049736613087710340681310587522844892777576906362265240880995955409648802515137759691563363653616862712159688752916061815970988032.000000,2183939385730308635208420668460933914736575353792636055752251780277989982624268939247965316352032902605804190037285301907091865443511872780909337358499977323070554945362491120558481062474374010441479208921758922607624477388728235833881085870080.000000,-0.257375,767217925266335522519883445024076189285011550871142232477027495248711373983247735610388702049736613087710340681310587522844892777576906362265240880995955409648802515137759691563363653616862712159688752916061815970988032.000000,2183939385730308635208420668460933914736575353792636055752251780277989982624268939247965316352032902605804190037285301907091865443511872780909337358499977323070554945362491120558481062474374010441479208921758922607624477388728235833881085870080.000000,0.000000,0.000000,0.000000
11.581423,767217925266335522519883445024076189285011550871142232477027495248711373983247735610388702049736613087710340681310587522844892777576906362265240880995955409648802515137759691563363653616862712159688752916061815970988032.000000,2183939385730308635208420668460933914736575353792636055752251780277989982624268939247965316352032902605804190037285301907091865443511872780909337358499977323070554945362491120558481062474374010441479208921758922607624477388728235833881085870080.000000,-0.257375,767217925266335522519883445024076189285011550871142232477027495248711373983247735610388702049736613087710340681310587522844892777576906362265240880995955409648802515137759691563363653616862712159688752916061815970988032.000000,2183939385730308635208420668460933914736575353792636055752251780277989982624268939247965316352032902605804190037285301907091865443511872780909337358499977323070554945362491120558481062474374010441479208921758922607624477388728235833881085870080.000000,0.000000,0.000000,0.000000
11.614867,767217925266335522519883445024076189285011550871142232477027495248711373983247735610388702049736613087710340681310587522844892777576906362265240880995955409648802515137759691563363653616862712159688752916061815970988032.000000,2183939385730308635208420668460933914736575353792636055752251780277989982624268939247965316352032902605804190037285301907091865443511872780909337358499977323070554945362491120558481062474374010441479208921758922607624477388728235833881085870080.000000,-0.257375,767217925266335522519883445024076189285011550871142232477027495248711373983247735610388702049736613087710340681310587522844892777576906362265240880995955409648802515137759691563363653616862712159688752916061815970988032.000000,2183939385730308635208420668460933914736575353792636055752251780277989982624268939247965316352032902605804190037285301907091865443511872780909337358499977323070554945362491120558481062474374010441479208921758922607624477388728235833881085870080.000000,0.000000,0.000000,0.000000
11.645755,767217925266335522519883445024076189285011550871142232477027495248711373983247735610388702049736613087710340681310587522844892777576906362265240880995955409648802515137759691563363653616862712159688752916061815970988032.000000,2183939385730308635208420668460933914736575353792636055752251780277989982624268939247965316352032902605804190037285301907091865443511872780909337358499977323070554945362491120558481062474374010441479208921758922607624477388728235833881085870080.000000,-0.257375,767217925266335522519883445024076189285011550871142232477027495248711373983247735610388702049736613087710340681310587522844892777576906362265240880995955409648802515137759691563363653616862712159688752916061815970988032.000000,2183939385730308635208420668460933914736575353792636055752251780277989982624268939247965316352032902605804190037285301907091865443511872780909337358499977323070554945362491120558481062474374010441479208921758922607624477388728235833881085870080.000000,0.000000,0.000000,0.000000
11.678526,767217925266335522519883445024076189285011550871142232477027495248711373983247735610388702049736613087710340681310587522844892777576906362265240880995955409648802515137759691563363653616862712159688752916061815970988032.000000,2183939385730308635208420668460933914736575353792636055752251780277989982624268939247965316352032902605804190037285301907091865443511872780909337358499977323070554945362491120558481062474374010441479208921758922607624477388728235833881085870080.000000,-0.257375,767217925266335522519883445024076189285011550871142232477027495248711373983247735610388702049736613087710340681310587522844892777576906362265240880995955409648802515137759691563363653616862712159688752916061815970988032.000000,2183939385730308635208420668460933914736575353792636055752251780277989982624268939247965316352032902605804190037285301907091865443511872780909337358499977323070554945362491120558481062474374010441479208921758922607624477388728235833881085870080.000000,0.000000,0.000000,0.000000
11.711883,767217925266335522519883445024076189285011550871142232477027495248711373983247735610388702049736613087710340681310587522844892777576906362265240880995955409648802515137759691563363653616862712159688752916061815970988032.000000,2183939385730308635208420668460933914736575353792636055752251780277989982624268939247965316352032902605804190037285301907091865443511872780909337358499977323070554945362491120558481062474374010441479208921758922607624477388728235833881085870080.000000,-0.257375,767217925266335522519883445024076189285011550871142232477027495248711373983247735610388702049736613087710340681310587522844892777576906362265240880995955409648802515137759691563363653616862712159688752916061815970988032.000000,2183939385730308635208420668460933914736575353792636055752251780277989982624268939247965316352032902605804190037285301907091865443511872780909337358499977323070554945362491120558481062474374010441479208921758922607624477388728235833881085870080.000000,0.000000,0.000000,0.000000
11.745119,767217925266335522519883445024076189285011550871142232477027495248711373983247735610388702049736613087710340681310587522844892777576906362265240880995955409648802515137759691563363653616862712159688752916061815970988032.000000,2183939385730308635208420668460933914736575353792636055752251780277989982624268939247965316352032902605804190037285301907091865443511872780909337358499977323070554945362491120558481062474374010441479208921758922607624477388728235833881085870080.000000,-0.257375,767217925266335522519883445024076189285011550871142232477027495248711373983247735610388702049736613087710340681310587522844892777576906362265240880995955409648802515137759691563363653616862712159688752916061815970988032.000000,2183939385730308635208420668460933914736575353792636055752251780277989982624268939247965316352032902605804190037285301907091865443511872780909337358499977323070554945362491120558481062474374010441479208921758922607624477388728235833881085870080.000000,0.000000,0.000000,0.000000
11.778198,767217925266335522519883445024076189285011550871142232477027495248711373983247735610388702049736613087710340681310587522844892777576906362265240880995955409648802515137759691563363653616862712159688752916061815970988032.000000,2183939385730308635208420668460933914736575353792636055752251780277989982624268939247965316352032902605804190037285301907091865443511872780909337358499977323070554945362491120558481062474374010441479208921758922607624477388728235833881085870080.000000,-0.257375,767217925266335522519883445024076189285011550871142232477027495248711373983247735610388702049736613087710340681310587522844892777576906362265240880995955409648802515137759691563363653616862712159688752916061815970988032.000000,2183939385730308635208420668460933914736575353792636055752251780277989982624268939247965316352032902605804190037285301907091865443511872780909337358499977323070554945362491120558481062474374010441479208921758922607624477388728235833881085870080.000000,0.000000,0.000000,0.000000
11.811631,767217925266335522519883445024076189285011550871142232477027495248711373983247735610388702049736613087710340681310587522844892777576906362265240880995955409648802515137759691563363653616862712159688752916061815970988032.000000,2183939385730308635208420668460933914736575353792636055752251780277989982624268939247965316352032902605804190037285301907091865443511872780909337358499977323070554945362491120558481062474374010441479208921758922607624477388728235833881085870080.000000,-0.257375,767217925266335522519883445024076189285011550871142232477027495248711373983247735610388702049736613087710340681310587522844892777576906362265240880995955409648802515137759691563363653616862712159688752916061815970988032.000000,2183939385730308635208420668460933914736575353792636055752251780277989982624268939247965316352032902605804190037285301907091865443511872780909337358499977323070554945362491120558481062474374010441479208921758922607624477388728235833881085870080.000000,0.000000,0.000000,0.000000
11.844724,767217925266335522519883445024076189285011550871142232477027495248711373983247735610388702049736613087710340681310587522844892777576906362265240880995955409648802515137759691563363653616862712159688752916061815970988032.000000,2183939385730308635208420668460933914736575353792636055752251780277989982624268939247965316352032902605804190037285301907091865443511872780909337358499977323070554945362491120558481062474374010441479208921758922607624477388728235833881085870080.000000,-0.257375,767217925266335522519883445024076189285011550871142232477027495248711373983247735610388702049736613087710340681310587522844892777576906362265240880995955409648802515137759691563363653616862712159688752916061815970988032.000000,2183939385730308635208420668460933914736575353792636055752251780277989982624268939247965316352032902605804190037285301907091865443511872780909337358499977323070554945362491120558481062474374010441479208921758922607624477388728235833881085870080.000000,0.000000,0.000000,0.000000
11.878053,767217925266335522519883445024076189285011550871142232477027495248711373983247735610388702049736613087710340681310587522844892777576906362265240880995955409648802515137759691563363653616862712159688752916061815970988032.000000,2183939385730308635208420668460933914736575353792636055752251780277989982624268939247965316352032902605804190037285301907091865443511872780909337358499977323070554945362491120558481062474374010441479208921758922607624477388728235833881085870080.000000,-0.257375,767217925266335522519883445024076189285011550871142232477027495248711373983247735610388702049736613087710340681310587522844892777576906362265240880995955409648802515137759691563363653616862712159688752916061815970988032.000000,2183939385730308635208420668460933914736575353792636055752251780277989982624268939247965316352032902605804190037285301907091865443511872780909337358499977323070554945362491120558481062474374010441479208921758922607624477388728235833881085870080.000000,0.000000,0.000000,0.000000
11.911325,767217925266335522519883445024076189285011550871142232477027495248711373983247735610388702049736613087710340681310587522844892777576906362265240880995955409648802515137759691563363653616862712159688752916061815970988032.000000,2183939385730308635208420668460933914736575353792636055752251780277989982624268939247965316352032902605804190037285301907091865443511872780909337358499977323070554945362491120558481062474374010441479208921758922607624477388728235833881085870080.000000,-0.257375,767217925266335522519883445024076189285011550871142232477027495248711373983247735610388702049736613087710340681310587522844892777576906362265240880995955409648802515137759691563363653616862712159688752916061815970988032.000000,2183939385730308635208420668460933914736575353792636055752251780277989982624268939247965316352032902605804190037285301907091865443511872780909337358499977323070554945362491120558481062474374010441479208921758922607624477388728235833881085870080.000000,0.000000,0.000000,0.000000
11.944863,767217925266335522519883445024076189285011550871142232477027495248711373983247735610388702049736613087710340681310587522844892777576906362265240880995955409648802515137759691563363653616862712159688752916061815970988032.000000,2183939385730308635208420668460933914736575353792636055752251780277989982624268939247965316352032902605804190037285301907091865443511872780909337358499977323070554945362491120558481062474374010441479208921758922607624477388728235833881085870080.000000,-0.257375,767217925266335522519883445024076189285011550871142232477027495248711373983247735610388702049736613087710340681310587522844892777576906362265240880995955409648802515137759691563363653616862712159688752916061815970988032.000000,2183939385730308635208420668460933914736575353792636055752251780277989982624268939247965316352032902605804190037285301907091865443511872780909337358499977323070554945362491120558481062474374010441479208921758922607624477388728235833881085870080.000000,0.000000,0.000000,0.000000
11.999352,767217925266335522519883445024076189285011550871142232477027495248711373983247735610388702049736613087710340681310587522844892777576906362265240880995955409648802515137759691563363653616862712159688752916061815970988032.000000,2183939385730308635208420668460933914736575353792636055752251780277989982624268939247965316352032902605804190037285301907091865443511872780909337358499977323070554945362491120558481062474374010441479208921758922607624477388728235833881085870080.000000,-0.257375,767217925266335522519883445024076189285011550871142232477027495248711373983247735610388702049736613087710340681310587522844892777576906362265240880995955409648802515137759691563363653616862712159688752916061815970988032.000000,2183939385730308635208420668460933914736575353792636055752251780277989982624268939247965316352032902605804190037285301907091865443511872780909337358499977323070554945362491120558481062474374010441479208921758922607624477388728235833881085870080.000000,0.000000,0.000000,0.000000
12.011719,767217925266335522519883445024076189285011550871142232477027495248711373983247735610388702049736613087710340681310587522844892777576906362265240880995955409648802515137759691563363653616862712159688752916061815970988032.000000,2183939385730308635208420668460933914736575353792636055752251780277989982624268939247965316352032902605804190037285301907091865443511872780909337358499977323070554945362491120558481062474374010441479208921758922607624477388728235833881085870080.000000,-0.257375,767217925266335522519883445024076189285011550871142232477027495248711373983247735610388702049736613087710340681310587522844892777576906362265240880995955409648802515137759691563363653616862712159688752916061815970988032.000000,2183939385730308635208420668460933914736575353792636055752251780277989982624268939247965316352032902605804190037285301907091865443511872780909337358499977323070554945362491120558481062474374010441479208921758922607624477388728235833881085870080.000000,0.000000,0.000000,0.000000
12.045000,767217925266335522519883445024076189285011550871142232477027495248711373983247735610388702049736613087710340681310587522844892777576906362265240880995955409648802515137759691563363653616862712159688752916061815970988032.000000,2183939385730308635208420668460933914736575353792636055752251780277989982624268939247965316352032902605804190037285301907091865443511872780909337358499977323070554945362491120558481062474374010441479208921758922607624477388728235833881085870080.000000,-0.257375,767217925266335522519883445024076189285011550871142232477027495248711373983247735610388702049736613087710340681310587522844892777576906362265240880995955409648802515137759691563363653616862712159688752916061815970988032.000000,2183939385730308635208420668460933914736575353792636055752251780277989982624268939247965316352032902605804190037285301907091865443511872780909337358499977323070554945362491120558481062474374010441479208921758922607624477388728235833881085870080.000000,0.000000,0.000000,0.000000
12.078221,767217925266335522519883445024076189285011550871142232477027495248711373983247735610388702049736613087710340681310587522844892777576906362265240880995955409648802515137759691563363653616862712159688752916061815970988032.000000,2183939385730308635208420668460933914736575353792636055752251780277989982624268939247965316352032902605804190037285301907091865443511872780909337358499977323070554945362491120558481062474374010441479208921758922607624477388728235833881085870080.000000,-0.257375,767217925266335522519883445024076189285011550871142232477027495248711373983247735610388702049736613087710340681310587522844892777576906362265240880995955409648802515137759691563363653616862712159688752916061815970988032.000000,2183939385730308635208420668460933914736575353792636055752251780277989982624268939247965316352032902605804190037285301907091865443511872780909337358499977323070554945362491120558481062474374010441479208921758922607624477388728235833881085870080.000000,0.000000,0.000000,0.000000
12.111425,767217925266335522519883445024076189285011550871142232477027495248711373983247735610388702049736613087710340681310587522844892777576906362265240880995955409648802515137759691563363653616862712159688752916061815970988032.000000,2183939385730308635208420668460933914736575353792636055752251780277989982624268939247965316352032902605804190037285301907091865443511872780909337358499977323070554945362491120558481062474374010441479208921758922607624477388728235833881085870080.000000,-0.257375,767217925266335522519883445024076189285011550871142232477027495248711373983247735610388702049736613087710340681310587522844892777576906362265240880995955409648802515137759691563363653616862712159688752916061815970988032.000000,2183939385730308635208420668460933914736575353792636055752251780277989982624268939247965316352032902605804190037285301907091865443511872780909337358499977323070554945362491120558481062474374010441479208921758922607624477388728235833881085870080.000000,0.000000,0.000000,0.000000
12.144712,767217925266335522519883445024076189285011550871142232477027495248711373983247735610388702049736613087710340681310587522844892777576906362265240880995955409648802515137759691563363653616862712159688752916061815970988032.000000,2183939385730308635208420668460933914736575353792636055752251780277989982624268939247965316352032902605804190037285301907091865443511872780909337358499977323070554945362491120558481062474374010441479208921758922607624477388728235833881085870080.000000,-0.257375,767217925266335522519883445024076189285011550871142232477027495248711373983247735610388702049736613087710340681310587522844892777576906362265240880995955409648802515137759691563363653616862712159688752916061815970988032.000000,2183939385730308635208420668460933914736575353792636055752251780277989982624268939247965316352032902605804190037285301907091865443511872780909337358499977323070554945362491120558481062474374010441479208921758922607624477388728235833881085870080.000000,0.000000,0.000000,0.000000
12.178113,767217925266335522519883445024076189285011550871142232477027495248711373983247735610388702049736613087710340681310587522844892777576906362265240880995955409648802515137759691563363653616862712159688752916061815970988032.000000,2183939385730308635208420668460933914736575353792636055752251780277989982624268939247965316352032902605804190037285301907091865443511872780909337358499977323070554945362491120558481062474374010441479208921758922607624477388728235833881085870080.000000,-0.257375,767217925266335522519883445024076189285011550871142232477027495248711373983247735610388702049736613087710340681310587522844892777576906362265240880995955409648802515137759691563363653616862712159688752916061815970988032.000000,2183939385730308635208420668460933914736575353792636055752251780277989982624268939247965316352032902605804190037285301907091865443511872780909337358499977323070554945362491120558481062474374010441479208921758922607624477388728235833881085870080.000000,0.000000,0.000000,0.000000
12.211500,767217925266335522519883445024076189285011550871142232477027495248711373983247735610388702049736613087710340681310587522844892777576906362265240880995955409648802515137759691563363653616862712159688752916061815970988032.000000,2183939385730308635208420668460933914736575353792636055752251780277989982624268939247965316352032902605804190037285301907091865443511872780909337358499977323070554945362491120558481062474374010441479208921758922607624477388728235833881085870080.000000,-0.257375,767217925266335522519883445024076189285011550871142232477027495248711373983247735610388702049736613087710340681310587522844892777576906362265240880995955409648802515137759691563363653616862712159688752916061815970988032.000000,2183939385730308635208420668460933914736575353792636055752251780277989982624268939247965316352032902605804190037285301907091865443511872780909337358499977323070554945362491120558481062474374010441479208921758922607624477388728235833881085870080.000000,0.000000,0.000000,0.000000
12.244799,767217925266335522519883445024076189285011550871142232477027495248711373983247735610388702049736613087710340681310587522844892777576906362265240880995955409648802515137759691563363653616862712159688752916061815970988032.000000,2183939385730308635208420668460933914736575353792636055752251780277989982624268939247965316352032902605804190037285301907091865443511872780909337358499977323070554945362491120558481062474374010441479208921758922607624477388728235833881085870080.000000,-0.257375,767217925266335522519883445024076189285011550871142232477027495248711373983247735610388702049736613087710340681310587522844892777576906362265240880995955409648802515137759691563363653616862712159688752916061815970988032.000000,2183939385730308635208420668460933914736575353792636055752251780277989982624268939247965316352032902605804190037285301907091865443511872780909337358499977323070554945362491120558481062474374010441479208921758922607624477388728235833881085870080.000000,0.000000,0.000000,0.000000
12.278197,767217925266335522519883445024076189285011550871142232477027495248711373983247735610388702049736613087710340681310587522844892777576906362265240880995955409648802515137759691563363653616862712159688752916061815970988032.000000,2183939385730308635208420668460933914736575353792636055752251780277989982624268939247965316352032902605804190037285301907091865443511872780909337358499977323070554945362491120558481062474374010441479208921758922607624477388728235833881085870080.000000,-0.257375,767217925266335522519883445024076189285011550871142232477027495248711373983247735610388702049736613087710340681310587522844892777576906362265240880995955409648802515137759691563363653616862712159688752916061815970988032.000000,2183939385730308635208420668460933914736575353792636055752251780277989982624268939247965316352032902605804190037285301907091865443511872780909337358499977323070554945362491120558481062474374010441479208921758922607624477388728235833881085870080.000000,0.000000,0.000000,0.000000
12.311795,767217925266335522519883445024076189285011550871142232477027495248711373983247735610388702049736613087710340681310587522844892777576906362265240880995955409648802515137759691563363653616862712159688752916061815970988032.000000,2183939385730308635208420668460933914736575353792636055752251780277989982624268939247965316352032902605804190037285301907091865443511872780909337358499977323070554945362491120558481062474374010441479208921758922607624477388728235833881085870080.000000,-0.257375,767217925266335522519883445024076189285011550871142232477027495248711373983247735610388702049736613087710340681310587522844892777576906362265240880995955409648802515137759691563363653616862712159688752916061815970988032.000000,2183939385730308635208420668460933914736575353792636055752251780277989982624268939247965316352032902605804190037285301907091865443511872780909337358499977323070554945362491120558481062474374010441479208921758922607624477388728235833881085870080.000000,0.000000,0.000000,0.000000
12.345012,767217925266335522519883445024076189285011550871142232477027495248711373983247735610388702049736613087710340681310587522844892777576906362265240880995955409648802515137759691563363653616862712159688752916061815970988032.000000,2183939385730308635208420668460933914736575353792636055752251780277989982624268939247965316352032902605804190037285301907091865443511872780909337358499977323070554945362491120558481062474374010441479208921758922607624477388728235833881085870080.000000,-0.257375,767217925266335522519883445024076189285011550871142232477027495248711373983247735610388702049736613087710340681310587522844892777576906362265240880995955409648802515137759691563363653616862712159688752916061815970988032.000000,2183939385730308635208420668460933914736575353792636055752251780277989982624268939247965316352032902605804190037285301907091865443511872780909337358499977323070554945362491120558481062474374010441479208921758922607624477388728235833881085870080.000000,0.000000,0.000000,0.000000
12.378142,767217925266335522519883445024076189285011550871142232477027495248711373983247735610388702049736613087710340681310587522844892777576906362265240880995955409648802515137759691563363653616862712159688752916061815970988032.000000,2183939385730308635208420668460933914736575353792636055752251780277989982624268939247965316352032902605804190037285301907091865443511872780909337358499977323070554945362491120558481062474374010441479208921758922607624477388728235833881085870080.000000,-0.257375,767217925266335522519883445024076189285011550871142232477027495248711373983247735610388702049736613087710340681310587522844892777576906362265240880995955409648802515137759691563363653616862712159688752916061815970988032.000000,2183939385730308635208420668460933914736575353792636055752251780277989982624268939247965316352032902605804190037285301907091865443511872780909337358499977323070554945362491120558481062474374010441479208921758922607624477388728235833881085870080.000000,0.000000,0.000000,0.000000
12.411719,767217925266335522519883445024076189285011550871142232477027495248711373983247735610388702049736613087710340681310587522844892777576906362265240880995955409648802515137759691563363653616862712159688752916061815970988032.000000,2183939385730308635208420668460933914736575353792636055752251780277989982624268939247965316352032902605804190037285301907091865443511872780909337358499977323070554945362491120558481062474374010441479208921758922607624477388728235833881085870080.000000,-0.257375,767217925266335522519883445024076189285011550871142232477027495248711373983247735610388702049736613087710340681310587522844892777576906362265240880995955409648802515137759691563363653616862712159688752916061815970988032.000000,2183939385730308635208420668460933914736575353792636055752251780277989982624268939247965316352032902605804190037285301907091865443511872780909337358499977323070554945362491120558481062474374010441479208921758922607624477388728235833881085870080.000000,0.000000,0.000000,0.000000
12.450240,767217925266335522519883445024076189285011550871142232477027495248711373983247735610388702049736613087710340681310587522844892777576906362265240880995955409648802515137759691563363653616862712159688752916061815970988032.000000,2183939385730308635208420668460933914736575353792636055752251780277989982624268939247965316352032902605804190037285301907091865443511872780909337358499977323070554945362491120558481062474374010441479208921758922607624477388728235833881085870080.000000,-0.257375,767217925266335522519883445024076189285011550871142232477027495248711373983247735610388702049736613087710340681310587522844892777576906362265240880995955409648802515137759691563363653616862712159688752916061815970988032.000000,2183939385730308635208420668460933914736575353792636055752251780277989982624268939247965316352032902605804190037285301907091865443511872780909337358499977323070554945362491120558481062474374010441479208921758922607624477388728235833881085870080.000000,0.000000,0.000000,0.000000
12.480526,767217925266335522519883445024076189285011550871142232477027495248711373983247735610388702049736613087710340681310587522844892777576906362265240880995955409648802515137759691563363653616862712159688752916061815970988032.000000,2183939385730308635208420668460933914736575353792636055752251780277989982624268939247965316352032902605804190037285301907091865443511872780909337358499977323070554945362491120558481062474374010441479208921758922607624477388728235833881085870080.000000,-0.257375,767217925266335522519883445024076189285011550871142232477027495248711373983247735610388702049736613087710340681310587522844892777576906362265240880995955409648802515137759691563363653616862712159688752916061815970988032.000000,2183939385730308635208420668460933914736575353792636055752251780277989982624268939247965316352032902605804190037285301907091865443511872780909337358499977323070554945362491120558481062474374010441479208921758922607624477388728235833881085870080.000000,0.000000,0.000000,0.000000
12.512071,767217925266335522519883445024076189285011550871142232477027495248711373983247735610388702049736613087710340681310587522844892777576906362265240880995955409648802515137759691563363653616862712159688752916061815970988032.000000,2183939385730308635208420668460933914736575353792636055752251780277989982624268939247965316352032902605804190037285301907091865443511872780909337358499977323070554945362491120558481062474374010441479208921758922607624477388728235833881085870080.000000,-0.257375,767217925266335522519883445024076189285011550871142232477027495248711373983247735610388702049736613087710340681310587522844892777576906362265240880995955409648802515137759691563363653616862712159688752916061815970988032.000000,2183939385730308635208420668460933914736575353792636055752251780277989982624268939247965316352032902605804190037285301907091865443511872780909337358499977323070554945362491120558481062474374010441479208921758922607624477388728235833881085870080.000000,0.000000,0.000000,0.000000
12.545289,767217925266335522519883445024076189285011550871142232477027495248711373983247735610388702049736613087710340681310587522844892777576906362265240880995955409648802515137759691563363653616862712159688752916061815970988032.000000,2183939385730308635208420668460933914736575353792636055752251780277989982624268939247965316352032902605804190037285301907091865443511872780909337358499977323070554945362491120558481062474374010441479208921758922607624477388728235833881085870080.000000,-0.257375,767217925266335522519883445024076189285011550871142232477027495248711373983247735610388702049736613087710340681310587522844892777576906362265240880995955409648802515137759691563363653616862712159688752916061815970988032.000000,2183939385730308635208420668460933914736575353792636055752251780277989982624268939247965316352032902605804190037285301907091865443511872780909337358499977323070554945362491120558481062474374010441479208921758922607624477388728235833881085870080.000000,0.000000,0.000000,0.000000
12.578632,767217925266335522519883445024076189285011550871142232477027495248711373983247735610388702049736613087710340681310587522844892777576906362265240880995955409648802515137759691563363653616862712159688752916061815970988032.000000,2183939385730308635208420668460933914736575353792636055752251780277989982624268939247965316352032902605804190037285301907091865443511872780909337358499977323070554945362491120558481062474374010441479208921758922607624477388728235833881085870080.000000,-0.257375,767217925266335522519883445024076189285011550871142232477027495248711373983247735610388702049736613087710340681310587522844892777576906362265240880995955409648802515137759691563363653616862712159688752916061815970988032.000000,2183939385730308635208420668460933914736575353792636055752251780277989982624268939247965316352032902605804190037285301907091865443511872780909337358499977323070554945362491120558481062474374010441479208921758922607624477388728235833881085870080.000000,0.000000,0.000000,0.000000
12.611676,767217925266335522519883445024076189285011550871142232477027495248711373983247735610388702049736613087710340681310587522844892777576906362265240880995955409648802515137759691563363653616862712159688752916061815970988032.000000,2183939385730308635208420668460933914736575353792636055752251780277989982624268939247965316352032902605804190037285301907091865443511872780909337358499977323070554945362491120558481062474374010441479208921758922607624477388728235833881085870080.000000,-0.257375,767217925266335522519883445024076189285011550871142232477027495248711373983247735610388702049736613087710340681310587522844892777576906362265240880995955409648802515137759691563363653616862712159688752916061815970988032.000000,2183939385730308635208420668460933914736575353792636055752251780277989982624268939247965316352032902605804190037285301907091865443511872780909337358499977323070554945362491120558481062474374010441479208921758922607624477388728235833881085870080.000000,0.000000,0.000000,0.000000
12.644886,767217925266335522519883445024076189285011550871142232477027495248711373983247735610388702049736613087710340681310587522844892777576906362265240880995955409648802515137759691563363653616862712159688752916061815970988032.000000,2183939385730308635208420668460933914736575353792636055752251780277989982624268939247965316352032902605804190037285301907091865443511872780909337358499977323070554945362491120558481062474374010441479208921758922607624477388728235833881085870080.000000,-0.257375,767217925266335522519883445024076189285011550871142232477027495248711373983247735610388702049736613087710340681310587522844892777576906362265240880995955409648802515137759691563363653616862712159688752916061815970988032.000000,2183939385730308635208420668460933914736575353792636055752251780277989982624268939247965316352032902605804190037285301907091865443511872780909337358499977323070554945362491120558481062474374010441479208921758922607624477388728235833881085870080.000000,0.000000,0.000000,0.000000
12.678055,767217925266335522519883445024076189285011550871142232477027495248711373983247735610388702049736613087710340681310587522844892777576906362265240880995955409648802515137759691563363653616862712159688752916061815970988032.000000,2183939385730308635208420668460933914736575353792636055752251780277989982624268939247965316352032902605804190037285301907091865443511872780909337358499977323070554945362491120558481062474374010441479208921758922607624477388728235833881085870080.000000,-0.257375,767217925266335522519883445024076189285011550871142232477027495248711373983247735610388702049736613087710340681310587522844892777576906362265240880995955409648802515137759691563363653616862712159688752916061815970988032.000000,2183939385730308635208420668460933914736575353792636055752251780277989982624268939247965316352032902605804190037285301907091865443511872780909337358499977323070554945362491120558481062474374010441479208921758922607624477388728235833881085870080.000000,0.000000,0.000000,0.000000
12.711379,767217925266335522519883445024076189285011550871142232477027495248711373983247735610388702049736613087710340681310587522844892777576906362265240880995955409648802515137759691563363653616862712159688752916061815970988032.000000,2183939385730308635208420668460933914736575353792636055752251780277989982624268939247965316352032902605804190037285301907091865443511872780909337358499977323070554945362491120558481062474374010441479208921758922607624477388728235833881085870080.000000,-0.257375,767217925266335522519883445024076189285011550871142232477027495248711373983247735610388702049736613087710340681310587522844892777576906362265240880995955409648802515137759691563363653616862712159688752916061815970988032.000000,2183939385730308635208420668460933914736575353792636055752251780277989982624268939247965316352032902605804190037285301907091865443511872780909337358499977323070554945362491120558481062474374010441479208921758922607624477388728235833881085870080.000000,0.000000,0.000000,0.000000
12.745066,767217925266335522519883445024076189285011550871142232477027495248711373983247735610388702049736613087710340681310587522844892777576906362265240880995955409648802515137759691563363653616862712159688752916061815970988032.000000,2183939385730308635208420668460933914736575353792636055752251780277989982624268939247965316352032902605804190037285301907091865443511872780909337358499977323070554945362491120558481062474374010441479208921758922607624477388728235833881085870080.000000,-0.257375,767217925266335522519883445024076189285011550871142232477027495248711373983247735610388702049736613087710340681310587522844892777576906362265240880995955409648802515137759691563363653616862712159688752916061815970988032.000000,2183939385730308635208420668460933914736575353792636055752251780277989982624268939247965316352032902605804190037285301907091865443511872780909337358499977323070554945362491120558481062474374010441479208921758922607624477388728235833881085870080.000000,0.000000,0.000000,0.000000
12.778097,767217925266335522519883445024076189285011550871142232477027495248711373983247735610388702049736613087710340681310587522844892777576906362265240880995955409648802515137759691563363653616862712159688752916061815970988032.000000,2183939385730308635208420668460933914736575353792636055752251780277989982624268939247965316352032902605804190037285301907091865443511872780909337358499977323070554945362491120558481062474374010441479208921758922607624477388728235833881085870080.000000,-0.257375,767217925266335522519883445024076189285011550871142232477027495248711373983247735610388702049736613087710340681310587522844892777576906362265240880995955409648802515137759691563363653616862712159688752916061815970988032.000000,2183939385730308635208420668460933914736575353792636055752251780277989982624268939247965316352032902605804190037285301907091865443511872780909337358499977323070554945362491120558481062474374010441479208921758922607624477388728235833881085870080.000000,0.000000,0.000000,0.000000
12.811957,767217925266335522519883445024076189285011550871142232477027495248711373983247735610388702049736613087710340681310587522844892777576906362265240880995955409648802515137759691563363653616862712159688752916061815970988032.000000,2183939385730308635208420668460933914736575353792636055752251780277989982624268939247965316352032902605804190037285301907091865443511872780909337358499977323070554945362491120558481062474374010441479208921758922607624477388728235833881085870080.000000,-0.257375,767217925266335522519883445024076189285011550871142232477027495248711373983247735610388702049736613087710340681310587522844892777576906362265240880995955409648802515137759691563363653616862712159688752916061815970988032.000000,2183939385730308635208420668460933914736575353792636055752251780277989982624268939247965316352032902605804190037285301907091865443511872780909337358499977323070554945362491120558481062474374010441479208921758922607624477388728235833881085870080.000000,0.000000,0.000000,0.000000
12.851025,767217925266335522519883445024076189285011550871142232477027495248711373983247735610388702049736613087710340681310587522844892777576906362265240880995955409648802515137759691563363653616862712159688752916061815970988032.000000,2183939385730308635208420668460933914736575353792636055752251780277989982624268939247965316352032902605804190037285301907091865443511872780909337358499977323070554945362491120558481062474374010441479208921758922607624477388728235833881085870080.000000,-0.257375,767217925266335522519883445024076189285011550871142232477027495248711373983247735610388702049736613087710340681310587522844892777576906362265240880995955409648802515137759691563363653616862712159688752916061815970988032.000000,2183939385730308635208420668460933914736575353792636055752251780277989982624268939247965316352032902605804190037285301907091865443511872780909337358499977323070554945362491120558481062474374010441479208921758922607624477388728235833881085870080.000000,0.000000,0.000000,0.000000
12.881232,767217925266335522519883445024076189285011550871142232477027495248711373983247735610388702049736613087710340681310587522844892777576906362265240880995955409648802515137759691563363653616862712159688752916061815970988032.000000,2183939385730308635208420668460933914736575353792636055752251780277989982624268939247965316352032902605804190037285301907091865443511872780909337358499977323070554945362491120558481062474374010441479208921758922607624477388728235833881085870080.000000,-0.257375,767217925266335522519883445024076189285011550871142232477027495248711373983247735610388702049736613087710340681310587522844892777576906362265240880995955409648802515137759691563363653616862712159688752916061815970988032.000000,2183939385730308635208420668460933914736575353792636055752251780277989982624268939247965316352032902605804190037285301907091865443511872780909337358499977323070554945362491120558481062474374010441479208921758922607624477388728235833881085870080.000000,0.000000,0.000000,0.000000
12.914829,767217925266335522519883445024076189285011550871142232477027495248711373983247735610388702049736613087710340681310587522844892777576906362265240880995955409648802515137759691563363653616862712159688752916061815970988032.000000,2183939385730308635208420668460933914736575353792636055752251780277989982624268939247965316352032902605804190037285301907091865443511872780909337358499977323070554945362491120558481062474374010441479208921758922607624477388728235833881085870080.000000,-0.257375,767217925266335522519883445024076189285011550871142232477027495248711373983247735610388702049736613087710340681310587522844892777576906362265240880995955409648802515137759691563363653616862712159688752916061815970988032.000000,2183939385730308635208420668460933914736575353792636055752251780277989982624268939247965316352032902605804190037285301907091865443511872780909337358499977323070554945362491120558481062474374010441479208921758922607624477388728235833881085870080.000000,0.000000,0.000000,0.000000
12.944739,767217925266335522519883445024076189285011550871142232477027495248711373983247735610388702049736613087710340681310587522844892777576906362265240880995955409648802515137759691563363653616862712159688752916061815970988032.000000,2183939385730308635208420668460933914736575353792636055752251780277989982624268939247965316352032902605804190037285301907091865443511872780909337358499977323070554945362491120558481062474374010441479208921758922607624477388728235833881085870080.000000,-0.257375,767217925266335522519883445024076189285011550871142232477027495248711373983247735610388702049736613087710340681310587522844892777576906362265240880995955409648802515137759691563363653616862712159688752916061815970988032.000000,2183939385730308635208420668460933914736575353792636055752251780277989982624268939247965316352032902605804190037285301907091865443511872780909337358499977323070554945362491120558481062474374010441479208921758922607624477388728235833881085870080.000000,0.000000,0.000000,0.000000
12.994051,767217925266335522519883445024076189285011550871142232477027495248711373983247735610388702049736613087710340681310587522844892777576906362265240880995955409648802515137759691563363653616862712159688752916061815970988032.000000,2183939385730308635208420668460933914736575353792636055752251780277989982624268939247965316352032902605804190037285301907091865443511872780909337358499977323070554945362491120558481062474374010441479208921758922607624477388728235833881085870080.000000,-0.257375,767217925266335522519883445024076189285011550871142232477027495248711373983247735610388702049736613087710340681310587522844892777576906362265240880995955409648802515137759691563363653616862712159688752916061815970988032.000000,2183939385730308635208420668460933914736575353792636055752251780277989982624268939247965316352032902605804190037285301907091865443511872780909337358499977323070554945362491120558481062474374010441479208921758922607624477388728235833881085870080.000000,0.000000,0.000000,0.000000
13.011970,767217925266335522519883445024076189285011550871142232477027495248711373983247735610388702049736613087710340681310587522844892777576906362265240880995955409648802515137759691563363653616862712159688752916061815970988032.000000,2183939385730308635208420668460933914736575353792636055752251780277989982624268939247965316352032902605804190037285301907091865443511872780909337358499977323070554945362491120558481062474374010441479208921758922607624477388728235833881085870080.000000,-0.257375,767217925266335522519883445024076189285011550871142232477027495248711373983247735610388702049736613087710340681310587522844892777576906362265240880995955409648802515137759691563363653616862712159688752916061815970988032.000000,2183939385730308635208420668460933914736575353792636055752251780277989982624268939247965316352032902605804190037285301907091865443511872780909337358499977323070554945362491120558481062474374010441479208921758922607624477388728235833881085870080.000000,0.000000,0.000000,0.000000
13.045020,767217925266335522519883445024076189285011550871142232477027495248711373983247735610388702049736613087710340681310587522844892777576906362265240880995955409648802515137759691563363653616862712159688752916061815970988032.000000,2183939385730308635208420668460933914736575353792636055752251780277989982624268939247965316352032902605804190037285301907091865443511872780909337358499977323070554945362491120558481062474374010441479208921758922607624477388728235833881085870080.000000,-0.257375,767217925266335522519883445024076189285011550871142232477027495248711373983247735610388702049736613087710340681310587522844892777576906362265240880995955409648802515137759691563363653616862712159688752916061815970988032.000000,2183939385730308635208420668460933914736575353792636055752251780277989982624268939247965316352032902605804190037285301907091865443511872780909337358499977323070554945362491120558481062474374010441479208921758922607624477388728235833881085870080.000000,0.000000,0.000000,0.000000
13.078219,767217925266335522519883445024076189285011550871142232477027495248711373983247735610388702049736613087710340681310587522844892777576906362265240880995955409648802515137759691563363653616862712159688752916061815970988032.000000,2183939385730308635208420668460933914736575353792636055752251780277989982624268939247965316352032902605804190037285301907091865443511872780909337358499977323070554945362491120558481062474374010441479208921758922607624477388728235833881085870080.000000,-0.257375,767217925266335522519883445024076189285011550871142232477027495248711373983247735610388702049736613087710340681310587522844892777576906362265240880995955409648802515137759691563363653616862712159688752916061815970988032.000000,2183939385730308635208420668460933914736575353792636055752251780277989982624268939247965316352032902605804190037285301907091865443511872780909337358499977323070554945362491120558481062474374010441479208921758922607624477388728235833881085870080.000000,0.000000,0.000000,0.000000
13.111460,767217925266335522519883445024076189285011550871142232477027495248711373983247735610388702049736613087710340681310587522844892777576906362265240880995955409648802515137759691563363653616862712159688752916061815970988032.000000,2183939385730308635208420668460933914736575353792636055752251780277989982624268939247965316352032902605804190037285301907091865443511872780909337358499977323070554945362491120558481062474374010441479208921758922607624477388728235833881085870080.000000,-0.257375,767217925266335522519883445024076189285011550871142232477027495248711373983247735610388702049736613087710340681310587522844892777576906362265240880995955409648802515137759691563363653616862712159688752916061815970988032.000000,2183939385730308635208420668460933914736575353792636055752251780277989982624268939247965316352032902605804190037285301907091865443511872780909337358499977323070554945362491120558481062474374010441479208921758922607624477388728235833881085870080.000000,0.000000,0.000000,0.000000
13.144954,767217925266335522519883445024076189285011550871142232477027495248711373983247735610388702049736613087710340681310587522844892777576906362265240880995955409648802515137759691563363653616862712159688752916061815970988032.000000,2183939385730308635208420668460933914736575353792636055752251780277989982624268939247965316352032902605804190037285301907091865443511872780909337358499977323070554945362491120558481062474374010441479208921758922607624477388728235833881085870080.000000,-0.257375,767217925266335522519883445024076189285011550871142232477027495248711373983247735610388702049736613087710340681310587522844892777576906362265240880995955409648802515137759691563363653616862712159688752916061815970988032.000000,2183939385730308635208420668460933914736575353792636055752251780277989982624268939247965316352032902605804190037285301907091865443511872780909337358499977323070554945362491120558481062474374010441479208921758922607624477388728235833881085870080.000000,0.000000,0.000000,0.000000
13.178029,767217925266335522519883445024076189285011550871142232477027495248711373983247735610388702049736613087710340681310587522844892777576906362265240880995955409648802515137759691563363653616862712159688752916061815970988032.000000,2183939385730308635208420668460933914736575353792636055752251780277989982624268939247965316352032902605804190037285301907091865443511872780909337358499977323070554945362491120558481062474374010441479208921758922607624477388728235833881085870080.000000,-0.257375,767217925266335522519883445024076189285011550871142232477027495248711373983247735610388702049736613087710340681310587522844892777576906362265240880995955409648802515137759691563363653616862712159688752916061815970988032.000000,2183939385730308635208420668460933914736575353792636055752251780277989982624268939247965316352032902605804190037285301907091865443511872780909337358499977323070554945362491120558481062474374010441479208921758922607624477388728235833881085870080.000000,0.000000,0.000000,0.000000
13.211357,767217925266335522519883445024076189285011550871142232477027495248711373983247735610388702049736613087710340681310587522844892777576906362265240880995955409648802515137759691563363653616862712159688752916061815970988032.000000,2183939385730308635208420668460933914736575353792636055752251780277989982624268939247965316352032902605804190037285301907091865443511872780909337358499977323070554945362491120558481062474374010441479208921758922607624477388728235833881085870080.000000,-0.257375,767217925266335522519883445024076189285011550871142232477027495248711373983247735610388702049736613087710340681310587522844892777576906362265240880995955409648802515137759691563363653616862712159688752916061815970988032.000000,2183939385730308635208420668460933914736575353792636055752251780277989982624268939247965316352032902605804190037285301907091865443511872780909337358499977323070554945362491120558481062474374010441479208921758922607624477388728235833881085870080.000000,0.000000,0.000000,0.000000
13.244707,767217925266335522519883445024076189285011550871142232477027495248711373983247735610388702049736613087710340681310587522844892777576906362265240880995955409648802515137759691563363653616862712159688752916061815970988032.000000,2183939385730308635208420668460933914736575353792636055752251780277989982624268939247965316352032902605804190037285301907091865443511872780909337358499977323070554945362491120558481062474374010441479208921758922607624477388728235833881085870080.000000,-0.257375,767217925266335522519883445024076189285011550871142232477027495248711373983247735610388702049736613087710340681310587522844892777576906362265240880995955409648802515137759691563363653616862712159688752916061815970988032.000000,2183939385730308635208420668460933914736575353792636055752251780277989982624268939247965316352032902605804190037285301907091865443511872780909337358499977323070554945362491120558481062474374010441479208921758922607624477388728235833881085870080.000000,0.000000,0.000000,0.000000
13.281658,767217925266335522519883445024076189285011550871142232477027495248711373983247735610388702049736613087710340681310587522844892777576906362265240880995955409648802515137759691563363653616862712159688752916061815970988032.000000,2183939385730308635208420668460933914736575353792636055752251780277989982624268939247965316352032902605804190037285301907091865443511872780909337358499977323070554945362491120558481062474374010441479208921758922607624477388728235833881085870080.000000,-0.257375,767217925266335522519883445024076189285011550871142232477027495248711373983247735610388702049736613087710340681310587522844892777576906362265240880995955409648802515137759691563363653616862712159688752916061815970988032.000000,2183939385730308635208420668460933914736575353792636055752251780277989982624268939247965316352032902605804190037285301907091865443511872780909337358499977323070554945362491120558481062474374010441479208921758922607624477388728235833881085870080.000000,0.000000,0.000000,0.000000
13.315513,767217925266335522519883445024076189285011550871142232477027495248711373983247735610388702049736613087710340681310587522844892777576906362265240880995955409648802515137759691563363653616862712159688752916061815970988032.000000,2183939385730308635208420668460933914736575353792636055752251780277989982624268939247965316352032902605804190037285301907091865443511872780909337358499977323070554945362491120558481062474374010441479208921758922607624477388728235833881085870080.000000,-0.257375,767217925266335522519883445024076189285011550871142232477027495248711373983247735610388702049736613087710340681310587522844892777576906362265240880995955409648802515137759691563363653616862712159688752916061815970988032.000000,2183939385730308635208420668460933914736575353792636055752251780277989982624268939247965316352032902605804190037285301907091865443511872780909337358499977323070554945362491120558481062474374010441479208921758922607624477388728235833881085870080.000000,0.000000,0.000000,0.000000
13.345590,767217925266335522519883445024076189285011550871142232477027495248711373983247735610388702049736613087710340681310587522844892777576906362265240880995955409648802515137759691563363653616862712159688752916061815970988032.000000,2183939385730308635208420668460933914736575353792636055752251780277989982624268939247965316352032902605804190037285301907091865443511872780909337358499977323070554945362491120558481062474374010441479208921758922607624477388728235833881085870080.000000,-0.257375,767217925266335522519883445024076189285011550871142232477027495248711373983247735610388702049736613087710340681310587522844892777576906362265240880995955409648802515137759691563363653616862712159688752916061815970988032.000000,2183939385730308635208420668460933914736575353792636055752251780277989982624268939247965316352032902605804190037285301907091865443511872780909337358499977323070554945362491120558481062474374010441479208921758922607624477388728235833881085870080.000000,0.000000,0.000000,0.000000
13.379171,767217925266335522519883445024076189285011550871142232477027495248711373983247735610388702049736613087710340681310587522844892777576906362265240880995955409648802515137759691563363653616862712159688752916061815970988032.000000,2183939385730308635208420668460933914736575353792636055752251780277989982624268939247965316352032902605804190037285301907091865443511872780909337358499977323070554945362491120558481062474374010441479208921758922607624477388728235833881085870080.000000,-0.257375,767217925266335522519883445024076189285011550871142232477027495248711373983247735610388702049736613087710340681310587522844892777576906362265240880995955409648802515137759691563363653616862712159688752916061815970988032.000000,2183939385730308635208420668460933914736575353792636055752251780277989982624268939247965316352032902605804190037285301907091865443511872780909337358499977323070554945362491120558481062474374010441479208921758922607624477388728235833881085870080.000000,0.000000,0.000000,0.000000
13.411832,767217925266335522519883445024076189285011550871142232477027495248711373983247735610388702049736613087710340681310587522844892777576906362265240880995955409648802515137759691563363653616862712159688752916061815970988032.000000,2183939385730308635208420668460933914736575353792636055752251780277989982624268939247965316352032902605804190037285301907091865443511872780909337358499977323070554945362491120558481062474374010441479208921758922607624477388728235833881085870080.000000,-0.257375,767217925266335522519883445024076189285011550871142232477027495248711373983247735610388702049736613087710340681310587522844892777576906362265240880995955409648802515137759691563363653616862712159688752916061815970988032.000000,2183939385730308635208420668460933914736575353792636055752251780277989982624268939247965316352032902605804190037285301907091865443511872780909337358499977323070554945362491120558481062474374010441479208921758922607624477388728235833881085870080.000000,0.000000,0.000000,0.000000
13.445020,767217925266335522519883445024076189285011550871142232477027495248711373983247735610388702049736613087710340681310587522844892777576906362265240880995955409648802515137759691563363653616862712159688752916061815970988032.000000,2183939385730308635208420668460933914736575353792636055752251780277989982624268939247965316352032902605804190037285301907091865443511872780909337358499977323070554945362491120558481062474374010441479208921758922607624477388728235833881085870080.000000,-0.257375,767217925266335522519883445024076189285011550871142232477027495248711373983247735610388702049736613087710340681310587522844892777576906362265240880995955409648802515137759691563363653616862712159688752916061815970988032.000000,2183939385730308635208420668460933914736575353792636055752251780277989982624268939247965316352032902605804190037285301907091865443511872780909337358499977323070554945362491120558481062474374010441479208921758922607624477388728235833881085870080.000000,0.000000,0.000000,0.000000
13.478282,767217925266335522519883445024076189285011550871142232477027495248711373983247735610388702049736613087710340681310587522844892777576906362265240880995955409648802515137759691563363653616862712159688752916061815970988032.000000,2183939385730308635208420668460933914736575353792636055752251780277989982624268939247965316352032902605804190037285301907091865443511872780909337358499977323070554945362491120558481062474374010441479208921758922607624477388728235833881085870080.000000,-0.257375,767217925266335522519883445024076189285011550871142232477027495248711373983247735610388702049736613087710340681310587522844892777576906362265240880995955409648802515137759691563363653616862712159688752916061815970988032.000000,2183939385730308635208420668460933914736575353792636055752251780277989982624268939247965316352032902605804190037285301907091865443511872780909337358499977323070554945362491120558481062474374010441479208921758922607624477388728235833881085870080.000000,0.000000,0.000000,0.000000
13.511425,767217925266335522519883445024076189285011550871142232477027495248711373983247735610388702049736613087710340681310587522844892777576906362265240880995955409648802515137759691563363653616862712159688752916061815970988032.000000,2183939385730308635208420668460933914736575353792636055752251780277989982624268939247965316352032902605804190037285301907091865443511872780909337358499977323070554945362491120558481062474374010441479208921758922607624477388728235833881085870080.000000,-0.257375,767217925266335522519883445024076189285011550871142232477027495248711373983247735610388702049736613087710340681310587522844892777576906362265240880995955409648802515137759691563363653616862712159688752916061815970988032.000000,2183939385730308635208420668460933914736575353792636055752251780277989982624268939247965316352032902605804190037285301907091865443511872780909337358499977323070554945362491120558481062474374010441479208921758922607624477388728235833881085870080.000000,0.000000,0.000000,0.000000
13.544824,767217925266335522519883445024076189285011550871142232477027495248711373983247735610388702049736613087710340681310587522844892777576906362265240880995955409648802515137759691563363653616862712159688752916061815970988032.000000,2183939385730308635208420668460933914736575353792636055752251780277989982624268939247965316352032902605804190037285301907091865443511872780909337358499977323070554945362491120558481062474374010441479208921758922607624477388728235833881085870080.000000,-0.257375,767217925266335522519883445024076189285011550871142232477027495248711373983247735610388702049736613087710340681310587522844892777576906362265240880995955409648802515137759691563363653616862712159688752916061815970988032.000000,2183939385730308635208420668460933914736575353792636055752251780277989982624268939247965316352032902605804190037285301907091865443511872780909337358499977323070554945362491120558481062474374010441479208921758922607624477388728235833881085870080.000000,0.000000,0.000000,0.000000
13.578013,767217925266335522519883445024076189285011550871142232477027495248711373983247735610388702049736613087710340681310587522844892777576906362265240880995955409648802515137759691563363653616862712159688752916061815970988032.000000,2183939385730308635208420668460933914736575353792636055752251780277989982624268939247965316352032902605804190037285301907091865443511872780909337358499977323070554945362491120558481062474374010441479208921758922607624477388728235833881085870080.000000,-0.257375,767217925266335522519883445024076189285011550871142232477027495248711373983247735610388702049736613087710340681310587522844892777576906362265240880995955409648802515137759691563363653616862712159688752916061815970988032.000000,2183939385730308635208420668460933914736575353792636055752251780277989982624268939247965316352032902605804190037285301907091865443511872780909337358499977323070554945362491120558481062474374010441479208921758922607624477388728235833881085870080.000000,0.000000,0.000000,0.000000
13.611415,767217925266335522519883445024076189285011550871142232477027495248711373983247735610388702049736613087710340681310587522844892777576906362265240880995955409648802515137759691563363653616862712159688752916061815970988032.000000,2183939385730308635208420668460933914736575353792636055752251780277989982624268939247965316352032902605804190037285301907091865443511872780909337358499977323070554945362491120558481062474374010441479208921758922607624477388728235833881085870080.000000,-0.257375,767217925266335522519883445024076189285011550871142232477027495248711373983247735610388702049736613087710340681310587522844892777576906362265240880995955409648802515137759691563363653616862712159688752916061815970988032.000000,2183939385730308635208420668460933914736575353792636055752251780277989982624268939247965316352032902605804190037285301907091865443511872780909337358499977323070554945362491120558481062474374010441479208921758922607624477388728235833881085870080.000000,0.000000,0.000000,0.000000
13.644751,767217925266335522519883445024076189285011550871142232477027495248711373983247735610388702049736613087710340681310587522844892777576906362265240880995955409648802515137759691563363653616862712159688752916061815970988032.000000,2183939385730308635208420668460933914736575353792636055752251780277989982624268939247965316352032902605804190037285301907091865443511872780909337358499977323070554945362491120558481062474374010441479208921758922607624477388728235833881085870080.000000,-0.257375,767217925266335522519883445024076189285011550871142232477027495248711373983247735610388702049736613087710340681310587522844892777576906362265240880995955409648802515137759691563363653616862712159688752916061815970988032.000000,2183939385730308635208420668460933914736575353792636055752251780277989982624268939247965316352032902605804190037285301907091865443511872780909337358499977323070554945362491120558481062474374010441479208921758922607624477388728235833881085870080.000000,0.000000,0.000000,0.000000
13.681098,767217925266335522519883445024076189285011550871142232477027495248711373983247735610388702049736613087710340681310587522844892777576906362265240880995955409648802515137759691563363653616862712159688752916061815970988032.000000,2183939385730308635208420668460933914736575353792636055752251780277989982624268939247965316352032902605804190037285301907091865443511872780909337358499977323070554945362491120558481062474374010441479208921758922607624477388728235833881085870080.000000,-0.257375,767217925266335522519883445024076189285011550871142232477027495248711373983247735610388702049736613087710340681310587522844892777576906362265240880995955409648802515137759691563363653616862712159688752916061815970988032.000000,2183939385730308635208420668460933914736575353792636055752251780277989982624268939247965316352032902605804190037285301907091865443511872780909337358499977323070554945362491120558481062474374010441479208921758922607624477388728235833881085870080.000000,0.000000,0.000000,0.000000
13.712334,767217925266335522519883445024076189285011550871142232477027495248711373983247735610388702049736613087710340681310587522844892777576906362265240880995955409648802515137759691563363653616862712159688752916061815970988032.000000,2183939385730308635208420668460933914736575353792636055752251780277989982624268939247965316352032902605804190037285301907091865443511872780909337358499977323070554945362491120558481062474374010441479208921758922607624477388728235833881085870080.000000,-0.257375,767217925266335522519883445024076189285011550871142232477027495248711373983247735610388702049736613087710340681310587522844892777576906362265240880995955409648802515137759691563363653616862712159688752916061815970988032.000000,2183939385730308635208420668460933914736575353792636055752251780277989982624268939247965316352032902605804190037285301907091865443511872780909337358499977323070554945362491120558481062474374010441479208921758922607624477388728235833881085870080.000000,0.000000,0.000000,0.000000
13.745304,767217925266335522519883445024076189285011550871142232477027495248711373983247735610388702049736613087710340681310587522844892777576906362265240880995955409648802515137759691563363653616862712159688752916061815970988032.000000,2183939385730308635208420668460933914736575353792636055752251780277989982624268939247965316352032902605804190037285301907091865443511872780909337358499977323070554945362491120558481062474374010441479208921758922607624477388728235833881085870080.000000,-0.257375,767217925266335522519883445024076189285011550871142232477027495248711373983247735610388702049736613087710340681310587522844892777576906362265240880995955409648802515137759691563363653616862712159688752916061815970988032.000000,2183939385730308635208420668460933914736575353792636055752251780277989982624268939247965316352032902605804190037285301907091865443511872780909337358499977323070554945362491120558481062474374010441479208921758922607624477388728235833881085870080.000000,0.000000,0.000000,0.000000
13.778599,767217925266335522519883445024076189285011550871142232477027495248711373983247735610388702049736613087710340681310587522844892777576906362265240880995955409648802515137759691563363653616862712159688752916061815970988032.000000,2183939385730308635208420668460933914736575353792636055752251780277989982624268939247965316352032902605804190037285301907091865443511872780909337358499977323070554945362491120558481062474374010441479208921758922607624477388728235833881085870080.000000,-0.257375,767217925266335522519883445024076189285011550871142232477027495248711373983247735610388702049736613087710340681310587522844892777576906362265240880995955409648802515137759691563363653616862712159688752916061815970988032.000000,2183939385730308635208420668460933914736575353792636055752251780277989982624268939247965316352032902605804190037285301907091865443511872780909337358499977323070554945362491120558481062474374010441479208921758922607624477388728235833881085870080.000000,0.000000,0.000000,0.000000
13.811846,767217925266335522519883445024076189285011550871142232477027495248711373983247735610388702049736613087710340681310587522844892777576906362265240880995955409648802515137759691563363653616862712159688752916061815970988032.000000,2183939385730308635208420668460933914736575353792636055752251780277989982624268939247965316352032902605804190037285301907091865443511872780909337358499977323070554945362491120558481062474374010441479208921758922607624477388728235833881085870080.000000,-0.257375,767217925266335522519883445024076189285011550871142232477027495248711373983247735610388702049736613087710340681310587522844892777576906362265240880995955409648802515137759691563363653616862712159688752916061815970988032.000000,2183939385730308635208420668460933914736575353792636055752251780277989982624268939247965316352032902605804190037285301907091865443511872780909337358499977323070554945362491120558481062474374010441479208921758922607624477388728235833881085870080.000000,0.000000,0.000000,0.000000
13.844647,767217925266335522519883445024076189285011550871142232477027495248711373983247735610388702049736613087710340681310587522844892777576906362265240880995955409648802515137759691563363653616862712159688752916061815970988032.000000,2183939385730308635208420668460933914736575353792636055752251780277989982624268939247965316352032902605804190037285301907091865443511872780909337358499977323070554945362491120558481062474374010441479208921758922607624477388728235833881085870080.000000,-0.257375,767217925266335522519883445024076189285011550871142232477027495248711373983247735610388702049736613087710340681310587522844892777576906362265240880995955409648802515137759691563363653616862712159688752916061815970988032.000000,2183939385730308635208420668460933914736575353792636055752251780277989982624268939247965316352032902605804190037285301907091865443511872780909337358499977323070554945362491120558481062474374010441479208921758922607624477388728235833881085870080.000000,0.000000,0.000000,0.000000
13.879156,767217925266335522519883445024076189285011550871142232477027495248711373983247735610388702049736613087710340681310587522844892777576906362265240880995955409648802515137759691563363653616862712159688752916061815970988032.000000,2183939385730308635208420668460933914736575353792636055752251780277989982624268939247965316352032902605804190037285301907091865443511872780909337358499977323070554945362491120558481062474374010441479208921758922607624477388728235833881085870080.000000,-0.257375,767217925266335522519883445024076189285011550871142232477027495248711373983247735610388702049736613087710340681310587522844892777576906362265240880995955409648802515137759691563363653616862712159688752916061815970988032.000000,2183939385730308635208420668460933914736575353792636055752251780277989982624268939247965316352032902605804190037285301907091865443511872780909337358499977323070554945362491120558481062474374010441479208921758922607624477388728235833881085870080.000000,0.000000,0.000000,0.000000
13.911966,767217925266335522519883445024076189285011550871142232477027495248711373983247735610388702049736613087710340681310587522844892777576906362265240880995955409648802515137759691563363653616862712159688752916061815970988032.000000,2183939385730308635208420668460933914736575353792636055752251780277989982624268939247965316352032902605804190037285301907091865443511872780909337358499977323070554945362491120558481062474374010441479208921758922607624477388728235833881085870080.000000,-0.257375,767217925266335522519883445024076189285011550871142232477027495248711373983247735610388702049736613087710340681310587522844892777576906362265240880995955409648802515137759691563363653616862712159688752916061815970988032.000000,2183939385730308635208420668460933914736575353792636055752251780277989982624268939247965316352032902605804190037285301907091865443511872780909337358499977323070554945362491120558481062474374010441479208921758922607624477388728235833881085870080.000000,0.000000,0.000000,0.000000
13.945128,767217925266335522519883445024076189285011550871142232477027495248711373983247735610388702049736613087710340681310587522844892777576906362265240880995955409648802515137759691563363653616862712159688752916061815970988032.000000,2183939385730308635208420668460933914736575353792636055752251780277989982624268939247965316352032902605804190037285301907091865443511872780909337358499977323070554945362491120558481062474374010441479208921758922607624477388728235833881085870080.000000,-0.257375,767217925266335522519883445024076189285011550871142232477027495248711373983247735610388702049736613087710340681310587522844892777576906362265240880995955409648802515137759691563363653616862712159688752916061815970988032.000000,2183939385730308635208420668460933914736575353792636055752251780277989982624268939247965316352032902605804190037285301907091865443511872780909337358499977323070554945362491120558481062474374010441479208921758922607624477388728235833881085870080.000000,0.000000,0.000000,0.000000
13.985421,767217925266335522519883445024076189285011550871142232477027495248711373983247735610388702049736613087710340681310587522844892777576906362265240880995955409648802515137759691563363653616862712159688752916061815970988032.000000,2183939385730308635208420668460933914736575353792636055752251780277989982624268939247965316352032902605804190037285301907091865443511872780909337358499977323070554945362491120558481062474374010441479208921758922607624477388728235833881085870080.000000,-0.257375,767217925266335522519883445024076189285011550871142232477027495248711373983247735610388702049736613087710340681310587522844892777576906362265240880995955409648802515137759691563363653616862712159688752916061815970988032.000000,2183939385730308635208420668460933914736575353792636055752251780277989982624268939247965316352032902605804190037285301907091865443511872780909337358499977323070554945362491120558481062474374010441479208921758922607624477388728235833881085870080.000000,0.000000,0.000000,0.000000
14.011418,767217925266335522519883445024076189285011550871142232477027495248711373983247735610388702049736613087710340681310587522844892777576906362265240880995955409648802515137759691563363653616862712159688752916061815970988032.000000,2183939385730308635208420668460933914736575353792636055752251780277989982624268939247965316352032902605804190037285301907091865443511872780909337358499977323070554945362491120558481062474374010441479208921758922607624477388728235833881085870080.000000,-0.257375,767217925266335522519883445024076189285011550871142232477027495248711373983247735610388702049736613087710340681310587522844892777576906362265240880995955409648802515137759691563363653616862712159688752916061815970988032.000000,2183939385730308635208420668460933914736575353792636055752251780277989982624268939247965316352032902605804190037285301907091865443511872780909337358499977323070554945362491120558481062474374010441479208921758922607624477388728235833881085870080.000000,0.000000,0.000000,0.000000
14.044807,767217925266335522519883445024076189285011550871142232477027495248711373983247735610388702049736613087710340681310587522844892777576906362265240880995955409648802515137759691563363653616862712159688752916061815970988032.000000,2183939385730308635208420668460933914736575353792636055752251780277989982624268939247965316352032902605804190037285301907091865443511872780909337358499977323070554945362491120558481062474374010441479208921758922607624477388728235833881085870080.000000,-0.257375,767217925266335522519883445024076189285011550871142232477027495248711373983247735610388702049736613087710340681310587522844892777576906362265240880995955409648802515137759691563363653616862712159688752916061815970988032.000000,2183939385730308635208420668460933914736575353792636055752251780277989982624268939247965316352032902605804190037285301907091865443511872780909337358499977323070554945362491120558481062474374010441479208921758922607624477388728235833881085870080.000000,0.000000,0.000000,0.000000
14.081295,767217925266335522519883445024076189285011550871142232477027495248711373983247735610388702049736613087710340681310587522844892777576906362265240880995955409648802515137759691563363653616862712159688752916061815970988032.000000,2183939385730308635208420668460933914736575353792636055752251780277989982624268939247965316352032902605804190037285301907091865443511872780909337358499977323070554945362491120558481062474374010441479208921758922607624477388728235833881085870080.000000,-0.257375,767217925266335522519883445024076189285011550871142232477027495248711373983247735610388702049736613087710340681310587522844892777576906362265240880995955409648802515137759691563363653616862712159688752916061815970988032.000000,2183939385730308635208420668460933914736575353792636055752251780277989982624268939247965316352032902605804190037285301907091865443511872780909337358499977323070554945362491120558481062474374010441479208921758922607624477388728235833881085870080.000000,0.000000,0.000000,0.000000
14.115359,767217925266335522519883445024076189285011550871142232477027495248711373983247735610388702049736613087710340681310587522844892777576906362265240880995955409648802515137759691563363653616862712159688752916061815970988032.000000,2183939385730308635208420668460933914736575353792636055752251780277989982624268939247965316352032902605804190037285301907091865443511872780909337358499977323070554945362491120558481062474374010441479208921758922607624477388728235833881085870080.000000,-0.257375,767217925266335522519883445024076189285011550871142232477027495248711373983247735610388702049736613087710340681310587522844892777576906362265240880995955409648802515137759691563363653616862712159688752916061815970988032.000000,2183939385730308635208420668460933914736575353792636055752251780277989982624268939247965316352032902605804190037285301907091865443511872780909337358499977323070554945362491120558481062474374010441479208921758922607624477388728235833881085870080.000000,0.000000,0.000000,0.000000
14.145330,767217925266335522519883445024076189285011550871142232477027495248711373983247735610388702049736613087710340681310587522844892777576906362265240880995955409648802515137759691563363653616862712159688752916061815970988032.000000,2183939385730308635208420668460933914736575353792636055752251780277989982624268939247965316352032902605804190037285301907091865443511872780909337358499977323070554945362491120558481062474374010441479208921758922607624477388728235833881085870080.000000,-0.257375,767217925266335522519883445024076189285011550871142232477027495248711373983247735610388702049736613087710340681310587522844892777576906362265240880995955409648802515137759691563363653616862712159688752916061815970988032.000000,2183939385730308635208420668460933914736575353792636055752251780277989982624268939247965316352032902605804190037285301907091865443511872780909337358499977323070554945362491120558481062474374010441479208921758922607624477388728235833881085870080.000000,0.000000,0.000000,0.000000
14.178571,767217925266335522519883445024076189285011550871142232477027495248711373983247735610388702049736613087710340681310587522844892777576906362265240880995955409648802515137759691563363653616862712159688752916061815970988032.000000,2183939385730308635208420668460933914736575353792636055752251780277989982624268939247965316352032902605804190037285301907091865443511872780909337358499977323070554945362491120558481062474374010441479208921758922607624477388728235833881085870080.000000,-0.257375,767217925266335522519883445024076189285011550871142232477027495248711373983247735610388702049736613087710340681310587522844892777576906362265240880995955409648802515137759691563363653616862712159688752916061815970988032.000000,2183939385730308635208420668460933914736575353792636055752251780277989982624268939247965316352032902605804190037285301907091865443511872780909337358499977323070554945362491120558481062474374010441479208921758922607624477388728235833881085870080.000000,0.000000,0.000000,0.000000
14.211536,767217925266335522519883445024076189285011550871142232477027495248711373983247735610388702049736613087710340681310587522844892777576906362265240880995955409648802515137759691563363653616862712159688752916061815970988032.000000,2183939385730308635208420668460933914736575353792636055752251780277989982624268939247965316352032902605804190037285301907091865443511872780909337358499977323070554945362491120558481062474374010441479208921758922607624477388728235833881085870080.000000,-0.257375,767217925266335522519883445024076189285011550871142232477027495248711373983247735610388702049736613087710340681310587522844892777576906362265240880995955409648802515137759691563363653616862712159688752916061815970988032.000000,2183939385730308635208420668460933914736575353792636055752251780277989982624268939247965316352032902605804190037285301907091865443511872780909337358499977323070554945362491120558481062474374010441479208921758922607624477388728235833881085870080.000000,0.000000,0.000000,0.000000
14.244905,767217925266335522519883445024076189285011550871142232477027495248711373983247735610388702049736613087710340681310587522844892777576906362265240880995955409648802515137759691563363653616862712159688752916061815970988032.000000,2183939385730308635208420668460933914736575353792636055752251780277989982624268939247965316352032902605804190037285301907091865443511872780909337358499977323070554945362491120558481062474374010441479208921758922607624477388728235833881085870080.000000,-0.257375,767217925266335522519883445024076189285011550871142232477027495248711373983247735610388702049736613087710340681310587522844892777576906362265240880995955409648802515137759691563363653616862712159688752916061815970988032.000000,2183939385730308635208420668460933914736575353792636055752251780277989982624268939247965316352032902605804190037285301907091865443511872780909337358499977323070554945362491120558481062474374010441479208921758922607624477388728235833881085870080.000000,0.000000,0.000000,0.000000
14.277956,767217925266335522519883445024076189285011550871142232477027495248711373983247735610388702049736613087710340681310587522844892777576906362265240880995955409648802515137759691563363653616862712159688752916061815970988032.000000,2183939385730308635208420668460933914736575353792636055752251780277989982624268939247965316352032902605804190037285301907091865443511872780909337358499977323070554945362491120558481062474374010441479208921758922607624477388728235833881085870080.000000,-0.257375,767217925266335522519883445024076189285011550871142232477027495248711373983247735610388702049736613087710340681310587522844892777576906362265240880995955409648802515137759691563363653616862712159688752916061815970988032.000000,2183939385730308635208420668460933914736575353792636055752251780277989982624268939247965316352032902605804190037285301907091865443511872780909337358499977323070554945362491120558481062474374010441479208921758922607624477388728235833881085870080.000000,0.000000,0.000000,0.000000
14.311708,767217925266335522519883445024076189285011550871142232477027495248711373983247735610388702049736613087710340681310587522844892777576906362265240880995955409648802515137759691563363653616862712159688752916061815970988032.000000,2183939385730308635208420668460933914736575353792636055752251780277989982624268939247965316352032902605804190037285301907091865443511872780909337358499977323070554945362491120558481062474374010441479208921758922607624477388728235833881085870080.000000,-0.257375,767217925266335522519883445024076189285011550871142232477027495248711373983247735610388702049736613087710340681310587522844892777576906362265240880995955409648802515137759691563363653616862712159688752916061815970988032.000000,2183939385730308635208420668460933914736575353792636055752251780277989982624268939247965316352032902605804190037285301907091865443511872780909337358499977323070554945362491120558481062474374010441479208921758922607624477388728235833881085870080.000000,0.000000,0.000000,0.000000
14.344947,767217925266335522519883445024076189285011550871142232477027495248711373983247735610388702049736613087710340681310587522844892777576906362265240880995955409648802515137759691563363653616862712159688752916061815970988032.000000,2183939385730308635208420668460933914736575353792636055752251780277989982624268939247965316352032902605804190037285301907091865443511872780909337358499977323070554945362491120558481062474374010441479208921758922607624477388728235833881085870080.000000,-0.257375,767217925266335522519883445024076189285011550871142232477027495248711373983247735610388702049736613087710340681310587522844892777576906362265240880995955409648802515137759691563363653616862712159688752916061815970988032.000000,2183939385730308635208420668460933914736575353792636055752251780277989982624268939247965316352032902605804190037285301907091865443511872780909337358499977323070554945362491120558481062474374010441479208921758922607624477388728235833881085870080.000000,0.000000,0.000000,0.000000
14.378182,767217925266335522519883445024076189285011550871142232477027495248711373983247735610388702049736613087710340681310587522844892777576906362265240880995955409648802515137759691563363653616862712159688752916061815970988032.000000,2183939385730308635208420668460933914736575353792636055752251780277989982624268939247965316352032902605804190037285301907091865443511872780909337358499977323070554945362491120558481062474374010441479208921758922607624477388728235833881085870080.000000,-0.257375,767217925266335522519883445024076189285011550871142232477027495248711373983247735610388702049736613087710340681310587522844892777576906362265240880995955409648802515137759691563363653616862712159688752916061815970988032.000000,2183939385730308635208420668460933914736575353792636055752251780277989982624268939247965316352032902605804190037285301907091865443511872780909337358499977323070554945362491120558481062474374010441479208921758922607624477388728235833881085870080.000000,0.000000,0.000000,0.000000
14.411539,767217925266335522519883445024076189285011550871142232477027495248711373983247735610388702049736613087710340681310587522844892777576906362265240880995955409648802515137759691563363653616862712159688752916061815970988032.000000,2183939385730308635208420668460933914736575353792636055752251780277989982624268939247965316352032902605804190037285301907091865443511872780909337358499977323070554945362491120558481062474374010441479208921758922607624477388728235833881085870080.000000,-0.257375,767217925266335522519883445024076189285011550871142232477027495248711373983247735610388702049736613087710340681310587522844892777576906362265240880995955409648802515137759691563363653616862712159688752916061815970988032.000000,2183939385730308635208420668460933914736575353792636055752251780277989982624268939247965316352032902605804190037285301907091865443511872780909337358499977323070554945362491120558481062474374010441479208921758922607624477388728235833881085870080.000000,0.000000,0.000000,0.000000
14.444722,767217925266335522519883445024076189285011550871142232477027495248711373983247735610388702049736613087710340681310587522844892777576906362265240880995955409648802515137759691563363653616862712159688752916061815970988032.000000,2183939385730308635208420668460933914736575353792636055752251780277989982624268939247965316352032902605804190037285301907091865443511872780909337358499977323070554945362491120558481062474374010441479208921758922607624477388728235833881085870080.000000,-0.257375,767217925266335522519883445024076189285011550871142232477027495248711373983247735610388702049736613087710340681310587522844892777576906362265240880995955409648802515137759691563363653616862712159688752916061815970988032.000000,2183939385730308635208420668460933914736575353792636055752251780277989982624268939247965316352032902605804190037285301907091865443511872780909337358499977323070554945362491120558481062474374010441479208921758922607624477388728235833881085870080.000000,0.000000,0.000000,0.000000
14.477947,767217925266335522519883445024076189285011550871142232477027495248711373983247735610388702049736613087710340681310587522844892777576906362265240880995955409648802515137759691563363653616862712159688752916061815970988032.000000,2183939385730308635208420668460933914736575353792636055752251780277989982624268939247965316352032902605804190037285301907091865443511872780909337358499977323070554945362491120558481062474374010441479208921758922607624477388728235833881085870080.000000,-0.257375,767217925266335522519883445024076189285011550871142232477027495248711373983247735610388702049736613087710340681310587522844892777576906362265240880995955409648802515137759691563363653616862712159688752916061815970988032.000000,2183939385730308635208420668460933914736575353792636055752251780277989982624268939247965316352032902605804190037285301907091865443511872780909337358499977323070554945362491120558481062474374010441479208921758922607624477388728235833881085870080.000000,0.000000,0.000000,0.000000
14.511384,767217925266335522519883445024076189285011550871142232477027495248711373983247735610388702049736613087710340681310587522844892777576906362265240880995955409648802515137759691563363653616862712159688752916061815970988032.000000,2183939385730308635208420668460933914736575353792636055752251780277989982624268939247965316352032902605804190037285301907091865443511872780909337358499977323070554945362491120558481062474374010441479208921758922607624477388728235833881085870080.000000,-0.257375,767217925266335522519883445024076189285011550871142232477027495248711373983247735610388702049736613087710340681310587522844892777576906362265240880995955409648802515137759691563363653616862712159688752916061815970988032.000000,2183939385730308635208420668460933914736575353792636055752251780277989982624268939247965316352032902605804190037285301907091865443511872780909337358499977323070554945362491120558481062474374010441479208921758922607624477388728235833881085870080.000000,0.000000,0.000000,0.000000
14.544793,767217925266335522519883445024076189285011550871142232477027495248711373983247735610388702049736613087710340681310587522844892777576906362265240880995955409648802515137759691563363653616862712159688752916061815970988032.000000,2183939385730308635208420668460933914736575353792636055752251780277989982624268939247965316352032902605804190037285301907091865443511872780909337358499977323070554945362491120558481062474374010441479208921758922607624477388728235833881085870080.000000,-0.257375,767217925266335522519883445024076189285011550871142232477027495248711373983247735610388702049736613087710340681310587522844892777576906362265240880995955409648802515137759691563363653616862712159688752916061815970988032.000000,2183939385730308635208420668460933914736575353792636055752251780277989982624268939247965316352032902605804190037285301907091865443511872780909337358499977323070554945362491120558481062474374010441479208921758922607624477388728235833881085870080.000000,0.000000,0.000000,0.000000
14.582404,767217925266335522519883445024076189285011550871142232477027495248711373983247735610388702049736613087710340681310587522844892777576906362265240880995955409648802515137759691563363653616862712159688752916061815970988032.000000,2183939385730308635208420668460933914736575353792636055752251780277989982624268939247965316352032902605804190037285301907091865443511872780909337358499977323070554945362491120558481062474374010441479208921758922607624477388728235833881085870080.000000,-0.257375,767217925266335522519883445024076189285011550871142232477027495248711373983247735610388702049736613087710340681310587522844892777576906362265240880995955409648802515137759691563363653616862712159688752916061815970988032.000000,2183939385730308635208420668460933914736575353792636055752251780277989982624268939247965316352032902605804190037285301907091865443511872780909337358499977323070554945362491120558481062474374010441479208921758922607624477388728235833881085870080.000000,0.000000,0.000000,0.000000
14.615212,767217925266335522519883445024076189285011550871142232477027495248711373983247735610388702049736613087710340681310587522844892777576906362265240880995955409648802515137759691563363653616862712159688752916061815970988032.000000,2183939385730308635208420668460933914736575353792636055752251780277989982624268939247965316352032902605804190037285301907091865443511872780909337358499977323070554945362491120558481062474374010441479208921758922607624477388728235833881085870080.000000,-0.257375,767217925266335522519883445024076189285011550871142232477027495248711373983247735610388702049736613087710340681310587522844892777576906362265240880995955409648802515137759691563363653616862712159688752916061815970988032.000000,2183939385730308635208420668460933914736575353792636055752251780277989982624268939247965316352032902605804190037285301907091865443511872780909337358499977323070554945362491120558481062474374010441479208921758922607624477388728235833881085870080.000000,0.000000,0.000000,0.000000
14.645617,767217925266335522519883445024076189285011550871142232477027495248711373983247735610388702049736613087710340681310587522844892777576906362265240880995955409648802515137759691563363653616862712159688752916061815970988032.000000,2183939385730308635208420668460933914736575353792636055752251780277989982624268939247965316352032902605804190037285301907091865443511872780909337358499977323070554945362491120558481062474374010441479208921758922607624477388728235833881085870080.000000,-0.257375,767217925266335522519883445024076189285011550871142232477027495248711373983247735610388702049736613087710340681310587522844892777576906362265240880995955409648802515137759691563363653616862712159688752916061815970988032.000000,2183939385730308635208420668460933914736575353792636055752251780277989982624268939247965316352032902605804190037285301907091865443511872780909337358499977323070554945362491120558481062474374010441479208921758922607624477388728235833881085870080.000000,0.000000,0.000000,0.000000
14.678927,767217925266335522519883445024076189285011550871142232477027495248711373983247735610388702049736613087710340681310587522844892777576906362265240880995955409648802515137759691563363653616862712159688752916061815970988032.000000,2183939385730308635208420668460933914736575353792636055752251780277989982624268939247965316352032902605804190037285301907091865443511872780909337358499977323070554945362491120558481062474374010441479208921758922607624477388728235833881085870080.000000,-0.257375,767217925266335522519883445024076189285011550871142232477027495248711373983247735610388702049736613087710340681310587522844892777576906362265240880995955409648802515137759691563363653616862712159688752916061815970988032.000000,2183939385730308635208420668460933914736575353792636055752251780277989982624268939247965316352032902605804190037285301907091865443511872780909337358499977323070554945362491120558481062474374010441479208921758922607624477388728235833881085870080.000000,0.000000,0.000000,0.000000
14.711644,767217925266335522519883445024076189285011550871142232477027495248711373983247735610388702049736613087710340681310587522844892777576906362265240880995955409648802515137759691563363653616862712159688752916061815970988032.000000,2183939385730308635208420668460933914736575353792636055752251780277989982624268939247965316352032902605804190037285301907091865443511872780909337358499977323070554945362491120558481062474374010441479208921758922607624477388728235833881085870080.000000,-0.257375,767217925266335522519883445024076189285011550871142232477027495248711373983247735610388702049736613087710340681310587522844892777576906362265240880995955409648802515137759691563363653616862712159688752916061815970988032.000000,2183939385730308635208420668460933914736575353792636055752251780277989982624268939247965316352032902605804190037285301907091865443511872780909337358499977323070554945362491120558481062474374010441479208921758922607624477388728235833881085870080.000000,0.000000,0.000000,0.000000
14.744860,767217925266335522519883445024076189285011550871142232477027495248711373983247735610388702049736613087710340681310587522844892777576906362265240880995955409648802515137759691563363653616862712159688752916061815970988032.000000,2183939385730308635208420668460933914736575353792636055752251780277989982624268939247965316352032902605804190037285301907091865443511872780909337358499977323070554945362491120558481062474374010441479208921758922607624477388728235833881085870080.000000,-0.257375,767217925266335522519883445024076189285011550871142232477027495248711373983247735610388702049736613087710340681310587522844892777576906362265240880995955409648802515137759691563363653616862712159688752916061815970988032.000000,2183939385730308635208420668460933914736575353792636055752251780277989982624268939247965316352032902605804190037285301907091865443511872780909337358499977323070554945362491120558481062474374010441479208921758922607624477388728235833881085870080.000000,0.000000,0.000000,0.000000
14.778632,767217925266335522519883445024076189285011550871142232477027495248711373983247735610388702049736613087710340681310587522844892777576906362265240880995955409648802515137759691563363653616862712159688752916061815970988032.000000,2183939385730308635208420668460933914736575353792636055752251780277989982624268939247965316352032902605804190037285301907091865443511872780909337358499977323070554945362491120558481062474374010441479208921758922607624477388728235833881085870080.000000,-0.257375,767217925266335522519883445024076189285011550871142232477027495248711373983247735610388702049736613087710340681310587522844892777576906362265240880995955409648802515137759691563363653616862712159688752916061815970988032.000000,2183939385730308635208420668460933914736575353792636055752251780277989982624268939247965316352032902605804190037285301907091865443511872780909337358499977323070554945362491120558481062474374010441479208921758922607624477388728235833881085870080.000000,0.000000,0.000000,0.000000
14.811676,767217925266335522519883445024076189285011550871142232477027495248711373983247735610388702049736613087710340681310587522844892777576906362265240880995955409648802515137759691563363653616862712159688752916061815970988032.000000,2183939385730308635208420668460933914736575353792636055752251780277989982624268939247965316352032902605804190037285301907091865443511872780909337358499977323070554945362491120558481062474374010441479208921758922607624477388728235833881085870080.000000,-0.257375,767217925266335522519883445024076189285011550871142232477027495248711373983247735610388702049736613087710340681310587522844892777576906362265240880995955409648802515137759691563363653616862712159688752916061815970988032.000000,2183939385730308635208420668460933914736575353792636055752251780277989982624268939247965316352032902605804190037285301907091865443511872780909337358499977323070554945362491120558481062474374010441479208921758922607624477388728235833881085870080.000000,0.000000,0.000000,0.000000
14.844744,767217925266335522519883445024076189285011550871142232477027495248711373983247735610388702049736613087710340681310587522844892777576906362265240880995955409648802515137759691563363653616862712159688752916061815970988032.000000,2183939385730308635208420668460933914736575353792636055752251780277989982624268939247965316352032902605804190037285301907091865443511872780909337358499977323070554945362491120558481062474374010441479208921758922607624477388728235833881085870080.000000,-0.257375,767217925266335522519883445024076189285011550871142232477027495248711373983247735610388702049736613087710340681310587522844892777576906362265240880995955409648802515137759691563363653616862712159688752916061815970988032.000000,2183939385730308635208420668460933914736575353792636055752251780277989982624268939247965316352032902605804190037285301907091865443511872780909337358499977323070554945362491120558481062474374010441479208921758922607624477388728235833881085870080.000000,0.000000,0.000000,0.000000
14.878030,767217925266335522519883445024076189285011550871142232477027495248711373983247735610388702049736613087710340681310587522844892777576906362265240880995955409648802515137759691563363653616862712159688752916061815970988032.000000,2183939385730308635208420668460933914736575353792636055752251780277989982624268939247965316352032902605804190037285301907091865443511872780909337358499977323070554945362491120558481062474374010441479208921758922607624477388728235833881085870080.000000,-0.257375,767217925266335522519883445024076189285011550871142232477027495248711373983247735610388702049736613087710340681310587522844892777576906362265240880995955409648802515137759691563363653616862712159688752916061815970988032.000000,2183939385730308635208420668460933914736575353792636055752251780277989982624268939247965316352032902605804190037285301907091865443511872780909337358499977323070554945362491120558481062474374010441479208921758922607624477388728235833881085870080.000000,0.000000,0.000000,0.000000
14.911666,767217925266335522519883445024076189285011550871142232477027495248711373983247735610388702049736613087710340681310587522844892777576906362265240880995955409648802515137759691563363653616862712159688752916061815970988032.000000,2183939385730308635208420668460933914736575353792636055752251780277989982624268939247965316352032902605804190037285301907091865443511872780909337358499977323070554945362491120558481062474374010441479208921758922607624477388728235833881085870080.000000,-0.257375,767217925266335522519883445024076189285011550871142232477027495248711373983247735610388702049736613087710340681310587522844892777576906362265240880995955409648802515137759691563363653616862712159688752916061815970988032.000000,2183939385730308635208420668460933914736575353792636055752251780277989982624268939247965316352032902605804190037285301907091865443511872780909337358499977323070554945362491120558481062474374010441479208921758922607624477388728235833881085870080.000000,0.000000,0.000000,0.000000
14.958934,767217925266335522519883445024076189285011550871142232477027495248711373983247735610388702049736613087710340681310587522844892777576906362265240880995955409648802515137759691563363653616862712159688752916061815970988032.000000,2183939385730308635208420668460933914736575353792636055752251780277989982624268939247965316352032902605804190037285301907091865443511872780909337358499977323070554945362491120558481062474374010441479208921758922607624477388728235833881085870080.000000,-0.257375,767217925266335522519883445024076189285011550871142232477027495248711373983247735610388702049736613087710340681310587522844892777576906362265240880995955409648802515137759691563363653616862712159688752916061815970988032.000000,2183939385730308635208420668460933914736575353792636055752251780277989982624268939247965316352032902605804190037285301907091865443511872780909337358499977323070554945362491120558481062474374010441479208921758922607624477388728235833881085870080.000000,0.000000,0.000000,0.000000
14.977992,767217925266335522519883445024076189285011550871142232477027495248711373983247735610388702049736613087710340681310587522844892777576906362265240880995955409648802515137759691563363653616862712159688752916061815970988032.000000,2183939385730308635208420668460933914736575353792636055752251780277989982624268939247965316352032902605804190037285301907091865443511872780909337358499977323070554945362491120558481062474374010441479208921758922607624477388728235833881085870080.000000,-0.257375,767217925266335522519883445024076189285011550871142232477027495248711373983247735610388702049736613087710340681310587522844892777576906362265240880995955409648802515137759691563363653616862712159688752916061815970988032.000000,2183939385730308635208420668460933914736575353792636055752251780277989982624268939247965316352032902605804190037285301907091865443511872780909337358499977323070554945362491120558481062474374010441479208921758922607624477388728235833881085870080.000000,0.000000,0.000000,0.000000
15.011576,767217925266335522519883445024076189285011550871142232477027495248711373983247735610388702049736613087710340681310587522844892777576906362265240880995955409648802515137759691563363653616862712159688752916061815970988032.000000,2183939385730308635208420668460933914736575353792636055752251780277989982624268939247965316352032902605804190037285301907091865443511872780909337358499977323070554945362491120558481062474374010441479208921758922607624477388728235833881085870080.000000,-0.257375,767217925266335522519883445024076189285011550871142232477027495248711373983247735610388702049736613087710340681310587522844892777576906362265240880995955409648802515137759691563363653616862712159688752916061815970988032.000000,2183939385730308635208420668460933914736575353792636055752251780277989982624268939247965316352032902605804190037285301907091865443511872780909337358499977323070554945362491120558481062474374010441479208921758922607624477388728235833881085870080.000000,0.000000,0.000000,0.000000
15.044759,767217925266335522519883445024076189285011550871142232477027495248711373983247735610388702049736613087710340681310587522844892777576906362265240880995955409648802515137759691563363653616862712159688752916061815970988032.000000,2183939385730308635208420668460933914736575353792636055752251780277989982624268939247965316352032902605804190037285301907091865443511872780909337358499977323070554945362491120558481062474374010441479208921758922607624477388728235833881085870080.000000,-0.257375,767217925266335522519883445024076189285011550871142232477027495248711373983247735610388702049736613087710340681310587522844892777576906362265240880995955409648802515137759691563363653616862712159688752916061815970988032.000000,2183939385730308635208420668460933914736575353792636055752251780277989982624268939247965316352032902605804190037285301907091865443511872780909337358499977323070554945362491120558481062474374010441479208921758922607624477388728235833881085870080.000000,0.000000,0.000000,0.000000
15.078161,767217925266335522519883445024076189285011550871142232477027495248711373983247735610388702049736613087710340681310587522844892777576906362265240880995955409648802515137759691563363653616862712159688752916061815970988032.000000,2183939385730308635208420668460933914736575353792636055752251780277989982624268939247965316352032902605804190037285301907091865443511872780909337358499977323070554945362491120558481062474374010441479208921758922607624477388728235833881085870080.000000,-0.257375,767217925266335522519883445024076189285011550871142232477027495248711373983247735610388702049736613087710340681310587522844892777576906362265240880995955409648802515137759691563363653616862712159688752916061815970988032.000000,2183939385730308635208420668460933914736575353792636055752251780277989982624268939247965316352032902605804190037285301907091865443511872780909337358499977323070554945362491120558481062474374010441479208921758922607624477388728235833881085870080.000000,0.000000,0.000000,0.000000
15.111576,767217925266335522519883445024076189285011550871142232477027495248711373983247735610388702049736613087710340681310587522844892777576906362265240880995955409648802515137759691563363653616862712159688752916061815970988032.000000,2183939385730308635208420668460933914736575353792636055752251780277989982624268939247965316352032902605804190037285301907091865443511872780909337358499977323070554945362491120558481062474374010441479208921758922607624477388728235833881085870080.000000,-0.257375,767217925266335522519883445024076189285011550871142232477027495248711373983247735610388702049736613087710340681310587522844892777576906362265240880995955409648802515137759691563363653616862712159688752916061815970988032.000000,2183939385730308635208420668460933914736575353792636055752251780277989982624268939247965316352032902605804190037285301907091865443511872780909337358499977323070554945362491120558481062474374010441479208921758922607624477388728235833881085870080.000000,0.000000,0.000000,0.000000
15.144906,767217925266335522519883445024076189285011550871142232477027495248711373983247735610388702049736613087710340681310587522844892777576906362265240880995955409648802515137759691563363653616862712159688752916061815970988032.000000,2183939385730308635208420668460933914736575353792636055752251780277989982624268939247965316352032902605804190037285301907091865443511872780909337358499977323070554945362491120558481062474374010441479208921758922607624477388728235833881085870080.000000,-0.257375,767217925266335522519883445024076189285011550871142232477027495248711373983247735610388702049736613087710340681310587522844892777576906362265240880995955409648802515137759691563363653616862712159688752916061815970988032.000000,2183939385730308635208420668460933914736575353792636055752251780277989982624268939247965316352032902605804190037285301907091865443511872780909337358499977323070554945362491120558481062474374010441479208921758922607624477388728235833881085870080.000000,0.000000,0.000000,0.000000
15.178972,767217925266335522519883445024076189285011550871142232477027495248711373983247735610388702049736613087710340681310587522844892777576906362265240880995955409648802515137759691563363653616862712159688752916061815970988032.000000,2183939385730308635208420668460933914736575353792636055752251780277989982624268939247965316352032902605804190037285301907091865443511872780909337358499977323070554945362491120558481062474374010441479208921758922607624477388728235833881085870080.000000,-0.257375,767217925266335522519883445024076189285011550871142232477027495248711373983247735610388702049736613087710340681310587522844892777576906362265240880995955409648802515137759691563363653616862712159688752916061815970988032.000000,2183939385730308635208420668460933914736575353792636055752251780277989982624268939247965316352032902605804190037285301907091865443511872780909337358499977323070554945362491120558481062474374010441479208921758922607624477388728235833881085870080.000000,0.000000,0.000000,0.000000
15.212390,767217925266335522519883445024076189285011550871142232477027495248711373983247735610388702049736613087710340681310587522844892777576906362265240880995955409648802515137759691563363653616862712159688752916061815970988032.000000,2183939385730308635208420668460933914736575353792636055752251780277989982624268939247965316352032902605804190037285301907091865443511872780909337358499977323070554945362491120558481062474374010441479208921758922607624477388728235833881085870080.000000,-0.257375,767217925266335522519883445024076189285011550871142232477027495248711373983247735610388702049736613087710340681310587522844892777576906362265240880995955409648802515137759691563363653616862712159688752916061815970988032.000000,2183939385730308635208420668460933914736575353792636055752251780277989982624268939247965316352032902605804190037285301907091865443511872780909337358499977323070554945362491120558481062474374010441479208921758922607624477388728235833881085870080.000000,0.000000,0.000000,0.000000
15.245147,767217925266335522519883445024076189285011550871142232477027495248711373983247735610388702049736613087710340681310587522844892777576906362265240880995955409648802515137759691563363653616862712159688752916061815970988032.000000,2183939385730308635208420668460933914736575353792636055752251780277989982624268939247965316352032902605804190037285301907091865443511872780909337358499977323070554945362491120558481062474374010441479208921758922607624477388728235833881085870080.000000,-0.257375,767217925266335522519883445024076189285011550871142232477027495248711373983247735610388702049736613087710340681310587522844892777576906362265240880995955409648802515137759691563363653616862712159688752916061815970988032.000000,2183939385730308635208420668460933914736575353792636055752251780277989982624268939247965316352032902605804190037285301907091865443511872780909337358499977323070554945362491120558481062474374010441479208921758922607624477388728235833881085870080.000000,0.000000,0.000000,0.000000
15.278243,767217925266335522519883445024076189285011550871142232477027495248711373983247735610388702049736613087710340681310587522844892777576906362265240880995955409648802515137759691563363653616862712159688752916061815970988032.000000,2183939385730308635208420668460933914736575353792636055752251780277989982624268939247965316352032902605804190037285301907091865443511872780909337358499977323070554945362491120558481062474374010441479208921758922607624477388728235833881085870080.000000,-0.257375,767217925266335522519883445024076189285011550871142232477027495248711373983247735610388702049736613087710340681310587522844892777576906362265240880995955409648802515137759691563363653616862712159688752916061815970988032.000000,2183939385730308635208420668460933914736575353792636055752251780277989982624268939247965316352032902605804190037285301907091865443511872780909337358499977323070554945362491120558481062474374010441479208921758922607624477388728235833881085870080.000000,0.000000,0.000000,0.000000
15.311964,767217925266335522519883445024076189285011550871142232477027495248711373983247735610388702049736613087710340681310587522844892777576906362265240880995955409648802515137759691563363653616862712159688752916061815970988032.000000,2183939385730308635208420668460933914736575353792636055752251780277989982624268939247965316352032902605804190037285301907091865443511872780909337358499977323070554945362491120558481062474374010441479208921758922607624477388728235833881085870080.000000,-0.257375,767217925266335522519883445024076189285011550871142232477027495248711373983247735610388702049736613087710340681310587522844892777576906362265240880995955409648802515137759691563363653616862712159688752916061815970988032.000000,2183939385730308635208420668460933914736575353792636055752251780277989982624268939247965316352032902605804190037285301907091865443511872780909337358499977323070554945362491120558481062474374010441479208921758922607624477388728235833881085870080.000000,0.000000,0.000000,0.000000
15.344949,767217925266335522519883445024076189285011550871142232477027495248711373983247735610388702049736613087710340681310587522844892777576906362265240880995955409648802515137759691563363653616862712159688752916061815970988032.000000,2183939385730308635208420668460933914736575353792636055752251780277989982624268939247965316352032902605804190037285301907091865443511872780909337358499977323070554945362491120558481062474374010441479208921758922607624477388728235833881085870080.000000,-0.257375,767217925266335522519883445024076189285011550871142232477027495248711373983247735610388702049736613087710340681310587522844892777576906362265240880995955409648802515137759691563363653616862712159688752916061815970988032.000000,2183939385730308635208420668460933914736575353792636055752251780277989982624268939247965316352032902605804190037285301907091865443511872780909337358499977323070554945362491120558481062474374010441479208921758922607624477388728235833881085870080.000000,0.000000,0.000000,0.000000
15.378039,767217925266335522519883445024076189285011550871142232477027495248711373983247735610388702049736613087710340681310587522844892777576906362265240880995955409648802515137759691563363653616862712159688752916061815970988032.000000,2183939385730308635208420668460933914736575353792636055752251780277989982624268939247965316352032902605804190037285301907091865443511872780909337358499977323070554945362491120558481062474374010441479208921758922607624477388728235833881085870080.000000,-0.257375,767217925266335522519883445024076189285011550871142232477027495248711373983247735610388702049736613087710340681310587522844892777576906362265240880995955409648802515137759691563363653616862712159688752916061815970988032.000000,2183939385730308635208420668460933914736575353792636055752251780277989982624268939247965316352032902605804190037285301907091865443511872780909337358499977323070554945362491120558481062474374010441479208921758922607624477388728235833881085870080.000000,0.000000,0.000000,0.000000
15.411776,767217925266335522519883445024076189285011550871142232477027495248711373983247735610388702049736613087710340681310587522844892777576906362265240880995955409648802515137759691563363653616862712159688752916061815970988032.000000,2183939385730308635208420668460933914736575353792636055752251780277989982624268939247965316352032902605804190037285301907091865443511872780909337358499977323070554945362491120558481062474374010441479208921758922607624477388728235833881085870080.000000,-0.257375,767217925266335522519883445024076189285011550871142232477027495248711373983247735610388702049736613087710340681310587522844892777576906362265240880995955409648802515137759691563363653616862712159688752916061815970988032.000000,2183939385730308635208420668460933914736575353792636055752251780277989982624268939247965316352032902605804190037285301907091865443511872780909337358499977323070554945362491120558481062474374010441479208921758922607624477388728235833881085870080.000000,0.000000,0.000000,0.000000
15.444777,767217925266335522519883445024076189285011550871142232477027495248711373983247735610388702049736613087710340681310587522844892777576906362265240880995955409648802515137759691563363653616862712159688752916061815970988032.000000,2183939385730308635208420668460933914736575353792636055752251780277989982624268939247965316352032902605804190037285301907091865443511872780909337358499977323070554945362491120558481062474374010441479208921758922607624477388728235833881085870080.000000,-0.257375,767217925266335522519883445024076189285011550871142232477027495248711373983247735610388702049736613087710340681310587522844892777576906362265240880995955409648802515137759691563363653616862712159688752916061815970988032.000000,2183939385730308635208420668460933914736575353792636055752251780277989982624268939247965316352032902605804190037285301907091865443511872780909337358499977323070554945362491120558481062474374010441479208921758922607624477388728235833881085870080.000000,0.000000,0.000000,0.000000
15.478042,767217925266335522519883445024076189285011550871142232477027495248711373983247735610388702049736613087710340681310587522844892777576906362265240880995955409648802515137759691563363653616862712159688752916061815970988032.000000,2183939385730308635208420668460933914736575353792636055752251780277989982624268939247965316352032902605804190037285301907091865443511872780909337358499977323070554945362491120558481062474374010441479208921758922607624477388728235833881085870080.000000,-0.257375,767217925266335522519883445024076189285011550871142232477027495248711373983247735610388702049736613087710340681310587522844892777576906362265240880995955409648802515137759691563363653616862712159688752916061815970988032.000000,2183939385730308635208420668460933914736575353792636055752251780277989982624268939247965316352032902605804190037285301907091865443511872780909337358499977323070554945362491120558481062474374010441479208921758922607624477388728235833881085870080.000000,0.000000,0.000000,0.000000
15.511492,767217925266335522519883445024076189285011550871142232477027495248711373983247735610388702049736613087710340681310587522844892777576906362265240880995955409648802515137759691563363653616862712159688752916061815970988032.000000,2183939385730308635208420668460933914736575353792636055752251780277989982624268939247965316352032902605804190037285301907091865443511872780909337358499977323070554945362491120558481062474374010441479208921758922607624477388728235833881085870080.000000,-0.257375,767217925266335522519883445024076189285011550871142232477027495248711373983247735610388702049736613087710340681310587522844892777576906362265240880995955409648802515137759691563363653616862712159688752916061815970988032.000000,2183939385730308635208420668460933914736575353792636055752251780277989982624268939247965316352032902605804190037285301907091865443511872780909337358499977323070554945362491120558481062474374010441479208921758922607624477388728235833881085870080.000000,0.000000,0.000000,0.000000
15.548843,767217925266335522519883445024076189285011550871142232477027495248711373983247735610388702049736613087710340681310587522844892777576906362265240880995955409648802515137759691563363653616862712159688752916061815970988032.000000,2183939385730308635208420668460933914736575353792636055752251780277989982624268939247965316352032902605804190037285301907091865443511872780909337358499977323070554945362491120558481062474374010441479208921758922607624477388728235833881085870080.000000,-0.257375,767217925266335522519883445024076189285011550871142232477027495248711373983247735610388702049736613087710340681310587522844892777576906362265240880995955409648802515137759691563363653616862712159688752916061815970988032.000000,2183939385730308635208420668460933914736575353792636055752251780277989982624268939247965316352032902605804190037285301907091865443511872780909337358499977323070554945362491120558481062474374010441479208921758922607624477388728235833881085870080.000000,0.000000,0.000000,0.000000
15.579955,767217925266335522519883445024076189285011550871142232477027495248711373983247735610388702049736613087710340681310587522844892777576906362265240880995955409648802515137759691563363653616862712159688752916061815970988032.000000,2183939385730308635208420668460933914736575353792636055752251780277989982624268939247965316352032902605804190037285301907091865443511872780909337358499977323070554945362491120558481062474374010441479208921758922607624477388728235833881085870080.000000,-0.257375,767217925266335522519883445024076189285011550871142232477027495248711373983247735610388702049736613087710340681310587522844892777576906362265240880995955409648802515137759691563363653616862712159688752916061815970988032.000000,2183939385730308635208420668460933914736575353792636055752251780277989982624268939247965316352032902605804190037285301907091865443511872780909337358499977323070554945362491120558481062474374010441479208921758922607624477388728235833881085870080.000000,0.000000,0.000000,0.000000
15.611974,767217925266335522519883445024076189285011550871142232477027495248711373983247735610388702049736613087710340681310587522844892777576906362265240880995955409648802515137759691563363653616862712159688752916061815970988032.000000,2183939385730308635208420668460933914736575353792636055752251780277989982624268939247965316352032902605804190037285301907091865443511872780909337358499977323070554945362491120558481062474374010441479208921758922607624477388728235833881085870080.000000,-0.257375,767217925266335522519883445024076189285011550871142232477027495248711373983247735610388702049736613087710340681310587522844892777576906362265240880995955409648802515137759691563363653616862712159688752916061815970988032.000000,2183939385730308635208420668460933914736575353792636055752251780277989982624268939247965316352032902605804190037285301907091865443511872780909337358499977323070554945362491120558481062474374010441479208921758922607624477388728235833881085870080.000000,0.000000,0.000000,0.000000
15.645229,767217925266335522519883445024076189285011550871142232477027495248711373983247735610388702049736613087710340681310587522844892777576906362265240880995955409648802515137759691563363653616862712159688752916061815970988032.000000,2183939385730308635208420668460933914736575353792636055752251780277989982624268939247965316352032902605804190037285301907091865443511872780909337358499977323070554945362491120558481062474374010441479208921758922607624477388728235833881085870080.000000,-0.257375,767217925266335522519883445024076189285011550871142232477027495248711373983247735610388702049736613087710340681310587522844892777576906362265240880995955409648802515137759691563363653616862712159688752916061815970988032.000000,2183939385730308635208420668460933914736575353792636055752251780277989982624268939247965316352032902605804190037285301907091865443511872780909337358499977323070554945362491120558481062474374010441479208921758922607624477388728235833881085870080.000000,0.000000,0.000000,0.000000
15.678448,767217925266335522519883445024076189285011550871142232477027495248711373983247735610388702049736613087710340681310587522844892777576906362265240880995955409648802515137759691563363653616862712159688752916061815970988032.000000,2183939385730308635208420668460933914736575353792636055752251780277989982624268939247965316352032902605804190037285301907091865443511872780909337358499977323070554945362491120558481062474374010441479208921758922607624477388728235833881085870080.000000,-0.257375,767217925266335522519883445024076189285011550871142232477027495248711373983247735610388702049736613087710340681310587522844892777576906362265240880995955409648802515137759691563363653616862712159688752916061815970988032.000000,2183939385730308635208420668460933914736575353792636055752251780277989982624268939247965316352032902605804190037285301907091865443511872780909337358499977323070554945362491120558481062474374010441479208921758922607624477388728235833881085870080.000000,0.000000,0.000000,0.000000
15.711661,767217925266335522519883445024076189285011550871142232477027495248711373983247735610388702049736613087710340681310587522844892777576906362265240880995955409648802515137759691563363653616862712159688752916061815970988032.000000,2183939385730308635208420668460933914736575353792636055752251780277989982624268939247965316352032902605804190037285301907091865443511872780909337358499977323070554945362491120558481062474374010441479208921758922607624477388728235833881085870080.000000,-0.257375,767217925266335522519883445024076189285011550871142232477027495248711373983247735610388702049736613087710340681310587522844892777576906362265240880995955409648802515137759691563363653616862712159688752916061815970988032.000000,2183939385730308635208420668460933914736575353792636055752251780277989982624268939247965316352032902605804190037285301907091865443511872780909337358499977323070554945362491120558481062474374010441479208921758922607624477388728235833881085870080.000000,0.000000,0.000000,0.000000
15.744823,767217925266335522519883445024076189285011550871142232477027495248711373983247735610388702049736613087710340681310587522844892777576906362265240880995955409648802515137759691563363653616862712159688752916061815970988032.000000,2183939385730308635208420668460933914736575353792636055752251780277989982624268939247965316352032902605804190037285301907091865443511872780909337358499977323070554945362491120558481062474374010441479208921758922607624477388728235833881085870080.000000,-0.257375,767217925266335522519883445024076189285011550871142232477027495248711373983247735610388702049736613087710340681310587522844892777576906362265240880995955409648802515137759691563363653616862712159688752916061815970988032.000000,2183939385730308635208420668460933914736575353792636055752251780277989982624268939247965316352032902605804190037285301907091865443511872780909337358499977323070554945362491120558481062474374010441479208921758922607624477388728235833881085870080.000000,0.000000,0.000000,0.000000
15.778096,767217925266335522519883445024076189285011550871142232477027495248711373983247735610388702049736613087710340681310587522844892777576906362265240880995955409648802515137759691563363653616862712159688752916061815970988032.000000,2183939385730308635208420668460933914736575353792636055752251780277989982624268939247965316352032902605804190037285301907091865443511872780909337358499977323070554945362491120558481062474374010441479208921758922607624477388728235833881085870080.000000,-0.257375,767217925266335522519883445024076189285011550871142232477027495248711373983247735610388702049736613087710340681310587522844892777576906362265240880995955409648802515137759691563363653616862712159688752916061815970988032.000000,2183939385730308635208420668460933914736575353792636055752251780277989982624268939247965316352032902605804190037285301907091865443511872780909337358499977323070554945362491120558481062474374010441479208921758922607624477388728235833881085870080.000000,0.000000,0.000000,0.000000
15.811432,767217925266335522519883445024076189285011550871142232477027495248711373983247735610388702049736613087710340681310587522844892777576906362265240880995955409648802515137759691563363653616862712159688752916061815970988032.000000,2183939385730308635208420668460933914736575353792636055752251780277989982624268939247965316352032902605804190037285301907091865443511872780909337358499977323070554945362491120558481062474374010441479208921758922607624477388728235833881085870080.000000,-0.257375,767217925266335522519883445024076189285011550871142232477027495248711373983247735610388702049736613087710340681310587522844892777576906362265240880995955409648802515137759691563363653616862712159688752916061815970988032.000000,2183939385730308635208420668460933914736575353792636055752251780277989982624268939247965316352032902605804190037285301907091865443511872780909337358499977323070554945362491120558481062474374010441479208921758922607624477388728235833881085870080.000000,0.000000,0.000000,0.000000
15.844860,767217925266335522519883445024076189285011550871142232477027495248711373983247735610388702049736613087710340681310587522844892777576906362265240880995955409648802515137759691563363653616862712159688752916061815970988032.000000,2183939385730308635208420668460933914736575353792636055752251780277989982624268939247965316352032902605804190037285301907091865443511872780909337358499977323070554945362491120558481062474374010441479208921758922607624477388728235833881085870080.000000,-0.257375,767217925266335522519883445024076189285011550871142232477027495248711373983247735610388702049736613087710340681310587522844892777576906362265240880995955409648802515137759691563363653616862712159688752916061815970988032.000000,2183939385730308635208420668460933914736575353792636055752251780277989982624268939247965316352032902605804190037285301907091865443511872780909337358499977323070554945362491120558481062474374010441479208921758922607624477388728235833881085870080.000000,0.000000,0.000000,0.000000
15.878323,767217925266335522519883445024076189285011550871142232477027495248711373983247735610388702049736613087710340681310587522844892777576906362265240880995955409648802515137759691563363653616862712159688752916061815970988032.000000,2183939385730308635208420668460933914736575353792636055752251780277989982624268939247965316352032902605804190037285301907091865443511872780909337358499977323070554945362491120558481062474374010441479208921758922607624477388728235833881085870080.000000,-0.257375,767217925266335522519883445024076189285011550871142232477027495248711373983247735610388702049736613087710340681310587522844892777576906362265240880995955409648802515137759691563363653616862712159688752916061815970988032.000000,2183939385730308635208420668460933914736575353792636055752251780277989982624268939247965316352032902605804190037285301907091865443511872780909337358499977323070554945362491120558481062474374010441479208921758922607624477388728235833881085870080.000000,0.000000,0.000000,0.000000
15.912049,767217925266335522519883445024076189285011550871142232477027495248711373983247735610388702049736613087710340681310587522844892777576906362265240880995955409648802515137759691563363653616862712159688752916061815970988032.000000,2183939385730308635208420668460933914736575353792636055752251780277989982624268939247965316352032902605804190037285301907091865443511872780909337358499977323070554945362491120558481062474374010441479208921758922607624477388728235833881085870080.000000,-0.257375,767217925266335522519883445024076189285011550871142232477027495248711373983247735610388702049736613087710340681310587522844892777576906362265240880995955409648802515137759691563363653616862712159688752916061815970988032.000000,2183939385730308635208420668460933914736575353792636055752251780277989982624268939247965316352032902605804190037285301907091865443511872780909337358499977323070554945362491120558481062474374010441479208921758922607624477388728235833881085870080.000000,0.000000,0.000000,0.000000
15.945145,767217925266335522519883445024076189285011550871142232477027495248711373983247735610388702049736613087710340681310587522844892777576906362265240880995955409648802515137759691563363653616862712159688752916061815970988032.000000,2183939385730308635208420668460933914736575353792636055752251780277989982624268939247965316352032902605804190037285301907091865443511872780909337358499977323070554945362491120558481062474374010441479208921758922607624477388728235833881085870080.000000,-0.257375,767217925266335522519883445024076189285011550871142232477027495248711373983247735610388702049736613087710340681310587522844892777576906362265240880995955409648802515137759691563363653616862712159688752916061815970988032.000000,2183939385730308635208420668460933914736575353792636055752251780277989982624268939247965316352032902605804190037285301907091865443511872780909337358499977323070554945362491120558481062474374010441479208921758922607624477388728235833881085870080.000000,0.000000,0.000000,0.000000
15.994032,767217925266335522519883445024076189285011550871142232477027495248711373983247735610388702049736613087710340681310587522844892777576906362265240880995955409648802515137759691563363653616862712159688752916061815970988032.000000,2183939385730308635208420668460933914736575353792636055752251780277989982624268939247965316352032902605804190037285301907091865443511872780909337358499977323070554945362491120558481062474374010441479208921758922607624477388728235833881085870080.000000,-0.257375,767217925266335522519883445024076189285011550871142232477027495248711373983247735610388702049736613087710340681310587522844892777576906362265240880995955409648802515137759691563363653616862712159688752916061815970988032.000000,2183939385730308635208420668460933914736575353792636055752251780277989982624268939247965316352032902605804190037285301907091865443511872780909337358499977323070554945362491120558481062474374010441479208921758922607624477388728235833881085870080.000000,0.000000,0.000000,0.000000
16.012284,767217925266335522519883445024076189285011550871142232477027495248711373983247735610388702049736613087710340681310587522844892777576906362265240880995955409648802515137759691563363653616862712159688752916061815970988032.000000,2183939385730308635208420668460933914736575353792636055752251780277989982624268939247965316352032902605804190037285301907091865443511872780909337358499977323070554945362491120558481062474374010441479208921758922607624477388728235833881085870080.000000,-0.257375,767217925266335522519883445024076189285011550871142232477027495248711373983247735610388702049736613087710340681310587522844892777576906362265240880995955409648802515137759691563363653616862712159688752916061815970988032.000000,2183939385730308635208420668460933914736575353792636055752251780277989982624268939247965316352032902605804190037285301907091865443511872780909337358499977323070554945362491120558481062474374010441479208921758922607624477388728235833881085870080.000000,0.000000,0.000000,0.000000
16.048105,767217925266335522519883445024076189285011550871142232477027495248711373983247735610388702049736613087710340681310587522844892777576906362265240880995955409648802515137759691563363653616862712159688752916061815970988032.000000,2183939385730308635208420668460933914736575353792636055752251780277989982624268939247965316352032902605804190037285301907091865443511872780909337358499977323070554945362491120558481062474374010441479208921758922607624477388728235833881085870080.000000,-0.257375,767217925266335522519883445024076189285011550871142232477027495248711373983247735610388702049736613087710340681310587522844892777576906362265240880995955409648802515137759691563363653616862712159688752916061815970988032.000000,2183939385730308635208420668460933914736575353792636055752251780277989982624268939247965316352032902605804190037285301907091865443511872780909337358499977323070554945362491120558481062474374010441479208921758922607624477388728235833881085870080.000000,0.000000,0.000000,0.000000
16.078397,767217925266335522519883445024076189285011550871142232477027495248711373983247735610388702049736613087710340681310587522844892777576906362265240880995955409648802515137759691563363653616862712159688752916061815970988032.000000,2183939385730308635208420668460933914736575353792636055752251780277989982624268939247965316352032902605804190037285301907091865443511872780909337358499977323070554945362491120558481062474374010441479208921758922607624477388728235833881085870080.000000,-0.257375,767217925266335522519883445024076189285011550871142232477027495248711373983247735610388702049736613087710340681310587522844892777576906362265240880995955409648802515137759691563363653616862712159688752916061815970988032.000000,2183939385730308635208420668460933914736575353792636055752251780277989982624268939247965316352032902605804190037285301907091865443511872780909337358499977323070554945362491120558481062474374010441479208921758922607624477388728235833881085870080.000000,0.000000,0.000000,0.000000
16.111764,767217925266335522519883445024076189285011550871142232477027495248711373983247735610388702049736613087710340681310587522844892777576906362265240880995955409648802515137759691563363653616862712159688752916061815970988032.000000,2183939385730308635208420668460933914736575353792636055752251780277989982624268939247965316352032902605804190037285301907091865443511872780909337358499977323070554945362491120558481062474374010441479208921758922607624477388728235833881085870080.000000,-0.257375,767217925266335522519883445024076189285011550871142232477027495248711373983247735610388702049736613087710340681310587522844892777576906362265240880995955409648802515137759691563363653616862712159688752916061815970988032.000000,2183939385730308635208420668460933914736575353792636055752251780277989982624268939247965316352032902605804190037285301907091865443511872780909337358499977323070554945362491120558481062474374010441479208921758922607624477388728235833881085870080.000000,0.000000,0.000000,0.000000
16.145121,767217925266335522519883445024076189285011550871142232477027495248711373983247735610388702049736613087710340681310587522844892777576906362265240880995955409648802515137759691563363653616862712159688752916061815970988032.000000,2183939385730308635208420668460933914736575353792636055752251780277989982624268939247965316352032902605804190037285301907091865443511872780909337358499977323070554945362491120558481062474374010441479208921758922607624477388728235833881085870080.000000,-0.257375,767217925266335522519883445024076189285011550871142232477027495248711373983247735610388702049736613087710340681310587522844892777576906362265240880995955409648802515137759691563363653616862712159688752916061815970988032.000000,2183939385730308635208420668460933914736575353792636055752251780277989982624268939247965316352032902605804190037285301907091865443511872780909337358499977323070554945362491120558481062474374010441479208921758922607624477388728235833881085870080.000000,0.000000,0.000000,0.000000
16.178621,767217925266335522519883445024076189285011550871142232477027495248711373983247735610388702049736613087710340681310587522844892777576906362265240880995955409648802515137759691563363653616862712159688752916061815970988032.000000,2183939385730308635208420668460933914736575353792636055752251780277989982624268939247965316352032902605804190037285301907091865443511872780909337358499977323070554945362491120558481062474374010441479208921758922607624477388728235833881085870080.000000,-0.257375,767217925266335522519883445024076189285011550871142232477027495248711373983247735610388702049736613087710340681310587522844892777576906362265240880995955409648802515137759691563363653616862712159688752916061815970988032.000000,2183939385730308635208420668460933914736575353792636055752251780277989982624268939247965316352032902605804190037285301907091865443511872780909337358499977323070554945362491120558481062474374010441479208921758922607624477388728235833881085870080.000000,0.000000,0.000000,0.000000
16.213603,767217925266335522519883445024076189285011550871142232477027495248711373983247735610388702049736613087710340681310587522844892777576906362265240880995955409648802515137759691563363653616862712159688752916061815970988032.000000,2183939385730308635208420668460933914736575353792636055752251780277989982624268939247965316352032902605804190037285301907091865443511872780909337358499977323070554945362491120558481062474374010441479208921758922607624477388728235833881085870080.000000,-0.257375,767217925266335522519883445024076189285011550871142232477027495248711373983247735610388702049736613087710340681310587522844892777576906362265240880995955409648802515137759691563363653616862712159688752916061815970988032.000000,2183939385730308635208420668460933914736575353792636055752251780277989982624268939247965316352032902605804190037285301907091865443511872780909337358499977323070554945362491120558481062474374010441479208921758922607624477388728235833881085870080.000000,0.000000,0.000000,0.000000
16.248248,767217925266335522519883445024076189285011550871142232477027495248711373983247735610388702049736613087710340681310587522844892777576906362265240880995955409648802515137759691563363653616862712159688752916061815970988032.000000,2183939385730308635208420668460933914736575353792636055752251780277989982624268939247965316352032902605804190037285301907091865443511872780909337358499977323070554945362491120558481062474374010441479208921758922607624477388728235833881085870080.000000,-0.257375,767217925266335522519883445024076189285011550871142232477027495248711373983247735610388702049736613087710340681310587522844892777576906362265240880995955409648802515137759691563363653616862712159688752916061815970988032.000000,2183939385730308635208420668460933914736575353792636055752251780277989982624268939247965316352032902605804190037285301907091865443511872780909337358499977323070554945362491120558481062474374010441479208921758922607624477388728235833881085870080.000000,0.000000,0.000000,0.000000
16.279212,767217925266335522519883445024076189285011550871142232477027495248711373983247735610388702049736613087710340681310587522844892777576906362265240880995955409648802515137759691563363653616862712159688752916061815970988032.000000,2183939385730308635208420668460933914736575353792636055752251780277989982624268939247965316352032902605804190037285301907091865443511872780909337358499977323070554945362491120558481062474374010441479208921758922607624477388728235833881085870080.000000,-0.257375,767217925266335522519883445024076189285011550871142232477027495248711373983247735610388702049736613087710340681310587522844892777576906362265240880995955409648802515137759691563363653616862712159688752916061815970988032.000000,2183939385730308635208420668460933914736575353792636055752251780277989982624268939247965316352032902605804190037285301907091865443511872780909337358499977323070554945362491120558481062474374010441479208921758922607624477388728235833881085870080.000000,0.000000,0.000000,0.000000
16.311790,767217925266335522519883445024076189285011550871142232477027495248711373983247735610388702049736613087710340681310587522844892777576906362265240880995955409648802515137759691563363653616862712159688752916061815970988032.000000,2183939385730308635208420668460933914736575353792636055752251780277989982624268939247965316352032902605804190037285301907091865443511872780909337358499977323070554945362491120558481062474374010441479208921758922607624477388728235833881085870080.000000,-0.257375,767217925266335522519883445024076189285011550871142232477027495248711373983247735610388702049736613087710340681310587522844892777576906362265240880995955409648802515137759691563363653616862712159688752916061815970988032.000000,2183939385730308635208420668460933914736575353792636055752251780277989982624268939247965316352032902605804190037285301907091865443511872780909337358499977323070554945362491120558481062474374010441479208921758922607624477388728235833881085870080.000000,0.000000,0.000000,0.000000
16.345190,767217925266335522519883445024076189285011550871142232477027495248711373983247735610388702049736613087710340681310587522844892777576906362265240880995955409648802515137759691563363653616862712159688752916061815970988032.000000,2183939385730308635208420668460933914736575353792636055752251780277989982624268939247965316352032902605804190037285301907091865443511872780909337358499977323070554945362491120558481062474374010441479208921758922607624477388728235833881085870080.000000,-0.257375,767217925266335522519883445024076189285011550871142232477027495248711373983247735610388702049736613087710340681310587522844892777576906362265240880995955409648802515137759691563363653616862712159688752916061815970988032.000000,2183939385730308635208420668460933914736575353792636055752251780277989982624268939247965316352032902605804190037285301907091865443511872780909337358499977323070554945362491120558481062474374010441479208921758922607624477388728235833881085870080.000000,0.000000,0.000000,0.000000
16.378467,767217925266335522519883445024076189285011550871142232477027495248711373983247735610388702049736613087710340681310587522844892777576906362265240880995955409648802515137759691563363653616862712159688752916061815970988032.000000,2183939385730308635208420668460933914736575353792636055752251780277989982624268939247965316352032902605804190037285301907091865443511872780909337358499977323070554945362491120558481062474374010441479208921758922607624477388728235833881085870080.000000,-0.257375,767217925266335522519883445024076189285011550871142232477027495248711373983247735610388702049736613087710340681310587522844892777576906362265240880995955409648802515137759691563363653616862712159688752916061815970988032.000000,2183939385730308635208420668460933914736575353792636055752251780277989982624268939247965316352032902605804190037285301907091865443511872780909337358499977323070554945362491120558481062474374010441479208921758922607624477388728235833881085870080.000000,0.000000,0.000000,0.000000
16.411371,767217925266335522519883445024076189285011550871142232477027495248711373983247735610388702049736613087710340681310587522844892777576906362265240880995955409648802515137759691563363653616862712159688752916061815970988032.000000,2183939385730308635208420668460933914736575353792636055752251780277989982624268939247965316352032902605804190037285301907091865443511872780909337358499977323070554945362491120558481062474374010441479208921758922607624477388728235833881085870080.000000,-0.257375,767217925266335522519883445024076189285011550871142232477027495248711373983247735610388702049736613087710340681310587522844892777576906362265240880995955409648802515137759691563363653616862712159688752916061815970988032.000000,2183939385730308635208420668460933914736575353792636055752251780277989982624268939247965316352032902605804190037285301907091865443511872780909337358499977323070554945362491120558481062474374010441479208921758922607624477388728235833881085870080.000000,0.000000,0.000000,0.000000
16.444865,767217925266335522519883445024076189285011550871142232477027495248711373983247735610388702049736613087710340681310587522844892777576906362265240880995955409648802515137759691563363653616862712159688752916061815970988032.000000,2183939385730308635208420668460933914736575353792636055752251780277989982624268939247965316352032902605804190037285301907091865443511872780909337358499977323070554945362491120558481062474374010441479208921758922607624477388728235833881085870080.000000,-0.257375,767217925266335522519883445024076189285011550871142232477027495248711373983247735610388702049736613087710340681310587522844892777576906362265240880995955409648802515137759691563363653616862712159688752916061815970988032.000000,2183939385730308635208420668460933914736575353792636055752251780277989982624268939247965316352032902605804190037285301907091865443511872780909337358499977323070554945362491120558481062474374010441479208921758922607624477388728235833881085870080.000000,0.000000,0.000000,0.000000
16.478321,767217925266335522519883445024076189285011550871142232477027495248711373983247735610388702049736613087710340681310587522844892777576906362265240880995955409648802515137759691563363653616862712159688752916061815970988032.000000,2183939385730308635208420668460933914736575353792636055752251780277989982624268939247965316352032902605804190037285301907091865443511872780909337358499977323070554945362491120558481062474374010441479208921758922607624477388728235833881085870080.000000,-0.257375,767217925266335522519883445024076189285011550871142232477027495248711373983247735610388702049736613087710340681310587522844892777576906362265240880995955409648802515137759691563363653616862712159688752916061815970988032.000000,2183939385730308635208420668460933914736575353792636055752251780277989982624268939247965316352032902605804190037285301907091865443511872780909337358499977323070554945362491120558481062474374010441479208921758922607624477388728235833881085870080.000000,0.000000,0.000000,0.000000
16.511802,767217925266335522519883445024076189285011550871142232477027495248711373983247735610388702049736613087710340681310587522844892777576906362265240880995955409648802515137759691563363653616862712159688752916061815970988032.000000,2183939385730308635208420668460933914736575353792636055752251780277989982624268939247965316352032902605804190037285301907091865443511872780909337358499977323070554945362491120558481062474374010441479208921758922607624477388728235833881085870080.000000,-0.257375,767217925266335522519883445024076189285011550871142232477027495248711373983247735610388702049736613087710340681310587522844892777576906362265240880995955409648802515137759691563363653616862712159688752916061815970988032.000000,2183939385730308635208420668460933914736575353792636055752251780277989982624268939247965316352032902605804190037285301907091865443511872780909337358499977323070554945362491120558481062474374010441479208921758922607624477388728235833881085870080.000000,0.000000,0.000000,0.000000
16.544867,767217925266335522519883445024076189285011550871142232477027495248711373983247735610388702049736613087710340681310587522844892777576906362265240880995955409648802515137759691563363653616862712159688752916061815970988032.000000,2183939385730308635208420668460933914736575353792636055752251780277989982624268939247965316352032902605804190037285301907091865443511872780909337358499977323070554945362491120558481062474374010441479208921758922607624477388728235833881085870080.000000,-0.257375,767217925266335522519883445024076189285011550871142232477027495248711373983247735610388702049736613087710340681310587522844892777576906362265240880995955409648802515137759691563363653616862712159688752916061815970988032.000000,2183939385730308635208420668460933914736575353792636055752251780277989982624268939247965316352032902605804190037285301907091865443511872780909337358499977323070554945362491120558481062474374010441479208921758922607624477388728235833881085870080.000000,0.000000,0.000000,0.000000
16.583366,767217925266335522519883445024076189285011550871142232477027495248711373983247735610388702049736613087710340681310587522844892777576906362265240880995955409648802515137759691563363653616862712159688752916061815970988032.000000,2183939385730308635208420668460933914736575353792636055752251780277989982624268939247965316352032902605804190037285301907091865443511872780909337358499977323070554945362491120558481062474374010441479208921758922607624477388728235833881085870080.000000,-0.257375,767217925266335522519883445024076189285011550871142232477027495248711373983247735610388702049736613087710340681310587522844892777576906362265240880995955409648802515137759691563363653616862712159688752916061815970988032.000000,2183939385730308635208420668460933914736575353792636055752251780277989982624268939247965316352032902605804190037285301907091865443511872780909337358499977323070554945362491120558481062474374010441479208921758922607624477388728235833881085870080.000000,0.000000,0.000000,0.000000
16.611388,767217925266335522519883445024076189285011550871142232477027495248711373983247735610388702049736613087710340681310587522844892777576906362265240880995955409648802515137759691563363653616862712159688752916061815970988032.000000,2183939385730308635208420668460933914736575353792636055752251780277989982624268939247965316352032902605804190037285301907091865443511872780909337358499977323070554945362491120558481062474374010441479208921758922607624477388728235833881085870080.000000,-0.257375,767217925266335522519883445024076189285011550871142232477027495248711373983247735610388702049736613087710340681310587522844892777576906362265240880995955409648802515137759691563363653616862712159688752916061815970988032.000000,2183939385730308635208420668460933914736575353792636055752251780277989982624268939247965316352032902605804190037285301907091865443511872780909337358499977323070554945362491120558481062474374010441479208921758922607624477388728235833881085870080.000000,0.000000,0.000000,0.000000
16.644658,767217925266335522519883445024076189285011550871142232477027495248711373983247735610388702049736613087710340681310587522844892777576906362265240880995955409648802515137759691563363653616862712159688752916061815970988032.000000,2183939385730308635208420668460933914736575353792636055752251780277989982624268939247965316352032902605804190037285301907091865443511872780909337358499977323070554945362491120558481062474374010441479208921758922607624477388728235833881085870080.000000,-0.257375,767217925266335522519883445024076189285011550871142232477027495248711373983247735610388702049736613087710340681310587522844892777576906362265240880995955409648802515137759691563363653616862712159688752916061815970988032.000000,2183939385730308635208420668460933914736575353792636055752251780277989982624268939247965316352032902605804190037285301907091865443511872780909337358499977323070554945362491120558481062474374010441479208921758922607624477388728235833881085870080.000000,0.000000,0.000000,0.000000
16.678063,767217925266335522519883445024076189285011550871142232477027495248711373983247735610388702049736613087710340681310587522844892777576906362265240880995955409648802515137759691563363653616862712159688752916061815970988032.000000,2183939385730308635208420668460933914736575353792636055752251780277989982624268939247965316352032902605804190037285301907091865443511872780909337358499977323070554945362491120558481062474374010441479208921758922607624477388728235833881085870080.000000,-0.257375,767217925266335522519883445024076189285011550871142232477027495248711373983247735610388702049736613087710340681310587522844892777576906362265240880995955409648802515137759691563363653616862712159688752916061815970988032.000000,2183939385730308635208420668460933914736575353792636055752251780277989982624268939247965316352032902605804190037285301907091865443511872780909337358499977323070554945362491120558481062474374010441479208921758922607624477388728235833881085870080.000000,0.000000,0.000000,0.000000
16.711407,767217925266335522519883445024076189285011550871142232477027495248711373983247735610388702049736613087710340681310587522844892777576906362265240880995955409648802515137759691563363653616862712159688752916061815970988032.000000,2183939385730308635208420668460933914736575353792636055752251780277989982624268939247965316352032902605804190037285301907091865443511872780909337358499977323070554945362491120558481062474374010441479208921758922607624477388728235833881085870080.000000,-0.257375,767217925266335522519883445024076189285011550871142232477027495248711373983247735610388702049736613087710340681310587522844892777576906362265240880995955409648802515137759691563363653616862712159688752916061815970988032.000000,2183939385730308635208420668460933914736575353792636055752251780277989982624268939247965316352032902605804190037285301907091865443511872780909337358499977323070554945362491120558481062474374010441479208921758922607624477388728235833881085870080.000000,0.000000,0.000000,0.000000
16.744713,767217925266335522519883445024076189285011550871142232477027495248711373983247735610388702049736613087710340681310587522844892777576906362265240880995955409648802515137759691563363653616862712159688752916061815970988032.000000,2183939385730308635208420668460933914736575353792636055752251780277989982624268939247965316352032902605804190037285301907091865443511872780909337358499977323070554945362491120558481062474374010441479208921758922607624477388728235833881085870080.000000,-0.257375,767217925266335522519883445024076189285011550871142232477027495248711373983247735610388702049736613087710340681310587522844892777576906362265240880995955409648802515137759691563363653616862712159688752916061815970988032.000000,2183939385730308635208420668460933914736575353792636055752251780277989982624268939247965316352032902605804190037285301907091865443511872780909337358499977323070554945362491120558481062474374010441479208921758922607624477388728235833881085870080.000000,0.000000,0.000000,0.000000
16.781860,767217925266335522519883445024076189285011550871142232477027495248711373983247735610388702049736613087710340681310587522844892777576906362265240880995955409648802515137759691563363653616862712159688752916061815970988032.000000,2183939385730308635208420668460933914736575353792636055752251780277989982624268939247965316352032902605804190037285301907091865443511872780909337358499977323070554945362491120558481062474374010441479208921758922607624477388728235833881085870080.000000,-0.257375,767217925266335522519883445024076189285011550871142232477027495248711373983247735610388702049736613087710340681310587522844892777576906362265240880995955409648802515137759691563363653616862712159688752916061815970988032.000000,2183939385730308635208420668460933914736575353792636055752251780277989982624268939247965316352032902605804190037285301907091865443511872780909337358499977323070554945362491120558481062474374010441479208921758922607624477388728235833881085870080.000000,0.000000,0.000000,0.000000
16.812576,767217925266335522519883445024076189285011550871142232477027495248711373983247735610388702049736613087710340681310587522844892777576906362265240880995955409648802515137759691563363653616862712159688752916061815970988032.000000,2183939385730308635208420668460933914736575353792636055752251780277989982624268939247965316352032902605804190037285301907091865443511872780909337358499977323070554945362491120558481062474374010441479208921758922607624477388728235833881085870080.000000,-0.257375,767217925266335522519883445024076189285011550871142232477027495248711373983247735610388702049736613087710340681310587522844892777576906362265240880995955409648802515137759691563363653616862712159688752916061815970988032.000000,2183939385730308635208420668460933914736575353792636055752251780277989982624268939247965316352032902605804190037285301907091865443511872780909337358499977323070554945362491120558481062474374010441479208921758922607624477388728235833881085870080.000000,0.000000,0.000000,0.000000
16.845778,767217925266335522519883445024076189285011550871142232477027495248711373983247735610388702049736613087710340681310587522844892777576906362265240880995955409648802515137759691563363653616862712159688752916061815970988032.000000,2183939385730308635208420668460933914736575353792636055752251780277989982624268939247965316352032902605804190037285301907091865443511872780909337358499977323070554945362491120558481062474374010441479208921758922607624477388728235833881085870080.000000,-0.257375,767217925266335522519883445024076189285011550871142232477027495248711373983247735610388702049736613087710340681310587522844892777576906362265240880995955409648802515137759691563363653616862712159688752916061815970988032.000000,2183939385730308635208420668460933914736575353792636055752251780277989982624268939247965316352032902605804190037285301907091865443511872780909337358499977323070554945362491120558481062474374010441479208921758922607624477388728235833881085870080.000000,0.000000,0.000000,0.000000
16.880109,767217925266335522519883445024076189285011550871142232477027495248711373983247735610388702049736613087710340681310587522844892777576906362265240880995955409648802515137759691563363653616862712159688752916061815970988032.000000,2183939385730308635208420668460933914736575353792636055752251780277989982624268939247965316352032902605804190037285301907091865443511872780909337358499977323070554945362491120558481062474374010441479208921758922607624477388728235833881085870080.000000,-0.257375,767217925266335522519883445024076189285011550871142232477027495248711373983247735610388702049736613087710340681310587522844892777576906362265240880995955409648802515137759691563363653616862712159688752916061815970988032.000000,2183939385730308635208420668460933914736575353792636055752251780277989982624268939247965316352032902605804190037285301907091865443511872780909337358499977323070554945362491120558481062474374010441479208921758922607624477388728235833881085870080.000000,0.000000,0.000000,0.000000
16.911456,767217925266335522519883445024076189285011550871142232477027495248711373983247735610388702049736613087710340681310587522844892777576906362265240880995955409648802515137759691563363653616862712159688752916061815970988032.000000,2183939385730308635208420668460933914736575353792636055752251780277989982624268939247965316352032902605804190037285301907091865443511872780909337358499977323070554945362491120558481062474374010441479208921758922607624477388728235833881085870080.000000,-0.257375,767217925266335522519883445024076189285011550871142232477027495248711373983247735610388702049736613087710340681310587522844892777576906362265240880995955409648802515137759691563363653616862712159688752916061815970988032.000000,2183939385730308635208420668460933914736575353792636055752251780277989982624268939247965316352032902605804190037285301907091865443511872780909337358499977323070554945362491120558481062474374010441479208921758922607624477388728235833881085870080.000000,0.000000,0.000000,0.000000
16.944652,767217925266335522519883445024076189285011550871142232477027495248711373983247735610388702049736613087710340681310587522844892777576906362265240880995955409648802515137759691563363653616862712159688752916061815970988032.000000,2183939385730308635208420668460933914736575353792636055752251780277989982624268939247965316352032902605804190037285301907091865443511872780909337358499977323070554945362491120558481062474374010441479208921758922607624477388728235833881085870080.000000,-0.257375,767217925266335522519883445024076189285011550871142232477027495248711373983247735610388702049736613087710340681310587522844892777576906362265240880995955409648802515137759691563363653616862712159688752916061815970988032.000000,2183939385730308635208420668460933914736575353792636055752251780277989982624268939247965316352032902605804190037285301907091865443511872780909337358499977323070554945362491120558481062474374010441479208921758922607624477388728235833881085870080.000000,0.000000,0.000000,0.000000
16.982648,767217925266335522519883445024076189285011550871142232477027495248711373983247735610388702049736613087710340681310587522844892777576906362265240880995955409648802515137759691563363653616862712159688752916061815970988032.000000,2183939385730308635208420668460933914736575353792636055752251780277989982624268939247965316352032902605804190037285301907091865443511872780909337358499977323070554945362491120558481062474374010441479208921758922607624477388728235833881085870080.000000,-0.257375,767217925266335522519883445024076189285011550871142232477027495248711373983247735610388702049736613087710340681310587522844892777576906362265240880995955409648802515137759691563363653616862712159688752916061815970988032.000000,2183939385730308635208420668460933914736575353792636055752251780277989982624268939247965316352032902605804190037285301907091865443511872780909337358499977323070554945362491120558481062474374010441479208921758922607624477388728235833881085870080.000000,0.000000,0.000000,0.000000
17.011805,767217925266335522519883445024076189285011550871142232477027495248711373983247735610388702049736613087710340681310587522844892777576906362265240880995955409648802515137759691563363653616862712159688752916061815970988032.000000,2183939385730308635208420668460933914736575353792636055752251780277989982624268939247965316352032902605804190037285301907091865443511872780909337358499977323070554945362491120558481062474374010441479208921758922607624477388728235833881085870080.000000,-0.257375,767217925266335522519883445024076189285011550871142232477027495248711373983247735610388702049736613087710340681310587522844892777576906362265240880995955409648802515137759691563363653616862712159688752916061815970988032.000000,2183939385730308635208420668460933914736575353792636055752251780277989982624268939247965316352032902605804190037285301907091865443511872780909337358499977323070554945362491120558481062474374010441479208921758922607624477388728235833881085870080.000000,0.000000,0.000000,0.000000
17.044725,767217925266335522519883445024076189285011550871142232477027495248711373983247735610388702049736613087710340681310587522844892777576906362265240880995955409648802515137759691563363653616862712159688752916061815970988032.000000,2183939385730308635208420668460933914736575353792636055752251780277989982624268939247965316352032902605804190037285301907091865443511872780909337358499977323070554945362491120558481062474374010441479208921758922607624477388728235833881085870080.000000,-0.257375,767217925266335522519883445024076189285011550871142232477027495248711373983247735610388702049736613087710340681310587522844892777576906362265240880995955409648802515137759691563363653616862712159688752916061815970988032.000000,2183939385730308635208420668460933914736575353792636055752251780277989982624268939247965316352032902605804190037285301907091865443511872780909337358499977323070554945362491120558481062474374010441479208921758922607624477388728235833881085870080.000000,0.000000,0.000000,0.000000
17.078393,767217925266335522519883445024076189285011550871142232477027495248711373983247735610388702049736613087710340681310587522844892777576906362265240880995955409648802515137759691563363653616862712159688752916061815970988032.000000,2183939385730308635208420668460933914736575353792636055752251780277989982624268939247965316352032902605804190037285301907091865443511872780909337358499977323070554945362491120558481062474374010441479208921758922607624477388728235833881085870080.000000,-0.257375,767217925266335522519883445024076189285011550871142232477027495248711373983247735610388702049736613087710340681310587522844892777576906362265240880995955409648802515137759691563363653616862712159688752916061815970988032.000000,2183939385730308635208420668460933914736575353792636055752251780277989982624268939247965316352032902605804190037285301907091865443511872780909337358499977323070554945362491120558481062474374010441479208921758922607624477388728235833881085870080.000000,0.000000,0.000000,0.000000
17.111445,767217925266335522519883445024076189285011550871142232477027495248711373983247735610388702049736613087710340681310587522844892777576906362265240880995955409648802515137759691563363653616862712159688752916061815970988032.000000,2183939385730308635208420668460933914736575353792636055752251780277989982624268939247965316352032902605804190037285301907091865443511872780909337358499977323070554945362491120558481062474374010441479208921758922607624477388728235833881085870080.000000,-0.257375,767217925266335522519883445024076189285011550871142232477027495248711373983247735610388702049736613087710340681310587522844892777576906362265240880995955409648802515137759691563363653616862712159688752916061815970988032.000000,2183939385730308635208420668460933914736575353792636055752251780277989982624268939247965316352032902605804190037285301907091865443511872780909337358499977323070554945362491120558481062474374010441479208921758922607624477388728235833881085870080.000000,0.000000,0.000000,0.000000
17.145084,767217925266335522519883445024076189285011550871142232477027495248711373983247735610388702049736613087710340681310587522844892777576906362265240880995955409648802515137759691563363653616862712159688752916061815970988032.000000,2183939385730308635208420668460933914736575353792636055752251780277989982624268939247965316352032902605804190037285301907091865443511872780909337358499977323070554945362491120558481062474374010441479208921758922607624477388728235833881085870080.000000,-0.257375,767217925266335522519883445024076189285011550871142232477027495248711373983247735610388702049736613087710340681310587522844892777576906362265240880995955409648802515137759691563363653616862712159688752916061815970988032.000000,2183939385730308635208420668460933914736575353792636055752251780277989982624268939247965316352032902605804190037285301907091865443511872780909337358499977323070554945362491120558481062474374010441479208921758922607624477388728235833881085870080.000000,0.000000,0.000000,0.000000
17.182538,767217925266335522519883445024076189285011550871142232477027495248711373983247735610388702049736613087710340681310587522844892777576906362265240880995955409648802515137759691563363653616862712159688752916061815970988032.000000,2183939385730308635208420668460933914736575353792636055752251780277989982624268939247965316352032902605804190037285301907091865443511872780909337358499977323070554945362491120558481062474374010441479208921758922607624477388728235833881085870080.000000,-0.257375,767217925266335522519883445024076189285011550871142232477027495248711373983247735610388702049736613087710340681310587522844892777576906362265240880995955409648802515137759691563363653616862712159688752916061815970988032.000000,2183939385730308635208420668460933914736575353792636055752251780277989982624268939247965316352032902605804190037285301907091865443511872780909337358499977323070554945362491120558481062474374010441479208921758922607624477388728235833881085870080.000000,0.000000,0.000000,0.000000
17.213309,767217925266335522519883445024076189285011550871142232477027495248711373983247735610388702049736613087710340681310587522844892777576906362265240880995955409648802515137759691563363653616862712159688752916061815970988032.000000,2183939385730308635208420668460933914736575353792636055752251780277989982624268939247965316352032902605804190037285301907091865443511872780909337358499977323070554945362491120558481062474374010441479208921758922607624477388728235833881085870080.000000,-0.257375,767217925266335522519883445024076189285011550871142232477027495248711373983247735610388702049736613087710340681310587522844892777576906362265240880995955409648802515137759691563363653616862712159688752916061815970988032.000000,2183939385730308635208420668460933914736575353792636055752251780277989982624268939247965316352032902605804190037285301907091865443511872780909337358499977323070554945362491120558481062474374010441479208921758922607624477388728235833881085870080.000000,0.000000,0.000000,0.000000
17.244680,767217925266335522519883445024076189285011550871142232477027495248711373983247735610388702049736613087710340681310587522844892777576906362265240880995955409648802515137759691563363653616862712159688752916061815970988032.000000,2183939385730308635208420668460933914736575353792636055752251780277989982624268939247965316352032902605804190037285301907091865443511872780909337358499977323070554945362491120558481062474374010441479208921758922607624477388728235833881085870080.000000,-0.257375,767217925266335522519883445024076189285011550871142232477027495248711373983247735610388702049736613087710340681310587522844892777576906362265240880995955409648802515137759691563363653616862712159688752916061815970988032.000000,2183939385730308635208420668460933914736575353792636055752251780277989982624268939247965316352032902605804190037285301907091865443511872780909337358499977323070554945362491120558481062474374010441479208921758922607624477388728235833881085870080.000000,0.000000,0.000000,0.000000
17.279041,767217925266335522519883445024076189285011550871142232477027495248711373983247735610388702049736613087710340681310587522844892777576906362265240880995955409648802515137759691563363653616862712159688752916061815970988032.000000,2183939385730308635208420668460933914736575353792636055752251780277989982624268939247965316352032902605804190037285301907091865443511872780909337358499977323070554945362491120558481062474374010441479208921758922607624477388728235833881085870080.000000,-0.257375,767217925266335522519883445024076189285011550871142232477027495248711373983247735610388702049736613087710340681310587522844892777576906362265240880995955409648802515137759691563363653616862712159688752916061815970988032.000000,2183939385730308635208420668460933914736575353792636055752251780277989982624268939247965316352032902605804190037285301907091865443511872780909337358499977323070554945362491120558481062474374010441479208921758922607624477388728235833881085870080.000000,0.000000,0.000000,0.000000
17.312207,767217925266335522519883445024076189285011550871142232477027495248711373983247735610388702049736613087710340681310587522844892777576906362265240880995955409648802515137759691563363653616862712159688752916061815970988032.000000,2183939385730308635208420668460933914736575353792636055752251780277989982624268939247965316352032902605804190037285301907091865443511872780909337358499977323070554945362491120558481062474374010441479208921758922607624477388728235833881085870080.000000,-0.257375,767217925266335522519883445024076189285011550871142232477027495248711373983247735610388702049736613087710340681310587522844892777576906362265240880995955409648802515137759691563363653616862712159688752916061815970988032.000000,2183939385730308635208420668460933914736575353792636055752251780277989982624268939247965316352032902605804190037285301907091865443511872780909337358499977323070554945362491120558481062474374010441479208921758922607624477388728235833881085870080.000000,0.000000,0.000000,0.000000
17.345457,767217925266335522519883445024076189285011550871142232477027495248711373983247735610388702049736613087710340681310587522844892777576906362265240880995955409648802515137759691563363653616862712159688752916061815970988032.000000,2183939385730308635208420668460933914736575353792636055752251780277989982624268939247965316352032902605804190037285301907091865443511872780909337358499977323070554945362491120558481062474374010441479208921758922607624477388728235833881085870080.000000,-0.257375,767217925266335522519883445024076189285011550871142232477027495248711373983247735610388702049736613087710340681310587522844892777576906362265240880995955409648802515137759691563363653616862712159688752916061815970988032.000000,2183939385730308635208420668460933914736575353792636055752251780277989982624268939247965316352032902605804190037285301907091865443511872780909337358499977323070554945362491120558481062474374010441479208921758922607624477388728235833881085870080.000000,0.000000,0.000000,0.000000
17.378972,767217925266335522519883445024076189285011550871142232477027495248711373983247735610388702049736613087710340681310587522844892777576906362265240880995955409648802515137759691563363653616862712159688752916061815970988032.000000,2183939385730308635208420668460933914736575353792636055752251780277989982624268939247965316352032902605804190037285301907091865443511872780909337358499977323070554945362491120558481062474374010441479208921758922607624477388728235833881085870080.000000,-0.257375,767217925266335522519883445024076189285011550871142232477027495248711373983247735610388702049736613087710340681310587522844892777576906362265240880995955409648802515137759691563363653616862712159688752916061815970988032.000000,2183939385730308635208420668460933914736575353792636055752251780277989982624268939247965316352032902605804190037285301907091865443511872780909337358499977323070554945362491120558481062474374010441479208921758922607624477388728235833881085870080.000000,0.000000,0.000000,0.000000
17.411450,767217925266335522519883445024076189285011550871142232477027495248711373983247735610388702049736613087710340681310587522844892777576906362265240880995955409648802515137759691563363653616862712159688752916061815970988032.000000,2183939385730308635208420668460933914736575353792636055752251780277989982624268939247965316352032902605804190037285301907091865443511872780909337358499977323070554945362491120558481062474374010441479208921758922607624477388728235833881085870080.000000,-0.257375,767217925266335522519883445024076189285011550871142232477027495248711373983247735610388702049736613087710340681310587522844892777576906362265240880995955409648802515137759691563363653616862712159688752916061815970988032.000000,2183939385730308635208420668460933914736575353792636055752251780277989982624268939247965316352032902605804190037285301907091865443511872780909337358499977323070554945362491120558481062474374010441479208921758922607624477388728235833881085870080.000000,0.000000,0.000000,0.000000
17.444897,767217925266335522519883445024076189285011550871142232477027495248711373983247735610388702049736613087710340681310587522844892777576906362265240880995955409648802515137759691563363653616862712159688752916061815970988032.000000,2183939385730308635208420668460933914736575353792636055752251780277989982624268939247965316352032902605804190037285301907091865443511872780909337358499977323070554945362491120558481062474374010441479208921758922607624477388728235833881085870080.000000,-0.257375,767217925266335522519883445024076189285011550871142232477027495248711373983247735610388702049736613087710340681310587522844892777576906362265240880995955409648802515137759691563363653616862712159688752916061815970988032.000000,2183939385730308635208420668460933914736575353792636055752251780277989982624268939247965316352032902605804190037285301907091865443511872780909337358499977323070554945362491120558481062474374010441479208921758922607624477388728235833881085870080.000000,0.000000,0.000000,0.000000
17.477980,767217925266335522519883445024076189285011550871142232477027495248711373983247735610388702049736613087710340681310587522844892777576906362265240880995955409648802515137759691563363653616862712159688752916061815970988032.000000,2183939385730308635208420668460933914736575353792636055752251780277989982624268939247965316352032902605804190037285301907091865443511872780909337358499977323070554945362491120558481062474374010441479208921758922607624477388728235833881085870080.000000,-0.257375,767217925266335522519883445024076189285011550871142232477027495248711373983247735610388702049736613087710340681310587522844892777576906362265240880995955409648802515137759691563363653616862712159688752916061815970988032.000000,2183939385730308635208420668460933914736575353792636055752251780277989982624268939247965316352032902605804190037285301907091865443511872780909337358499977323070554945362491120558481062474374010441479208921758922607624477388728235833881085870080.000000,0.000000,0.000000,0.000000
17.511381,767217925266335522519883445024076189285011550871142232477027495248711373983247735610388702049736613087710340681310587522844892777576906362265240880995955409648802515137759691563363653616862712159688752916061815970988032.000000,2183939385730308635208420668460933914736575353792636055752251780277989982624268939247965316352032902605804190037285301907091865443511872780909337358499977323070554945362491120558481062474374010441479208921758922607624477388728235833881085870080.000000,-0.257375,767217925266335522519883445024076189285011550871142232477027495248711373983247735610388702049736613087710340681310587522844892777576906362265240880995955409648802515137759691563363653616862712159688752916061815970988032.000000,2183939385730308635208420668460933914736575353792636055752251780277989982624268939247965316352032902605804190037285301907091865443511872780909337358499977323070554945362491120558481062474374010441479208921758922607624477388728235833881085870080.000000,0.000000,0.000000,0.000000
17.544791,767217925266335522519883445024076189285011550871142232477027495248711373983247735610388702049736613087710340681310587522844892777576906362265240880995955409648802515137759691563363653616862712159688752916061815970988032.000000,2183939385730308635208420668460933914736575353792636055752251780277989982624268939247965316352032902605804190037285301907091865443511872780909337358499977323070554945362491120558481062474374010441479208921758922607624477388728235833881085870080.000000,-0.257375,767217925266335522519883445024076189285011550871142232477027495248711373983247735610388702049736613087710340681310587522844892777576906362265240880995955409648802515137759691563363653616862712159688752916061815970988032.000000,2183939385730308635208420668460933914736575353792636055752251780277989982624268939247965316352032902605804190037285301907091865443511872780909337358499977323070554945362491120558481062474374010441479208921758922607624477388728235833881085870080.000000,0.000000,0.000000,0.000000
17.578374,767217925266335522519883445024076189285011550871142232477027495248711373983247735610388702049736613087710340681310587522844892777576906362265240880995955409648802515137759691563363653616862712159688752916061815970988032.000000,2183939385730308635208420668460933914736575353792636055752251780277989982624268939247965316352032902605804190037285301907091865443511872780909337358499977323070554945362491120558481062474374010441479208921758922607624477388728235833881085870080.000000,-0.257375,767217925266335522519883445024076189285011550871142232477027495248711373983247735610388702049736613087710340681310587522844892777576906362265240880995955409648802515137759691563363653616862712159688752916061815970988032.000000,2183939385730308635208420668460933914736575353792636055752251780277989982624268939247965316352032902605804190037285301907091865443511872780909337358499977323070554945362491120558481062474374010441479208921758922607624477388728235833881085870080.000000,0.000000,0.000000,0.000000
17.611401,767217925266335522519883445024076189285011550871142232477027495248711373983247735610388702049736613087710340681310587522844892777576906362265240880995955409648802515137759691563363653616862712159688752916061815970988032.000000,2183939385730308635208420668460933914736575353792636055752251780277989982624268939247965316352032902605804190037285301907091865443511872780909337358499977323070554945362491120558481062474374010441479208921758922607624477388728235833881085870080.000000,-0.257375,767217925266335522519883445024076189285011550871142232477027495248711373983247735610388702049736613087710340681310587522844892777576906362265240880995955409648802515137759691563363653616862712159688752916061815970988032.000000,2183939385730308635208420668460933914736575353792636055752251780277989982624268939247965316352032902605804190037285301907091865443511872780909337358499977323070554945362491120558481062474374010441479208921758922607624477388728235833881085870080.000000,0.000000,0.000000,0.000000
17.645655,767217925266335522519883445024076189285011550871142232477027495248711373983247735610388702049736613087710340681310587522844892777576906362265240880995955409648802515137759691563363653616862712159688752916061815970988032.000000,2183939385730308635208420668460933914736575353792636055752251780277989982624268939247965316352032902605804190037285301907091865443511872780909337358499977323070554945362491120558481062474374010441479208921758922607624477388728235833881085870080.000000,-0.257375,767217925266335522519883445024076189285011550871142232477027495248711373983247735610388702049736613087710340681310587522844892777576906362265240880995955409648802515137759691563363653616862712159688752916061815970988032.000000,2183939385730308635208420668460933914736575353792636055752251780277989982624268939247965316352032902605804190037285301907091865443511872780909337358499977323070554945362491120558481062474374010441479208921758922607624477388728235833881085870080.000000,0.000000,0.000000,0.000000
17.677965,767217925266335522519883445024076189285011550871142232477027495248711373983247735610388702049736613087710340681310587522844892777576906362265240880995955409648802515137759691563363653616862712159688752916061815970988032.000000,2183939385730308635208420668460933914736575353792636055752251780277989982624268939247965316352032902605804190037285301907091865443511872780909337358499977323070554945362491120558481062474374010441479208921758922607624477388728235833881085870080.000000,-0.257375,767217925266335522519883445024076189285011550871142232477027495248711373983247735610388702049736613087710340681310587522844892777576906362265240880995955409648802515137759691563363653616862712159688752916061815970988032.000000,2183939385730308635208420668460933914736575353792636055752251780277989982624268939247965316352032902605804190037285301907091865443511872780909337358499977323070554945362491120558481062474374010441479208921758922607624477388728235833881085870080.000000,0.000000,0.000000,0.000000
17.714216,767217925266335522519883445024076189285011550871142232477027495248711373983247735610388702049736613087710340681310587522844892777576906362265240880995955409648802515137759691563363653616862712159688752916061815970988032.000000,2183939385730308635208420668460933914736575353792636055752251780277989982624268939247965316352032902605804190037285301907091865443511872780909337358499977323070554945362491120558481062474374010441479208921758922607624477388728235833881085870080.000000,-0.257375,767217925266335522519883445024076189285011550871142232477027495248711373983247735610388702049736613087710340681310587522844892777576906362265240880995955409648802515137759691563363653616862712159688752916061815970988032.000000,2183939385730308635208420668460933914736575353792636055752251780277989982624268939247965316352032902605804190037285301907091865443511872780909337358499977323070554945362491120558481062474374010441479208921758922607624477388728235833881085870080.000000,0.000000,0.000000,0.000000
17.744912,767217925266335522519883445024076189285011550871142232477027495248711373983247735610388702049736613087710340681310587522844892777576906362265240880995955409648802515137759691563363653616862712159688752916061815970988032.000000,2183939385730308635208420668460933914736575353792636055752251780277989982624268939247965316352032902605804190037285301907091865443511872780909337358499977323070554945362491120558481062474374010441479208921758922607624477388728235833881085870080.000000,-0.257375,767217925266335522519883445024076189285011550871142232477027495248711373983247735610388702049736613087710340681310587522844892777576906362265240880995955409648802515137759691563363653616862712159688752916061815970988032.000000,2183939385730308635208420668460933914736575353792636055752251780277989982624268939247965316352032902605804190037285301907091865443511872780909337358499977323070554945362491120558481062474374010441479208921758922607624477388728235833881085870080.000000,0.000000,0.000000,0.000000
17.778391,767217925266335522519883445024076189285011550871142232477027495248711373983247735610388702049736613087710340681310587522844892777576906362265240880995955409648802515137759691563363653616862712159688752916061815970988032.000000,2183939385730308635208420668460933914736575353792636055752251780277989982624268939247965316352032902605804190037285301907091865443511872780909337358499977323070554945362491120558481062474374010441479208921758922607624477388728235833881085870080.000000,-0.257375,767217925266335522519883445024076189285011550871142232477027495248711373983247735610388702049736613087710340681310587522844892777576906362265240880995955409648802515137759691563363653616862712159688752916061815970988032.000000,2183939385730308635208420668460933914736575353792636055752251780277989982624268939247965316352032902605804190037285301907091865443511872780909337358499977323070554945362491120558481062474374010441479208921758922607624477388728235833881085870080.000000,0.000000,0.000000,0.000000
17.812207,767217925266335522519883445024076189285011550871142232477027495248711373983247735610388702049736613087710340681310587522844892777576906362265240880995955409648802515137759691563363653616862712159688752916061815970988032.000000,2183939385730308635208420668460933914736575353792636055752251780277989982624268939247965316352032902605804190037285301907091865443511872780909337358499977323070554945362491120558481062474374010441479208921758922607624477388728235833881085870080.000000,-0.257375,767217925266335522519883445024076189285011550871142232477027495248711373983247735610388702049736613087710340681310587522844892777576906362265240880995955409648802515137759691563363653616862712159688752916061815970988032.000000,2183939385730308635208420668460933914736575353792636055752251780277989982624268939247965316352032902605804190037285301907091865443511872780909337358499977323070554945362491120558481062474374010441479208921758922607624477388728235833881085870080.000000,0.000000,0.000000,0.000000
17.845166,767217925266335522519883445024076189285011550871142232477027495248711373983247735610388702049736613087710340681310587522844892777576906362265240880995955409648802515137759691563363653616862712159688752916061815970988032.000000,2183939385730308635208420668460933914736575353792636055752251780277989982624268939247965316352032902605804190037285301907091865443511872780909337358499977323070554945362491120558481062474374010441479208921758922607624477388728235833881085870080.000000,-0.257375,767217925266335522519883445024076189285011550871142232477027495248711373983247735610388702049736613087710340681310587522844892777576906362265240880995955409648802515137759691563363653616862712159688752916061815970988032.000000,2183939385730308635208420668460933914736575353792636055752251780277989982624268939247965316352032902605804190037285301907091865443511872780909337358499977323070554945362491120558481062474374010441479208921758922607624477388728235833881085870080.000000,0.000000,0.000000,0.000000
17.878211,767217925266335522519883445024076189285011550871142232477027495248711373983247735610388702049736613087710340681310587522844892777576906362265240880995955409648802515137759691563363653616862712159688752916061815970988032.000000,2183939385730308635208420668460933914736575353792636055752251780277989982624268939247965316352032902605804190037285301907091865443511872780909337358499977323070554945362491120558481062474374010441479208921758922607624477388728235833881085870080.000000,-0.257375,767217925266335522519883445024076189285011550871142232477027495248711373983247735610388702049736613087710340681310587522844892777576906362265240880995955409648802515137759691563363653616862712159688752916061815970988032.000000,2183939385730308635208420668460933914736575353792636055752251780277989982624268939247965316352032902605804190037285301907091865443511872780909337358499977323070554945362491120558481062474374010441479208921758922607624477388728235833881085870080.000000,0.000000,0.000000,0.000000
17.911679,767217925266335522519883445024076189285011550871142232477027495248711373983247735610388702049736613087710340681310587522844892777576906362265240880995955409648802515137759691563363653616862712159688752916061815970988032.000000,2183939385730308635208420668460933914736575353792636055752251780277989982624268939247965316352032902605804190037285301907091865443511872780909337358499977323070554945362491120558481062474374010441479208921758922607624477388728235833881085870080.000000,-0.257375,767217925266335522519883445024076189285011550871142232477027495248711373983247735610388702049736613087710340681310587522844892777576906362265240880995955409648802515137759691563363653616862712159688752916061815970988032.000000,2183939385730308635208420668460933914736575353792636055752251780277989982624268939247965316352032902605804190037285301907091865443511872780909337358499977323070554945362491120558481062474374010441479208921758922607624477388728235833881085870080.000000,0.000000,0.000000,0.000000
17.944684,767217925266335522519883445024076189285011550871142232477027495248711373983247735610388702049736613087710340681310587522844892777576906362265240880995955409648802515137759691563363653616862712159688752916061815970988032.000000,2183939385730308635208420668460933914736575353792636055752251780277989982624268939247965316352032902605804190037285301907091865443511872780909337358499977323070554945362491120558481062474374010441479208921758922607624477388728235833881085870080.000000,-0.257375,767217925266335522519883445024076189285011550871142232477027495248711373983247735610388702049736613087710340681310587522844892777576906362265240880995955409648802515137759691563363653616862712159688752916061815970988032.000000,2183939385730308635208420668460933914736575353792636055752251780277989982624268939247965316352032902605804190037285301907091865443511872780909337358499977323070554945362491120558481062474374010441479208921758922607624477388728235833881085870080.000000,0.000000,0.000000,0.000000
18.006178,767217925266335522519883445024076189285011550871142232477027495248711373983247735610388702049736613087710340681310587522844892777576906362265240880995955409648802515137759691563363653616862712159688752916061815970988032.000000,2183939385730308635208420668460933914736575353792636055752251780277989982624268939247965316352032902605804190037285301907091865443511872780909337358499977323070554945362491120558481062474374010441479208921758922607624477388728235833881085870080.000000,-0.257375,767217925266335522519883445024076189285011550871142232477027495248711373983247735610388702049736613087710340681310587522844892777576906362265240880995955409648802515137759691563363653616862712159688752916061815970988032.000000,2183939385730308635208420668460933914736575353792636055752251780277989982624268939247965316352032902605804190037285301907091865443511872780909337358499977323070554945362491120558481062474374010441479208921758922607624477388728235833881085870080.000000,0.000000,0.000000,0.000000
18.011296,767217925266335522519883445024076189285011550871142232477027495248711373983247735610388702049736613087710340681310587522844892777576906362265240880995955409648802515137759691563363653616862712159688752916061815970988032.000000,2183939385730308635208420668460933914736575353792636055752251780277989982624268939247965316352032902605804190037285301907091865443511872780909337358499977323070554945362491120558481062474374010441479208921758922607624477388728235833881085870080.000000,-0.257375,767217925266335522519883445024076189285011550871142232477027495248711373983247735610388702049736613087710340681310587522844892777576906362265240880995955409648802515137759691563363653616862712159688752916061815970988032.000000,2183939385730308635208420668460933914736575353792636055752251780277989982624268939247965316352032902605804190037285301907091865443511872780909337358499977323070554945362491120558481062474374010441479208921758922607624477388728235833881085870080.000000,0.000000,0.000000,0.000000
18.046833,767217925266335522519883445024076189285011550871142232477027495248711373983247735610388702049736613087710340681310587522844892777576906362265240880995955409648802515137759691563363653616862712159688752916061815970988032.000000,2183939385730308635208420668460933914736575353792636055752251780277989982624268939247965316352032902605804190037285301907091865443511872780909337358499977323070554945362491120558481062474374010441479208921758922607624477388728235833881085870080.000000,-0.257375,767217925266335522519883445024076189285011550871142232477027495248711373983247735610388702049736613087710340681310587522844892777576906362265240880995955409648802515137759691563363653616862712159688752916061815970988032.000000,2183939385730308635208420668460933914736575353792636055752251780277989982624268939247965316352032902605804190037285301907091865443511872780909337358499977323070554945362491120558481062474374010441479208921758922607624477388728235833881085870080.000000,0.000000,0.000000,0.000000
18.081848,767217925266335522519883445024076189285011550871142232477027495248711373983247735610388702049736613087710340681310587522844892777576906362265240880995955409648802515137759691563363653616862712159688752916061815970988032.000000,2183939385730308635208420668460933914736575353792636055752251780277989982624268939247965316352032902605804190037285301907091865443511872780909337358499977323070554945362491120558481062474374010441479208921758922607624477388728235833881085870080.000000,-0.257375,767217925266335522519883445024076189285011550871142232477027495248711373983247735610388702049736613087710340681310587522844892777576906362265240880995955409648802515137759691563363653616862712159688752916061815970988032.000000,2183939385730308635208420668460933914736575353792636055752251780277989982624268939247965316352032902605804190037285301907091865443511872780909337358499977323070554945362491120558481062474374010441479208921758922607624477388728235833881085870080.000000,0.000000,0.000000,0.000000
18.111394,767217925266335522519883445024076189285011550871142232477027495248711373983247735610388702049736613087710340681310587522844892777576906362265240880995955409648802515137759691563363653616862712159688752916061815970988032.000000,2183939385730308635208420668460933914736575353792636055752251780277989982624268939247965316352032902605804190037285301907091865443511872780909337358499977323070554945362491120558481062474374010441479208921758922607624477388728235833881085870080.000000,-0.257375,767217925266335522519883445024076189285011550871142232477027495248711373983247735610388702049736613087710340681310587522844892777576906362265240880995955409648802515137759691563363653616862712159688752916061815970988032.000000,2183939385730308635208420668460933914736575353792636055752251780277989982624268939247965316352032902605804190037285301907091865443511872780909337358499977323070554945362491120558481062474374010441479208921758922607624477388728235833881085870080.000000,0.000000,0.000000,0.000000
18.144835,767217925266335522519883445024076189285011550871142232477027495248711373983247735610388702049736613087710340681310587522844892777576906362265240880995955409648802515137759691563363653616862712159688752916061815970988032.000000,2183939385730308635208420668460933914736575353792636055752251780277989982624268939247965316352032902605804190037285301907091865443511872780909337358499977323070554945362491120558481062474374010441479208921758922607624477388728235833881085870080.000000,-0.257375,767217925266335522519883445024076189285011550871142232477027495248711373983247735610388702049736613087710340681310587522844892777576906362265240880995955409648802515137759691563363653616862712159688752916061815970988032.000000,2183939385730308635208420668460933914736575353792636055752251780277989982624268939247965316352032902605804190037285301907091865443511872780909337358499977323070554945362491120558481062474374010441479208921758922607624477388728235833881085870080.000000,0.000000,0.000000,0.000000
18.178203,767217925266335522519883445024076189285011550871142232477027495248711373983247735610388702049736613087710340681310587522844892777576906362265240880995955409648802515137759691563363653616862712159688752916061815970988032.000000,2183939385730308635208420668460933914736575353792636055752251780277989982624268939247965316352032902605804190037285301907091865443511872780909337358499977323070554945362491120558481062474374010441479208921758922607624477388728235833881085870080.000000,-0.257375,767217925266335522519883445024076189285011550871142232477027495248711373983247735610388702049736613087710340681310587522844892777576906362265240880995955409648802515137759691563363653616862712159688752916061815970988032.000000,2183939385730308635208420668460933914736575353792636055752251780277989982624268939247965316352032902605804190037285301907091865443511872780909337358499977323070554945362491120558481062474374010441479208921758922607624477388728235833881085870080.000000,0.000000,0.000000,0.000000
18.211669,767217925266335522519883445024076189285011550871142232477027495248711373983247735610388702049736613087710340681310587522844892777576906362265240880995955409648802515137759691563363653616862712159688752916061815970988032.000000,2183939385730308635208420668460933914736575353792636055752251780277989982624268939247965316352032902605804190037285301907091865443511872780909337358499977323070554945362491120558481062474374010441479208921758922607624477388728235833881085870080.000000,-0.257375,767217925266335522519883445024076189285011550871142232477027495248711373983247735610388702049736613087710340681310587522844892777576906362265240880995955409648802515137759691563363653616862712159688752916061815970988032.000000,2183939385730308635208420668460933914736575353792636055752251780277989982624268939247965316352032902605804190037285301907091865443511872780909337358499977323070554945362491120558481062474374010441479208921758922607624477388728235833881085870080.000000,0.000000,0.000000,0.000000
18.245056,767217925266335522519883445024076189285011550871142232477027495248711373983247735610388702049736613087710340681310587522844892777576906362265240880995955409648802515137759691563363653616862712159688752916061815970988032.000000,2183939385730308635208420668460933914736575353792636055752251780277989982624268939247965316352032902605804190037285301907091865443511872780909337358499977323070554945362491120558481062474374010441479208921758922607624477388728235833881085870080.000000,-0.257375,767217925266335522519883445024076189285011550871142232477027495248711373983247735610388702049736613087710340681310587522844892777576906362265240880995955409648802515137759691563363653616862712159688752916061815970988032.000000,2183939385730308635208420668460933914736575353792636055752251780277989982624268939247965316352032902605804190037285301907091865443511872780909337358499977323070554945362491120558481062474374010441479208921758922607624477388728235833881085870080.000000,0.000000,0.000000,0.000000
18.278237,767217925266335522519883445024076189285011550871142232477027495248711373983247735610388702049736613087710340681310587522844892777576906362265240880995955409648802515137759691563363653616862712159688752916061815970988032.000000,2183939385730308635208420668460933914736575353792636055752251780277989982624268939247965316352032902605804190037285301907091865443511872780909337358499977323070554945362491120558481062474374010441479208921758922607624477388728235833881085870080.000000,-0.257375,767217925266335522519883445024076189285011550871142232477027495248711373983247735610388702049736613087710340681310587522844892777576906362265240880995955409648802515137759691563363653616862712159688752916061815970988032.000000,2183939385730308635208420668460933914736575353792636055752251780277989982624268939247965316352032902605804190037285301907091865443511872780909337358499977323070554945362491120558481062474374010441479208921758922607624477388728235833881085870080.000000,0.000000,0.000000,0.000000
18.311390,767217925266335522519883445024076189285011550871142232477027495248711373983247735610388702049736613087710340681310587522844892777576906362265240880995955409648802515137759691563363653616862712159688752916061815970988032.000000,2183939385730308635208420668460933914736575353792636055752251780277989982624268939247965316352032902605804190037285301907091865443511872780909337358499977323070554945362491120558481062474374010441479208921758922607624477388728235833881085870080.000000,-0.257375,767217925266335522519883445024076189285011550871142232477027495248711373983247735610388702049736613087710340681310587522844892777576906362265240880995955409648802515137759691563363653616862712159688752916061815970988032.000000,2183939385730308635208420668460933914736575353792636055752251780277989982624268939247965316352032902605804190037285301907091865443511872780909337358499977323070554945362491120558481062474374010441479208921758922607624477388728235833881085870080.000000,0.000000,0.000000,0.000000
18.347089,767217925266335522519883445024076189285011550871142232477027495248711373983247735610388702049736613087710340681310587522844892777576906362265240880995955409648802515137759691563363653616862712159688752916061815970988032.000000,2183939385730308635208420668460933914736575353792636055752251780277989982624268939247965316352032902605804190037285301907091865443511872780909337358499977323070554945362491120558481062474374010441479208921758922607624477388728235833881085870080.000000,-0.257375,767217925266335522519883445024076189285011550871142232477027495248711373983247735610388702049736613087710340681310587522844892777576906362265240880995955409648802515137759691563363653616862712159688752916061815970988032.000000,2183939385730308635208420668460933914736575353792636055752251780277989982624268939247965316352032902605804190037285301907091865443511872780909337358499977323070554945362491120558481062474374010441479208921758922607624477388728235833881085870080.000000,0.000000,0.000000,0.000000
18.378491,767217925266335522519883445024076189285011550871142232477027495248711373983247735610388702049736613087710340681310587522844892777576906362265240880995955409648802515137759691563363653616862712159688752916061815970988032.000000,2183939385730308635208420668460933914736575353792636055752251780277989982624268939247965316352032902605804190037285301907091865443511872780909337358499977323070554945362491120558481062474374010441479208921758922607624477388728235833881085870080.000000,-0.257375,767217925266335522519883445024076189285011550871142232477027495248711373983247735610388702049736613087710340681310587522844892777576906362265240880995955409648802515137759691563363653616862712159688752916061815970988032.000000,2183939385730308635208420668460933914736575353792636055752251780277989982624268939247965316352032902605804190037285301907091865443511872780909337358499977323070554945362491120558481062474374010441479208921758922607624477388728235833881085870080.000000,0.000000,0.000000,0.000000
18.411918,767217925266335522519883445024076189285011550871142232477027495248711373983247735610388702049736613087710340681310587522844892777576906362265240880995955409648802515137759691563363653616862712159688752916061815970988032.000000,2183939385730308635208420668460933914736575353792636055752251780277989982624268939247965316352032902605804190037285301907091865443511872780909337358499977323070554945362491120558481062474374010441479208921758922607624477388728235833881085870080.000000,-0.257375,767217925266335522519883445024076189285011550871142232477027495248711373983247735610388702049736613087710340681310587522844892777576906362265240880995955409648802515137759691563363653616862712159688752916061815970988032.000000,2183939385730308635208420668460933914736575353792636055752251780277989982624268939247965316352032902605804190037285301907091865443511872780909337358499977323070554945362491120558481062474374010441479208921758922607624477388728235833881085870080.000000,0.000000,0.000000,0.000000
18.445199,767217925266335522519883445024076189285011550871142232477027495248711373983247735610388702049736613087710340681310587522844892777576906362265240880995955409648802515137759691563363653616862712159688752916061815970988032.000000,2183939385730308635208420668460933914736575353792636055752251780277989982624268939247965316352032902605804190037285301907091865443511872780909337358499977323070554945362491120558481062474374010441479208921758922607624477388728235833881085870080.000000,-0.257375,767217925266335522519883445024076189285011550871142232477027495248711373983247735610388702049736613087710340681310587522844892777576906362265240880995955409648802515137759691563363653616862712159688752916061815970988032.000000,2183939385730308635208420668460933914736575353792636055752251780277989982624268939247965316352032902605804190037285301907091865443511872780909337358499977323070554945362491120558481062474374010441479208921758922607624477388728235833881085870080.000000,0.000000,0.000000,0.000000
18.478060,767217925266335522519883445024076189285011550871142232477027495248711373983247735610388702049736613087710340681310587522844892777576906362265240880995955409648802515137759691563363653616862712159688752916061815970988032.000000,2183939385730308635208420668460933914736575353792636055752251780277989982624268939247965316352032902605804190037285301907091865443511872780909337358499977323070554945362491120558481062474374010441479208921758922607624477388728235833881085870080.000000,-0.257375,767217925266335522519883445024076189285011550871142232477027495248711373983247735610388702049736613087710340681310587522844892777576906362265240880995955409648802515137759691563363653616862712159688752916061815970988032.000000,2183939385730308635208420668460933914736575353792636055752251780277989982624268939247965316352032902605804190037285301907091865443511872780909337358499977323070554945362491120558481062474374010441479208921758922607624477388728235833881085870080.000000,0.000000,0.000000,0.000000
18.511655,767217925266335522519883445024076189285011550871142232477027495248711373983247735610388702049736613087710340681310587522844892777576906362265240880995955409648802515137759691563363653616862712159688752916061815970988032.000000,2183939385730308635208420668460933914736575353792636055752251780277989982624268939247965316352032902605804190037285301907091865443511872780909337358499977323070554945362491120558481062474374010441479208921758922607624477388728235833881085870080.000000,-0.257375,767217925266335522519883445024076189285011550871142232477027495248711373983247735610388702049736613087710340681310587522844892777576906362265240880995955409648802515137759691563363653616862712159688752916061815970988032.000000,2183939385730308635208420668460933914736575353792636055752251780277989982624268939247965316352032902605804190037285301907091865443511872780909337358499977323070554945362491120558481062474374010441479208921758922607624477388728235833881085870080.000000,0.000000,0.000000,0.000000
18.544949,767217925266335522519883445024076189285011550871142232477027495248711373983247735610388702049736613087710340681310587522844892777576906362265240880995955409648802515137759691563363653616862712159688752916061815970988032.000000,2183939385730308635208420668460933914736575353792636055752251780277989982624268939247965316352032902605804190037285301907091865443511872780909337358499977323070554945362491120558481062474374010441479208921758922607624477388728235833881085870080.000000,-0.257375,767217925266335522519883445024076189285011550871142232477027495248711373983247735610388702049736613087710340681310587522844892777576906362265240880995955409648802515137759691563363653616862712159688752916061815970988032.000000,2183939385730308635208420668460933914736575353792636055752251780277989982624268939247965316352032902605804190037285301907091865443511872780909337358499977323070554945362491120558481062474374010441479208921758922607624477388728235833881085870080.000000,0.000000,0.000000,0.000000
18.578216,767217925266335522519883445024076189285011550871142232477027495248711373983247735610388702049736613087710340681310587522844892777576906362265240880995955409648802515137759691563363653616862712159688752916061815970988032.000000,2183939385730308635208420668460933914736575353792636055752251780277989982624268939247965316352032902605804190037285301907091865443511872780909337358499977323070554945362491120558481062474374010441479208921758922607624477388728235833881085870080.000000,-0.257375,767217925266335522519883445024076189285011550871142232477027495248711373983247735610388702049736613087710340681310587522844892777576906362265240880995955409648802515137759691563363653616862712159688752916061815970988032.000000,2183939385730308635208420668460933914736575353792636055752251780277989982624268939247965316352032902605804190037285301907091865443511872780909337358499977323070554945362491120558481062474374010441479208921758922607624477388728235833881085870080.000000,0.000000,0.000000,0.000000
18.611386,767217925266335522519883445024076189285011550871142232477027495248711373983247735610388702049736613087710340681310587522844892777576906362265240880995955409648802515137759691563363653616862712159688752916061815970988032.000000,2183939385730308635208420668460933914736575353792636055752251780277989982624268939247965316352032902605804190037285301907091865443511872780909337358499977323070554945362491120558481062474374010441479208921758922607624477388728235833881085870080.000000,-0.257375,767217925266335522519883445024076189285011550871142232477027495248711373983247735610388702049736613087710340681310587522844892777576906362265240880995955409648802515137759691563363653616862712159688752916061815970988032.000000,2183939385730308635208420668460933914736575353792636055752251780277989982624268939247965316352032902605804190037285301907091865443511872780909337358499977323070554945362491120558481062474374010441479208921758922607624477388728235833881085870080.000000,0.000000,0.000000,0.000000
18.644794,767217925266335522519883445024076189285011550871142232477027495248711373983247735610388702049736613087710340681310587522844892777576906362265240880995955409648802515137759691563363653616862712159688752916061815970988032.000000,2183939385730308635208420668460933914736575353792636055752251780277989982624268939247965316352032902605804190037285301907091865443511872780909337358499977323070554945362491120558481062474374010441479208921758922607624477388728235833881085870080.000000,-0.257375,767217925266335522519883445024076189285011550871142232477027495248711373983247735610388702049736613087710340681310587522844892777576906362265240880995955409648802515137759691563363653616862712159688752916061815970988032.000000,2183939385730308635208420668460933914736575353792636055752251780277989982624268939247965316352032902605804190037285301907091865443511872780909337358499977323070554945362491120558481062474374010441479208921758922607624477388728235833881085870080.000000,0.000000,0.000000,0.000000
18.678035,767217925266335522519883445024076189285011550871142232477027495248711373983247735610388702049736613087710340681310587522844892777576906362265240880995955409648802515137759691563363653616862712159688752916061815970988032.000000,2183939385730308635208420668460933914736575353792636055752251780277989982624268939247965316352032902605804190037285301907091865443511872780909337358499977323070554945362491120558481062474374010441479208921758922607624477388728235833881085870080.000000,-0.257375,767217925266335522519883445024076189285011550871142232477027495248711373983247735610388702049736613087710340681310587522844892777576906362265240880995955409648802515137759691563363653616862712159688752916061815970988032.000000,2183939385730308635208420668460933914736575353792636055752251780277989982624268939247965316352032902605804190037285301907091865443511872780909337358499977323070554945362491120558481062474374010441479208921758922607624477388728235833881085870080.000000,0.000000,0.000000,0.000000
18.715294,767217925266335522519883445024076189285011550871142232477027495248711373983247735610388702049736613087710340681310587522844892777576906362265240880995955409648802515137759691563363653616862712159688752916061815970988032.000000,2183939385730308635208420668460933914736575353792636055752251780277989982624268939247965316352032902605804190037285301907091865443511872780909337358499977323070554945362491120558481062474374010441479208921758922607624477388728235833881085870080.000000,-0.257375,767217925266335522519883445024076189285011550871142232477027495248711373983247735610388702049736613087710340681310587522844892777576906362265240880995955409648802515137759691563363653616862712159688752916061815970988032.000000,2183939385730308635208420668460933914736575353792636055752251780277989982624268939247965316352032902605804190037285301907091865443511872780909337358499977323070554945362491120558481062474374010441479208921758922607624477388728235833881085870080.000000,0.000000,0.000000,0.000000
18.747821,767217925266335522519883445024076189285011550871142232477027495248711373983247735610388702049736613087710340681310587522844892777576906362265240880995955409648802515137759691563363653616862712159688752916061815970988032.000000,2183939385730308635208420668460933914736575353792636055752251780277989982624268939247965316352032902605804190037285301907091865443511872780909337358499977323070554945362491120558481062474374010441479208921758922607624477388728235833881085870080.000000,-0.257375,767217925266335522519883445024076189285011550871142232477027495248711373983247735610388702049736613087710340681310587522844892777576906362265240880995955409648802515137759691563363653616862712159688752916061815970988032.000000,2183939385730308635208420668460933914736575353792636055752251780277989982624268939247965316352032902605804190037285301907091865443511872780909337358499977323070554945362491120558481062474374010441479208921758922607624477388728235833881085870080.000000,0.000000,0.000000,0.000000
18.779866,767217925266335522519883445024076189285011550871142232477027495248711373983247735610388702049736613087710340681310587522844892777576906362265240880995955409648802515137759691563363653616862712159688752916061815970988032.000000,2183939385730308635208420668460933914736575353792636055752251780277989982624268939247965316352032902605804190037285301907091865443511872780909337358499977323070554945362491120558481062474374010441479208921758922607624477388728235833881085870080.000000,-0.257375,767217925266335522519883445024076189285011550871142232477027495248711373983247735610388702049736613087710340681310587522844892777576906362265240880995955409648802515137759691563363653616862712159688752916061815970988032.000000,2183939385730308635208420668460933914736575353792636055752251780277989982624268939247965316352032902605804190037285301907091865443511872780909337358499977323070554945362491120558481062474374010441479208921758922607624477388728235833881085870080.000000,0.000000,0.000000,0.000000
18.812329,767217925266335522519883445024076189285011550871142232477027495248711373983247735610388702049736613087710340681310587522844892777576906362265240880995955409648802515137759691563363653616862712159688752916061815970988032.000000,2183939385730308635208420668460933914736575353792636055752251780277989982624268939247965316352032902605804190037285301907091865443511872780909337358499977323070554945362491120558481062474374010441479208921758922607624477388728235833881085870080.000000,-0.257375,767217925266335522519883445024076189285011550871142232477027495248711373983247735610388702049736613087710340681310587522844892777576906362265240880995955409648802515137759691563363653616862712159688752916061815970988032.000000,2183939385730308635208420668460933914736575353792636055752251780277989982624268939247965316352032902605804190037285301907091865443511872780909337358499977323070554945362491120558481062474374010441479208921758922607624477388728235833881085870080.000000,0.000000,0.000000,0.000000
18.845029,767217925266335522519883445024076189285011550871142232477027495248711373983247735610388702049736613087710340681310587522844892777576906362265240880995955409648802515137759691563363653616862712159688752916061815970988032.000000,2183939385730308635208420668460933914736575353792636055752251780277989982624268939247965316352032902605804190037285301907091865443511872780909337358499977323070554945362491120558481062474374010441479208921758922607624477388728235833881085870080.000000,-0.257375,767217925266335522519883445024076189285011550871142232477027495248711373983247735610388702049736613087710340681310587522844892777576906362265240880995955409648802515137759691563363653616862712159688752916061815970988032.000000,2183939385730308635208420668460933914736575353792636055752251780277989982624268939247965316352032902605804190037285301907091865443511872780909337358499977323070554945362491120558481062474374010441479208921758922607624477388728235833881085870080.000000,0.000000,0.000000,0.000000
18.878604,767217925266335522519883445024076189285011550871142232477027495248711373983247735610388702049736613087710340681310587522844892777576906362265240880995955409648802515137759691563363653616862712159688752916061815970988032.000000,2183939385730308635208420668460933914736575353792636055752251780277989982624268939247965316352032902605804190037285301907091865443511872780909337358499977323070554945362491120558481062474374010441479208921758922607624477388728235833881085870080.000000,-0.257375,767217925266335522519883445024076189285011550871142232477027495248711373983247735610388702049736613087710340681310587522844892777576906362265240880995955409648802515137759691563363653616862712159688752916061815970988032.000000,2183939385730308635208420668460933914736575353792636055752251780277989982624268939247965316352032902605804190037285301907091865443511872780909337358499977323070554945362491120558481062474374010441479208921758922607624477388728235833881085870080.000000,0.000000,0.000000,0.000000
18.911812,767217925266335522519883445024076189285011550871142232477027495248711373983247735610388702049736613087710340681310587522844892777576906362265240880995955409648802515137759691563363653616862712159688752916061815970988032.000000,2183939385730308635208420668460933914736575353792636055752251780277989982624268939247965316352032902605804190037285301907091865443511872780909337358499977323070554945362491120558481062474374010441479208921758922607624477388728235833881085870080.000000,-0.257375,767217925266335522519883445024076189285011550871142232477027495248711373983247735610388702049736613087710340681310587522844892777576906362265240880995955409648802515137759691563363653616862712159688752916061815970988032.000000,2183939385730308635208420668460933914736575353792636055752251780277989982624268939247965316352032902605804190037285301907091865443511872780909337358499977323070554945362491120558481062474374010441479208921758922607624477388728235833881085870080.000000,0.000000,0.000000,0.000000
18.944677,767217925266335522519883445024076189285011550871142232477027495248711373983247735610388702049736613087710340681310587522844892777576906362265240880995955409648802515137759691563363653616862712159688752916061815970988032.000000,2183939385730308635208420668460933914736575353792636055752251780277989982624268939247965316352032902605804190037285301907091865443511872780909337358499977323070554945362491120558481062474374010441479208921758922607624477388728235833881085870080.000000,-0.257375,767217925266335522519883445024076189285011550871142232477027495248711373983247735610388702049736613087710340681310587522844892777576906362265240880995955409648802515137759691563363653616862712159688752916061815970988032.000000,2183939385730308635208420668460933914736575353792636055752251780277989982624268939247965316352032902605804190037285301907091865443511872780909337358499977323070554945362491120558481062474374010441479208921758922607624477388728235833881085870080.000000,0.000000,0.000000,0.000000
18.978120,767217925266335522519883445024076189285011550871142232477027495248711373983247735610388702049736613087710340681310587522844892777576906362265240880995955409648802515137759691563363653616862712159688752916061815970988032.000000,2183939385730308635208420668460933914736575353792636055752251780277989982624268939247965316352032902605804190037285301907091865443511872780909337358499977323070554945362491120558481062474374010441479208921758922607624477388728235833881085870080.000000,-0.257375,767217925266335522519883445024076189285011550871142232477027495248711373983247735610388702049736613087710340681310587522844892777576906362265240880995955409648802515137759691563363653616862712159688752916061815970988032.000000,2183939385730308635208420668460933914736575353792636055752251780277989982624268939247965316352032902605804190037285301907091865443511872780909337358499977323070554945362491120558481062474374010441479208921758922607624477388728235833881085870080.000000,0.000000,0.000000,0.000000
19.021804,767217925266335522519883445024076189285011550871142232477027495248711373983247735610388702049736613087710340681310587522844892777576906362265240880995955409648802515137759691563363653616862712159688752916061815970988032.000000,2183939385730308635208420668460933914736575353792636055752251780277989982624268939247965316352032902605804190037285301907091865443511872780909337358499977323070554945362491120558481062474374010441479208921758922607624477388728235833881085870080.000000,-0.257375,767217925266335522519883445024076189285011550871142232477027495248711373983247735610388702049736613087710340681310587522844892777576906362265240880995955409648802515137759691563363653616862712159688752916061815970988032.000000,2183939385730308635208420668460933914736575353792636055752251780277989982624268939247965316352032902605804190037285301907091865443511872780909337358499977323070554945362491120558481062474374010441479208921758922607624477388728235833881085870080.000000,0.000000,0.000000,0.000000
19.044834,767217925266335522519883445024076189285011550871142232477027495248711373983247735610388702049736613087710340681310587522844892777576906362265240880995955409648802515137759691563363653616862712159688752916061815970988032.000000,2183939385730308635208420668460933914736575353792636055752251780277989982624268939247965316352032902605804190037285301907091865443511872780909337358499977323070554945362491120558481062474374010441479208921758922607624477388728235833881085870080.000000,-0.257375,767217925266335522519883445024076189285011550871142232477027495248711373983247735610388702049736613087710340681310587522844892777576906362265240880995955409648802515137759691563363653616862712159688752916061815970988032.000000,2183939385730308635208420668460933914736575353792636055752251780277989982624268939247965316352032902605804190037285301907091865443511872780909337358499977323070554945362491120558481062474374010441479208921758922607624477388728235833881085870080.000000,0.000000,0.000000,0.000000
19.078157,767217925266335522519883445024076189285011550871142232477027495248711373983247735610388702049736613087710340681310587522844892777576906362265240880995955409648802515137759691563363653616862712159688752916061815970988032.000000,2183939385730308635208420668460933914736575353792636055752251780277989982624268939247965316352032902605804190037285301907091865443511872780909337358499977323070554945362491120558481062474374010441479208921758922607624477388728235833881085870080.000000,-0.257375,767217925266335522519883445024076189285011550871142232477027495248711373983247735610388702049736613087710340681310587522844892777576906362265240880995955409648802515137759691563363653616862712159688752916061815970988032.000000,2183939385730308635208420668460933914736575353792636055752251780277989982624268939247965316352032902605804190037285301907091865443511872780909337358499977323070554945362491120558481062474374010441479208921758922607624477388728235833881085870080.000000,0.000000,0.000000,0.000000
19.111753,767217925266335522519883445024076189285011550871142232477027495248711373983247735610388702049736613087710340681310587522844892777576906362265240880995955409648802515137759691563363653616862712159688752916061815970988032.000000,2183939385730308635208420668460933914736575353792636055752251780277989982624268939247965316352032902605804190037285301907091865443511872780909337358499977323070554945362491120558481062474374010441479208921758922607624477388728235833881085870080.000000,-0.257375,767217925266335522519883445024076189285011550871142232477027495248711373983247735610388702049736613087710340681310587522844892777576906362265240880995955409648802515137759691563363653616862712159688752916061815970988032.000000,2183939385730308635208420668460933914736575353792636055752251780277989982624268939247965316352032902605804190037285301907091865443511872780909337358499977323070554945362491120558481062474374010441479208921758922607624477388728235833881085870080.000000,0.000000,0.000000,0.000000
19.144733,767217925266335522519883445024076189285011550871142232477027495248711373983247735610388702049736613087710340681310587522844892777576906362265240880995955409648802515137759691563363653616862712159688752916061815970988032.000000,2183939385730308635208420668460933914736575353792636055752251780277989982624268939247965316352032902605804190037285301907091865443511872780909337358499977323070554945362491120558481062474374010441479208921758922607624477388728235833881085870080.000000,-0.257375,767217925266335522519883445024076189285011550871142232477027495248711373983247735610388702049736613087710340681310587522844892777576906362265240880995955409648802515137759691563363653616862712159688752916061815970988032.000000,2183939385730308635208420668460933914736575353792636055752251780277989982624268939247965316352032902605804190037285301907091865443511872780909337358499977323070554945362491120558481062474374010441479208921758922607624477388728235833881085870080.000000,0.000000,0.000000,0.000000
19.178158,767217925266335522519883445024076189285011550871142232477027495248711373983247735610388702049736613087710340681310587522844892777576906362265240880995955409648802515137759691563363653616862712159688752916061815970988032.000000,2183939385730308635208420668460933914736575353792636055752251780277989982624268939247965316352032902605804190037285301907091865443511872780909337358499977323070554945362491120558481062474374010441479208921758922607624477388728235833881085870080.000000,-0.257375,767217925266335522519883445024076189285011550871142232477027495248711373983247735610388702049736613087710340681310587522844892777576906362265240880995955409648802515137759691563363653616862712159688752916061815970988032.000000,2183939385730308635208420668460933914736575353792636055752251780277989982624268939247965316352032902605804190037285301907091865443511872780909337358499977323070554945362491120558481062474374010441479208921758922607624477388728235833881085870080.000000,0.000000,0.000000,0.000000
19.211538,767217925266335522519883445024076189285011550871142232477027495248711373983247735610388702049736613087710340681310587522844892777576906362265240880995955409648802515137759691563363653616862712159688752916061815970988032.000000,2183939385730308635208420668460933914736575353792636055752251780277989982624268939247965316352032902605804190037285301907091865443511872780909337358499977323070554945362491120558481062474374010441479208921758922607624477388728235833881085870080.000000,-0.257375,767217925266335522519883445024076189285011550871142232477027495248711373983247735610388702049736613087710340681310587522844892777576906362265240880995955409648802515137759691563363653616862712159688752916061815970988032.000000,2183939385730308635208420668460933914736575353792636055752251780277989982624268939247965316352032902605804190037285301907091865443511872780909337358499977323070554945362491120558481062474374010441479208921758922607624477388728235833881085870080.000000,0.000000,0.000000,0.000000
19.246760,767217925266335522519883445024076189285011550871142232477027495248711373983247735610388702049736613087710340681310587522844892777576906362265240880995955409648802515137759691563363653616862712159688752916061815970988032.000000,2183939385730308635208420668460933914736575353792636055752251780277989982624268939247965316352032902605804190037285301907091865443511872780909337358499977323070554945362491120558481062474374010441479208921758922607624477388728235833881085870080.000000,-0.257375,767217925266335522519883445024076189285011550871142232477027495248711373983247735610388702049736613087710340681310587522844892777576906362265240880995955409648802515137759691563363653616862712159688752916061815970988032.000000,2183939385730308635208420668460933914736575353792636055752251780277989982624268939247965316352032902605804190037285301907091865443511872780909337358499977323070554945362491120558481062474374010441479208921758922607624477388728235833881085870080.000000,0.000000,0.000000,0.000000
19.279085,767217925266335522519883445024076189285011550871142232477027495248711373983247735610388702049736613087710340681310587522844892777576906362265240880995955409648802515137759691563363653616862712159688752916061815970988032.000000,2183939385730308635208420668460933914736575353792636055752251780277989982624268939247965316352032902605804190037285301907091865443511872780909337358499977323070554945362491120558481062474374010441479208921758922607624477388728235833881085870080.000000,-0.257375,767217925266335522519883445024076189285011550871142232477027495248711373983247735610388702049736613087710340681310587522844892777576906362265240880995955409648802515137759691563363653616862712159688752916061815970988032.000000,2183939385730308635208420668460933914736575353792636055752251780277989982624268939247965316352032902605804190037285301907091865443511872780909337358499977323070554945362491120558481062474374010441479208921758922607624477388728235833881085870080.000000,0.000000,0.000000,0.000000
19.311900,767217925266335522519883445024076189285011550871142232477027495248711373983247735610388702049736613087710340681310587522844892777576906362265240880995955409648802515137759691563363653616862712159688752916061815970988032.000000,2183939385730308635208420668460933914736575353792636055752251780277989982624268939247965316352032902605804190037285301907091865443511872780909337358499977323070554945362491120558481062474374010441479208921758922607624477388728235833881085870080.000000,-0.257375,767217925266335522519883445024076189285011550871142232477027495248711373983247735610388702049736613087710340681310587522844892777576906362265240880995955409648802515137759691563363653616862712159688752916061815970988032.000000,2183939385730308635208420668460933914736575353792636055752251780277989982624268939247965316352032902605804190037285301907091865443511872780909337358499977323070554945362491120558481062474374010441479208921758922607624477388728235833881085870080.000000,0.000000,0.000000,0.000000
19.345056,767217925266335522519883445024076189285011550871142232477027495248711373983247735610388702049736613087710340681310587522844892777576906362265240880995955409648802515137759691563363653616862712159688752916061815970988032.000000,2183939385730308635208420668460933914736575353792636055752251780277989982624268939247965316352032902605804190037285301907091865443511872780909337358499977323070554945362491120558481062474374010441479208921758922607624477388728235833881085870080.000000,-0.257375,767217925266335522519883445024076189285011550871142232477027495248711373983247735610388702049736613087710340681310587522844892777576906362265240880995955409648802515137759691563363653616862712159688752916061815970988032.000000,2183939385730308635208420668460933914736575353792636055752251780277989982624268939247965316352032902605804190037285301907091865443511872780909337358499977323070554945362491120558481062474374010441479208921758922607624477388728235833881085870080.000000,0.000000,0.000000,0.000000
19.378458,767217925266335522519883445024076189285011550871142232477027495248711373983247735610388702049736613087710340681310587522844892777576906362265240880995955409648802515137759691563363653616862712159688752916061815970988032.000000,2183939385730308635208420668460933914736575353792636055752251780277989982624268939247965316352032902605804190037285301907091865443511872780909337358499977323070554945362491120558481062474374010441479208921758922607624477388728235833881085870080.000000,-0.257375,767217925266335522519883445024076189285011550871142232477027495248711373983247735610388702049736613087710340681310587522844892777576906362265240880995955409648802515137759691563363653616862712159688752916061815970988032.000000,2183939385730308635208420668460933914736575353792636055752251780277989982624268939247965316352032902605804190037285301907091865443511872780909337358499977323070554945362491120558481062474374010441479208921758922607624477388728235833881085870080.000000,0.000000,0.000000,0.000000
19.412209,767217925266335522519883445024076189285011550871142232477027495248711373983247735610388702049736613087710340681310587522844892777576906362265240880995955409648802515137759691563363653616862712159688752916061815970988032.000000,2183939385730308635208420668460933914736575353792636055752251780277989982624268939247965316352032902605804190037285301907091865443511872780909337358499977323070554945362491120558481062474374010441479208921758922607624477388728235833881085870080.000000,-0.257375,767217925266335522519883445024076189285011550871142232477027495248711373983247735610388702049736613087710340681310587522844892777576906362265240880995955409648802515137759691563363653616862712159688752916061815970988032.000000,2183939385730308635208420668460933914736575353792636055752251780277989982624268939247965316352032902605804190037285301907091865443511872780909337358499977323070554945362491120558481062474374010441479208921758922607624477388728235833881085870080.000000,0.000000,0.000000,0.000000
19.445018,767217925266335522519883445024076189285011550871142232477027495248711373983247735610388702049736613087710340681310587522844892777576906362265240880995955409648802515137759691563363653616862712159688752916061815970988032.000000,2183939385730308635208420668460933914736575353792636055752251780277989982624268939247965316352032902605804190037285301907091865443511872780909337358499977323070554945362491120558481062474374010441479208921758922607624477388728235833881085870080.000000,-0.257375,767217925266335522519883445024076189285011550871142232477027495248711373983247735610388702049736613087710340681310587522844892777576906362265240880995955409648802515137759691563363653616862712159688752916061815970988032.000000,2183939385730308635208420668460933914736575353792636055752251780277989982624268939247965316352032902605804190037285301907091865443511872780909337358499977323070554945362491120558481062474374010441479208921758922607624477388728235833881085870080.000000,0.000000,0.000000,0.000000
19.478258,767217925266335522519883445024076189285011550871142232477027495248711373983247735610388702049736613087710340681310587522844892777576906362265240880995955409648802515137759691563363653616862712159688752916061815970988032.000000,2183939385730308635208420668460933914736575353792636055752251780277989982624268939247965316352032902605804190037285301907091865443511872780909337358499977323070554945362491120558481062474374010441479208921758922607624477388728235833881085870080.000000,-0.257375,767217925266335522519883445024076189285011550871142232477027495248711373983247735610388702049736613087710340681310587522844892777576906362265240880995955409648802515137759691563363653616862712159688752916061815970988032.000000,2183939385730308635208420668460933914736575353792636055752251780277989982624268939247965316352032902605804190037285301907091865443511872780909337358499977323070554945362491120558481062474374010441479208921758922607624477388728235833881085870080.000000,0.000000,0.000000,0.000000
19.511423,767217925266335522519883445024076189285011550871142232477027495248711373983247735610388702049736613087710340681310587522844892777576906362265240880995955409648802515137759691563363653616862712159688752916061815970988032.000000,2183939385730308635208420668460933914736575353792636055752251780277989982624268939247965316352032902605804190037285301907091865443511872780909337358499977323070554945362491120558481062474374010441479208921758922607624477388728235833881085870080.000000,-0.257375,767217925266335522519883445024076189285011550871142232477027495248711373983247735610388702049736613087710340681310587522844892777576906362265240880995955409648802515137759691563363653616862712159688752916061815970988032.000000,2183939385730308635208420668460933914736575353792636055752251780277989982624268939247965316352032902605804190037285301907091865443511872780909337358499977323070554945362491120558481062474374010441479208921758922607624477388728235833881085870080.000000,0.000000,0.000000,0.000000
19.544856,767217925266335522519883445024076189285011550871142232477027495248711373983247735610388702049736613087710340681310587522844892777576906362265240880995955409648802515137759691563363653616862712159688752916061815970988032.000000,2183939385730308635208420668460933914736575353792636055752251780277989982624268939247965316352032902605804190037285301907091865443511872780909337358499977323070554945362491120558481062474374010441479208921758922607624477388728235833881085870080.000000,-0.257375,767217925266335522519883445024076189285011550871142232477027495248711373983247735610388702049736613087710340681310587522844892777576906362265240880995955409648802515137759691563363653616862712159688752916061815970988032.000000,2183939385730308635208420668460933914736575353792636055752251780277989982624268939247965316352032902605804190037285301907091865443511872780909337358499977323070554945362491120558481062474374010441479208921758922607624477388728235833881085870080.000000,0.000000,0.000000,0.000000
19.578158,767217925266335522519883445024076189285011550871142232477027495248711373983247735610388702049736613087710340681310587522844892777576906362265240880995955409648802515137759691563363653616862712159688752916061815970988032.000000,2183939385730308635208420668460933914736575353792636055752251780277989982624268939247965316352032902605804190037285301907091865443511872780909337358499977323070554945362491120558481062474374010441479208921758922607624477388728235833881085870080.000000,-0.257375,767217925266335522519883445024076189285011550871142232477027495248711373983247735610388702049736613087710340681310587522844892777576906362265240880995955409648802515137759691563363653616862712159688752916061815970988032.000000,2183939385730308635208420668460933914736575353792636055752251780277989982624268939247965316352032902605804190037285301907091865443511872780909337358499977323070554945362491120558481062474374010441479208921758922607624477388728235833881085870080.000000,0.000000,0.000000,0.000000
19.611402,767217925266335522519883445024076189285011550871142232477027495248711373983247735610388702049736613087710340681310587522844892777576906362265240880995955409648802515137759691563363653616862712159688752916061815970988032.000000,2183939385730308635208420668460933914736575353792636055752251780277989982624268939247965316352032902605804190037285301907091865443511872780909337358499977323070554945362491120558481062474374010441479208921758922607624477388728235833881085870080.000000,-0.257375,767217925266335522519883445024076189285011550871142232477027495248711373983247735610388702049736613087710340681310587522844892777576906362265240880995955409648802515137759691563363653616862712159688752916061815970988032.000000,2183939385730308635208420668460933914736575353792636055752251780277989982624268939247965316352032902605804190037285301907091865443511872780909337358499977323070554945362491120558481062474374010441479208921758922607624477388728235833881085870080.000000,0.000000,0.000000,0.000000
19.647406,767217925266335522519883445024076189285011550871142232477027495248711373983247735610388702049736613087710340681310587522844892777576906362265240880995955409648802515137759691563363653616862712159688752916061815970988032.000000,2183939385730308635208420668460933914736575353792636055752251780277989982624268939247965316352032902605804190037285301907091865443511872780909337358499977323070554945362491120558481062474374010441479208921758922607624477388728235833881085870080.000000,-0.257375,767217925266335522519883445024076189285011550871142232477027495248711373983247735610388702049736613087710340681310587522844892777576906362265240880995955409648802515137759691563363653616862712159688752916061815970988032.000000,2183939385730308635208420668460933914736575353792636055752251780277989982624268939247965316352032902605804190037285301907091865443511872780909337358499977323070554945362491120558481062474374010441479208921758922607624477388728235833881085870080.000000,0.000000,0.000000,0.000000
19.678912,767217925266335522519883445024076189285011550871142232477027495248711373983247735610388702049736613087710340681310587522844892777576906362265240880995955409648802515137759691563363653616862712159688752916061815970988032.000000,2183939385730308635208420668460933914736575353792636055752251780277989982624268939247965316352032902605804190037285301907091865443511872780909337358499977323070554945362491120558481062474374010441479208921758922607624477388728235833881085870080.000000,-0.257375,767217925266335522519883445024076189285011550871142232477027495248711373983247735610388702049736613087710340681310587522844892777576906362265240880995955409648802515137759691563363653616862712159688752916061815970988032.000000,2183939385730308635208420668460933914736575353792636055752251780277989982624268939247965316352032902605804190037285301907091865443511872780909337358499977323070554945362491120558481062474374010441479208921758922607624477388728235833881085870080.000000,0.000000,0.000000,0.000000
19.711860,767217925266335522519883445024076189285011550871142232477027495248711373983247735610388702049736613087710340681310587522844892777576906362265240880995955409648802515137759691563363653616862712159688752916061815970988032.000000,2183939385730308635208420668460933914736575353792636055752251780277989982624268939247965316352032902605804190037285301907091865443511872780909337358499977323070554945362491120558481062474374010441479208921758922607624477388728235833881085870080.000000,-0.257375,767217925266335522519883445024076189285011550871142232477027495248711373983247735610388702049736613087710340681310587522844892777576906362265240880995955409648802515137759691563363653616862712159688752916061815970988032.000000,2183939385730308635208420668460933914736575353792636055752251780277989982624268939247965316352032902605804190037285301907091865443511872780909337358499977323070554945362491120558481062474374010441479208921758922607624477388728235833881085870080.000000,0.000000,0.000000,0.000000
19.745050,767217925266335522519883445024076189285011550871142232477027495248711373983247735610388702049736613087710340681310587522844892777576906362265240880995955409648802515137759691563363653616862712159688752916061815970988032.000000,2183939385730308635208420668460933914736575353792636055752251780277989982624268939247965316352032902605804190037285301907091865443511872780909337358499977323070554945362491120558481062474374010441479208921758922607624477388728235833881085870080.000000,-0.257375,767217925266335522519883445024076189285011550871142232477027495248711373983247735610388702049736613087710340681310587522844892777576906362265240880995955409648802515137759691563363653616862712159688752916061815970988032.000000,2183939385730308635208420668460933914736575353792636055752251780277989982624268939247965316352032902605804190037285301907091865443511872780909337358499977323070554945362491120558481062474374010441479208921758922607624477388728235833881085870080.000000,0.000000,0.000000,0.000000
19.778211,767217925266335522519883445024076189285011550871142232477027495248711373983247735610388702049736613087710340681310587522844892777576906362265240880995955409648802515137759691563363653616862712159688752916061815970988032.000000,2183939385730308635208420668460933914736575353792636055752251780277989982624268939247965316352032902605804190037285301907091865443511872780909337358499977323070554945362491120558481062474374010441479208921758922607624477388728235833881085870080.000000,-0.257375,767217925266335522519883445024076189285011550871142232477027495248711373983247735610388702049736613087710340681310587522844892777576906362265240880995955409648802515137759691563363653616862712159688752916061815970988032.000000,2183939385730308635208420668460933914736575353792636055752251780277989982624268939247965316352032902605804190037285301907091865443511872780909337358499977323070554945362491120558481062474374010441479208921758922607624477388728235833881085870080.000000,0.000000,0.000000,0.000000
19.811563,767217925266335522519883445024076189285011550871142232477027495248711373983247735610388702049736613087710340681310587522844892777576906362265240880995955409648802515137759691563363653616862712159688752916061815970988032.000000,2183939385730308635208420668460933914736575353792636055752251780277989982624268939247965316352032902605804190037285301907091865443511872780909337358499977323070554945362491120558481062474374010441479208921758922607624477388728235833881085870080.000000,-0.257375,767217925266335522519883445024076189285011550871142232477027495248711373983247735610388702049736613087710340681310587522844892777576906362265240880995955409648802515137759691563363653616862712159688752916061815970988032.000000,2183939385730308635208420668460933914736575353792636055752251780277989982624268939247965316352032902605804190037285301907091865443511872780909337358499977323070554945362491120558481062474374010441479208921758922607624477388728235833881085870080.000000,0.000000,0.000000,0.000000
19.844729,767217925266335522519883445024076189285011550871142232477027495248711373983247735610388702049736613087710340681310587522844892777576906362265240880995955409648802515137759691563363653616862712159688752916061815970988032.000000,2183939385730308635208420668460933914736575353792636055752251780277989982624268939247965316352032902605804190037285301907091865443511872780909337358499977323070554945362491120558481062474374010441479208921758922607624477388728235833881085870080.000000,-0.257375,767217925266335522519883445024076189285011550871142232477027495248711373983247735610388702049736613087710340681310587522844892777576906362265240880995955409648802515137759691563363653616862712159688752916061815970988032.000000,2183939385730308635208420668460933914736575353792636055752251780277989982624268939247965316352032902605804190037285301907091865443511872780909337358499977323070554945362491120558481062474374010441479208921758922607624477388728235833881085870080.000000,0.000000,0.000000,0.000000
19.878143,767217925266335522519883445024076189285011550871142232477027495248711373983247735610388702049736613087710340681310587522844892777576906362265240880995955409648802515137759691563363653616862712159688752916061815970988032.000000,2183939385730308635208420668460933914736575353792636055752251780277989982624268939247965316352032902605804190037285301907091865443511872780909337358499977323070554945362491120558481062474374010441479208921758922607624477388728235833881085870080.000000,-0.257375,767217925266335522519883445024076189285011550871142232477027495248711373983247735610388702049736613087710340681310587522844892777576906362265240880995955409648802515137759691563363653616862712159688752916061815970988032.000000,2183939385730308635208420668460933914736575353792636055752251780277989982624268939247965316352032902605804190037285301907091865443511872780909337358499977323070554945362491120558481062474374010441479208921758922607624477388728235833881085870080.000000,0.000000,0.000000,0.000000
19.911571,767217925266335522519883445024076189285011550871142232477027495248711373983247735610388702049736613087710340681310587522844892777576906362265240880995955409648802515137759691563363653616862712159688752916061815970988032.000000,2183939385730308635208420668460933914736575353792636055752251780277989982624268939247965316352032902605804190037285301907091865443511872780909337358499977323070554945362491120558481062474374010441479208921758922607624477388728235833881085870080.000000,-0.257375,767217925266335522519883445024076189285011550871142232477027495248711373983247735610388702049736613087710340681310587522844892777576906362265240880995955409648802515137759691563363653616862712159688752916061815970988032.000000,2183939385730308635208420668460933914736575353792636055752251780277989982624268939247965316352032902605804190037285301907091865443511872780909337358499977323070554945362491120558481062474374010441479208921758922607624477388728235833881085870080.000000,0.000000,0.000000,0.000000
19.945715,767217925266335522519883445024076189285011550871142232477027495248711373983247735610388702049736613087710340681310587522844892777576906362265240880995955409648802515137759691563363653616862712159688752916061815970988032.000000,2183939385730308635208420668460933914736575353792636055752251780277989982624268939247965316352032902605804190037285301907091865443511872780909337358499977323070554945362491120558481062474374010441479208921758922607624477388728235833881085870080.000000,-0.257375,767217925266335522519883445024076189285011550871142232477027495248711373983247735610388702049736613087710340681310587522844892777576906362265240880995955409648802515137759691563363653616862712159688752916061815970988032.000000,2183939385730308635208420668460933914736575353792636055752251780277989982624268939247965316352032902605804190037285301907091865443511872780909337358499977323070554945362491120558481062474374010441479208921758922607624477388728235833881085870080.000000,0.000000,0.000000,0.000000
19.999782,767217925266335522519883445024076189285011550871142232477027495248711373983247735610388702049736613087710340681310587522844892777576906362265240880995955409648802515137759691563363653616862712159688752916061815970988032.000000,2183939385730308635208420668460933914736575353792636055752251780277989982624268939247965316352032902605804190037285301907091865443511872780909337358499977323070554945362491120558481062474374010441479208921758922607624477388728235833881085870080.000000,-0.257375,767217925266335522519883445024076189285011550871142232477027495248711373983247735610388702049736613087710340681310587522844892777576906362265240880995955409648802515137759691563363653616862712159688752916061815970988032.000000,2183939385730308635208420668460933914736575353792636055752251780277989982624268939247965316352032902605804190037285301907091865443511872780909337358499977323070554945362491120558481062474374010441479208921758922607624477388728235833881085870080.000000,0.000000,0.000000,0.000000
20.011344,767217925266335522519883445024076189285011550871142232477027495248711373983247735610388702049736613087710340681310587522844892777576906362265240880995955409648802515137759691563363653616862712159688752916061815970988032.000000,2183939385730308635208420668460933914736575353792636055752251780277989982624268939247965316352032902605804190037285301907091865443511872780909337358499977323070554945362491120558481062474374010441479208921758922607624477388728235833881085870080.000000,-0.257375,767217925266335522519883445024076189285011550871142232477027495248711373983247735610388702049736613087710340681310587522844892777576906362265240880995955409648802515137759691563363653616862712159688752916061815970988032.000000,2183939385730308635208420668460933914736575353792636055752251780277989982624268939247965316352032902605804190037285301907091865443511872780909337358499977323070554945362491120558481062474374010441479208921758922607624477388728235833881085870080.000000,0.000000,0.000000,0.000000
20.044836,767217925266335522519883445024076189285011550871142232477027495248711373983247735610388702049736613087710340681310587522844892777576906362265240880995955409648802515137759691563363653616862712159688752916061815970988032.000000,2183939385730308635208420668460933914736575353792636055752251780277989982624268939247965316352032902605804190037285301907091865443511872780909337358499977323070554945362491120558481062474374010441479208921758922607624477388728235833881085870080.000000,-0.257375,767217925266335522519883445024076189285011550871142232477027495248711373983247735610388702049736613087710340681310587522844892777576906362265240880995955409648802515137759691563363653616862712159688752916061815970988032.000000,2183939385730308635208420668460933914736575353792636055752251780277989982624268939247965316352032902605804190037285301907091865443511872780909337358499977323070554945362491120558481062474374010441479208921758922607624477388728235833881085870080.000000,0.000000,0.000000,0.000000
20.078199,767217925266335522519883445024076189285011550871142232477027495248711373983247735610388702049736613087710340681310587522844892777576906362265240880995955409648802515137759691563363653616862712159688752916061815970988032.000000,2183939385730308635208420668460933914736575353792636055752251780277989982624268939247965316352032902605804190037285301907091865443511872780909337358499977323070554945362491120558481062474374010441479208921758922607624477388728235833881085870080.000000,-0.257375,767217925266335522519883445024076189285011550871142232477027495248711373983247735610388702049736613087710340681310587522844892777576906362265240880995955409648802515137759691563363653616862712159688752916061815970988032.000000,2183939385730308635208420668460933914736575353792636055752251780277989982624268939247965316352032902605804190037285301907091865443511872780909337358499977323070554945362491120558481062474374010441479208921758922607624477388728235833881085870080.000000,0.000000,0.000000,0.000000
20.111409,767217925266335522519883445024076189285011550871142232477027495248711373983247735610388702049736613087710340681310587522844892777576906362265240880995955409648802515137759691563363653616862712159688752916061815970988032.000000,2183939385730308635208420668460933914736575353792636055752251780277989982624268939247965316352032902605804190037285301907091865443511872780909337358499977323070554945362491120558481062474374010441479208921758922607624477388728235833881085870080.000000,-0.257375,767217925266335522519883445024076189285011550871142232477027495248711373983247735610388702049736613087710340681310587522844892777576906362265240880995955409648802515137759691563363653616862712159688752916061815970988032.000000,2183939385730308635208420668460933914736575353792636055752251780277989982624268939247965316352032902605804190037285301907091865443511872780909337358499977323070554945362491120558481062474374010441479208921758922607624477388728235833881085870080.000000,0.000000,0.000000,0.000000
20.144792,767217925266335522519883445024076189285011550871142232477027495248711373983247735610388702049736613087710340681310587522844892777576906362265240880995955409648802515137759691563363653616862712159688752916061815970988032.000000,2183939385730308635208420668460933914736575353792636055752251780277989982624268939247965316352032902605804190037285301907091865443511872780909337358499977323070554945362491120558481062474374010441479208921758922607624477388728235833881085870080.000000,-0.257375,767217925266335522519883445024076189285011550871142232477027495248711373983247735610388702049736613087710340681310587522844892777576906362265240880995955409648802515137759691563363653616862712159688752916061815970988032.000000,2183939385730308635208420668460933914736575353792636055752251780277989982624268939247965316352032902605804190037285301907091865443511872780909337358499977323070554945362491120558481062474374010441479208921758922607624477388728235833881085870080.000000,0.000000,0.000000,0.000000
20.178039,767217925266335522519883445024076189285011550871142232477027495248711373983247735610388702049736613087710340681310587522844892777576906362265240880995955409648802515137759691563363653616862712159688752916061815970988032.000000,2183939385730308635208420668460933914736575353792636055752251780277989982624268939247965316352032902605804190037285301907091865443511872780909337358499977323070554945362491120558481062474374010441479208921758922607624477388728235833881085870080.000000,-0.257375,767217925266335522519883445024076189285011550871142232477027495248711373983247735610388702049736613087710340681310587522844892777576906362265240880995955409648802515137759691563363653616862712159688752916061815970988032.000000,2183939385730308635208420668460933914736575353792636055752251780277989982624268939247965316352032902605804190037285301907091865443511872780909337358499977323070554945362491120558481062474374010441479208921758922607624477388728235833881085870080.000000,0.000000,0.000000,0.000000
20.211466,767217925266335522519883445024076189285011550871142232477027495248711373983247735610388702049736613087710340681310587522844892777576906362265240880995955409648802515137759691563363653616862712159688752916061815970988032.000000,2183939385730308635208420668460933914736575353792636055752251780277989982624268939247965316352032902605804190037285301907091865443511872780909337358499977323070554945362491120558481062474374010441479208921758922607624477388728235833881085870080.000000,-0.257375,767217925266335522519883445024076189285011550871142232477027495248711373983247735610388702049736613087710340681310587522844892777576906362265240880995955409648802515137759691563363653616862712159688752916061815970988032.000000,2183939385730308635208420668460933914736575353792636055752251780277989982624268939247965316352032902605804190037285301907091865443511872780909337358499977323070554945362491120558481062474374010441479208921758922607624477388728235833881085870080.000000,0.000000,0.000000,0.000000
20.244791,767217925266335522519883445024076189285011550871142232477027495248711373983247735610388702049736613087710340681310587522844892777576906362265240880995955409648802515137759691563363653616862712159688752916061815970988032.000000,2183939385730308635208420668460933914736575353792636055752251780277989982624268939247965316352032902605804190037285301907091865443511872780909337358499977323070554945362491120558481062474374010441479208921758922607624477388728235833881085870080.000000,-0.257375,767217925266335522519883445024076189285011550871142232477027495248711373983247735610388702049736613087710340681310587522844892777576906362265240880995955409648802515137759691563363653616862712159688752916061815970988032.000000,2183939385730308635208420668460933914736575353792636055752251780277989982624268939247965316352032902605804190037285301907091865443511872780909337358499977323070554945362491120558481062474374010441479208921758922607624477388728235833881085870080.000000,0.000000,0.000000,0.000000
20.278514,767217925266335522519883445024076189285011550871142232477027495248711373983247735610388702049736613087710340681310587522844892777576906362265240880995955409648802515137759691563363653616862712159688752916061815970988032.000000,2183939385730308635208420668460933914736575353792636055752251780277989982624268939247965316352032902605804190037285301907091865443511872780909337358499977323070554945362491120558481062474374010441479208921758922607624477388728235833881085870080.000000,-0.257375,767217925266335522519883445024076189285011550871142232477027495248711373983247735610388702049736613087710340681310587522844892777576906362265240880995955409648802515137759691563363653616862712159688752916061815970988032.000000,2183939385730308635208420668460933914736575353792636055752251780277989982624268939247965316352032902605804190037285301907091865443511872780909337358499977323070554945362491120558481062474374010441479208921758922607624477388728235833881085870080.000000,0.000000,0.000000,0.000000
20.311742,767217925266335522519883445024076189285011550871142232477027495248711373983247735610388702049736613087710340681310587522844892777576906362265240880995955409648802515137759691563363653616862712159688752916061815970988032.000000,2183939385730308635208420668460933914736575353792636055752251780277989982624268939247965316352032902605804190037285301907091865443511872780909337358499977323070554945362491120558481062474374010441479208921758922607624477388728235833881085870080.000000,-0.257375,767217925266335522519883445024076189285011550871142232477027495248711373983247735610388702049736613087710340681310587522844892777576906362265240880995955409648802515137759691563363653616862712159688752916061815970988032.000000,2183939385730308635208420668460933914736575353792636055752251780277989982624268939247965316352032902605804190037285301907091865443511872780909337358499977323070554945362491120558481062474374010441479208921758922607624477388728235833881085870080.000000,0.000000,0.000000,0.000000
20.348416,767217925266335522519883445024076189285011550871142232477027495248711373983247735610388702049736613087710340681310587522844892777576906362265240880995955409648802515137759691563363653616862712159688752916061815970988032.000000,2183939385730308635208420668460933914736575353792636055752251780277989982624268939247965316352032902605804190037285301907091865443511872780909337358499977323070554945362491120558481062474374010441479208921758922607624477388728235833881085870080.000000,-0.257375,767217925266335522519883445024076189285011550871142232477027495248711373983247735610388702049736613087710340681310587522844892777576906362265240880995955409648802515137759691563363653616862712159688752916061815970988032.000000,2183939385730308635208420668460933914736575353792636055752251780277989982624268939247965316352032902605804190037285301907091865443511872780909337358499977323070554945362491120558481062474374010441479208921758922607624477388728235833881085870080.000000,0.000000,0.000000,0.000000
20.380386,767217925266335522519883445024076189285011550871142232477027495248711373983247735610388702049736613087710340681310587522844892777576906362265240880995955409648802515137759691563363653616862712159688752916061815970988032.000000,2183939385730308635208420668460933914736575353792636055752251780277989982624268939247965316352032902605804190037285301907091865443511872780909337358499977323070554945362491120558481062474374010441479208921758922607624477388728235833881085870080.000000,-0.257375,767217925266335522519883445024076189285011550871142232477027495248711373983247735610388702049736613087710340681310587522844892777576906362265240880995955409648802515137759691563363653616862712159688752916061815970988032.000000,2183939385730308635208420668460933914736575353792636055752251780277989982624268939247965316352032902605804190037285301907091865443511872780909337358499977323070554945362491120558481062474374010441479208921758922607624477388728235833881085870080.000000,0.000000,0.000000,0.000000
20.412020,767217925266335522519883445024076189285011550871142232477027495248711373983247735610388702049736613087710340681310587522844892777576906362265240880995955409648802515137759691563363653616862712159688752916061815970988032.000000,2183939385730308635208420668460933914736575353792636055752251780277989982624268939247965316352032902605804190037285301907091865443511872780909337358499977323070554945362491120558481062474374010441479208921758922607624477388728235833881085870080.000000,-0.257375,767217925266335522519883445024076189285011550871142232477027495248711373983247735610388702049736613087710340681310587522844892777576906362265240880995955409648802515137759691563363653616862712159688752916061815970988032.000000,2183939385730308635208420668460933914736575353792636055752251780277989982624268939247965316352032902605804190037285301907091865443511872780909337358499977323070554945362491120558481062474374010441479208921758922607624477388728235833881085870080.000000,0.000000,0.000000,0.000000
20.444998,767217925266335522519883445024076189285011550871142232477027495248711373983247735610388702049736613087710340681310587522844892777576906362265240880995955409648802515137759691563363653616862712159688752916061815970988032.000000,2183939385730308635208420668460933914736575353792636055752251780277989982624268939247965316352032902605804190037285301907091865443511872780909337358499977323070554945362491120558481062474374010441479208921758922607624477388728235833881085870080.000000,-0.257375,767217925266335522519883445024076189285011550871142232477027495248711373983247735610388702049736613087710340681310587522844892777576906362265240880995955409648802515137759691563363653616862712159688752916061815970988032.000000,2183939385730308635208420668460933914736575353792636055752251780277989982624268939247965316352032902605804190037285301907091865443511872780909337358499977323070554945362491120558481062474374010441479208921758922607624477388728235833881085870080.000000,0.000000,0.000000,0.000000
20.478870,767217925266335522519883445024076189285011550871142232477027495248711373983247735610388702049736613087710340681310587522844892777576906362265240880995955409648802515137759691563363653616862712159688752916061815970988032.000000,2183939385730308635208420668460933914736575353792636055752251780277989982624268939247965316352032902605804190037285301907091865443511872780909337358499977323070554945362491120558481062474374010441479208921758922607624477388728235833881085870080.000000,-0.257375,767217925266335522519883445024076189285011550871142232477027495248711373983247735610388702049736613087710340681310587522844892777576906362265240880995955409648802515137759691563363653616862712159688752916061815970988032.000000,2183939385730308635208420668460933914736575353792636055752251780277989982624268939247965316352032902605804190037285301907091865443511872780909337358499977323070554945362491120558481062474374010441479208921758922607624477388728235833881085870080.000000,0.000000,0.000000,0.000000
20.511664,767217925266335522519883445024076189285011550871142232477027495248711373983247735610388702049736613087710340681310587522844892777576906362265240880995955409648802515137759691563363653616862712159688752916061815970988032.000000,2183939385730308635208420668460933914736575353792636055752251780277989982624268939247965316352032902605804190037285301907091865443511872780909337358499977323070554945362491120558481062474374010441479208921758922607624477388728235833881085870080.000000,-0.257375,767217925266335522519883445024076189285011550871142232477027495248711373983247735610388702049736613087710340681310587522844892777576906362265240880995955409648802515137759691563363653616862712159688752916061815970988032.000000,2183939385730308635208420668460933914736575353792636055752251780277989982624268939247965316352032902605804190037285301907091865443511872780909337358499977323070554945362491120558481062474374010441479208921758922607624477388728235833881085870080.000000,0.000000,0.000000,0.000000
20.544937,767217925266335522519883445024076189285011550871142232477027495248711373983247735610388702049736613087710340681310587522844892777576906362265240880995955409648802515137759691563363653616862712159688752916061815970988032.000000,2183939385730308635208420668460933914736575353792636055752251780277989982624268939247965316352032902605804190037285301907091865443511872780909337358499977323070554945362491120558481062474374010441479208921758922607624477388728235833881085870080.000000,-0.257375,767217925266335522519883445024076189285011550871142232477027495248711373983247735610388702049736613087710340681310587522844892777576906362265240880995955409648802515137759691563363653616862712159688752916061815970988032.000000,2183939385730308635208420668460933914736575353792636055752251780277989982624268939247965316352032902605804190037285301907091865443511872780909337358499977323070554945362491120558481062474374010441479208921758922607624477388728235833881085870080.000000,0.000000,0.000000,0.000000
20.578041,767217925266335522519883445024076189285011550871142232477027495248711373983247735610388702049736613087710340681310587522844892777576906362265240880995955409648802515137759691563363653616862712159688752916061815970988032.000000,2183939385730308635208420668460933914736575353792636055752251780277989982624268939247965316352032902605804190037285301907091865443511872780909337358499977323070554945362491120558481062474374010441479208921758922607624477388728235833881085870080.000000,-0.257375,767217925266335522519883445024076189285011550871142232477027495248711373983247735610388702049736613087710340681310587522844892777576906362265240880995955409648802515137759691563363653616862712159688752916061815970988032.000000,2183939385730308635208420668460933914736575353792636055752251780277989982624268939247965316352032902605804190037285301907091865443511872780909337358499977323070554945362491120558481062474374010441479208921758922607624477388728235833881085870080.000000,0.000000,0.000000,0.000000
20.611542,767217925266335522519883445024076189285011550871142232477027495248711373983247735610388702049736613087710340681310587522844892777576906362265240880995955409648802515137759691563363653616862712159688752916061815970988032.000000,2183939385730308635208420668460933914736575353792636055752251780277989982624268939247965316352032902605804190037285301907091865443511872780909337358499977323070554945362491120558481062474374010441479208921758922607624477388728235833881085870080.000000,-0.257375,767217925266335522519883445024076189285011550871142232477027495248711373983247735610388702049736613087710340681310587522844892777576906362265240880995955409648802515137759691563363653616862712159688752916061815970988032.000000,2183939385730308635208420668460933914736575353792636055752251780277989982624268939247965316352032902605804190037285301907091865443511872780909337358499977323070554945362491120558481062474374010441479208921758922607624477388728235833881085870080.000000,0.000000,0.000000,0.000000
20.644757,767217925266335522519883445024076189285011550871142232477027495248711373983247735610388702049736613087710340681310587522844892777576906362265240880995955409648802515137759691563363653616862712159688752916061815970988032.000000,2183939385730308635208420668460933914736575353792636055752251780277989982624268939247965316352032902605804190037285301907091865443511872780909337358499977323070554945362491120558481062474374010441479208921758922607624477388728235833881085870080.000000,-0.257375,767217925266335522519883445024076189285011550871142232477027495248711373983247735610388702049736613087710340681310587522844892777576906362265240880995955409648802515137759691563363653616862712159688752916061815970988032.000000,2183939385730308635208420668460933914736575353792636055752251780277989982624268939247965316352032902605804190037285301907091865443511872780909337358499977323070554945362491120558481062474374010441479208921758922607624477388728235833881085870080.000000,0.000000,0.000000,0.000000
20.678156,767217925266335522519883445024076189285011550871142232477027495248711373983247735610388702049736613087710340681310587522844892777576906362265240880995955409648802515137759691563363653616862712159688752916061815970988032.000000,2183939385730308635208420668460933914736575353792636055752251780277989982624268939247965316352032902605804190037285301907091865443511872780909337358499977323070554945362491120558481062474374010441479208921758922607624477388728235833881085870080.000000,-0.257375,767217925266335522519883445024076189285011550871142232477027495248711373983247735610388702049736613087710340681310587522844892777576906362265240880995955409648802515137759691563363653616862712159688752916061815970988032.000000,2183939385730308635208420668460933914736575353792636055752251780277989982624268939247965316352032902605804190037285301907091865443511872780909337358499977323070554945362491120558481062474374010441479208921758922607624477388728235833881085870080.000000,0.000000,0.000000,0.000000
20.711384,767217925266335522519883445024076189285011550871142232477027495248711373983247735610388702049736613087710340681310587522844892777576906362265240880995955409648802515137759691563363653616862712159688752916061815970988032.000000,2183939385730308635208420668460933914736575353792636055752251780277989982624268939247965316352032902605804190037285301907091865443511872780909337358499977323070554945362491120558481062474374010441479208921758922607624477388728235833881085870080.000000,-0.257375,767217925266335522519883445024076189285011550871142232477027495248711373983247735610388702049736613087710340681310587522844892777576906362265240880995955409648802515137759691563363653616862712159688752916061815970988032.000000,2183939385730308635208420668460933914736575353792636055752251780277989982624268939247965316352032902605804190037285301907091865443511872780909337358499977323070554945362491120558481062474374010441479208921758922607624477388728235833881085870080.000000,0.000000,0.000000,0.000000
20.747070,767217925266335522519883445024076189285011550871142232477027495248711373983247735610388702049736613087710340681310587522844892777576906362265240880995955409648802515137759691563363653616862712159688752916061815970988032.000000,2183939385730308635208420668460933914736575353792636055752251780277989982624268939247965316352032902605804190037285301907091865443511872780909337358499977323070554945362491120558481062474374010441479208921758922607624477388728235833881085870080.000000,-0.257375,767217925266335522519883445024076189285011550871142232477027495248711373983247735610388702049736613087710340681310587522844892777576906362265240880995955409648802515137759691563363653616862712159688752916061815970988032.000000,2183939385730308635208420668460933914736575353792636055752251780277989982624268939247965316352032902605804190037285301907091865443511872780909337358499977323070554945362491120558481062474374010441479208921758922607624477388728235833881085870080.000000,0.000000,0.000000,0.000000
20.780484,767217925266335522519883445024076189285011550871142232477027495248711373983247735610388702049736613087710340681310587522844892777576906362265240880995955409648802515137759691563363653616862712159688752916061815970988032.000000,2183939385730308635208420668460933914736575353792636055752251780277989982624268939247965316352032902605804190037285301907091865443511872780909337358499977323070554945362491120558481062474374010441479208921758922607624477388728235833881085870080.000000,-0.257375,767217925266335522519883445024076189285011550871142232477027495248711373983247735610388702049736613087710340681310587522844892777576906362265240880995955409648802515137759691563363653616862712159688752916061815970988032.000000,2183939385730308635208420668460933914736575353792636055752251780277989982624268939247965316352032902605804190037285301907091865443511872780909337358499977323070554945362491120558481062474374010441479208921758922607624477388728235833881085870080.000000,0.000000,0.000000,0.000000
20.812087,767217925266335522519883445024076189285011550871142232477027495248711373983247735610388702049736613087710340681310587522844892777576906362265240880995955409648802515137759691563363653616862712159688752916061815970988032.000000,2183939385730308635208420668460933914736575353792636055752251780277989982624268939247965316352032902605804190037285301907091865443511872780909337358499977323070554945362491120558481062474374010441479208921758922607624477388728235833881085870080.000000,-0.257375,767217925266335522519883445024076189285011550871142232477027495248711373983247735610388702049736613087710340681310587522844892777576906362265240880995955409648802515137759691563363653616862712159688752916061815970988032.000000,2183939385730308635208420668460933914736575353792636055752251780277989982624268939247965316352032902605804190037285301907091865443511872780909337358499977323070554945362491120558481062474374010441479208921758922607624477388728235833881085870080.000000,0.000000,0.000000,0.000000
20.845153,767217925266335522519883445024076189285011550871142232477027495248711373983247735610388702049736613087710340681310587522844892777576906362265240880995955409648802515137759691563363653616862712159688752916061815970988032.000000,2183939385730308635208420668460933914736575353792636055752251780277989982624268939247965316352032902605804190037285301907091865443511872780909337358499977323070554945362491120558481062474374010441479208921758922607624477388728235833881085870080.000000,-0.257375,767217925266335522519883445024076189285011550871142232477027495248711373983247735610388702049736613087710340681310587522844892777576906362265240880995955409648802515137759691563363653616862712159688752916061815970988032.000000,2183939385730308635208420668460933914736575353792636055752251780277989982624268939247965316352032902605804190037285301907091865443511872780909337358499977323070554945362491120558481062474374010441479208921758922607624477388728235833881085870080.000000,0.000000,0.000000,0.000000
20.879104,767217925266335522519883445024076189285011550871142232477027495248711373983247735610388702049736613087710340681310587522844892777576906362265240880995955409648802515137759691563363653616862712159688752916061815970988032.000000,2183939385730308635208420668460933914736575353792636055752251780277989982624268939247965316352032902605804190037285301907091865443511872780909337358499977323070554945362491120558481062474374010441479208921758922607624477388728235833881085870080.000000,-0.257375,767217925266335522519883445024076189285011550871142232477027495248711373983247735610388702049736613087710340681310587522844892777576906362265240880995955409648802515137759691563363653616862712159688752916061815970988032.000000,2183939385730308635208420668460933914736575353792636055752251780277989982624268939247965316352032902605804190037285301907091865443511872780909337358499977323070554945362491120558481062474374010441479208921758922607624477388728235833881085870080.000000,0.000000,0.000000,0.000000
20.911703,767217925266335522519883445024076189285011550871142232477027495248711373983247735610388702049736613087710340681310587522844892777576906362265240880995955409648802515137759691563363653616862712159688752916061815970988032.000000,2183939385730308635208420668460933914736575353792636055752251780277989982624268939247965316352032902605804190037285301907091865443511872780909337358499977323070554945362491120558481062474374010441479208921758922607624477388728235833881085870080.000000,-0.257375,767217925266335522519883445024076189285011550871142232477027495248711373983247735610388702049736613087710340681310587522844892777576906362265240880995955409648802515137759691563363653616862712159688752916061815970988032.000000,2183939385730308635208420668460933914736575353792636055752251780277989982624268939247965316352032902605804190037285301907091865443511872780909337358499977323070554945362491120558481062474374010441479208921758922607624477388728235833881085870080.000000,0.000000,0.000000,0.000000
20.944909,767217925266335522519883445024076189285011550871142232477027495248711373983247735610388702049736613087710340681310587522844892777576906362265240880995955409648802515137759691563363653616862712159688752916061815970988032.000000,2183939385730308635208420668460933914736575353792636055752251780277989982624268939247965316352032902605804190037285301907091865443511872780909337358499977323070554945362491120558481062474374010441479208921758922607624477388728235833881085870080.000000,-0.257375,767217925266335522519883445024076189285011550871142232477027495248711373983247735610388702049736613087710340681310587522844892777576906362265240880995955409648802515137759691563363653616862712159688752916061815970988032.000000,2183939385730308635208420668460933914736575353792636055752251780277989982624268939247965316352032902605804190037285301907091865443511872780909337358499977323070554945362491120558481062474374010441479208921758922607624477388728235833881085870080.000000,0.000000,0.000000,0.000000
20.978369,767217925266335522519883445024076189285011550871142232477027495248711373983247735610388702049736613087710340681310587522844892777576906362265240880995955409648802515137759691563363653616862712159688752916061815970988032.000000,2183939385730308635208420668460933914736575353792636055752251780277989982624268939247965316352032902605804190037285301907091865443511872780909337358499977323070554945362491120558481062474374010441479208921758922607624477388728235833881085870080.000000,-0.257375,767217925266335522519883445024076189285011550871142232477027495248711373983247735610388702049736613087710340681310587522844892777576906362265240880995955409648802515137759691563363653616862712159688752916061815970988032.000000,2183939385730308635208420668460933914736575353792636055752251780277989982624268939247965316352032902605804190037285301907091865443511872780909337358499977323070554945362491120558481062474374010441479208921758922607624477388728235833881085870080.000000,0.000000,0.000000,0.000000
21.011430,767217925266335522519883445024076189285011550871142232477027495248711373983247735610388702049736613087710340681310587522844892777576906362265240880995955409648802515137759691563363653616862712159688752916061815970988032.000000,2183939385730308635208420668460933914736575353792636055752251780277989982624268939247965316352032902605804190037285301907091865443511872780909337358499977323070554945362491120558481062474374010441479208921758922607624477388728235833881085870080.000000,-0.257375,767217925266335522519883445024076189285011550871142232477027495248711373983247735610388702049736613087710340681310587522844892777576906362265240880995955409648802515137759691563363653616862712159688752916061815970988032.000000,2183939385730308635208420668460933914736575353792636055752251780277989982624268939247965316352032902605804190037285301907091865443511872780909337358499977323070554945362491120558481062474374010441479208921758922607624477388728235833881085870080.000000,0.000000,0.000000,0.000000
21.044922,767217925266335522519883445024076189285011550871142232477027495248711373983247735610388702049736613087710340681310587522844892777576906362265240880995955409648802515137759691563363653616862712159688752916061815970988032.000000,2183939385730308635208420668460933914736575353792636055752251780277989982624268939247965316352032902605804190037285301907091865443511872780909337358499977323070554945362491120558481062474374010441479208921758922607624477388728235833881085870080.000000,-0.257375,767217925266335522519883445024076189285011550871142232477027495248711373983247735610388702049736613087710340681310587522844892777576906362265240880995955409648802515137759691563363653616862712159688752916061815970988032.000000,2183939385730308635208420668460933914736575353792636055752251780277989982624268939247965316352032902605804190037285301907091865443511872780909337358499977323070554945362491120558481062474374010441479208921758922607624477388728235833881085870080.000000,0.000000,0.000000,0.000000
21.078155,767217925266335522519883445024076189285011550871142232477027495248711373983247735610388702049736613087710340681310587522844892777576906362265240880995955409648802515137759691563363653616862712159688752916061815970988032.000000,2183939385730308635208420668460933914736575353792636055752251780277989982624268939247965316352032902605804190037285301907091865443511872780909337358499977323070554945362491120558481062474374010441479208921758922607624477388728235833881085870080.000000,-0.257375,767217925266335522519883445024076189285011550871142232477027495248711373983247735610388702049736613087710340681310587522844892777576906362265240880995955409648802515137759691563363653616862712159688752916061815970988032.000000,2183939385730308635208420668460933914736575353792636055752251780277989982624268939247965316352032902605804190037285301907091865443511872780909337358499977323070554945362491120558481062474374010441479208921758922607624477388728235833881085870080.000000,0.000000,0.000000,0.000000
21.115339,767217925266335522519883445024076189285011550871142232477027495248711373983247735610388702049736613087710340681310587522844892777576906362265240880995955409648802515137759691563363653616862712159688752916061815970988032.000000,2183939385730308635208420668460933914736575353792636055752251780277989982624268939247965316352032902605804190037285301907091865443511872780909337358499977323070554945362491120558481062474374010441479208921758922607624477388728235833881085870080.000000,-0.257375,767217925266335522519883445024076189285011550871142232477027495248711373983247735610388702049736613087710340681310587522844892777576906362265240880995955409648802515137759691563363653616862712159688752916061815970988032.000000,2183939385730308635208420668460933914736575353792636055752251780277989982624268939247965316352032902605804190037285301907091865443511872780909337358499977323070554945362491120558481062474374010441479208921758922607624477388728235833881085870080.000000,0.000000,0.000000,0.000000
21.145346,767217925266335522519883445024076189285011550871142232477027495248711373983247735610388702049736613087710340681310587522844892777576906362265240880995955409648802515137759691563363653616862712159688752916061815970988032.000000,2183939385730308635208420668460933914736575353792636055752251780277989982624268939247965316352032902605804190037285301907091865443511872780909337358499977323070554945362491120558481062474374010441479208921758922607624477388728235833881085870080.000000,-0.257375,767217925266335522519883445024076189285011550871142232477027495248711373983247735610388702049736613087710340681310587522844892777576906362265240880995955409648802515137759691563363653616862712159688752916061815970988032.000000,2183939385730308635208420668460933914736575353792636055752251780277989982624268939247965316352032902605804190037285301907091865443511872780909337358499977323070554945362491120558481062474374010441479208921758922607624477388728235833881085870080.000000,0.000000,0.000000,0.000000
21.178220,767217925266335522519883445024076189285011550871142232477027495248711373983247735610388702049736613087710340681310587522844892777576906362265240880995955409648802515137759691563363653616862712159688752916061815970988032.000000,2183939385730308635208420668460933914736575353792636055752251780277989982624268939247965316352032902605804190037285301907091865443511872780909337358499977323070554945362491120558481062474374010441479208921758922607624477388728235833881085870080.000000,-0.257375,767217925266335522519883445024076189285011550871142232477027495248711373983247735610388702049736613087710340681310587522844892777576906362265240880995955409648802515137759691563363653616862712159688752916061815970988032.000000,2183939385730308635208420668460933914736575353792636055752251780277989982624268939247965316352032902605804190037285301907091865443511872780909337358499977323070554945362491120558481062474374010441479208921758922607624477388728235833881085870080.000000,0.000000,0.000000,0.000000
21.211844,767217925266335522519883445024076189285011550871142232477027495248711373983247735610388702049736613087710340681310587522844892777576906362265240880995955409648802515137759691563363653616862712159688752916061815970988032.000000,2183939385730308635208420668460933914736575353792636055752251780277989982624268939247965316352032902605804190037285301907091865443511872780909337358499977323070554945362491120558481062474374010441479208921758922607624477388728235833881085870080.000000,-0.257375,767217925266335522519883445024076189285011550871142232477027495248711373983247735610388702049736613087710340681310587522844892777576906362265240880995955409648802515137759691563363653616862712159688752916061815970988032.000000,2183939385730308635208420668460933914736575353792636055752251780277989982624268939247965316352032902605804190037285301907091865443511872780909337358499977323070554945362491120558481062474374010441479208921758922607624477388728235833881085870080.000000,0.000000,0.000000,0.000000
21.244878,767217925266335522519883445024076189285011550871142232477027495248711373983247735610388702049736613087710340681310587522844892777576906362265240880995955409648802515137759691563363653616862712159688752916061815970988032.000000,2183939385730308635208420668460933914736575353792636055752251780277989982624268939247965316352032902605804190037285301907091865443511872780909337358499977323070554945362491120558481062474374010441479208921758922607624477388728235833881085870080.000000,-0.257375,767217925266335522519883445024076189285011550871142232477027495248711373983247735610388702049736613087710340681310587522844892777576906362265240880995955409648802515137759691563363653616862712159688752916061815970988032.000000,2183939385730308635208420668460933914736575353792636055752251780277989982624268939247965316352032902605804190037285301907091865443511872780909337358499977323070554945362491120558481062474374010441479208921758922607624477388728235833881085870080.000000,0.000000,0.000000,0.000000
21.278086,767217925266335522519883445024076189285011550871142232477027495248711373983247735610388702049736613087710340681310587522844892777576906362265240880995955409648802515137759691563363653616862712159688752916061815970988032.000000,2183939385730308635208420668460933914736575353792636055752251780277989982624268939247965316352032902605804190037285301907091865443511872780909337358499977323070554945362491120558481062474374010441479208921758922607624477388728235833881085870080.000000,-0.257375,767217925266335522519883445024076189285011550871142232477027495248711373983247735610388702049736613087710340681310587522844892777576906362265240880995955409648802515137759691563363653616862712159688752916061815970988032.000000,2183939385730308635208420668460933914736575353792636055752251780277989982624268939247965316352032902605804190037285301907091865443511872780909337358499977323070554945362491120558481062474374010441479208921758922607624477388728235833881085870080.000000,0.000000,0.000000,0.000000
21.311580,767217925266335522519883445024076189285011550871142232477027495248711373983247735610388702049736613087710340681310587522844892777576906362265240880995955409648802515137759691563363653616862712159688752916061815970988032.000000,2183939385730308635208420668460933914736575353792636055752251780277989982624268939247965316352032902605804190037285301907091865443511872780909337358499977323070554945362491120558481062474374010441479208921758922607624477388728235833881085870080.000000,-0.257375,767217925266335522519883445024076189285011550871142232477027495248711373983247735610388702049736613087710340681310587522844892777576906362265240880995955409648802515137759691563363653616862712159688752916061815970988032.000000,2183939385730308635208420668460933914736575353792636055752251780277989982624268939247965316352032902605804190037285301907091865443511872780909337358499977323070554945362491120558481062474374010441479208921758922607624477388728235833881085870080.000000,0.000000,0.000000,0.000000
21.344880,767217925266335522519883445024076189285011550871142232477027495248711373983247735610388702049736613087710340681310587522844892777576906362265240880995955409648802515137759691563363653616862712159688752916061815970988032.000000,2183939385730308635208420668460933914736575353792636055752251780277989982624268939247965316352032902605804190037285301907091865443511872780909337358499977323070554945362491120558481062474374010441479208921758922607624477388728235833881085870080.000000,-0.257375,767217925266335522519883445024076189285011550871142232477027495248711373983247735610388702049736613087710340681310587522844892777576906362265240880995955409648802515137759691563363653616862712159688752916061815970988032.000000,2183939385730308635208420668460933914736575353792636055752251780277989982624268939247965316352032902605804190037285301907091865443511872780909337358499977323070554945362491120558481062474374010441479208921758922607624477388728235833881085870080.000000,0.000000,0.000000,0.000000
21.378261,767217925266335522519883445024076189285011550871142232477027495248711373983247735610388702049736613087710340681310587522844892777576906362265240880995955409648802515137759691563363653616862712159688752916061815970988032.000000,2183939385730308635208420668460933914736575353792636055752251780277989982624268939247965316352032902605804190037285301907091865443511872780909337358499977323070554945362491120558481062474374010441479208921758922607624477388728235833881085870080.000000,-0.257375,767217925266335522519883445024076189285011550871142232477027495248711373983247735610388702049736613087710340681310587522844892777576906362265240880995955409648802515137759691563363653616862712159688752916061815970988032.000000,2183939385730308635208420668460933914736575353792636055752251780277989982624268939247965316352032902605804190037285301907091865443511872780909337358499977323070554945362491120558481062474374010441479208921758922607624477388728235833881085870080.000000,0.000000,0.000000,0.000000
21.414239,767217925266335522519883445024076189285011550871142232477027495248711373983247735610388702049736613087710340681310587522844892777576906362265240880995955409648802515137759691563363653616862712159688752916061815970988032.000000,2183939385730308635208420668460933914736575353792636055752251780277989982624268939247965316352032902605804190037285301907091865443511872780909337358499977323070554945362491120558481062474374010441479208921758922607624477388728235833881085870080.000000,-0.257375,767217925266335522519883445024076189285011550871142232477027495248711373983247735610388702049736613087710340681310587522844892777576906362265240880995955409648802515137759691563363653616862712159688752916061815970988032.000000,2183939385730308635208420668460933914736575353792636055752251780277989982624268939247965316352032902605804190037285301907091865443511872780909337358499977323070554945362491120558481062474374010441479208921758922607624477388728235833881085870080.000000,0.000000,0.000000,0.000000
21.448070,767217925266335522519883445024076189285011550871142232477027495248711373983247735610388702049736613087710340681310587522844892777576906362265240880995955409648802515137759691563363653616862712159688752916061815970988032.000000,2183939385730308635208420668460933914736575353792636055752251780277989982624268939247965316352032902605804190037285301907091865443511872780909337358499977323070554945362491120558481062474374010441479208921758922607624477388728235833881085870080.000000,-0.257375,767217925266335522519883445024076189285011550871142232477027495248711373983247735610388702049736613087710340681310587522844892777576906362265240880995955409648802515137759691563363653616862712159688752916061815970988032.000000,2183939385730308635208420668460933914736575353792636055752251780277989982624268939247965316352032902605804190037285301907091865443511872780909337358499977323070554945362491120558481062474374010441479208921758922607624477388728235833881085870080.000000,0.000000,0.000000,0.000000
21.478736,767217925266335522519883445024076189285011550871142232477027495248711373983247735610388702049736613087710340681310587522844892777576906362265240880995955409648802515137759691563363653616862712159688752916061815970988032.000000,2183939385730308635208420668460933914736575353792636055752251780277989982624268939247965316352032902605804190037285301907091865443511872780909337358499977323070554945362491120558481062474374010441479208921758922607624477388728235833881085870080.000000,-0.257375,767217925266335522519883445024076189285011550871142232477027495248711373983247735610388702049736613087710340681310587522844892777576906362265240880995955409648802515137759691563363653616862712159688752916061815970988032.000000,2183939385730308635208420668460933914736575353792636055752251780277989982624268939247965316352032902605804190037285301907091865443511872780909337358499977323070554945362491120558481062474374010441479208921758922607624477388728235833881085870080.000000,0.000000,0.000000,0.000000
21.512188,767217925266335522519883445024076189285011550871142232477027495248711373983247735610388702049736613087710340681310587522844892777576906362265240880995955409648802515137759691563363653616862712159688752916061815970988032.000000,2183939385730308635208420668460933914736575353792636055752251780277989982624268939247965316352032902605804190037285301907091865443511872780909337358499977323070554945362491120558481062474374010441479208921758922607624477388728235833881085870080.000000,-0.257375,767217925266335522519883445024076189285011550871142232477027495248711373983247735610388702049736613087710340681310587522844892777576906362265240880995955409648802515137759691563363653616862712159688752916061815970988032.000000,2183939385730308635208420668460933914736575353792636055752251780277989982624268939247965316352032902605804190037285301907091865443511872780909337358499977323070554945362491120558481062474374010441479208921758922607624477388728235833881085870080.000000,0.000000,0.000000,0.000000
21.545053,767217925266335522519883445024076189285011550871142232477027495248711373983247735610388702049736613087710340681310587522844892777576906362265240880995955409648802515137759691563363653616862712159688752916061815970988032.000000,2183939385730308635208420668460933914736575353792636055752251780277989982624268939247965316352032902605804190037285301907091865443511872780909337358499977323070554945362491120558481062474374010441479208921758922607624477388728235833881085870080.000000,-0.257375,767217925266335522519883445024076189285011550871142232477027495248711373983247735610388702049736613087710340681310587522844892777576906362265240880995955409648802515137759691563363653616862712159688752916061815970988032.000000,2183939385730308635208420668460933914736575353792636055752251780277989982624268939247965316352032902605804190037285301907091865443511872780909337358499977323070554945362491120558481062474374010441479208921758922607624477388728235833881085870080.000000,0.000000,0.000000,0.000000
21.578825,767217925266335522519883445024076189285011550871142232477027495248711373983247735610388702049736613087710340681310587522844892777576906362265240880995955409648802515137759691563363653616862712159688752916061815970988032.000000,2183939385730308635208420668460933914736575353792636055752251780277989982624268939247965316352032902605804190037285301907091865443511872780909337358499977323070554945362491120558481062474374010441479208921758922607624477388728235833881085870080.000000,-0.257375,767217925266335522519883445024076189285011550871142232477027495248711373983247735610388702049736613087710340681310587522844892777576906362265240880995955409648802515137759691563363653616862712159688752916061815970988032.000000,2183939385730308635208420668460933914736575353792636055752251780277989982624268939247965316352032902605804190037285301907091865443511872780909337358499977323070554945362491120558481062474374010441479208921758922607624477388728235833881085870080.000000,0.000000,0.000000,0.000000
21.611808,767217925266335522519883445024076189285011550871142232477027495248711373983247735610388702049736613087710340681310587522844892777576906362265240880995955409648802515137759691563363653616862712159688752916061815970988032.000000,2183939385730308635208420668460933914736575353792636055752251780277989982624268939247965316352032902605804190037285301907091865443511872780909337358499977323070554945362491120558481062474374010441479208921758922607624477388728235833881085870080.000000,-0.257375,767217925266335522519883445024076189285011550871142232477027495248711373983247735610388702049736613087710340681310587522844892777576906362265240880995955409648802515137759691563363653616862712159688752916061815970988032.000000,2183939385730308635208420668460933914736575353792636055752251780277989982624268939247965316352032902605804190037285301907091865443511872780909337358499977323070554945362491120558481062474374010441479208921758922607624477388728235833881085870080.000000,0.000000,0.000000,0.000000
21.645682,767217925266335522519883445024076189285011550871142232477027495248711373983247735610388702049736613087710340681310587522844892777576906362265240880995955409648802515137759691563363653616862712159688752916061815970988032.000000,2183939385730308635208420668460933914736575353792636055752251780277989982624268939247965316352032902605804190037285301907091865443511872780909337358499977323070554945362491120558481062474374010441479208921758922607624477388728235833881085870080.000000,-0.257375,767217925266335522519883445024076189285011550871142232477027495248711373983247735610388702049736613087710340681310587522844892777576906362265240880995955409648802515137759691563363653616862712159688752916061815970988032.000000,2183939385730308635208420668460933914736575353792636055752251780277989982624268939247965316352032902605804190037285301907091865443511872780909337358499977323070554945362491120558481062474374010441479208921758922607624477388728235833881085870080.000000,0.000000,0.000000,0.000000
21.678268,767217925266335522519883445024076189285011550871142232477027495248711373983247735610388702049736613087710340681310587522844892777576906362265240880995955409648802515137759691563363653616862712159688752916061815970988032.000000,2183939385730308635208420668460933914736575353792636055752251780277989982624268939247965316352032902605804190037285301907091865443511872780909337358499977323070554945362491120558481062474374010441479208921758922607624477388728235833881085870080.000000,-0.257375,767217925266335522519883445024076189285011550871142232477027495248711373983247735610388702049736613087710340681310587522844892777576906362265240880995955409648802515137759691563363653616862712159688752916061815970988032.000000,2183939385730308635208420668460933914736575353792636055752251780277989982624268939247965316352032902605804190037285301907091865443511872780909337358499977323070554945362491120558481062474374010441479208921758922607624477388728235833881085870080.000000,0.000000,0.000000,0.000000
21.712452,767217925266335522519883445024076189285011550871142232477027495248711373983247735610388702049736613087710340681310587522844892777576906362265240880995955409648802515137759691563363653616862712159688752916061815970988032.000000,2183939385730308635208420668460933914736575353792636055752251780277989982624268939247965316352032902605804190037285301907091865443511872780909337358499977323070554945362491120558481062474374010441479208921758922607624477388728235833881085870080.000000,-0.257375,767217925266335522519883445024076189285011550871142232477027495248711373983247735610388702049736613087710340681310587522844892777576906362265240880995955409648802515137759691563363653616862712159688752916061815970988032.000000,2183939385730308635208420668460933914736575353792636055752251780277989982624268939247965316352032902605804190037285301907091865443511872780909337358499977323070554945362491120558481062474374010441479208921758922607624477388728235833881085870080.000000,0.000000,0.000000,0.000000
21.744753,767217925266335522519883445024076189285011550871142232477027495248711373983247735610388702049736613087710340681310587522844892777576906362265240880995955409648802515137759691563363653616862712159688752916061815970988032.000000,2183939385730308635208420668460933914736575353792636055752251780277989982624268939247965316352032902605804190037285301907091865443511872780909337358499977323070554945362491120558481062474374010441479208921758922607624477388728235833881085870080.000000,-0.257375,767217925266335522519883445024076189285011550871142232477027495248711373983247735610388702049736613087710340681310587522844892777576906362265240880995955409648802515137759691563363653616862712159688752916061815970988032.000000,2183939385730308635208420668460933914736575353792636055752251780277989982624268939247965316352032902605804190037285301907091865443511872780909337358499977323070554945362491120558481062474374010441479208921758922607624477388728235833881085870080.000000,0.000000,0.000000,0.000000
21.779932,767217925266335522519883445024076189285011550871142232477027495248711373983247735610388702049736613087710340681310587522844892777576906362265240880995955409648802515137759691563363653616862712159688752916061815970988032.000000,2183939385730308635208420668460933914736575353792636055752251780277989982624268939247965316352032902605804190037285301907091865443511872780909337358499977323070554945362491120558481062474374010441479208921758922607624477388728235833881085870080.000000,-0.257375,767217925266335522519883445024076189285011550871142232477027495248711373983247735610388702049736613087710340681310587522844892777576906362265240880995955409648802515137759691563363653616862712159688752916061815970988032.000000,2183939385730308635208420668460933914736575353792636055752251780277989982624268939247965316352032902605804190037285301907091865443511872780909337358499977323070554945362491120558481062474374010441479208921758922607624477388728235833881085870080.000000,0.000000,0.000000,0.000000
21.811455,767217925266335522519883445024076189285011550871142232477027495248711373983247735610388702049736613087710340681310587522844892777576906362265240880995955409648802515137759691563363653616862712159688752916061815970988032.000000,2183939385730308635208420668460933914736575353792636055752251780277989982624268939247965316352032902605804190037285301907091865443511872780909337358499977323070554945362491120558481062474374010441479208921758922607624477388728235833881085870080.000000,-0.257375,767217925266335522519883445024076189285011550871142232477027495248711373983247735610388702049736613087710340681310587522844892777576906362265240880995955409648802515137759691563363653616862712159688752916061815970988032.000000,2183939385730308635208420668460933914736575353792636055752251780277989982624268939247965316352032902605804190037285301907091865443511872780909337358499977323070554945362491120558481062474374010441479208921758922607624477388728235833881085870080.000000,0.000000,0.000000,0.000000
21.844965,767217925266335522519883445024076189285011550871142232477027495248711373983247735610388702049736613087710340681310587522844892777576906362265240880995955409648802515137759691563363653616862712159688752916061815970988032.000000,2183939385730308635208420668460933914736575353792636055752251780277989982624268939247965316352032902605804190037285301907091865443511872780909337358499977323070554945362491120558481062474374010441479208921758922607624477388728235833881085870080.000000,-0.257375,767217925266335522519883445024076189285011550871142232477027495248711373983247735610388702049736613087710340681310587522844892777576906362265240880995955409648802515137759691563363653616862712159688752916061815970988032.000000,2183939385730308635208420668460933914736575353792636055752251780277989982624268939247965316352032902605804190037285301907091865443511872780909337358499977323070554945362491120558481062474374010441479208921758922607624477388728235833881085870080.000000,0.000000,0.000000,0.000000
21.880289,767217925266335522519883445024076189285011550871142232477027495248711373983247735610388702049736613087710340681310587522844892777576906362265240880995955409648802515137759691563363653616862712159688752916061815970988032.000000,2183939385730308635208420668460933914736575353792636055752251780277989982624268939247965316352032902605804190037285301907091865443511872780909337358499977323070554945362491120558481062474374010441479208921758922607624477388728235833881085870080.000000,-0.257375,767217925266335522519883445024076189285011550871142232477027495248711373983247735610388702049736613087710340681310587522844892777576906362265240880995955409648802515137759691563363653616862712159688752916061815970988032.000000,2183939385730308635208420668460933914736575353792636055752251780277989982624268939247965316352032902605804190037285301907091865443511872780909337358499977323070554945362491120558481062474374010441479208921758922607624477388728235833881085870080.000000,0.000000,0.000000,0.000000
21.912227,767217925266335522519883445024076189285011550871142232477027495248711373983247735610388702049736613087710340681310587522844892777576906362265240880995955409648802515137759691563363653616862712159688752916061815970988032.000000,2183939385730308635208420668460933914736575353792636055752251780277989982624268939247965316352032902605804190037285301907091865443511872780909337358499977323070554945362491120558481062474374010441479208921758922607624477388728235833881085870080.000000,-0.257375,767217925266335522519883445024076189285011550871142232477027495248711373983247735610388702049736613087710340681310587522844892777576906362265240880995955409648802515137759691563363653616862712159688752916061815970988032.000000,2183939385730308635208420668460933914736575353792636055752251780277989982624268939247965316352032902605804190037285301907091865443511872780909337358499977323070554945362491120558481062474374010441479208921758922607624477388728235833881085870080.000000,0.000000,0.000000,0.000000
21.944807,767217925266335522519883445024076189285011550871142232477027495248711373983247735610388702049736613087710340681310587522844892777576906362265240880995955409648802515137759691563363653616862712159688752916061815970988032.000000,2183939385730308635208420668460933914736575353792636055752251780277989982624268939247965316352032902605804190037285301907091865443511872780909337358499977323070554945362491120558481062474374010441479208921758922607624477388728235833881085870080.000000,-0.257375,767217925266335522519883445024076189285011550871142232477027495248711373983247735610388702049736613087710340681310587522844892777576906362265240880995955409648802515137759691563363653616862712159688752916061815970988032.000000,2183939385730308635208420668460933914736575353792636055752251780277989982624268939247965316352032902605804190037285301907091865443511872780909337358499977323070554945362491120558481062474374010441479208921758922607624477388728235833881085870080.000000,0.000000,0.000000,0.000000
21.978135,767217925266335522519883445024076189285011550871142232477027495248711373983247735610388702049736613087710340681310587522844892777576906362265240880995955409648802515137759691563363653616862712159688752916061815970988032.000000,2183939385730308635208420668460933914736575353792636055752251780277989982624268939247965316352032902605804190037285301907091865443511872780909337358499977323070554945362491120558481062474374010441479208921758922607624477388728235833881085870080.000000,-0.257375,767217925266335522519883445024076189285011550871142232477027495248711373983247735610388702049736613087710340681310587522844892777576906362265240880995955409648802515137759691563363653616862712159688752916061815970988032.000000,2183939385730308635208420668460933914736575353792636055752251780277989982624268939247965316352032902605804190037285301907091865443511872780909337358499977323070554945362491120558481062474374010441479208921758922607624477388728235833881085870080.000000,0.000000,0.000000,0.000000
22.021321,767217925266335522519883445024076189285011550871142232477027495248711373983247735610388702049736613087710340681310587522844892777576906362265240880995955409648802515137759691563363653616862712159688752916061815970988032.000000,2183939385730308635208420668460933914736575353792636055752251780277989982624268939247965316352032902605804190037285301907091865443511872780909337358499977323070554945362491120558481062474374010441479208921758922607624477388728235833881085870080.000000,-0.257375,767217925266335522519883445024076189285011550871142232477027495248711373983247735610388702049736613087710340681310587522844892777576906362265240880995955409648802515137759691563363653616862712159688752916061815970988032.000000,2183939385730308635208420668460933914736575353792636055752251780277989982624268939247965316352032902605804190037285301907091865443511872780909337358499977323070554945362491120558481062474374010441479208921758922607624477388728235833881085870080.000000,0.000000,0.000000,0.000000
22.044875,767217925266335522519883445024076189285011550871142232477027495248711373983247735610388702049736613087710340681310587522844892777576906362265240880995955409648802515137759691563363653616862712159688752916061815970988032.000000,2183939385730308635208420668460933914736575353792636055752251780277989982624268939247965316352032902605804190037285301907091865443511872780909337358499977323070554945362491120558481062474374010441479208921758922607624477388728235833881085870080.000000,-0.257375,767217925266335522519883445024076189285011550871142232477027495248711373983247735610388702049736613087710340681310587522844892777576906362265240880995955409648802515137759691563363653616862712159688752916061815970988032.000000,2183939385730308635208420668460933914736575353792636055752251780277989982624268939247965316352032902605804190037285301907091865443511872780909337358499977323070554945362491120558481062474374010441479208921758922607624477388728235833881085870080.000000,0.000000,0.000000,0.000000
22.080938,767217925266335522519883445024076189285011550871142232477027495248711373983247735610388702049736613087710340681310587522844892777576906362265240880995955409648802515137759691563363653616862712159688752916061815970988032.000000,2183939385730308635208420668460933914736575353792636055752251780277989982624268939247965316352032902605804190037285301907091865443511872780909337358499977323070554945362491120558481062474374010441479208921758922607624477388728235833881085870080.000000,-0.257375,767217925266335522519883445024076189285011550871142232477027495248711373983247735610388702049736613087710340681310587522844892777576906362265240880995955409648802515137759691563363653616862712159688752916061815970988032.000000,2183939385730308635208420668460933914736575353792636055752251780277989982624268939247965316352032902605804190037285301907091865443511872780909337358499977323070554945362491120558481062474374010441479208921758922607624477388728235833881085870080.000000,0.000000,0.000000,0.000000
22.114927,767217925266335522519883445024076189285011550871142232477027495248711373983247735610388702049736613087710340681310587522844892777576906362265240880995955409648802515137759691563363653616862712159688752916061815970988032.000000,2183939385730308635208420668460933914736575353792636055752251780277989982624268939247965316352032902605804190037285301907091865443511872780909337358499977323070554945362491120558481062474374010441479208921758922607624477388728235833881085870080.000000,-0.257375,767217925266335522519883445024076189285011550871142232477027495248711373983247735610388702049736613087710340681310587522844892777576906362265240880995955409648802515137759691563363653616862712159688752916061815970988032.000000,2183939385730308635208420668460933914736575353792636055752251780277989982624268939247965316352032902605804190037285301907091865443511872780909337358499977323070554945362491120558481062474374010441479208921758922607624477388728235833881085870080.000000,0.000000,0.000000,0.000000
22.145251,767217925266335522519883445024076189285011550871142232477027495248711373983247735610388702049736613087710340681310587522844892777576906362265240880995955409648802515137759691563363653616862712159688752916061815970988032.000000,2183939385730308635208420668460933914736575353792636055752251780277989982624268939247965316352032902605804190037285301907091865443511872780909337358499977323070554945362491120558481062474374010441479208921758922607624477388728235833881085870080.000000,-0.257375,767217925266335522519883445024076189285011550871142232477027495248711373983247735610388702049736613087710340681310587522844892777576906362265240880995955409648802515137759691563363653616862712159688752916061815970988032.000000,2183939385730308635208420668460933914736575353792636055752251780277989982624268939247965316352032902605804190037285301907091865443511872780909337358499977323070554945362491120558481062474374010441479208921758922607624477388728235833881085870080.000000,0.000000,0.000000,0.000000
22.178335,767217925266335522519883445024076189285011550871142232477027495248711373983247735610388702049736613087710340681310587522844892777576906362265240880995955409648802515137759691563363653616862712159688752916061815970988032.000000,2183939385730308635208420668460933914736575353792636055752251780277989982624268939247965316352032902605804190037285301907091865443511872780909337358499977323070554945362491120558481062474374010441479208921758922607624477388728235833881085870080.000000,-0.257375,767217925266335522519883445024076189285011550871142232477027495248711373983247735610388702049736613087710340681310587522844892777576906362265240880995955409648802515137759691563363653616862712159688752916061815970988032.000000,2183939385730308635208420668460933914736575353792636055752251780277989982624268939247965316352032902605804190037285301907091865443511872780909337358499977323070554945362491120558481062474374010441479208921758922607624477388728235833881085870080.000000,0.000000,0.000000,0.000000
22.211713,767217925266335522519883445024076189285011550871142232477027495248711373983247735610388702049736613087710340681310587522844892777576906362265240880995955409648802515137759691563363653616862712159688752916061815970988032.000000,2183939385730308635208420668460933914736575353792636055752251780277989982624268939247965316352032902605804190037285301907091865443511872780909337358499977323070554945362491120558481062474374010441479208921758922607624477388728235833881085870080.000000,-0.257375,767217925266335522519883445024076189285011550871142232477027495248711373983247735610388702049736613087710340681310587522844892777576906362265240880995955409648802515137759691563363653616862712159688752916061815970988032.000000,2183939385730308635208420668460933914736575353792636055752251780277989982624268939247965316352032902605804190037285301907091865443511872780909337358499977323070554945362491120558481062474374010441479208921758922607624477388728235833881085870080.000000,0.000000,0.000000,0.000000
22.244982,767217925266335522519883445024076189285011550871142232477027495248711373983247735610388702049736613087710340681310587522844892777576906362265240880995955409648802515137759691563363653616862712159688752916061815970988032.000000,2183939385730308635208420668460933914736575353792636055752251780277989982624268939247965316352032902605804190037285301907091865443511872780909337358499977323070554945362491120558481062474374010441479208921758922607624477388728235833881085870080.000000,-0.257375,767217925266335522519883445024076189285011550871142232477027495248711373983247735610388702049736613087710340681310587522844892777576906362265240880995955409648802515137759691563363653616862712159688752916061815970988032.000000,2183939385730308635208420668460933914736575353792636055752251780277989982624268939247965316352032902605804190037285301907091865443511872780909337358499977323070554945362491120558481062474374010441479208921758922607624477388728235833881085870080.000000,0.000000,0.000000,0.000000
22.277975,767217925266335522519883445024076189285011550871142232477027495248711373983247735610388702049736613087710340681310587522844892777576906362265240880995955409648802515137759691563363653616862712159688752916061815970988032.000000,2183939385730308635208420668460933914736575353792636055752251780277989982624268939247965316352032902605804190037285301907091865443511872780909337358499977323070554945362491120558481062474374010441479208921758922607624477388728235833881085870080.000000,-0.257375,767217925266335522519883445024076189285011550871142232477027495248711373983247735610388702049736613087710340681310587522844892777576906362265240880995955409648802515137759691563363653616862712159688752916061815970988032.000000,2183939385730308635208420668460933914736575353792636055752251780277989982624268939247965316352032902605804190037285301907091865443511872780909337358499977323070554945362491120558481062474374010441479208921758922607624477388728235833881085870080.000000,0.000000,0.000000,0.000000
22.315184,767217925266335522519883445024076189285011550871142232477027495248711373983247735610388702049736613087710340681310587522844892777576906362265240880995955409648802515137759691563363653616862712159688752916061815970988032.000000,2183939385730308635208420668460933914736575353792636055752251780277989982624268939247965316352032902605804190037285301907091865443511872780909337358499977323070554945362491120558481062474374010441479208921758922607624477388728235833881085870080.000000,-0.257375,767217925266335522519883445024076189285011550871142232477027495248711373983247735610388702049736613087710340681310587522844892777576906362265240880995955409648802515137759691563363653616862712159688752916061815970988032.000000,2183939385730308635208420668460933914736575353792636055752251780277989982624268939247965316352032902605804190037285301907091865443511872780909337358499977323070554945362491120558481062474374010441479208921758922607624477388728235833881085870080.000000,0.000000,0.000000,0.000000
22.344735,767217925266335522519883445024076189285011550871142232477027495248711373983247735610388702049736613087710340681310587522844892777576906362265240880995955409648802515137759691563363653616862712159688752916061815970988032.000000,2183939385730308635208420668460933914736575353792636055752251780277989982624268939247965316352032902605804190037285301907091865443511872780909337358499977323070554945362491120558481062474374010441479208921758922607624477388728235833881085870080.000000,-0.257375,767217925266335522519883445024076189285011550871142232477027495248711373983247735610388702049736613087710340681310587522844892777576906362265240880995955409648802515137759691563363653616862712159688752916061815970988032.000000,2183939385730308635208420668460933914736575353792636055752251780277989982624268939247965316352032902605804190037285301907091865443511872780909337358499977323070554945362491120558481062474374010441479208921758922607624477388728235833881085870080.000000,0.000000,0.000000,0.000000
22.378271,767217925266335522519883445024076189285011550871142232477027495248711373983247735610388702049736613087710340681310587522844892777576906362265240880995955409648802515137759691563363653616862712159688752916061815970988032.000000,2183939385730308635208420668460933914736575353792636055752251780277989982624268939247965316352032902605804190037285301907091865443511872780909337358499977323070554945362491120558481062474374010441479208921758922607624477388728235833881085870080.000000,-0.257375,767217925266335522519883445024076189285011550871142232477027495248711373983247735610388702049736613087710340681310587522844892777576906362265240880995955409648802515137759691563363653616862712159688752916061815970988032.000000,2183939385730308635208420668460933914736575353792636055752251780277989982624268939247965316352032902605804190037285301907091865443511872780909337358499977323070554945362491120558481062474374010441479208921758922607624477388728235833881085870080.000000,0.000000,0.000000,0.000000
22.415265,767217925266335522519883445024076189285011550871142232477027495248711373983247735610388702049736613087710340681310587522844892777576906362265240880995955409648802515137759691563363653616862712159688752916061815970988032.000000,2183939385730308635208420668460933914736575353792636055752251780277989982624268939247965316352032902605804190037285301907091865443511872780909337358499977323070554945362491120558481062474374010441479208921758922607624477388728235833881085870080.000000,-0.257375,767217925266335522519883445024076189285011550871142232477027495248711373983247735610388702049736613087710340681310587522844892777576906362265240880995955409648802515137759691563363653616862712159688752916061815970988032.000000,2183939385730308635208420668460933914736575353792636055752251780277989982624268939247965316352032902605804190037285301907091865443511872780909337358499977323070554945362491120558481062474374010441479208921758922607624477388728235833881085870080.000000,0.000000,0.000000,0.000000
22.445762,767217925266335522519883445024076189285011550871142232477027495248711373983247735610388702049736613087710340681310587522844892777576906362265240880995955409648802515137759691563363653616862712159688752916061815970988032.000000,2183939385730308635208420668460933914736575353792636055752251780277989982624268939247965316352032902605804190037285301907091865443511872780909337358499977323070554945362491120558481062474374010441479208921758922607624477388728235833881085870080.000000,-0.257375,767217925266335522519883445024076189285011550871142232477027495248711373983247735610388702049736613087710340681310587522844892777576906362265240880995955409648802515137759691563363653616862712159688752916061815970988032.000000,2183939385730308635208420668460933914736575353792636055752251780277989982624268939247965316352032902605804190037285301907091865443511872780909337358499977323070554945362491120558481062474374010441479208921758922607624477388728235833881085870080.000000,0.000000,0.000000,0.000000
22.478587,767217925266335522519883445024076189285011550871142232477027495248711373983247735610388702049736613087710340681310587522844892777576906362265240880995955409648802515137759691563363653616862712159688752916061815970988032.000000,2183939385730308635208420668460933914736575353792636055752251780277989982624268939247965316352032902605804190037285301907091865443511872780909337358499977323070554945362491120558481062474374010441479208921758922607624477388728235833881085870080.000000,-0.257375,767217925266335522519883445024076189285011550871142232477027495248711373983247735610388702049736613087710340681310587522844892777576906362265240880995955409648802515137759691563363653616862712159688752916061815970988032.000000,2183939385730308635208420668460933914736575353792636055752251780277989982624268939247965316352032902605804190037285301907091865443511872780909337358499977323070554945362491120558481062474374010441479208921758922607624477388728235833881085870080.000000,0.000000,0.000000,0.000000
22.512022,767217925266335522519883445024076189285011550871142232477027495248711373983247735610388702049736613087710340681310587522844892777576906362265240880995955409648802515137759691563363653616862712159688752916061815970988032.000000,2183939385730308635208420668460933914736575353792636055752251780277989982624268939247965316352032902605804190037285301907091865443511872780909337358499977323070554945362491120558481062474374010441479208921758922607624477388728235833881085870080.000000,-0.257375,767217925266335522519883445024076189285011550871142232477027495248711373983247735610388702049736613087710340681310587522844892777576906362265240880995955409648802515137759691563363653616862712159688752916061815970988032.000000,2183939385730308635208420668460933914736575353792636055752251780277989982624268939247965316352032902605804190037285301907091865443511872780909337358499977323070554945362491120558481062474374010441479208921758922607624477388728235833881085870080.000000,0.000000,0.000000,0.000000
22.544909,767217925266335522519883445024076189285011550871142232477027495248711373983247735610388702049736613087710340681310587522844892777576906362265240880995955409648802515137759691563363653616862712159688752916061815970988032.000000,2183939385730308635208420668460933914736575353792636055752251780277989982624268939247965316352032902605804190037285301907091865443511872780909337358499977323070554945362491120558481062474374010441479208921758922607624477388728235833881085870080.000000,-0.257375,767217925266335522519883445024076189285011550871142232477027495248711373983247735610388702049736613087710340681310587522844892777576906362265240880995955409648802515137759691563363653616862712159688752916061815970988032.000000,2183939385730308635208420668460933914736575353792636055752251780277989982624268939247965316352032902605804190037285301907091865443511872780909337358499977323070554945362491120558481062474374010441479208921758922607624477388728235833881085870080.000000,0.000000,0.000000,0.000000
22.578286,767217925266335522519883445024076189285011550871142232477027495248711373983247735610388702049736613087710340681310587522844892777576906362265240880995955409648802515137759691563363653616862712159688752916061815970988032.000000,2183939385730308635208420668460933914736575353792636055752251780277989982624268939247965316352032902605804190037285301907091865443511872780909337358499977323070554945362491120558481062474374010441479208921758922607624477388728235833881085870080.000000,-0.257375,767217925266335522519883445024076189285011550871142232477027495248711373983247735610388702049736613087710340681310587522844892777576906362265240880995955409648802515137759691563363653616862712159688752916061815970988032.000000,2183939385730308635208420668460933914736575353792636055752251780277989982624268939247965316352032902605804190037285301907091865443511872780909337358499977323070554945362491120558481062474374010441479208921758922607624477388728235833881085870080.000000,0.000000,0.000000,0.000000
22.611423,767217925266335522519883445024076189285011550871142232477027495248711373983247735610388702049736613087710340681310587522844892777576906362265240880995955409648802515137759691563363653616862712159688752916061815970988032.000000,2183939385730308635208420668460933914736575353792636055752251780277989982624268939247965316352032902605804190037285301907091865443511872780909337358499977323070554945362491120558481062474374010441479208921758922607624477388728235833881085870080.000000,-0.257375,767217925266335522519883445024076189285011550871142232477027495248711373983247735610388702049736613087710340681310587522844892777576906362265240880995955409648802515137759691563363653616862712159688752916061815970988032.000000,2183939385730308635208420668460933914736575353792636055752251780277989982624268939247965316352032902605804190037285301907091865443511872780909337358499977323070554945362491120558481062474374010441479208921758922607624477388728235833881085870080.000000,0.000000,0.000000,0.000000
22.645285,767217925266335522519883445024076189285011550871142232477027495248711373983247735610388702049736613087710340681310587522844892777576906362265240880995955409648802515137759691563363653616862712159688752916061815970988032.000000,2183939385730308635208420668460933914736575353792636055752251780277989982624268939247965316352032902605804190037285301907091865443511872780909337358499977323070554945362491120558481062474374010441479208921758922607624477388728235833881085870080.000000,-0.257375,767217925266335522519883445024076189285011550871142232477027495248711373983247735610388702049736613087710340681310587522844892777576906362265240880995955409648802515137759691563363653616862712159688752916061815970988032.000000,2183939385730308635208420668460933914736575353792636055752251780277989982624268939247965316352032902605804190037285301907091865443511872780909337358499977323070554945362491120558481062474374010441479208921758922607624477388728235833881085870080.000000,0.000000,0.000000,0.000000
22.678279,767217925266335522519883445024076189285011550871142232477027495248711373983247735610388702049736613087710340681310587522844892777576906362265240880995955409648802515137759691563363653616862712159688752916061815970988032.000000,2183939385730308635208420668460933914736575353792636055752251780277989982624268939247965316352032902605804190037285301907091865443511872780909337358499977323070554945362491120558481062474374010441479208921758922607624477388728235833881085870080.000000,-0.257375,767217925266335522519883445024076189285011550871142232477027495248711373983247735610388702049736613087710340681310587522844892777576906362265240880995955409648802515137759691563363653616862712159688752916061815970988032.000000,2183939385730308635208420668460933914736575353792636055752251780277989982624268939247965316352032902605804190037285301907091865443511872780909337358499977323070554945362491120558481062474374010441479208921758922607624477388728235833881085870080.000000,0.000000,0.000000,0.000000
22.711427,767217925266335522519883445024076189285011550871142232477027495248711373983247735610388702049736613087710340681310587522844892777576906362265240880995955409648802515137759691563363653616862712159688752916061815970988032.000000,2183939385730308635208420668460933914736575353792636055752251780277989982624268939247965316352032902605804190037285301907091865443511872780909337358499977323070554945362491120558481062474374010441479208921758922607624477388728235833881085870080.000000,-0.257375,767217925266335522519883445024076189285011550871142232477027495248711373983247735610388702049736613087710340681310587522844892777576906362265240880995955409648802515137759691563363653616862712159688752916061815970988032.000000,2183939385730308635208420668460933914736575353792636055752251780277989982624268939247965316352032902605804190037285301907091865443511872780909337358499977323070554945362491120558481062474374010441479208921758922607624477388728235833881085870080.000000,0.000000,0.000000,0.000000
22.746619,767217925266335522519883445024076189285011550871142232477027495248711373983247735610388702049736613087710340681310587522844892777576906362265240880995955409648802515137759691563363653616862712159688752916061815970988032.000000,2183939385730308635208420668460933914736575353792636055752251780277989982624268939247965316352032902605804190037285301907091865443511872780909337358499977323070554945362491120558481062474374010441479208921758922607624477388728235833881085870080.000000,-0.257375,767217925266335522519883445024076189285011550871142232477027495248711373983247735610388702049736613087710340681310587522844892777576906362265240880995955409648802515137759691563363653616862712159688752916061815970988032.000000,2183939385730308635208420668460933914736575353792636055752251780277989982624268939247965316352032902605804190037285301907091865443511872780909337358499977323070554945362491120558481062474374010441479208921758922607624477388728235833881085870080.000000,0.000000,0.000000,0.000000
22.778029,767217925266335522519883445024076189285011550871142232477027495248711373983247735610388702049736613087710340681310587522844892777576906362265240880995955409648802515137759691563363653616862712159688752916061815970988032.000000,2183939385730308635208420668460933914736575353792636055752251780277989982624268939247965316352032902605804190037285301907091865443511872780909337358499977323070554945362491120558481062474374010441479208921758922607624477388728235833881085870080.000000,-0.257375,767217925266335522519883445024076189285011550871142232477027495248711373983247735610388702049736613087710340681310587522844892777576906362265240880995955409648802515137759691563363653616862712159688752916061815970988032.000000,2183939385730308635208420668460933914736575353792636055752251780277989982624268939247965316352032902605804190037285301907091865443511872780909337358499977323070554945362491120558481062474374010441479208921758922607624477388728235833881085870080.000000,0.000000,0.000000,0.000000
22.815096,767217925266335522519883445024076189285011550871142232477027495248711373983247735610388702049736613087710340681310587522844892777576906362265240880995955409648802515137759691563363653616862712159688752916061815970988032.000000,2183939385730308635208420668460933914736575353792636055752251780277989982624268939247965316352032902605804190037285301907091865443511872780909337358499977323070554945362491120558481062474374010441479208921758922607624477388728235833881085870080.000000,-0.257375,767217925266335522519883445024076189285011550871142232477027495248711373983247735610388702049736613087710340681310587522844892777576906362265240880995955409648802515137759691563363653616862712159688752916061815970988032.000000,2183939385730308635208420668460933914736575353792636055752251780277989982624268939247965316352032902605804190037285301907091865443511872780909337358499977323070554945362491120558481062474374010441479208921758922607624477388728235833881085870080.000000,0.000000,0.000000,0.000000
22.849789,767217925266335522519883445024076189285011550871142232477027495248711373983247735610388702049736613087710340681310587522844892777576906362265240880995955409648802515137759691563363653616862712159688752916061815970988032.000000,2183939385730308635208420668460933914736575353792636055752251780277989982624268939247965316352032902605804190037285301907091865443511872780909337358499977323070554945362491120558481062474374010441479208921758922607624477388728235833881085870080.000000,-0.257375,767217925266335522519883445024076189285011550871142232477027495248711373983247735610388702049736613087710340681310587522844892777576906362265240880995955409648802515137759691563363653616862712159688752916061815970988032.000000,2183939385730308635208420668460933914736575353792636055752251780277989982624268939247965316352032902605804190037285301907091865443511872780909337358499977323070554945362491120558481062474374010441479208921758922607624477388728235833881085870080.000000,0.000000,0.000000,0.000000
22.878029,767217925266335522519883445024076189285011550871142232477027495248711373983247735610388702049736613087710340681310587522844892777576906362265240880995955409648802515137759691563363653616862712159688752916061815970988032.000000,2183939385730308635208420668460933914736575353792636055752251780277989982624268939247965316352032902605804190037285301907091865443511872780909337358499977323070554945362491120558481062474374010441479208921758922607624477388728235833881085870080.000000,-0.257375,767217925266335522519883445024076189285011550871142232477027495248711373983247735610388702049736613087710340681310587522844892777576906362265240880995955409648802515137759691563363653616862712159688752916061815970988032.000000,2183939385730308635208420668460933914736575353792636055752251780277989982624268939247965316352032902605804190037285301907091865443511872780909337358499977323070554945362491120558481062474374010441479208921758922607624477388728235833881085870080.000000,0.000000,0.000000,0.000000
22.911410,767217925266335522519883445024076189285011550871142232477027495248711373983247735610388702049736613087710340681310587522844892777576906362265240880995955409648802515137759691563363653616862712159688752916061815970988032.000000,2183939385730308635208420668460933914736575353792636055752251780277989982624268939247965316352032902605804190037285301907091865443511872780909337358499977323070554945362491120558481062474374010441479208921758922607624477388728235833881085870080.000000,-0.257375,767217925266335522519883445024076189285011550871142232477027495248711373983247735610388702049736613087710340681310587522844892777576906362265240880995955409648802515137759691563363653616862712159688752916061815970988032.000000,2183939385730308635208420668460933914736575353792636055752251780277989982624268939247965316352032902605804190037285301907091865443511872780909337358499977323070554945362491120558481062474374010441479208921758922607624477388728235833881085870080.000000,0.000000,0.000000,0.000000
22.944947,767217925266335522519883445024076189285011550871142232477027495248711373983247735610388702049736613087710340681310587522844892777576906362265240880995955409648802515137759691563363653616862712159688752916061815970988032.000000,2183939385730308635208420668460933914736575353792636055752251780277989982624268939247965316352032902605804190037285301907091865443511872780909337358499977323070554945362491120558481062474374010441479208921758922607624477388728235833881085870080.000000,-0.257375,767217925266335522519883445024076189285011550871142232477027495248711373983247735610388702049736613087710340681310587522844892777576906362265240880995955409648802515137759691563363653616862712159688752916061815970988032.000000,2183939385730308635208420668460933914736575353792636055752251780277989982624268939247965316352032902605804190037285301907091865443511872780909337358499977323070554945362491120558481062474374010441479208921758922607624477388728235833881085870080.000000,0.000000,0.000000,0.000000
22.978066,767217925266335522519883445024076189285011550871142232477027495248711373983247735610388702049736613087710340681310587522844892777576906362265240880995955409648802515137759691563363653616862712159688752916061815970988032.000000,2183939385730308635208420668460933914736575353792636055752251780277989982624268939247965316352032902605804190037285301907091865443511872780909337358499977323070554945362491120558481062474374010441479208921758922607624477388728235833881085870080.000000,-0.257375,767217925266335522519883445024076189285011550871142232477027495248711373983247735610388702049736613087710340681310587522844892777576906362265240880995955409648802515137759691563363653616862712159688752916061815970988032.000000,2183939385730308635208420668460933914736575353792636055752251780277989982624268939247965316352032902605804190037285301907091865443511872780909337358499977323070554945362491120558481062474374010441479208921758922607624477388728235833881085870080.000000,0.000000,0.000000,0.000000
23.012239,767217925266335522519883445024076189285011550871142232477027495248711373983247735610388702049736613087710340681310587522844892777576906362265240880995955409648802515137759691563363653616862712159688752916061815970988032.000000,2183939385730308635208420668460933914736575353792636055752251780277989982624268939247965316352032902605804190037285301907091865443511872780909337358499977323070554945362491120558481062474374010441479208921758922607624477388728235833881085870080.000000,-0.257375,767217925266335522519883445024076189285011550871142232477027495248711373983247735610388702049736613087710340681310587522844892777576906362265240880995955409648802515137759691563363653616862712159688752916061815970988032.000000,2183939385730308635208420668460933914736575353792636055752251780277989982624268939247965316352032902605804190037285301907091865443511872780909337358499977323070554945362491120558481062474374010441479208921758922607624477388728235833881085870080.000000,0.000000,0.000000,0.000000
23.047807,767217925266335522519883445024076189285011550871142232477027495248711373983247735610388702049736613087710340681310587522844892777576906362265240880995955409648802515137759691563363653616862712159688752916061815970988032.000000,2183939385730308635208420668460933914736575353792636055752251780277989982624268939247965316352032902605804190037285301907091865443511872780909337358499977323070554945362491120558481062474374010441479208921758922607624477388728235833881085870080.000000,-0.257375,767217925266335522519883445024076189285011550871142232477027495248711373983247735610388702049736613087710340681310587522844892777576906362265240880995955409648802515137759691563363653616862712159688752916061815970988032.000000,2183939385730308635208420668460933914736575353792636055752251780277989982624268939247965316352032902605804190037285301907091865443511872780909337358499977323070554945362491120558481062474374010441479208921758922607624477388728235833881085870080.000000,0.000000,0.000000,0.000000
23.079574,767217925266335522519883445024076189285011550871142232477027495248711373983247735610388702049736613087710340681310587522844892777576906362265240880995955409648802515137759691563363653616862712159688752916061815970988032.000000,2183939385730308635208420668460933914736575353792636055752251780277989982624268939247965316352032902605804190037285301907091865443511872780909337358499977323070554945362491120558481062474374010441479208921758922607624477388728235833881085870080.000000,-0.257375,767217925266335522519883445024076189285011550871142232477027495248711373983247735610388702049736613087710340681310587522844892777576906362265240880995955409648802515137759691563363653616862712159688752916061815970988032.000000,2183939385730308635208420668460933914736575353792636055752251780277989982624268939247965316352032902605804190037285301907091865443511872780909337358499977323070554945362491120558481062474374010441479208921758922607624477388728235833881085870080.000000,0.000000,0.000000,0.000000
23.112145,767217925266335522519883445024076189285011550871142232477027495248711373983247735610388702049736613087710340681310587522844892777576906362265240880995955409648802515137759691563363653616862712159688752916061815970988032.000000,2183939385730308635208420668460933914736575353792636055752251780277989982624268939247965316352032902605804190037285301907091865443511872780909337358499977323070554945362491120558481062474374010441479208921758922607624477388728235833881085870080.000000,-0.257375,767217925266335522519883445024076189285011550871142232477027495248711373983247735610388702049736613087710340681310587522844892777576906362265240880995955409648802515137759691563363653616862712159688752916061815970988032.000000,2183939385730308635208420668460933914736575353792636055752251780277989982624268939247965316352032902605804190037285301907091865443511872780909337358499977323070554945362491120558481062474374010441479208921758922607624477388728235833881085870080.000000,0.000000,0.000000,0.000000
23.145138,767217925266335522519883445024076189285011550871142232477027495248711373983247735610388702049736613087710340681310587522844892777576906362265240880995955409648802515137759691563363653616862712159688752916061815970988032.000000,2183939385730308635208420668460933914736575353792636055752251780277989982624268939247965316352032902605804190037285301907091865443511872780909337358499977323070554945362491120558481062474374010441479208921758922607624477388728235833881085870080.000000,-0.257375,767217925266335522519883445024076189285011550871142232477027495248711373983247735610388702049736613087710340681310587522844892777576906362265240880995955409648802515137759691563363653616862712159688752916061815970988032.000000,2183939385730308635208420668460933914736575353792636055752251780277989982624268939247965316352032902605804190037285301907091865443511872780909337358499977323070554945362491120558481062474374010441479208921758922607624477388728235833881085870080.000000,0.000000,0.000000,0.000000
23.178556,767217925266335522519883445024076189285011550871142232477027495248711373983247735610388702049736613087710340681310587522844892777576906362265240880995955409648802515137759691563363653616862712159688752916061815970988032.000000,2183939385730308635208420668460933914736575353792636055752251780277989982624268939247965316352032902605804190037285301907091865443511872780909337358499977323070554945362491120558481062474374010441479208921758922607624477388728235833881085870080.000000,-0.257375,767217925266335522519883445024076189285011550871142232477027495248711373983247735610388702049736613087710340681310587522844892777576906362265240880995955409648802515137759691563363653616862712159688752916061815970988032.000000,2183939385730308635208420668460933914736575353792636055752251780277989982624268939247965316352032902605804190037285301907091865443511872780909337358499977323070554945362491120558481062474374010441479208921758922607624477388728235833881085870080.000000,0.000000,0.000000,0.000000
23.211571,767217925266335522519883445024076189285011550871142232477027495248711373983247735610388702049736613087710340681310587522844892777576906362265240880995955409648802515137759691563363653616862712159688752916061815970988032.000000,2183939385730308635208420668460933914736575353792636055752251780277989982624268939247965316352032902605804190037285301907091865443511872780909337358499977323070554945362491120558481062474374010441479208921758922607624477388728235833881085870080.000000,-0.257375,767217925266335522519883445024076189285011550871142232477027495248711373983247735610388702049736613087710340681310587522844892777576906362265240880995955409648802515137759691563363653616862712159688752916061815970988032.000000,2183939385730308635208420668460933914736575353792636055752251780277989982624268939247965316352032902605804190037285301907091865443511872780909337358499977323070554945362491120558481062474374010441479208921758922607624477388728235833881085870080.000000,0.000000,0.000000,0.000000
23.244841,767217925266335522519883445024076189285011550871142232477027495248711373983247735610388702049736613087710340681310587522844892777576906362265240880995955409648802515137759691563363653616862712159688752916061815970988032.000000,2183939385730308635208420668460933914736575353792636055752251780277989982624268939247965316352032902605804190037285301907091865443511872780909337358499977323070554945362491120558481062474374010441479208921758922607624477388728235833881085870080.000000,-0.257375,767217925266335522519883445024076189285011550871142232477027495248711373983247735610388702049736613087710340681310587522844892777576906362265240880995955409648802515137759691563363653616862712159688752916061815970988032.000000,2183939385730308635208420668460933914736575353792636055752251780277989982624268939247965316352032902605804190037285301907091865443511872780909337358499977323070554945362491120558481062474374010441479208921758922607624477388728235833881085870080.000000,0.000000,0.000000,0.000000
23.278404,767217925266335522519883445024076189285011550871142232477027495248711373983247735610388702049736613087710340681310587522844892777576906362265240880995955409648802515137759691563363653616862712159688752916061815970988032.000000,2183939385730308635208420668460933914736575353792636055752251780277989982624268939247965316352032902605804190037285301907091865443511872780909337358499977323070554945362491120558481062474374010441479208921758922607624477388728235833881085870080.000000,-0.257375,767217925266335522519883445024076189285011550871142232477027495248711373983247735610388702049736613087710340681310587522844892777576906362265240880995955409648802515137759691563363653616862712159688752916061815970988032.000000,2183939385730308635208420668460933914736575353792636055752251780277989982624268939247965316352032902605804190037285301907091865443511872780909337358499977323070554945362491120558481062474374010441479208921758922607624477388728235833881085870080.000000,0.000000,0.000000,0.000000
23.311407,767217925266335522519883445024076189285011550871142232477027495248711373983247735610388702049736613087710340681310587522844892777576906362265240880995955409648802515137759691563363653616862712159688752916061815970988032.000000,2183939385730308635208420668460933914736575353792636055752251780277989982624268939247965316352032902605804190037285301907091865443511872780909337358499977323070554945362491120558481062474374010441479208921758922607624477388728235833881085870080.000000,-0.257375,767217925266335522519883445024076189285011550871142232477027495248711373983247735610388702049736613087710340681310587522844892777576906362265240880995955409648802515137759691563363653616862712159688752916061815970988032.000000,2183939385730308635208420668460933914736575353792636055752251780277989982624268939247965316352032902605804190037285301907091865443511872780909337358499977323070554945362491120558481062474374010441479208921758922607624477388728235833881085870080.000000,0.000000,0.000000,0.000000
23.344836,767217925266335522519883445024076189285011550871142232477027495248711373983247735610388702049736613087710340681310587522844892777576906362265240880995955409648802515137759691563363653616862712159688752916061815970988032.000000,2183939385730308635208420668460933914736575353792636055752251780277989982624268939247965316352032902605804190037285301907091865443511872780909337358499977323070554945362491120558481062474374010441479208921758922607624477388728235833881085870080.000000,-0.257375,767217925266335522519883445024076189285011550871142232477027495248711373983247735610388702049736613087710340681310587522844892777576906362265240880995955409648802515137759691563363653616862712159688752916061815970988032.000000,2183939385730308635208420668460933914736575353792636055752251780277989982624268939247965316352032902605804190037285301907091865443511872780909337358499977323070554945362491120558481062474374010441479208921758922607624477388728235833881085870080.000000,0.000000,0.000000,0.000000
23.378259,767217925266335522519883445024076189285011550871142232477027495248711373983247735610388702049736613087710340681310587522844892777576906362265240880995955409648802515137759691563363653616862712159688752916061815970988032.000000,2183939385730308635208420668460933914736575353792636055752251780277989982624268939247965316352032902605804190037285301907091865443511872780909337358499977323070554945362491120558481062474374010441479208921758922607624477388728235833881085870080.000000,-0.257375,767217925266335522519883445024076189285011550871142232477027495248711373983247735610388702049736613087710340681310587522844892777576906362265240880995955409648802515137759691563363653616862712159688752916061815970988032.000000,2183939385730308635208420668460933914736575353792636055752251780277989982624268939247965316352032902605804190037285301907091865443511872780909337358499977323070554945362491120558481062474374010441479208921758922607624477388728235833881085870080.000000,0.000000,0.000000,0.000000
23.415083,767217925266335522519883445024076189285011550871142232477027495248711373983247735610388702049736613087710340681310587522844892777576906362265240880995955409648802515137759691563363653616862712159688752916061815970988032.000000,2183939385730308635208420668460933914736575353792636055752251780277989982624268939247965316352032902605804190037285301907091865443511872780909337358499977323070554945362491120558481062474374010441479208921758922607624477388728235833881085870080.000000,-0.257375,767217925266335522519883445024076189285011550871142232477027495248711373983247735610388702049736613087710340681310587522844892777576906362265240880995955409648802515137759691563363653616862712159688752916061815970988032.000000,2183939385730308635208420668460933914736575353792636055752251780277989982624268939247965316352032902605804190037285301907091865443511872780909337358499977323070554945362491120558481062474374010441479208921758922607624477388728235833881085870080.000000,0.000000,0.000000,0.000000
23.446272,767217925266335522519883445024076189285011550871142232477027495248711373983247735610388702049736613087710340681310587522844892777576906362265240880995955409648802515137759691563363653616862712159688752916061815970988032.000000,2183939385730308635208420668460933914736575353792636055752251780277989982624268939247965316352032902605804190037285301907091865443511872780909337358499977323070554945362491120558481062474374010441479208921758922607624477388728235833881085870080.000000,-0.257375,767217925266335522519883445024076189285011550871142232477027495248711373983247735610388702049736613087710340681310587522844892777576906362265240880995955409648802515137759691563363653616862712159688752916061815970988032.000000,2183939385730308635208420668460933914736575353792636055752251780277989982624268939247965316352032902605804190037285301907091865443511872780909337358499977323070554945362491120558481062474374010441479208921758922607624477388728235833881085870080.000000,0.000000,0.000000,0.000000
23.478924,767217925266335522519883445024076189285011550871142232477027495248711373983247735610388702049736613087710340681310587522844892777576906362265240880995955409648802515137759691563363653616862712159688752916061815970988032.000000,2183939385730308635208420668460933914736575353792636055752251780277989982624268939247965316352032902605804190037285301907091865443511872780909337358499977323070554945362491120558481062474374010441479208921758922607624477388728235833881085870080.000000,-0.257375,767217925266335522519883445024076189285011550871142232477027495248711373983247735610388702049736613087710340681310587522844892777576906362265240880995955409648802515137759691563363653616862712159688752916061815970988032.000000,2183939385730308635208420668460933914736575353792636055752251780277989982624268939247965316352032902605804190037285301907091865443511872780909337358499977323070554945362491120558481062474374010441479208921758922607624477388728235833881085870080.000000,0.000000,0.000000,0.000000
23.511987,767217925266335522519883445024076189285011550871142232477027495248711373983247735610388702049736613087710340681310587522844892777576906362265240880995955409648802515137759691563363653616862712159688752916061815970988032.000000,2183939385730308635208420668460933914736575353792636055752251780277989982624268939247965316352032902605804190037285301907091865443511872780909337358499977323070554945362491120558481062474374010441479208921758922607624477388728235833881085870080.000000,-0.257375,767217925266335522519883445024076189285011550871142232477027495248711373983247735610388702049736613087710340681310587522844892777576906362265240880995955409648802515137759691563363653616862712159688752916061815970988032.000000,2183939385730308635208420668460933914736575353792636055752251780277989982624268939247965316352032902605804190037285301907091865443511872780909337358499977323070554945362491120558481062474374010441479208921758922607624477388728235833881085870080.000000,0.000000,0.000000,0.000000
23.545245,767217925266335522519883445024076189285011550871142232477027495248711373983247735610388702049736613087710340681310587522844892777576906362265240880995955409648802515137759691563363653616862712159688752916061815970988032.000000,2183939385730308635208420668460933914736575353792636055752251780277989982624268939247965316352032902605804190037285301907091865443511872780909337358499977323070554945362491120558481062474374010441479208921758922607624477388728235833881085870080.000000,-0.257375,767217925266335522519883445024076189285011550871142232477027495248711373983247735610388702049736613087710340681310587522844892777576906362265240880995955409648802515137759691563363653616862712159688752916061815970988032.000000,2183939385730308635208420668460933914736575353792636055752251780277989982624268939247965316352032902605804190037285301907091865443511872780909337358499977323070554945362491120558481062474374010441479208921758922607624477388728235833881085870080.000000,0.000000,0.000000,0.000000
23.578316,767217925266335522519883445024076189285011550871142232477027495248711373983247735610388702049736613087710340681310587522844892777576906362265240880995955409648802515137759691563363653616862712159688752916061815970988032.000000,2183939385730308635208420668460933914736575353792636055752251780277989982624268939247965316352032902605804190037285301907091865443511872780909337358499977323070554945362491120558481062474374010441479208921758922607624477388728235833881085870080.000000,-0.257375,767217925266335522519883445024076189285011550871142232477027495248711373983247735610388702049736613087710340681310587522844892777576906362265240880995955409648802515137759691563363653616862712159688752916061815970988032.000000,2183939385730308635208420668460933914736575353792636055752251780277989982624268939247965316352032902605804190037285301907091865443511872780909337358499977323070554945362491120558481062474374010441479208921758922607624477388728235833881085870080.000000,0.000000,0.000000,0.000000
23.611441,767217925266335522519883445024076189285011550871142232477027495248711373983247735610388702049736613087710340681310587522844892777576906362265240880995955409648802515137759691563363653616862712159688752916061815970988032.000000,2183939385730308635208420668460933914736575353792636055752251780277989982624268939247965316352032902605804190037285301907091865443511872780909337358499977323070554945362491120558481062474374010441479208921758922607624477388728235833881085870080.000000,-0.257375,767217925266335522519883445024076189285011550871142232477027495248711373983247735610388702049736613087710340681310587522844892777576906362265240880995955409648802515137759691563363653616862712159688752916061815970988032.000000,2183939385730308635208420668460933914736575353792636055752251780277989982624268939247965316352032902605804190037285301907091865443511872780909337358499977323070554945362491120558481062474374010441479208921758922607624477388728235833881085870080.000000,0.000000,0.000000,0.000000
23.644740,767217925266335522519883445024076189285011550871142232477027495248711373983247735610388702049736613087710340681310587522844892777576906362265240880995955409648802515137759691563363653616862712159688752916061815970988032.000000,2183939385730308635208420668460933914736575353792636055752251780277989982624268939247965316352032902605804190037285301907091865443511872780909337358499977323070554945362491120558481062474374010441479208921758922607624477388728235833881085870080.000000,-0.257375,767217925266335522519883445024076189285011550871142232477027495248711373983247735610388702049736613087710340681310587522844892777576906362265240880995955409648802515137759691563363653616862712159688752916061815970988032.000000,2183939385730308635208420668460933914736575353792636055752251780277989982624268939247965316352032902605804190037285301907091865443511872780909337358499977323070554945362491120558481062474374010441479208921758922607624477388728235833881085870080.000000,0.000000,0.000000,0.000000
23.678101,767217925266335522519883445024076189285011550871142232477027495248711373983247735610388702049736613087710340681310587522844892777576906362265240880995955409648802515137759691563363653616862712159688752916061815970988032.000000,2183939385730308635208420668460933914736575353792636055752251780277989982624268939247965316352032902605804190037285301907091865443511872780909337358499977323070554945362491120558481062474374010441479208921758922607624477388728235833881085870080.000000,-0.257375,767217925266335522519883445024076189285011550871142232477027495248711373983247735610388702049736613087710340681310587522844892777576906362265240880995955409648802515137759691563363653616862712159688752916061815970988032.000000,2183939385730308635208420668460933914736575353792636055752251780277989982624268939247965316352032902605804190037285301907091865443511872780909337358499977323070554945362491120558481062474374010441479208921758922607624477388728235833881085870080.000000,0.000000,0.000000,0.000000
23.711423,767217925266335522519883445024076189285011550871142232477027495248711373983247735610388702049736613087710340681310587522844892777576906362265240880995955409648802515137759691563363653616862712159688752916061815970988032.000000,2183939385730308635208420668460933914736575353792636055752251780277989982624268939247965316352032902605804190037285301907091865443511872780909337358499977323070554945362491120558481062474374010441479208921758922607624477388728235833881085870080.000000,-0.257375,767217925266335522519883445024076189285011550871142232477027495248711373983247735610388702049736613087710340681310587522844892777576906362265240880995955409648802515137759691563363653616862712159688752916061815970988032.000000,2183939385730308635208420668460933914736575353792636055752251780277989982624268939247965316352032902605804190037285301907091865443511872780909337358499977323070554945362491120558481062474374010441479208921758922607624477388728235833881085870080.000000,0.000000,0.000000,0.000000
23.744707,767217925266335522519883445024076189285011550871142232477027495248711373983247735610388702049736613087710340681310587522844892777576906362265240880995955409648802515137759691563363653616862712159688752916061815970988032.000000,2183939385730308635208420668460933914736575353792636055752251780277989982624268939247965316352032902605804190037285301907091865443511872780909337358499977323070554945362491120558481062474374010441479208921758922607624477388728235833881085870080.000000,-0.257375,767217925266335522519883445024076189285011550871142232477027495248711373983247735610388702049736613087710340681310587522844892777576906362265240880995955409648802515137759691563363653616862712159688752916061815970988032.000000,2183939385730308635208420668460933914736575353792636055752251780277989982624268939247965316352032902605804190037285301907091865443511872780909337358499977323070554945362491120558481062474374010441479208921758922607624477388728235833881085870080.000000,0.000000,0.000000,0.000000
23.777992,767217925266335522519883445024076189285011550871142232477027495248711373983247735610388702049736613087710340681310587522844892777576906362265240880995955409648802515137759691563363653616862712159688752916061815970988032.000000,2183939385730308635208420668460933914736575353792636055752251780277989982624268939247965316352032902605804190037285301907091865443511872780909337358499977323070554945362491120558481062474374010441479208921758922607624477388728235833881085870080.000000,-0.257375,767217925266335522519883445024076189285011550871142232477027495248711373983247735610388702049736613087710340681310587522844892777576906362265240880995955409648802515137759691563363653616862712159688752916061815970988032.000000,2183939385730308635208420668460933914736575353792636055752251780277989982624268939247965316352032902605804190037285301907091865443511872780909337358499977323070554945362491120558481062474374010441479208921758922607624477388728235833881085870080.000000,0.000000,0.000000,0.000000
23.816153,767217925266335522519883445024076189285011550871142232477027495248711373983247735610388702049736613087710340681310587522844892777576906362265240880995955409648802515137759691563363653616862712159688752916061815970988032.000000,2183939385730308635208420668460933914736575353792636055752251780277989982624268939247965316352032902605804190037285301907091865443511872780909337358499977323070554945362491120558481062474374010441479208921758922607624477388728235833881085870080.000000,-0.257375,767217925266335522519883445024076189285011550871142232477027495248711373983247735610388702049736613087710340681310587522844892777576906362265240880995955409648802515137759691563363653616862712159688752916061815970988032.000000,2183939385730308635208420668460933914736575353792636055752251780277989982624268939247965316352032902605804190037285301907091865443511872780909337358499977323070554945362491120558481062474374010441479208921758922607624477388728235833881085870080.000000,0.000000,0.000000,0.000000
23.850479,767217925266335522519883445024076189285011550871142232477027495248711373983247735610388702049736613087710340681310587522844892777576906362265240880995955409648802515137759691563363653616862712159688752916061815970988032.000000,2183939385730308635208420668460933914736575353792636055752251780277989982624268939247965316352032902605804190037285301907091865443511872780909337358499977323070554945362491120558481062474374010441479208921758922607624477388728235833881085870080.000000,-0.257375,767217925266335522519883445024076189285011550871142232477027495248711373983247735610388702049736613087710340681310587522844892777576906362265240880995955409648802515137759691563363653616862712159688752916061815970988032.000000,2183939385730308635208420668460933914736575353792636055752251780277989982624268939247965316352032902605804190037285301907091865443511872780909337358499977323070554945362491120558481062474374010441479208921758922607624477388728235833881085870080.000000,0.000000,0.000000,0.000000
23.879387,767217925266335522519883445024076189285011550871142232477027495248711373983247735610388702049736613087710340681310587522844892777576906362265240880995955409648802515137759691563363653616862712159688752916061815970988032.000000,2183939385730308635208420668460933914736575353792636055752251780277989982624268939247965316352032902605804190037285301907091865443511872780909337358499977323070554945362491120558481062474374010441479208921758922607624477388728235833881085870080.000000,-0.257375,767217925266335522519883445024076189285011550871142232477027495248711373983247735610388702049736613087710340681310587522844892777576906362265240880995955409648802515137759691563363653616862712159688752916061815970988032.000000,2183939385730308635208420668460933914736575353792636055752251780277989982624268939247965316352032902605804190037285301907091865443511872780909337358499977323070554945362491120558481062474374010441479208921758922607624477388728235833881085870080.000000,0.000000,0.000000,0.000000
23.913520,767217925266335522519883445024076189285011550871142232477027495248711373983247735610388702049736613087710340681310587522844892777576906362265240880995955409648802515137759691563363653616862712159688752916061815970988032.000000,2183939385730308635208420668460933914736575353792636055752251780277989982624268939247965316352032902605804190037285301907091865443511872780909337358499977323070554945362491120558481062474374010441479208921758922607624477388728235833881085870080.000000,-0.257375,767217925266335522519883445024076189285011550871142232477027495248711373983247735610388702049736613087710340681310587522844892777576906362265240880995955409648802515137759691563363653616862712159688752916061815970988032.000000,2183939385730308635208420668460933914736575353792636055752251780277989982624268939247965316352032902605804190037285301907091865443511872780909337358499977323070554945362491120558481062474374010441479208921758922607624477388728235833881085870080.000000,0.000000,0.000000,0.000000
23.944753,767217925266335522519883445024076189285011550871142232477027495248711373983247735610388702049736613087710340681310587522844892777576906362265240880995955409648802515137759691563363653616862712159688752916061815970988032.000000,2183939385730308635208420668460933914736575353792636055752251780277989982624268939247965316352032902605804190037285301907091865443511872780909337358499977323070554945362491120558481062474374010441479208921758922607624477388728235833881085870080.000000,-0.257375,767217925266335522519883445024076189285011550871142232477027495248711373983247735610388702049736613087710340681310587522844892777576906362265240880995955409648802515137759691563363653616862712159688752916061815970988032.000000,2183939385730308635208420668460933914736575353792636055752251780277989982624268939247965316352032902605804190037285301907091865443511872780909337358499977323070554945362491120558481062474374010441479208921758922607624477388728235833881085870080.000000,0.000000,0.000000,0.000000
23.977977,767217925266335522519883445024076189285011550871142232477027495248711373983247735610388702049736613087710340681310587522844892777576906362265240880995955409648802515137759691563363653616862712159688752916061815970988032.000000,2183939385730308635208420668460933914736575353792636055752251780277989982624268939247965316352032902605804190037285301907091865443511872780909337358499977323070554945362491120558481062474374010441479208921758922607624477388728235833881085870080.000000,-0.257375,767217925266335522519883445024076189285011550871142232477027495248711373983247735610388702049736613087710340681310587522844892777576906362265240880995955409648802515137759691563363653616862712159688752916061815970988032.000000,2183939385730308635208420668460933914736575353792636055752251780277989982624268939247965316352032902605804190037285301907091865443511872780909337358499977323070554945362491120558481062474374010441479208921758922607624477388728235833881085870080.000000,0.000000,0.000000,0.000000
24.023167,767217925266335522519883445024076189285011550871142232477027495248711373983247735610388702049736613087710340681310587522844892777576906362265240880995955409648802515137759691563363653616862712159688752916061815970988032.000000,2183939385730308635208420668460933914736575353792636055752251780277989982624268939247965316352032902605804190037285301907091865443511872780909337358499977323070554945362491120558481062474374010441479208921758922607624477388728235833881085870080.000000,-0.257375,767217925266335522519883445024076189285011550871142232477027495248711373983247735610388702049736613087710340681310587522844892777576906362265240880995955409648802515137759691563363653616862712159688752916061815970988032.000000,2183939385730308635208420668460933914736575353792636055752251780277989982624268939247965316352032902605804190037285301907091865443511872780909337358499977323070554945362491120558481062474374010441479208921758922607624477388728235833881085870080.000000,0.000000,0.000000,0.000000
24.044686,767217925266335522519883445024076189285011550871142232477027495248711373983247735610388702049736613087710340681310587522844892777576906362265240880995955409648802515137759691563363653616862712159688752916061815970988032.000000,2183939385730308635208420668460933914736575353792636055752251780277989982624268939247965316352032902605804190037285301907091865443511872780909337358499977323070554945362491120558481062474374010441479208921758922607624477388728235833881085870080.000000,-0.257375,767217925266335522519883445024076189285011550871142232477027495248711373983247735610388702049736613087710340681310587522844892777576906362265240880995955409648802515137759691563363653616862712159688752916061815970988032.000000,2183939385730308635208420668460933914736575353792636055752251780277989982624268939247965316352032902605804190037285301907091865443511872780909337358499977323070554945362491120558481062474374010441479208921758922607624477388728235833881085870080.000000,0.000000,0.000000,0.000000
24.078426,767217925266335522519883445024076189285011550871142232477027495248711373983247735610388702049736613087710340681310587522844892777576906362265240880995955409648802515137759691563363653616862712159688752916061815970988032.000000,2183939385730308635208420668460933914736575353792636055752251780277989982624268939247965316352032902605804190037285301907091865443511872780909337358499977323070554945362491120558481062474374010441479208921758922607624477388728235833881085870080.000000,-0.257375,767217925266335522519883445024076189285011550871142232477027495248711373983247735610388702049736613087710340681310587522844892777576906362265240880995955409648802515137759691563363653616862712159688752916061815970988032.000000,2183939385730308635208420668460933914736575353792636055752251780277989982624268939247965316352032902605804190037285301907091865443511872780909337358499977323070554945362491120558481062474374010441479208921758922607624477388728235833881085870080.000000,0.000000,0.000000,0.000000
24.111487,767217925266335522519883445024076189285011550871142232477027495248711373983247735610388702049736613087710340681310587522844892777576906362265240880995955409648802515137759691563363653616862712159688752916061815970988032.000000,2183939385730308635208420668460933914736575353792636055752251780277989982624268939247965316352032902605804190037285301907091865443511872780909337358499977323070554945362491120558481062474374010441479208921758922607624477388728235833881085870080.000000,-0.257375,767217925266335522519883445024076189285011550871142232477027495248711373983247735610388702049736613087710340681310587522844892777576906362265240880995955409648802515137759691563363653616862712159688752916061815970988032.000000,2183939385730308635208420668460933914736575353792636055752251780277989982624268939247965316352032902605804190037285301907091865443511872780909337358499977323070554945362491120558481062474374010441479208921758922607624477388728235833881085870080.000000,0.000000,0.000000,0.000000
24.144788,767217925266335522519883445024076189285011550871142232477027495248711373983247735610388702049736613087710340681310587522844892777576906362265240880995955409648802515137759691563363653616862712159688752916061815970988032.000000,2183939385730308635208420668460933914736575353792636055752251780277989982624268939247965316352032902605804190037285301907091865443511872780909337358499977323070554945362491120558481062474374010441479208921758922607624477388728235833881085870080.000000,-0.257375,767217925266335522519883445024076189285011550871142232477027495248711373983247735610388702049736613087710340681310587522844892777576906362265240880995955409648802515137759691563363653616862712159688752916061815970988032.000000,2183939385730308635208420668460933914736575353792636055752251780277989982624268939247965316352032902605804190037285301907091865443511872780909337358499977323070554945362491120558481062474374010441479208921758922607624477388728235833881085870080.000000,0.000000,0.000000,0.000000
24.178259,767217925266335522519883445024076189285011550871142232477027495248711373983247735610388702049736613087710340681310587522844892777576906362265240880995955409648802515137759691563363653616862712159688752916061815970988032.000000,2183939385730308635208420668460933914736575353792636055752251780277989982624268939247965316352032902605804190037285301907091865443511872780909337358499977323070554945362491120558481062474374010441479208921758922607624477388728235833881085870080.000000,-0.257375,767217925266335522519883445024076189285011550871142232477027495248711373983247735610388702049736613087710340681310587522844892777576906362265240880995955409648802515137759691563363653616862712159688752916061815970988032.000000,2183939385730308635208420668460933914736575353792636055752251780277989982624268939247965316352032902605804190037285301907091865443511872780909337358499977323070554945362491120558481062474374010441479208921758922607624477388728235833881085870080.000000,0.000000,0.000000,0.000000
24.212855,767217925266335522519883445024076189285011550871142232477027495248711373983247735610388702049736613087710340681310587522844892777576906362265240880995955409648802515137759691563363653616862712159688752916061815970988032.000000,2183939385730308635208420668460933914736575353792636055752251780277989982624268939247965316352032902605804190037285301907091865443511872780909337358499977323070554945362491120558481062474374010441479208921758922607624477388728235833881085870080.000000,-0.257375,767217925266335522519883445024076189285011550871142232477027495248711373983247735610388702049736613087710340681310587522844892777576906362265240880995955409648802515137759691563363653616862712159688752916061815970988032.000000,2183939385730308635208420668460933914736575353792636055752251780277989982624268939247965316352032902605804190037285301907091865443511872780909337358499977323070554945362491120558481062474374010441479208921758922607624477388728235833881085870080.000000,0.000000,0.000000,0.000000
24.245760,767217925266335522519883445024076189285011550871142232477027495248711373983247735610388702049736613087710340681310587522844892777576906362265240880995955409648802515137759691563363653616862712159688752916061815970988032.000000,2183939385730308635208420668460933914736575353792636055752251780277989982624268939247965316352032902605804190037285301907091865443511872780909337358499977323070554945362491120558481062474374010441479208921758922607624477388728235833881085870080.000000,-0.257375,767217925266335522519883445024076189285011550871142232477027495248711373983247735610388702049736613087710340681310587522844892777576906362265240880995955409648802515137759691563363653616862712159688752916061815970988032.000000,2183939385730308635208420668460933914736575353792636055752251780277989982624268939247965316352032902605804190037285301907091865443511872780909337358499977323070554945362491120558481062474374010441479208921758922607624477388728235833881085870080.000000,0.000000,0.000000,0.000000
24.279112,767217925266335522519883445024076189285011550871142232477027495248711373983247735610388702049736613087710340681310587522844892777576906362265240880995955409648802515137759691563363653616862712159688752916061815970988032.000000,2183939385730308635208420668460933914736575353792636055752251780277989982624268939247965316352032902605804190037285301907091865443511872780909337358499977323070554945362491120558481062474374010441479208921758922607624477388728235833881085870080.000000,-0.257375,767217925266335522519883445024076189285011550871142232477027495248711373983247735610388702049736613087710340681310587522844892777576906362265240880995955409648802515137759691563363653616862712159688752916061815970988032.000000,2183939385730308635208420668460933914736575353792636055752251780277989982624268939247965316352032902605804190037285301907091865443511872780909337358499977323070554945362491120558481062474374010441479208921758922607624477388728235833881085870080.000000,0.000000,0.000000,0.000000
24.311837,767217925266335522519883445024076189285011550871142232477027495248711373983247735610388702049736613087710340681310587522844892777576906362265240880995955409648802515137759691563363653616862712159688752916061815970988032.000000,2183939385730308635208420668460933914736575353792636055752251780277989982624268939247965316352032902605804190037285301907091865443511872780909337358499977323070554945362491120558481062474374010441479208921758922607624477388728235833881085870080.000000,-0.257375,767217925266335522519883445024076189285011550871142232477027495248711373983247735610388702049736613087710340681310587522844892777576906362265240880995955409648802515137759691563363653616862712159688752916061815970988032.000000,2183939385730308635208420668460933914736575353792636055752251780277989982624268939247965316352032902605804190037285301907091865443511872780909337358499977323070554945362491120558481062474374010441479208921758922607624477388728235833881085870080.000000,0.000000,0.000000,0.000000
24.345100,767217925266335522519883445024076189285011550871142232477027495248711373983247735610388702049736613087710340681310587522844892777576906362265240880995955409648802515137759691563363653616862712159688752916061815970988032.000000,2183939385730308635208420668460933914736575353792636055752251780277989982624268939247965316352032902605804190037285301907091865443511872780909337358499977323070554945362491120558481062474374010441479208921758922607624477388728235833881085870080.000000,-0.257375,767217925266335522519883445024076189285011550871142232477027495248711373983247735610388702049736613087710340681310587522844892777576906362265240880995955409648802515137759691563363653616862712159688752916061815970988032.000000,2183939385730308635208420668460933914736575353792636055752251780277989982624268939247965316352032902605804190037285301907091865443511872780909337358499977323070554945362491120558481062474374010441479208921758922607624477388728235833881085870080.000000,0.000000,0.000000,0.000000
24.378218,767217925266335522519883445024076189285011550871142232477027495248711373983247735610388702049736613087710340681310587522844892777576906362265240880995955409648802515137759691563363653616862712159688752916061815970988032.000000,2183939385730308635208420668460933914736575353792636055752251780277989982624268939247965316352032902605804190037285301907091865443511872780909337358499977323070554945362491120558481062474374010441479208921758922607624477388728235833881085870080.000000,-0.257375,767217925266335522519883445024076189285011550871142232477027495248711373983247735610388702049736613087710340681310587522844892777576906362265240880995955409648802515137759691563363653616862712159688752916061815970988032.000000,2183939385730308635208420668460933914736575353792636055752251780277989982624268939247965316352032902605804190037285301907091865443511872780909337358499977323070554945362491120558481062474374010441479208921758922607624477388728235833881085870080.000000,0.000000,0.000000,0.000000
24.411441,767217925266335522519883445024076189285011550871142232477027495248711373983247735610388702049736613087710340681310587522844892777576906362265240880995955409648802515137759691563363653616862712159688752916061815970988032.000000,2183939385730308635208420668460933914736575353792636055752251780277989982624268939247965316352032902605804190037285301907091865443511872780909337358499977323070554945362491120558481062474374010441479208921758922607624477388728235833881085870080.000000,-0.257375,767217925266335522519883445024076189285011550871142232477027495248711373983247735610388702049736613087710340681310587522844892777576906362265240880995955409648802515137759691563363653616862712159688752916061815970988032.000000,2183939385730308635208420668460933914736575353792636055752251780277989982624268939247965316352032902605804190037285301907091865443511872780909337358499977323070554945362491120558481062474374010441479208921758922607624477388728235833881085870080.000000,0.000000,0.000000,0.000000
24.445149,767217925266335522519883445024076189285011550871142232477027495248711373983247735610388702049736613087710340681310587522844892777576906362265240880995955409648802515137759691563363653616862712159688752916061815970988032.000000,2183939385730308635208420668460933914736575353792636055752251780277989982624268939247965316352032902605804190037285301907091865443511872780909337358499977323070554945362491120558481062474374010441479208921758922607624477388728235833881085870080.000000,-0.257375,767217925266335522519883445024076189285011550871142232477027495248711373983247735610388702049736613087710340681310587522844892777576906362265240880995955409648802515137759691563363653616862712159688752916061815970988032.000000,2183939385730308635208420668460933914736575353792636055752251780277989982624268939247965316352032902605804190037285301907091865443511872780909337358499977323070554945362491120558481062474374010441479208921758922607624477388728235833881085870080.000000,0.000000,0.000000,0.000000
24.478232,767217925266335522519883445024076189285011550871142232477027495248711373983247735610388702049736613087710340681310587522844892777576906362265240880995955409648802515137759691563363653616862712159688752916061815970988032.000000,2183939385730308635208420668460933914736575353792636055752251780277989982624268939247965316352032902605804190037285301907091865443511872780909337358499977323070554945362491120558481062474374010441479208921758922607624477388728235833881085870080.000000,-0.257375,767217925266335522519883445024076189285011550871142232477027495248711373983247735610388702049736613087710340681310587522844892777576906362265240880995955409648802515137759691563363653616862712159688752916061815970988032.000000,2183939385730308635208420668460933914736575353792636055752251780277989982624268939247965316352032902605804190037285301907091865443511872780909337358499977323070554945362491120558481062474374010441479208921758922607624477388728235833881085870080.000000,0.000000,0.000000,0.000000
24.511502,767217925266335522519883445024076189285011550871142232477027495248711373983247735610388702049736613087710340681310587522844892777576906362265240880995955409648802515137759691563363653616862712159688752916061815970988032.000000,2183939385730308635208420668460933914736575353792636055752251780277989982624268939247965316352032902605804190037285301907091865443511872780909337358499977323070554945362491120558481062474374010441479208921758922607624477388728235833881085870080.000000,-0.257375,767217925266335522519883445024076189285011550871142232477027495248711373983247735610388702049736613087710340681310587522844892777576906362265240880995955409648802515137759691563363653616862712159688752916061815970988032.000000,2183939385730308635208420668460933914736575353792636055752251780277989982624268939247965316352032902605804190037285301907091865443511872780909337358499977323070554945362491120558481062474374010441479208921758922607624477388728235833881085870080.000000,0.000000,0.000000,0.000000
24.548179,767217925266335522519883445024076189285011550871142232477027495248711373983247735610388702049736613087710340681310587522844892777576906362265240880995955409648802515137759691563363653616862712159688752916061815970988032.000000,2183939385730308635208420668460933914736575353792636055752251780277989982624268939247965316352032902605804190037285301907091865443511872780909337358499977323070554945362491120558481062474374010441479208921758922607624477388728235833881085870080.000000,-0.257375,767217925266335522519883445024076189285011550871142232477027495248711373983247735610388702049736613087710340681310587522844892777576906362265240880995955409648802515137759691563363653616862712159688752916061815970988032.000000,2183939385730308635208420668460933914736575353792636055752251780277989982624268939247965316352032902605804190037285301907091865443511872780909337358499977323070554945362491120558481062474374010441479208921758922607624477388728235833881085870080.000000,0.000000,0.000000,0.000000
24.578149,767217925266335522519883445024076189285011550871142232477027495248711373983247735610388702049736613087710340681310587522844892777576906362265240880995955409648802515137759691563363653616862712159688752916061815970988032.000000,2183939385730308635208420668460933914736575353792636055752251780277989982624268939247965316352032902605804190037285301907091865443511872780909337358499977323070554945362491120558481062474374010441479208921758922607624477388728235833881085870080.000000,-0.257375,767217925266335522519883445024076189285011550871142232477027495248711373983247735610388702049736613087710340681310587522844892777576906362265240880995955409648802515137759691563363653616862712159688752916061815970988032.000000,2183939385730308635208420668460933914736575353792636055752251780277989982624268939247965316352032902605804190037285301907091865443511872780909337358499977323070554945362491120558481062474374010441479208921758922607624477388728235833881085870080.000000,0.000000,0.000000,0.000000
24.611964,767217925266335522519883445024076189285011550871142232477027495248711373983247735610388702049736613087710340681310587522844892777576906362265240880995955409648802515137759691563363653616862712159688752916061815970988032.000000,2183939385730308635208420668460933914736575353792636055752251780277989982624268939247965316352032902605804190037285301907091865443511872780909337358499977323070554945362491120558481062474374010441479208921758922607624477388728235833881085870080.000000,-0.257375,767217925266335522519883445024076189285011550871142232477027495248711373983247735610388702049736613087710340681310587522844892777576906362265240880995955409648802515137759691563363653616862712159688752916061815970988032.000000,2183939385730308635208420668460933914736575353792636055752251780277989982624268939247965316352032902605804190037285301907091865443511872780909337358499977323070554945362491120558481062474374010441479208921758922607624477388728235833881085870080.000000,0.000000,0.000000,0.000000
24.644963,767217925266335522519883445024076189285011550871142232477027495248711373983247735610388702049736613087710340681310587522844892777576906362265240880995955409648802515137759691563363653616862712159688752916061815970988032.000000,2183939385730308635208420668460933914736575353792636055752251780277989982624268939247965316352032902605804190037285301907091865443511872780909337358499977323070554945362491120558481062474374010441479208921758922607624477388728235833881085870080.000000,-0.257375,767217925266335522519883445024076189285011550871142232477027495248711373983247735610388702049736613087710340681310587522844892777576906362265240880995955409648802515137759691563363653616862712159688752916061815970988032.000000,2183939385730308635208420668460933914736575353792636055752251780277989982624268939247965316352032902605804190037285301907091865443511872780909337358499977323070554945362491120558481062474374010441479208921758922607624477388728235833881085870080.000000,0.000000,0.000000,0.000000
24.678297,767217925266335522519883445024076189285011550871142232477027495248711373983247735610388702049736613087710340681310587522844892777576906362265240880995955409648802515137759691563363653616862712159688752916061815970988032.000000,2183939385730308635208420668460933914736575353792636055752251780277989982624268939247965316352032902605804190037285301907091865443511872780909337358499977323070554945362491120558481062474374010441479208921758922607624477388728235833881085870080.000000,-0.257375,767217925266335522519883445024076189285011550871142232477027495248711373983247735610388702049736613087710340681310587522844892777576906362265240880995955409648802515137759691563363653616862712159688752916061815970988032.000000,2183939385730308635208420668460933914736575353792636055752251780277989982624268939247965316352032902605804190037285301907091865443511872780909337358499977323070554945362491120558481062474374010441479208921758922607624477388728235833881085870080.000000,0.000000,0.000000,0.000000
24.711834,767217925266335522519883445024076189285011550871142232477027495248711373983247735610388702049736613087710340681310587522844892777576906362265240880995955409648802515137759691563363653616862712159688752916061815970988032.000000,2183939385730308635208420668460933914736575353792636055752251780277989982624268939247965316352032902605804190037285301907091865443511872780909337358499977323070554945362491120558481062474374010441479208921758922607624477388728235833881085870080.000000,-0.257375,767217925266335522519883445024076189285011550871142232477027495248711373983247735610388702049736613087710340681310587522844892777576906362265240880995955409648802515137759691563363653616862712159688752916061815970988032.000000,2183939385730308635208420668460933914736575353792636055752251780277989982624268939247965316352032902605804190037285301907091865443511872780909337358499977323070554945362491120558481062474374010441479208921758922607624477388728235833881085870080.000000,0.000000,0.000000,0.000000
24.744875,767217925266335522519883445024076189285011550871142232477027495248711373983247735610388702049736613087710340681310587522844892777576906362265240880995955409648802515137759691563363653616862712159688752916061815970988032.000000,2183939385730308635208420668460933914736575353792636055752251780277989982624268939247965316352032902605804190037285301907091865443511872780909337358499977323070554945362491120558481062474374010441479208921758922607624477388728235833881085870080.000000,-0.257375,767217925266335522519883445024076189285011550871142232477027495248711373983247735610388702049736613087710340681310587522844892777576906362265240880995955409648802515137759691563363653616862712159688752916061815970988032.000000,2183939385730308635208420668460933914736575353792636055752251780277989982624268939247965316352032902605804190037285301907091865443511872780909337358499977323070554945362491120558481062474374010441479208921758922607624477388728235833881085870080.000000,0.000000,0.000000,0.000000
24.778187,767217925266335522519883445024076189285011550871142232477027495248711373983247735610388702049736613087710340681310587522844892777576906362265240880995955409648802515137759691563363653616862712159688752916061815970988032.000000,2183939385730308635208420668460933914736575353792636055752251780277989982624268939247965316352032902605804190037285301907091865443511872780909337358499977323070554945362491120558481062474374010441479208921758922607624477388728235833881085870080.000000,-0.257375,767217925266335522519883445024076189285011550871142232477027495248711373983247735610388702049736613087710340681310587522844892777576906362265240880995955409648802515137759691563363653616862712159688752916061815970988032.000000,2183939385730308635208420668460933914736575353792636055752251780277989982624268939247965316352032902605804190037285301907091865443511872780909337358499977323070554945362491120558481062474374010441479208921758922607624477388728235833881085870080.000000,0.000000,0.000000,0.000000
24.811654,767217925266335522519883445024076189285011550871142232477027495248711373983247735610388702049736613087710340681310587522844892777576906362265240880995955409648802515137759691563363653616862712159688752916061815970988032.000000,2183939385730308635208420668460933914736575353792636055752251780277989982624268939247965316352032902605804190037285301907091865443511872780909337358499977323070554945362491120558481062474374010441479208921758922607624477388728235833881085870080.000000,-0.257375,767217925266335522519883445024076189285011550871142232477027495248711373983247735610388702049736613087710340681310587522844892777576906362265240880995955409648802515137759691563363653616862712159688752916061815970988032.000000,2183939385730308635208420668460933914736575353792636055752251780277989982624268939247965316352032902605804190037285301907091865443511872780909337358499977323070554945362491120558481062474374010441479208921758922607624477388728235833881085870080.000000,0.000000,0.000000,0.000000
24.844874,767217925266335522519883445024076189285011550871142232477027495248711373983247735610388702049736613087710340681310587522844892777576906362265240880995955409648802515137759691563363653616862712159688752916061815970988032.000000,2183939385730308635208420668460933914736575353792636055752251780277989982624268939247965316352032902605804190037285301907091865443511872780909337358499977323070554945362491120558481062474374010441479208921758922607624477388728235833881085870080.000000,-0.257375,767217925266335522519883445024076189285011550871142232477027495248711373983247735610388702049736613087710340681310587522844892777576906362265240880995955409648802515137759691563363653616862712159688752916061815970988032.000000,2183939385730308635208420668460933914736575353792636055752251780277989982624268939247965316352032902605804190037285301907091865443511872780909337358499977323070554945362491120558481062474374010441479208921758922607624477388728235833881085870080.000000,0.000000,0.000000,0.000000
24.878307,767217925266335522519883445024076189285011550871142232477027495248711373983247735610388702049736613087710340681310587522844892777576906362265240880995955409648802515137759691563363653616862712159688752916061815970988032.000000,2183939385730308635208420668460933914736575353792636055752251780277989982624268939247965316352032902605804190037285301907091865443511872780909337358499977323070554945362491120558481062474374010441479208921758922607624477388728235833881085870080.000000,-0.257375,767217925266335522519883445024076189285011550871142232477027495248711373983247735610388702049736613087710340681310587522844892777576906362265240880995955409648802515137759691563363653616862712159688752916061815970988032.000000,2183939385730308635208420668460933914736575353792636055752251780277989982624268939247965316352032902605804190037285301907091865443511872780909337358499977323070554945362491120558481062474374010441479208921758922607624477388728235833881085870080.000000,0.000000,0.000000,0.000000
24.911576,767217925266335522519883445024076189285011550871142232477027495248711373983247735610388702049736613087710340681310587522844892777576906362265240880995955409648802515137759691563363653616862712159688752916061815970988032.000000,2183939385730308635208420668460933914736575353792636055752251780277989982624268939247965316352032902605804190037285301907091865443511872780909337358499977323070554945362491120558481062474374010441479208921758922607624477388728235833881085870080.000000,-0.257375,767217925266335522519883445024076189285011550871142232477027495248711373983247735610388702049736613087710340681310587522844892777576906362265240880995955409648802515137759691563363653616862712159688752916061815970988032.000000,2183939385730308635208420668460933914736575353792636055752251780277989982624268939247965316352032902605804190037285301907091865443511872780909337358499977323070554945362491120558481062474374010441479208921758922607624477388728235833881085870080.000000,0.000000,0.000000,0.000000
24.944991,767217925266335522519883445024076189285011550871142232477027495248711373983247735610388702049736613087710340681310587522844892777576906362265240880995955409648802515137759691563363653616862712159688752916061815970988032.000000,2183939385730308635208420668460933914736575353792636055752251780277989982624268939247965316352032902605804190037285301907091865443511872780909337358499977323070554945362491120558481062474374010441479208921758922607624477388728235833881085870080.000000,-0.257375,767217925266335522519883445024076189285011550871142232477027495248711373983247735610388702049736613087710340681310587522844892777576906362265240880995955409648802515137759691563363653616862712159688752916061815970988032.000000,2183939385730308635208420668460933914736575353792636055752251780277989982624268939247965316352032902605804190037285301907091865443511872780909337358499977323070554945362491120558481062474374010441479208921758922607624477388728235833881085870080.000000,0.000000,0.000000,0.000000
25.001478,767217925266335522519883445024076189285011550871142232477027495248711373983247735610388702049736613087710340681310587522844892777576906362265240880995955409648802515137759691563363653616862712159688752916061815970988032.000000,2183939385730308635208420668460933914736575353792636055752251780277989982624268939247965316352032902605804190037285301907091865443511872780909337358499977323070554945362491120558481062474374010441479208921758922607624477388728235833881085870080.000000,-0.257375,767217925266335522519883445024076189285011550871142232477027495248711373983247735610388702049736613087710340681310587522844892777576906362265240880995955409648802515137759691563363653616862712159688752916061815970988032.000000,2183939385730308635208420668460933914736575353792636055752251780277989982624268939247965316352032902605804190037285301907091865443511872780909337358499977323070554945362491120558481062474374010441479208921758922607624477388728235833881085870080.000000,0.000000,0.000000,0.000000
25.011308,767217925266335522519883445024076189285011550871142232477027495248711373983247735610388702049736613087710340681310587522844892777576906362265240880995955409648802515137759691563363653616862712159688752916061815970988032.000000,2183939385730308635208420668460933914736575353792636055752251780277989982624268939247965316352032902605804190037285301907091865443511872780909337358499977323070554945362491120558481062474374010441479208921758922607624477388728235833881085870080.000000,-0.257375,767217925266335522519883445024076189285011550871142232477027495248711373983247735610388702049736613087710340681310587522844892777576906362265240880995955409648802515137759691563363653616862712159688752916061815970988032.000000,2183939385730308635208420668460933914736575353792636055752251780277989982624268939247965316352032902605804190037285301907091865443511872780909337358499977323070554945362491120558481062474374010441479208921758922607624477388728235833881085870080.000000,0.000000,0.000000,0.000000
25.045416,767217925266335522519883445024076189285011550871142232477027495248711373983247735610388702049736613087710340681310587522844892777576906362265240880995955409648802515137759691563363653616862712159688752916061815970988032.000000,2183939385730308635208420668460933914736575353792636055752251780277989982624268939247965316352032902605804190037285301907091865443511872780909337358499977323070554945362491120558481062474374010441479208921758922607624477388728235833881085870080.000000,-0.257375,767217925266335522519883445024076189285011550871142232477027495248711373983247735610388702049736613087710340681310587522844892777576906362265240880995955409648802515137759691563363653616862712159688752916061815970988032.000000,2183939385730308635208420668460933914736575353792636055752251780277989982624268939247965316352032902605804190037285301907091865443511872780909337358499977323070554945362491120558481062474374010441479208921758922607624477388728235833881085870080.000000,0.000000,0.000000,0.000000
25.078863,767217925266335522519883445024076189285011550871142232477027495248711373983247735610388702049736613087710340681310587522844892777576906362265240880995955409648802515137759691563363653616862712159688752916061815970988032.000000,2183939385730308635208420668460933914736575353792636055752251780277989982624268939247965316352032902605804190037285301907091865443511872780909337358499977323070554945362491120558481062474374010441479208921758922607624477388728235833881085870080.000000,-0.257375,767217925266335522519883445024076189285011550871142232477027495248711373983247735610388702049736613087710340681310587522844892777576906362265240880995955409648802515137759691563363653616862712159688752916061815970988032.000000,2183939385730308635208420668460933914736575353792636055752251780277989982624268939247965316352032902605804190037285301907091865443511872780909337358499977323070554945362491120558481062474374010441479208921758922607624477388728235833881085870080.000000,0.000000,0.000000,0.000000
25.111578,767217925266335522519883445024076189285011550871142232477027495248711373983247735610388702049736613087710340681310587522844892777576906362265240880995955409648802515137759691563363653616862712159688752916061815970988032.000000,2183939385730308635208420668460933914736575353792636055752251780277989982624268939247965316352032902605804190037285301907091865443511872780909337358499977323070554945362491120558481062474374010441479208921758922607624477388728235833881085870080.000000,-0.257375,767217925266335522519883445024076189285011550871142232477027495248711373983247735610388702049736613087710340681310587522844892777576906362265240880995955409648802515137759691563363653616862712159688752916061815970988032.000000,2183939385730308635208420668460933914736575353792636055752251780277989982624268939247965316352032902605804190037285301907091865443511872780909337358499977323070554945362491120558481062474374010441479208921758922607624477388728235833881085870080.000000,0.000000,0.000000,0.000000
25.144898,767217925266335522519883445024076189285011550871142232477027495248711373983247735610388702049736613087710340681310587522844892777576906362265240880995955409648802515137759691563363653616862712159688752916061815970988032.000000,2183939385730308635208420668460933914736575353792636055752251780277989982624268939247965316352032902605804190037285301907091865443511872780909337358499977323070554945362491120558481062474374010441479208921758922607624477388728235833881085870080.000000,-0.257375,767217925266335522519883445024076189285011550871142232477027495248711373983247735610388702049736613087710340681310587522844892777576906362265240880995955409648802515137759691563363653616862712159688752916061815970988032.000000,2183939385730308635208420668460933914736575353792636055752251780277989982624268939247965316352032902605804190037285301907091865443511872780909337358499977323070554945362491120558481062474374010441479208921758922607624477388728235833881085870080.000000,0.000000,0.000000,0.000000
25.178127,767217925266335522519883445024076189285011550871142232477027495248711373983247735610388702049736613087710340681310587522844892777576906362265240880995955409648802515137759691563363653616862712159688752916061815970988032.000000,2183939385730308635208420668460933914736575353792636055752251780277989982624268939247965316352032902605804190037285301907091865443511872780909337358499977323070554945362491120558481062474374010441479208921758922607624477388728235833881085870080.000000,-0.257375,767217925266335522519883445024076189285011550871142232477027495248711373983247735610388702049736613087710340681310587522844892777576906362265240880995955409648802515137759691563363653616862712159688752916061815970988032.000000,2183939385730308635208420668460933914736575353792636055752251780277989982624268939247965316352032902605804190037285301907091865443511872780909337358499977323070554945362491120558481062474374010441479208921758922607624477388728235833881085870080.000000,0.000000,0.000000,0.000000
25.211645,767217925266335522519883445024076189285011550871142232477027495248711373983247735610388702049736613087710340681310587522844892777576906362265240880995955409648802515137759691563363653616862712159688752916061815970988032.000000,2183939385730308635208420668460933914736575353792636055752251780277989982624268939247965316352032902605804190037285301907091865443511872780909337358499977323070554945362491120558481062474374010441479208921758922607624477388728235833881085870080.000000,-0.257375,767217925266335522519883445024076189285011550871142232477027495248711373983247735610388702049736613087710340681310587522844892777576906362265240880995955409648802515137759691563363653616862712159688752916061815970988032.000000,2183939385730308635208420668460933914736575353792636055752251780277989982624268939247965316352032902605804190037285301907091865443511872780909337358499977323070554945362491120558481062474374010441479208921758922607624477388728235833881085870080.000000,0.000000,0.000000,0.000000
25.244743,767217925266335522519883445024076189285011550871142232477027495248711373983247735610388702049736613087710340681310587522844892777576906362265240880995955409648802515137759691563363653616862712159688752916061815970988032.000000,2183939385730308635208420668460933914736575353792636055752251780277989982624268939247965316352032902605804190037285301907091865443511872780909337358499977323070554945362491120558481062474374010441479208921758922607624477388728235833881085870080.000000,-0.257375,767217925266335522519883445024076189285011550871142232477027495248711373983247735610388702049736613087710340681310587522844892777576906362265240880995955409648802515137759691563363653616862712159688752916061815970988032.000000,2183939385730308635208420668460933914736575353792636055752251780277989982624268939247965316352032902605804190037285301907091865443511872780909337358499977323070554945362491120558481062474374010441479208921758922607624477388728235833881085870080.000000,0.000000,0.000000,0.000000
25.278273,767217925266335522519883445024076189285011550871142232477027495248711373983247735610388702049736613087710340681310587522844892777576906362265240880995955409648802515137759691563363653616862712159688752916061815970988032.000000,2183939385730308635208420668460933914736575353792636055752251780277989982624268939247965316352032902605804190037285301907091865443511872780909337358499977323070554945362491120558481062474374010441479208921758922607624477388728235833881085870080.000000,-0.257375,767217925266335522519883445024076189285011550871142232477027495248711373983247735610388702049736613087710340681310587522844892777576906362265240880995955409648802515137759691563363653616862712159688752916061815970988032.000000,2183939385730308635208420668460933914736575353792636055752251780277989982624268939247965316352032902605804190037285301907091865443511872780909337358499977323070554945362491120558481062474374010441479208921758922607624477388728235833881085870080.000000,0.000000,0.000000,0.000000
25.311307,767217925266335522519883445024076189285011550871142232477027495248711373983247735610388702049736613087710340681310587522844892777576906362265240880995955409648802515137759691563363653616862712159688752916061815970988032.000000,2183939385730308635208420668460933914736575353792636055752251780277989982624268939247965316352032902605804190037285301907091865443511872780909337358499977323070554945362491120558481062474374010441479208921758922607624477388728235833881085870080.000000,-0.257375,767217925266335522519883445024076189285011550871142232477027495248711373983247735610388702049736613087710340681310587522844892777576906362265240880995955409648802515137759691563363653616862712159688752916061815970988032.000000,2183939385730308635208420668460933914736575353792636055752251780277989982624268939247965316352032902605804190037285301907091865443511872780909337358499977323070554945362491120558481062474374010441479208921758922607624477388728235833881085870080.000000,0.000000,0.000000,0.000000
25.344747,767217925266335522519883445024076189285011550871142232477027495248711373983247735610388702049736613087710340681310587522844892777576906362265240880995955409648802515137759691563363653616862712159688752916061815970988032.000000,2183939385730308635208420668460933914736575353792636055752251780277989982624268939247965316352032902605804190037285301907091865443511872780909337358499977323070554945362491120558481062474374010441479208921758922607624477388728235833881085870080.000000,-0.257375,767217925266335522519883445024076189285011550871142232477027495248711373983247735610388702049736613087710340681310587522844892777576906362265240880995955409648802515137759691563363653616862712159688752916061815970988032.000000,2183939385730308635208420668460933914736575353792636055752251780277989982624268939247965316352032902605804190037285301907091865443511872780909337358499977323070554945362491120558481062474374010441479208921758922607624477388728235833881085870080.000000,0.000000,0.000000,0.000000
25.378084,767217925266335522519883445024076189285011550871142232477027495248711373983247735610388702049736613087710340681310587522844892777576906362265240880995955409648802515137759691563363653616862712159688752916061815970988032.000000,2183939385730308635208420668460933914736575353792636055752251780277989982624268939247965316352032902605804190037285301907091865443511872780909337358499977323070554945362491120558481062474374010441479208921758922607624477388728235833881085870080.000000,-0.257375,767217925266335522519883445024076189285011550871142232477027495248711373983247735610388702049736613087710340681310587522844892777576906362265240880995955409648802515137759691563363653616862712159688752916061815970988032.000000,2183939385730308635208420668460933914736575353792636055752251780277989982624268939247965316352032902605804190037285301907091865443511872780909337358499977323070554945362491120558481062474374010441479208921758922607624477388728235833881085870080.000000,0.000000,0.000000,0.000000
25.411550,767217925266335522519883445024076189285011550871142232477027495248711373983247735610388702049736613087710340681310587522844892777576906362265240880995955409648802515137759691563363653616862712159688752916061815970988032.000000,2183939385730308635208420668460933914736575353792636055752251780277989982624268939247965316352032902605804190037285301907091865443511872780909337358499977323070554945362491120558481062474374010441479208921758922607624477388728235833881085870080.000000,-0.257375,767217925266335522519883445024076189285011550871142232477027495248711373983247735610388702049736613087710340681310587522844892777576906362265240880995955409648802515137759691563363653616862712159688752916061815970988032.000000,2183939385730308635208420668460933914736575353792636055752251780277989982624268939247965316352032902605804190037285301907091865443511872780909337358499977323070554945362491120558481062474374010441479208921758922607624477388728235833881085870080.000000,0.000000,0.000000,0.000000
25.448268,767217925266335522519883445024076189285011550871142232477027495248711373983247735610388702049736613087710340681310587522844892777576906362265240880995955409648802515137759691563363653616862712159688752916061815970988032.000000,2183939385730308635208420668460933914736575353792636055752251780277989982624268939247965316352032902605804190037285301907091865443511872780909337358499977323070554945362491120558481062474374010441479208921758922607624477388728235833881085870080.000000,-0.257375,767217925266335522519883445024076189285011550871142232477027495248711373983247735610388702049736613087710340681310587522844892777576906362265240880995955409648802515137759691563363653616862712159688752916061815970988032.000000,2183939385730308635208420668460933914736575353792636055752251780277989982624268939247965316352032902605804190037285301907091865443511872780909337358499977323070554945362491120558481062474374010441479208921758922607624477388728235833881085870080.000000,0.000000,0.000000,0.000000
25.478041,767217925266335522519883445024076189285011550871142232477027495248711373983247735610388702049736613087710340681310587522844892777576906362265240880995955409648802515137759691563363653616862712159688752916061815970988032.000000,2183939385730308635208420668460933914736575353792636055752251780277989982624268939247965316352032902605804190037285301907091865443511872780909337358499977323070554945362491120558481062474374010441479208921758922607624477388728235833881085870080.000000,-0.257375,767217925266335522519883445024076189285011550871142232477027495248711373983247735610388702049736613087710340681310587522844892777576906362265240880995955409648802515137759691563363653616862712159688752916061815970988032.000000,2183939385730308635208420668460933914736575353792636055752251780277989982624268939247965316352032902605804190037285301907091865443511872780909337358499977323070554945362491120558481062474374010441479208921758922607624477388728235833881085870080.000000,0.000000,0.000000,0.000000
25.511549,767217925266335522519883445024076189285011550871142232477027495248711373983247735610388702049736613087710340681310587522844892777576906362265240880995955409648802515137759691563363653616862712159688752916061815970988032.000000,2183939385730308635208420668460933914736575353792636055752251780277989982624268939247965316352032902605804190037285301907091865443511872780909337358499977323070554945362491120558481062474374010441479208921758922607624477388728235833881085870080.000000,-0.257375,767217925266335522519883445024076189285011550871142232477027495248711373983247735610388702049736613087710340681310587522844892777576906362265240880995955409648802515137759691563363653616862712159688752916061815970988032.000000,2183939385730308635208420668460933914736575353792636055752251780277989982624268939247965316352032902605804190037285301907091865443511872780909337358499977323070554945362491120558481062474374010441479208921758922607624477388728235833881085870080.000000,0.000000,0.000000,0.000000
25.544927,767217925266335522519883445024076189285011550871142232477027495248711373983247735610388702049736613087710340681310587522844892777576906362265240880995955409648802515137759691563363653616862712159688752916061815970988032.000000,2183939385730308635208420668460933914736575353792636055752251780277989982624268939247965316352032902605804190037285301907091865443511872780909337358499977323070554945362491120558481062474374010441479208921758922607624477388728235833881085870080.000000,-0.257375,767217925266335522519883445024076189285011550871142232477027495248711373983247735610388702049736613087710340681310587522844892777576906362265240880995955409648802515137759691563363653616862712159688752916061815970988032.000000,2183939385730308635208420668460933914736575353792636055752251780277989982624268939247965316352032902605804190037285301907091865443511872780909337358499977323070554945362491120558481062474374010441479208921758922607624477388728235833881085870080.000000,0.000000,0.000000,0.000000
25.579127,767217925266335522519883445024076189285011550871142232477027495248711373983247735610388702049736613087710340681310587522844892777576906362265240880995955409648802515137759691563363653616862712159688752916061815970988032.000000,2183939385730308635208420668460933914736575353792636055752251780277989982624268939247965316352032902605804190037285301907091865443511872780909337358499977323070554945362491120558481062474374010441479208921758922607624477388728235833881085870080.000000,-0.257375,767217925266335522519883445024076189285011550871142232477027495248711373983247735610388702049736613087710340681310587522844892777576906362265240880995955409648802515137759691563363653616862712159688752916061815970988032.000000,2183939385730308635208420668460933914736575353792636055752251780277989982624268939247965316352032902605804190037285301907091865443511872780909337358499977323070554945362491120558481062474374010441479208921758922607624477388728235833881085870080.000000,0.000000,0.000000,0.000000
25.611919,767217925266335522519883445024076189285011550871142232477027495248711373983247735610388702049736613087710340681310587522844892777576906362265240880995955409648802515137759691563363653616862712159688752916061815970988032.000000,2183939385730308635208420668460933914736575353792636055752251780277989982624268939247965316352032902605804190037285301907091865443511872780909337358499977323070554945362491120558481062474374010441479208921758922607624477388728235833881085870080.000000,-0.257375,767217925266335522519883445024076189285011550871142232477027495248711373983247735610388702049736613087710340681310587522844892777576906362265240880995955409648802515137759691563363653616862712159688752916061815970988032.000000,2183939385730308635208420668460933914736575353792636055752251780277989982624268939247965316352032902605804190037285301907091865443511872780909337358499977323070554945362491120558481062474374010441479208921758922607624477388728235833881085870080.000000,0.000000,0.000000,0.000000
25.647791,767217925266335522519883445024076189285011550871142232477027495248711373983247735610388702049736613087710340681310587522844892777576906362265240880995955409648802515137759691563363653616862712159688752916061815970988032.000000,2183939385730308635208420668460933914736575353792636055752251780277989982624268939247965316352032902605804190037285301907091865443511872780909337358499977323070554945362491120558481062474374010441479208921758922607624477388728235833881085870080.000000,-0.257375,767217925266335522519883445024076189285011550871142232477027495248711373983247735610388702049736613087710340681310587522844892777576906362265240880995955409648802515137759691563363653616862712159688752916061815970988032.000000,2183939385730308635208420668460933914736575353792636055752251780277989982624268939247965316352032902605804190037285301907091865443511872780909337358499977323070554945362491120558481062474374010441479208921758922607624477388728235833881085870080.000000,0.000000,0.000000,0.000000
25.678321,767217925266335522519883445024076189285011550871142232477027495248711373983247735610388702049736613087710340681310587522844892777576906362265240880995955409648802515137759691563363653616862712159688752916061815970988032.000000,2183939385730308635208420668460933914736575353792636055752251780277989982624268939247965316352032902605804190037285301907091865443511872780909337358499977323070554945362491120558481062474374010441479208921758922607624477388728235833881085870080.000000,-0.257375,767217925266335522519883445024076189285011550871142232477027495248711373983247735610388702049736613087710340681310587522844892777576906362265240880995955409648802515137759691563363653616862712159688752916061815970988032.000000,2183939385730308635208420668460933914736575353792636055752251780277989982624268939247965316352032902605804190037285301907091865443511872780909337358499977323070554945362491120558481062474374010441479208921758922607624477388728235833881085870080.000000,0.000000,0.000000,0.000000
25.711558,767217925266335522519883445024076189285011550871142232477027495248711373983247735610388702049736613087710340681310587522844892777576906362265240880995955409648802515137759691563363653616862712159688752916061815970988032.000000,2183939385730308635208420668460933914736575353792636055752251780277989982624268939247965316352032902605804190037285301907091865443511872780909337358499977323070554945362491120558481062474374010441479208921758922607624477388728235833881085870080.000000,-0.257375,767217925266335522519883445024076189285011550871142232477027495248711373983247735610388702049736613087710340681310587522844892777576906362265240880995955409648802515137759691563363653616862712159688752916061815970988032.000000,2183939385730308635208420668460933914736575353792636055752251780277989982624268939247965316352032902605804190037285301907091865443511872780909337358499977323070554945362491120558481062474374010441479208921758922607624477388728235833881085870080.000000,0.000000,0.000000,0.000000
25.744926,767217925266335522519883445024076189285011550871142232477027495248711373983247735610388702049736613087710340681310587522844892777576906362265240880995955409648802515137759691563363653616862712159688752916061815970988032.000000,2183939385730308635208420668460933914736575353792636055752251780277989982624268939247965316352032902605804190037285301907091865443511872780909337358499977323070554945362491120558481062474374010441479208921758922607624477388728235833881085870080.000000,-0.257375,767217925266335522519883445024076189285011550871142232477027495248711373983247735610388702049736613087710340681310587522844892777576906362265240880995955409648802515137759691563363653616862712159688752916061815970988032.000000,2183939385730308635208420668460933914736575353792636055752251780277989982624268939247965316352032902605804190037285301907091865443511872780909337358499977323070554945362491120558481062474374010441479208921758922607624477388728235833881085870080.000000,0.000000,0.000000,0.000000
25.778185,767217925266335522519883445024076189285011550871142232477027495248711373983247735610388702049736613087710340681310587522844892777576906362265240880995955409648802515137759691563363653616862712159688752916061815970988032.000000,2183939385730308635208420668460933914736575353792636055752251780277989982624268939247965316352032902605804190037285301907091865443511872780909337358499977323070554945362491120558481062474374010441479208921758922607624477388728235833881085870080.000000,-0.257375,767217925266335522519883445024076189285011550871142232477027495248711373983247735610388702049736613087710340681310587522844892777576906362265240880995955409648802515137759691563363653616862712159688752916061815970988032.000000,2183939385730308635208420668460933914736575353792636055752251780277989982624268939247965316352032902605804190037285301907091865443511872780909337358499977323070554945362491120558481062474374010441479208921758922607624477388728235833881085870080.000000,0.000000,0.000000,0.000000
25.811912,767217925266335522519883445024076189285011550871142232477027495248711373983247735610388702049736613087710340681310587522844892777576906362265240880995955409648802515137759691563363653616862712159688752916061815970988032.000000,2183939385730308635208420668460933914736575353792636055752251780277989982624268939247965316352032902605804190037285301907091865443511872780909337358499977323070554945362491120558481062474374010441479208921758922607624477388728235833881085870080.000000,-0.257375,767217925266335522519883445024076189285011550871142232477027495248711373983247735610388702049736613087710340681310587522844892777576906362265240880995955409648802515137759691563363653616862712159688752916061815970988032.000000,2183939385730308635208420668460933914736575353792636055752251780277989982624268939247965316352032902605804190037285301907091865443511872780909337358499977323070554945362491120558481062474374010441479208921758922607624477388728235833881085870080.000000,0.000000,0.000000,0.000000
25.845462,767217925266335522519883445024076189285011550871142232477027495248711373983247735610388702049736613087710340681310587522844892777576906362265240880995955409648802515137759691563363653616862712159688752916061815970988032.000000,2183939385730308635208420668460933914736575353792636055752251780277989982624268939247965316352032902605804190037285301907091865443511872780909337358499977323070554945362491120558481062474374010441479208921758922607624477388728235833881085870080.000000,-0.257375,767217925266335522519883445024076189285011550871142232477027495248711373983247735610388702049736613087710340681310587522844892777576906362265240880995955409648802515137759691563363653616862712159688752916061815970988032.000000,2183939385730308635208420668460933914736575353792636055752251780277989982624268939247965316352032902605804190037285301907091865443511872780909337358499977323070554945362491120558481062474374010441479208921758922607624477388728235833881085870080.000000,0.000000,0.000000,0.000000
25.880813,767217925266335522519883445024076189285011550871142232477027495248711373983247735610388702049736613087710340681310587522844892777576906362265240880995955409648802515137759691563363653616862712159688752916061815970988032.000000,2183939385730308635208420668460933914736575353792636055752251780277989982624268939247965316352032902605804190037285301907091865443511872780909337358499977323070554945362491120558481062474374010441479208921758922607624477388728235833881085870080.000000,-0.257375,767217925266335522519883445024076189285011550871142232477027495248711373983247735610388702049736613087710340681310587522844892777576906362265240880995955409648802515137759691563363653616862712159688752916061815970988032.000000,2183939385730308635208420668460933914736575353792636055752251780277989982624268939247965316352032902605804190037285301907091865443511872780909337358499977323070554945362491120558481062474374010441479208921758922607624477388728235833881085870080.000000,0.000000,0.000000,0.000000
25.911346,767217925266335522519883445024076189285011550871142232477027495248711373983247735610388702049736613087710340681310587522844892777576906362265240880995955409648802515137759691563363653616862712159688752916061815970988032.000000,2183939385730308635208420668460933914736575353792636055752251780277989982624268939247965316352032902605804190037285301907091865443511872780909337358499977323070554945362491120558481062474374010441479208921758922607624477388728235833881085870080.000000,-0.257375,767217925266335522519883445024076189285011550871142232477027495248711373983247735610388702049736613087710340681310587522844892777576906362265240880995955409648802515137759691563363653616862712159688752916061815970988032.000000,2183939385730308635208420668460933914736575353792636055752251780277989982624268939247965316352032902605804190037285301907091865443511872780909337358499977323070554945362491120558481062474374010441479208921758922607624477388728235833881085870080.000000,0.000000,0.000000,0.000000
25.944680,767217925266335522519883445024076189285011550871142232477027495248711373983247735610388702049736613087710340681310587522844892777576906362265240880995955409648802515137759691563363653616862712159688752916061815970988032.000000,2183939385730308635208420668460933914736575353792636055752251780277989982624268939247965316352032902605804190037285301907091865443511872780909337358499977323070554945362491120558481062474374010441479208921758922607624477388728235833881085870080.000000,-0.257375,767217925266335522519883445024076189285011550871142232477027495248711373983247735610388702049736613087710340681310587522844892777576906362265240880995955409648802515137759691563363653616862712159688752916061815970988032.000000,2183939385730308635208420668460933914736575353792636055752251780277989982624268939247965316352032902605804190037285301907091865443511872780909337358499977323070554945362491120558481062474374010441479208921758922607624477388728235833881085870080.000000,0.000000,0.000000,0.000000
25.982146,767217925266335522519883445024076189285011550871142232477027495248711373983247735610388702049736613087710340681310587522844892777576906362265240880995955409648802515137759691563363653616862712159688752916061815970988032.000000,2183939385730308635208420668460933914736575353792636055752251780277989982624268939247965316352032902605804190037285301907091865443511872780909337358499977323070554945362491120558481062474374010441479208921758922607624477388728235833881085870080.000000,-0.257375,767217925266335522519883445024076189285011550871142232477027495248711373983247735610388702049736613087710340681310587522844892777576906362265240880995955409648802515137759691563363653616862712159688752916061815970988032.000000,2183939385730308635208420668460933914736575353792636055752251780277989982624268939247965316352032902605804190037285301907091865443511872780909337358499977323070554945362491120558481062474374010441479208921758922607624477388728235833881085870080.000000,0.000000,0.000000,0.000000
26.011495,767217925266335522519883445024076189285011550871142232477027495248711373983247735610388702049736613087710340681310587522844892777576906362265240880995955409648802515137759691563363653616862712159688752916061815970988032.000000,2183939385730308635208420668460933914736575353792636055752251780277989982624268939247965316352032902605804190037285301907091865443511872780909337358499977323070554945362491120558481062474374010441479208921758922607624477388728235833881085870080.000000,-0.257375,767217925266335522519883445024076189285011550871142232477027495248711373983247735610388702049736613087710340681310587522844892777576906362265240880995955409648802515137759691563363653616862712159688752916061815970988032.000000,2183939385730308635208420668460933914736575353792636055752251780277989982624268939247965316352032902605804190037285301907091865443511872780909337358499977323070554945362491120558481062474374010441479208921758922607624477388728235833881085870080.000000,0.000000,0.000000,0.000000
26.044783,767217925266335522519883445024076189285011550871142232477027495248711373983247735610388702049736613087710340681310587522844892777576906362265240880995955409648802515137759691563363653616862712159688752916061815970988032.000000,2183939385730308635208420668460933914736575353792636055752251780277989982624268939247965316352032902605804190037285301907091865443511872780909337358499977323070554945362491120558481062474374010441479208921758922607624477388728235833881085870080.000000,-0.257375,767217925266335522519883445024076189285011550871142232477027495248711373983247735610388702049736613087710340681310587522844892777576906362265240880995955409648802515137759691563363653616862712159688752916061815970988032.000000,2183939385730308635208420668460933914736575353792636055752251780277989982624268939247965316352032902605804190037285301907091865443511872780909337358499977323070554945362491120558481062474374010441479208921758922607624477388728235833881085870080.000000,0.000000,0.000000,0.000000
26.078225,767217925266335522519883445024076189285011550871142232477027495248711373983247735610388702049736613087710340681310587522844892777576906362265240880995955409648802515137759691563363653616862712159688752916061815970988032.000000,2183939385730308635208420668460933914736575353792636055752251780277989982624268939247965316352032902605804190037285301907091865443511872780909337358499977323070554945362491120558481062474374010441479208921758922607624477388728235833881085870080.000000,-0.257375,767217925266335522519883445024076189285011550871142232477027495248711373983247735610388702049736613087710340681310587522844892777576906362265240880995955409648802515137759691563363653616862712159688752916061815970988032.000000,2183939385730308635208420668460933914736575353792636055752251780277989982624268939247965316352032902605804190037285301907091865443511872780909337358499977323070554945362491120558481062474374010441479208921758922607624477388728235833881085870080.000000,0.000000,0.000000,0.000000
26.111501,767217925266335522519883445024076189285011550871142232477027495248711373983247735610388702049736613087710340681310587522844892777576906362265240880995955409648802515137759691563363653616862712159688752916061815970988032.000000,2183939385730308635208420668460933914736575353792636055752251780277989982624268939247965316352032902605804190037285301907091865443511872780909337358499977323070554945362491120558481062474374010441479208921758922607624477388728235833881085870080.000000,-0.257375,767217925266335522519883445024076189285011550871142232477027495248711373983247735610388702049736613087710340681310587522844892777576906362265240880995955409648802515137759691563363653616862712159688752916061815970988032.000000,2183939385730308635208420668460933914736575353792636055752251780277989982624268939247965316352032902605804190037285301907091865443511872780909337358499977323070554945362491120558481062474374010441479208921758922607624477388728235833881085870080.000000,0.000000,0.000000,0.000000
26.144991,767217925266335522519883445024076189285011550871142232477027495248711373983247735610388702049736613087710340681310587522844892777576906362265240880995955409648802515137759691563363653616862712159688752916061815970988032.000000,2183939385730308635208420668460933914736575353792636055752251780277989982624268939247965316352032902605804190037285301907091865443511872780909337358499977323070554945362491120558481062474374010441479208921758922607624477388728235833881085870080.000000,-0.257375,767217925266335522519883445024076189285011550871142232477027495248711373983247735610388702049736613087710340681310587522844892777576906362265240880995955409648802515137759691563363653616862712159688752916061815970988032.000000,2183939385730308635208420668460933914736575353792636055752251780277989982624268939247965316352032902605804190037285301907091865443511872780909337358499977323070554945362491120558481062474374010441479208921758922607624477388728235833881085870080.000000,0.000000,0.000000,0.000000
26.178129,767217925266335522519883445024076189285011550871142232477027495248711373983247735610388702049736613087710340681310587522844892777576906362265240880995955409648802515137759691563363653616862712159688752916061815970988032.000000,2183939385730308635208420668460933914736575353792636055752251780277989982624268939247965316352032902605804190037285301907091865443511872780909337358499977323070554945362491120558481062474374010441479208921758922607624477388728235833881085870080.000000,-0.257375,767217925266335522519883445024076189285011550871142232477027495248711373983247735610388702049736613087710340681310587522844892777576906362265240880995955409648802515137759691563363653616862712159688752916061815970988032.000000,2183939385730308635208420668460933914736575353792636055752251780277989982624268939247965316352032902605804190037285301907091865443511872780909337358499977323070554945362491120558481062474374010441479208921758922607624477388728235833881085870080.000000,0.000000,0.000000,0.000000
26.215441,767217925266335522519883445024076189285011550871142232477027495248711373983247735610388702049736613087710340681310587522844892777576906362265240880995955409648802515137759691563363653616862712159688752916061815970988032.000000,2183939385730308635208420668460933914736575353792636055752251780277989982624268939247965316352032902605804190037285301907091865443511872780909337358499977323070554945362491120558481062474374010441479208921758922607624477388728235833881085870080.000000,-0.257375,767217925266335522519883445024076189285011550871142232477027495248711373983247735610388702049736613087710340681310587522844892777576906362265240880995955409648802515137759691563363653616862712159688752916061815970988032.000000,2183939385730308635208420668460933914736575353792636055752251780277989982624268939247965316352032902605804190037285301907091865443511872780909337358499977323070554945362491120558481062474374010441479208921758922607624477388728235833881085870080.000000,0.000000,0.000000,0.000000
26.244682,767217925266335522519883445024076189285011550871142232477027495248711373983247735610388702049736613087710340681310587522844892777576906362265240880995955409648802515137759691563363653616862712159688752916061815970988032.000000,2183939385730308635208420668460933914736575353792636055752251780277989982624268939247965316352032902605804190037285301907091865443511872780909337358499977323070554945362491120558481062474374010441479208921758922607624477388728235833881085870080.000000,-0.257375,767217925266335522519883445024076189285011550871142232477027495248711373983247735610388702049736613087710340681310587522844892777576906362265240880995955409648802515137759691563363653616862712159688752916061815970988032.000000,2183939385730308635208420668460933914736575353792636055752251780277989982624268939247965316352032902605804190037285301907091865443511872780909337358499977323070554945362491120558481062474374010441479208921758922607624477388728235833881085870080.000000,0.000000,0.000000,0.000000
26.278062,767217925266335522519883445024076189285011550871142232477027495248711373983247735610388702049736613087710340681310587522844892777576906362265240880995955409648802515137759691563363653616862712159688752916061815970988032.000000,2183939385730308635208420668460933914736575353792636055752251780277989982624268939247965316352032902605804190037285301907091865443511872780909337358499977323070554945362491120558481062474374010441479208921758922607624477388728235833881085870080.000000,-0.257375,767217925266335522519883445024076189285011550871142232477027495248711373983247735610388702049736613087710340681310587522844892777576906362265240880995955409648802515137759691563363653616862712159688752916061815970988032.000000,2183939385730308635208420668460933914736575353792636055752251780277989982624268939247965316352032902605804190037285301907091865443511872780909337358499977323070554945362491120558481062474374010441479208921758922607624477388728235833881085870080.000000,0.000000,0.000000,0.000000
26.312030,767217925266335522519883445024076189285011550871142232477027495248711373983247735610388702049736613087710340681310587522844892777576906362265240880995955409648802515137759691563363653616862712159688752916061815970988032.000000,2183939385730308635208420668460933914736575353792636055752251780277989982624268939247965316352032902605804190037285301907091865443511872780909337358499977323070554945362491120558481062474374010441479208921758922607624477388728235833881085870080.000000,-0.257375,767217925266335522519883445024076189285011550871142232477027495248711373983247735610388702049736613087710340681310587522844892777576906362265240880995955409648802515137759691563363653616862712159688752916061815970988032.000000,2183939385730308635208420668460933914736575353792636055752251780277989982624268939247965316352032902605804190037285301907091865443511872780909337358499977323070554945362491120558481062474374010441479208921758922607624477388728235833881085870080.000000,0.000000,0.000000,0.000000
26.346320,767217925266335522519883445024076189285011550871142232477027495248711373983247735610388702049736613087710340681310587522844892777576906362265240880995955409648802515137759691563363653616862712159688752916061815970988032.000000,2183939385730308635208420668460933914736575353792636055752251780277989982624268939247965316352032902605804190037285301907091865443511872780909337358499977323070554945362491120558481062474374010441479208921758922607624477388728235833881085870080.000000,-0.257375,767217925266335522519883445024076189285011550871142232477027495248711373983247735610388702049736613087710340681310587522844892777576906362265240880995955409648802515137759691563363653616862712159688752916061815970988032.000000,2183939385730308635208420668460933914736575353792636055752251780277989982624268939247965316352032902605804190037285301907091865443511872780909337358499977323070554945362491120558481062474374010441479208921758922607624477388728235833881085870080.000000,0.000000,0.000000,0.000000
26.378953,767217925266335522519883445024076189285011550871142232477027495248711373983247735610388702049736613087710340681310587522844892777576906362265240880995955409648802515137759691563363653616862712159688752916061815970988032.000000,2183939385730308635208420668460933914736575353792636055752251780277989982624268939247965316352032902605804190037285301907091865443511872780909337358499977323070554945362491120558481062474374010441479208921758922607624477388728235833881085870080.000000,-0.257375,767217925266335522519883445024076189285011550871142232477027495248711373983247735610388702049736613087710340681310587522844892777576906362265240880995955409648802515137759691563363653616862712159688752916061815970988032.000000,2183939385730308635208420668460933914736575353792636055752251780277989982624268939247965316352032902605804190037285301907091865443511872780909337358499977323070554945362491120558481062474374010441479208921758922607624477388728235833881085870080.000000,0.000000,0.000000,0.000000
26.411515,767217925266335522519883445024076189285011550871142232477027495248711373983247735610388702049736613087710340681310587522844892777576906362265240880995955409648802515137759691563363653616862712159688752916061815970988032.000000,2183939385730308635208420668460933914736575353792636055752251780277989982624268939247965316352032902605804190037285301907091865443511872780909337358499977323070554945362491120558481062474374010441479208921758922607624477388728235833881085870080.000000,-0.257375,767217925266335522519883445024076189285011550871142232477027495248711373983247735610388702049736613087710340681310587522844892777576906362265240880995955409648802515137759691563363653616862712159688752916061815970988032.000000,2183939385730308635208420668460933914736575353792636055752251780277989982624268939247965316352032902605804190037285301907091865443511872780909337358499977323070554945362491120558481062474374010441479208921758922607624477388728235833881085870080.000000,0.000000,0.000000,0.000000
26.445017,767217925266335522519883445024076189285011550871142232477027495248711373983247735610388702049736613087710340681310587522844892777576906362265240880995955409648802515137759691563363653616862712159688752916061815970988032.000000,2183939385730308635208420668460933914736575353792636055752251780277989982624268939247965316352032902605804190037285301907091865443511872780909337358499977323070554945362491120558481062474374010441479208921758922607624477388728235833881085870080.000000,-0.257375,767217925266335522519883445024076189285011550871142232477027495248711373983247735610388702049736613087710340681310587522844892777576906362265240880995955409648802515137759691563363653616862712159688752916061815970988032.000000,2183939385730308635208420668460933914736575353792636055752251780277989982624268939247965316352032902605804190037285301907091865443511872780909337358499977323070554945362491120558481062474374010441479208921758922607624477388728235833881085870080.000000,0.000000,0.000000,0.000000
26.478196,767217925266335522519883445024076189285011550871142232477027495248711373983247735610388702049736613087710340681310587522844892777576906362265240880995955409648802515137759691563363653616862712159688752916061815970988032.000000,2183939385730308635208420668460933914736575353792636055752251780277989982624268939247965316352032902605804190037285301907091865443511872780909337358499977323070554945362491120558481062474374010441479208921758922607624477388728235833881085870080.000000,-0.257375,767217925266335522519883445024076189285011550871142232477027495248711373983247735610388702049736613087710340681310587522844892777576906362265240880995955409648802515137759691563363653616862712159688752916061815970988032.000000,2183939385730308635208420668460933914736575353792636055752251780277989982624268939247965316352032902605804190037285301907091865443511872780909337358499977323070554945362491120558481062474374010441479208921758922607624477388728235833881085870080.000000,0.000000,0.000000,0.000000
26.511465,767217925266335522519883445024076189285011550871142232477027495248711373983247735610388702049736613087710340681310587522844892777576906362265240880995955409648802515137759691563363653616862712159688752916061815970988032.000000,2183939385730308635208420668460933914736575353792636055752251780277989982624268939247965316352032902605804190037285301907091865443511872780909337358499977323070554945362491120558481062474374010441479208921758922607624477388728235833881085870080.000000,-0.257375,767217925266335522519883445024076189285011550871142232477027495248711373983247735610388702049736613087710340681310587522844892777576906362265240880995955409648802515137759691563363653616862712159688752916061815970988032.000000,2183939385730308635208420668460933914736575353792636055752251780277989982624268939247965316352032902605804190037285301907091865443511872780909337358499977323070554945362491120558481062474374010441479208921758922607624477388728235833881085870080.000000,0.000000,0.000000,0.000000
26.544885,767217925266335522519883445024076189285011550871142232477027495248711373983247735610388702049736613087710340681310587522844892777576906362265240880995955409648802515137759691563363653616862712159688752916061815970988032.000000,2183939385730308635208420668460933914736575353792636055752251780277989982624268939247965316352032902605804190037285301907091865443511872780909337358499977323070554945362491120558481062474374010441479208921758922607624477388728235833881085870080.000000,-0.257375,767217925266335522519883445024076189285011550871142232477027495248711373983247735610388702049736613087710340681310587522844892777576906362265240880995955409648802515137759691563363653616862712159688752916061815970988032.000000,2183939385730308635208420668460933914736575353792636055752251780277989982624268939247965316352032902605804190037285301907091865443511872780909337358499977323070554945362491120558481062474374010441479208921758922607624477388728235833881085870080.000000,0.000000,0.000000,0.000000
26.578066,767217925266335522519883445024076189285011550871142232477027495248711373983247735610388702049736613087710340681310587522844892777576906362265240880995955409648802515137759691563363653616862712159688752916061815970988032.000000,2183939385730308635208420668460933914736575353792636055752251780277989982624268939247965316352032902605804190037285301907091865443511872780909337358499977323070554945362491120558481062474374010441479208921758922607624477388728235833881085870080.000000,-0.257375,767217925266335522519883445024076189285011550871142232477027495248711373983247735610388702049736613087710340681310587522844892777576906362265240880995955409648802515137759691563363653616862712159688752916061815970988032.000000,2183939385730308635208420668460933914736575353792636055752251780277989982624268939247965316352032902605804190037285301907091865443511872780909337358499977323070554945362491120558481062474374010441479208921758922607624477388728235833881085870080.000000,0.000000,0.000000,0.000000
26.611473,767217925266335522519883445024076189285011550871142232477027495248711373983247735610388702049736613087710340681310587522844892777576906362265240880995955409648802515137759691563363653616862712159688752916061815970988032.000000,2183939385730308635208420668460933914736575353792636055752251780277989982624268939247965316352032902605804190037285301907091865443511872780909337358499977323070554945362491120558481062474374010441479208921758922607624477388728235833881085870080.000000,-0.257375,767217925266335522519883445024076189285011550871142232477027495248711373983247735610388702049736613087710340681310587522844892777576906362265240880995955409648802515137759691563363653616862712159688752916061815970988032.000000,2183939385730308635208420668460933914736575353792636055752251780277989982624268939247965316352032902605804190037285301907091865443511872780909337358499977323070554945362491120558481062474374010441479208921758922607624477388728235833881085870080.000000,0.000000,0.000000,0.000000
26.644791,767217925266335522519883445024076189285011550871142232477027495248711373983247735610388702049736613087710340681310587522844892777576906362265240880995955409648802515137759691563363653616862712159688752916061815970988032.000000,2183939385730308635208420668460933914736575353792636055752251780277989982624268939247965316352032902605804190037285301907091865443511872780909337358499977323070554945362491120558481062474374010441479208921758922607624477388728235833881085870080.000000,-0.257375,767217925266335522519883445024076189285011550871142232477027495248711373983247735610388702049736613087710340681310587522844892777576906362265240880995955409648802515137759691563363653616862712159688752916061815970988032.000000,2183939385730308635208420668460933914736575353792636055752251780277989982624268939247965316352032902605804190037285301907091865443511872780909337358499977323070554945362491120558481062474374010441479208921758922607624477388728235833881085870080.000000,0.000000,0.000000,0.000000
26.678102,767217925266335522519883445024076189285011550871142232477027495248711373983247735610388702049736613087710340681310587522844892777576906362265240880995955409648802515137759691563363653616862712159688752916061815970988032.000000,2183939385730308635208420668460933914736575353792636055752251780277989982624268939247965316352032902605804190037285301907091865443511872780909337358499977323070554945362491120558481062474374010441479208921758922607624477388728235833881085870080.000000,-0.257375,767217925266335522519883445024076189285011550871142232477027495248711373983247735610388702049736613087710340681310587522844892777576906362265240880995955409648802515137759691563363653616862712159688752916061815970988032.000000,2183939385730308635208420668460933914736575353792636055752251780277989982624268939247965316352032902605804190037285301907091865443511872780909337358499977323070554945362491120558481062474374010441479208921758922607624477388728235833881085870080.000000,0.000000,0.000000,0.000000
26.712319,767217925266335522519883445024076189285011550871142232477027495248711373983247735610388702049736613087710340681310587522844892777576906362265240880995955409648802515137759691563363653616862712159688752916061815970988032.000000,2183939385730308635208420668460933914736575353792636055752251780277989982624268939247965316352032902605804190037285301907091865443511872780909337358499977323070554945362491120558481062474374010441479208921758922607624477388728235833881085870080.000000,-0.257375,767217925266335522519883445024076189285011550871142232477027495248711373983247735610388702049736613087710340681310587522844892777576906362265240880995955409648802515137759691563363653616862712159688752916061815970988032.000000,2183939385730308635208420668460933914736575353792636055752251780277989982624268939247965316352032902605804190037285301907091865443511872780909337358499977323070554945362491120558481062474374010441479208921758922607624477388728235833881085870080.000000,0.000000,0.000000,0.000000
26.745694,767217925266335522519883445024076189285011550871142232477027495248711373983247735610388702049736613087710340681310587522844892777576906362265240880995955409648802515137759691563363653616862712159688752916061815970988032.000000,2183939385730308635208420668460933914736575353792636055752251780277989982624268939247965316352032902605804190037285301907091865443511872780909337358499977323070554945362491120558481062474374010441479208921758922607624477388728235833881085870080.000000,-0.257375,767217925266335522519883445024076189285011550871142232477027495248711373983247735610388702049736613087710340681310587522844892777576906362265240880995955409648802515137759691563363653616862712159688752916061815970988032.000000,2183939385730308635208420668460933914736575353792636055752251780277989982624268939247965316352032902605804190037285301907091865443511872780909337358499977323070554945362491120558481062474374010441479208921758922607624477388728235833881085870080.000000,0.000000,0.000000,0.000000
26.778448,767217925266335522519883445024076189285011550871142232477027495248711373983247735610388702049736613087710340681310587522844892777576906362265240880995955409648802515137759691563363653616862712159688752916061815970988032.000000,2183939385730308635208420668460933914736575353792636055752251780277989982624268939247965316352032902605804190037285301907091865443511872780909337358499977323070554945362491120558481062474374010441479208921758922607624477388728235833881085870080.000000,-0.257375,767217925266335522519883445024076189285011550871142232477027495248711373983247735610388702049736613087710340681310587522844892777576906362265240880995955409648802515137759691563363653616862712159688752916061815970988032.000000,2183939385730308635208420668460933914736575353792636055752251780277989982624268939247965316352032902605804190037285301907091865443511872780909337358499977323070554945362491120558481062474374010441479208921758922607624477388728235833881085870080.000000,0.000000,0.000000,0.000000
26.811445,767217925266335522519883445024076189285011550871142232477027495248711373983247735610388702049736613087710340681310587522844892777576906362265240880995955409648802515137759691563363653616862712159688752916061815970988032.000000,2183939385730308635208420668460933914736575353792636055752251780277989982624268939247965316352032902605804190037285301907091865443511872780909337358499977323070554945362491120558481062474374010441479208921758922607624477388728235833881085870080.000000,-0.257375,767217925266335522519883445024076189285011550871142232477027495248711373983247735610388702049736613087710340681310587522844892777576906362265240880995955409648802515137759691563363653616862712159688752916061815970988032.000000,2183939385730308635208420668460933914736575353792636055752251780277989982624268939247965316352032902605804190037285301907091865443511872780909337358499977323070554945362491120558481062474374010441479208921758922607624477388728235833881085870080.000000,0.000000,0.000000,0.000000
26.845077,767217925266335522519883445024076189285011550871142232477027495248711373983247735610388702049736613087710340681310587522844892777576906362265240880995955409648802515137759691563363653616862712159688752916061815970988032.000000,2183939385730308635208420668460933914736575353792636055752251780277989982624268939247965316352032902605804190037285301907091865443511872780909337358499977323070554945362491120558481062474374010441479208921758922607624477388728235833881085870080.000000,-0.257375,767217925266335522519883445024076189285011550871142232477027495248711373983247735610388702049736613087710340681310587522844892777576906362265240880995955409648802515137759691563363653616862712159688752916061815970988032.000000,2183939385730308635208420668460933914736575353792636055752251780277989982624268939247965316352032902605804190037285301907091865443511872780909337358499977323070554945362491120558481062474374010441479208921758922607624477388728235833881085870080.000000,0.000000,0.000000,0.000000
26.878016,767217925266335522519883445024076189285011550871142232477027495248711373983247735610388702049736613087710340681310587522844892777576906362265240880995955409648802515137759691563363653616862712159688752916061815970988032.000000,2183939385730308635208420668460933914736575353792636055752251780277989982624268939247965316352032902605804190037285301907091865443511872780909337358499977323070554945362491120558481062474374010441479208921758922607624477388728235833881085870080.000000,-0.257375,767217925266335522519883445024076189285011550871142232477027495248711373983247735610388702049736613087710340681310587522844892777576906362265240880995955409648802515137759691563363653616862712159688752916061815970988032.000000,2183939385730308635208420668460933914736575353792636055752251780277989982624268939247965316352032902605804190037285301907091865443511872780909337358499977323070554945362491120558481062474374010441479208921758922607624477388728235833881085870080.000000,0.000000,0.000000,0.000000
26.911413,767217925266335522519883445024076189285011550871142232477027495248711373983247735610388702049736613087710340681310587522844892777576906362265240880995955409648802515137759691563363653616862712159688752916061815970988032.000000,2183939385730308635208420668460933914736575353792636055752251780277989982624268939247965316352032902605804190037285301907091865443511872780909337358499977323070554945362491120558481062474374010441479208921758922607624477388728235833881085870080.000000,-0.257375,767217925266335522519883445024076189285011550871142232477027495248711373983247735610388702049736613087710340681310587522844892777576906362265240880995955409648802515137759691563363653616862712159688752916061815970988032.000000,2183939385730308635208420668460933914736575353792636055752251780277989982624268939247965316352032902605804190037285301907091865443511872780909337358499977323070554945362491120558481062474374010441479208921758922607624477388728235833881085870080.000000,0.000000,0.000000,0.000000
26.944908,767217925266335522519883445024076189285011550871142232477027495248711373983247735610388702049736613087710340681310587522844892777576906362265240880995955409648802515137759691563363653616862712159688752916061815970988032.000000,2183939385730308635208420668460933914736575353792636055752251780277989982624268939247965316352032902605804190037285301907091865443511872780909337358499977323070554945362491120558481062474374010441479208921758922607624477388728235833881085870080.000000,-0.257375,767217925266335522519883445024076189285011550871142232477027495248711373983247735610388702049736613087710340681310587522844892777576906362265240880995955409648802515137759691563363653616862712159688752916061815970988032.000000,2183939385730308635208420668460933914736575353792636055752251780277989982624268939247965316352032902605804190037285301907091865443511872780909337358499977323070554945362491120558481062474374010441479208921758922607624477388728235833881085870080.000000,0.000000,0.000000,0.000000
26.978307,767217925266335522519883445024076189285011550871142232477027495248711373983247735610388702049736613087710340681310587522844892777576906362265240880995955409648802515137759691563363653616862712159688752916061815970988032.000000,2183939385730308635208420668460933914736575353792636055752251780277989982624268939247965316352032902605804190037285301907091865443511872780909337358499977323070554945362491120558481062474374010441479208921758922607624477388728235833881085870080.000000,-0.257375,767217925266335522519883445024076189285011550871142232477027495248711373983247735610388702049736613087710340681310587522844892777576906362265240880995955409648802515137759691563363653616862712159688752916061815970988032.000000,2183939385730308635208420668460933914736575353792636055752251780277989982624268939247965316352032902605804190037285301907091865443511872780909337358499977323070554945362491120558481062474374010441479208921758922607624477388728235833881085870080.000000,0.000000,0.000000,0.000000
27.011826,767217925266335522519883445024076189285011550871142232477027495248711373983247735610388702049736613087710340681310587522844892777576906362265240880995955409648802515137759691563363653616862712159688752916061815970988032.000000,2183939385730308635208420668460933914736575353792636055752251780277989982624268939247965316352032902605804190037285301907091865443511872780909337358499977323070554945362491120558481062474374010441479208921758922607624477388728235833881085870080.000000,-0.257375,767217925266335522519883445024076189285011550871142232477027495248711373983247735610388702049736613087710340681310587522844892777576906362265240880995955409648802515137759691563363653616862712159688752916061815970988032.000000,2183939385730308635208420668460933914736575353792636055752251780277989982624268939247965316352032902605804190037285301907091865443511872780909337358499977323070554945362491120558481062474374010441479208921758922607624477388728235833881085870080.000000,0.000000,0.000000,0.000000
27.045099,767217925266335522519883445024076189285011550871142232477027495248711373983247735610388702049736613087710340681310587522844892777576906362265240880995955409648802515137759691563363653616862712159688752916061815970988032.000000,2183939385730308635208420668460933914736575353792636055752251780277989982624268939247965316352032902605804190037285301907091865443511872780909337358499977323070554945362491120558481062474374010441479208921758922607624477388728235833881085870080.000000,-0.257375,767217925266335522519883445024076189285011550871142232477027495248711373983247735610388702049736613087710340681310587522844892777576906362265240880995955409648802515137759691563363653616862712159688752916061815970988032.000000,2183939385730308635208420668460933914736575353792636055752251780277989982624268939247965316352032902605804190037285301907091865443511872780909337358499977323070554945362491120558481062474374010441479208921758922607624477388728235833881085870080.000000,0.000000,0.000000,0.000000
27.080622,767217925266335522519883445024076189285011550871142232477027495248711373983247735610388702049736613087710340681310587522844892777576906362265240880995955409648802515137759691563363653616862712159688752916061815970988032.000000,2183939385730308635208420668460933914736575353792636055752251780277989982624268939247965316352032902605804190037285301907091865443511872780909337358499977323070554945362491120558481062474374010441479208921758922607624477388728235833881085870080.000000,-0.257375,767217925266335522519883445024076189285011550871142232477027495248711373983247735610388702049736613087710340681310587522844892777576906362265240880995955409648802515137759691563363653616862712159688752916061815970988032.000000,2183939385730308635208420668460933914736575353792636055752251780277989982624268939247965316352032902605804190037285301907091865443511872780909337358499977323070554945362491120558481062474374010441479208921758922607624477388728235833881085870080.000000,0.000000,0.000000,0.000000
27.111560,767217925266335522519883445024076189285011550871142232477027495248711373983247735610388702049736613087710340681310587522844892777576906362265240880995955409648802515137759691563363653616862712159688752916061815970988032.000000,2183939385730308635208420668460933914736575353792636055752251780277989982624268939247965316352032902605804190037285301907091865443511872780909337358499977323070554945362491120558481062474374010441479208921758922607624477388728235833881085870080.000000,-0.257375,767217925266335522519883445024076189285011550871142232477027495248711373983247735610388702049736613087710340681310587522844892777576906362265240880995955409648802515137759691563363653616862712159688752916061815970988032.000000,2183939385730308635208420668460933914736575353792636055752251780277989982624268939247965316352032902605804190037285301907091865443511872780909337358499977323070554945362491120558481062474374010441479208921758922607624477388728235833881085870080.000000,0.000000,0.000000,0.000000
27.144780,767217925266335522519883445024076189285011550871142232477027495248711373983247735610388702049736613087710340681310587522844892777576906362265240880995955409648802515137759691563363653616862712159688752916061815970988032.000000,2183939385730308635208420668460933914736575353792636055752251780277989982624268939247965316352032902605804190037285301907091865443511872780909337358499977323070554945362491120558481062474374010441479208921758922607624477388728235833881085870080.000000,-0.257375,767217925266335522519883445024076189285011550871142232477027495248711373983247735610388702049736613087710340681310587522844892777576906362265240880995955409648802515137759691563363653616862712159688752916061815970988032.000000,2183939385730308635208420668460933914736575353792636055752251780277989982624268939247965316352032902605804190037285301907091865443511872780909337358499977323070554945362491120558481062474374010441479208921758922607624477388728235833881085870080.000000,0.000000,0.000000,0.000000
27.178412,767217925266335522519883445024076189285011550871142232477027495248711373983247735610388702049736613087710340681310587522844892777576906362265240880995955409648802515137759691563363653616862712159688752916061815970988032.000000,2183939385730308635208420668460933914736575353792636055752251780277989982624268939247965316352032902605804190037285301907091865443511872780909337358499977323070554945362491120558481062474374010441479208921758922607624477388728235833881085870080.000000,-0.257375,767217925266335522519883445024076189285011550871142232477027495248711373983247735610388702049736613087710340681310587522844892777576906362265240880995955409648802515137759691563363653616862712159688752916061815970988032.000000,2183939385730308635208420668460933914736575353792636055752251780277989982624268939247965316352032902605804190037285301907091865443511872780909337358499977323070554945362491120558481062474374010441479208921758922607624477388728235833881085870080.000000,0.000000,0.000000,0.000000
27.211572,767217925266335522519883445024076189285011550871142232477027495248711373983247735610388702049736613087710340681310587522844892777576906362265240880995955409648802515137759691563363653616862712159688752916061815970988032.000000,2183939385730308635208420668460933914736575353792636055752251780277989982624268939247965316352032902605804190037285301907091865443511872780909337358499977323070554945362491120558481062474374010441479208921758922607624477388728235833881085870080.000000,-0.257375,767217925266335522519883445024076189285011550871142232477027495248711373983247735610388702049736613087710340681310587522844892777576906362265240880995955409648802515137759691563363653616862712159688752916061815970988032.000000,2183939385730308635208420668460933914736575353792636055752251780277989982624268939247965316352032902605804190037285301907091865443511872780909337358499977323070554945362491120558481062474374010441479208921758922607624477388728235833881085870080.000000,0.000000,0.000000,0.000000
27.244802,767217925266335522519883445024076189285011550871142232477027495248711373983247735610388702049736613087710340681310587522844892777576906362265240880995955409648802515137759691563363653616862712159688752916061815970988032.000000,2183939385730308635208420668460933914736575353792636055752251780277989982624268939247965316352032902605804190037285301907091865443511872780909337358499977323070554945362491120558481062474374010441479208921758922607624477388728235833881085870080.000000,-0.257375,767217925266335522519883445024076189285011550871142232477027495248711373983247735610388702049736613087710340681310587522844892777576906362265240880995955409648802515137759691563363653616862712159688752916061815970988032.000000,2183939385730308635208420668460933914736575353792636055752251780277989982624268939247965316352032902605804190037285301907091865443511872780909337358499977323070554945362491120558481062474374010441479208921758922607624477388728235833881085870080.000000,0.000000,0.000000,0.000000
27.278069,767217925266335522519883445024076189285011550871142232477027495248711373983247735610388702049736613087710340681310587522844892777576906362265240880995955409648802515137759691563363653616862712159688752916061815970988032.000000,2183939385730308635208420668460933914736575353792636055752251780277989982624268939247965316352032902605804190037285301907091865443511872780909337358499977323070554945362491120558481062474374010441479208921758922607624477388728235833881085870080.000000,-0.257375,767217925266335522519883445024076189285011550871142232477027495248711373983247735610388702049736613087710340681310587522844892777576906362265240880995955409648802515137759691563363653616862712159688752916061815970988032.000000,2183939385730308635208420668460933914736575353792636055752251780277989982624268939247965316352032902605804190037285301907091865443511872780909337358499977323070554945362491120558481062474374010441479208921758922607624477388728235833881085870080.000000,0.000000,0.000000,0.000000
27.311463,767217925266335522519883445024076189285011550871142232477027495248711373983247735610388702049736613087710340681310587522844892777576906362265240880995955409648802515137759691563363653616862712159688752916061815970988032.000000,2183939385730308635208420668460933914736575353792636055752251780277989982624268939247965316352032902605804190037285301907091865443511872780909337358499977323070554945362491120558481062474374010441479208921758922607624477388728235833881085870080.000000,-0.257375,767217925266335522519883445024076189285011550871142232477027495248711373983247735610388702049736613087710340681310587522844892777576906362265240880995955409648802515137759691563363653616862712159688752916061815970988032.000000,2183939385730308635208420668460933914736575353792636055752251780277989982624268939247965316352032902605804190037285301907091865443511872780909337358499977323070554945362491120558481062474374010441479208921758922607624477388728235833881085870080.000000,0.000000,0.000000,0.000000
27.344744,767217925266335522519883445024076189285011550871142232477027495248711373983247735610388702049736613087710340681310587522844892777576906362265240880995955409648802515137759691563363653616862712159688752916061815970988032.000000,2183939385730308635208420668460933914736575353792636055752251780277989982624268939247965316352032902605804190037285301907091865443511872780909337358499977323070554945362491120558481062474374010441479208921758922607624477388728235833881085870080.000000,-0.257375,767217925266335522519883445024076189285011550871142232477027495248711373983247735610388702049736613087710340681310587522844892777576906362265240880995955409648802515137759691563363653616862712159688752916061815970988032.000000,2183939385730308635208420668460933914736575353792636055752251780277989982624268939247965316352032902605804190037285301907091865443511872780909337358499977323070554945362491120558481062474374010441479208921758922607624477388728235833881085870080.000000,0.000000,0.000000,0.000000
27.378044,767217925266335522519883445024076189285011550871142232477027495248711373983247735610388702049736613087710340681310587522844892777576906362265240880995955409648802515137759691563363653616862712159688752916061815970988032.000000,2183939385730308635208420668460933914736575353792636055752251780277989982624268939247965316352032902605804190037285301907091865443511872780909337358499977323070554945362491120558481062474374010441479208921758922607624477388728235833881085870080.000000,-0.257375,767217925266335522519883445024076189285011550871142232477027495248711373983247735610388702049736613087710340681310587522844892777576906362265240880995955409648802515137759691563363653616862712159688752916061815970988032.000000,2183939385730308635208420668460933914736575353792636055752251780277989982624268939247965316352032902605804190037285301907091865443511872780909337358499977323070554945362491120558481062474374010441479208921758922607624477388728235833881085870080.000000,0.000000,0.000000,0.000000
27.411479,767217925266335522519883445024076189285011550871142232477027495248711373983247735610388702049736613087710340681310587522844892777576906362265240880995955409648802515137759691563363653616862712159688752916061815970988032.000000,2183939385730308635208420668460933914736575353792636055752251780277989982624268939247965316352032902605804190037285301907091865443511872780909337358499977323070554945362491120558481062474374010441479208921758922607624477388728235833881085870080.000000,-0.257375,767217925266335522519883445024076189285011550871142232477027495248711373983247735610388702049736613087710340681310587522844892777576906362265240880995955409648802515137759691563363653616862712159688752916061815970988032.000000,2183939385730308635208420668460933914736575353792636055752251780277989982624268939247965316352032902605804190037285301907091865443511872780909337358499977323070554945362491120558481062474374010441479208921758922607624477388728235833881085870080.000000,0.000000,0.000000,0.000000
27.448069,767217925266335522519883445024076189285011550871142232477027495248711373983247735610388702049736613087710340681310587522844892777576906362265240880995955409648802515137759691563363653616862712159688752916061815970988032.000000,2183939385730308635208420668460933914736575353792636055752251780277989982624268939247965316352032902605804190037285301907091865443511872780909337358499977323070554945362491120558481062474374010441479208921758922607624477388728235833881085870080.000000,-0.257375,767217925266335522519883445024076189285011550871142232477027495248711373983247735610388702049736613087710340681310587522844892777576906362265240880995955409648802515137759691563363653616862712159688752916061815970988032.000000,2183939385730308635208420668460933914736575353792636055752251780277989982624268939247965316352032902605804190037285301907091865443511872780909337358499977323070554945362491120558481062474374010441479208921758922607624477388728235833881085870080.000000,0.000000,0.000000,0.000000
27.479591,767217925266335522519883445024076189285011550871142232477027495248711373983247735610388702049736613087710340681310587522844892777576906362265240880995955409648802515137759691563363653616862712159688752916061815970988032.000000,2183939385730308635208420668460933914736575353792636055752251780277989982624268939247965316352032902605804190037285301907091865443511872780909337358499977323070554945362491120558481062474374010441479208921758922607624477388728235833881085870080.000000,-0.257375,767217925266335522519883445024076189285011550871142232477027495248711373983247735610388702049736613087710340681310587522844892777576906362265240880995955409648802515137759691563363653616862712159688752916061815970988032.000000,2183939385730308635208420668460933914736575353792636055752251780277989982624268939247965316352032902605804190037285301907091865443511872780909337358499977323070554945362491120558481062474374010441479208921758922607624477388728235833881085870080.000000,0.000000,0.000000,0.000000
