time_s,x_m,y_m,yaw_rad,target_x_m,target_y_m,target_error_m,linear_velocity_m_s,angular_velocity_rad_s
0.001787,-0.182156,-0.047680,-0.438393,0.018720,-0.018007,0.203056,0.075000,1.000000
0.021116,-0.182156,-0.047680,-0.438393,0.018720,-0.018007,0.203056,0.075000,1.000000
0.051750,-0.182124,-0.047695,-0.438123,0.018720,-0.018007,0.203026,0.075000,1.000000
0.085088,-0.181345,-0.048057,-0.426230,0.018720,-0.018007,0.202309,0.075000,1.000000
0.118531,-0.180516,-0.048434,-0.414126,0.018720,-0.018007,0.201545,0.075000,1.000000
0.151680,-0.178558,-0.049278,-0.386664,0.026102,-0.016964,0.207195,0.075000,1.000000
0.185209,-0.176269,-0.050190,-0.351758,0.026102,-0.016964,0.205080,0.075000,1.000000
0.218455,-0.174988,-0.050659,-0.331987,0.026102,-0.016964,0.203894,0.075000,1.000000
0.251740,-0.172126,-0.051612,-0.290433,0.026102,-0.016964,0.201233,0.075000,1.000000
0.285246,-0.168941,-0.052535,-0.246739,0.033478,-0.015927,0.205703,0.075000,1.000000
0.318602,-0.167459,-0.052908,-0.224554,0.033478,-0.015927,0.204312,0.075000,0.967764
0.351710,-0.164442,-0.053562,-0.181307,0.033478,-0.015927,0.201467,0.075000,0.895640
0.385187,-0.161494,-0.054071,-0.140591,0.040848,-0.014897,0.206099,0.075000,0.790335
0.418632,-0.159963,-0.054288,-0.121067,0.040848,-0.014897,0.204638,0.075000,0.756447
0.452000,-0.157062,-0.054614,-0.083370,0.040848,-0.014897,0.201856,0.075000,0.687925
0.484816,-0.153974,-0.054843,-0.046984,0.048211,-0.013873,0.206294,0.075000,0.592389
0.518576,-0.152635,-0.054906,-0.031459,0.048211,-0.013873,0.204994,0.075000,0.563147
0.551995,-0.149372,-0.054983,-0.001759,0.048211,-0.013873,0.201814,0.075000,0.508947
0.584980,-0.146131,-0.054966,0.024632,0.055567,-0.012855,0.206047,0.075000,0.437289
0.618319,-0.144548,-0.054927,0.036567,0.055567,-0.012855,0.204490,0.075000,0.415242
0.652007,-0.141587,-0.054802,0.058876,0.055567,-0.012855,0.201567,0.075000,0.372557
0.684800,-0.138721,-0.054618,0.080436,0.062916,-0.011845,0.206124,0.075000,0.311086
0.718590,-0.137523,-0.054522,0.089215,0.062916,-0.011845,0.204932,0.075000,0.293461
0.751912,-0.134865,-0.054272,0.107256,0.062916,-0.011845,0.202280,0.075000,0.256750
0.785284,-0.133523,-0.054127,0.114787,0.062916,-0.011845,0.200938,0.075000,0.241546
0.818337,-0.130645,-0.053786,0.127595,0.070257,-0.010841,0.205441,0.075000,0.201760
0.851636,-0.129181,-0.053598,0.133638,0.070257,-0.010841,0.203970,0.075000,0.189915
0.884998,-0.129181,-0.053598,0.133638,0.070257,-0.010841,0.203970,0.075000,0.189915
0.918341,-0.129181,-0.053598,0.133638,0.070257,-0.010841,0.203970,0.075000,0.189915
0.952074,-0.120666,-0.052333,0.164147,0.077592,-0.009845,0.202759,0.075000,0.115773
0.984819,-0.117502,-0.051803,0.171674,0.084918,-0.008857,0.206925,0.075000,0.090325
1.018352,-0.115984,-0.051540,0.175186,0.084918,-0.008857,0.205386,0.075000,0.083140
1.051981,-0.113063,-0.051019,0.181333,0.084918,-0.008857,0.202421,0.075000,0.070376
1.084792,-0.110087,-0.050469,0.187497,0.092236,-0.007876,0.206757,0.075000,0.048346
1.118371,-0.108640,-0.050194,0.189290,0.092236,-0.007876,0.205285,0.075000,0.044675
1.151674,-0.105464,-0.049585,0.190245,0.092236,-0.007876,0.202052,0.075000,0.043745
1.185145,-0.102485,-0.049010,0.192182,0.099546,-0.006903,0.206372,0.075000,0.032205
1.218706,-0.100807,-0.048683,0.191561,0.099546,-0.006903,0.204663,0.075000,0.034263
1.252038,-0.097709,-0.048083,0.191802,0.099546,-0.006903,0.201508,0.075000,0.034750
1.285194,-0.094860,-0.047528,0.193837,0.106848,-0.005939,0.205950,0.075000,0.023060
1.318565,-0.093484,-0.047258,0.195024,0.106848,-0.005939,0.204549,0.075000,0.020476
1.351928,-0.090835,-0.046733,0.197953,0.106848,-0.005939,0.201848,0.075000,0.013752
1.385170,-0.087874,-0.046138,0.198807,0.114141,-0.004982,0.206164,0.075000,0.005260
1.418641,-0.086267,-0.045814,0.198969,0.114141,-0.004982,0.204525,0.075000,0.004949
1.452120,-0.083290,-0.045214,0.200454,0.114141,-0.004982,0.201488,0.075000,0.001410
1.485248,-0.080391,-0.044624,0.201841,0.121425,-0.004035,0.205857,0.075000,-0.008186
1.518379,-0.078898,-0.044318,0.201868,0.121425,-0.004035,0.204333,0.075000,-0.008375
1.551529,-0.075835,-0.043692,0.200879,0.121425,-0.004035,0.201206,0.075000,-0.006171
1.585146,-0.072904,-0.043095,0.201218,0.128700,-0.003096,0.205533,0.075000,-0.013030
1.618655,-0.071396,-0.042787,0.201272,0.128700,-0.003096,0.203994,0.075000,-0.013360
1.651794,-0.068413,-0.042178,0.201736,0.128700,-0.003096,0.200950,0.075000,-0.014930
1.685206,-0.065414,-0.041564,0.201332,0.135965,-0.002166,0.205197,0.075000,-0.019808
1.718622,-0.063730,-0.041221,0.199682,0.135965,-0.002166,0.203479,0.075000,-0.016090
1.751974,-0.062354,-0.040942,0.200115,0.135965,-0.002166,0.202074,0.075000,-0.017385
1.785010,-0.059146,-0.040293,0.197352,0.143221,-0.001245,0.206100,0.075000,-0.016354
1.818356,-0.057624,-0.039988,0.196758,0.143221,-0.001245,0.204548,0.075000,-0.015152
1.851844,-0.054874,-0.039440,0.197605,0.143221,-0.001245,0.201743,0.075000,-0.017676
1.885326,-0.054874,-0.039440,0.197605,0.143221,-0.001245,0.201743,0.075000,-0.017676
1.924918,-0.053288,-0.039123,0.198523,0.143221,-0.001245,0.200126,0.075000,-0.020256
1.951799,-0.046361,-0.037734,0.197828,0.150468,-0.000334,0.200351,0.075000,-0.025086
1.985053,-0.043393,-0.037139,0.197708,0.157704,0.000567,0.204602,0.075000,-0.030201
2.018494,-0.041775,-0.036814,0.196547,0.157704,0.000567,0.202951,0.075000,-0.027834
2.051807,-0.039101,-0.036280,0.198367,0.157704,0.000567,0.200225,0.075000,-0.033167
2.085199,-0.036366,-0.035730,0.198229,0.164930,0.001459,0.204703,0.075000,-0.037951
2.118634,-0.034819,-0.035420,0.197039,0.164930,0.001459,0.203126,0.075000,-0.035614
2.151993,-0.031839,-0.034826,0.195287,0.164930,0.001459,0.200087,0.075000,-0.032314
2.185003,-0.028930,-0.034250,0.194715,0.172146,0.002341,0.204379,0.075000,-0.035976
2.218539,-0.027374,-0.033944,0.193446,0.172146,0.002341,0.202793,0.075000,-0.033413
2.251891,-0.024454,-0.033373,0.192738,0.179352,0.003213,0.207064,0.075000,-0.036501
2.285081,-0.021252,-0.032750,0.189566,0.179352,0.003213,0.203802,0.075000,-0.029872
2.318403,-0.019760,-0.032464,0.188299,0.179352,0.003213,0.202283,0.075000,-0.027190
2.352022,-0.017067,-0.031951,0.187781,0.186546,0.004074,0.206776,0.075000,-0.030622
2.385211,-0.014224,-0.031412,0.186489,0.186546,0.004074,0.203882,0.075000,-0.028318
2.418424,-0.012786,-0.031140,0.186001,0.186546,0.004074,0.202419,0.075000,-0.027526
2.451836,-0.009866,-0.030592,0.185030,0.193730,0.004925,0.206670,0.075000,-0.029814
2.485130,-0.007071,-0.030069,0.184616,0.193730,0.004925,0.203827,0.075000,-0.029630
2.518659,-0.005594,-0.029793,0.184156,0.193730,0.004925,0.202325,0.075000,-0.028936
2.552024,-0.002537,-0.029225,0.182427,0.200902,0.005764,0.206426,0.075000,-0.029314
2.585084,0.000462,-0.028673,0.181149,0.200902,0.005764,0.203377,0.075000,-0.027048
2.618693,0.001930,-0.028404,0.180582,0.200902,0.005764,0.201884,0.075000,-0.026045
2.651994,0.004804,-0.027880,0.179908,0.208063,0.006593,0.206162,0.075000,-0.028877
2.685114,0.007781,-0.027339,0.178207,0.208063,0.006593,0.203136,0.075000,-0.025544
2.718642,0.009196,-0.027084,0.177856,0.208063,0.006593,0.201698,0.075000,-0.025037
2.752123,0.012115,-0.026560,0.177045,0.215212,0.007411,0.205919,0.075000,-0.027471
2.785055,0.013650,-0.026286,0.176801,0.215212,0.007411,0.204359,0.075000,-0.027294
2.818390,0.015217,-0.026006,0.175885,0.215212,0.007411,0.202767,0.075000,-0.025467
2.851680,0.018247,-0.025468,0.175020,0.222349,0.008217,0.206863,0.075000,-0.027682
2.885193,0.018247,-0.025468,0.175020,0.222349,0.008217,0.206863,0.075000,-0.027682
2.918620,0.018247,-0.025468,0.175020,0.222349,0.008217,0.206863,0.075000,-0.027682
2.951494,0.027274,-0.023891,0.170187,0.229475,0.009012,0.204860,0.075000,-0.021664
2.985056,0.030093,-0.023407,0.169405,0.229475,0.009012,0.202000,0.075000,-0.020338
3.018712,0.031459,-0.023174,0.169486,0.229475,0.009012,0.200615,0.075000,-0.020822
3.051963,0.034246,-0.022697,0.169004,0.236588,0.009795,0.204934,0.075000,-0.023873
3.085120,0.036182,-0.022367,0.168325,0.236588,0.009795,0.202970,0.075000,-0.022664
3.118350,0.039007,-0.021888,0.166022,0.236588,0.009795,0.200105,0.075000,-0.017545
3.151891,0.041878,-0.021407,0.165833,0.243688,0.010566,0.204327,0.075000,-0.021308
3.185094,0.044778,-0.020923,0.164945,0.243688,0.010566,0.201387,0.075000,-0.019724
3.218553,0.046290,-0.020671,0.164513,0.250776,0.011324,0.206974,0.075000,-0.022477
3.251958,0.049558,-0.020130,0.161566,0.250776,0.011324,0.203661,0.075000,-0.015955
3.285174,0.051560,-0.019804,0.159904,0.250776,0.011324,0.201633,0.075000,-0.012157
3.318601,0.054173,-0.019383,0.159058,0.257851,0.012071,0.206092,0.075000,-0.014161
3.351897,0.057009,-0.018929,0.158144,0.257851,0.012071,0.203221,0.075000,-0.012308
3.384805,0.059832,-0.018479,0.158429,0.257851,0.012071,0.200362,0.075000,-0.013374
3.418449,0.061192,-0.018261,0.158726,0.264913,0.012805,0.206076,0.075000,-0.017948
3.451739,0.064260,-0.017770,0.158455,0.264913,0.012805,0.202968,0.075000,-0.017839
3.484995,0.067094,-0.017317,0.159184,0.264913,0.012805,0.200099,0.075000,-0.020182
3.518539,0.068724,-0.017055,0.158264,0.271961,0.013526,0.205525,0.075000,-0.021688
3.551521,0.071882,-0.016550,0.158491,0.271961,0.013526,0.202327,0.075000,-0.022955
3.585038,0.074431,-0.016143,0.158017,0.278996,0.014234,0.206809,0.075000,-0.025624
3.618612,0.075889,-0.015910,0.158017,0.278996,0.014234,0.205332,0.075000,-0.025994
3.651550,0.078861,-0.015438,0.157042,0.278996,0.014234,0.202323,0.075000,-0.024351
3.684996,0.081708,-0.014987,0.156374,0.286018,0.014930,0.206488,0.075000,-0.026582
3.718644,0.083161,-0.014758,0.156185,0.286018,0.014930,0.205018,0.075000,-0.026504
3.751932,0.086229,-0.014276,0.154592,0.286018,0.014930,0.201912,0.075000,-0.023371
3.785313,0.087770,-0.014036,0.153641,0.286018,0.014930,0.200352,0.075000,-0.021363
3.818182,0.090669,-0.013588,0.152292,0.293025,0.015612,0.204452,0.075000,-0.021968
3.851732,0.090669,-0.013588,0.152292,0.293025,0.015612,0.204452,0.075000,-0.021968
3.885171,0.090669,-0.013588,0.152292,0.293025,0.015612,0.204452,0.075000,-0.021968
3.929470,0.092459,-0.013314,0.151713,0.293025,0.015612,0.202642,0.075000,-0.020933
3.951684,0.100985,-0.012021,0.149021,0.300018,0.016280,0.201035,0.075000,-0.019336
3.985192,0.104097,-0.011555,0.147479,0.306997,0.016935,0.204891,0.075000,-0.019463
4.018567,0.105566,-0.011337,0.147532,0.306997,0.016935,0.203405,0.075000,-0.019881
4.051934,0.108497,-0.010902,0.146932,0.306997,0.016935,0.200443,0.075000,-0.018970
4.085062,0.111346,-0.010479,0.147520,0.313962,0.017576,0.204548,0.075000,-0.024270
4.118557,0.112798,-0.010264,0.146735,0.313962,0.017576,0.203081,0.075000,-0.022690
4.151929,0.115863,-0.009812,0.144461,0.320911,0.018203,0.206953,0.075000,-0.020958
4.185079,0.118827,-0.009381,0.143758,0.320911,0.018203,0.203958,0.075000,-0.019853
4.218576,0.120227,-0.009178,0.143758,0.320911,0.018203,0.202543,0.075000,-0.020131
4.251933,0.123199,-0.008749,0.142731,0.327846,0.018816,0.206495,0.075000,-0.021410
4.284917,0.126284,-0.008306,0.141582,0.327846,0.018816,0.203378,0.075000,-0.019236
4.318612,0.127854,-0.008083,0.140771,0.327846,0.018816,0.201793,0.075000,-0.017529
4.351903,0.130881,-0.007655,0.139635,0.334766,0.019414,0.205674,0.075000,-0.018576
4.385024,0.133796,-0.007245,0.139123,0.334766,0.019414,0.202730,0.075000,-0.017852
4.418640,0.135264,-0.007040,0.138825,0.334766,0.019414,0.201248,0.075000,-0.017376
4.451944,0.138224,-0.006627,0.137636,0.341670,0.019998,0.205181,0.075000,-0.018286
4.485086,0.141154,-0.006221,0.137096,0.341670,0.019998,0.202223,0.075000,-0.017485
4.518700,0.142678,-0.006011,0.136556,0.341670,0.019998,0.200684,0.075000,-0.016410
4.551829,0.145698,-0.005596,0.135580,0.348559,0.020568,0.204541,0.075000,-0.017877
4.585203,0.148570,-0.005205,0.135306,0.348559,0.020568,0.201642,0.075000,-0.017711
4.618359,0.150062,-0.005002,0.134657,0.348559,0.020568,0.200137,0.075000,-0.016358
4.651895,0.153154,-0.004583,0.133716,0.355432,0.021122,0.203904,0.075000,-0.017940
4.684908,0.156031,-0.004196,0.133396,0.355432,0.021122,0.201001,0.075000,-0.017664
4.718588,0.157431,-0.004008,0.133477,0.362289,0.021661,0.206460,0.075000,-0.021367
4.751989,0.160341,-0.003618,0.132641,0.362289,0.021661,0.203524,0.075000,-0.019927
4.785214,0.161798,-0.003424,0.132831,0.362289,0.021661,0.202054,0.075000,-0.020687
4.818626,0.163659,-0.003175,0.132729,0.362289,0.021661,0.200176,0.075000,-0.020823
4.851988,0.163659,-0.003175,0.132729,0.362289,0.021661,0.200176,0.075000,-0.020823
4.885262,0.163659,-0.003175,0.132729,0.362289,0.021661,0.200176,0.075000,-0.020823
4.918605,0.172224,-0.002030,0.132029,0.375954,0.022694,0.205225,0.075000,-0.027435
4.951789,0.175581,-0.001585,0.130946,0.375954,0.022694,0.201839,0.075000,-0.025679
4.984905,0.178235,-0.001236,0.129551,0.382763,0.023187,0.205981,0.075000,-0.025976
5.018355,0.179836,-0.001027,0.128067,0.382763,0.023187,0.204367,0.075000,-0.022756
5.051907,0.182876,-0.000637,0.126092,0.382763,0.023187,0.201301,0.075000,-0.018530
5.085173,0.185984,-0.000245,0.124590,0.389554,0.023665,0.204969,0.075000,-0.018722
5.118531,0.187408,-0.000066,0.124726,0.389554,0.023665,0.203534,0.075000,-0.019320
5.151839,0.190403,0.000309,0.123754,0.389554,0.023665,0.200516,0.075000,-0.017477
5.185244,0.193412,0.000681,0.122196,0.396329,0.024126,0.204266,0.075000,-0.017539
5.218552,0.194834,0.000856,0.122359,0.396329,0.024126,0.202834,0.075000,-0.018188
5.251898,0.197636,0.001202,0.123307,0.396329,0.024126,0.200011,0.075000,-0.021092
5.285196,0.200584,0.001567,0.122984,0.403086,0.024572,0.203805,0.075000,-0.024204
5.318570,0.201988,0.001741,0.123255,0.403086,0.024572,0.202390,0.075000,-0.025213
5.352015,0.205024,0.002117,0.122014,0.409826,0.025001,0.206077,0.075000,-0.026048
5.385005,0.208017,0.002483,0.120994,0.409826,0.025001,0.203062,0.075000,-0.024307
5.418293,0.209646,0.002681,0.120021,0.409826,0.025001,0.201421,0.075000,-0.022290
5.451664,0.212775,0.003057,0.118452,0.416549,0.025414,0.204996,0.075000,-0.022379
5.484804,0.215751,0.003411,0.117963,0.416549,0.025414,0.202000,0.075000,-0.021831
5.518474,0.217407,0.003607,0.116074,0.416549,0.025414,0.200333,0.075000,-0.017482
5.551681,0.220172,0.003929,0.116088,0.423254,0.025810,0.204257,0.075000,-0.021439
5.585139,0.223112,0.004272,0.115068,0.423254,0.025810,0.201298,0.075000,-0.019534
5.618586,0.224541,0.004437,0.114852,0.429941,0.026190,0.206549,0.075000,-0.022609
5.651847,0.227655,0.004796,0.113526,0.429941,0.026190,0.203415,0.075000,-0.020047
5.685078,0.231026,0.005177,0.110216,0.429941,0.026190,0.200022,0.075000,-0.012418
5.718570,0.232634,0.005355,0.110245,0.436610,0.026553,0.205075,0.075000,-0.016319
5.751736,0.235169,0.005636,0.111912,0.436610,0.026553,0.202524,0.075000,-0.020862
5.785115,0.236565,0.005793,0.112102,0.436610,0.026553,0.201120,0.075000,-0.021626
5.818568,0.238007,0.005956,0.111832,0.443261,0.026898,0.206320,0.075000,-0.024600
5.851918,0.238007,0.005956,0.111832,0.443261,0.026898,0.206320,0.075000,-0.024600
5.890292,0.240258,0.006208,0.110651,0.443261,0.026898,0.204055,0.075000,-0.022255
5.918653,0.246944,0.006951,0.110516,0.449894,0.027227,0.203960,0.075000,-0.026820
5.951770,0.250048,0.007295,0.109903,0.449894,0.027227,0.200837,0.075000,-0.026125
5.985124,0.253312,0.007653,0.107235,0.456508,0.027538,0.204167,0.075000,-0.023718
6.018572,0.255563,0.007896,0.106212,0.456508,0.027538,0.201903,0.075000,-0.021719
6.051940,0.257897,0.008144,0.105357,0.463103,0.027832,0.206148,0.075000,-0.023549
6.085067,0.260696,0.008440,0.104808,0.463103,0.027832,0.203334,0.075000,-0.022850
6.118606,0.262434,0.008623,0.104740,0.463103,0.027832,0.201586,0.075000,-0.023079
6.151933,0.264731,0.008865,0.105335,0.469679,0.028108,0.205849,0.075000,-0.028458
6.185052,0.267841,0.009192,0.103521,0.469679,0.028108,0.202722,0.075000,-0.024850
6.218609,0.269631,0.009378,0.103218,0.469679,0.028108,0.200923,0.075000,-0.024543
6.251864,0.272185,0.009641,0.102623,0.476236,0.028366,0.204908,0.075000,-0.027117
6.285019,0.275349,0.009967,0.101233,0.476236,0.028366,0.201728,0.075000,-0.024529
6.318345,0.276818,0.010116,0.101369,0.476236,0.028366,0.200252,0.075000,-0.025230
6.351875,0.280037,0.010442,0.099172,0.482774,0.028607,0.203549,0.075000,-0.024103
6.385144,0.282931,0.010730,0.098442,0.482774,0.028607,0.200641,0.075000,-0.022987
6.418610,0.285030,0.010937,0.098010,0.489292,0.028829,0.205044,0.075000,-0.025945
6.451869,0.287504,0.011179,0.095666,0.489292,0.028829,0.202558,0.075000,-0.020784
6.485063,0.290538,0.011469,0.094885,0.495790,0.029033,0.206002,0.075000,-0.023106
6.518678,0.291967,0.011605,0.095292,0.495790,0.029033,0.204567,0.075000,-0.024427
6.551905,0.294975,0.011890,0.093510,0.495790,0.029033,0.201546,0.075000,-0.020714
6.585069,0.297818,0.012157,0.093623,0.502269,0.029219,0.205161,0.075000,-0.025255
6.618346,0.299151,0.012282,0.094001,0.502269,0.029219,0.203823,0.075000,-0.026515
6.651961,0.302288,0.012577,0.092306,0.502269,0.029219,0.200673,0.075000,-0.023128
6.684969,0.305534,0.012875,0.089252,0.508727,0.029386,0.203863,0.075000,-0.020043
6.718603,0.307198,0.013023,0.088058,0.508727,0.029386,0.202193,0.075000,-0.017423
6.751911,0.310117,0.013280,0.086754,0.515166,0.029534,0.205692,0.075000,-0.018598
6.785181,0.312076,0.013451,0.086557,0.515166,0.029534,0.203726,0.075000,-0.018476
6.818558,0.312825,0.013516,0.086233,0.515166,0.029534,0.202973,0.075000,-0.017816
6.851867,0.312825,0.013516,0.086233,0.515166,0.029534,0.202973,0.075000,-0.017816
6.885121,0.320164,0.014140,0.084662,0.521584,0.029664,0.202017,0.075000,-0.019158
6.918706,0.321640,0.014265,0.084256,0.521584,0.029664,0.200535,0.075000,-0.018430
6.951783,0.324718,0.014523,0.082261,0.527981,0.029775,0.203835,0.075000,-0.018068
6.985192,0.327518,0.014753,0.082910,0.527981,0.029775,0.201025,0.075000,-0.020188
7.018552,0.328887,0.014867,0.082937,0.534357,0.029866,0.206017,0.075000,-0.024431
7.051678,0.331848,0.015113,0.081885,0.534357,0.029866,0.203046,0.075000,-0.022554
7.085040,0.334707,0.015348,0.082188,0.534357,0.029866,0.200177,0.075000,-0.023976
7.118703,0.336248,0.015475,0.082053,0.540713,0.029939,0.204976,0.075000,-0.027885
7.151945,0.339451,0.015737,0.080558,0.540713,0.029939,0.201762,0.075000,-0.025055
7.185193,0.342566,0.015987,0.079842,0.547048,0.029992,0.204960,0.075000,-0.027955
7.218640,0.344005,0.016102,0.080435,0.547048,0.029992,0.203518,0.075000,-0.029809
7.251934,0.347031,0.016346,0.079677,0.547048,0.029992,0.200482,0.075000,-0.028825
7.285106,0.349947,0.016578,0.079647,0.553361,0.030026,0.203858,0.075000,-0.033439
7.318583,0.351429,0.016697,0.079000,0.553361,0.030026,0.202371,0.075000,-0.032333
7.351948,0.354567,0.016944,0.077033,0.559652,0.030040,0.205503,0.075000,-0.032268
7.385176,0.356278,0.017076,0.077874,0.559652,0.030040,0.203788,0.075000,-0.034876
7.418603,0.358895,0.017279,0.076350,0.559652,0.030040,0.201163,0.075000,-0.031996
7.451684,0.361875,0.017507,0.075757,0.565923,0.030034,0.204432,0.075000,-0.035322
7.485074,0.365266,0.017761,0.071994,0.565923,0.030034,0.201032,0.075000,-0.027119
7.518561,0.366675,0.017863,0.072021,0.572171,0.030009,0.205855,0.075000,-0.031532
7.551877,0.369558,0.018070,0.071182,0.572171,0.030009,0.202964,0.075000,-0.030369
7.585156,0.372711,0.018292,0.067956,0.578397,0.029963,0.206017,0.075000,-0.027359
7.618589,0.374460,0.018411,0.066083,0.578397,0.029963,0.204264,0.075000,-0.023248
7.651712,0.377500,0.018612,0.063577,0.578397,0.029963,0.201218,0.075000,-0.017726
7.685106,0.379029,0.018709,0.062897,0.584602,0.029898,0.205877,0.075000,-0.020703
7.718598,0.381812,0.018884,0.061724,0.584602,0.029898,0.203088,0.075000,-0.018381
7.751637,0.384595,0.019055,0.061519,0.584602,0.029898,0.200301,0.075000,-0.018376
7.785047,0.387390,0.019228,0.061964,0.590783,0.029812,0.203669,0.075000,-0.024484
7.818512,0.387390,0.019228,0.061964,0.590783,0.029812,0.203669,0.075000,-0.024484
7.851771,0.387390,0.019228,0.061964,0.590783,0.029812,0.203669,0.075000,-0.024484
7.897777,0.388903,0.019322,0.061829,0.590783,0.029812,0.202153,0.075000,-0.024519
7.918562,0.397230,0.019834,0.060726,0.603080,0.029579,0.206080,0.075000,-0.032561
7.951953,0.399783,0.019989,0.058959,0.603080,0.029579,0.203523,0.075000,-0.029030
7.985074,0.403046,0.020179,0.056666,0.603080,0.029579,0.200255,0.075000,-0.024239
8.018574,0.404695,0.020273,0.054964,0.609194,0.029432,0.204704,0.075000,-0.024926
8.051947,0.407602,0.020434,0.054035,0.609194,0.029432,0.201793,0.075000,-0.023362
8.085137,0.410397,0.020585,0.053212,0.615285,0.029264,0.205071,0.075000,-0.026514
8.118599,0.412056,0.020673,0.051215,0.615285,0.029264,0.203410,0.075000,-0.022039
8.151941,0.415034,0.020825,0.050039,0.615285,0.029264,0.200429,0.075000,-0.019759
8.185024,0.417864,0.020967,0.049299,0.621353,0.029076,0.203650,0.075000,-0.023251
8.218440,0.419433,0.021044,0.047845,0.621353,0.029076,0.202080,0.075000,-0.020016
8.252060,0.422203,0.021177,0.048821,0.627398,0.028866,0.205338,0.075000,-0.027679
8.285146,0.425343,0.021329,0.047082,0.627398,0.028866,0.202195,0.075000,-0.024227
8.318675,0.426794,0.021397,0.046865,0.627398,0.028866,0.200742,0.075000,-0.024038
8.351891,0.429704,0.021534,0.046212,0.633419,0.028636,0.203839,0.075000,-0.027882
8.385164,0.432693,0.021673,0.045721,0.633419,0.028636,0.200847,0.075000,-0.027498
8.418583,0.434348,0.021748,0.044584,0.639417,0.028384,0.205176,0.075000,-0.029823
8.451511,0.437400,0.021883,0.042601,0.639417,0.028384,0.202121,0.075000,-0.025808
8.485080,0.440800,0.022026,0.039116,0.645391,0.028111,0.204681,0.075000,-0.022916
8.518563,0.442248,0.022082,0.039359,0.645391,0.028111,0.203232,0.075000,-0.023842
8.551661,0.445399,0.022205,0.037571,0.645391,0.028111,0.200079,0.075000,-0.020118
8.585089,0.448354,0.022317,0.037149,0.651341,0.027817,0.203062,0.075000,-0.024768
8.618714,0.449677,0.022366,0.038283,0.651341,0.027817,0.201738,0.075000,-0.027906
8.651949,0.452726,0.022481,0.037119,0.657267,0.027501,0.204602,0.075000,-0.030750
8.685011,0.455993,0.022600,0.034763,0.657267,0.027501,0.201333,0.075000,-0.025874
8.718600,0.457679,0.022659,0.033248,0.663169,0.027164,0.205539,0.075000,-0.027556
8.751619,0.460081,0.022739,0.030973,0.663169,0.027164,0.203136,0.075000,-0.022614
8.785193,0.462884,0.022824,0.030341,0.663169,0.027164,0.200332,0.075000,-0.021657
8.818465,0.463549,0.022844,0.030711,0.669046,0.026805,0.205535,0.075000,-0.027832
8.851795,0.463549,0.022844,0.030711,0.669046,0.026805,0.205535,0.075000,-0.027832
8.894464,0.464850,0.022884,0.031052,0.669046,0.026805,0.204234,0.075000,-0.029022
8.918577,0.472275,0.023112,0.030460,0.674899,0.026424,0.202652,0.075000,-0.034827
8.951942,0.475091,0.023198,0.028715,0.680727,0.026022,0.205656,0.075000,-0.036432
8.985238,0.478254,0.023288,0.027174,0.680727,0.026022,0.202492,0.075000,-0.033759
9.018601,0.479667,0.023326,0.027687,0.680727,0.026022,0.201079,0.075000,-0.035511
9.051943,0.482429,0.023404,0.028282,0.686531,0.025597,0.204113,0.075000,-0.042956
9.085020,0.485561,0.023492,0.026797,0.686531,0.025597,0.200980,0.075000,-0.040609
9.118567,0.487144,0.023535,0.026362,0.692309,0.025151,0.205171,0.075000,-0.045049
9.151965,0.490269,0.023617,0.024853,0.692309,0.025151,0.202046,0.075000,-0.042719
9.185207,0.493400,0.023694,0.022583,0.698063,0.024682,0.204665,0.075000,-0.043371
9.218696,0.495113,0.023732,0.020098,0.698063,0.024682,0.202952,0.075000,-0.037982
9.251859,0.497869,0.023788,0.019369,0.698063,0.024682,0.200196,0.075000,-0.037216
9.285069,0.500471,0.023838,0.019011,0.703791,0.024191,0.203320,0.075000,-0.042481
9.318552,0.501845,0.023865,0.018930,0.703791,0.024191,0.201945,0.075000,-0.042860
9.351908,0.504966,0.023923,0.016882,0.709493,0.023678,0.204527,0.075000,-0.044196
9.385085,0.508301,0.023977,0.014072,0.709493,0.023678,0.201193,0.075000,-0.038662
9.418347,0.509808,0.023998,0.013235,0.715171,0.023143,0.205364,0.075000,-0.042364
9.451957,0.512737,0.024037,0.012020,0.715171,0.023143,0.202435,0.075000,-0.040593
9.485056,0.515774,0.024072,0.009699,0.720822,0.022585,0.205053,0.075000,-0.041329
9.518687,0.517436,0.024088,0.007777,0.720822,0.022585,0.203392,0.075000,-0.037284
9.551921,0.520270,0.024110,0.006512,0.720822,0.022585,0.200558,0.075000,-0.035191
9.585229,0.523055,0.024128,0.006419,0.726448,0.022005,0.203404,0.075000,-0.041444
9.618633,0.524533,0.024138,0.005960,0.726448,0.022005,0.201925,0.075000,-0.040917
9.651964,0.527553,0.024155,0.004770,0.732047,0.021402,0.204513,0.075000,-0.044575
9.685011,0.530627,0.024168,0.002852,0.732047,0.021402,0.201440,0.075000,-0.041170
9.718635,0.532404,0.024173,0.002784,0.737621,0.020776,0.205245,0.075000,-0.047108
9.751818,0.534910,0.024180,0.001712,0.737621,0.020776,0.202739,0.075000,-0.045626
9.785340,0.534910,0.024180,0.001712,0.737621,0.020776,0.202739,0.075000,-0.045626
9.818309,0.539965,0.024181,-0.001774,0.743168,0.020127,0.203243,0.075000,-0.044702
9.851740,0.539965,0.024181,-0.001774,0.743168,0.020127,0.203243,0.075000,-0.044702
9.885333,0.539965,0.024181,-0.001774,0.743168,0.020127,0.203243,0.075000,-0.044702
9.918625,0.539965,0.024181,-0.001774,0.743168,0.020127,0.203243,0.075000,-0.044702
9.951650,0.549077,0.024131,-0.011747,0.754184,0.018762,0.205176,0.075000,-0.035144
9.985042,0.552133,0.024093,-0.014209,0.754184,0.018762,0.202121,0.075000,-0.030099
10.018674,0.553759,0.024069,-0.015181,0.754184,0.018762,0.200495,0.075000,-0.028165
10.051943,0.557487,0.024011,-0.016511,0.759651,0.018045,0.202253,0.075000,-0.032120
10.085204,0.559773,0.023973,-0.016849,0.765092,0.017304,0.205428,0.075000,-0.038017
10.118562,0.562852,0.023921,-0.017246,0.765092,0.017304,0.202349,0.075000,-0.038198
10.151933,0.565886,0.023868,-0.018192,0.770506,0.016541,0.204752,0.075000,-0.042977
10.185123,0.567781,0.023834,-0.019006,0.770506,0.016541,0.202856,0.075000,-0.041779
10.218585,0.570433,0.023782,-0.020327,0.770506,0.016541,0.200204,0.075000,-0.039583
10.251598,0.573440,0.023720,-0.021967,0.775893,0.015755,0.202610,0.075000,-0.042835
10.285110,0.574999,0.023686,-0.022985,0.775893,0.015755,0.201051,0.075000,-0.040971
10.318488,0.578281,0.023609,-0.024719,0.781253,0.014945,0.203157,0.075000,-0.044158
10.351923,0.580907,0.023544,-0.026121,0.781253,0.014945,0.200531,0.075000,-0.041815
10.385267,0.582785,0.023494,-0.027274,0.786586,0.014112,0.204016,0.075000,-0.045904
10.418358,0.585797,0.023411,-0.028853,0.786586,0.014112,0.201003,0.075000,-0.043347
10.451933,0.588415,0.023335,-0.030498,0.791891,0.013255,0.203726,0.075000,-0.046618
10.485297,0.590609,0.023268,-0.031712,0.791891,0.013255,0.201531,0.075000,-0.044628
10.518601,0.593617,0.023171,-0.033334,0.797168,0.012376,0.203838,0.075000,-0.048202
10.551949,0.595966,0.023092,-0.035055,0.797168,0.012376,0.201488,0.075000,-0.045050
10.585071,0.598917,0.022987,-0.036732,0.802418,0.011472,0.203826,0.075000,-0.048546
10.618681,0.601058,0.022909,-0.037752,0.802418,0.011472,0.201685,0.075000,-0.047054
10.651924,0.603385,0.022820,-0.039141,0.807640,0.010546,0.204624,0.075000,-0.051016
10.684924,0.606391,0.022701,-0.040964,0.807640,0.010546,0.201616,0.075000,-0.048015
10.718663,0.607872,0.022640,-0.041832,0.807640,0.010546,0.200134,0.075000,-0.046559
10.751976,0.610827,0.022516,-0.043659,0.812834,0.009595,0.202420,0.075000,-0.049926
10.785164,0.612346,0.022449,-0.044578,0.812834,0.009595,0.200900,0.075000,-0.048396
10.818202,0.615339,0.022314,-0.046500,0.818000,0.008621,0.203124,0.075000,-0.051597
10.851944,0.615339,0.022314,-0.046500,0.818000,0.008621,0.203124,0.075000,-0.051597
10.885297,0.615339,0.022314,-0.046500,0.818000,0.008621,0.203124,0.075000,-0.051597
10.918345,0.615339,0.022314,-0.046500,0.818000,0.008621,0.203124,0.075000,-0.051597
10.951639,0.625925,0.021790,-0.053911,0.828248,0.006603,0.202892,0.075000,-0.051776
10.985015,0.628950,0.021624,-0.056150,0.833329,0.005558,0.205010,0.075000,-0.054388
11.018670,0.630418,0.021542,-0.056933,0.833329,0.005558,0.203539,0.075000,-0.053254
11.051943,0.633389,0.021371,-0.058959,0.833329,0.005558,0.200564,0.075000,-0.049777
11.085084,0.636387,0.021193,-0.060858,0.838381,0.004489,0.202684,0.075000,-0.053403
11.118369,0.637899,0.021101,-0.062104,0.838381,0.004489,0.201169,0.075000,-0.051114
11.151943,0.640885,0.020914,-0.063989,0.843405,0.003396,0.203277,0.075000,-0.054833
11.185013,0.643880,0.020720,-0.066116,0.843405,0.003396,0.200277,0.075000,-0.051158
11.218729,0.645390,0.020620,-0.067253,0.848401,0.002280,0.203837,0.075000,-0.056034
11.251932,0.648369,0.020418,-0.069335,0.848401,0.002280,0.200852,0.075000,-0.052508
11.284945,0.651369,0.020208,-0.071705,0.853367,0.001139,0.202896,0.075000,-0.055233
11.318598,0.652859,0.020101,-0.072735,0.853367,0.001139,0.201403,0.075000,-0.053500
11.351833,0.655819,0.019884,-0.074706,0.858304,-0.000025,0.203462,0.075000,-0.057253
11.385138,0.658868,0.019654,-0.077095,0.858304,-0.000025,0.200405,0.075000,-0.053032
11.418536,0.660364,0.019538,-0.078232,0.863213,-0.001213,0.203907,0.075000,-0.058138
11.451954,0.663337,0.019304,-0.080303,0.863213,-0.001213,0.200926,0.075000,-0.054709
11.485054,0.666397,0.019056,-0.082774,0.868092,-0.002425,0.202836,0.075000,-0.057501
11.518556,0.667889,0.018932,-0.083884,0.868092,-0.002425,0.201339,0.075000,-0.055602
11.551663,0.671218,0.018650,-0.086546,0.872942,-0.003661,0.202954,0.075000,-0.058163
11.584814,0.673840,0.018421,-0.088751,0.872942,-0.003661,0.200323,0.075000,-0.054180
11.618605,0.675301,0.018291,-0.089939,0.877762,-0.004921,0.203787,0.075000,-0.059408
11.651925,0.678244,0.018024,-0.092050,0.877762,-0.004921,0.200833,0.075000,-0.055895
11.685262,0.680099,0.017853,-0.093431,0.882553,-0.006206,0.203879,0.075000,-0.060936
11.718598,0.682764,0.017602,-0.095842,0.882553,-0.006206,0.201202,0.075000,-0.056558
11.751742,0.685771,0.017311,-0.098248,0.887314,-0.007514,0.203067,0.075000,-0.059843
11.785289,0.687597,0.017131,-0.099733,0.887314,-0.007514,0.201232,0.075000,-0.057249
11.818427,0.687597,0.017131,-0.099733,0.887314,-0.007514,0.201232,0.075000,-0.057249
11.851896,0.687597,0.017131,-0.099733,0.887314,-0.007514,0.201232,0.075000,-0.057249
11.884883,0.696213,0.016246,-0.106229,0.896747,-0.010203,0.202271,0.075000,-0.061553
11.918577,0.697781,0.016079,-0.107475,0.896747,-0.010203,0.200695,0.075000,-0.059420
11.951767,0.700701,0.015762,-0.109816,0.901419,-0.011583,0.202573,0.075000,-0.063144
11.985454,0.702550,0.015558,-0.111134,0.901419,-0.011583,0.200713,0.075000,-0.061035
12.018557,0.705158,0.015265,-0.113423,0.906061,-0.012988,0.202880,0.075000,-0.064786
12.051747,0.708504,0.014882,-0.116098,0.910673,-0.014416,0.204280,0.075000,-0.068083
12.085160,0.711075,0.014580,-0.118147,0.910673,-0.014416,0.201693,0.075000,-0.064747
12.118558,0.712555,0.014405,-0.119233,0.910673,-0.014416,0.200203,0.075000,-0.063002
12.152080,0.715542,0.014045,-0.121989,0.915254,-0.015869,0.201940,0.075000,-0.066087
12.185058,0.718508,0.013680,-0.124455,0.919805,-0.017346,0.203674,0.075000,-0.069891
12.218533,0.720097,0.013481,-0.125728,0.919805,-0.017346,0.202073,0.075000,-0.067854
12.251829,0.722984,0.013115,-0.128188,0.924326,-0.018848,0.203863,0.075000,-0.071716
12.285047,0.725985,0.012726,-0.130802,0.924326,-0.018848,0.200839,0.075000,-0.067364
12.318638,0.727476,0.012530,-0.132237,0.928816,-0.020373,0.204011,0.075000,-0.072902
12.351856,0.730431,0.012136,-0.134497,0.928816,-0.020373,0.201031,0.075000,-0.069445
12.385024,0.733423,0.011729,-0.137477,0.933276,-0.021922,0.202666,0.075000,-0.072368
12.418694,0.734912,0.011523,-0.138935,0.933276,-0.021922,0.201164,0.075000,-0.069830
12.451977,0.737880,0.011106,-0.141924,0.937705,-0.023496,0.202798,0.075000,-0.072816
12.485040,0.740856,0.010679,-0.144863,0.942103,-0.025093,0.204402,0.075000,-0.075951
12.518558,0.742340,0.010463,-0.146108,0.942103,-0.025093,0.202903,0.075000,-0.074011
12.551901,0.745312,0.010023,-0.149462,0.946470,-0.026715,0.204486,0.075000,-0.076231
12.585078,0.748251,0.009579,-0.152140,0.946470,-0.026715,0.201515,0.075000,-0.071831
12.618426,0.749791,0.009343,-0.153835,0.950807,-0.028361,0.204522,0.075000,-0.077183
12.651532,0.752715,0.008888,-0.156758,0.950807,-0.028361,0.201563,0.075000,-0.072197
12.685127,0.755713,0.008412,-0.159765,0.955112,-0.030031,0.203071,0.075000,-0.075560
12.718574,0.757191,0.008174,-0.161362,0.955112,-0.030031,0.201575,0.075000,-0.072725
12.751889,0.759350,0.007822,-0.163395,0.959387,-0.031725,0.203909,0.075000,-0.077936
12.785289,0.762044,0.007376,-0.166219,0.959387,-0.031725,0.201179,0.075000,-0.073031
12.818441,0.763166,0.007188,-0.167316,0.959387,-0.031725,0.200042,0.075000,-0.071121
12.852192,0.763166,0.007188,-0.167316,0.959387,-0.031725,0.200042,0.075000,-0.071121
12.885051,0.763166,0.007188,-0.167316,0.959387,-0.031725,0.200042,0.075000,-0.071121
12.918555,0.772009,0.005662,-0.176102,0.967842,-0.035185,0.200048,0.075000,-0.073806
12.951766,0.774933,0.005140,-0.178915,0.972022,-0.036952,0.201534,0.075000,-0.078115
12.985233,0.777835,0.004614,-0.181693,0.976171,-0.038742,0.203020,0.075000,-0.082531
13.018627,0.779307,0.004343,-0.183314,0.976171,-0.038742,0.201524,0.075000,-0.079742
13.051921,0.782297,0.003787,-0.186620,0.980289,-0.040556,0.202897,0.075000,-0.083049
13.085065,0.785214,0.003234,-0.189900,0.984375,-0.042394,0.204321,0.075000,-0.086405
13.118704,0.786657,0.002957,-0.191227,0.984375,-0.042394,0.202853,0.075000,-0.084390
13.151942,0.789583,0.002388,-0.194440,0.988430,-0.044256,0.204244,0.075000,-0.088031
13.185009,0.792544,0.001802,-0.198226,0.988430,-0.044256,0.201228,0.075000,-0.081255
13.218634,0.793990,0.001512,-0.199954,0.992452,-0.046142,0.204104,0.075000,-0.087435
13.251984,0.796934,0.000912,-0.203091,0.992452,-0.046142,0.201101,0.075000,-0.082240
13.285162,0.799886,0.000302,-0.206386,0.996443,-0.048052,0.202417,0.075000,-0.086015
13.318621,0.801355,-0.000005,-0.208066,0.996443,-0.048052,0.200917,0.075000,-0.083128
13.351964,0.804268,-0.000623,-0.211575,1.000402,-0.049986,0.202250,0.075000,-0.086464
13.384995,0.807228,-0.001261,-0.214986,1.004330,-0.051943,0.203513,0.075000,-0.090136
13.418576,0.808688,-0.001580,-0.216580,1.004330,-0.051943,0.202020,0.075000,-0.087529
13.451856,0.811621,-0.002228,-0.220011,1.008225,-0.053924,0.203287,0.075000,-0.091261
13.485196,0.814521,-0.002879,-0.223468,1.008225,-0.053924,0.200317,0.075000,-0.085334
13.518608,0.815970,-0.003209,-0.225202,1.012088,-0.055929,0.203080,0.075000,-0.092084
13.551866,0.818883,-0.003879,-0.228770,1.012088,-0.055929,0.200094,0.075000,-0.085908
13.585195,0.820739,-0.004311,-0.231201,1.015919,-0.057957,0.202418,0.075000,-0.091454
13.618559,0.823323,-0.004921,-0.234378,1.019718,-0.060010,0.203975,0.075000,-0.095799
13.651933,0.826303,-0.005636,-0.238252,1.019718,-0.060010,0.200912,0.075000,-0.089073
13.685014,0.829115,-0.006321,-0.241468,1.023485,-0.062085,0.202210,0.075000,-0.093754
13.718657,0.830576,-0.006681,-0.243197,1.023485,-0.062085,0.200707,0.075000,-0.090859
13.751938,0.833522,-0.007414,-0.246870,1.027219,-0.064184,0.201845,0.075000,-0.094689
13.785247,0.833522,-0.007414,-0.246870,1.027219,-0.064184,0.201845,0.075000,-0.094689
13.818440,0.836424,-0.008149,-0.251007,1.030921,-0.066307,0.203006,0.075000,-0.097388
13.851665,0.839954,-0.009058,-0.255707,1.034590,-0.068453,0.203497,0.075000,-0.099427
13.885175,0.839954,-0.009058,-0.255707,1.034590,-0.068453,0.203497,0.075000,-0.099427
13.935813,0.840831,-0.009287,-0.256919,1.034590,-0.068453,0.202591,0.075000,-0.097329
13.951520,0.848666,-0.011377,-0.266551,1.041832,-0.072815,0.202701,0.075000,-0.102072
13.985137,0.850954,-0.012004,-0.270075,1.041832,-0.072815,0.200330,0.075000,-0.095687
14.018553,0.852446,-0.012417,-0.271937,1.045404,-0.075031,0.202863,0.075000,-0.103097
14.051912,0.855227,-0.013195,-0.275656,1.048943,-0.077270,0.204039,0.075000,-0.107265
14.085179,0.858047,-0.013995,-0.279398,1.048943,-0.077270,0.201110,0.075000,-0.101089
14.118561,0.859462,-0.014401,-0.281186,1.052450,-0.079533,0.203682,0.075000,-0.108719
14.151925,0.862433,-0.015262,-0.285662,1.052450,-0.079533,0.200593,0.075000,-0.100914
14.184956,0.865332,-0.016117,-0.289980,1.055924,-0.081818,0.201598,0.075000,-0.104101
14.218464,0.866669,-0.016516,-0.291437,1.055924,-0.081818,0.200205,0.075000,-0.101920
14.251530,0.869383,-0.017331,-0.294554,1.059365,-0.084126,0.201382,0.075000,-0.108052
14.285135,0.872360,-0.018238,-0.299687,1.062774,-0.086457,0.202265,0.075000,-0.109562
14.318361,0.873894,-0.018712,-0.302313,1.062774,-0.086457,0.200662,0.075000,-0.104781
14.354636,0.876604,-0.019559,-0.305408,1.066149,-0.088811,0.201800,0.075000,-0.111174
14.385273,0.878884,-0.020278,-0.310269,1.069492,-0.091188,0.203370,0.075000,-0.112780
14.418346,0.881092,-0.020988,-0.313691,1.069492,-0.091188,0.201054,0.075000,-0.106870
14.451839,0.883819,-0.021874,-0.316666,1.072801,-0.093588,0.202131,0.075000,-0.113797
14.485286,0.885614,-0.022462,-0.319529,1.072801,-0.093588,0.200244,0.075000,-0.108810
14.518667,0.888152,-0.023305,-0.323503,1.076078,-0.096010,0.201500,0.075000,-0.113219
14.551680,0.890656,-0.024146,-0.325663,1.079321,-0.098454,0.202772,0.075000,-0.122116
14.585406,0.892372,-0.024725,-0.327991,1.079321,-0.098454,0.200963,0.075000,-0.118539
14.618572,0.894825,-0.025562,-0.331632,1.082532,-0.100921,0.202270,0.075000,-0.123895
14.652101,0.897846,-0.026607,-0.337726,1.085709,-0.103411,0.202957,0.075000,-0.124034
14.685254,0.899527,-0.027197,-0.339860,1.085709,-0.103411,0.201177,0.075000,-0.120942
14.718409,0.902185,-0.028140,-0.345630,1.088854,-0.105922,0.202225,0.075000,-0.121540
14.751903,0.905090,-0.029190,-0.351355,1.091965,-0.108456,0.202991,0.075000,-0.122637
14.785299,0.906484,-0.029701,-0.353681,1.091965,-0.108456,0.201508,0.075000,-0.118683
14.818301,0.906484,-0.029701,-0.353681,1.091965,-0.108456,0.201508,0.075000,-0.118683
14.851497,0.912376,-0.031911,-0.366003,1.098087,-0.113590,0.202879,0.075000,-0.119120
14.885263,0.914186,-0.032604,-0.369356,1.098087,-0.113590,0.200943,0.075000,-0.113093
14.918461,0.914186,-0.032604,-0.369356,1.098087,-0.113590,0.200943,0.075000,-0.113093
14.963019,0.915388,-0.033069,-0.372105,1.101099,-0.116190,0.203464,0.075000,-0.119715
14.985211,0.922187,-0.035759,-0.383640,1.107022,-0.121455,0.203734,0.075000,-0.123865
15.018554,0.923497,-0.036288,-0.385340,1.107022,-0.121455,0.202323,0.075000,-0.121401
15.051928,0.926100,-0.037346,-0.388945,1.109933,-0.124119,0.203283,0.075000,-0.128016
15.085042,0.928834,-0.038470,-0.393366,1.109933,-0.124119,0.200331,0.075000,-0.120759
15.118708,0.930258,-0.039061,-0.396233,1.112811,-0.126806,0.202546,0.075000,-0.127862
15.152052,0.933276,-0.040329,-0.403521,1.115656,-0.129514,0.203018,0.075000,-0.126266
15.185064,0.936309,-0.041631,-0.410542,1.118467,-0.132243,0.203450,0.075000,-0.125410
15.218583,0.937528,-0.042162,-0.411783,1.118467,-0.132243,0.202122,0.075000,-0.123997
15.251935,0.940017,-0.043251,-0.414813,1.121244,-0.134993,0.203126,0.075000,-0.132374
15.285043,0.942762,-0.044464,-0.419872,1.121244,-0.134993,0.200128,0.075000,-0.123703
15.318567,0.944243,-0.045125,-0.423119,1.123989,-0.137764,0.202214,0.075000,-0.130412
15.351985,0.947073,-0.046406,-0.429148,1.126700,-0.140557,0.202806,0.075000,-0.132160
15.385085,0.949687,-0.047605,-0.433163,1.129377,-0.143370,0.203616,0.075000,-0.138649
15.418655,0.950986,-0.048206,-0.435215,1.129377,-0.143370,0.202187,0.075000,-0.135549
15.451935,0.953700,-0.049472,-0.440633,1.132021,-0.146204,0.202868,0.075000,-0.138942
15.485043,0.956449,-0.050772,-0.446011,1.134631,-0.149058,0.203492,0.075000,-0.142586
15.518658,0.957792,-0.051414,-0.448602,1.134631,-0.149058,0.202006,0.075000,-0.138288
15.551948,0.960507,-0.052726,-0.454117,1.137208,-0.151933,0.202645,0.075000,-0.141713
15.585058,0.963187,-0.054039,-0.459690,1.139751,-0.154828,0.203306,0.075000,-0.145049
15.618689,0.964519,-0.054698,-0.462526,1.139751,-0.154828,0.201823,0.075000,-0.140176
15.651939,0.967191,-0.056035,-0.467964,1.142260,-0.157744,0.202470,0.075000,-0.143993
15.685151,0.969869,-0.057393,-0.473842,1.144736,-0.160680,0.203093,0.075000,-0.146840
15.718667,0.971220,-0.058085,-0.476956,1.144736,-0.160680,0.201578,0.075000,-0.141346
15.751814,0.973921,-0.059486,-0.482824,1.147179,-0.163635,0.202151,0.075000,-0.144414
15.784803,0.976527,-0.060857,-0.488518,1.149588,-0.166611,0.202814,0.075000,-0.147851
15.818561,0.976527,-0.060857,-0.488518,1.149588,-0.166611,0.202814,0.075000,-0.147851
15.851463,0.977836,-0.061553,-0.491219,1.149588,-0.166611,0.201335,0.075000,-0.143336
15.885112,0.981798,-0.063686,-0.499522,1.151963,-0.169606,0.200437,0.075000,-0.142721
15.918570,0.981798,-0.063686,-0.499522,1.151963,-0.169606,0.200437,0.075000,-0.142721
15.951855,0.981798,-0.063686,-0.499522,1.151963,-0.169606,0.200437,0.075000,-0.142721
15.985214,0.981798,-0.063686,-0.499522,1.151963,-0.169606,0.200437,0.075000,-0.142721
16.018570,0.981798,-0.063686,-0.499522,1.151963,-0.169606,0.200437,0.075000,-0.142721
16.064059,0.983690,-0.064719,-0.503880,1.154304,-0.172621,0.201871,0.075000,-0.148637
16.085280,0.994878,-0.071049,-0.528824,1.163335,-0.184873,0.203307,0.075000,-0.160716
16.118596,0.998013,-0.072889,-0.536190,1.165509,-0.187984,0.203228,0.075000,-0.161919
16.151932,1.000021,-0.074085,-0.540722,1.165509,-0.187984,0.200896,0.075000,-0.154417
16.185251,1.001628,-0.075050,-0.544290,1.167649,-0.191113,0.202568,0.075000,-0.162361
16.218611,1.003918,-0.076440,-0.549918,1.169755,-0.194261,0.203431,0.075000,-0.166505
16.251913,1.006481,-0.078016,-0.556301,1.169755,-0.194261,0.200429,0.075000,-0.155583
16.285124,1.008011,-0.078968,-0.559991,1.171828,-0.197428,0.202161,0.075000,-0.163331
16.318582,1.010238,-0.080368,-0.565287,1.173868,-0.200613,0.203060,0.075000,-0.168425
16.351514,1.012777,-0.081983,-0.570595,1.173868,-0.200613,0.200058,0.075000,-0.160227
16.385091,1.014754,-0.083256,-0.576670,1.175873,-0.203816,0.201232,0.075000,-0.163176
16.418688,1.015865,-0.083978,-0.580996,1.177846,-0.207037,0.203423,0.075000,-0.168703
16.451520,1.018433,-0.085673,-0.589968,1.177846,-0.207037,0.200353,0.075000,-0.151479
16.485144,1.020561,-0.087103,-0.595970,1.179784,-0.210275,0.201304,0.075000,-0.155025
16.518588,1.021796,-0.087940,-0.598912,1.181690,-0.213532,0.203320,0.075000,-0.164410
16.552082,1.024425,-0.089740,-0.604669,1.181690,-0.213532,0.200141,0.075000,-0.155275
16.585064,1.027039,-0.091550,-0.609517,1.183561,-0.216806,0.200470,0.075000,-0.162932
16.618688,1.028344,-0.092461,-0.612425,1.185399,-0.220097,0.202379,0.075000,-0.172806
16.651757,1.031119,-0.094416,-0.619013,1.187204,-0.223406,0.202487,0.075000,-0.176709
16.685026,1.033915,-0.096414,-0.625248,1.188975,-0.226731,0.202550,0.075000,-0.181679
16.718546,1.035243,-0.097373,-0.628701,1.188975,-0.226731,0.200916,0.075000,-0.176074
16.751503,1.037191,-0.098792,-0.634729,1.190713,-0.230074,0.202000,0.075000,-0.179885
16.785252,1.037932,-0.099337,-0.638705,1.190713,-0.230074,0.201083,0.075000,-0.171667
16.818596,1.038713,-0.099918,-0.642199,1.190713,-0.230074,0.200112,0.075000,-0.164627
16.851797,1.038713,-0.099918,-0.642199,1.190713,-0.230074,0.200112,0.075000,-0.164627
16.885157,1.044327,-0.104174,-0.656094,1.194088,-0.236809,0.200051,0.075000,-0.171647
16.918596,1.045593,-0.105148,-0.658558,1.195726,-0.240201,0.201939,0.075000,-0.183079
16.951660,1.048130,-0.107116,-0.664247,1.197330,-0.243609,0.202216,0.075000,-0.189464
16.985055,1.050660,-0.109103,-0.671056,1.198901,-0.247033,0.202485,0.075000,-0.193212
17.018573,1.051905,-0.110092,-0.674514,1.198901,-0.247033,0.200900,0.075000,-0.187694
17.051861,1.054347,-0.112052,-0.682170,1.200439,-0.250473,0.201254,0.075000,-0.189315
17.085073,1.056706,-0.113976,-0.691016,1.201943,-0.253929,0.201694,0.075000,-0.187865
17.118665,1.057776,-0.114861,-0.695590,1.201943,-0.253929,0.200310,0.075000,-0.179083
17.151947,1.059344,-0.116170,-0.701663,1.203414,-0.257401,0.201748,0.075000,-0.182689
17.185037,1.062267,-0.118656,-0.710620,1.204852,-0.260887,0.201396,0.075000,-0.182403
17.218470,1.063402,-0.119632,-0.713859,1.206257,-0.264389,0.203376,0.075000,-0.191937
17.251908,1.065776,-0.121695,-0.721181,1.206257,-0.264389,0.200241,0.075000,-0.179708
17.285086,1.068085,-0.123732,-0.728581,1.207629,-0.267905,0.200645,0.075000,-0.182086
17.318631,1.069220,-0.124745,-0.732532,1.208967,-0.271437,0.202602,0.075000,-0.190104
17.351950,1.071477,-0.126781,-0.740173,1.210273,-0.274983,0.203047,0.075000,-0.191847
17.385056,1.073621,-0.128744,-0.746814,1.210273,-0.274983,0.200148,0.075000,-0.180855
17.418693,1.074722,-0.129763,-0.750244,1.211545,-0.278543,0.202129,0.075000,-0.190268
17.451939,1.076900,-0.131799,-0.756875,1.212784,-0.282117,0.202633,0.075000,-0.194520
17.484994,1.079013,-0.133801,-0.764506,1.213991,-0.285706,0.203210,0.075000,-0.196210
17.518593,1.080087,-0.134831,-0.768593,1.213991,-0.285706,0.201726,0.075000,-0.189008
17.551948,1.082178,-0.136861,-0.776929,1.215164,-0.289308,0.202300,0.075000,-0.188998
17.585104,1.084281,-0.138937,-0.784865,1.216305,-0.292924,0.202836,0.075000,-0.190047
17.618555,1.085618,-0.140273,-0.789616,1.216305,-0.292924,0.200952,0.075000,-0.181840
17.651926,1.087498,-0.142176,-0.796809,1.217412,-0.296553,0.201768,0.075000,-0.184268
17.684995,1.089557,-0.144290,-0.804536,1.218487,-0.300196,0.202311,0.075000,-0.185885
17.718557,1.090610,-0.145384,-0.808336,1.218487,-0.300196,0.200797,0.075000,-0.179262
17.751918,1.092669,-0.147547,-0.815036,1.219530,-0.303851,0.201307,0.075000,-0.183551
17.785413,1.093737,-0.148681,-0.818113,1.220539,-0.307520,0.203245,0.075000,-0.194082
17.818325,1.094733,-0.149745,-0.821273,1.220539,-0.307520,0.201792,0.075000,-0.189081
17.851928,1.094733,-0.149745,-0.821273,1.220539,-0.307520,0.201792,0.075000,-0.189081
17.892589,1.095839,-0.150933,-0.825410,1.220539,-0.307520,0.200174,0.075000,-0.181847
17.918493,1.101190,-0.156828,-0.846224,1.223372,-0.318599,0.202727,0.075000,-0.191445
17.951862,1.102973,-0.158850,-0.853122,1.223372,-0.318599,0.200040,0.075000,-0.179374
17.985048,1.105001,-0.161182,-0.860394,1.224251,-0.322317,0.200462,0.075000,-0.182648
18.018623,1.106031,-0.162378,-0.864794,1.225098,-0.326046,0.202396,0.075000,-0.190189
18.051945,1.107962,-0.164651,-0.872004,1.225912,-0.329787,0.202934,0.075000,-0.193369
18.085228,1.109869,-0.166928,-0.879692,1.226694,-0.333539,0.203488,0.075000,-0.195349
18.118558,1.110780,-0.168029,-0.883662,1.226694,-0.333539,0.202064,0.075000,-0.188317
18.151952,1.112573,-0.170221,-0.890864,1.227444,-0.337303,0.202760,0.075000,-0.191258
18.185131,1.114451,-0.172551,-0.897860,1.228161,-0.341077,0.203300,0.075000,-0.195002
18.218658,1.115388,-0.173727,-0.901351,1.228161,-0.341077,0.201801,0.075000,-0.189286
18.251883,1.117242,-0.176078,-0.908376,1.228846,-0.344862,0.202345,0.075000,-0.193031
18.285035,1.119108,-0.178481,-0.917556,1.229499,-0.348658,0.202845,0.075000,-0.191555
18.318569,1.120023,-0.179676,-0.921701,1.229499,-0.348658,0.201345,0.075000,-0.184158
18.351873,1.121860,-0.182107,-0.929668,1.230120,-0.352463,0.201846,0.075000,-0.185658
18.385213,1.123705,-0.184590,-0.938697,1.230709,-0.356279,0.202305,0.075000,-0.184606
18.418631,1.124626,-0.185848,-0.943276,1.230709,-0.356279,0.200749,0.075000,-0.176106
18.451938,1.126343,-0.188225,-0.950978,1.231266,-0.360105,0.201374,0.075000,-0.178009
18.484807,1.128089,-0.190681,-0.958519,1.231792,-0.363940,0.201924,0.075000,-0.180435
18.518656,1.128940,-0.191893,-0.961828,1.231792,-0.363940,0.200446,0.075000,-0.174870
18.551965,1.130653,-0.194357,-0.968417,1.232285,-0.367785,0.201014,0.075000,-0.179692
18.585068,1.131722,-0.195912,-0.973074,1.232746,-0.371639,0.202696,0.075000,-0.187215
18.618570,1.133258,-0.198176,-0.979661,1.233176,-0.375502,0.203539,0.075000,-0.191437
18.651692,1.134961,-0.200721,-0.987210,1.233176,-0.375502,0.200487,0.075000,-0.178478
18.684808,1.136661,-0.203304,-0.993900,1.233575,-0.379374,0.200979,0.075000,-0.183243
18.718640,1.137494,-0.204585,-0.997217,1.233941,-0.383254,0.203039,0.075000,-0.193343
18.751970,1.138218,-0.205706,-0.999645,1.233941,-0.383254,0.201708,0.075000,-0.189903
18.785120,1.138957,-0.206856,-1.002218,1.233941,-0.383254,0.200345,0.075000,-0.186093
18.818505,1.139890,-0.208315,-1.005878,1.234277,-0.387142,0.202208,0.075000,-0.195807
18.851859,1.141174,-0.210349,-1.011913,1.234580,-0.391039,0.203405,0.075000,-0.200794
18.885421,1.141174,-0.210349,-1.011913,1.234580,-0.391039,0.203405,0.075000,-0.200794
18.935615,1.142321,-0.212182,-1.017609,1.234580,-0.391039,0.201250,0.075000,-0.191009
18.951954,1.145834,-0.217960,-1.035313,1.235094,-0.398855,0.201719,0.075000,-0.190921
18.985098,1.147563,-0.220887,-1.044048,1.235304,-0.402774,0.201944,0.075000,-0.191160
19.018606,1.149091,-0.223525,-1.051546,1.235483,-0.406701,0.202527,0.075000,-0.193728
19.051686,1.150429,-0.225873,-1.057992,1.235631,-0.410634,0.203460,0.075000,-0.198149
19.085095,1.151898,-0.228494,-1.065357,1.235631,-0.410634,0.200464,0.075000,-0.185738
19.118664,1.152631,-0.229818,-1.068962,1.235747,-0.414574,0.202591,0.075000,-0.194985
19.151680,1.154163,-0.232623,-1.078547,1.235833,-0.418520,0.203047,0.075000,-0.192621
19.185039,1.155625,-0.235362,-1.087414,1.235888,-0.422473,0.203599,0.075000,-0.191747
19.218682,1.156620,-0.237259,-1.094250,1.235888,-0.422473,0.201464,0.075000,-0.178914
19.251675,1.157677,-0.239314,-1.100497,1.235913,-0.426431,0.202814,0.075000,-0.182955
19.285154,1.159002,-0.241931,-1.107167,1.235906,-0.430396,0.203552,0.075000,-0.186989
19.318584,1.159662,-0.243250,-1.110750,1.235906,-0.430396,0.202081,0.075000,-0.180882
19.351963,1.160959,-0.245875,-1.117398,1.235870,-0.434365,0.202830,0.075000,-0.184986
19.385093,1.162236,-0.248509,-1.124654,1.235802,-0.438340,0.203587,0.075000,-0.187521
19.418345,1.162897,-0.249891,-1.128361,1.235802,-0.438340,0.202060,0.075000,-0.181220
19.452038,1.164201,-0.252654,-1.134926,1.235704,-0.442320,0.202697,0.075000,-0.185692
19.485087,1.165513,-0.255484,-1.141700,1.235576,-0.446304,0.203276,0.075000,-0.189730
19.518563,1.166180,-0.256941,-1.145202,1.235576,-0.446304,0.201679,0.075000,-0.184089
19.551842,1.167407,-0.259659,-1.152891,1.235418,-0.450293,0.202403,0.075000,-0.185644
19.585062,1.168635,-0.262439,-1.160641,1.235229,-0.454287,0.203077,0.075000,-0.187066
19.618626,1.169251,-0.263856,-1.164580,1.235229,-0.454287,0.201536,0.075000,-0.180192
19.651961,1.170442,-0.266638,-1.172296,1.235010,-0.458284,0.202231,0.075000,-0.181630
19.685076,1.171637,-0.269493,-1.180744,1.234762,-0.462285,0.202863,0.075000,-0.181314
19.718637,1.172224,-0.270920,-1.184911,1.234762,-0.462285,0.201325,0.075000,-0.173773
19.751832,1.173338,-0.273678,-1.192663,1.234483,-0.466290,0.202084,0.075000,-0.174888
19.785324,1.173338,-0.273678,-1.192663,1.234483,-0.466290,0.202084,0.075000,-0.174888
19.818343,1.174375,-0.276305,-1.200988,1.234174,-0.470297,0.203000,0.075000,-0.174228
19.851879,1.174375,-0.276305,-1.200988,1.234174,-0.470297,0.203000,0.075000,-0.174228
19.885060,1.176486,-0.281830,-1.213726,1.233836,-0.474308,0.200840,0.075000,-0.167891
19.918637,1.176486,-0.281830,-1.213726,1.233836,-0.474308,0.200840,0.075000,-0.167891
19.966537,1.177162,-0.283641,-1.217871,1.233468,-0.478322,0.202660,0.075000,-0.175963
19.985071,1.179669,-0.290593,-1.235147,1.232644,-0.486356,0.202804,0.075000,-0.175810
20.018786,1.180167,-0.292020,-1.238206,1.232644,-0.486356,0.201297,0.075000,-0.170872
20.051993,1.181136,-0.294839,-1.244206,1.232188,-0.490376,0.202092,0.075000,-0.176022
20.085019,1.182099,-0.297698,-1.251315,1.231703,-0.494398,0.202859,0.075000,-0.178426
20.118378,1.182541,-0.299035,-1.254155,1.231703,-0.494398,0.201454,0.075000,-0.173894
20.152240,1.183425,-0.301743,-1.260473,1.231188,-0.498422,0.202395,0.075000,-0.177928
20.185104,1.183996,-0.303523,-1.265040,1.231188,-0.498422,0.200530,0.075000,-0.169895
20.218364,1.184795,-0.306070,-1.271311,1.230644,-0.502446,0.201658,0.075000,-0.173713
20.251633,1.185704,-0.309034,-1.278708,1.230071,-0.506472,0.202362,0.075000,-0.175396
20.285101,1.186613,-0.312076,-1.286425,1.229470,-0.510499,0.202998,0.075000,-0.176335
20.318592,1.187043,-0.313546,-1.290184,1.229470,-0.510499,0.201471,0.075000,-0.169712
20.352074,1.187858,-0.316392,-1.296532,1.228839,-0.514525,0.202327,0.075000,-0.173598
20.385122,1.188664,-0.319275,-1.303475,1.228180,-0.518553,0.203158,0.075000,-0.175981
20.418325,1.189068,-0.320748,-1.306720,1.228180,-0.518553,0.201634,0.075000,-0.170624
20.451671,1.189842,-0.323633,-1.313830,1.227493,-0.522580,0.202478,0.075000,-0.172545
20.485282,1.190306,-0.325399,-1.318401,1.227493,-0.522580,0.200656,0.075000,-0.164328
20.518839,1.190970,-0.327991,-1.324779,1.226776,-0.526606,0.201817,0.075000,-0.167487
20.551928,1.191708,-0.330950,-1.331841,1.226032,-0.530633,0.202611,0.075000,-0.169468
20.585007,1.192404,-0.333825,-1.338245,1.225259,-0.534658,0.203503,0.075000,-0.172812
20.618555,1.192738,-0.335236,-1.341514,1.225259,-0.534658,0.202056,0.075000,-0.167226
20.651903,1.193417,-0.338168,-1.348469,1.224458,-0.538682,0.202902,0.075000,-0.169261
20.684919,1.194087,-0.341155,-1.355674,1.223629,-0.542705,0.203703,0.075000,-0.170664
20.718564,1.194429,-0.342723,-1.359241,1.223629,-0.542705,0.202102,0.075000,-0.164575
20.751917,1.195063,-0.345694,-1.366328,1.222771,-0.546726,0.202933,0.075000,-0.166187
20.784927,1.195684,-0.348717,-1.373710,1.221886,-0.550746,0.203721,0.075000,-0.167039
20.818211,1.195975,-0.350173,-1.376870,1.221886,-0.550746,0.202239,0.075000,-0.161702
20.851743,1.196256,-0.351604,-1.379978,1.221886,-0.550746,0.200784,0.075000,-0.156330
20.885220,1.196256,-0.351604,-1.379978,1.221886,-0.550746,0.200784,0.075000,-0.156330
20.918446,1.196256,-0.351604,-1.379978,1.221886,-0.550746,0.200784,0.075000,-0.156330
20.955890,1.196602,-0.353398,-1.383809,1.220974,-0.554763,0.202835,0.075000,-0.163914
20.985267,1.198373,-0.363224,-1.404429,1.219065,-0.562790,0.200636,0.075000,-0.157027
21.018400,1.198621,-0.364702,-1.407856,1.218070,-0.566800,0.203031,0.075000,-0.164886
21.051961,1.198621,-0.364702,-1.407856,1.218070,-0.566800,0.203031,0.075000,-0.164886
21.084995,1.199580,-0.370709,-1.420868,1.217047,-0.570806,0.200858,0.075000,-0.156371
21.118329,1.199800,-0.372163,-1.424170,1.215997,-0.574809,0.203292,0.075000,-0.164342
21.151940,1.200228,-0.375094,-1.430961,1.215997,-0.574809,0.200336,0.075000,-0.152263
21.185068,1.200631,-0.377994,-1.438358,1.214919,-0.578808,0.201321,0.075000,-0.152414
21.218329,1.200826,-0.379454,-1.441776,1.213815,-0.582803,0.203763,0.075000,-0.159950
21.252003,1.201228,-0.382590,-1.448703,1.213815,-0.582803,0.200608,0.075000,-0.147735
21.284984,1.201612,-0.385758,-1.455074,1.212684,-0.586793,0.201340,0.075000,-0.150657
21.318621,1.201782,-0.387219,-1.458249,1.211526,-0.590780,0.203794,0.075000,-0.158666
21.351781,1.202018,-0.389303,-1.462980,1.211526,-0.590780,0.201701,0.075000,-0.150272
21.385142,1.202401,-0.392927,-1.470192,1.210341,-0.594761,0.201990,0.075000,-0.151600
21.418640,1.202550,-0.394408,-1.473018,1.210341,-0.594761,0.200505,0.075000,-0.146820
21.451942,1.202698,-0.395910,-1.475859,1.209130,-0.598738,0.202929,0.075000,-0.155698
21.485046,1.203107,-0.400340,-1.484445,1.207893,-0.602709,0.202426,0.075000,-0.154793
21.518614,1.203235,-0.401819,-1.487225,1.207893,-0.602709,0.200944,0.075000,-0.150180
21.552134,1.203358,-0.403283,-1.490361,1.206629,-0.606675,0.203418,0.075000,-0.158079
21.585023,1.203710,-0.407828,-1.499288,1.205338,-0.610634,0.202813,0.075000,-0.156395
21.618565,1.203817,-0.409323,-1.502013,1.205338,-0.610634,0.201317,0.075000,-0.151973
21.651962,1.204024,-0.412384,-1.508383,1.204022,-0.614588,0.202204,0.075000,-0.154258
21.685043,1.204206,-0.415350,-1.514268,1.202680,-0.618535,0.203191,0.075000,-0.157479
21.718593,1.204292,-0.416862,-1.517823,1.202680,-0.618535,0.201679,0.075000,-0.151052
21.751809,1.204449,-0.419917,-1.524091,1.201311,-0.622476,0.202583,0.075000,-0.153398
21.785303,1.204449,-0.419917,-1.524091,1.201311,-0.622476,0.202583,0.075000,-0.153398
21.818319,1.204449,-0.419917,-1.524091,1.201311,-0.622476,0.202583,0.075000,-0.153398
21.851802,1.204449,-0.419917,-1.524091,1.201311,-0.622476,0.202583,0.075000,-0.153398
21.885226,1.204449,-0.419917,-1.524091,1.201311,-0.622476,0.202583,0.075000,-0.153398
21.918723,1.204449,-0.419917,-1.524091,1.201311,-0.622476,0.202583,0.075000,-0.153398
21.951827,1.204449,-0.419917,-1.524091,1.201311,-0.622476,0.202583,0.075000,-0.153398
21.985193,1.204449,-0.419917,-1.524091,1.201311,-0.622476,0.202583,0.075000,-0.153398
22.018415,1.204972,-0.439067,-1.564384,1.194086,-0.642071,0.203295,0.075000,-0.147443
22.051833,1.204972,-0.439067,-1.564384,1.194086,-0.642071,0.203295,0.075000,-0.147443
22.085220,1.204972,-0.439067,-1.564384,1.194086,-0.642071,0.203295,0.075000,-0.147443
22.118128,1.204978,-0.446653,-1.578298,1.191019,-0.649853,0.203679,0.075000,-0.149866
22.151938,1.204950,-0.449728,-1.584503,1.191019,-0.649853,0.200609,0.075000,-0.138991
22.184905,1.204905,-0.452749,-1.590128,1.189448,-0.653731,0.201575,0.075000,-0.142360
22.218364,1.204876,-0.454254,-1.593285,1.189448,-0.653731,0.200072,0.075000,-0.136631
22.251920,1.204806,-0.457198,-1.599907,1.187852,-0.657600,0.201117,0.075000,-0.137379
22.285172,1.204716,-0.460129,-1.605924,1.186231,-0.661459,0.202177,0.075000,-0.139474
22.318572,1.204664,-0.461593,-1.608904,1.186231,-0.661459,0.200715,0.075000,-0.134103
22.351959,1.204548,-0.464552,-1.614542,1.184586,-0.665309,0.201748,0.075000,-0.137135
22.385146,1.204416,-0.467483,-1.619976,1.182917,-0.669149,0.202809,0.075000,-0.140520
22.418338,1.204343,-0.468972,-1.622431,1.182917,-0.669149,0.201321,0.075000,-0.136519
22.451939,1.204179,-0.472080,-1.627901,1.181223,-0.672980,0.202207,0.075000,-0.140051
22.485073,1.204003,-0.475096,-1.633045,1.179505,-0.676799,0.203186,0.075000,-0.144158
22.518536,1.203906,-0.476644,-1.635733,1.179505,-0.676799,0.201637,0.075000,-0.139727
22.551852,1.203699,-0.479770,-1.642243,1.177763,-0.680609,0.202506,0.075000,-0.140619
22.585116,1.203481,-0.482763,-1.647787,1.175996,-0.684407,0.203508,0.075000,-0.143589
22.618359,1.203368,-0.484226,-1.650324,1.175996,-0.684407,0.202044,0.075000,-0.139411
22.651763,1.203121,-0.487288,-1.655793,1.174206,-0.688194,0.202976,0.075000,-0.142647
22.685196,1.202863,-0.490269,-1.661134,1.172393,-0.691969,0.203988,0.075000,-0.145985
22.718637,1.202725,-0.491789,-1.663795,1.172393,-0.691969,0.202465,0.075000,-0.141630
22.751918,1.202524,-0.493939,-1.668140,1.172393,-0.691969,0.200310,0.075000,-0.133865
22.785227,1.202440,-0.494803,-1.669853,1.170556,-0.695733,0.203445,0.075000,-0.143240
22.818333,1.202440,-0.494803,-1.669853,1.170556,-0.695733,0.203445,0.075000,-0.143240
22.851671,1.202139,-0.497784,-1.675856,1.170556,-0.695733,0.200453,0.075000,-0.132541
22.889240,1.201939,-0.499684,-1.679725,1.168695,-0.699485,0.202548,0.075000,-0.138037
22.918435,1.201090,-0.507054,-1.694464,1.164904,-0.706952,0.203147,0.075000,-0.136323
22.952064,1.200768,-0.509617,-1.698986,1.164904,-0.706952,0.200568,0.075000,-0.128561
22.985163,1.200535,-0.511429,-1.701662,1.162973,-0.710667,0.202748,0.075000,-0.136734
23.018594,1.200182,-0.514087,-1.705855,1.162973,-0.710667,0.200070,0.075000,-0.129921
23.051982,1.199770,-0.517092,-1.711530,1.161020,-0.714368,0.201046,0.075000,-0.132305
23.085166,1.199512,-0.518918,-1.714791,1.159044,-0.718056,0.203209,0.075000,-0.138919
23.118581,1.199123,-0.521577,-1.719349,1.159044,-0.718056,0.200525,0.075000,-0.131276
23.151997,1.198681,-0.524506,-1.724590,1.157045,-0.721731,0.201571,0.075000,-0.134533
23.185023,1.198407,-0.526277,-1.727534,1.155024,-0.725391,0.203786,0.075000,-0.141711
23.218634,1.197938,-0.529225,-1.732547,1.155024,-0.725391,0.200805,0.075000,-0.133446
23.251996,1.197497,-0.531909,-1.737310,1.152980,-0.729038,0.202093,0.075000,-0.137456
23.285334,1.197139,-0.534037,-1.741061,1.150914,-0.732670,0.203941,0.075000,-0.143054
23.318604,1.197139,-0.534037,-1.741061,1.150914,-0.732670,0.203941,0.075000,-0.143054
23.351889,1.197139,-0.534037,-1.741061,1.150914,-0.732670,0.203941,0.075000,-0.143054
23.385192,1.197139,-0.534037,-1.741061,1.150914,-0.732670,0.203941,0.075000,-0.143054
23.418639,1.197139,-0.534037,-1.741061,1.150914,-0.732670,0.203941,0.075000,-0.143054
23.451882,1.197139,-0.534037,-1.741061,1.150914,-0.732670,0.203941,0.075000,-0.143054
23.485261,1.197139,-0.534037,-1.741061,1.150914,-0.732670,0.203941,0.075000,-0.143054
23.518470,1.197139,-0.534037,-1.741061,1.150914,-0.732670,0.203941,0.075000,-0.143054
23.551832,1.193314,-0.554071,-1.780182,1.140254,-0.750608,0.203573,0.075000,-0.133308
23.585041,1.192676,-0.557053,-1.786025,1.140254,-0.750608,0.200528,0.075000,-0.122787
23.618823,1.192352,-0.558535,-1.788939,1.138056,-0.754148,0.203009,0.075000,-0.129505
23.651924,1.191686,-0.561522,-1.794917,1.135838,-0.757673,0.203946,0.075000,-0.130507
23.685215,1.191011,-0.564467,-1.800105,1.135838,-0.757673,0.200929,0.075000,-0.121519
23.718594,1.190680,-0.565884,-1.802736,1.133598,-0.761181,0.203468,0.075000,-0.128764
23.751844,1.189999,-0.568748,-1.808019,1.133598,-0.761181,0.200528,0.075000,-0.119361
23.785231,1.189654,-0.570177,-1.810182,1.131337,-0.764672,0.203050,0.075000,-0.127795
23.818562,1.189654,-0.570177,-1.810182,1.131337,-0.764672,0.203050,0.075000,-0.127795
23.851507,1.189302,-0.571620,-1.812705,1.131337,-0.764672,0.201567,0.075000,-0.123434
23.901419,1.188856,-0.573426,-1.815820,1.129055,-0.768147,0.203697,0.075000,-0.129899
23.918613,1.187033,-0.580550,-1.829233,1.126752,-0.771604,0.200338,0.075000,-0.117746
23.951949,1.186266,-0.583440,-1.834385,1.124429,-0.775044,0.201335,0.075000,-0.120625
23.985143,1.185501,-0.586263,-1.838734,1.122085,-0.778466,0.202395,0.075000,-0.125342
24.018155,1.185107,-0.587697,-1.841000,1.122085,-0.778466,0.200910,0.075000,-0.121571
24.051675,1.184311,-0.590556,-1.845926,1.119720,-0.781870,0.201923,0.075000,-0.124931
24.085064,1.183508,-0.593391,-1.850661,1.117335,-0.785256,0.202956,0.075000,-0.128670
24.118169,1.183102,-0.594802,-1.852747,1.117335,-0.785256,0.201489,0.075000,-0.125380
24.152087,1.182250,-0.597732,-1.857878,1.114930,-0.788624,0.202415,0.075000,-0.128303
24.184905,1.181393,-0.600622,-1.863126,1.112504,-0.791972,0.203373,0.075000,-0.130824
24.218334,1.180968,-0.602035,-1.865472,1.112504,-0.791972,0.201899,0.075000,-0.126940
24.251935,1.180074,-0.604968,-1.870596,1.110059,-0.795302,0.202803,0.075000,-0.129839
24.285248,1.179163,-0.607903,-1.875583,1.107594,-0.798612,0.203696,0.075000,-0.133036
24.319023,1.178719,-0.609315,-1.878023,1.107594,-0.798612,0.202218,0.075000,-0.128964
24.351700,1.177790,-0.612227,-1.884017,1.105110,-0.801903,0.203124,0.075000,-0.129670
24.385038,1.176844,-0.615133,-1.889971,1.105110,-0.801903,0.200073,0.075000,-0.118739
24.418558,1.176374,-0.616556,-1.892750,1.102605,-0.805175,0.202531,0.075000,-0.125494
24.451922,1.175429,-0.619378,-1.897619,1.100082,-0.808426,0.203510,0.075000,-0.128783
24.485235,1.174848,-0.621091,-1.900416,1.100082,-0.808426,0.201703,0.075000,-0.124176
24.518562,1.174003,-0.623551,-1.904632,1.097539,-0.811657,0.203053,0.075000,-0.128626
24.551928,1.173039,-0.626321,-1.909186,1.097539,-0.811657,0.200124,0.075000,-0.121013
24.584803,1.172048,-0.629127,-1.914224,1.094977,-0.814867,0.201096,0.075000,-0.123997
24.618566,1.171558,-0.630497,-1.916624,1.092396,-0.818057,0.203582,0.075000,-0.131462
24.651964,1.170518,-0.633373,-1.921574,1.092396,-0.818057,0.200528,0.075000,-0.123127
24.685016,1.169473,-0.636219,-1.926997,1.089796,-0.821226,0.201435,0.075000,-0.125199
24.718324,1.169473,-0.636219,-1.926997,1.089796,-0.821226,0.201435,0.075000,-0.125199
24.751650,1.167784,-0.640727,-1.935160,1.087178,-0.824374,0.200557,0.075000,-0.122702
24.785347,1.167371,-0.641810,-1.936967,1.084540,-0.827500,0.203326,0.075000,-0.131275
24.818333,1.166839,-0.643197,-1.939348,1.084540,-0.827500,0.201843,0.075000,-0.127322
24.851671,1.166839,-0.643197,-1.939348,1.084540,-0.827500,0.201843,0.075000,-0.127322
24.885213,1.164059,-0.650288,-1.952367,1.079211,-0.833687,0.202076,0.075000,-0.127985
24.918645,1.163481,-0.651729,-1.955025,1.079211,-0.833687,0.200525,0.075000,-0.123354
24.951841,1.162361,-0.654491,-1.960185,1.076518,-0.836747,0.201460,0.075000,-0.126001
24.985121,1.161216,-0.657272,-1.965842,1.073808,-0.839785,0.202364,0.075000,-0.127406
25.018335,1.160629,-0.658678,-1.968340,1.073808,-0.839785,0.200843,0.075000,-0.123132
25.051880,1.159516,-0.661324,-1.972442,1.071080,-0.842800,0.201877,0.075000,-0.128238
25.085083,1.158340,-0.664083,-1.977726,1.068334,-0.845793,0.202779,0.075000,-0.130553
25.118653,1.157737,-0.665482,-1.980253,1.068334,-0.845793,0.201258,0.075000,-0.126266
25.151834,1.156548,-0.668211,-1.985057,1.065570,-0.848762,0.202177,0.075000,-0.129766
25.185156,1.155308,-0.671022,-1.990571,1.062789,-0.851707,0.202995,0.075000,-0.131618
25.218329,1.154688,-0.672411,-1.993298,1.062789,-0.851707,0.201476,0.075000,-0.126852
25.251980,1.153468,-0.675118,-1.998601,1.059991,-0.854630,0.202392,0.075000,-0.129118
25.285218,1.152211,-0.677866,-2.003968,1.057175,-0.857528,0.203249,0.075000,-0.131265
25.318593,1.151575,-0.679242,-2.006406,1.057175,-0.857528,0.201735,0.075000,-0.127206
25.351934,1.150339,-0.681891,-2.011289,1.054342,-0.860402,0.202686,0.075000,-0.130452
25.385083,1.149031,-0.684656,-2.017047,1.051492,-0.863252,0.203496,0.075000,-0.131695
25.418570,1.148367,-0.686042,-2.019764,1.051492,-0.863252,0.201960,0.075000,-0.126987
25.451916,1.147046,-0.688777,-2.025199,1.048626,-0.866077,0.202786,0.075000,-0.129025
25.485036,1.145732,-0.691457,-2.030869,1.045742,-0.868878,0.203657,0.075000,-0.130390
25.518332,1.145088,-0.692757,-2.033633,1.045742,-0.868878,0.202208,0.075000,-0.125440
25.551726,1.143790,-0.695352,-2.037879,1.042842,-0.871653,0.203157,0.075000,-0.130229
25.585224,1.142444,-0.698015,-2.042536,1.042842,-0.871653,0.200177,0.075000,-0.122477
25.618539,1.141773,-0.699330,-2.044860,1.039926,-0.874404,0.202543,0.075000,-0.130334
25.651807,1.140789,-0.701248,-2.048113,1.039926,-0.874404,0.200390,0.075000,-0.125045
25.685063,1.139000,-0.704691,-2.054921,1.036993,-0.877129,0.200350,0.075000,-0.124889
25.718644,1.138291,-0.706038,-2.057413,1.034044,-0.879828,0.202658,0.075000,-0.132403
25.751884,1.137279,-0.707952,-2.060897,1.034044,-0.879828,0.200496,0.075000,-0.126599
25.785336,1.136165,-0.710036,-2.064773,1.031079,-0.882501,0.201958,0.075000,-0.131806
25.818338,1.134702,-0.712744,-2.070125,1.028098,-0.885148,0.202701,0.075000,-0.134281
25.851992,1.133982,-0.714064,-2.072879,1.028098,-0.885148,0.201200,0.075000,-0.129458
25.885039,1.133982,-0.714064,-2.072879,1.028098,-0.885148,0.201200,0.075000,-0.129458
25.918044,1.131044,-0.719369,-2.083741,1.022089,-0.890363,0.202757,0.075000,-0.133996
25.951795,1.129512,-0.722081,-2.089517,1.019062,-0.892931,0.203443,0.075000,-0.135529
25.984946,1.128001,-0.724719,-2.095274,1.019062,-0.892931,0.200407,0.075000,-0.125279
26.018331,1.127259,-0.726002,-2.098190,1.016018,-0.895471,0.202717,0.075000,-0.131828
26.051951,1.125785,-0.728525,-2.103349,1.012960,-0.897985,0.203583,0.075000,-0.134634
26.085108,1.124320,-0.731005,-2.108083,1.012960,-0.897985,0.200707,0.075000,-0.126710
26.118558,1.123546,-0.732305,-2.110713,1.009886,-0.900470,0.202973,0.075000,-0.134033
26.151924,1.122032,-0.734825,-2.116357,1.009886,-0.900470,0.200038,0.075000,-0.123866
26.185073,1.120482,-0.737370,-2.121848,1.006798,-0.902928,0.200833,0.075000,-0.126102
26.218700,1.119690,-0.738659,-2.124466,1.003695,-0.905359,0.203085,0.075000,-0.133512
26.251927,1.118099,-0.741226,-2.129101,1.003695,-0.905359,0.200070,0.075000,-0.125953
26.285044,1.116511,-0.743762,-2.134339,1.000577,-0.907761,0.200840,0.075000,-0.128932
26.318667,1.115708,-0.745032,-2.137234,0.997444,-0.910135,0.203090,0.075000,-0.135704
26.351871,1.114160,-0.747460,-2.142173,0.997444,-0.910135,0.200214,0.075000,-0.127270
26.385008,1.112578,-0.749915,-2.147182,0.994297,-0.912480,0.201042,0.075000,-0.130795
26.418677,1.111760,-0.751173,-2.149587,0.991136,-0.914797,0.203281,0.075000,-0.138820
26.451773,1.110168,-0.753603,-2.153669,0.991136,-0.914797,0.200380,0.075000,-0.132664
26.485097,1.108552,-0.756049,-2.158823,0.987960,-0.917085,0.201184,0.075000,-0.135967
26.518536,1.107740,-0.757267,-2.161673,0.984771,-0.919344,0.203446,0.075000,-0.142892
26.551930,1.106108,-0.759694,-2.166677,0.984771,-0.919344,0.200527,0.075000,-0.134588
26.585092,1.104421,-0.762175,-2.171535,0.981567,-0.921573,0.201248,0.075000,-0.138817
26.618568,1.103530,-0.763476,-2.174130,0.978350,-0.923773,0.203384,0.075000,-0.146598
26.651936,1.101780,-0.766010,-2.179775,0.978350,-0.923773,0.200310,0.075000,-0.137022
26.685134,1.100043,-0.768494,-2.185740,0.975119,-0.925944,0.200988,0.075000,-0.138668
26.718453,1.099164,-0.769738,-2.188884,0.971875,-0.928084,0.203164,0.075000,-0.145132
26.751684,1.097386,-0.772231,-2.194760,0.971875,-0.928084,0.200108,0.075000,-0.134896
26.785223,1.096534,-0.773415,-2.197673,0.968617,-0.930194,0.202342,0.075000,-0.141979
26.818564,1.094847,-0.775738,-2.203919,0.965346,-0.932274,0.203160,0.075000,-0.142753
26.851903,1.094847,-0.775738,-2.203919,0.965346,-0.932274,0.203160,0.075000,-0.142753
26.885195,1.094847,-0.775738,-2.203919,0.965346,-0.932274,0.203160,0.075000,-0.142753
26.918108,1.090018,-0.782235,-2.218497,0.958765,-0.936343,0.202427,0.075000,-0.142630
26.951939,1.088588,-0.784121,-2.222771,0.958765,-0.936343,0.200063,0.075000,-0.135327
26.985066,1.086749,-0.786524,-2.228662,0.955455,-0.938331,0.200707,0.075000,-0.137444
27.018534,1.085820,-0.787726,-2.232231,0.952132,-0.940288,0.202848,0.075000,-0.143188
27.051499,1.084017,-0.790036,-2.237712,0.948797,-0.942213,0.203574,0.075000,-0.146175
27.084908,1.082191,-0.792350,-2.242683,0.948797,-0.942213,0.200632,0.075000,-0.138085
27.118670,1.081254,-0.793529,-2.245910,0.945449,-0.944108,0.202773,0.075000,-0.144766
27.151879,1.079367,-0.795880,-2.251761,0.942089,-0.945970,0.203402,0.075000,-0.147104
27.185257,1.078181,-0.797344,-2.255147,0.942089,-0.945970,0.201521,0.075000,-0.141474
27.218579,1.076452,-0.799457,-2.260339,0.938717,-0.947801,0.202428,0.075000,-0.145128
27.251852,1.074512,-0.801805,-2.266231,0.935332,-0.949600,0.203013,0.075000,-0.147559
27.285273,1.073337,-0.803212,-2.270045,0.935332,-0.949600,0.201183,0.075000,-0.140794
27.318598,1.071656,-0.805206,-2.276053,0.931936,-0.951367,0.202199,0.075000,-0.142389
27.351973,1.069743,-0.807448,-2.280841,0.928528,-0.953101,0.202871,0.075000,-0.147503
27.385273,1.068542,-0.808846,-2.283635,0.928528,-0.953101,0.201031,0.075000,-0.143278
27.418604,1.066559,-0.811133,-2.289236,0.925108,-0.954803,0.201617,0.075000,-0.146670
27.451959,1.064790,-0.813152,-2.294333,0.921676,-0.956473,0.202540,0.075000,-0.150837
27.485167,1.063769,-0.814308,-2.297438,0.921676,-0.956473,0.201000,0.075000,-0.145447
27.518354,1.061350,-0.817019,-2.305619,0.918233,-0.958109,0.200970,0.075000,-0.143488
27.551926,1.059792,-0.818740,-2.310529,0.914779,-0.959713,0.202243,0.075000,-0.147734
27.585123,1.057781,-0.820937,-2.316667,0.911314,-0.961283,0.202854,0.075000,-0.149936
27.618602,1.056583,-0.822234,-2.320643,0.911314,-0.961283,0.201092,0.075000,-0.142706
27.651858,1.054816,-0.824127,-2.325718,0.907837,-0.962820,0.202086,0.075000,-0.147060
27.685134,1.052780,-0.826285,-2.331623,0.904350,-0.964324,0.202697,0.075000,-0.149963
27.718601,1.051746,-0.827371,-2.334560,0.904350,-0.964324,0.201200,0.075000,-0.144917
27.751825,1.049698,-0.829506,-2.339432,0.900851,-0.965794,0.201816,0.075000,-0.150487
27.785167,1.048661,-0.830578,-2.342461,0.900851,-0.965794,0.200327,0.075000,-0.145185
27.818539,1.048661,-0.830578,-2.342461,0.900851,-0.965794,0.200327,0.075000,-0.145185
27.851984,1.048661,-0.830578,-2.342461,0.900851,-0.965794,0.200327,0.075000,-0.145185
27.894273,1.047601,-0.831667,-2.345737,0.897342,-0.967230,0.202373,0.075000,-0.152668
27.918577,1.041192,-0.838123,-2.362233,0.890293,-0.970000,0.200404,0.075000,-0.152429
27.951945,1.039144,-0.840143,-2.367182,0.886752,-0.971333,0.201083,0.075000,-0.158125
27.985050,1.036995,-0.842238,-2.373831,0.883202,-0.972632,0.201632,0.075000,-0.159874
28.018571,1.035921,-0.843275,-2.377549,0.883202,-0.972632,0.200142,0.075000,-0.152993
28.051910,1.033731,-0.845367,-2.383808,0.879641,-0.973897,0.200659,0.075000,-0.155831
28.085156,1.031501,-0.847471,-2.389830,0.876070,-0.975127,0.201134,0.075000,-0.159395
28.118331,1.030383,-0.848515,-2.393190,0.872490,-0.976322,0.203138,0.075000,-0.167069
28.151932,1.028148,-0.850585,-2.399642,0.872490,-0.976322,0.200098,0.075000,-0.156033
28.185113,1.025905,-0.852634,-2.406254,0.868900,-0.977482,0.200594,0.075000,-0.158281
28.218572,1.024789,-0.853643,-2.409624,0.865300,-0.978607,0.202615,0.075000,-0.166095
28.251967,1.022547,-0.855652,-2.415511,0.861690,-0.979696,0.203130,0.075000,-0.170155
28.285056,1.020298,-0.857642,-2.422055,0.861690,-0.979696,0.200134,0.075000,-0.158919
28.318221,1.019202,-0.858603,-2.425468,0.858072,-0.980750,0.202195,0.075000,-0.166746
28.351935,1.017044,-0.860476,-2.432149,0.854444,-0.981769,0.202857,0.075000,-0.168792
28.385145,1.014794,-0.862401,-2.439101,0.850807,-0.982751,0.203411,0.075000,-0.170389
28.418441,1.014794,-0.862401,-2.439101,0.850807,-0.982751,0.203411,0.075000,-0.170389
28.451905,1.014794,-0.862401,-2.439101,0.850807,-0.982751,0.203411,0.075000,-0.170389
28.485199,1.014794,-0.862401,-2.439101,0.850807,-0.982751,0.203411,0.075000,-0.170389
28.518331,1.014794,-0.862401,-2.439101,0.850807,-0.982751,0.203411,0.075000,-0.170389
28.551870,1.014794,-0.862401,-2.439101,0.850807,-0.982751,0.203411,0.075000,-0.170389
28.585269,1.014794,-0.862401,-2.439101,0.850807,-0.982751,0.203411,0.075000,-0.170389
28.618556,1.014794,-0.862401,-2.439101,0.850807,-0.982751,0.203411,0.075000,-0.170389
28.651917,1.014794,-0.862401,-2.439101,0.850807,-0.982751,0.203411,0.075000,-0.170389
28.685058,0.998124,-0.875901,-2.487496,0.828800,-0.987890,0.203008,0.075000,-0.171670
28.718550,0.995865,-0.877626,-2.495163,0.828800,-0.987890,0.200172,0.075000,-0.157393
28.751884,0.993535,-0.879377,-2.502111,0.825102,-0.988619,0.200757,0.075000,-0.159557
28.785238,0.993535,-0.879377,-2.502111,0.825102,-0.988619,0.200757,0.075000,-0.159557
28.818407,0.989907,-0.882057,-2.511999,0.817683,-0.989967,0.203238,0.075000,-0.171758
28.851964,0.989907,-0.882057,-2.511999,0.817683,-0.989967,0.203238,0.075000,-0.171758
28.895843,0.988733,-0.882913,-2.514874,0.817683,-0.989967,0.201789,0.075000,-0.167125
28.918334,0.983497,-0.886666,-2.528967,0.810231,-0.991166,0.202340,0.075000,-0.172621
28.951685,0.981604,-0.887993,-2.533727,0.810231,-0.991166,0.200034,0.075000,-0.164718
28.984772,0.979080,-0.889743,-2.540617,0.806494,-0.991711,0.200458,0.075000,-0.167817
29.018626,0.977806,-0.890616,-2.543672,0.802749,-0.992218,0.202406,0.075000,-0.177821
29.051670,0.974989,-0.892529,-2.549633,0.798996,-0.992687,0.202497,0.075000,-0.183948
29.085317,0.973724,-0.893380,-2.553144,0.798996,-0.992687,0.200977,0.075000,-0.178033
29.118565,0.971321,-0.894977,-2.559687,0.795236,-0.993119,0.201587,0.075000,-0.181971
29.151912,0.968883,-0.896575,-2.566246,0.791469,-0.993513,0.202170,0.075000,-0.185993
29.185032,0.966435,-0.898157,-2.574200,0.787695,-0.993870,0.202753,0.075000,-0.186655
29.218674,0.965240,-0.898919,-2.578157,0.787695,-0.993870,0.201341,0.075000,-0.179483
29.251953,0.962729,-0.900499,-2.586164,0.783913,-0.994189,0.201874,0.075000,-0.180176
29.285121,0.960261,-0.902024,-2.593762,0.780125,-0.994470,0.202473,0.075000,-0.181794
29.318587,0.958992,-0.902799,-2.597500,0.780125,-0.994470,0.200990,0.075000,-0.175210
29.351817,0.956349,-0.904392,-2.604578,0.776329,-0.994712,0.201407,0.075000,-0.178552
29.385054,0.953791,-0.905908,-2.611770,0.772527,-0.994917,0.201939,0.075000,-0.181487
29.418620,0.952512,-0.906658,-2.615463,0.772527,-0.994917,0.200460,0.075000,-0.174988
29.451932,0.949879,-0.908182,-2.622576,0.768719,-0.995084,0.200926,0.075000,-0.178377
29.485103,0.947272,-0.909665,-2.629383,0.764904,-0.995212,0.201437,0.075000,-0.182511
29.518683,0.945930,-0.910420,-2.632895,0.761082,-0.995302,0.203405,0.075000,-0.192076
29.551963,0.943272,-0.911897,-2.639549,0.761082,-0.995302,0.200374,0.075000,-0.181317
29.585075,0.940709,-0.913298,-2.646737,0.757254,-0.995354,0.200970,0.075000,-0.184594
29.618562,0.939416,-0.913995,-2.650431,0.753420,-0.995367,0.203017,0.075000,-0.193772
29.651952,0.939416,-0.913995,-2.650431,0.753420,-0.995367,0.203017,0.075000,-0.193772
29.685263,0.939416,-0.913995,-2.650431,0.753420,-0.995367,0.203017,0.075000,-0.193772
29.718617,0.939416,-0.913995,-2.650431,0.753420,-0.995367,0.203017,0.075000,-0.193772
29.752083,0.939416,-0.913995,-2.650431,0.753420,-0.995367,0.203017,0.075000,-0.193772
29.785258,0.939416,-0.913995,-2.650431,0.753420,-0.995367,0.203017,0.075000,-0.193772
29.818524,0.939416,-0.913995,-2.650431,0.753420,-0.995367,0.203017,0.075000,-0.193772
29.851949,0.939416,-0.913995,-2.650431,0.753420,-0.995367,0.203017,0.075000,-0.193772
29.885177,0.922026,-0.922800,-2.699200,0.734159,-0.994852,0.201210,0.075000,-0.189099
29.918339,0.920632,-0.923460,-2.702770,0.730290,-0.994632,0.203214,0.075000,-0.199094
29.951943,0.920632,-0.923460,-2.702770,0.730290,-0.994632,0.203214,0.075000,-0.199094
29.985157,0.920632,-0.923460,-2.702770,0.730290,-0.994632,0.203214,0.075000,-0.199094
30.018314,0.920632,-0.923460,-2.702770,0.730290,-0.994632,0.203214,0.075000,-0.199094
30.051486,0.911149,-0.927782,-2.730652,0.718649,-0.993739,0.203486,0.075000,-0.198432
30.085036,0.907043,-0.929552,-2.742818,0.714758,-0.993363,0.202596,0.075000,-0.193178
30.118583,0.905663,-0.930133,-2.747049,0.714758,-0.993363,0.201104,0.075000,-0.185567
30.151836,0.902996,-0.931239,-2.754774,0.710862,-0.992947,0.201800,0.075000,-0.188245
30.185075,0.900235,-0.932358,-2.762504,0.706961,-0.992493,0.202412,0.075000,-0.191117
30.218647,0.898847,-0.932911,-2.766189,0.706961,-0.992493,0.200923,0.075000,-0.184818
30.251973,0.895991,-0.934032,-2.773536,0.703055,-0.991999,0.201456,0.075000,-0.188914
30.285081,0.893108,-0.935139,-2.780926,0.699145,-0.991465,0.201976,0.075000,-0.192997
30.318576,0.891748,-0.935651,-2.784653,0.699145,-0.991465,0.200527,0.075000,-0.186529
30.351766,0.888978,-0.936679,-2.791220,0.695229,-0.990893,0.201190,0.075000,-0.192503
30.385102,0.886169,-0.937700,-2.797852,0.691309,-0.990280,0.201829,0.075000,-0.198430
30.418457,0.884748,-0.938209,-2.801196,0.691309,-0.990280,0.200325,0.075000,-0.193099
30.451901,0.881905,-0.939210,-2.808286,0.687385,-0.989628,0.200949,0.075000,-0.198091
30.485208,0.879029,-0.940200,-2.816223,0.683456,-0.988937,0.201554,0.075000,-0.201074
30.518589,0.877505,-0.940714,-2.820626,0.679522,-0.988206,0.203599,0.075000,-0.209807
30.551676,0.874655,-0.941655,-2.831340,0.679522,-0.988206,0.200608,0.075000,-0.189414
30.585152,0.871869,-0.942540,-2.841579,0.675585,-0.987435,0.201354,0.075000,-0.186454
30.618348,0.870387,-0.942998,-2.845784,0.671643,-0.986624,0.203476,0.075000,-0.195703
30.651936,0.867332,-0.943923,-2.853030,0.671643,-0.986624,0.200294,0.075000,-0.183864
30.685104,0.865514,-0.944463,-2.857733,0.667697,-0.985774,0.202085,0.075000,-0.192749
30.718555,0.862813,-0.945246,-2.864481,0.663747,-0.984884,0.202975,0.075000,-0.198234
30.751925,0.860049,-0.946027,-2.872160,0.663747,-0.984884,0.200111,0.075000,-0.184765
30.785001,0.858348,-0.946497,-2.876995,0.659793,-0.983955,0.202058,0.075000,-0.193160
30.818223,0.855778,-0.947189,-2.884176,0.655835,-0.982985,0.203121,0.075000,-0.197352
30.851669,0.855778,-0.947189,-2.884176,0.655835,-0.982985,0.203121,0.075000,-0.197352
30.885192,0.855778,-0.947189,-2.884176,0.655835,-0.982985,0.203121,0.075000,-0.197352
30.921075,0.853734,-0.947727,-2.889491,0.655835,-0.982985,0.201015,0.075000,-0.188331
30.951676,0.845788,-0.949700,-2.911700,0.647909,-0.980927,0.200327,0.075000,-0.182975
30.985013,0.842855,-0.950380,-2.919679,0.643941,-0.979838,0.201084,0.075000,-0.186042
31.018578,0.841325,-0.950725,-2.923716,0.639969,-0.978709,0.203292,0.075000,-0.196028
31.051925,0.838318,-0.951386,-2.930264,0.639969,-0.978709,0.200222,0.075000,-0.185719
31.085123,0.835223,-0.952045,-2.937051,0.635993,-0.977540,0.200854,0.075000,-0.192156
31.118669,0.833774,-0.952346,-2.940753,0.632014,-0.976331,0.203181,0.075000,-0.202825
31.151919,0.830865,-0.952934,-2.948793,0.632014,-0.976331,0.200222,0.075000,-0.188803
31.185006,0.827920,-0.953503,-2.957320,0.628033,-0.975083,0.201049,0.075000,-0.190635
31.218612,0.826454,-0.953776,-2.961146,0.624048,-0.973794,0.203394,0.075000,-0.201029
31.251965,0.823448,-0.954320,-2.968523,0.624048,-0.973794,0.200349,0.075000,-0.188773
31.285215,0.820388,-0.954849,-2.975902,0.620059,-0.972466,0.201101,0.075000,-0.193679
31.318691,0.818879,-0.955102,-2.979442,0.616068,-0.971098,0.203441,0.075000,-0.204838
31.351995,0.815963,-0.955574,-2.987706,0.616068,-0.971098,0.200496,0.075000,-0.190295
31.385233,0.814223,-0.955844,-2.992464,0.612074,-0.969690,0.202622,0.075000,-0.199024
31.418563,0.811692,-0.956219,-2.999642,0.612074,-0.969690,0.200071,0.075000,-0.186192
31.451936,0.808671,-0.956646,-3.008139,0.608077,-0.968242,0.200928,0.075000,-0.188223
31.485191,0.806933,-0.956879,-3.012527,0.604078,-0.966754,0.203095,0.075000,-0.197789
31.518550,0.804444,-0.957198,-3.019029,0.604078,-0.966754,0.200594,0.075000,-0.186546
31.551985,0.801471,-0.957561,-3.025146,0.600076,-0.965226,0.201541,0.075000,-0.194317
31.585095,0.798524,-0.957901,-3.031501,0.596071,-0.963658,0.202535,0.075000,-0.201378
31.618610,0.797014,-0.958068,-3.035249,0.596071,-0.963658,0.201021,0.075000,-0.195131
31.651954,0.793995,-0.958385,-3.042885,0.592064,-0.962051,0.201965,0.075000,-0.199222
31.685221,0.792219,-0.958561,-3.047440,0.592064,-0.962051,0.200185,0.075000,-0.191438
31.718613,0.789236,-0.958837,-3.056296,0.588054,-0.960403,0.201188,0.075000,-0.192440
31.751854,0.786541,-0.959063,-3.063385,0.584042,-0.958716,0.202499,0.075000,-0.197126
31.785170,0.786541,-0.959063,-3.063385,0.584042,-0.958716,0.202499,0.075000,-0.197126
31.818351,0.783497,-0.959297,-3.071362,0.580028,-0.956989,0.203482,0.075000,-0.200217
31.851847,0.783497,-0.959297,-3.071362,0.580028,-0.956989,0.203482,0.075000,-0.200217
31.893059,0.781345,-0.959448,-3.076683,0.580028,-0.956989,0.201333,0.075000,-0.191342
31.918347,0.773950,-0.959874,-3.096512,0.571992,-0.953416,0.202061,0.075000,-0.190467
31.951983,0.771694,-0.959973,-3.102088,0.567972,-0.951569,0.203896,0.075000,-0.197753
31.985332,0.768693,-0.960086,-3.110019,0.567972,-0.951569,0.200902,0.075000,-0.183951
32.018441,0.767177,-0.960134,-3.114159,0.563949,-0.949683,0.203496,0.075000,-0.193444
32.051499,0.764161,-0.960212,-3.121941,0.563949,-0.949683,0.200489,0.075000,-0.179880
32.084827,0.761200,-0.960264,-3.129982,0.559924,-0.947758,0.201664,0.075000,-0.182483
32.118333,0.759742,-0.960281,-3.133738,0.559924,-0.947758,0.200210,0.075000,-0.175787
32.151887,0.756650,-0.960301,-3.140344,0.555898,-0.945793,0.201276,0.075000,-0.182162
32.185086,0.753556,-0.960301,3.136309,0.551869,-0.943788,0.202362,0.075000,-0.188607
32.218558,0.752038,-0.960293,3.133156,0.551869,-0.943788,0.200848,0.075000,-0.183634
32.251933,0.749081,-0.960263,3.125528,0.547839,-0.941744,0.202092,0.075000,-0.187122
32.285146,0.746099,-0.960209,3.117381,0.543808,-0.939660,0.203332,0.075000,-0.189221
32.318493,0.744633,-0.960174,3.113424,0.543808,-0.939660,0.201871,0.075000,-0.182197
32.351918,0.741622,-0.960084,3.105701,0.539774,-0.937536,0.203103,0.075000,-0.185328
32.385063,0.738658,-0.959972,3.098099,0.539774,-0.937536,0.200145,0.075000,-0.171838
32.418638,0.737201,-0.959909,3.094105,0.535740,-0.935374,0.202949,0.075000,-0.181411
32.451678,0.734271,-0.959765,3.086660,0.535740,-0.935374,0.200024,0.075000,-0.168138
32.485030,0.731163,-0.959588,3.078057,0.531704,-0.933172,0.201201,0.075000,-0.169196
32.518588,0.729691,-0.959494,3.074599,0.527666,-0.930930,0.204034,0.075000,-0.179868
32.551948,0.726736,-0.959292,3.068910,0.527666,-0.930930,0.201080,0.075000,-0.171036
32.584905,0.723643,-0.959063,3.062639,0.523627,-0.928650,0.202314,0.075000,-0.177648
32.618162,0.722152,-0.958945,3.059455,0.523627,-0.928650,0.200824,0.075000,-0.172390
32.651933,0.719177,-0.958695,3.052034,0.519587,-0.926330,0.202197,0.075000,-0.175922
32.684806,0.716197,-0.958422,3.044986,0.515546,-0.923971,0.203587,0.075000,-0.180187
32.718492,0.714715,-0.958279,3.041530,0.515546,-0.923971,0.202103,0.075000,-0.174317
32.751870,0.711754,-0.957977,3.034407,0.511503,-0.921573,0.203533,0.075000,-0.178299
32.785148,0.710243,-0.957814,3.030945,0.511503,-0.921573,0.202017,0.075000,-0.172439
32.818602,0.708800,-0.957654,3.027619,0.511503,-0.921573,0.200569,0.075000,-0.166666
32.851840,0.708800,-0.957654,3.027619,0.511503,-0.921573,0.200569,0.075000,-0.166666
32.884994,0.708800,-0.957654,3.027619,0.511503,-0.921573,0.200569,0.075000,-0.166666
32.918948,0.707314,-0.957484,3.024004,0.507460,-0.919136,0.203500,0.075000,-0.176721
32.951888,0.696940,-0.956148,2.999687,0.499370,-0.914145,0.201986,0.075000,-0.167139
32.985221,0.694866,-0.955851,2.994111,0.495323,-0.911591,0.204393,0.075000,-0.173030
33.018376,0.692558,-0.955505,2.987839,0.495323,-0.911591,0.202065,0.075000,-0.161511
33.051495,0.689488,-0.955023,2.980603,0.491276,-0.908999,0.203485,0.075000,-0.164909
33.084841,0.686370,-0.954512,2.974062,0.491276,-0.908999,0.200332,0.075000,-0.153786
33.118569,0.684870,-0.954258,2.970903,0.487228,-0.906368,0.203362,0.075000,-0.164695
33.151931,0.681825,-0.953728,2.964608,0.487228,-0.906368,0.200277,0.075000,-0.154067
33.185184,0.679721,-0.953352,2.960367,0.483179,-0.903698,0.202717,0.075000,-0.163245
33.218616,0.677379,-0.952920,2.955219,0.483179,-0.903698,0.200341,0.075000,-0.154286
33.251958,0.674432,-0.952359,2.948287,0.479130,-0.900990,0.201945,0.075000,-0.158087
33.285153,0.672746,-0.952029,2.944850,0.479130,-0.900990,0.200230,0.075000,-0.152242
33.318475,0.670248,-0.951528,2.939849,0.475080,-0.898244,0.202312,0.075000,-0.159988
33.351705,0.667072,-0.950872,2.932218,0.471029,-0.895459,0.203724,0.075000,-0.162108
33.385114,0.664585,-0.950340,2.927327,0.471029,-0.895459,0.201186,0.075000,-0.154053
33.418577,0.663181,-0.950035,2.924631,0.466978,-0.892636,0.204427,0.075000,-0.165328
33.451867,0.660197,-0.949372,2.918136,0.466978,-0.892636,0.201377,0.075000,-0.154224
33.485046,0.657214,-0.948690,2.912655,0.462927,-0.889774,0.203024,0.075000,-0.161173
33.518562,0.655737,-0.948346,2.909633,0.462927,-0.889774,0.201510,0.075000,-0.156119
33.551911,0.652730,-0.947630,2.902744,0.458875,-0.886875,0.203153,0.075000,-0.159525
33.585261,0.651215,-0.947261,2.899652,0.458875,-0.886875,0.201596,0.075000,-0.154342
33.618565,0.647672,-0.946381,2.892849,0.454823,-0.883938,0.202707,0.075000,-0.158730
33.652023,0.645329,-0.945783,2.887697,0.454823,-0.883938,0.200294,0.075000,-0.149706
33.684981,0.642371,-0.945010,2.880881,0.450770,-0.880962,0.202023,0.075000,-0.153072
33.718575,0.640955,-0.944633,2.877123,0.450770,-0.880962,0.200560,0.075000,-0.145962
33.751935,0.638053,-0.943842,2.870334,0.446717,-0.877950,0.202364,0.075000,-0.149153
33.785168,0.636607,-0.943440,2.867712,0.446717,-0.877950,0.200866,0.075000,-0.144871
33.818339,0.635198,-0.943044,2.865385,0.442664,-0.874899,0.204238,0.075000,-0.156506
33.851671,0.635198,-0.943044,2.865385,0.442664,-0.874899,0.204238,0.075000,-0.156506
33.898469,0.633696,-0.942618,2.862766,0.442664,-0.874899,0.202680,0.075000,-0.152472
33.918646,0.626793,-0.940602,2.848757,0.438611,-0.871811,0.200361,0.075000,-0.143744
33.951506,0.623934,-0.939735,2.842815,0.434558,-0.868685,0.202266,0.075000,-0.148604
33.985063,0.621028,-0.938836,2.837708,0.430504,-0.865522,0.204142,0.075000,-0.155314
34.018578,0.619564,-0.938377,2.834715,0.430504,-0.865522,0.202612,0.075000,-0.150298
34.051499,0.616530,-0.937411,2.827830,0.426451,-0.862322,0.204373,0.075000,-0.152720
34.085073,0.613650,-0.936473,2.821485,0.426451,-0.862322,0.201350,0.075000,-0.141565
34.118660,0.612174,-0.935983,2.818081,0.422398,-0.859084,0.204764,0.075000,-0.150021
34.151781,0.609158,-0.934967,2.811168,0.422398,-0.859084,0.201588,0.075000,-0.137614
34.185079,0.606314,-0.933987,2.804799,0.418345,-0.855810,0.203579,0.075000,-0.140771
34.218651,0.604907,-0.933495,2.801536,0.418345,-0.855810,0.202090,0.075000,-0.134792
34.251690,0.602119,-0.932504,2.795242,0.414291,-0.852499,0.204157,0.075000,-0.137872
34.285035,0.599305,-0.931485,2.790837,0.414291,-0.852499,0.201169,0.075000,-0.131029
34.318646,0.597877,-0.930962,2.788143,0.410238,-0.849150,0.204698,0.075000,-0.140883
34.351837,0.596462,-0.930441,2.785219,0.410238,-0.849150,0.203193,0.075000,-0.135794
34.385147,0.592317,-0.928885,2.777413,0.406186,-0.845766,0.203847,0.075000,-0.136825
34.418636,0.590953,-0.928365,2.774642,0.406186,-0.845766,0.202390,0.075000,-0.131964
34.451496,0.588161,-0.927288,2.768737,0.402133,-0.842344,0.204503,0.075000,-0.135593
34.485028,0.585399,-0.926204,2.764197,0.402133,-0.842344,0.201541,0.075000,-0.128326
34.518590,0.584021,-0.925658,2.761637,0.402133,-0.842344,0.200061,0.075000,-0.123842
34.551596,0.581170,-0.924515,2.755878,0.398081,-0.838887,0.202123,0.075000,-0.127954
34.584825,0.578412,-0.923392,2.751102,0.394029,-0.835393,0.204306,0.075000,-0.134046
34.618558,0.577037,-0.922826,2.748621,0.394029,-0.835393,0.202822,0.075000,-0.129909
34.651893,0.574191,-0.921642,2.743668,0.389977,-0.831862,0.204927,0.075000,-0.135499
34.685078,0.571499,-0.920507,2.739485,0.389977,-0.831862,0.202009,0.075000,-0.129067
34.718566,0.570154,-0.919935,2.736601,0.389977,-0.831862,0.200550,0.075000,-0.123771
34.752027,0.567401,-0.918750,2.730814,0.385926,-0.828296,0.202768,0.075000,-0.127224
34.785241,0.566027,-0.918152,2.728184,0.385926,-0.828296,0.201272,0.075000,-0.122599
34.818558,0.562997,-0.916818,2.722828,0.381876,-0.824694,0.203204,0.075000,-0.127307
34.851760,0.561895,-0.916327,2.720722,0.381876,-0.824694,0.201999,0.075000,-0.123622
34.885216,0.561895,-0.916327,2.720722,0.381876,-0.824694,0.201999,0.075000,-0.123622
34.931759,0.560372,-0.915645,2.717797,0.381876,-0.824694,0.200332,0.075000,-0.118396
34.951534,0.553078,-0.912308,2.703389,0.373776,-0.817383,0.202880,0.075000,-0.119970
34.985154,0.550695,-0.911188,2.698753,0.373776,-0.817383,0.200249,0.075000,-0.111539
35.018559,0.549374,-0.910562,2.696461,0.369726,-0.813674,0.204109,0.075000,-0.121150
35.051707,0.546726,-0.909295,2.691496,0.369726,-0.813674,0.201177,0.075000,-0.112345
35.085113,0.544121,-0.908033,2.687008,0.365678,-0.809930,0.203632,0.075000,-0.118020
35.118624,0.542818,-0.907396,2.685090,0.365678,-0.809930,0.202184,0.075000,-0.114979
35.151959,0.540118,-0.906066,2.680388,0.361630,-0.806150,0.204552,0.075000,-0.120026
35.185116,0.537432,-0.904728,2.676065,0.361630,-0.806150,0.201554,0.075000,-0.112872
35.218579,0.536100,-0.904058,2.673804,0.361630,-0.806150,0.200064,0.075000,-0.108915
35.252058,0.533399,-0.902691,2.668799,0.357582,-0.802336,0.202442,0.075000,-0.113260
35.284881,0.530663,-0.901288,2.664523,0.353536,-0.798486,0.204798,0.075000,-0.119091
35.318634,0.529289,-0.900577,2.662377,0.353536,-0.798486,0.203253,0.075000,-0.115635
35.352060,0.526601,-0.899177,2.657117,0.353536,-0.798486,0.200225,0.075000,-0.105997
35.385167,0.523906,-0.897754,2.651989,0.349490,-0.794602,0.202635,0.075000,-0.109711
35.418799,0.522556,-0.897035,2.649584,0.349490,-0.794602,0.201108,0.075000,-0.105410
35.451864,0.519883,-0.895599,2.645375,0.345445,-0.790684,0.203559,0.075000,-0.111148
35.485223,0.517227,-0.894158,2.640697,0.345445,-0.790684,0.200540,0.075000,-0.102825
35.518688,0.515921,-0.893442,2.638505,0.341400,-0.786730,0.204561,0.075000,-0.111695
35.551826,0.513451,-0.892079,2.633102,0.341400,-0.786730,0.201742,0.075000,-0.101420
35.585114,0.510864,-0.890634,2.629013,0.337356,-0.782743,0.204317,0.075000,-0.106979
35.618604,0.509521,-0.889877,2.627391,0.337356,-0.782743,0.202776,0.075000,-0.104613
35.651978,0.506855,-0.888369,2.623726,0.333314,-0.778722,0.205278,0.075000,-0.111089
35.685071,0.504192,-0.886848,2.619804,0.333314,-0.778722,0.202214,0.075000,-0.104755
35.718678,0.502875,-0.886091,2.617967,0.333314,-0.778722,0.200697,0.075000,-0.101772
35.751674,0.500330,-0.884619,2.614367,0.329272,-0.774666,0.203349,0.075000,-0.108296
35.785296,0.498754,-0.883702,2.611233,0.329272,-0.774666,0.201527,0.075000,-0.102494
35.818590,0.498754,-0.883702,2.611233,0.329272,-0.774666,0.201527,0.075000,-0.102494
35.851950,0.495325,-0.881682,2.605452,0.325231,-0.770577,0.203166,0.075000,-0.104511
35.885342,0.495325,-0.881682,2.605452,0.325231,-0.770577,0.203166,0.075000,-0.104511
35.918594,0.495325,-0.881682,2.605452,0.325231,-0.770577,0.203166,0.075000,-0.104511
35.951604,0.493832,-0.880795,2.602778,0.325231,-0.770577,0.201431,0.075000,-0.099687
35.985253,0.485998,-0.876059,2.590778,0.317151,-0.762298,0.203595,0.075000,-0.103304
36.018642,0.483381,-0.874447,2.586474,0.317151,-0.762298,0.200524,0.075000,-0.095728
36.051952,0.481079,-0.873017,2.583130,0.313113,-0.758108,0.203510,0.075000,-0.101995
36.085236,0.479254,-0.871877,2.579886,0.313113,-0.758108,0.201361,0.075000,-0.096133
36.118650,0.476936,-0.870415,2.576336,0.309076,-0.753886,0.204343,0.075000,-0.101687
36.152105,0.474694,-0.868991,2.572788,0.309076,-0.753886,0.201690,0.075000,-0.095567
36.184820,0.472210,-0.867399,2.568200,0.305039,-0.749630,0.204489,0.075000,-0.098601
36.218619,0.470968,-0.866597,2.566013,0.305039,-0.749630,0.203011,0.075000,-0.094658
36.252095,0.468506,-0.864997,2.562416,0.305039,-0.749630,0.200077,0.075000,-0.088437
36.285124,0.466116,-0.863430,2.558340,0.301004,-0.745342,0.202994,0.075000,-0.092595
36.318554,0.464908,-0.862633,2.556395,0.301004,-0.745342,0.201548,0.075000,-0.089106
36.351937,0.462399,-0.860968,2.553990,0.296970,-0.741021,0.204338,0.075000,-0.097240
36.385002,0.459860,-0.859274,2.550684,0.296970,-0.741021,0.201288,0.075000,-0.091973
36.418486,0.458585,-0.858419,2.548637,0.292937,-0.736668,0.205579,0.075000,-0.099387
36.451976,0.456029,-0.856693,2.544577,0.292937,-0.736668,0.202498,0.075000,-0.092387
36.484823,0.453547,-0.855003,2.540898,0.288905,-0.732282,0.205347,0.075000,-0.096986
36.518593,0.452240,-0.854107,2.539112,0.288905,-0.732282,0.203764,0.075000,-0.094120
36.551779,0.449744,-0.852387,2.534851,0.288905,-0.732282,0.200735,0.075000,-0.086331
36.585064,0.447362,-0.850730,2.530927,0.284874,-0.727864,0.203712,0.075000,-0.090201
36.618599,0.446162,-0.849890,2.528931,0.284874,-0.727864,0.202247,0.075000,-0.086581
36.651915,0.443676,-0.848140,2.525673,0.280844,-0.723415,0.205112,0.075000,-0.091941
36.685096,0.441237,-0.846411,2.522641,0.280844,-0.723415,0.202124,0.075000,-0.087158
36.718586,0.440042,-0.845560,2.520534,0.280844,-0.723415,0.200657,0.075000,-0.083190
36.751928,0.437540,-0.843766,2.516295,0.276815,-0.718934,0.203508,0.075000,-0.086131
36.785130,0.436331,-0.842893,2.514619,0.276815,-0.718934,0.202017,0.075000,-0.083259
36.818585,0.435156,-0.842043,2.513024,0.276815,-0.718934,0.200568,0.075000,-0.080494
36.851940,0.431589,-0.839440,2.507913,0.272788,-0.714422,0.202107,0.075000,-0.082232
36.885174,0.430402,-0.838568,2.506056,0.272788,-0.714422,0.200635,0.075000,-0.078820
36.918599,0.430402,-0.838568,2.506056,0.272788,-0.714422,0.200635,0.075000,-0.078820
36.951719,0.430402,-0.838568,2.506056,0.272788,-0.714422,0.200635,0.075000,-0.078820
36.984821,0.428994,-0.837529,2.504414,0.268762,-0.709878,0.204863,0.075000,-0.086683
37.018538,0.422136,-0.832413,2.495604,0.264737,-0.705303,0.202315,0.075000,-0.082403
37.051916,0.419756,-0.830617,2.492637,0.260713,-0.700697,0.205363,0.075000,-0.087619
37.084988,0.417305,-0.828755,2.489128,0.260713,-0.700697,0.202286,0.075000,-0.081606
37.118552,0.416067,-0.827809,2.487697,0.260713,-0.700697,0.200730,0.075000,-0.079313
37.151916,0.413596,-0.825913,2.484376,0.256690,-0.696061,0.203669,0.075000,-0.083732
37.185006,0.411212,-0.824070,2.480480,0.256690,-0.696061,0.200657,0.075000,-0.076525
37.218536,0.410053,-0.823168,2.478943,0.252669,-0.691394,0.205266,0.075000,-0.083798
37.251938,0.407716,-0.821341,2.475776,0.252669,-0.691394,0.202301,0.075000,-0.078424
37.285060,0.406207,-0.820156,2.473474,0.252669,-0.691394,0.200383,0.075000,-0.074192
37.318618,0.404146,-0.818527,2.470288,0.248649,-0.686697,0.203859,0.075000,-0.078245
37.351918,0.401853,-0.816702,2.467314,0.248649,-0.686697,0.200929,0.075000,-0.073118
37.384797,0.399487,-0.814808,2.463721,0.244630,-0.681970,0.204026,0.075000,-0.076301
37.418581,0.398270,-0.813828,2.461914,0.244630,-0.681970,0.202464,0.075000,-0.073023
37.451925,0.395948,-0.811948,2.458803,0.240613,-0.677213,0.205627,0.075000,-0.077096
37.485065,0.393665,-0.810088,2.455280,0.240613,-0.677213,0.202684,0.075000,-0.070634
37.518684,0.392507,-0.809140,2.453495,0.240613,-0.677213,0.201189,0.075000,-0.067254
37.551783,0.390183,-0.807226,2.451065,0.236596,-0.672426,0.204352,0.075000,-0.072953
37.585088,0.389047,-0.806288,2.450214,0.236596,-0.672426,0.202880,0.075000,-0.071921
37.618587,0.386642,-0.804295,2.447215,0.232582,-0.667610,0.205955,0.075000,-0.076043
37.651920,0.384395,-0.802421,2.444188,0.232582,-0.667610,0.203030,0.075000,-0.070770
37.685035,0.382150,-0.800537,2.442124,0.232582,-0.667610,0.200101,0.075000,-0.067684
37.718614,0.381033,-0.799597,2.440906,0.228568,-0.662765,0.204862,0.075000,-0.074990
37.751493,0.378651,-0.797586,2.437852,0.228568,-0.662765,0.201746,0.075000,-0.069736
37.785270,0.377261,-0.796406,2.436208,0.224556,-0.657890,0.206169,0.075000,-0.075967
37.818540,0.375180,-0.794632,2.433641,0.224556,-0.657890,0.203435,0.075000,-0.071697
37.851912,0.375180,-0.794632,2.433641,0.224556,-0.657890,0.203435,0.075000,-0.071697
37.885126,0.375180,-0.794632,2.433641,0.224556,-0.657890,0.203435,0.075000,-0.071697
37.929148,0.373991,-0.793615,2.432132,0.224556,-0.657890,0.201872,0.075000,-0.069078
37.951716,0.366675,-0.787276,2.422186,0.216536,-0.648055,0.204754,0.075000,-0.069043
37.985060,0.364865,-0.785689,2.420130,0.216536,-0.648055,0.202348,0.075000,-0.065602
38.018535,0.363713,-0.784676,2.418701,0.216536,-0.648055,0.200815,0.075000,-0.063051
38.051932,0.361443,-0.782670,2.415969,0.212527,-0.643095,0.204101,0.075000,-0.067144
38.085106,0.360082,-0.781463,2.413999,0.212527,-0.643095,0.202282,0.075000,-0.063488
38.118340,0.358085,-0.779683,2.412001,0.208521,-0.638106,0.205945,0.075000,-0.068883
38.151685,0.358085,-0.779683,2.412001,0.208521,-0.638106,0.205945,0.075000,-0.068883
38.185070,0.358085,-0.779683,2.412001,0.208521,-0.638106,0.205945,0.075000,-0.068883
38.218668,0.352510,-0.774673,2.405526,0.204515,-0.633090,0.204812,0.075000,-0.066379
38.251832,0.350297,-0.772667,2.403140,0.204515,-0.633090,0.201827,0.075000,-0.062430
38.285271,0.348015,-0.770587,2.400474,0.200511,-0.628046,0.205122,0.075000,-0.066218
38.318657,0.346874,-0.769542,2.398961,0.200511,-0.628046,0.203576,0.075000,-0.063514
38.351961,0.344689,-0.767534,2.396216,0.200511,-0.628046,0.200609,0.075000,-0.058546
38.385083,0.342497,-0.765508,2.393271,0.196509,-0.622975,0.204030,0.075000,-0.061514
38.418341,0.341382,-0.764473,2.391846,0.196509,-0.622975,0.202509,0.075000,-0.058925
38.451992,0.339102,-0.762348,2.389325,0.192508,-0.617876,0.205821,0.075000,-0.062764
38.485168,0.336960,-0.760341,2.386862,0.192508,-0.617876,0.202886,0.075000,-0.058506
38.518672,0.335919,-0.759362,2.385862,0.192508,-0.617876,0.201458,0.075000,-0.056857
38.551698,0.334426,-0.757955,2.384448,0.188508,-0.612750,0.205856,0.075000,-0.062669
38.585271,0.331635,-0.755313,2.381521,0.188508,-0.612750,0.202014,0.075000,-0.057792
38.618377,0.330526,-0.754259,2.380388,0.188508,-0.612750,0.200484,0.075000,-0.055853
38.652025,0.328301,-0.752136,2.378068,0.184510,-0.607597,0.203881,0.075000,-0.059999
38.684842,0.326118,-0.750044,2.375691,0.184510,-0.607597,0.200858,0.075000,-0.055880
38.718727,0.325005,-0.748974,2.374584,0.180513,-0.602418,0.205808,0.075000,-0.061895
38.751676,0.322836,-0.746881,2.371961,0.180513,-0.602418,0.202794,0.075000,-0.057259
38.785059,0.320738,-0.744846,2.370064,0.176517,-0.597213,0.206386,0.075000,-0.061921
38.818563,0.319671,-0.743808,2.368906,0.176517,-0.597213,0.204898,0.075000,-0.059999
38.851673,0.318344,-0.742515,2.367791,0.176517,-0.597213,0.203046,0.075000,-0.058353
38.885226,0.318344,-0.742515,2.367791,0.176517,-0.597213,0.203046,0.075000,-0.058353
38.918523,0.318344,-0.742515,2.367791,0.176517,-0.597213,0.203046,0.075000,-0.058353
38.951424,0.312073,-0.736351,2.360934,0.172523,-0.591981,0.200790,0.075000,-0.054067
38.985121,0.309920,-0.734216,2.358627,0.168531,-0.586724,0.204316,0.075000,-0.057634
39.018574,0.308876,-0.733177,2.357225,0.168531,-0.586724,0.202843,0.075000,-0.055018
39.051940,0.306867,-0.731169,2.354766,0.168531,-0.586724,0.200004,0.075000,-0.050420
39.085074,0.304822,-0.729116,2.352846,0.164539,-0.581441,0.203684,0.075000,-0.054785
39.118588,0.303777,-0.728064,2.351982,0.164539,-0.581441,0.202202,0.075000,-0.053454
39.151930,0.301659,-0.725925,2.349765,0.160550,-0.576132,0.205791,0.075000,-0.056885
39.184802,0.299520,-0.723757,2.347263,0.160550,-0.576132,0.202746,0.075000,-0.052412
39.218486,0.298435,-0.722652,2.345941,0.160550,-0.576132,0.201198,0.075000,-0.049938
39.251491,0.296290,-0.720460,2.343239,0.156561,-0.570799,0.204750,0.075000,-0.052134
39.285147,0.294178,-0.718290,2.341024,0.156561,-0.570799,0.201723,0.075000,-0.048205
39.318692,0.293124,-0.717203,2.340133,0.156561,-0.570799,0.200209,0.075000,-0.046712
39.351944,0.291059,-0.715069,2.338141,0.152574,-0.565440,0.203879,0.075000,-0.050535
39.384995,0.288995,-0.712927,2.336684,0.152574,-0.565440,0.200906,0.075000,-0.048403
39.418561,0.287976,-0.711869,2.335848,0.148589,-0.560057,0.206096,0.075000,-0.054078
39.451967,0.285857,-0.709659,2.333895,0.148589,-0.560057,0.203036,0.075000,-0.050899
39.485014,0.283793,-0.707499,2.332124,0.148589,-0.560057,0.200048,0.075000,-0.047991
39.518555,0.282734,-0.706388,2.331072,0.144605,-0.554649,0.205193,0.075000,-0.053102
39.551919,0.280617,-0.704160,2.328568,0.144605,-0.554649,0.202120,0.075000,-0.048516
39.585073,0.278554,-0.701977,2.326582,0.140622,-0.549218,0.205817,0.075000,-0.051868
39.618596,0.277570,-0.700934,2.325530,0.140622,-0.549218,0.204383,0.075000,-0.050025
39.651708,0.275544,-0.698777,2.323700,0.140622,-0.549218,0.201425,0.075000,-0.046950
39.685129,0.273485,-0.696578,2.321475,0.136641,-0.543762,0.205132,0.075000,-0.049634
39.718571,0.272474,-0.695494,2.320370,0.136641,-0.543762,0.203650,0.075000,-0.047647
39.751504,0.270471,-0.693340,2.318126,0.136641,-0.543762,0.200708,0.075000,-0.043444
39.785507,0.269178,-0.691945,2.316584,0.132661,-0.538283,0.205546,0.075000,-0.047199
39.818306,0.268383,-0.691084,2.315795,0.132661,-0.538283,0.204374,0.075000,-0.045813
39.851815,0.268383,-0.691084,2.315795,0.132661,-0.538283,0.204374,0.075000,-0.045813
39.892939,0.267143,-0.689740,2.314452,0.132661,-0.538283,0.202546,0.075000,-0.043329
39.918811,0.262113,-0.684249,2.310054,0.128683,-0.532780,0.201858,0.075000,-0.042336
39.951781,0.260301,-0.682261,2.308412,0.124706,-0.527254,0.205945,0.075000,-0.045920
39.985183,0.259059,-0.680894,2.307133,0.124706,-0.527254,0.204098,0.075000,-0.043623
40.018616,0.257206,-0.678847,2.305476,0.124706,-0.527254,0.201337,0.075000,-0.040696
40.051952,0.255165,-0.676587,2.303800,0.120730,-0.521705,0.205088,0.075000,-0.044273
40.085260,0.253936,-0.675222,2.302749,0.120730,-0.521705,0.203251,0.075000,-0.042492
40.118465,0.252062,-0.673134,2.300868,0.120730,-0.521705,0.200446,0.075000,-0.038981
40.151669,0.250061,-0.670897,2.299007,0.116756,-0.516134,0.204260,0.075000,-0.042012
40.185247,0.248872,-0.669563,2.298187,0.116756,-0.516134,0.202473,0.075000,-0.040732
40.218312,0.246933,-0.667384,2.296704,0.112783,-0.510540,0.206389,0.075000,-0.044426
40.251917,0.245176,-0.665403,2.294855,0.112783,-0.510540,0.203741,0.075000,-0.041037
40.285015,0.244048,-0.664127,2.293836,0.112783,-0.510540,0.202038,0.075000,-0.039211
40.318630,0.242131,-0.661953,2.291892,0.108812,-0.504924,0.205990,0.075000,-0.041686
40.351680,0.240351,-0.659927,2.290278,0.108812,-0.504924,0.203294,0.075000,-0.038818
40.385183,0.238349,-0.657639,2.288355,0.108812,-0.504924,0.200254,0.075000,-0.035188
40.418222,0.236947,-0.656033,2.286866,0.104842,-0.499286,0.204991,0.075000,-0.038469
40.451927,0.235424,-0.654282,2.285895,0.104842,-0.499286,0.202671,0.075000,-0.036953
40.485084,0.233450,-0.652007,2.284480,0.100873,-0.493627,0.206546,0.075000,-0.040515
40.518546,0.232436,-0.650835,2.283697,0.100873,-0.493627,0.204996,0.075000,-0.039221
40.551928,0.230456,-0.648544,2.282052,0.100873,-0.493627,0.201968,0.075000,-0.036322
40.584788,0.228456,-0.646222,2.280642,0.096906,-0.487946,0.205807,0.075000,-0.039840
40.618638,0.227435,-0.645034,2.279745,0.096906,-0.487946,0.204241,0.075000,-0.038259
40.651948,0.225430,-0.642694,2.277870,0.096906,-0.487946,0.201161,0.075000,-0.034765
40.685200,0.223497,-0.640430,2.275574,0.092940,-0.482244,0.205104,0.075000,-0.036015
40.718573,0.222553,-0.639319,2.274953,0.092940,-0.482244,0.203647,0.075000,-0.035007
40.751845,0.220680,-0.637114,2.274056,0.092940,-0.482244,0.200754,0.075000,-0.033784
40.784970,0.218793,-0.634887,2.273029,0.088975,-0.476522,0.204773,0.075000,-0.038027
40.818450,0.218793,-0.634887,2.273029,0.088975,-0.476522,0.204773,0.075000,-0.038027
40.851938,0.218793,-0.634887,2.273029,0.088975,-0.476522,0.204773,0.075000,-0.038027
40.900718,0.217841,-0.633762,2.272510,0.088975,-0.476522,0.203299,0.075000,-0.037304
40.918477,0.213055,-0.628084,2.268737,0.085012,-0.470778,0.202829,0.075000,-0.036324
40.951946,0.211091,-0.625741,2.267390,0.081050,-0.465015,0.206744,0.075000,-0.039515
40.985120,0.209175,-0.623448,2.265703,0.081050,-0.465015,0.203757,0.075000,-0.036527
41.018252,0.208228,-0.622312,2.265056,0.081050,-0.465015,0.202278,0.075000,-0.035464
41.051926,0.206261,-0.619948,2.263329,0.077090,-0.459232,0.206192,0.075000,-0.037652
41.085083,0.204305,-0.617589,2.261758,0.077090,-0.459232,0.203127,0.075000,-0.034915
41.118196,0.203337,-0.616418,2.261056,0.077090,-0.459232,0.201608,0.075000,-0.033700
41.151919,0.201398,-0.614068,2.259356,0.073131,-0.453428,0.205566,0.075000,-0.035869
41.185031,0.199406,-0.611645,2.257686,0.073131,-0.453428,0.202430,0.075000,-0.032849
41.218665,0.198459,-0.610491,2.257093,0.073131,-0.453428,0.200937,0.075000,-0.031864
41.251913,0.196600,-0.608219,2.255873,0.069173,-0.447606,0.205022,0.075000,-0.035088
41.285206,0.194735,-0.605936,2.254809,0.069173,-0.447606,0.202075,0.075000,-0.033475
41.318552,0.193803,-0.604793,2.254297,0.069173,-0.447606,0.200600,0.075000,-0.032693
41.351808,0.191937,-0.602501,2.252913,0.065216,-0.441764,0.204681,0.075000,-0.035429
41.385030,0.190066,-0.600196,2.251398,0.065216,-0.441764,0.201713,0.075000,-0.032712
41.418577,0.189135,-0.599045,2.250884,0.065216,-0.441764,0.200233,0.075000,-0.031915
41.451927,0.187219,-0.596674,2.249344,0.061261,-0.435903,0.204237,0.075000,-0.034210
41.485053,0.186029,-0.595198,2.248492,0.061261,-0.435903,0.202341,0.075000,-0.032747
41.518488,0.184324,-0.593080,2.247841,0.057307,-0.430024,0.206690,0.075000,-0.036900
41.551944,0.182466,-0.590767,2.246435,0.057307,-0.430024,0.203724,0.075000,-0.034522
41.585029,0.180534,-0.588354,2.244595,0.057307,-0.430024,0.200633,0.075000,-0.030992
41.618648,0.179601,-0.587186,2.243575,0.053354,-0.424126,0.206221,0.075000,-0.033811
41.651909,0.177749,-0.584860,2.242385,0.053354,-0.424126,0.203247,0.075000,-0.031866
41.685200,0.176606,-0.583422,2.241400,0.053354,-0.424126,0.201411,0.075000,-0.030005
41.718568,0.174938,-0.581317,2.239592,0.049403,-0.418210,0.205822,0.075000,-0.031179
41.751556,0.173029,-0.578898,2.237955,0.049403,-0.418210,0.202741,0.075000,-0.028078
41.785244,0.171890,-0.577453,2.237038,0.049403,-0.418210,0.200902,0.075000,-0.026314
41.818341,0.171890,-0.577453,2.237038,0.049403,-0.418210,0.200902,0.075000,-0.026314
41.851844,0.171890,-0.577453,2.237038,0.049403,-0.418210,0.200902,0.075000,-0.026314
41.888218,0.171170,-0.576536,2.236782,0.045452,-0.412276,0.206848,0.075000,-0.030767
41.918605,0.165702,-0.569558,2.233425,0.041503,-0.406325,0.205111,0.075000,-0.029755
41.952126,0.163891,-0.567236,2.232668,0.041503,-0.406325,0.202166,0.075000,-0.028750
41.985030,0.162029,-0.564844,2.231356,0.037555,-0.400357,0.206276,0.075000,-0.030933
42.018328,0.161094,-0.563642,2.230871,0.037555,-0.400357,0.204753,0.075000,-0.030210
42.051972,0.159249,-0.561263,2.229567,0.037555,-0.400357,0.201743,0.075000,-0.027878
42.085244,0.157402,-0.558876,2.228305,0.033609,-0.394371,0.205880,0.075000,-0.030100
42.118439,0.156454,-0.557648,2.227683,0.033609,-0.394371,0.204329,0.075000,-0.029038
42.152112,0.154619,-0.555266,2.225968,0.033609,-0.394371,0.201322,0.075000,-0.025639
42.185133,0.152817,-0.552920,2.224906,0.029663,-0.388369,0.205533,0.075000,-0.028261
42.218370,0.151936,-0.551771,2.224340,0.029663,-0.388369,0.204086,0.075000,-0.027276
42.252141,0.150158,-0.549447,2.222907,0.029663,-0.388369,0.201159,0.075000,-0.024503
42.285271,0.148379,-0.547115,2.221260,0.025719,-0.382351,0.205409,0.075000,-0.025606
42.318545,0.147473,-0.545925,2.220720,0.025719,-0.382351,0.203913,0.075000,-0.024659
42.351865,0.145633,-0.543503,2.220031,0.025719,-0.382351,0.200872,0.075000,-0.023692
42.385061,0.143776,-0.541055,2.218540,0.021776,-0.376316,0.204996,0.075000,-0.025136
42.418342,0.142885,-0.539877,2.218081,0.021776,-0.376316,0.203519,0.075000,-0.024375
42.451931,0.141041,-0.537436,2.217068,0.021776,-0.376316,0.200459,0.075000,-0.022587
42.485215,0.139202,-0.534997,2.216093,0.017834,-0.370266,0.204613,0.075000,-0.025219
42.518344,0.138295,-0.533792,2.215634,0.017834,-0.370266,0.203105,0.075000,-0.024465
42.551959,0.136478,-0.531375,2.214238,0.017834,-0.370266,0.200082,0.075000,-0.021710
42.584886,0.134669,-0.528962,2.213805,0.013893,-0.364200,0.204288,0.075000,-0.025590
42.618413,0.133779,-0.527775,2.213508,0.013893,-0.364200,0.202804,0.075000,-0.025235
42.651643,0.131995,-0.525391,2.212559,0.009953,-0.358119,0.207062,0.075000,-0.027636
42.685049,0.130151,-0.522923,2.211696,0.009953,-0.358119,0.203981,0.075000,-0.026355
42.718595,0.129222,-0.521677,2.211236,0.009953,-0.358119,0.202426,0.075000,-0.025625
42.751941,0.127976,-0.520005,2.210664,0.009953,-0.358119,0.200342,0.075000,-0.024735
42.785005,0.125687,-0.516927,2.208780,0.006014,-0.352022,0.203753,0.075000,-0.025055
42.818330,0.125687,-0.516927,2.208780,0.006014,-0.352022,0.203753,0.075000,-0.025055
42.851934,0.125687,-0.516927,2.208780,0.006014,-0.352022,0.203753,0.075000,-0.025055
42.885038,0.125687,-0.516927,2.208780,0.006014,-0.352022,0.203753,0.075000,-0.025055
42.918740,0.124798,-0.515728,2.208807,0.006014,-0.352022,0.202260,0.075000,-0.025493
42.951953,0.118463,-0.507157,2.205267,-0.001860,-0.339786,0.206132,0.075000,-0.027096
42.985031,0.116751,-0.504829,2.204128,-0.001860,-0.339786,0.203243,0.075000,-0.025061
43.018568,0.115895,-0.503664,2.203454,-0.001860,-0.339786,0.201797,0.075000,-0.023752
43.051911,0.114145,-0.501276,2.202940,-0.005795,-0.333647,0.206119,0.075000,-0.026884
43.085062,0.112309,-0.498769,2.202005,-0.005795,-0.333647,0.203012,0.075000,-0.025402
43.118668,0.111436,-0.497573,2.201357,-0.005795,-0.333647,0.201531,0.075000,-0.024170
43.151616,0.109716,-0.495216,2.200355,-0.009730,-0.327494,0.205908,0.075000,-0.026015
43.185207,0.107889,-0.492707,2.199467,-0.009730,-0.327494,0.202804,0.075000,-0.024620
43.218825,0.107003,-0.491488,2.199252,-0.009730,-0.327494,0.201297,0.075000,-0.024458
43.251863,0.105255,-0.489082,2.198496,-0.013664,-0.321327,0.205629,0.075000,-0.026835
43.285074,0.103562,-0.486748,2.197604,-0.013664,-0.321327,0.202745,0.075000,-0.025398
43.318340,0.102629,-0.485460,2.197064,-0.013664,-0.321327,0.201155,0.075000,-0.024458
43.351960,0.100797,-0.482926,2.195977,-0.017596,-0.315148,0.205345,0.075000,-0.025981
43.385031,0.099076,-0.480540,2.194951,-0.017596,-0.315148,0.202403,0.075000,-0.024198
43.418595,0.098191,-0.479311,2.194308,-0.017596,-0.315148,0.200889,0.075000,-0.022963
43.451923,0.096366,-0.476772,2.193037,-0.021528,-0.308955,0.205088,0.075000,-0.023965
43.485233,0.095284,-0.475263,2.192514,-0.021528,-0.308955,0.203232,0.075000,-0.023118
43.518482,0.093736,-0.473102,2.191752,-0.021528,-0.308955,0.200574,0.075000,-0.021826
43.551901,0.092010,-0.470688,2.190645,-0.025458,-0.302750,0.204944,0.075000,-0.023119
43.585058,0.090300,-0.468291,2.189898,-0.025458,-0.302750,0.202000,0.075000,-0.021941
43.618325,0.089432,-0.467073,2.189199,-0.025458,-0.302750,0.200504,0.075000,-0.020527
43.651792,0.087732,-0.464684,2.188550,-0.029388,-0.296532,0.204920,0.075000,-0.022860
43.685153,0.085993,-0.462234,2.187578,-0.029388,-0.296532,0.201915,0.075000,-0.021128
43.718469,0.085133,-0.461021,2.187119,-0.029388,-0.296532,0.200429,0.075000,-0.020297
43.751652,0.083394,-0.458564,2.185707,-0.033317,-0.290303,0.204776,0.075000,-0.020696
43.785042,0.082550,-0.457370,2.185328,-0.033317,-0.290303,0.203314,0.075000,-0.020064
43.818459,0.080863,-0.454978,2.184867,-0.033317,-0.290303,0.200387,0.075000,-0.019498
43.851720,0.079990,-0.453740,2.184406,-0.037245,-0.284061,0.206240,0.075000,-0.021825
43.885184,0.079990,-0.453740,2.184406,-0.037245,-0.284061,0.206240,0.075000,-0.021825
43.921912,0.079122,-0.452508,2.183949,-0.037245,-0.284061,0.204732,0.075000,-0.021032
43.951921,0.074721,-0.446240,2.181567,-0.041172,-0.277809,0.204451,0.075000,-0.019798
43.985184,0.072994,-0.443771,2.180235,-0.041172,-0.277809,0.201439,0.075000,-0.017074
44.018552,0.072145,-0.442555,2.180020,-0.045098,-0.271545,0.207341,0.075000,-0.019855
44.051933,0.070407,-0.440064,2.179295,-0.045098,-0.271545,0.204304,0.075000,-0.018671
44.084951,0.068749,-0.437682,2.178462,-0.045098,-0.271545,0.201402,0.075000,-0.017137
44.118326,0.067909,-0.436475,2.178246,-0.049023,-0.265270,0.207327,0.075000,-0.019836
44.151813,0.066229,-0.434057,2.177404,-0.049023,-0.265270,0.204382,0.075000,-0.018347
44.184846,0.064544,-0.431628,2.176806,-0.049023,-0.265270,0.201427,0.075000,-0.017397
44.218570,0.063702,-0.430413,2.176080,-0.052948,-0.258985,0.207352,0.075000,-0.018787
44.251928,0.061991,-0.427938,2.175025,-0.052948,-0.258985,0.204343,0.075000,-0.016753
44.285245,0.060919,-0.426385,2.174273,-0.052948,-0.258985,0.202457,0.075000,-0.015209
44.318589,0.059370,-0.424137,2.173474,-0.056872,-0.252689,0.207138,0.075000,-0.016577
44.351910,0.057669,-0.421663,2.172421,-0.056872,-0.252689,0.204136,0.075000,-0.014482
44.385133,0.056661,-0.420196,2.172128,-0.056872,-0.252689,0.202356,0.075000,-0.014014
44.418328,0.055118,-0.417946,2.171663,-0.060795,-0.246384,0.207049,0.075000,-0.016135
44.451927,0.053431,-0.415484,2.170591,-0.060795,-0.246384,0.204064,0.075000,-0.013977
44.485157,0.052417,-0.414000,2.170460,-0.060795,-0.246384,0.202267,0.075000,-0.013902
44.518227,0.050854,-0.411714,2.169941,-0.064717,-0.240069,0.206927,0.075000,-0.015831
44.551920,0.049152,-0.409220,2.169612,-0.064717,-0.240069,0.203907,0.075000,-0.015495
44.585254,0.048135,-0.407731,2.169089,-0.064717,-0.240069,0.202104,0.075000,-0.014478
44.618487,0.046448,-0.405255,2.168547,-0.068639,-0.233745,0.206544,0.075000,-0.016317
44.652019,0.044945,-0.403047,2.167961,-0.068639,-0.233745,0.203873,0.075000,-0.015305
44.685078,0.043316,-0.400651,2.167422,-0.068639,-0.233745,0.200977,0.075000,-0.014403
44.718646,0.042143,-0.398924,2.167041,-0.072560,-0.227412,0.206333,0.075000,-0.016440
44.751486,0.040787,-0.396924,2.166395,-0.072560,-0.227412,0.203916,0.075000,-0.015244
44.785165,0.039561,-0.395116,2.166053,-0.072560,-0.227412,0.201732,0.075000,-0.014727
44.818330,0.038239,-0.393162,2.165703,-0.076480,-0.221070,0.206824,0.075000,-0.016787
44.851803,0.038239,-0.393162,2.165703,-0.076480,-0.221070,0.206824,0.075000,-0.016787
44.885134,0.038239,-0.393162,2.165703,-0.076480,-0.221070,0.206824,0.075000,-0.016787
44.918661,0.033971,-0.386842,2.163602,-0.080399,-0.214720,0.206656,0.075000,-0.015301
44.951687,0.032312,-0.384378,2.163380,-0.080399,-0.214720,0.203686,0.075000,-0.015202
44.985149,0.031316,-0.382899,2.162891,-0.080399,-0.214720,0.201903,0.075000,-0.014262
45.018743,0.029788,-0.380627,2.161971,-0.084318,-0.208361,0.206630,0.075000,-0.014858
45.051925,0.028076,-0.378076,2.162009,-0.084318,-0.208361,0.203557,0.075000,-0.015404
45.085056,0.026414,-0.375600,2.161610,-0.084318,-0.208361,0.200575,0.075000,-0.014869
45.118444,0.025592,-0.374375,2.161448,-0.088237,-0.201995,0.206572,0.075000,-0.017048
45.151925,0.023965,-0.371948,2.161264,-0.088237,-0.201995,0.203650,0.075000,-0.017087
45.185089,0.022387,-0.369593,2.160952,-0.088237,-0.201995,0.200815,0.075000,-0.016795
45.218705,0.021586,-0.368397,2.160734,-0.092154,-0.195622,0.206853,0.075000,-0.018713
45.251910,0.019964,-0.365974,2.159959,-0.092154,-0.195622,0.203938,0.075000,-0.017344
45.285216,0.018308,-0.363494,2.159072,-0.092154,-0.195622,0.200956,0.075000,-0.015649
45.318564,0.017501,-0.362285,2.159153,-0.096072,-0.189241,0.206986,0.075000,-0.018238
45.351945,0.015935,-0.359938,2.158868,-0.096072,-0.189241,0.204164,0.075000,-0.018049
45.385058,0.014261,-0.357427,2.158100,-0.096072,-0.189241,0.201146,0.075000,-0.016678
45.418533,0.013411,-0.356149,2.157643,-0.099988,-0.182853,0.207101,0.075000,-0.017885
45.451945,0.011721,-0.353608,2.157103,-0.099988,-0.182853,0.204049,0.075000,-0.017095
45.485036,0.010026,-0.351054,2.156476,-0.099988,-0.182853,0.200984,0.075000,-0.016057
45.518548,0.009154,-0.349740,2.155964,-0.103904,-0.176459,0.206902,0.075000,-0.017078
45.551878,0.007514,-0.347265,2.155448,-0.103904,-0.176459,0.203933,0.075000,-0.016312
45.584953,0.005918,-0.344852,2.155080,-0.103904,-0.176459,0.201040,0.075000,-0.015865
45.618557,0.005114,-0.343637,2.154946,-0.107820,-0.170059,0.207083,0.075000,-0.017711
45.651935,0.003456,-0.341128,2.154486,-0.107820,-0.170059,0.204076,0.075000,-0.017107
45.685056,0.001819,-0.338649,2.153945,-0.107820,-0.170059,0.201105,0.075000,-0.016267
45.718574,0.001017,-0.337433,2.153406,-0.111735,-0.163652,0.207153,0.075000,-0.017055
45.751932,-0.000611,-0.334961,2.152999,-0.111735,-0.163652,0.204194,0.075000,-0.016551
45.785207,-0.000611,-0.334961,2.152999,-0.111735,-0.163652,0.204194,0.075000,-0.016551
45.818608,-0.002272,-0.332438,2.152113,-0.111735,-0.163652,0.201173,0.075000,-0.014844
45.851729,-0.002272,-0.332438,2.152113,-0.111735,-0.163652,0.201173,0.075000,-0.014844
45.899963,-0.003225,-0.330988,2.151635,-0.115650,-0.157240,0.206949,0.075000,-0.015783
45.918645,-0.007178,-0.324959,2.150206,-0.119564,-0.150823,0.207253,0.075000,-0.015150
45.951711,-0.008829,-0.322434,2.149151,-0.119564,-0.150823,0.204237,0.075000,-0.013007
45.985298,-0.009798,-0.320950,2.148663,-0.119564,-0.150823,0.202464,0.075000,-0.012030
46.018624,-0.011296,-0.318653,2.148259,-0.123478,-0.144401,0.207241,0.075000,-0.013176
46.051800,-0.012988,-0.316055,2.147449,-0.123478,-0.144401,0.204140,0.075000,-0.011592
46.085125,-0.013979,-0.314531,2.147286,-0.123478,-0.144401,0.202323,0.075000,-0.011399
46.118311,-0.015645,-0.311966,2.146498,-0.127392,-0.137974,0.206786,0.075000,-0.011594
46.151923,-0.017101,-0.309723,2.146114,-0.127392,-0.137974,0.204112,0.075000,-0.010956
46.185120,-0.018742,-0.307191,2.145359,-0.127392,-0.137974,0.201095,0.075000,-0.009403
46.218334,-0.019532,-0.305972,2.145117,-0.131305,-0.131543,0.207169,0.075000,-0.010725
46.251888,-0.021161,-0.303454,2.144841,-0.131305,-0.131543,0.204169,0.075000,-0.010364
46.285201,-0.022788,-0.300937,2.144103,-0.131305,-0.131543,0.201173,0.075000,-0.008835
46.318562,-0.023583,-0.299705,2.143859,-0.135218,-0.125107,0.207235,0.075000,-0.010102
46.351919,-0.025175,-0.297237,2.143637,-0.135218,-0.125107,0.204299,0.075000,-0.009850
46.385075,-0.026801,-0.294716,2.143193,-0.135218,-0.125107,0.201299,0.075000,-0.009043
46.418534,-0.027637,-0.293420,2.143004,-0.139130,-0.118668,0.207290,0.075000,-0.010385
46.451836,-0.029218,-0.290966,2.143226,-0.139130,-0.118668,0.204370,0.075000,-0.011228
46.485239,-0.030836,-0.288453,2.142511,-0.139130,-0.118668,0.201382,0.075000,-0.009782
46.518339,-0.031663,-0.287167,2.142132,-0.143043,-0.112226,0.207388,0.075000,-0.010586
46.551684,-0.033295,-0.284629,2.141343,-0.143043,-0.112226,0.204371,0.075000,-0.008963
46.584964,-0.034880,-0.282157,2.141072,-0.143043,-0.112226,0.201434,0.075000,-0.008551
46.618308,-0.035673,-0.280921,2.141072,-0.146955,-0.105780,0.207504,0.075000,-0.010227
46.651910,-0.037344,-0.278315,2.140694,-0.146955,-0.105780,0.204408,0.075000,-0.009611
46.685122,-0.039015,-0.275708,2.140349,-0.146955,-0.105780,0.201312,0.075000,-0.009053
46.718334,-0.039805,-0.274475,2.140160,-0.150867,-0.099332,0.207388,0.075000,-0.010203
46.751788,-0.041387,-0.272001,2.139196,-0.150867,-0.099332,0.204452,0.075000,-0.008133
46.785132,-0.042200,-0.270729,2.138899,-0.150867,-0.099332,0.202942,0.075000,-0.007521
46.818468,-0.043042,-0.269409,2.138956,-0.150867,-0.099332,0.201377,0.075000,-0.007781
46.851676,-0.043042,-0.269409,2.138956,-0.150867,-0.099332,0.201377,0.075000,-0.007781
46.897928,-0.044101,-0.267750,2.138775,-0.154778,-0.092881,0.206951,0.075000,-0.008961
46.918220,-0.048133,-0.261425,2.137737,-0.158690,-0.086427,0.206996,0.075000,-0.008437
46.951671,-0.049391,-0.259449,2.137305,-0.158690,-0.086427,0.204653,0.075000,-0.007574
46.985121,-0.051045,-0.256847,2.137048,-0.158690,-0.086427,0.201570,0.075000,-0.007169
47.018540,-0.051793,-0.255671,2.136822,-0.158690,-0.086427,0.200175,0.075000,-0.006705
47.051673,-0.053403,-0.253136,2.136558,-0.162601,-0.079972,0.204719,0.075000,-0.007677
47.085128,-0.054985,-0.250645,2.135921,-0.162601,-0.079972,0.201768,0.075000,-0.006319
47.118554,-0.055789,-0.249376,2.135623,-0.162601,-0.079972,0.200266,0.075000,-0.005671
47.151495,-0.057436,-0.246777,2.134871,-0.166512,-0.073516,0.204737,0.075000,-0.005400
47.185054,-0.059060,-0.244209,2.134677,-0.166512,-0.073516,0.201698,0.075000,-0.005083
47.218561,-0.059876,-0.242920,2.134272,-0.166512,-0.073516,0.200173,0.075000,-0.004151
47.251663,-0.061564,-0.240247,2.133299,-0.170423,-0.067058,0.204560,0.075000,-0.003295
47.285278,-0.062395,-0.238928,2.133272,-0.170423,-0.067058,0.203001,0.075000,-0.003279
47.318604,-0.063978,-0.236417,2.133272,-0.170423,-0.067058,0.200033,0.075000,-0.003377
47.351873,-0.065522,-0.233967,2.133324,-0.174334,-0.060599,0.204687,0.075000,-0.004971
47.385046,-0.067093,-0.231476,2.133216,-0.174334,-0.060599,0.201741,0.075000,-0.004847
47.418353,-0.067889,-0.230214,2.133081,-0.174334,-0.060599,0.200249,0.075000,-0.004585
47.451519,-0.069487,-0.227677,2.132730,-0.178245,-0.054140,0.204801,0.075000,-0.005131
47.485442,-0.070290,-0.226402,2.132730,-0.178245,-0.054140,0.203295,0.075000,-0.005207
47.518788,-0.072041,-0.223620,2.132914,-0.178245,-0.054140,0.200007,0.075000,-0.005841
47.551767,-0.073473,-0.221347,2.133065,-0.182156,-0.047680,0.204872,0.075000,-0.007529
47.585036,-0.074278,-0.220069,2.132767,-0.182156,-0.047680,0.203361,0.075000,-0.006910
47.618645,-0.075883,-0.217521,2.132605,-0.182156,-0.047680,0.200350,0.075000,-0.006712
47.651760,-0.077429,-0.215064,2.132232,-0.186067,-0.041220,0.204997,0.075000,-0.007064
47.684859,-0.079027,-0.212523,2.131725,-0.186067,-0.041220,0.201996,0.075000,-0.006018
47.718360,-0.079835,-0.211237,2.131401,-0.186067,-0.041220,0.200477,0.075000,-0.005301
47.751503,-0.081459,-0.208651,2.131616,-0.189978,-0.034761,0.204973,0.075000,-0.007050
47.785244,-0.082598,-0.206836,2.131616,-0.189978,-0.034761,0.202831,0.075000,-0.007199
47.818365,-0.083904,-0.204758,2.131427,-0.189978,-0.034761,0.200377,0.075000,-0.006903
47.851897,-0.083904,-0.204758,2.131427,-0.189978,-0.034761,0.200377,0.075000,-0.006903
47.885276,-0.083904,-0.204758,2.131427,-0.189978,-0.034761,0.200377,0.075000,-0.006903
47.920099,-0.084748,-0.203414,2.131130,-0.193889,-0.028302,0.206339,0.075000,-0.007222
47.952024,-0.089599,-0.195680,2.130222,-0.197800,-0.021844,0.204760,0.075000,-0.006525
47.985098,-0.091172,-0.193165,2.129248,-0.197800,-0.021844,0.201793,0.075000,-0.004293
48.018693,-0.091957,-0.191908,2.128785,-0.197800,-0.021844,0.200311,0.075000,-0.003203
48.051952,-0.093484,-0.189462,2.128452,-0.201712,-0.015387,0.204976,0.075000,-0.003443
48.084898,-0.095076,-0.186911,2.128434,-0.201712,-0.015387,0.201969,0.075000,-0.003505
48.118578,-0.095899,-0.185590,2.128137,-0.201712,-0.015387,0.200413,0.075000,-0.002818
48.151877,-0.097477,-0.183059,2.128099,-0.205623,-0.008932,0.204977,0.075000,-0.003731
48.185055,-0.099059,-0.180519,2.127396,-0.205623,-0.008932,0.201984,0.075000,-0.002097
48.218761,-0.099861,-0.179230,2.127342,-0.205623,-0.008932,0.200466,0.075000,-0.001993
48.251962,-0.101514,-0.176572,2.126167,-0.209534,-0.002479,0.204882,0.075000,-0.000079
48.285028,-0.103084,-0.174042,2.126232,-0.209534,-0.002479,0.201905,0.075000,-0.000241
48.318333,-0.103878,-0.172763,2.126123,-0.209534,-0.002479,0.200399,0.075000,0.000025
48.351819,-0.105491,-0.170163,2.125756,-0.213446,0.003972,0.204883,0.075000,0.000004
48.385027,-0.107022,-0.167694,2.126177,-0.213446,0.003972,0.201979,0.075000,-0.001042
48.418591,-0.107770,-0.166489,2.126285,-0.213446,0.003972,0.200560,0.075000,-0.001327
48.451964,-0.109320,-0.163992,2.126416,-0.217358,0.010420,0.205163,0.075000,-0.002504
48.485233,-0.110266,-0.162468,2.126221,-0.217358,0.010420,0.203369,0.075000,-0.002068
48.518590,-0.111723,-0.160121,2.126064,-0.217358,0.010420,0.200607,0.075000,-0.001735
48.551530,-0.113253,-0.157654,2.125788,-0.221270,0.016866,0.205243,0.075000,-0.001858
48.585190,-0.114194,-0.156135,2.125691,-0.221270,0.016866,0.203456,0.075000,-0.001651
48.618600,-0.115611,-0.153851,2.125939,-0.221270,0.016866,0.200769,0.075000,-0.002318
48.651940,-0.117226,-0.151245,2.125123,-0.225182,0.023308,0.205240,0.075000,-0.001065
48.685264,-0.118162,-0.149733,2.125091,-0.225182,0.023308,0.203461,0.075000,-0.001004
48.718687,-0.119609,-0.147395,2.125227,-0.225182,0.023308,0.200712,0.075000,-0.001370
48.751525,-0.121133,-0.144935,2.125621,-0.229095,0.029747,0.205352,0.075000,-0.003023
48.785247,-0.121917,-0.143669,2.125215,-0.229095,0.029747,0.203864,0.075000,-0.002072
48.818600,-0.121917,-0.143669,2.125215,-0.229095,0.029747,0.203864,0.075000,-0.002072
48.851504,-0.125080,-0.138563,2.125025,-0.233008,0.036183,0.205389,0.075000,-0.002309
48.885262,-0.125914,-0.137215,2.125377,-0.233008,0.036183,0.203804,0.075000,-0.003210
48.918340,-0.126715,-0.135922,2.125485,-0.233008,0.036183,0.202283,0.075000,-0.003524
48.951948,-0.126715,-0.135922,2.125485,-0.233008,0.036183,0.202283,0.075000,-0.003524
48.995986,-0.127669,-0.134383,2.125290,-0.233008,0.036183,0.200472,0.075000,-0.003102
49.018175,-0.131744,-0.127804,2.125372,-0.236921,0.042614,0.200261,0.075000,-0.004064
49.051929,-0.132979,-0.125810,2.125323,-0.240834,0.049041,0.205440,0.075000,-0.004425
49.085063,-0.134542,-0.123288,2.125323,-0.240834,0.049041,0.202473,0.075000,-0.004555
49.118901,-0.135347,-0.121988,2.125459,-0.240834,0.049041,0.200944,0.075000,-0.004961
49.151968,-0.136903,-0.119474,2.124826,-0.244748,0.055463,0.205508,0.075000,-0.003852
49.185107,-0.138461,-0.116956,2.124902,-0.244748,0.055463,0.202547,0.075000,-0.004151
49.218667,-0.139241,-0.115696,2.125010,-0.244748,0.055463,0.201066,0.075000,-0.004481
49.251511,-0.140847,-0.113102,2.125388,-0.248663,0.061880,0.205531,0.075000,-0.005793
49.285155,-0.142422,-0.110558,2.124902,-0.248663,0.061880,0.202539,0.075000,-0.004762
49.318460,-0.143211,-0.109283,2.124497,-0.248663,0.061880,0.201040,0.075000,-0.003827
49.351869,-0.144804,-0.106706,2.124170,-0.252577,0.068292,0.205523,0.075000,-0.003356
49.385278,-0.145791,-0.105109,2.124041,-0.252577,0.068292,0.203645,0.075000,-0.003099
49.418636,-0.147220,-0.102793,2.123749,-0.252577,0.068292,0.200924,0.075000,-0.002456
49.451881,-0.148846,-0.100160,2.123452,-0.256493,0.074699,0.205337,0.075000,-0.002015
49.484999,-0.150435,-0.097584,2.123830,-0.256493,0.074699,0.202310,0.075000,-0.003012
49.518579,-0.151189,-0.096362,2.123722,-0.256493,0.074699,0.200875,0.075000,-0.002787
49.551927,-0.152696,-0.093919,2.123560,-0.260408,0.081099,0.205508,0.075000,-0.002610
49.585102,-0.154225,-0.091441,2.123474,-0.260408,0.081099,0.202595,0.075000,-0.002473
49.618644,-0.155043,-0.090114,2.123365,-0.260408,0.081099,0.201037,0.075000,-0.002242
49.651943,-0.156628,-0.087546,2.123445,-0.264324,0.087493,0.205517,0.075000,-0.002614
49.685189,-0.158218,-0.084967,2.123251,-0.264324,0.087493,0.202487,0.075000,-0.002209
49.718561,-0.159028,-0.083653,2.123278,-0.264324,0.087493,0.200944,0.075000,-0.002311
49.751671,-0.160640,-0.081037,2.122657,-0.268241,0.093881,0.205364,0.075000,-0.000913
49.785344,-0.160640,-0.081037,2.122657,-0.268241,0.093881,0.205364,0.075000,-0.000913
49.818672,-0.162179,-0.078537,2.122657,-0.268241,0.093881,0.202428,0.075000,-0.000940
49.851765,-0.162179,-0.078537,2.122657,-0.268241,0.093881,0.202428,0.075000,-0.000940
49.885528,-0.162951,-0.077284,2.122278,-0.268241,0.093881,0.200957,0.075000,-0.000010
49.918588,-0.166836,-0.070970,2.122142,-0.272158,0.100262,0.201030,0.075000,0.000227
49.951943,-0.168434,-0.068371,2.121710,-0.276076,0.106635,0.205460,0.075000,0.001254
49.984810,-0.170073,-0.065703,2.120976,-0.276076,0.106635,0.202329,0.075000,0.003114
50.018637,-0.170863,-0.064415,2.121111,-0.276076,0.106635,0.200819,0.075000,0.002824
50.051914,-0.172463,-0.061805,2.120544,-0.279994,0.113001,0.205232,0.075000,0.004217
50.085263,-0.173447,-0.060201,2.120609,-0.279994,0.113001,0.203350,0.075000,0.004136
50.118620,-0.174855,-0.057903,2.121035,-0.279994,0.113001,0.200655,0.075000,0.003181
50.151766,-0.176392,-0.055398,2.120386,-0.283913,0.119360,0.205185,0.075000,0.004816
50.184782,-0.177906,-0.052924,2.119814,-0.283913,0.119360,0.202285,0.075000,0.006375
50.218727,-0.178696,-0.051633,2.120003,-0.283913,0.119360,0.200772,0.075000,0.005999
50.251937,-0.180223,-0.049138,2.120463,-0.287833,0.125710,0.205309,0.075000,0.004948
50.285031,-0.181758,-0.046634,2.120538,-0.287833,0.125710,0.202372,0.075000,0.004907
50.318602,-0.182551,-0.045340,2.120700,-0.287833,0.125710,0.200854,0.075000,0.004578
50.351929,-0.184151,-0.042729,2.121078,-0.291753,0.132052,0.205247,0.075000,0.003794
50.385382,-0.185086,-0.041204,2.121338,-0.291753,0.132052,0.203459,0.075000,0.003223
50.418549,-0.186490,-0.038917,2.121283,-0.291753,0.132052,0.200775,0.075000,0.003445
50.451956,-0.188063,-0.036356,2.121553,-0.295674,0.138385,0.205218,0.075000,0.002978
50.484836,-0.189599,-0.033856,2.121899,-0.295674,0.138385,0.202284,0.075000,0.002206
50.518655,-0.190379,-0.032587,2.121899,-0.295674,0.138385,0.200795,0.075000,0.002239
50.551955,-0.191941,-0.030044,2.121742,-0.299596,0.144709,0.205252,0.075000,0.002877
50.585105,-0.193543,-0.027438,2.122390,-0.299596,0.144709,0.202193,0.075000,0.001356
50.618376,-0.194334,-0.026153,2.122878,-0.299596,0.144709,0.200684,0.075000,0.000161
50.651860,-0.195901,-0.023609,2.122705,-0.303518,0.151024,0.205129,0.075000,0.000905
50.685057,-0.197483,-0.021039,2.122326,-0.303518,0.151024,0.202112,0.075000,0.001876
50.718582,-0.198269,-0.019761,2.122191,-0.303518,0.151024,0.200611,0.075000,0.002240
50.751852,-0.199822,-0.017236,2.122878,-0.307441,0.157330,0.205073,0.075000,0.000921
50.785039,-0.201343,-0.014768,2.122987,-0.307441,0.157330,0.202174,0.075000,0.000676
50.818330,-0.201343,-0.014768,2.122987,-0.307441,0.157330,0.202174,0.075000,0.000676
50.851814,-0.201343,-0.014768,2.122987,-0.307441,0.157330,0.202174,0.075000,0.000676
50.886922,-0.202125,-0.013498,2.123095,-0.307441,0.157330,0.200682,0.075000,0.000417
50.918663,-0.206156,-0.006956,2.122857,-0.311365,0.163625,0.200416,0.075000,0.001492
50.951947,-0.207703,-0.004444,2.122831,-0.315289,0.169910,0.204876,0.075000,0.002033
50.984908,-0.209242,-0.001946,2.123328,-0.315289,0.169910,0.201942,0.075000,0.000858
51.018607,-0.210032,-0.000664,2.123544,-0.315289,0.169910,0.200436,0.075000,0.000331
51.051904,-0.211546,0.001789,2.124112,-0.319215,0.176185,0.204955,0.075000,-0.000522
51.084804,-0.213142,0.004374,2.123175,-0.319215,0.176185,0.201917,0.075000,0.001790
51.118745,-0.213976,0.005726,2.123067,-0.319215,0.176185,0.200328,0.075000,0.002088
51.151927,-0.215546,0.008275,2.122872,-0.323141,0.182449,0.204727,0.075000,0.003150
51.185081,-0.217123,0.010834,2.122991,-0.323141,0.182449,0.201721,0.075000,0.002949
51.218561,-0.217913,0.012117,2.123261,-0.323141,0.182449,0.200215,0.075000,0.002317
51.251806,-0.219479,0.014657,2.123645,-0.327068,0.188701,0.204614,0.075000,0.002014
51.285060,-0.221039,0.017185,2.123580,-0.327068,0.188701,0.201643,0.075000,0.002235
51.318403,-0.221800,0.018419,2.123445,-0.327068,0.188701,0.200193,0.075000,0.002605
51.351938,-0.222927,0.020246,2.124014,-0.330996,0.194943,0.205421,0.075000,0.001882
51.385095,-0.224980,0.023570,2.124175,-0.330996,0.194943,0.201514,0.075000,0.001556
51.418504,-0.225753,0.024822,2.124446,-0.330996,0.194943,0.200043,0.075000,0.000902
51.451873,-0.227352,0.027409,2.124451,-0.334925,0.201172,0.204367,0.075000,0.001648
51.485015,-0.228939,0.029975,2.124895,-0.334925,0.201172,0.201349,0.075000,0.000589
51.518573,-0.229749,0.031284,2.124895,-0.338854,0.207390,0.207165,0.075000,0.001374
51.551915,-0.231266,0.033737,2.124631,-0.338854,0.207390,0.204281,0.075000,0.002063
51.585071,-0.232818,0.036247,2.124792,-0.338854,0.207390,0.201330,0.075000,0.001725
51.618629,-0.233601,0.037512,2.124927,-0.342785,0.213595,0.207187,0.075000,0.002213
51.651949,-0.235152,0.040019,2.125278,-0.342785,0.213595,0.204239,0.075000,0.001418
51.685152,-0.236740,0.042584,2.125132,-0.342785,0.213595,0.201222,0.075000,0.001825
51.718392,-0.237561,0.043909,2.124997,-0.346717,0.219788,0.206998,0.075000,0.003021
51.751944,-0.239249,0.046637,2.124640,-0.346717,0.219788,0.203790,0.075000,0.003995
51.785071,-0.240057,0.047944,2.124775,-0.346717,0.219788,0.202253,0.075000,0.003722
51.818442,-0.241769,0.050710,2.125554,-0.350649,0.225968,0.206326,0.075000,0.002775
51.851837,-0.242405,0.051736,2.125770,-0.350649,0.225968,0.205118,0.075000,0.002281
51.885261,-0.242405,0.051736,2.125770,-0.350649,0.225968,0.205118,0.075000,0.002281
51.918194,-0.245544,0.056799,2.126014,-0.354583,0.232134,0.206475,0.075000,0.002757
51.951978,-0.247099,0.059306,2.125934,-0.354583,0.232134,0.203525,0.075000,0.003035
51.985143,-0.248043,0.060828,2.125966,-0.354583,0.232134,0.201734,0.075000,0.003008
52.018535,-0.249451,0.063097,2.126453,-0.358517,0.238287,0.206366,0.075000,0.002870
52.051890,-0.250987,0.065570,2.126859,-0.358517,0.238287,0.203455,0.075000,0.001947
52.085054,-0.252584,0.068139,2.127075,-0.358517,0.238287,0.200431,0.075000,0.001468
52.118544,-0.253431,0.069501,2.127075,-0.362453,0.244427,0.206118,0.075000,0.002570
52.151946,-0.254963,0.071965,2.127313,-0.362453,0.244427,0.203217,0.075000,0.002056
52.185070,-0.256505,0.074444,2.127292,-0.362453,0.244427,0.200297,0.075000,0.002171
52.218447,-0.257283,0.075695,2.127319,-0.366389,0.250552,0.206105,0.075000,0.003247
52.251888,-0.258890,0.078277,2.127676,-0.366389,0.250552,0.203064,0.075000,0.002464
52.285107,-0.260521,0.080897,2.127460,-0.370327,0.256663,0.207246,0.075000,0.004201
52.318644,-0.261307,0.082160,2.127460,-0.370327,0.256663,0.205758,0.075000,0.004262
52.351955,-0.262946,0.084794,2.127909,-0.370327,0.256663,0.202656,0.075000,0.003281
52.385019,-0.264593,0.087437,2.127930,-0.374266,0.262759,0.206799,0.075000,0.004499
52.418555,-0.265355,0.088660,2.127957,-0.374266,0.262759,0.205357,0.075000,0.004497
52.451935,-0.266833,0.091032,2.128120,-0.374266,0.262759,0.202563,0.075000,0.004220
52.485078,-0.268388,0.093526,2.128563,-0.378205,0.268840,0.206869,0.075000,0.004457
52.518345,-0.269194,0.094818,2.128536,-0.378205,0.268840,0.205346,0.075000,0.004589
52.551880,-0.270709,0.097247,2.129234,-0.378205,0.268840,0.202483,0.075000,0.002991
52.585072,-0.272300,0.099793,2.129439,-0.382146,0.274906,0.206714,0.075000,0.003869
52.618687,-0.273116,0.101098,2.129466,-0.382146,0.274906,0.205175,0.075000,0.003862
52.651945,-0.274724,0.103670,2.129521,-0.382146,0.274906,0.202142,0.075000,0.003844
52.684871,-0.276320,0.106224,2.129542,-0.386088,0.280956,0.206350,0.075000,0.005225
52.718743,-0.277115,0.107496,2.129866,-0.386088,0.280956,0.204850,0.075000,0.004513
52.751936,-0.278705,0.110037,2.130066,-0.386088,0.280956,0.201853,0.075000,0.004152
52.785100,-0.279647,0.111542,2.130228,-0.386088,0.280956,0.200078,0.075000,0.003821
52.818484,-0.281054,0.113788,2.130357,-0.390032,0.286991,0.204634,0.075000,0.004997
52.851957,-0.281054,0.113788,2.130357,-0.390032,0.286991,0.204634,0.075000,0.004997
52.885208,-0.281054,0.113788,2.130357,-0.390032,0.286991,0.204634,0.075000,0.004997
52.925775,-0.281859,0.115073,2.130221,-0.390032,0.286991,0.203118,0.075000,0.005407
52.951911,-0.286684,0.122780,2.130064,-0.393976,0.293009,0.201220,0.075000,0.007744
52.985327,-0.287677,0.124366,2.129967,-0.397921,0.299011,0.206531,0.075000,0.009461
53.018579,-0.289136,0.126696,2.130605,-0.397921,0.299011,0.203781,0.075000,0.008150
53.051964,-0.290655,0.129120,2.130950,-0.397921,0.299011,0.200921,0.075000,0.007521
53.085258,-0.291604,0.130633,2.131372,-0.401868,0.304997,0.206303,0.075000,0.008030
53.118584,-0.293188,0.133156,2.131556,-0.401868,0.304997,0.203324,0.075000,0.007811
53.151936,-0.294638,0.135465,2.131962,-0.401868,0.304997,0.200598,0.075000,0.007011
53.185115,-0.296196,0.137942,2.132297,-0.405816,0.310965,0.204826,0.075000,0.007884
53.218690,-0.297192,0.139527,2.132200,-0.405816,0.310965,0.202954,0.075000,0.008270
53.251937,-0.298663,0.141865,2.132638,-0.405816,0.310965,0.200192,0.075000,0.007403
53.285041,-0.300282,0.144437,2.133094,-0.409765,0.316916,0.204293,0.075000,0.008043
53.318679,-0.301088,0.145715,2.132961,-0.409765,0.316916,0.202783,0.075000,0.008492
53.351889,-0.302648,0.148192,2.132842,-0.413715,0.322850,0.206982,0.075000,0.010535
53.385055,-0.304238,0.150715,2.133524,-0.413715,0.322850,0.203999,0.075000,0.009170
53.418702,-0.305022,0.151958,2.133308,-0.413715,0.322850,0.202530,0.075000,0.009838
53.451887,-0.306586,0.154438,2.133739,-0.417667,0.328766,0.206710,0.075000,0.010592
53.485432,-0.308213,0.157017,2.134042,-0.417667,0.328766,0.203661,0.075000,0.010166
53.518564,-0.309045,0.158333,2.134393,-0.417667,0.328766,0.202104,0.075000,0.009454
53.551926,-0.310690,0.160936,2.134988,-0.421619,0.334664,0.206123,0.075000,0.009886
53.585119,-0.312312,0.163499,2.135594,-0.421619,0.334664,0.203090,0.075000,0.008686
53.618510,-0.313125,0.164782,2.135946,-0.421619,0.334664,0.201571,0.075000,0.007944
53.651936,-0.314650,0.167186,2.136270,-0.425574,0.340543,0.205807,0.075000,0.009079
53.685084,-0.316179,0.169595,2.136832,-0.425574,0.340543,0.202954,0.075000,0.007946
53.718428,-0.316975,0.170848,2.137021,-0.425574,0.340543,0.201470,0.075000,0.007595
53.751702,-0.318641,0.173468,2.137482,-0.429529,0.346404,0.205434,0.075000,0.008476
53.785177,-0.319781,0.175260,2.137519,-0.429529,0.346404,0.203310,0.075000,0.008561
53.818604,-0.320268,0.176024,2.137519,-0.429529,0.346404,0.202403,0.075000,0.008638
53.851692,-0.321904,0.178595,2.137843,-0.433485,0.352246,0.206409,0.075000,0.009886
53.885182,-0.321904,0.178595,2.137843,-0.433485,0.352246,0.206409,0.075000,0.009886
53.918632,-0.325172,0.183722,2.138674,-0.433485,0.352246,0.200330,0.075000,0.008393
53.951941,-0.326754,0.186203,2.138240,-0.437443,0.358068,0.204426,0.075000,0.011579
53.985194,-0.328356,0.188715,2.138867,-0.437443,0.358068,0.201447,0.075000,0.010362
54.018702,-0.329169,0.189989,2.138894,-0.441403,0.363872,0.206958,0.075000,0.012264
54.051833,-0.330754,0.192472,2.139456,-0.441403,0.363872,0.204012,0.075000,0.011235
54.085080,-0.332360,0.194984,2.140084,-0.441403,0.363872,0.201031,0.075000,0.010003
54.118636,-0.333193,0.196284,2.139732,-0.445363,0.369655,0.206493,0.075000,0.012892
54.151766,-0.334861,0.198890,2.141448,-0.445363,0.369655,0.203400,0.075000,0.009056
54.185047,-0.336464,0.201387,2.142856,-0.445363,0.369655,0.200432,0.075000,0.005806
54.218619,-0.337257,0.202619,2.143506,-0.449325,0.375419,0.205958,0.075000,0.006406
54.251836,-0.338846,0.205082,2.143414,-0.449325,0.375419,0.203027,0.075000,0.006819
54.285061,-0.340425,0.207530,2.144307,-0.449325,0.375419,0.200114,0.075000,0.004775
54.318533,-0.341260,0.208822,2.144145,-0.453288,0.381162,0.205551,0.075000,0.007439
54.351459,-0.343209,0.211840,2.144983,-0.453288,0.381162,0.201959,0.075000,0.005620
54.385202,-0.344545,0.213904,2.145373,-0.457253,0.386884,0.206459,0.075000,0.007015
54.418549,-0.345346,0.215141,2.145861,-0.457253,0.386884,0.204985,0.075000,0.005926
54.451922,-0.347017,0.217716,2.146591,-0.457253,0.386884,0.201916,0.075000,0.004277
54.485125,-0.347995,0.219223,2.147141,-0.457253,0.386884,0.200119,0.075000,0.002980
54.518589,-0.349363,0.221327,2.148761,-0.461218,0.392586,0.204552,0.075000,0.001489
54.551821,-0.350961,0.223777,2.148491,-0.461218,0.392586,0.201626,0.075000,0.002205
54.584801,-0.352689,0.226429,2.147769,-0.465186,0.398267,0.205387,0.075000,0.006515
54.618661,-0.353540,0.227737,2.147445,-0.465186,0.398267,0.203826,0.075000,0.007410
54.651932,-0.355265,0.230390,2.146688,-0.465186,0.398267,0.200662,0.075000,0.009538
54.685114,-0.356263,0.231927,2.146331,-0.469154,0.403926,0.205739,0.075000,0.012854
54.718582,-0.357734,0.234195,2.146520,-0.469154,0.403926,0.203035,0.075000,0.012733
54.751809,-0.359298,0.236603,2.147143,-0.469154,0.403926,0.200164,0.075000,0.011535
54.785224,-0.360217,0.238016,2.147338,-0.473124,0.409564,0.205371,0.075000,0.013522
54.818356,-0.360854,0.238995,2.147687,-0.473124,0.409564,0.204202,0.075000,0.012822
54.852017,-0.360854,0.238995,2.147687,-0.473124,0.409564,0.204202,0.075000,0.012822
54.899207,-0.361954,0.240687,2.147762,-0.473124,0.409564,0.202184,0.075000,0.012893
54.918547,-0.365637,0.246338,2.149378,-0.477096,0.415180,0.202314,0.075000,0.012079
54.951878,-0.367289,0.248868,2.149854,-0.481069,0.420774,0.206149,0.075000,0.013621
54.985073,-0.369038,0.251543,2.149506,-0.481069,0.420774,0.202953,0.075000,0.014910
55.018577,-0.369857,0.252796,2.150103,-0.481069,0.420774,0.201456,0.075000,0.013651
55.051868,-0.371621,0.255492,2.149821,-0.485043,0.426345,0.205074,0.075000,0.017140
55.085073,-0.373157,0.257841,2.151129,-0.485043,0.426345,0.202268,0.075000,0.014379
55.118618,-0.373916,0.258999,2.151912,-0.485043,0.426345,0.200883,0.075000,0.012628
55.151947,-0.375522,0.261443,2.152135,-0.489018,0.431894,0.204780,0.075000,0.014907
55.185205,-0.377249,0.264071,2.152081,-0.489018,0.431894,0.201636,0.075000,0.015509
55.218356,-0.378175,0.265481,2.151269,-0.492995,0.437420,0.206753,0.075000,0.020101
55.252000,-0.380093,0.268408,2.148715,-0.492995,0.437420,0.203254,0.075000,0.027102
55.285111,-0.381715,0.270895,2.149960,-0.492995,0.437420,0.200285,0.075000,0.024794
55.318430,-0.382524,0.272132,2.150283,-0.496974,0.442923,0.205592,0.075000,0.026504
55.351728,-0.384162,0.274633,2.150665,-0.496974,0.442923,0.202603,0.075000,0.026337
55.385258,-0.385854,0.277216,2.150596,-0.500953,0.448402,0.206283,0.075000,0.029422
55.418370,-0.386576,0.278320,2.151733,-0.500953,0.448402,0.204964,0.075000,0.027029
55.451529,-0.388176,0.280756,2.152713,-0.500953,0.448402,0.202050,0.075000,0.025385
55.485117,-0.389825,0.283261,2.153390,-0.504935,0.453858,0.205799,0.075000,0.026679
55.518596,-0.390730,0.284634,2.152769,-0.504935,0.453858,0.204156,0.075000,0.028631
55.551564,-0.392277,0.286982,2.155024,-0.504935,0.453858,0.201344,0.075000,0.023819
55.585324,-0.393965,0.289534,2.155887,-0.508917,0.459289,0.205015,0.075000,0.024740
55.618184,-0.394789,0.290778,2.156428,-0.508917,0.459289,0.203522,0.075000,0.023775
55.651528,-0.396437,0.293262,2.157398,-0.508917,0.459289,0.200542,0.075000,0.022064
55.685031,-0.398106,0.295772,2.158164,-0.512901,0.464697,0.204239,0.075000,0.023281
55.718408,-0.398929,0.297008,2.158677,-0.512901,0.464697,0.202754,0.075000,0.022358
55.751624,-0.400128,0.298807,2.159359,-0.512901,0.464697,0.200592,0.075000,0.021141
55.785190,-0.401490,0.300847,2.159441,-0.516887,0.470080,0.204833,0.075000,0.023966
55.818592,-0.402445,0.302279,2.160891,-0.516887,0.470080,0.203111,0.075000,0.020804
55.851931,-0.403920,0.304478,2.162822,-0.516887,0.470080,0.200463,0.075000,0.016524
55.884870,-0.405598,0.306972,2.163471,-0.520874,0.475439,0.204131,0.075000,0.018159
55.918329,-0.405598,0.306972,2.163471,-0.520874,0.475439,0.204131,0.075000,0.018159
55.965718,-0.406784,0.308733,2.164115,-0.520874,0.475439,0.202008,0.075000,0.016949
55.985167,-0.410692,0.314524,2.164489,-0.524862,0.480772,0.201676,0.075000,0.020035
56.018719,-0.411534,0.315772,2.164300,-0.524862,0.480772,0.200171,0.075000,0.020811
56.051924,-0.413278,0.318357,2.164379,-0.528852,0.486081,0.203687,0.075000,0.023990
56.085067,-0.414861,0.320701,2.166011,-0.528852,0.486081,0.200859,0.075000,0.020592
56.118640,-0.415631,0.321838,2.166983,-0.532843,0.491364,0.206101,0.075000,0.021234
56.151764,-0.417277,0.324262,2.168909,-0.532843,0.491364,0.203171,0.075000,0.017097
56.184907,-0.418910,0.326655,2.171043,-0.532843,0.491364,0.200275,0.075000,0.012242
56.218582,-0.419804,0.327961,2.170908,-0.536836,0.496621,0.205287,0.075000,0.015838
56.251983,-0.421508,0.330451,2.171205,-0.536836,0.496621,0.202270,0.075000,0.015581
56.285163,-0.422527,0.331939,2.171658,-0.536836,0.496621,0.200467,0.075000,0.014731
56.318554,-0.424073,0.334194,2.172687,-0.540830,0.501853,0.204307,0.075000,0.015690
56.351885,-0.425831,0.336752,2.172935,-0.540830,0.501853,0.201204,0.075000,0.015559
56.385017,-0.427614,0.339346,2.173247,-0.544825,0.507058,0.204612,0.075000,0.018390
56.418618,-0.428513,0.340654,2.173301,-0.544825,0.507058,0.203025,0.075000,0.018545
56.451928,-0.430222,0.343136,2.173995,-0.544825,0.507058,0.200011,0.075000,0.017366
56.485048,-0.431836,0.345478,2.174870,-0.548822,0.512238,0.203703,0.075000,0.018844
56.518335,-0.432682,0.346704,2.175086,-0.548822,0.512238,0.202213,0.075000,0.018589
56.551904,-0.434343,0.349108,2.176804,-0.552821,0.517390,0.205806,0.075000,0.018042
56.585192,-0.436040,0.351557,2.177172,-0.552821,0.517390,0.202826,0.075000,0.017666
56.618334,-0.436870,0.352753,2.177443,-0.552821,0.517390,0.201371,0.075000,0.017251
56.651673,-0.438667,0.355343,2.177278,-0.556820,0.522516,0.204712,0.075000,0.021433
56.685048,-0.440384,0.357815,2.178823,-0.556820,0.522516,0.201702,0.075000,0.018230
56.718627,-0.441241,0.359047,2.179714,-0.556820,0.522516,0.200202,0.075000,0.016278
56.751838,-0.442959,0.361509,2.180780,-0.560822,0.527615,0.203673,0.075000,0.017511
56.785125,-0.443859,0.362797,2.180861,-0.560822,0.527615,0.202102,0.075000,0.017584
56.818340,-0.445788,0.365556,2.181621,-0.564824,0.532686,0.205188,0.075000,0.019658
56.851673,-0.445788,0.365556,2.181621,-0.564824,0.532686,0.205188,0.075000,0.019658
56.903272,-0.446483,0.366549,2.181751,-0.564824,0.532686,0.203976,0.075000,0.019573
56.918614,-0.449837,0.371330,2.183698,-0.568828,0.537730,0.204568,0.075000,0.019256
56.952069,-0.451608,0.373848,2.183696,-0.568828,0.537730,0.201489,0.075000,0.019856
56.985183,-0.452650,0.375330,2.183696,-0.572833,0.542747,0.206088,0.075000,0.023580
57.018642,-0.454212,0.377551,2.183756,-0.572833,0.542747,0.203373,0.075000,0.024064
57.051934,-0.456198,0.380377,2.181048,-0.576840,0.547735,0.206308,0.075000,0.034758
57.085061,-0.457890,0.382797,2.182273,-0.576840,0.547735,0.203356,0.075000,0.032755
57.118583,-0.458707,0.383962,2.182867,-0.576840,0.547735,0.201933,0.075000,0.031749
57.151944,-0.460320,0.386257,2.184919,-0.580848,0.552695,0.205497,0.075000,0.030746
57.185168,-0.461333,0.387694,2.185404,-0.580848,0.552695,0.203738,0.075000,0.030091
57.218785,-0.462829,0.389813,2.186246,-0.580848,0.552695,0.201145,0.075000,0.028774
57.251785,-0.464494,0.392166,2.187961,-0.584858,0.557627,0.204609,0.075000,0.028697
57.285250,-0.465559,0.393667,2.188675,-0.584858,0.557627,0.202769,0.075000,0.027461
57.318580,-0.467147,0.395900,2.189659,-0.584858,0.557627,0.200028,0.075000,0.025750
57.351966,-0.468899,0.398359,2.190702,-0.588868,0.562530,0.203334,0.075000,0.027456
57.385263,-0.469965,0.399852,2.191186,-0.588868,0.562530,0.201499,0.075000,0.026757
57.418609,-0.471758,0.402361,2.191887,-0.592881,0.567405,0.204720,0.075000,0.029346
57.451952,-0.473306,0.404524,2.192734,-0.592881,0.567405,0.202060,0.075000,0.028023
57.485049,-0.475065,0.406977,2.193728,-0.596894,0.572250,0.205323,0.075000,0.029916
57.518673,-0.475966,0.408230,2.194241,-0.596894,0.572250,0.203780,0.075000,0.029112
57.551930,-0.477655,0.410577,2.195847,-0.596894,0.572250,0.200888,0.075000,0.025947
57.585109,-0.479352,0.412928,2.197110,-0.600909,0.577066,0.204249,0.075000,0.027242
57.618701,-0.480220,0.414128,2.197678,-0.600909,0.577066,0.202768,0.075000,0.026241
57.651820,-0.481987,0.416565,2.199098,-0.604925,0.581853,0.205995,0.075000,0.027204
57.685180,-0.483741,0.418979,2.200033,-0.604925,0.581853,0.203011,0.075000,0.025700
57.718583,-0.484650,0.420227,2.200493,-0.604925,0.581853,0.201467,0.075000,0.024956
57.751688,-0.486354,0.422563,2.202227,-0.608943,0.586610,0.204791,0.075000,0.025215
57.784793,-0.488088,0.424934,2.203024,-0.608943,0.586610,0.201854,0.075000,0.023970
57.818547,-0.488088,0.424934,2.203024,-0.608943,0.586610,0.201854,0.075000,0.023970
57.851897,-0.488088,0.424934,2.203024,-0.608943,0.586610,0.201854,0.075000,0.023970
57.891022,-0.489000,0.426179,2.203024,-0.608943,0.586610,0.200311,0.075000,0.024341
57.918484,-0.493482,0.432289,2.204883,-0.616982,0.596034,0.205097,0.075000,0.029523
57.951991,-0.495218,0.434649,2.205479,-0.616982,0.596034,0.202167,0.075000,0.028908
57.984870,-0.497048,0.437134,2.206432,-0.621003,0.600701,0.205229,0.075000,0.031317
58.018591,-0.498109,0.438573,2.207593,-0.621003,0.600701,0.203442,0.075000,0.029015
58.051965,-0.499700,0.440722,2.208663,-0.621003,0.600701,0.200768,0.075000,0.027118
58.085092,-0.500828,0.442244,2.209116,-0.625025,0.605338,0.204999,0.075000,0.030507
58.118636,-0.502476,0.444464,2.210389,-0.625025,0.605338,0.202234,0.075000,0.028190
58.152103,-0.504237,0.446828,2.211959,-0.629049,0.609943,0.205389,0.075000,0.029177
58.184912,-0.505982,0.449165,2.213092,-0.629049,0.609943,0.202472,0.075000,0.027214
58.218321,-0.506859,0.450338,2.213850,-0.629049,0.609943,0.201008,0.075000,0.025726
58.252004,-0.508676,0.452761,2.214660,-0.633074,0.614518,0.204060,0.075000,0.028703
58.285357,-0.509758,0.454203,2.215468,-0.633074,0.614518,0.202257,0.075000,0.027221
58.318822,-0.511384,0.456364,2.215999,-0.637101,0.619062,0.205610,0.075000,0.030811
58.352056,-0.513162,0.458725,2.217843,-0.637101,0.619062,0.202654,0.075000,0.027156
58.384963,-0.514959,0.461103,2.218911,-0.641128,0.623574,0.205707,0.075000,0.029575
58.418586,-0.515863,0.462296,2.219371,-0.641128,0.623574,0.204211,0.075000,0.028883
58.452001,-0.517784,0.464832,2.218977,-0.641128,0.623574,0.201029,0.075000,0.030791
58.485050,-0.519633,0.467272,2.219972,-0.645157,0.628055,0.203979,0.075000,0.033546
58.518638,-0.520550,0.468480,2.220727,-0.645157,0.628055,0.202463,0.075000,0.032185
58.551990,-0.522350,0.470847,2.222112,-0.649186,0.632505,0.205476,0.075000,0.033975
58.585194,-0.523453,0.472294,2.222499,-0.649186,0.632505,0.203658,0.075000,0.033636
58.618670,-0.525034,0.474365,2.224146,-0.649186,0.632505,0.201052,0.075000,0.030406
58.651960,-0.526814,0.476687,2.226143,-0.653217,0.636922,0.204091,0.075000,0.030783
58.684809,-0.528625,0.479041,2.227895,-0.653217,0.636922,0.201121,0.075000,0.027329
58.718646,-0.529532,0.480217,2.229109,-0.657249,0.641308,0.205577,0.075000,0.029280
58.751708,-0.531381,0.482606,2.230571,-0.657249,0.641308,0.202556,0.075000,0.026537
58.785310,-0.531381,0.482606,2.230571,-0.657249,0.641308,0.202556,0.075000,0.026537
58.818351,-0.533283,0.485056,2.231407,-0.661282,0.645661,0.205373,0.075000,0.029918
58.851843,-0.533283,0.485056,2.231407,-0.661282,0.645661,0.205373,0.075000,0.029918
58.884820,-0.537353,0.490286,2.233359,-0.665317,0.649982,0.204640,0.075000,0.031686
58.918699,-0.538808,0.492150,2.234623,-0.665317,0.649982,0.202275,0.075000,0.029300
58.951809,-0.540640,0.494489,2.236434,-0.669352,0.654270,0.205175,0.075000,0.030413
58.985310,-0.541737,0.495887,2.237366,-0.669352,0.654270,0.203398,0.075000,0.028656
59.018660,-0.543381,0.497975,2.238352,-0.669352,0.654270,0.200741,0.075000,0.026950
59.051975,-0.545251,0.500345,2.239622,-0.673388,0.658526,0.203569,0.075000,0.029534
59.085187,-0.547130,0.502721,2.241186,-0.673388,0.658526,0.200540,0.075000,0.026515
59.118561,-0.548068,0.503904,2.241294,-0.677426,0.662748,0.204854,0.075000,0.031581
59.151914,-0.549924,0.506242,2.242313,-0.677426,0.662748,0.201869,0.075000,0.029993
59.184914,-0.551918,0.508750,2.242718,-0.681464,0.666938,0.204464,0.075000,0.034871
59.218588,-0.552928,0.510021,2.242881,-0.681464,0.666938,0.202841,0.075000,0.035031
59.251972,-0.554772,0.512336,2.244244,-0.685503,0.671094,0.205657,0.075000,0.037526
59.284874,-0.556725,0.514784,2.244819,-0.685503,0.671094,0.202526,0.075000,0.037278
59.318414,-0.557731,0.516043,2.245035,-0.685503,0.671094,0.200915,0.075000,0.037341
59.351928,-0.559578,0.518352,2.247008,-0.689543,0.675217,0.203710,0.075000,0.038481
59.385153,-0.561532,0.520786,2.247807,-0.689543,0.675217,0.200589,0.075000,0.037685
59.418558,-0.562490,0.521978,2.248295,-0.693584,0.679306,0.204787,0.075000,0.041977
59.451941,-0.564395,0.524346,2.248984,-0.693584,0.679306,0.201749,0.075000,0.041540
59.485026,-0.566100,0.526459,2.251201,-0.697626,0.683362,0.204738,0.075000,0.042097
59.518586,-0.567001,0.527572,2.252197,-0.697626,0.683362,0.203306,0.075000,0.040241
59.551968,-0.568848,0.529847,2.255099,-0.697626,0.683362,0.200376,0.075000,0.034163
59.584980,-0.570749,0.532176,2.256789,-0.701669,0.687383,0.203050,0.075000,0.036259
59.618464,-0.571632,0.533254,2.258167,-0.701669,0.687383,0.201657,0.075000,0.033345
59.651942,-0.573625,0.535680,2.259531,-0.705713,0.691371,0.204173,0.075000,0.036319
59.684816,-0.575601,0.538079,2.261171,-0.705713,0.691371,0.201066,0.075000,0.033352
59.718420,-0.576686,0.539392,2.261010,-0.709757,0.695324,0.204994,0.075000,0.039630
59.751752,-0.577569,0.540462,2.262497,-0.709757,0.695324,0.203607,0.075000,0.036519
59.785291,-0.579709,0.543043,2.264275,-0.709757,0.695324,0.200255,0.075000,0.033300
59.818341,-0.580497,0.543992,2.264994,-0.713802,0.699242,0.204629,0.075000,0.037370
59.851835,-0.580497,0.543992,2.264994,-0.713802,0.699242,0.204629,0.075000,0.037370
59.902848,-0.581452,0.545139,2.265860,-0.713802,0.699242,0.203137,0.075000,0.035790
59.918572,-0.586279,0.550913,2.268114,-0.717848,0.703126,0.201195,0.075000,0.038421
59.951502,-0.588156,0.553150,2.270894,-0.721895,0.706976,0.203834,0.075000,0.038173
59.984974,-0.590406,0.555823,2.269355,-0.721895,0.706976,0.200342,0.075000,0.043375
60.018601,-0.591457,0.557074,2.269355,-0.725942,0.710790,0.204243,0.075000,0.049479
60.051952,-0.593296,0.559260,2.272949,-0.725942,0.710790,0.201386,0.075000,0.041938
60.085065,-0.595134,0.561430,2.275487,-0.729990,0.714570,0.204054,0.075000,0.042413
60.118505,-0.595989,0.562437,2.277427,-0.729990,0.714570,0.202733,0.075000,0.038183
60.151467,-0.597750,0.564496,2.280218,-0.729990,0.714570,0.200024,0.075000,0.032219
60.185041,-0.599600,0.566648,2.281703,-0.734039,0.718314,0.202673,0.075000,0.035406
60.218584,-0.600612,0.567824,2.282299,-0.734039,0.718314,0.201122,0.075000,0.034473
60.251879,-0.602581,0.570106,2.284644,-0.738088,0.722023,0.203571,0.075000,0.035658
60.285024,-0.604537,0.572361,2.285866,-0.738088,0.722023,0.200586,0.075000,0.033663
60.318649,-0.605509,0.573480,2.286082,-0.742138,0.725696,0.204542,0.075000,0.039603
60.351889,-0.607697,0.575998,2.286677,-0.742138,0.725696,0.201206,0.075000,0.039446
60.385262,-0.608698,0.577149,2.287595,-0.746188,0.729334,0.205095,0.075000,0.043673
60.418702,-0.610517,0.579234,2.290079,-0.746188,0.729334,0.202329,0.075000,0.038714
60.451933,-0.612487,0.581483,2.290464,-0.750239,0.732936,0.204728,0.075000,0.044910
60.485134,-0.614645,0.583946,2.290009,-0.750239,0.732936,0.201454,0.075000,0.047514
60.518671,-0.615592,0.585028,2.290927,-0.750239,0.732936,0.200017,0.075000,0.045906
60.551941,-0.617480,0.587178,2.292821,-0.754290,0.736503,0.202521,0.075000,0.048541
60.584911,-0.619433,0.589394,2.294878,-0.758342,0.740033,0.204908,0.075000,0.050817
60.618345,-0.620380,0.590465,2.296611,-0.758342,0.740033,0.203480,0.075000,0.047274
60.651932,-0.622295,0.592621,2.298471,-0.758342,0.740033,0.200597,0.075000,0.043995
60.684917,-0.624187,0.594744,2.300513,-0.762394,0.743527,0.203069,0.075000,0.046399
60.718625,-0.625091,0.595754,2.301966,-0.762394,0.743527,0.201714,0.075000,0.043422
60.751866,-0.626919,0.597791,2.304001,-0.766446,0.746984,0.204270,0.075000,0.045828
60.785273,-0.626919,0.597791,2.304001,-0.766446,0.746984,0.204270,0.075000,0.045828
60.818329,-0.628813,0.599890,2.306158,-0.766446,0.746984,0.201444,0.075000,0.041748
60.851853,-0.628813,0.599890,2.306158,-0.766446,0.746984,0.201444,0.075000,0.041748
60.885210,-0.628813,0.599890,2.306158,-0.766446,0.746984,0.201444,0.075000,0.041748
60.918673,-0.634837,0.606516,2.311798,-0.774551,0.753791,0.203002,0.075000,0.044469
60.951897,-0.636919,0.608788,2.314092,-0.778604,0.757139,0.205141,0.075000,0.046615
60.985210,-0.639011,0.611062,2.316140,-0.778604,0.757139,0.202052,0.075000,0.042963
61.018551,-0.640257,0.612412,2.316720,-0.778604,0.757139,0.200215,0.075000,0.042307
61.051959,-0.642143,0.614452,2.318432,-0.782657,0.760450,0.202632,0.075000,0.045953
61.084975,-0.644263,0.616737,2.319827,-0.786710,0.763724,0.204687,0.075000,0.050517
61.118671,-0.645291,0.617843,2.320691,-0.786710,0.763724,0.203177,0.075000,0.049146
61.151963,-0.647421,0.620128,2.321681,-0.786710,0.763724,0.200053,0.075000,0.048210
61.184803,-0.649469,0.622319,2.324819,-0.790764,0.766962,0.202202,0.075000,0.048631
61.218566,-0.650552,0.623472,2.325089,-0.790764,0.766962,0.200621,0.075000,0.048729
61.252092,-0.652703,0.625761,2.326503,-0.794817,0.770162,0.202604,0.075000,0.053570
61.285307,-0.654098,0.627242,2.328384,-0.794817,0.770162,0.200569,0.075000,0.049973
61.318662,-0.655754,0.628990,2.330354,-0.798870,0.773325,0.203261,0.075000,0.053127
61.351700,-0.657577,0.630907,2.333469,-0.798870,0.773325,0.200616,0.075000,0.046754
61.385265,-0.658678,0.632059,2.335334,-0.802924,0.776451,0.204098,0.075000,0.049861
61.418590,-0.660417,0.633870,2.338002,-0.802924,0.776451,0.201587,0.075000,0.044475
61.451959,-0.662408,0.635933,2.339222,-0.806977,0.779539,0.203772,0.075000,0.049849
61.485088,-0.663595,0.637162,2.340704,-0.806977,0.779539,0.202064,0.075000,0.047028
61.518548,-0.665684,0.639314,2.342659,-0.811030,0.782590,0.204092,0.075000,0.050733
61.551686,-0.666994,0.640660,2.343828,-0.811030,0.782590,0.202214,0.075000,0.048788
61.585319,-0.669113,0.642831,2.345526,-0.815083,0.785603,0.204183,0.075000,0.053238
61.618559,-0.671020,0.644778,2.347793,-0.815083,0.785603,0.201459,0.075000,0.049052
61.651928,-0.672974,0.646762,2.349668,-0.819135,0.788578,0.203654,0.075000,0.053070
61.685280,-0.674263,0.648068,2.351055,-0.819135,0.788578,0.201819,0.075000,0.050604
61.718482,-0.676703,0.650532,2.352279,-0.823188,0.791515,0.203307,0.075000,0.056681
61.751736,-0.677867,0.651705,2.352901,-0.823188,0.791515,0.201655,0.075000,0.056073
61.785095,-0.679626,0.653474,2.354395,-0.827239,0.794414,0.204093,0.075000,0.061051
61.818548,-0.679626,0.653474,2.354395,-0.827239,0.794414,0.204093,0.075000,0.061051
61.851866,-0.682857,0.656712,2.357367,-0.831291,0.797276,0.204428,0.075000,0.063714
61.885021,-0.682857,0.656712,2.357367,-0.831291,0.797276,0.204428,0.075000,0.063714
61.918414,-0.682857,0.656712,2.357367,-0.831291,0.797276,0.204428,0.075000,0.063714
61.951478,-0.688892,0.662708,2.366701,-0.835342,0.800099,0.200808,0.075000,0.053278
61.985235,-0.690818,0.664590,2.370432,-0.839393,0.802884,0.202976,0.075000,0.053169
62.018580,-0.691982,0.665722,2.371732,-0.839393,0.802884,0.201354,0.075000,0.050802
62.051847,-0.694294,0.667959,2.375191,-0.843443,0.805630,0.202975,0.075000,0.051719
62.085212,-0.696617,0.670193,2.377243,-0.847492,0.808338,0.204566,0.075000,0.056126
62.118602,-0.697801,0.671328,2.378136,-0.847492,0.808338,0.202927,0.075000,0.054837
62.151978,-0.699973,0.673404,2.380000,-0.851541,0.811008,0.204714,0.075000,0.059705
62.184901,-0.702074,0.675406,2.381607,-0.851541,0.811008,0.201812,0.075000,0.057438
62.218497,-0.703120,0.676400,2.382744,-0.851541,0.811008,0.200370,0.075000,0.055431
62.251934,-0.705275,0.678442,2.384410,-0.855589,0.813639,0.202169,0.075000,0.061034
62.285053,-0.707373,0.680424,2.386011,-0.859636,0.816231,0.204028,0.075000,0.066759
62.318712,-0.708486,0.681472,2.386686,-0.859636,0.816231,0.202501,0.075000,0.066104
62.351988,-0.710783,0.683631,2.388915,-0.863682,0.818785,0.204071,0.075000,0.070571
62.385083,-0.712983,0.685690,2.391360,-0.863682,0.818785,0.201058,0.075000,0.066607
62.418622,-0.714078,0.686711,2.392795,-0.867728,0.821300,0.204261,0.075000,0.072032
62.452077,-0.716348,0.688818,2.395192,-0.867728,0.821300,0.201165,0.075000,0.068289
62.484810,-0.718533,0.690835,2.398253,-0.871772,0.823776,0.202869,0.075000,0.070852
62.518702,-0.719681,0.691890,2.399062,-0.871772,0.823776,0.201310,0.075000,0.069944
62.551952,-0.722073,0.694082,2.401147,-0.875816,0.826213,0.202720,0.075000,0.075226
62.585088,-0.724321,0.696134,2.404714,-0.879858,0.828611,0.204309,0.075000,0.076773
62.618582,-0.725435,0.697144,2.406258,-0.879858,0.828611,0.202806,0.075000,0.074112
62.651951,-0.727679,0.699173,2.408679,-0.883900,0.830970,0.204390,0.075000,0.078540
62.685198,-0.729985,0.701244,2.411370,-0.883900,0.830970,0.201293,0.075000,0.074259
62.718624,-0.731002,0.702155,2.413852,-0.887940,0.833290,0.204514,0.075000,0.077429
62.752185,-0.733013,0.703943,2.417852,-0.887940,0.833290,0.201824,0.075000,0.069570
62.785303,-0.734273,0.705056,2.420132,-0.887940,0.833290,0.200143,0.075000,0.065049
62.818339,-0.734273,0.705056,2.420132,-0.887940,0.833290,0.200143,0.075000,0.065049
62.851780,-0.734273,0.705056,2.420132,-0.887940,0.833290,0.200143,0.075000,0.065049
62.885102,-0.739649,0.709750,2.428904,-0.896016,0.837812,0.202115,0.075000,0.065503
62.918708,-0.741719,0.711537,2.431086,-0.900052,0.840014,0.203901,0.075000,0.070694
62.951963,-0.743732,0.713266,2.433985,-0.900052,0.840014,0.201249,0.075000,0.065344
62.984829,-0.745901,0.715119,2.436084,-0.904087,0.842177,0.202896,0.075000,0.070992
63.018366,-0.747071,0.716116,2.437059,-0.904087,0.842177,0.201359,0.075000,0.069659
63.052046,-0.749576,0.718244,2.437761,-0.908120,0.844300,0.202549,0.075000,0.079217
63.085093,-0.752143,0.720423,2.439183,-0.912152,0.846384,0.203639,0.075000,0.087183
63.118409,-0.753411,0.721496,2.440610,-0.912152,0.846384,0.201979,0.075000,0.085090
63.152001,-0.755979,0.723660,2.443268,-0.916182,0.848428,0.203056,0.075000,0.090199
63.185349,-0.757252,0.724729,2.446554,-0.916182,0.848428,0.201396,0.075000,0.083540
63.218647,-0.759282,0.726418,2.450576,-0.920210,0.850433,0.203169,0.075000,0.084762
63.252240,-0.761715,0.728426,2.453359,-0.920210,0.850433,0.200016,0.075000,0.080452
63.284830,-0.764064,0.730356,2.455523,-0.924237,0.852398,0.201370,0.075000,0.086811
63.318337,-0.765173,0.731264,2.457817,-0.928261,0.854324,0.204307,0.075000,0.091418
63.351502,-0.767531,0.733182,2.461447,-0.928261,0.854324,0.201270,0.075000,0.085155
63.385065,-0.769784,0.735002,2.464844,-0.932284,0.856210,0.202726,0.075000,0.088476
63.418455,-0.770904,0.735901,2.467208,-0.932284,0.856210,0.201290,0.075000,0.083876
63.451496,-0.773284,0.737802,2.469870,-0.936305,0.858056,0.202576,0.075000,0.089248
63.485005,-0.775513,0.739570,2.473514,-0.940324,0.859862,0.204041,0.075000,0.092071
63.518644,-0.776582,0.740415,2.475160,-0.940324,0.859862,0.202680,0.075000,0.089253
63.551672,-0.778876,0.742216,2.478618,-0.944340,0.861629,0.204054,0.075000,0.092703
63.585062,-0.781141,0.743981,2.482416,-0.944340,0.861629,0.201184,0.075000,0.085903
63.618566,-0.782243,0.744835,2.484043,-0.948355,0.863356,0.204059,0.075000,0.092644
63.651921,-0.784688,0.746720,2.487375,-0.948355,0.863356,0.200975,0.075000,0.087199
63.684816,-0.787168,0.748619,2.491441,-0.952367,0.865043,0.202102,0.075000,0.089642
63.718612,-0.788379,0.749539,2.493195,-0.952367,0.865043,0.200582,0.075000,0.086635
63.751808,-0.790044,0.750801,2.496272,-0.956376,0.866691,0.202723,0.075000,0.090716
63.785095,-0.793263,0.753216,2.501531,-0.960384,0.868298,0.202912,0.075000,0.091188
63.818333,-0.793263,0.753216,2.501531,-0.960384,0.868298,0.202912,0.075000,0.091188
63.851815,-0.793263,0.753216,2.501531,-0.960384,0.868298,0.202912,0.075000,0.091188
63.900012,-0.794727,0.754306,2.503425,-0.960384,0.868298,0.201087,0.075000,0.088144
63.918552,-0.800703,0.758710,2.511395,-0.968391,0.871394,0.202032,0.075000,0.095319
63.952019,-0.801877,0.759567,2.513286,-0.968391,0.871394,0.200579,0.075000,0.091994
63.985215,-0.804520,0.761484,2.517415,-0.972390,0.872882,0.201469,0.075000,0.095037
64.018174,-0.807520,0.763640,2.522158,-0.976387,0.874330,0.201911,0.075000,0.097077
64.051789,-0.809201,0.764837,2.524282,-0.980381,0.875738,0.203965,0.075000,0.104005
64.085049,-0.811607,0.766541,2.528357,-0.980381,0.875738,0.201019,0.075000,0.096909
64.118672,-0.812877,0.767435,2.529922,-0.984372,0.877106,0.203564,0.075000,0.104874
64.151701,-0.814081,0.768279,2.531731,-0.984372,0.877106,0.202095,0.075000,0.101933
64.184864,-0.817639,0.770755,2.538296,-0.988360,0.878434,0.201843,0.075000,0.100502
64.218804,-0.818834,0.771578,2.540649,-0.988360,0.878434,0.200393,0.075000,0.096098
64.252111,-0.821202,0.773199,2.544308,-0.992345,0.879723,0.201587,0.075000,0.100521
64.285221,-0.823720,0.774909,2.548080,-0.996327,0.880971,0.202590,0.075000,0.104903
64.318589,-0.825011,0.775780,2.550074,-0.996327,0.880971,0.201034,0.075000,0.101579
64.352024,-0.827544,0.777478,2.554356,-1.000306,0.882180,0.202012,0.075000,0.104865
64.385122,-0.830062,0.779151,2.558650,-1.004281,0.883349,0.203001,0.075000,0.108168
64.418636,-0.831330,0.779987,2.561474,-1.004281,0.883349,0.201484,0.075000,0.102803
64.451954,-0.833791,0.781594,2.566546,-1.008253,0.884478,0.202539,0.075000,0.104200
64.485108,-0.835711,0.782839,2.570154,-1.008253,0.884478,0.200253,0.075000,0.097593
64.518561,-0.837517,0.783998,2.573222,-1.012222,0.885567,0.202084,0.075000,0.103294
64.551887,-0.840054,0.785615,2.578023,-1.016187,0.886616,0.203037,0.075000,0.105641
64.584988,-0.842592,0.787216,2.581727,-1.016187,0.886616,0.200038,0.075000,0.099547
64.618620,-0.843895,0.788032,2.583808,-1.020148,0.887625,0.202445,0.075000,0.107293
64.651922,-0.846513,0.789661,2.587648,-1.024106,0.888595,0.203291,0.075000,0.112322
64.684981,-0.848999,0.791196,2.591398,-1.024106,0.888595,0.200371,0.075000,0.106236
64.718626,-0.850266,0.791974,2.593456,-1.028060,0.889524,0.202797,0.075000,0.114139
64.752046,-0.852925,0.793594,2.597213,-1.032009,0.890414,0.203582,0.075000,0.119681
64.785325,-0.852925,0.793594,2.597213,-1.032009,0.890414,0.203582,0.075000,0.119681
64.818555,-0.855440,0.795113,2.601507,-1.032009,0.890414,0.200647,0.075000,0.112486
64.851844,-0.857970,0.796626,2.606741,-1.035955,0.891265,0.201582,0.075000,0.114432
64.885324,-0.857970,0.796626,2.606741,-1.035955,0.891265,0.201582,0.075000,0.114432
64.918534,-0.857970,0.796626,2.606741,-1.035955,0.891265,0.201582,0.075000,0.114432
64.952115,-0.857970,0.796626,2.606741,-1.035955,0.891265,0.201582,0.075000,0.114432
64.985278,-0.857970,0.796626,2.606741,-1.035955,0.891265,0.201582,0.075000,0.114432
65.018732,-0.870414,0.803838,2.628985,-1.051697,0.894268,0.202587,0.075000,0.123085
65.051522,-0.872772,0.805162,2.633351,-1.055622,0.894920,0.203692,0.075000,0.127369
65.085119,-0.875079,0.806444,2.637697,-1.055622,0.894920,0.201057,0.075000,0.119903
65.118609,-0.876329,0.807133,2.639862,-1.059542,0.895533,0.203425,0.075000,0.128205
65.152008,-0.878821,0.808496,2.645468,-1.059542,0.895533,0.200587,0.075000,0.117860
65.185139,-0.881437,0.809908,2.650133,-1.063457,0.896106,0.201399,0.075000,0.122062
65.218557,-0.882792,0.810633,2.652267,-1.067368,0.896639,0.203631,0.075000,0.130751
65.251934,-0.885476,0.812059,2.656373,-1.067368,0.896639,0.200595,0.075000,0.124487
65.284986,-0.888166,0.813474,2.661308,-1.071274,0.897133,0.201313,0.075000,0.128401
65.318345,-0.889451,0.814143,2.663817,-1.075175,0.897588,0.203608,0.075000,0.136247
65.351943,-0.892073,0.815498,2.668691,-1.075175,0.897588,0.200662,0.075000,0.128115
65.384998,-0.894691,0.816833,2.674212,-1.079071,0.898003,0.201456,0.075000,0.130680
65.418563,-0.896012,0.817499,2.676487,-1.082961,0.898379,0.203695,0.075000,0.139326
65.451875,-0.898716,0.818853,2.681641,-1.082961,0.898379,0.200676,0.075000,0.130692
65.484761,-0.901456,0.820205,2.687049,-1.086847,0.898716,0.201330,0.075000,0.133931
65.518527,-0.902816,0.820869,2.689505,-1.090727,0.899014,0.203512,0.075000,0.142389
65.551497,-0.905458,0.822149,2.695056,-1.090727,0.899014,0.200581,0.075000,0.132724
65.585091,-0.907092,0.822931,2.698095,-1.094602,0.899272,0.202455,0.075000,0.140353
65.618559,-0.909433,0.824040,2.703096,-1.098472,0.899492,0.203540,0.075000,0.144199
65.651935,-0.912169,0.825319,2.708149,-1.098472,0.899492,0.200525,0.075000,0.135944
65.685267,-0.913825,0.826085,2.711478,-1.102335,0.899672,0.202364,0.075000,0.143085
65.718536,-0.916369,0.827249,2.715864,-1.106193,0.899814,0.203221,0.075000,0.148990
65.751803,-0.918289,0.828119,2.719539,-1.106193,0.899814,0.201117,0.075000,0.143003
65.785145,-0.920531,0.829123,2.724128,-1.110046,0.899917,0.202305,0.075000,0.148108
65.818479,-0.921893,0.829727,2.727085,-1.110046,0.899917,0.200818,0.075000,0.142958
65.851837,-0.923257,0.830328,2.729442,-1.113892,0.899981,0.202961,0.075000,0.152250
65.885265,-0.923257,0.830328,2.729442,-1.113892,0.899981,0.202961,0.075000,0.152250
65.930820,-0.925114,0.831139,2.733516,-1.113892,0.899981,0.200939,0.075000,0.145211
65.951680,-0.933082,0.834523,2.750768,-1.125395,0.899942,0.203135,0.075000,0.154794
65.984982,-0.935468,0.835501,2.756970,-1.125395,0.899942,0.200562,0.075000,0.143307
66.018544,-0.937354,0.836264,2.760789,-1.129216,0.899852,0.202125,0.075000,0.150240
66.051859,-0.939649,0.837180,2.765540,-1.133031,0.899724,0.203245,0.075000,0.155499
66.085208,-0.942498,0.838301,2.771353,-1.133031,0.899724,0.200190,0.075000,0.145741
66.118563,-0.944382,0.839032,2.774821,-1.136840,0.899557,0.201751,0.075000,0.153756
66.151956,-0.946678,0.839912,2.779545,-1.140642,0.899353,0.202867,0.075000,0.159305
66.185203,-0.949514,0.840981,2.786041,-1.144437,0.899110,0.203406,0.075000,0.161468
66.218713,-0.950880,0.841488,2.789325,-1.144437,0.899110,0.201952,0.075000,0.155687
66.251789,-0.953630,0.842495,2.795963,-1.148226,0.898829,0.202586,0.075000,0.157454
66.285083,-0.956342,0.843467,2.803268,-1.152007,0.898510,0.203260,0.075000,0.157565
66.318390,-0.957766,0.843967,2.806471,-1.152007,0.898510,0.201754,0.075000,0.152004
66.351979,-0.960613,0.844955,2.812926,-1.155782,0.898153,0.202289,0.075000,0.154511
66.385255,-0.963460,0.845920,2.819091,-1.159549,0.897759,0.202826,0.075000,0.157791
66.418332,-0.964909,0.846405,2.822175,-1.159549,0.897759,0.201301,0.075000,0.152546
66.451857,-0.967829,0.847366,2.828421,-1.163309,0.897327,0.201764,0.075000,0.155890
66.485234,-0.970648,0.848274,2.835104,-1.167062,0.896858,0.202333,0.075000,0.158052
66.518583,-0.972043,0.848716,2.838317,-1.167062,0.896858,0.200872,0.075000,0.152379
66.551918,-0.974837,0.849585,2.845240,-1.170807,0.896351,0.201473,0.075000,0.154010
66.585104,-0.977641,0.850437,2.851209,-1.174544,0.895807,0.202063,0.075000,0.158063
66.618548,-0.979047,0.850857,2.854249,-1.174544,0.895807,0.200598,0.075000,0.152818
66.651883,-0.981886,0.851692,2.860911,-1.178274,0.895225,0.201155,0.075000,0.155345
66.685085,-0.984820,0.852533,2.866369,-1.181995,0.894607,0.201614,0.075000,0.161071
66.718161,-0.986269,0.852942,2.869147,-1.181995,0.894607,0.200112,0.075000,0.156571
66.751638,-0.989259,0.853773,2.874390,-1.185709,0.893951,0.200517,0.075000,0.163120
66.785283,-0.989259,0.853773,2.874390,-1.185709,0.893951,0.200517,0.075000,0.163120
66.818310,-0.992147,0.854561,2.880335,-1.189415,0.893259,0.201028,0.075000,0.167873
66.851966,-0.992147,0.854561,2.880335,-1.189415,0.893259,0.201028,0.075000,0.167873
66.895479,-0.994453,0.855177,2.885566,-1.193113,0.892530,0.202141,0.075000,0.173431
66.918413,-0.999425,0.856457,2.896700,-1.196802,0.891765,0.200510,0.075000,0.169140
66.951899,-1.003688,0.857507,2.908450,-1.204155,0.890124,0.203103,0.075000,0.176726
66.984810,-1.006622,0.858198,2.915659,-1.204155,0.890124,0.200097,0.075000,0.164036
67.018789,-1.008096,0.858536,2.918579,-1.207819,0.889249,0.202071,0.075000,0.174130
67.051903,-1.011029,0.859197,2.924682,-1.211474,0.888338,0.202552,0.075000,0.178902
67.085108,-1.012740,0.859574,2.928723,-1.211474,0.888338,0.200805,0.075000,0.171992
67.118773,-1.015370,0.860138,2.934552,-1.215120,0.887391,0.201600,0.075000,0.177033
67.151958,-1.018347,0.860758,2.941423,-1.218757,0.886409,0.202044,0.075000,0.180177
67.184995,-1.021264,0.861345,2.948562,-1.222385,0.885390,0.202553,0.075000,0.182596
67.218628,-1.022727,0.861631,2.952436,-1.222385,0.885390,0.201066,0.075000,0.175698
67.251934,-1.025667,0.862188,2.959890,-1.226003,0.884336,0.201557,0.075000,0.177457
67.285181,-1.027355,0.862499,2.964184,-1.229612,0.883247,0.203319,0.075000,0.184715
67.318536,-1.030018,0.862972,2.970547,-1.229612,0.883247,0.200621,0.075000,0.173850
67.351773,-1.033094,0.863497,2.978662,-1.233212,0.882122,0.200983,0.075000,0.174316
67.385273,-1.034893,0.863793,2.983288,-1.236802,0.880962,0.202638,0.075000,0.181127
67.418596,-1.037520,0.864207,2.990688,-1.240383,0.879767,0.203459,0.075000,0.182549
67.452000,-1.040579,0.864667,2.997763,-1.240383,0.879767,0.200374,0.075000,0.170541
67.485241,-1.042313,0.864918,3.001976,-1.243954,0.878537,0.202100,0.075000,0.178410
67.518552,-1.044945,0.865284,3.008045,-1.247514,0.877273,0.202924,0.075000,0.183229
67.551958,-1.047950,0.865682,3.015108,-1.251065,0.875973,0.203375,0.075000,0.186324
67.585036,-1.050843,0.866045,3.021959,-1.251065,0.875973,0.200468,0.075000,0.174663
67.618643,-1.052296,0.866219,3.025315,-1.254605,0.874640,0.202484,0.075000,0.184240
67.652009,-1.055289,0.866564,3.032700,-1.258135,0.873272,0.202957,0.075000,0.186655
67.685099,-1.058143,0.866871,3.040386,-1.258135,0.873272,0.200095,0.075000,0.172811
67.718667,-1.059580,0.867017,3.044539,-1.261655,0.871870,0.202133,0.075000,0.180519
67.751486,-1.062639,0.867310,3.052080,-1.265164,0.870434,0.202549,0.075000,0.182723
67.785203,-1.064705,0.867495,3.056075,-1.265164,0.870434,0.200481,0.075000,0.176574
67.818554,-1.065642,0.867575,3.057774,-1.268662,0.868964,0.203025,0.075000,0.189394
67.851646,-1.065642,0.867575,3.057774,-1.268662,0.868964,0.203025,0.075000,0.189394
67.885476,-1.067238,0.867709,3.060809,-1.268662,0.868964,0.201428,0.075000,0.184900
67.918593,-1.074823,0.868267,3.079829,-1.275626,0.865923,0.200817,0.075000,0.182674
67.951924,-1.077829,0.868449,3.086984,-1.279092,0.864353,0.201304,0.075000,0.186008
67.985124,-1.080786,0.868606,3.094048,-1.282546,0.862749,0.201845,0.075000,0.189480
68.018570,-1.082277,0.868677,3.098036,-1.282546,0.862749,0.200357,0.075000,0.182381
68.051926,-1.085272,0.868803,3.105454,-1.285989,0.861113,0.200864,0.075000,0.185116
68.085267,-1.086944,0.868864,3.110727,-1.289420,0.859444,0.202696,0.075000,0.190631
68.118187,-1.089895,0.868949,3.118918,-1.292840,0.857742,0.203254,0.075000,0.191296
68.151937,-1.092699,0.869009,3.123858,-1.292840,0.857742,0.200458,0.075000,0.184347
68.185163,-1.095816,0.869060,3.130362,-1.296249,0.856007,0.200857,0.075000,0.189663
68.218459,-1.097298,0.869077,3.134179,-1.299645,0.854240,0.202890,0.075000,0.198429
68.251842,-1.100123,0.869093,-3.140459,-1.299645,0.854240,0.200075,0.075000,0.182692
68.285059,-1.103114,0.869084,-3.133207,-1.303029,0.852441,0.200607,0.075000,0.185943
68.318573,-1.104631,0.869071,-3.130022,-1.306402,0.850610,0.202614,0.075000,0.196399
68.351528,-1.107662,0.869032,-3.122929,-1.309762,0.848748,0.203115,0.075000,0.200081
68.384801,-1.110615,0.868972,-3.116212,-1.309762,0.848748,0.200171,0.075000,0.189223
68.418569,-1.112050,0.868935,-3.112839,-1.313110,0.846853,0.202269,0.075000,0.199112
68.451913,-1.114050,0.868878,-3.107163,-1.313110,0.846853,0.200274,0.075000,0.188971
68.484990,-1.118161,0.868722,-3.095996,-1.319768,0.842971,0.203245,0.075000,0.200137
68.518587,-1.119724,0.868650,-3.091972,-1.319768,0.842971,0.201685,0.075000,0.193301
68.551533,-1.122825,0.868490,-3.084292,-1.323078,0.840983,0.202133,0.075000,0.195731
68.585116,-1.125883,0.868310,-3.075636,-1.326375,0.838964,0.202628,0.075000,0.195668
68.618579,-1.127313,0.868215,-3.071380,-1.326375,0.838964,0.201200,0.075000,0.187913
68.651789,-1.130148,0.868012,-3.063347,-1.329659,0.836914,0.201920,0.075000,0.188947
68.685050,-1.133162,0.867770,-3.055706,-1.332930,0.834834,0.202465,0.075000,0.191236
68.718552,-1.134695,0.867638,-3.052467,-1.332930,0.834834,0.200931,0.075000,0.186131
68.752105,-1.137745,0.867361,-3.045703,-1.336188,0.832724,0.201443,0.075000,0.190721
68.785246,-1.139199,0.867221,-3.041814,-1.339432,0.830584,0.203557,0.075000,0.199220
68.818541,-1.142100,0.866925,-3.033599,-1.339432,0.830584,0.200651,0.075000,0.184548
68.851653,-1.143565,0.866766,-3.029477,-1.342663,0.828413,0.202758,0.075000,0.192605
68.904685,-1.145107,0.866592,-3.025735,-1.342663,0.828413,0.201211,0.075000,0.186310
68.918563,-1.149639,0.866047,-3.015195,-1.345880,0.826213,0.200243,0.075000,0.184268
68.951693,-1.152825,0.865638,-3.008882,-1.349084,0.823984,0.200630,0.075000,0.190278
68.985037,-1.155614,0.865260,-3.000788,-1.352273,0.821725,0.201420,0.075000,0.191084
69.018559,-1.157068,0.865053,-2.996969,-1.355449,0.819437,0.203557,0.075000,0.199700
69.051940,-1.160041,0.864614,-2.988603,-1.355449,0.819437,0.200562,0.075000,0.184839
69.085202,-1.161857,0.864334,-2.984025,-1.358610,0.817121,0.202338,0.075000,0.192412
69.118682,-1.164616,0.863891,-2.976904,-1.361757,0.814775,0.203167,0.075000,0.195399
69.151886,-1.167711,0.863371,-2.968766,-1.361757,0.814775,0.200039,0.075000,0.181209
69.185090,-1.170618,0.862858,-2.961243,-1.364889,0.812401,0.200716,0.075000,0.183574
69.218857,-1.172072,0.862593,-2.957203,-1.368007,0.809999,0.202872,0.075000,0.191685
69.251602,-1.174977,0.862045,-2.948560,-1.371111,0.807569,0.203559,0.075000,0.191132
69.285029,-1.177883,0.861473,-2.942148,-1.371111,0.807569,0.200605,0.075000,0.180806
69.318365,-1.179436,0.861159,-2.939134,-1.374199,0.805110,0.202668,0.075000,0.191615
69.351937,-1.182421,0.860541,-2.931397,-1.377273,0.802625,0.203276,0.075000,0.193431
69.385018,-1.185266,0.859929,-2.923288,-1.377273,0.802625,0.200375,0.075000,0.178832
69.418431,-1.186727,0.859605,-2.918985,-1.380331,0.800111,0.202539,0.075000,0.186272
69.451844,-1.189666,0.858934,-2.910996,-1.383374,0.797571,0.203196,0.075000,0.187281
69.484848,-1.192582,0.858244,-2.904223,-1.383374,0.797571,0.200207,0.075000,0.175984
69.518610,-1.194029,0.857894,-2.900247,-1.386402,0.795004,0.202392,0.075000,0.184179
69.551708,-1.196840,0.857197,-2.892261,-1.389414,0.792409,0.203180,0.075000,0.184891
69.585153,-1.199734,0.856455,-2.885186,-1.389414,0.792409,0.200201,0.075000,0.172753
69.618689,-1.201197,0.856072,-2.880823,-1.392411,0.789788,0.202377,0.075000,0.179982
69.651973,-1.204207,0.855263,-2.873383,-1.395392,0.787141,0.202958,0.075000,0.182333
69.685109,-1.207091,0.854465,-2.865486,-1.398357,0.784468,0.203671,0.075000,0.183264
69.718329,-1.208617,0.854032,-2.862254,-1.398357,0.784468,0.202089,0.075000,0.178167
69.751929,-1.211370,0.853238,-2.854525,-1.401306,0.781769,0.202937,0.075000,0.179267
69.785231,-1.213049,0.852742,-2.850650,-1.401306,0.781769,0.201190,0.075000,0.172789
69.818173,-1.214259,0.852380,-2.847475,-1.404238,0.779044,0.203642,0.075000,0.182209
69.852000,-1.214259,0.852380,-2.847475,-1.404238,0.779044,0.203642,0.075000,0.182209
69.891095,-1.216324,0.851754,-2.842627,-1.404238,0.779044,0.201491,0.075000,0.174123
69.918362,-1.223610,0.849455,-2.826644,-1.410055,0.773518,0.201316,0.075000,0.178242
69.951995,-1.225860,0.848720,-2.821291,-1.412938,0.770717,0.202688,0.075000,0.184179
69.985303,-1.227513,0.848171,-2.817060,-1.412938,0.770717,0.200952,0.075000,0.176877
70.018611,-1.230155,0.847278,-2.810883,-1.415805,0.767892,0.201911,0.075000,0.181528
70.051977,-1.232846,0.846350,-2.804401,-1.418655,0.765042,0.202819,0.075000,0.185444
70.085281,-1.234490,0.845774,-2.799894,-1.418655,0.765042,0.201083,0.075000,0.177484
70.118466,-1.237035,0.844864,-2.793772,-1.421488,0.762168,0.202142,0.075000,0.181996
70.151864,-1.239717,0.843886,-2.785846,-1.424304,0.759270,0.203057,0.075000,0.182244
70.185258,-1.241694,0.843152,-2.780618,-1.424304,0.759270,0.200954,0.075000,0.173106
70.218366,-1.244266,0.842176,-2.773795,-1.427102,0.756348,0.201980,0.075000,0.175851
70.252034,-1.246802,0.841195,-2.767580,-1.429883,0.753402,0.203042,0.075000,0.179917
70.284814,-1.249678,0.840061,-2.760564,-1.432647,0.750433,0.203742,0.075000,0.182586
70.318659,-1.251583,0.839297,-2.756146,-1.432647,0.750433,0.201695,0.075000,0.175387
70.351954,-1.253856,0.838372,-2.750628,-1.435393,0.747440,0.203037,0.075000,0.180596
70.385099,-1.256685,0.837200,-2.744045,-1.438121,0.744425,0.203780,0.075000,0.184163
70.418628,-1.258087,0.836612,-2.740710,-1.438121,0.744425,0.202264,0.075000,0.178713
70.451929,-1.260765,0.835471,-2.733055,-1.440831,0.741387,0.203164,0.075000,0.179364
70.484994,-1.263397,0.834326,-2.725344,-1.440831,0.741387,0.200301,0.075000,0.165263
70.518568,-1.264656,0.833770,-2.721218,-1.443523,0.738327,0.202739,0.075000,0.171969
70.551947,-1.267390,0.832542,-2.713537,-1.446197,0.735244,0.203565,0.075000,0.172486
70.584881,-1.270081,0.831309,-2.707020,-1.446197,0.735244,0.200612,0.075000,0.161338
70.618401,-1.271511,0.830645,-2.704164,-1.448853,0.732140,0.202863,0.075000,0.171383
70.651667,-1.274218,0.829374,-2.697615,-1.451490,0.729014,0.203710,0.075000,0.174534
70.684795,-1.276778,0.828152,-2.691893,-1.451490,0.729014,0.200879,0.075000,0.165229
70.718643,-1.278089,0.827519,-2.689331,-1.454109,0.725866,0.203264,0.075000,0.175618
70.751499,-1.280778,0.826208,-2.682309,-1.454109,0.725866,0.200280,0.075000,0.163357
70.785090,-1.282396,0.825409,-2.678175,-1.456709,0.722697,0.202323,0.075000,0.170501
70.818567,-1.283529,0.824842,-2.675196,-1.456709,0.722697,0.201059,0.075000,0.165260
70.851710,-1.283529,0.824842,-2.675196,-1.456709,0.722697,0.201059,0.075000,0.165260
70.885076,-1.289470,0.821785,-2.651069,-1.461852,0.716297,0.202097,0.075000,0.144970
70.918360,-1.290677,0.821140,-2.646726,-1.461852,0.716297,0.200730,0.075000,0.136150
70.951902,-1.293205,0.819770,-2.639050,-1.464395,0.713066,0.201721,0.075000,0.135861
70.985109,-1.295805,0.818337,-2.633154,-1.466918,0.709815,0.202625,0.075000,0.139978
71.018681,-1.297078,0.817627,-2.630012,-1.466918,0.709815,0.201169,0.075000,0.134211
71.051704,-1.299754,0.816120,-2.624774,-1.469422,0.706544,0.201976,0.075000,0.140083
71.084858,-1.302395,0.814614,-2.619343,-1.471907,0.703253,0.202819,0.075000,0.145358
71.118621,-1.303743,0.813838,-2.616835,-1.471907,0.703253,0.201266,0.075000,0.141390
71.151982,-1.306397,0.812297,-2.611595,-1.474372,0.699942,0.202087,0.075000,0.147210
71.185222,-1.308937,0.810804,-2.606179,-1.476817,0.696612,0.203036,0.075000,0.152335
71.218552,-1.310198,0.810056,-2.603013,-1.476817,0.696612,0.201572,0.075000,0.146717
71.251864,-1.312813,0.808489,-2.597024,-1.479242,0.693264,0.202425,0.075000,0.150572
71.285005,-1.314317,0.807578,-2.593770,-1.479242,0.693264,0.200669,0.075000,0.145126
71.318554,-1.316645,0.806154,-2.588472,-1.481648,0.689896,0.201846,0.075000,0.150200
71.351643,-1.319165,0.804594,-2.582478,-1.484033,0.686510,0.202794,0.075000,0.153810
71.385321,-1.320613,0.803688,-2.578772,-1.484033,0.686510,0.201088,0.075000,0.147233
71.418644,-1.322943,0.802214,-2.573449,-1.486397,0.683106,0.202248,0.075000,0.152142
71.451852,-1.325499,0.800577,-2.567779,-1.488741,0.679684,0.203134,0.075000,0.156511
71.485099,-1.327975,0.798971,-2.561777,-1.488741,0.679684,0.200188,0.075000,0.146132
71.518659,-1.329475,0.797989,-2.558436,-1.491065,0.676244,0.202320,0.075000,0.154431
71.551948,-1.331732,0.796496,-2.552374,-1.493368,0.672787,0.203544,0.075000,0.157199
71.585256,-1.333150,0.795548,-2.548783,-1.493368,0.672787,0.201841,0.075000,0.150984
71.618682,-1.335432,0.794006,-2.543420,-1.495650,0.669312,0.203023,0.075000,0.155497
71.651975,-1.337959,0.792279,-2.537505,-1.497911,0.665821,0.203902,0.075000,0.159018
71.685174,-1.339408,0.791278,-2.533976,-1.497911,0.665821,0.202145,0.075000,0.153082
71.718419,-1.341699,0.789681,-2.528946,-1.500151,0.662313,0.203296,0.075000,0.158343
71.751530,-1.344176,0.787935,-2.523252,-1.500151,0.662313,0.200273,0.075000,0.148921
71.785309,-1.345749,0.786816,-2.518123,-1.502369,0.658788,0.202289,0.075000,0.152693
71.818385,-1.345749,0.786816,-2.518123,-1.502369,0.658788,0.202289,0.075000,0.152693
71.851979,-1.345749,0.786816,-2.518123,-1.502369,0.658788,0.202289,0.075000,0.152693
71.885012,-1.352558,0.781847,-2.501742,-1.506742,0.651691,0.201775,0.075000,0.151675
71.918568,-1.353753,0.780958,-2.498967,-1.506742,0.651691,0.200289,0.075000,0.147020
71.951816,-1.356173,0.779142,-2.493145,-1.508896,0.648119,0.201224,0.075000,0.150542
71.985006,-1.358535,0.777346,-2.487257,-1.511028,0.644531,0.202222,0.075000,0.153698
72.018549,-1.359764,0.776404,-2.484554,-1.511028,0.644531,0.200678,0.075000,0.149353
72.051932,-1.362153,0.774557,-2.478602,-1.513138,0.640928,0.201626,0.075000,0.152410
72.084800,-1.364405,0.772792,-2.471486,-1.515227,0.637310,0.202737,0.075000,0.152226
72.118626,-1.365603,0.771843,-2.468760,-1.515227,0.637310,0.201212,0.075000,0.147781
72.151812,-1.367910,0.769999,-2.462100,-1.517293,0.633678,0.202234,0.075000,0.148796
72.184918,-1.370166,0.768172,-2.455816,-1.519336,0.630032,0.203309,0.075000,0.150534
72.218441,-1.371315,0.767231,-2.452534,-1.519336,0.630032,0.201827,0.075000,0.144639
72.251855,-1.373620,0.765328,-2.446333,-1.521358,0.626371,0.202819,0.075000,0.146642
72.284978,-1.375992,0.763344,-2.440664,-1.523357,0.622696,0.203711,0.075000,0.149995
72.318692,-1.377155,0.762362,-2.437753,-1.523357,0.622696,0.202191,0.075000,0.145072
72.351990,-1.379530,0.760342,-2.432724,-1.525333,0.619008,0.203061,0.075000,0.150023
72.385257,-1.381751,0.758432,-2.426435,-1.525333,0.619008,0.200137,0.075000,0.138701
72.418721,-1.382871,0.757459,-2.423209,-1.527286,0.615307,0.202640,0.075000,0.145783
72.451511,-1.385089,0.755514,-2.416771,-1.529216,0.611592,0.203682,0.075000,0.146866
72.485042,-1.387356,0.753501,-2.411386,-1.529216,0.611592,0.200655,0.075000,0.137883
72.518198,-1.388498,0.752478,-2.408413,-1.531123,0.607865,0.203113,0.075000,0.145498
72.551527,-1.390752,0.750445,-2.402582,-1.531123,0.607865,0.200083,0.075000,0.135357
72.585134,-1.392898,0.748483,-2.396403,-1.533008,0.604125,0.201171,0.075000,0.136981
72.618202,-1.394011,0.747456,-2.393947,-1.534868,0.600373,0.203652,0.075000,0.145675
72.651702,-1.396284,0.745344,-2.388703,-1.534868,0.600373,0.200554,0.075000,0.137115
72.684861,-1.398497,0.743264,-2.382704,-1.536705,0.596610,0.201517,0.075000,0.139245
72.718596,-1.399570,0.742247,-2.379928,-1.536705,0.596610,0.200041,0.075000,0.134381
72.751549,-1.401785,0.740129,-2.374124,-1.538519,0.592834,0.200978,0.075000,0.136997
72.785330,-1.403264,0.738702,-2.369967,-1.540309,0.589047,0.202923,0.075000,0.142164
72.818849,-1.405089,0.736923,-2.365845,-1.540309,0.589047,0.200380,0.075000,0.135493
72.851669,-1.405089,0.736923,-2.365845,-1.540309,0.589047,0.200380,0.075000,0.135493
72.909091,-1.406153,0.735879,-2.362763,-1.542075,0.585249,0.202890,0.075000,0.142492
72.918510,-1.410322,0.731727,-2.350422,-1.543817,0.581440,0.201016,0.075000,0.132589
72.951973,-1.412434,0.729585,-2.344960,-1.545536,0.577620,0.202013,0.075000,0.135666
72.985103,-1.414545,0.727422,-2.340173,-1.547229,0.573790,0.202998,0.075000,0.140348
73.018358,-1.415608,0.726325,-2.337618,-1.547229,0.573790,0.201472,0.075000,0.136150
73.052012,-1.417635,0.724217,-2.333140,-1.548899,0.569949,0.202556,0.075000,0.141449
73.084855,-1.419580,0.722174,-2.328622,-1.550544,0.566099,0.203742,0.075000,0.146391
73.118355,-1.420598,0.721099,-2.326356,-1.550544,0.566099,0.202264,0.075000,0.142946
73.151997,-1.422696,0.718867,-2.321277,-1.552165,0.562240,0.203210,0.075000,0.146868
73.185025,-1.424833,0.716568,-2.314826,-1.552165,0.562240,0.200076,0.075000,0.135351
73.218692,-1.426008,0.715292,-2.310039,-1.553761,0.558371,0.202349,0.075000,0.138180
73.252243,-1.427889,0.713224,-2.304054,-1.555332,0.554493,0.203562,0.075000,0.139346
73.284951,-1.429881,0.711005,-2.297736,-1.555332,0.554493,0.200584,0.075000,0.127729
73.318355,-1.430915,0.709843,-2.295228,-1.556878,0.550606,0.203035,0.075000,0.135816
73.351534,-1.432921,0.707570,-2.289660,-1.556878,0.550606,0.200008,0.075000,0.126009
73.385298,-1.434022,0.706312,-2.286426,-1.558399,0.546711,0.202341,0.075000,0.132486
73.418692,-1.435840,0.704215,-2.281642,-1.559895,0.542807,0.203573,0.075000,0.136394
73.451886,-1.437855,0.701871,-2.277127,-1.559895,0.542807,0.200487,0.075000,0.129346
73.485071,-1.439810,0.699574,-2.271764,-1.561365,0.538896,0.201477,0.075000,0.132233
73.518365,-1.440764,0.698443,-2.268907,-1.562810,0.534976,0.204001,0.075000,0.139089
73.551985,-1.442666,0.696172,-2.263785,-1.562810,0.534976,0.201044,0.075000,0.130452
73.585266,-1.444530,0.693920,-2.258250,-1.564230,0.531050,0.202126,0.075000,0.132678
73.618425,-1.445457,0.692791,-2.255407,-1.564230,0.531050,0.200667,0.075000,0.127538
73.652013,-1.447397,0.690410,-2.250819,-1.565624,0.527116,0.201600,0.075000,0.132281
73.684818,-1.449302,0.688049,-2.246105,-1.566992,0.523175,0.202569,0.075000,0.136594
73.718326,-1.450231,0.686889,-2.243518,-1.566992,0.523175,0.201086,0.075000,0.132194
73.751538,-1.452104,0.684534,-2.238503,-1.568335,0.519228,0.202078,0.075000,0.135735
73.785326,-1.452104,0.684534,-2.238503,-1.568335,0.519228,0.202078,0.075000,0.135735
73.818710,-1.455096,0.680717,-2.230346,-1.569651,0.515274,0.201232,0.075000,0.133945
73.851843,-1.455096,0.680717,-2.230346,-1.569651,0.515274,0.201232,0.075000,0.133945
73.886425,-1.455870,0.679719,-2.228119,-1.570941,0.511315,0.203964,0.075000,0.141839
73.918785,-1.459637,0.674794,-2.216878,-1.572205,0.507349,0.201766,0.075000,0.134275
73.951559,-1.461300,0.672584,-2.211925,-1.573443,0.503378,0.202994,0.075000,0.137458
73.984854,-1.463031,0.670257,-2.206364,-1.573443,0.503378,0.200099,0.075000,0.127542
74.018605,-1.463933,0.669034,-2.203790,-1.574654,0.499401,0.202570,0.075000,0.134992
74.051925,-1.465646,0.666695,-2.197891,-1.575839,0.495420,0.203660,0.075000,0.135930
74.085278,-1.466634,0.665331,-2.194779,-1.575839,0.495420,0.201979,0.075000,0.130510
74.118607,-1.468242,0.663092,-2.190412,-1.576997,0.491434,0.203210,0.075000,0.134992
74.151828,-1.469974,0.660659,-2.184864,-1.576997,0.491434,0.200227,0.075000,0.125164
74.185221,-1.471002,0.659200,-2.181919,-1.578128,0.487443,0.202426,0.075000,0.131972
74.218582,-1.472574,0.656951,-2.177429,-1.579232,0.483448,0.203665,0.075000,0.136062
74.251837,-1.474200,0.654601,-2.171349,-1.579232,0.483448,0.200811,0.075000,0.124788
74.285298,-1.475215,0.653119,-2.168652,-1.580309,0.479449,0.202993,0.075000,0.132124
74.318611,-1.476931,0.650594,-2.164438,-1.581359,0.475446,0.203917,0.075000,0.137235
74.351659,-1.478427,0.648371,-2.160010,-1.581359,0.475446,0.201242,0.075000,0.129889
74.385215,-1.479521,0.646734,-2.155925,-1.582382,0.471440,0.203245,0.075000,0.133960
74.418880,-1.480840,0.644740,-2.151464,-1.582382,0.471440,0.200858,0.075000,0.126041
74.452229,-1.482506,0.642195,-2.146233,-1.583378,0.467430,0.201786,0.075000,0.128689
74.485025,-1.483664,0.640409,-2.143067,-1.584346,0.463418,0.203624,0.075000,0.135153
74.518368,-1.484996,0.638338,-2.139107,-1.584346,0.463418,0.201165,0.075000,0.128622
74.551959,-1.486542,0.635910,-2.132726,-1.585286,0.459403,0.202250,0.075000,0.128181
74.584929,-1.488118,0.633399,-2.127633,-1.586199,0.455386,0.203245,0.075000,0.130930
74.618377,-1.488915,0.632119,-2.125304,-1.586199,0.455386,0.201739,0.075000,0.127127
74.651726,-1.490500,0.629555,-2.120023,-1.587084,0.451366,0.202681,0.075000,0.129504
74.685043,-1.492123,0.626896,-2.115187,-1.587941,0.447345,0.203518,0.075000,0.133049
74.718612,-1.492915,0.625587,-2.112901,-1.587941,0.447345,0.201990,0.075000,0.129417
74.751544,-1.494495,0.622958,-2.107646,-1.588770,0.443322,0.202872,0.075000,0.131912
74.784835,-1.496029,0.620373,-2.102550,-1.589571,0.439298,0.203809,0.075000,0.134660
74.818436,-1.496029,0.620373,-2.102550,-1.589571,0.439298,0.203809,0.075000,0.134660
74.851928,-1.496029,0.620373,-2.102550,-1.589571,0.439298,0.203809,0.075000,0.134660
74.898406,-1.496799,0.619064,-2.100107,-1.589571,0.439298,0.202294,0.075000,0.130658
74.918555,-1.500562,0.612554,-2.086568,-1.591089,0.431246,0.202652,0.075000,0.129926
74.951979,-1.502067,0.609891,-2.081022,-1.591805,0.427220,0.203524,0.075000,0.131615
74.985281,-1.503581,0.607178,-2.076356,-1.591805,0.427220,0.200420,0.075000,0.124050
75.018160,-1.504364,0.605763,-2.073802,-1.592493,0.423193,0.202728,0.075000,0.131360
75.051662,-1.505674,0.603377,-2.068154,-1.592493,0.423193,0.200010,0.075000,0.120818
75.085040,-1.507139,0.600672,-2.063747,-1.593152,0.419166,0.200855,0.075000,0.125442
75.118331,-1.507874,0.599304,-2.061265,-1.593782,0.415139,0.203217,0.075000,0.132793
75.152114,-1.509351,0.596529,-2.056685,-1.593782,0.415139,0.200077,0.075000,0.125514
75.184973,-1.510762,0.593848,-2.050864,-1.594384,0.411112,0.200960,0.075000,0.126595
75.218711,-1.511476,0.592477,-2.047670,-1.594957,0.407087,0.203319,0.075000,0.132173
75.251851,-1.512842,0.589823,-2.042402,-1.594957,0.407087,0.200338,0.075000,0.122951
75.285033,-1.514248,0.587059,-2.037667,-1.595501,0.403062,0.201139,0.075000,0.126790
75.318719,-1.514888,0.585790,-2.034542,-1.596015,0.399038,0.203612,0.075000,0.132365
75.351976,-1.516214,0.583128,-2.029210,-1.596015,0.399038,0.200642,0.075000,0.122989
75.385287,-1.517547,0.580419,-2.024320,-1.596501,0.395016,0.201514,0.075000,0.126319
75.418629,-1.518218,0.579043,-2.022021,-1.596957,0.390996,0.203866,0.075000,0.134048
75.451793,-1.519533,0.576321,-2.017568,-1.596957,0.390996,0.200847,0.075000,0.127002
75.485143,-1.520766,0.573739,-2.012469,-1.597384,0.386978,0.201867,0.075000,0.129644
75.518652,-1.521361,0.572480,-2.010420,-1.597384,0.386978,0.200476,0.075000,0.126346
75.551700,-1.522590,0.569862,-2.006644,-1.597781,0.382962,0.201458,0.075000,0.132356
75.585080,-1.523319,0.568297,-2.003546,-1.598149,0.378948,0.203599,0.075000,0.138408
75.618718,-1.524508,0.565713,-1.998411,-1.598149,0.378948,0.200758,0.075000,0.129536
75.652019,-1.525809,0.562848,-1.992393,-1.598487,0.374937,0.201475,0.075000,0.130347
75.685185,-1.526570,0.561151,-1.989195,-1.598796,0.370930,0.203471,0.075000,0.136365
75.718677,-1.527717,0.558562,-1.984063,-1.598796,0.370930,0.200644,0.075000,0.127420
75.751841,-1.528946,0.555751,-1.978894,-1.599074,0.366925,0.201428,0.075000,0.130243
75.785278,-1.529663,0.554092,-1.975914,-1.599323,0.362924,0.203464,0.075000,0.136758
75.818331,-1.530154,0.552946,-1.973702,-1.599323,0.362924,0.202219,0.075000,0.132986
75.851930,-1.530154,0.552946,-1.973702,-1.599323,0.362924,0.202219,0.075000,0.132986
75.885052,-1.533015,0.546133,-1.960309,-1.599730,0.354934,0.202504,0.075000,0.132750
75.918339,-1.533590,0.544732,-1.957636,-1.599730,0.354934,0.200992,0.075000,0.128113
75.951650,-1.534745,0.541885,-1.952297,-1.599889,0.350945,0.201747,0.075000,0.130575
75.985344,-1.535576,0.539813,-1.947302,-1.600017,0.346960,0.203334,0.075000,0.132783
76.018534,-1.536429,0.537651,-1.942882,-1.600017,0.346960,0.201014,0.075000,0.124861
76.051939,-1.537410,0.535128,-1.938409,-1.600115,0.342980,0.202120,0.075000,0.129007
76.085049,-1.538463,0.532388,-1.932816,-1.600182,0.339005,0.202993,0.075000,0.130683
76.118674,-1.539009,0.530944,-1.930692,-1.600182,0.339005,0.201451,0.075000,0.127425
76.151942,-1.540080,0.528089,-1.925294,-1.600219,0.335036,0.202203,0.075000,0.129783
76.185151,-1.541115,0.525282,-1.920358,-1.600225,0.331072,0.203007,0.075000,0.133201
76.218480,-1.541625,0.523883,-1.917711,-1.600225,0.331072,0.201519,0.075000,0.128615
76.251940,-1.542606,0.521158,-1.911871,-1.600201,0.327113,0.202412,0.075000,0.129739
76.285111,-1.543635,0.518247,-1.906543,-1.600146,0.323161,0.203107,0.075000,0.132362
76.318579,-1.544122,0.516854,-1.904110,-1.600146,0.323161,0.201633,0.075000,0.128281
76.351942,-1.545063,0.514125,-1.898828,-1.600060,0.319214,0.202521,0.075000,0.130828
76.385087,-1.546036,0.511254,-1.893442,-1.599943,0.315274,0.203259,0.075000,0.133309
76.418810,-1.546510,0.509838,-1.890821,-1.599943,0.315274,0.201767,0.075000,0.128802
76.452000,-1.547429,0.507056,-1.885863,-1.599796,0.311341,0.202599,0.075000,0.132274
76.485093,-1.548336,0.504259,-1.879837,-1.599617,0.307415,0.203415,0.075000,0.133138
76.518656,-1.548798,0.502812,-1.877620,-1.599617,0.307415,0.201897,0.075000,0.129665
76.552001,-1.549704,0.499944,-1.873281,-1.599407,0.303495,0.202639,0.075000,0.134846
76.585077,-1.550582,0.497117,-1.867407,-1.599166,0.299583,0.203420,0.075000,0.136215
76.618313,-1.551015,0.495698,-1.864738,-1.599166,0.299583,0.201939,0.075000,0.131620
76.651526,-1.551866,0.492877,-1.859547,-1.598893,0.295679,0.202727,0.075000,0.134715
76.685085,-1.552707,0.490034,-1.854004,-1.598589,0.291783,0.203491,0.075000,0.136979
76.718603,-1.553146,0.488527,-1.851626,-1.598589,0.291783,0.201924,0.075000,0.133234
76.751666,-1.553958,0.485699,-1.846553,-1.598254,0.287894,0.202704,0.075000,0.136716
76.785200,-1.554486,0.483834,-1.842222,-1.598254,0.287894,0.200769,0.075000,0.128593
76.818375,-1.554727,0.482968,-1.840322,-1.597887,0.284014,0.203582,0.075000,0.137219
76.855027,-1.555206,0.481234,-1.837279,-1.597887,0.284014,0.201786,0.075000,0.132142
76.885045,-1.556660,0.475819,-1.826196,-1.597059,0.276279,0.203588,0.075000,0.136576
76.918608,-1.557048,0.474336,-1.823548,-1.597059,0.276279,0.202058,0.075000,0.132110
76.951910,-1.557803,0.471394,-1.818216,-1.596598,0.272425,0.202715,0.075000,0.135244
76.985002,-1.558533,0.468490,-1.812391,-1.596104,0.268580,0.203410,0.075000,0.137136
77.018579,-1.558897,0.467012,-1.809575,-1.596104,0.268580,0.201890,0.075000,0.132245
77.051866,-1.559608,0.464077,-1.805060,-1.595579,0.264745,0.202551,0.075000,0.137496
77.085040,-1.560301,0.461157,-1.799440,-1.595022,0.260919,0.203225,0.075000,0.140047
77.118622,-1.560631,0.459739,-1.796356,-1.595022,0.260919,0.201772,0.075000,0.134440
77.151918,-1.561281,0.456889,-1.790510,-1.594433,0.257103,0.202517,0.075000,0.136401
77.184890,-1.561971,0.453787,-1.785942,-1.593812,0.253298,0.203002,0.075000,0.141900
77.218368,-1.562292,0.452317,-1.782915,-1.593812,0.253298,0.201500,0.075000,0.136524
77.251836,-1.562922,0.449377,-1.777860,-1.593159,0.249502,0.202149,0.075000,0.140714
77.285322,-1.563524,0.446488,-1.771773,-1.592474,0.245717,0.202847,0.075000,0.142324
77.318576,-1.563819,0.445041,-1.768292,-1.592474,0.245717,0.201373,0.075000,0.135787
77.351934,-1.564418,0.442028,-1.763205,-1.591756,0.241943,0.201945,0.075000,0.140100
77.385258,-1.564705,0.440554,-1.760379,-1.591756,0.241943,0.200445,0.075000,0.135165
77.418536,-1.565291,0.437479,-1.755086,-1.591007,0.238179,0.200952,0.075000,0.139183
77.451967,-1.565844,0.434487,-1.749599,-1.590225,0.234427,0.201540,0.075000,0.142660
77.485013,-1.566351,0.431659,-1.743529,-1.589410,0.230686,0.202292,0.075000,0.144492
77.518423,-1.566600,0.430230,-1.740597,-1.589410,0.230686,0.200843,0.075000,0.139297
77.551936,-1.567111,0.427226,-1.735101,-1.588564,0.226957,0.201415,0.075000,0.142892
77.584824,-1.567605,0.424223,-1.729141,-1.587685,0.223240,0.201984,0.075000,0.145391
77.618330,-1.567851,0.422681,-1.726204,-1.587685,0.223240,0.200426,0.075000,0.140345
77.651892,-1.568311,0.419719,-1.720223,-1.586773,0.219534,0.201034,0.075000,0.142839
77.684796,-1.568756,0.416735,-1.714028,-1.585829,0.215841,0.201618,0.075000,0.144875
77.718693,-1.568978,0.415195,-1.711325,-1.585829,0.215841,0.200066,0.075000,0.140388
77.751697,-1.569410,0.412119,-1.706115,-1.584852,0.212160,0.200554,0.075000,0.145136
77.785107,-1.569645,0.410393,-1.702721,-1.583842,0.208491,0.202400,0.075000,0.152382
77.818379,-1.570000,0.407690,-1.697043,-1.582800,0.204836,0.203258,0.075000,0.155440
77.851633,-1.570000,0.407690,-1.697043,-1.582800,0.204836,0.203258,0.075000,0.155440
77.898283,-1.570188,0.406207,-1.694168,-1.582800,0.204836,0.201765,0.075000,0.150639
77.918512,-1.570960,0.399754,-1.682052,-1.580617,0.197564,0.202420,0.075000,0.156819
77.951949,-1.571205,0.397542,-1.677551,-1.580617,0.197564,0.200199,0.075000,0.149070
77.985089,-1.571501,0.394749,-1.671697,-1.579477,0.193948,0.200959,0.075000,0.152178
78.018603,-1.571655,0.393231,-1.669029,-1.578303,0.190346,0.202994,0.075000,0.161154
78.051933,-1.571859,0.391157,-1.664209,-1.578303,0.190346,0.200914,0.075000,0.152536
78.085150,-1.572226,0.387108,-1.654803,-1.577097,0.186758,0.200410,0.075000,0.148856
78.118342,-1.572355,0.385578,-1.651409,-1.575858,0.183183,0.202425,0.075000,0.156269
78.151928,-1.572594,0.382556,-1.644394,-1.574585,0.179623,0.202943,0.075000,0.157051
78.185214,-1.572811,0.379547,-1.637651,-1.573280,0.176077,0.203470,0.075000,0.158517
78.218528,-1.572929,0.377784,-1.633779,-1.573280,0.176077,0.201707,0.075000,0.151723
78.251871,-1.573096,0.375093,-1.628154,-1.571941,0.172546,0.202550,0.075000,0.155560
78.285057,-1.573264,0.372094,-1.621886,-1.570570,0.169029,0.203083,0.075000,0.158343
78.318660,-1.573338,0.370643,-1.618499,-1.570570,0.169029,0.201633,0.075000,0.152247
78.351723,-1.573478,0.367659,-1.612693,-1.569165,0.165527,0.202178,0.075000,0.156269
78.385368,-1.573551,0.365922,-1.609060,-1.569165,0.165527,0.200443,0.075000,0.149939
78.418632,-1.573651,0.363187,-1.603253,-1.567727,0.162041,0.201233,0.075000,0.153703
78.452049,-1.573741,0.360304,-1.596933,-1.566256,0.158569,0.201873,0.075000,0.156483
78.485067,-1.573813,0.357344,-1.590632,-1.564752,0.155114,0.202433,0.075000,0.159484
78.518668,-1.573843,0.355866,-1.587541,-1.564752,0.155114,0.200958,0.075000,0.154160
78.551950,-1.573891,0.352832,-1.582085,-1.563214,0.151673,0.201442,0.075000,0.159527
78.585349,-1.573914,0.350766,-1.577707,-1.561643,0.148249,0.202888,0.075000,0.166045
78.618142,-1.573929,0.348060,-1.572042,-1.561643,0.148249,0.200188,0.075000,0.156395
78.651948,-1.573929,0.345320,-1.566490,-1.560039,0.144841,0.200960,0.075000,0.161286
78.685064,-1.573920,0.343284,-1.562160,-1.558401,0.141449,0.202431,0.075000,0.168085
78.718399,-1.573894,0.340514,-1.557348,-1.556730,0.138073,0.203168,0.075000,0.174909
78.751869,-1.573853,0.337801,-1.551558,-1.556730,0.138073,0.200460,0.075000,0.165213
78.785217,-1.573853,0.337801,-1.551558,-1.556730,0.138073,0.200460,0.075000,0.165213
78.818649,-1.573814,0.335777,-1.546763,-1.555026,0.134714,0.201939,0.075000,0.171060
78.851710,-1.573660,0.330432,-1.534246,-1.553288,0.131372,0.200100,0.075000,0.163389
78.885249,-1.573594,0.328622,-1.530642,-1.551517,0.128046,0.201788,0.075000,0.172003
78.918480,-1.573594,0.328622,-1.530642,-1.551517,0.128046,0.201788,0.075000,0.172003
78.951725,-1.573336,0.322870,-1.518456,-1.547874,0.121446,0.203027,0.075000,0.180610
78.985035,-1.573173,0.319846,-1.511868,-1.547874,0.121446,0.200007,0.075000,0.169618
79.018593,-1.573087,0.318387,-1.508499,-1.546002,0.118172,0.202039,0.075000,0.178432
79.051828,-1.572902,0.315509,-1.500975,-1.544097,0.114916,0.202652,0.075000,0.179466
79.084989,-1.572678,0.312363,-1.494951,-1.542158,0.111677,0.202994,0.075000,0.184744
79.118561,-1.572563,0.310856,-1.491744,-1.542158,0.111677,0.201487,0.075000,0.179581
79.151768,-1.572328,0.307946,-1.484705,-1.540186,0.108456,0.202063,0.075000,0.182098
79.185018,-1.572067,0.304980,-1.477545,-1.538180,0.105253,0.202581,0.075000,0.184479
79.218551,-1.571933,0.303550,-1.473771,-1.538180,0.105253,0.201149,0.075000,0.177760
79.251931,-1.571641,0.300598,-1.466475,-1.536141,0.102068,0.201679,0.075000,0.179891
79.285214,-1.571328,0.297661,-1.458639,-1.534068,0.098902,0.202222,0.075000,0.180715
79.318575,-1.571161,0.296177,-1.454993,-1.534068,0.098902,0.200733,0.075000,0.174347
79.351935,-1.570802,0.293141,-1.448207,-1.531962,0.095753,0.201173,0.075000,0.178061
79.385024,-1.570436,0.290209,-1.440692,-1.529821,0.092624,0.201716,0.075000,0.179861
79.418635,-1.570248,0.288772,-1.437101,-1.529821,0.092624,0.200271,0.075000,0.173525
79.451835,-1.569831,0.285714,-1.430371,-1.527648,0.089513,0.200684,0.075000,0.177621
79.484969,-1.569396,0.282670,-1.423511,-1.525441,0.086422,0.201111,0.075000,0.181474
79.518535,-1.569185,0.281244,-1.419563,-1.523200,0.083349,0.203168,0.075000,0.189520
79.551942,-1.568715,0.278194,-1.412779,-1.523200,0.083349,0.200091,0.075000,0.178434
79.584887,-1.568236,0.275220,-1.405645,-1.520925,0.080295,0.200585,0.075000,0.181700
79.618460,-1.567990,0.273745,-1.402062,-1.518617,0.077261,0.202592,0.075000,0.190961
79.651964,-1.567471,0.270726,-1.395298,-1.516275,0.074246,0.203040,0.075000,0.195313
79.685090,-1.567161,0.268980,-1.391071,-1.516275,0.074246,0.201272,0.075000,0.188289
79.718579,-1.566669,0.266301,-1.383884,-1.513900,0.071251,0.202062,0.075000,0.191098
79.751497,-1.566104,0.263344,-1.375809,-1.511491,0.068275,0.202570,0.075000,0.192306
79.785242,-1.565814,0.261873,-1.371769,-1.511491,0.068275,0.201075,0.075000,0.185160
79.818574,-1.565478,0.260210,-1.367355,-1.509049,0.065320,0.202896,0.075000,0.192992
79.851779,-1.564912,0.257487,-1.360626,-1.509049,0.065320,0.200122,0.075000,0.181565
79.885148,-1.564912,0.257487,-1.360626,-1.509049,0.065320,0.200122,0.075000,0.181565
79.918175,-1.563612,0.251540,-1.345538,-1.504063,0.059468,0.201091,0.075000,0.187238
79.951879,-1.562944,0.248654,-1.336935,-1.501520,0.056573,0.201663,0.075000,0.187363
79.985304,-1.562545,0.246981,-1.332336,-1.498944,0.053698,0.203478,0.075000,0.194997
80.018645,-1.561877,0.244250,-1.325669,-1.498944,0.053698,0.200676,0.075000,0.183862
80.051853,-1.561136,0.241311,-1.317940,-1.496333,0.050844,0.201189,0.075000,0.186431
80.085318,-1.560697,0.239615,-1.313682,-1.493689,0.048010,0.202984,0.075000,0.195153
80.118663,-1.559994,0.236962,-1.306226,-1.493689,0.048010,0.200248,0.075000,0.181896
80.152040,-1.559207,0.234075,-1.298683,-1.491012,0.045197,0.200812,0.075000,0.185003
80.184822,-1.558404,0.231217,-1.291335,-1.488301,0.042404,0.201406,0.075000,0.188602
80.218407,-1.557922,0.229539,-1.287072,-1.485557,0.039633,0.203226,0.075000,0.197465
80.251849,-1.557191,0.227044,-1.281180,-1.485557,0.039633,0.200634,0.075000,0.187913
80.285306,-1.556729,0.225494,-1.277071,-1.482779,0.036883,0.202590,0.075000,0.197056
80.318672,-1.555882,0.222714,-1.269713,-1.479968,0.034154,0.203267,0.075000,0.200647
80.351522,-1.555059,0.220081,-1.262093,-1.479968,0.034154,0.200518,0.075000,0.187177
80.385059,-1.554077,0.217021,-1.254093,-1.477124,0.031446,0.200898,0.075000,0.189933
80.418646,-1.553574,0.215486,-1.250086,-1.474246,0.028760,0.202878,0.075000,0.199462
80.451934,-1.552621,0.212633,-1.242060,-1.471334,0.026095,0.203480,0.075000,0.201795
80.484915,-1.551656,0.209824,-1.233211,-1.471334,0.026095,0.200520,0.075000,0.185723
80.518591,-1.551195,0.208511,-1.228734,-1.468389,0.023451,0.202741,0.075000,0.193819
80.551505,-1.550175,0.205663,-1.221126,-1.465411,0.020830,0.203343,0.075000,0.197258
80.584811,-1.549098,0.202721,-1.213989,-1.465411,0.020830,0.200219,0.075000,0.185638
80.618771,-1.548581,0.201335,-1.209693,-1.462400,0.018230,0.202372,0.075000,0.194492
80.651807,-1.547502,0.198488,-1.202227,-1.459355,0.015652,0.202974,0.075000,0.198482
80.684809,-1.546423,0.195711,-1.194614,-1.459355,0.015652,0.200005,0.075000,0.185378
80.718579,-1.545892,0.194366,-1.190728,-1.456277,0.013096,0.202212,0.075000,0.195300
80.751495,-1.544792,0.191626,-1.183372,-1.453166,0.010562,0.202927,0.075000,0.199471
80.785129,-1.544208,0.190194,-1.179807,-1.453166,0.010562,0.201385,0.075000,0.193714
80.818548,-1.543610,0.188744,-1.176675,-1.450022,0.008051,0.203492,0.075000,0.205600
80.851803,-1.543610,0.188744,-1.176675,-1.450022,0.008051,0.203492,0.075000,0.205600
80.892571,-1.543016,0.187316,-1.173380,-1.450022,0.008051,0.201950,0.075000,0.200621
80.918582,-1.540018,0.180327,-1.152536,-1.443634,0.003094,0.201745,0.075000,0.197641
80.951933,-1.538888,0.177797,-1.145183,-1.440391,0.000650,0.202689,0.075000,0.201664
80.984857,-1.537631,0.175037,-1.137452,-1.437114,-0.001772,0.203384,0.075000,0.205272
81.018556,-1.537012,0.173700,-1.133532,-1.437114,-0.001772,0.201916,0.075000,0.198593
81.051507,-1.535729,0.170966,-1.125944,-1.433804,-0.004172,0.202637,0.075000,0.202605
81.084807,-1.534435,0.168265,-1.118368,-1.430462,-0.006548,0.203397,0.075000,0.206585
81.118440,-1.533804,0.166966,-1.114069,-1.430462,-0.006548,0.201958,0.075000,0.198933
81.152015,-1.532486,0.164292,-1.105870,-1.427086,-0.008902,0.202745,0.075000,0.201416
81.184986,-1.531137,0.161617,-1.098052,-1.423678,-0.011234,0.203531,0.075000,0.204816
81.218644,-1.530432,0.160239,-1.094538,-1.423678,-0.011234,0.201988,0.075000,0.199289
81.251874,-1.529080,0.157628,-1.085832,-1.420237,-0.013542,0.202845,0.075000,0.200480
81.284805,-1.527711,0.155040,-1.077778,-1.416763,-0.015827,0.203728,0.075000,0.203180
81.318624,-1.527020,0.153753,-1.073584,-1.416763,-0.015827,0.202272,0.075000,0.195783
81.351883,-1.525579,0.151108,-1.065506,-1.413256,-0.018089,0.203087,0.075000,0.198632
81.385004,-1.524069,0.148388,-1.058736,-1.409717,-0.020329,0.203818,0.075000,0.204839
81.418532,-1.523373,0.147148,-1.054547,-1.409717,-0.020329,0.202401,0.075000,0.197405
81.451947,-1.521949,0.144651,-1.046418,-1.406145,-0.022545,0.203384,0.075000,0.199845
81.484805,-1.520476,0.142117,-1.038379,-1.406145,-0.022545,0.200462,0.075000,0.185649
81.518543,-1.519702,0.140804,-1.034368,-1.402540,-0.024737,0.202807,0.075000,0.195747
81.551945,-1.518166,0.138232,-1.026168,-1.398903,-0.026907,0.203702,0.075000,0.198213
81.584798,-1.516585,0.135634,-1.018718,-1.398903,-0.026907,0.200670,0.075000,0.185672
81.618580,-1.515767,0.134306,-1.015032,-1.395233,-0.029053,0.203013,0.075000,0.196612
81.651927,-1.514197,0.131789,-1.007176,-1.395233,-0.029053,0.200056,0.075000,0.182815
81.685117,-1.512610,0.129289,-0.999333,-1.391532,-0.031175,0.201019,0.075000,0.186238
81.718368,-1.511764,0.127974,-0.996013,-1.387797,-0.033275,0.203393,0.075000,0.198023
81.751502,-1.510109,0.125429,-0.988490,-1.387797,-0.033275,0.200368,0.075000,0.185258
81.785016,-1.509316,0.124224,-0.984412,-1.384031,-0.035350,0.202881,0.075000,0.195027
81.818602,-1.508506,0.123006,-0.980246,-1.384031,-0.035350,0.201422,0.075000,0.187551
81.851894,-1.508506,0.123006,-0.980246,-1.384031,-0.035350,0.201422,0.075000,0.187551
81.896691,-1.507384,0.121331,-0.974708,-1.380232,-0.037402,0.203381,0.075000,0.194716
81.918536,-1.503109,0.115134,-0.955932,-1.372538,-0.041436,0.203870,0.075000,0.196577
81.951982,-1.501648,0.113071,-0.950253,-1.372538,-0.041436,0.201350,0.075000,0.187427
81.985128,-1.499909,0.110649,-0.941827,-1.368642,-0.043417,0.202404,0.075000,0.189279
82.018540,-1.499009,0.109410,-0.937887,-1.368642,-0.043417,0.200877,0.075000,0.182388
82.051927,-1.497269,0.107046,-0.930390,-1.364715,-0.045374,0.201996,0.075000,0.186442
82.084806,-1.495486,0.104661,-0.922974,-1.360756,-0.047308,0.203093,0.075000,0.190650
82.118554,-1.494575,0.103459,-0.919469,-1.360756,-0.047308,0.201589,0.075000,0.184837
82.151930,-1.492682,0.100980,-0.912604,-1.356765,-0.049218,0.202566,0.075000,0.190695
82.185013,-1.490856,0.098629,-0.904156,-1.352742,-0.051104,0.203704,0.075000,0.192274
82.218571,-1.489917,0.097436,-0.900159,-1.352742,-0.051104,0.202190,0.075000,0.185307
82.251851,-1.488020,0.095051,-0.892483,-1.348688,-0.052966,0.203279,0.075000,0.188893
82.284774,-1.486073,0.092644,-0.884929,-1.348688,-0.052966,0.200192,0.075000,0.175877
82.318338,-1.485130,0.091491,-0.880933,-1.344602,-0.054804,0.202856,0.075000,0.185746
82.351926,-1.483202,0.089161,-0.873580,-1.340484,-0.056618,0.204010,0.075000,0.189930
82.385399,-1.481300,0.086899,-0.866095,-1.340484,-0.056618,0.201063,0.075000,0.176908
82.418349,-1.480344,0.085774,-0.862419,-1.336335,-0.058408,0.203782,0.075000,0.187320
82.451910,-1.478388,0.083498,-0.855229,-1.336335,-0.058408,0.200790,0.075000,0.175033
82.484858,-1.476454,0.081279,-0.849125,-1.332154,-0.060174,0.202068,0.075000,0.182162
82.518707,-1.475554,0.080257,-0.845807,-1.332154,-0.060174,0.200710,0.075000,0.176392
82.551706,-1.473618,0.078076,-0.838815,-1.327943,-0.061917,0.202038,0.075000,0.181253
82.585326,-1.472491,0.076823,-0.834263,-1.327943,-0.061917,0.200357,0.075000,0.172976
82.618631,-1.470615,0.074760,-0.826842,-1.323699,-0.063635,0.201835,0.075000,0.176475
82.651586,-1.468472,0.072442,-0.818868,-1.319425,-0.065329,0.202967,0.075000,0.179094
82.684969,-1.466299,0.070126,-0.812052,-1.315120,-0.066999,0.204104,0.075000,0.184450
82.718598,-1.465278,0.069049,-0.808285,-1.315120,-0.066999,0.202624,0.075000,0.177882
82.751495,-1.463140,0.066818,-0.801063,-1.310783,-0.068645,0.203870,0.075000,0.182043
82.785285,-1.463140,0.066818,-0.801063,-1.310783,-0.068645,0.203870,0.075000,0.182043
82.818600,-1.460064,0.063666,-0.789860,-1.306416,-0.070266,0.203827,0.075000,0.178702
82.851885,-1.458987,0.062579,-0.786321,-1.306416,-0.070266,0.202301,0.075000,0.172684
82.885171,-1.458987,0.062579,-0.786321,-1.306416,-0.070266,0.202301,0.075000,0.172684
82.918569,-1.458987,0.062579,-0.786321,-1.306416,-0.070266,0.202301,0.075000,0.172684
82.952002,-1.452744,0.056447,-0.763452,-1.297589,-0.073438,0.202344,0.075000,0.164159
82.984803,-1.450631,0.054430,-0.756502,-1.293129,-0.074987,0.203852,0.075000,0.168310
83.018572,-1.449576,0.053435,-0.753053,-1.293129,-0.074987,0.202405,0.075000,0.162224
83.051905,-1.447275,0.051285,-0.747089,-1.288639,-0.076512,0.203710,0.075000,0.169083
83.084981,-1.445063,0.049242,-0.741257,-1.288639,-0.076512,0.200706,0.075000,0.159638
83.118434,-1.443592,0.047895,-0.736316,-1.284118,-0.078013,0.203187,0.075000,0.167191
83.151934,-1.441797,0.046273,-0.730780,-1.284118,-0.078013,0.200773,0.075000,0.157440
83.184990,-1.439567,0.044281,-0.724485,-1.279567,-0.079491,0.202286,0.075000,0.163193
83.218501,-1.438419,0.043265,-0.721298,-1.279567,-0.079491,0.200756,0.075000,0.157767
83.251887,-1.436164,0.041286,-0.714201,-1.274985,-0.080943,0.202284,0.075000,0.161485
83.284997,-1.433948,0.039372,-0.707449,-1.270374,-0.082372,0.203907,0.075000,0.165692
83.318565,-1.432795,0.038386,-0.704533,-1.270374,-0.082372,0.202393,0.075000,0.160993
83.351931,-1.430477,0.036421,-0.698370,-1.265732,-0.083777,0.203932,0.075000,0.166730
83.385096,-1.428203,0.034517,-0.692128,-1.265732,-0.083777,0.200973,0.075000,0.156124
83.418593,-1.427011,0.033529,-0.689013,-1.261060,-0.085157,0.204025,0.075000,0.166919
83.451920,-1.424665,0.031603,-0.682604,-1.261060,-0.085157,0.200996,0.075000,0.156023
83.485001,-1.422403,0.029770,-0.676340,-1.256358,-0.086514,0.202713,0.075000,0.161207
83.518793,-1.421240,0.028836,-0.673111,-1.256358,-0.086514,0.201225,0.075000,0.155592
83.551951,-1.418922,0.026992,-0.666810,-1.251627,-0.087846,0.202917,0.075000,0.160649
83.585209,-1.416550,0.025130,-0.660985,-1.246866,-0.089154,0.204582,0.075000,0.166701
83.618692,-1.415334,0.024184,-0.657925,-1.246866,-0.089154,0.203045,0.075000,0.161716
83.651909,-1.412983,0.022374,-0.651252,-1.246866,-0.089154,0.200083,0.075000,0.149831
83.684955,-1.410674,0.020620,-0.644699,-1.242075,-0.090438,0.201891,0.075000,0.154002
83.718547,-1.409474,0.019718,-0.641732,-1.242075,-0.090438,0.200392,0.075000,0.148926
83.751687,-1.407054,0.017915,-0.635859,-1.237254,-0.091699,0.202106,0.075000,0.154823
83.785258,-1.407054,0.017915,-0.635859,-1.237254,-0.091699,0.202106,0.075000,0.154823
83.818434,-1.404643,0.016141,-0.629951,-1.232405,-0.092935,0.203872,0.075000,0.160331
83.851876,-1.404643,0.016141,-0.629951,-1.232405,-0.092935,0.203872,0.075000,0.160331
83.886603,-1.403052,0.014981,-0.625443,-1.232405,-0.092935,0.201907,0.075000,0.152324
83.918405,-1.397339,0.010902,-0.611574,-1.222617,-0.095335,0.204485,0.075000,0.159481
83.951930,-1.394855,0.009165,-0.605377,-1.222617,-0.095335,0.201460,0.075000,0.148900
83.985094,-1.393421,0.008173,-0.601916,-1.217680,-0.096499,0.204551,0.075000,0.158127
84.018641,-1.391156,0.006621,-0.595896,-1.217680,-0.096499,0.201812,0.075000,0.147519
84.051878,-1.388565,0.004868,-0.590381,-1.212713,-0.097640,0.203548,0.075000,0.153710
84.085217,-1.386051,0.003188,-0.584304,-1.212713,-0.097640,0.200530,0.075000,0.143191
84.118607,-1.384787,0.002352,-0.581195,-1.207718,-0.098756,0.203902,0.075000,0.152824
84.151952,-1.382298,0.000723,-0.575193,-1.207718,-0.098756,0.200933,0.075000,0.142409
84.185197,-1.380880,-0.000196,-0.571363,-1.202694,-0.099849,0.204159,0.075000,0.150371
84.218628,-1.378555,-0.001687,-0.566395,-1.202694,-0.099849,0.201402,0.075000,0.142167
84.251963,-1.375967,-0.003329,-0.560665,-1.197641,-0.100917,0.203282,0.075000,0.147339
84.285044,-1.373395,-0.004939,-0.554303,-1.197641,-0.100917,0.200253,0.075000,0.135918
84.318560,-1.372088,-0.005748,-0.551122,-1.192560,-0.101962,0.203684,0.075000,0.145104
84.352034,-1.369536,-0.007311,-0.545168,-1.192560,-0.101962,0.200697,0.075000,0.134585
84.385261,-1.368088,-0.008189,-0.541810,-1.187451,-0.102984,0.204000,0.075000,0.143388
84.418414,-1.365728,-0.009606,-0.537445,-1.187451,-0.102984,0.201251,0.075000,0.136467
84.451637,-1.363127,-0.011152,-0.532200,-1.182313,-0.103981,0.203251,0.075000,0.142336
84.485278,-1.361624,-0.012037,-0.528337,-1.182313,-0.103981,0.201510,0.075000,0.135236
84.518648,-1.359258,-0.013413,-0.522657,-1.177147,-0.104955,0.203825,0.075000,0.139449
84.551930,-1.356636,-0.014919,-0.516949,-1.177147,-0.104955,0.200806,0.075000,0.129421
84.585255,-1.355098,-0.015793,-0.513842,-1.171953,-0.105906,0.204114,0.075000,0.138553
84.618542,-1.352415,-0.017303,-0.508371,-1.171953,-0.105906,0.201040,0.075000,0.129186
84.651971,-1.350038,-0.018623,-0.503008,-1.166731,-0.106832,0.203427,0.075000,0.133897
84.685010,-1.347444,-0.020046,-0.497112,-1.166731,-0.106832,0.200472,0.075000,0.123140
84.718335,-1.345928,-0.020868,-0.493610,-1.161481,-0.107736,0.203879,0.075000,0.131047
84.751644,-1.343490,-0.022176,-0.488796,-1.161481,-0.107736,0.201116,0.075000,0.122678
84.785103,-1.341908,-0.023017,-0.486696,-1.156203,-0.108615,0.204483,0.075000,0.133888
84.818570,-1.339501,-0.024287,-0.481705,-1.156203,-0.108615,0.201765,0.075000,0.125131
84.851671,-1.339501,-0.024287,-0.481705,-1.156203,-0.108615,0.201765,0.075000,0.125131
84.892671,-1.338264,-0.024934,-0.478936,-1.156203,-0.108615,0.200371,0.075000,0.119976
84.918691,-1.333085,-0.027608,-0.471527,-1.145566,-0.110305,0.204944,0.075000,0.136984
84.951686,-1.330430,-0.028958,-0.466063,-1.145566,-0.110305,0.201970,0.075000,0.127498
84.984997,-1.327675,-0.030339,-0.460291,-1.140206,-0.111115,0.204131,0.075000,0.130868
85.018548,-1.326275,-0.031033,-0.456940,-1.140206,-0.111115,0.202571,0.075000,0.124632
85.051925,-1.323504,-0.032391,-0.451026,-1.134819,-0.111901,0.204753,0.075000,0.127457
85.085144,-1.320729,-0.033731,-0.445520,-1.134819,-0.111901,0.201675,0.075000,0.117702
85.118560,-1.319375,-0.034378,-0.442847,-1.134819,-0.111901,0.200177,0.075000,0.112799
85.151683,-1.316643,-0.035671,-0.437705,-1.129405,-0.112664,0.202451,0.075000,0.117454
85.185009,-1.313921,-0.036941,-0.432936,-1.123964,-0.113405,0.204769,0.075000,0.122646
85.218545,-1.312557,-0.037571,-0.430800,-1.123964,-0.113405,0.203269,0.075000,0.119215
85.251948,-1.309855,-0.038810,-0.425642,-1.123964,-0.113405,0.200299,0.075000,0.109882
85.284846,-1.307239,-0.039993,-0.420323,-1.118496,-0.114122,0.202778,0.075000,0.113581
85.318474,-1.305940,-0.040573,-0.417679,-1.118496,-0.114122,0.201357,0.075000,0.108632
85.351957,-1.303184,-0.041793,-0.413340,-1.113002,-0.114816,0.203720,0.075000,0.114659
85.385122,-1.300404,-0.043009,-0.409706,-1.113002,-0.114816,0.200689,0.075000,0.109067
85.418178,-1.298955,-0.043638,-0.407950,-1.107481,-0.115487,0.204511,0.075000,0.119670
85.451990,-1.296224,-0.044815,-0.402878,-1.107481,-0.115487,0.201541,0.075000,0.110614
85.485015,-1.293515,-0.045966,-0.398489,-1.101934,-0.116136,0.204027,0.075000,0.116111
85.518435,-1.292135,-0.046547,-0.396552,-1.101934,-0.116136,0.202532,0.075000,0.113057
85.551990,-1.289312,-0.047727,-0.392120,-1.096360,-0.116761,0.204930,0.075000,0.118358
85.585131,-1.286583,-0.048851,-0.387398,-1.096360,-0.116761,0.201982,0.075000,0.110120
85.618336,-1.285193,-0.049419,-0.385209,-1.096360,-0.116761,0.200482,0.075000,0.106319
85.651946,-1.282445,-0.050530,-0.380225,-1.090760,-0.117365,0.203002,0.075000,0.110152
85.685134,-1.279638,-0.051649,-0.376196,-1.085135,-0.117945,0.205492,0.075000,0.116013
85.718747,-1.278050,-0.052276,-0.373908,-1.085135,-0.117945,0.203786,0.075000,0.112355
85.751720,-1.275479,-0.053283,-0.369950,-1.085135,-0.117945,0.201028,0.075000,0.105601
85.785312,-1.274092,-0.053820,-0.367403,-1.079483,-0.118503,0.205077,0.075000,0.113377
85.818549,-1.272469,-0.054445,-0.364992,-1.079483,-0.118503,0.203340,0.075000,0.109401
85.851921,-1.272469,-0.054445,-0.364992,-1.079483,-0.118503,0.203340,0.075000,0.109401
85.885001,-1.265818,-0.056952,-0.354247,-1.073806,-0.119038,0.201800,0.075000,0.102822
85.918775,-1.264400,-0.057476,-0.352386,-1.073806,-0.119038,0.200289,0.075000,0.099738
85.951960,-1.261585,-0.058508,-0.348275,-1.068103,-0.119551,0.202883,0.075000,0.105109
85.984985,-1.258764,-0.059530,-0.344322,-1.062375,-0.120042,0.205500,0.075000,0.110498
86.018743,-1.257332,-0.060044,-0.342705,-1.062375,-0.120042,0.203980,0.075000,0.108192
86.051939,-1.254462,-0.061066,-0.339128,-1.062375,-0.120042,0.200937,0.075000,0.102579
86.084983,-1.251644,-0.062057,-0.334710,-1.056622,-0.120511,0.203594,0.075000,0.106798
86.118702,-1.250009,-0.062625,-0.332450,-1.056622,-0.120511,0.201864,0.075000,0.103042
86.151917,-1.247398,-0.063524,-0.329138,-1.050843,-0.120957,0.204773,0.075000,0.109484
86.184905,-1.244594,-0.064479,-0.325245,-1.050843,-0.120957,0.201814,0.075000,0.103049
86.218705,-1.243202,-0.064948,-0.323030,-1.050843,-0.120957,0.200347,0.075000,0.099039
86.251935,-1.240466,-0.065862,-0.318193,-1.045040,-0.121381,0.203159,0.075000,0.101836
86.284799,-1.237554,-0.066818,-0.314428,-1.045040,-0.121381,0.200097,0.075000,0.095541
86.318659,-1.236101,-0.067290,-0.312567,-1.039212,-0.121784,0.204292,0.075000,0.104115
86.351942,-1.233230,-0.068216,-0.308435,-1.039212,-0.121784,0.201277,0.075000,0.096977
86.384851,-1.230449,-0.069099,-0.303927,-1.033359,-0.122165,0.204109,0.075000,0.100203
86.418663,-1.229020,-0.069547,-0.302090,-1.033359,-0.122165,0.202613,0.075000,0.097158
86.451929,-1.226275,-0.070400,-0.298308,-1.027481,-0.122524,0.205514,0.075000,0.101864
86.485043,-1.223344,-0.071299,-0.294802,-1.027481,-0.122524,0.202451,0.075000,0.096292
86.518628,-1.221915,-0.071733,-0.292484,-1.027481,-0.122524,0.200958,0.075000,0.091963
86.551954,-1.219089,-0.072581,-0.287892,-1.021580,-0.122861,0.203809,0.075000,0.094709
86.585153,-1.216241,-0.073420,-0.283384,-1.021580,-0.122861,0.200841,0.075000,0.086269
86.618649,-1.214713,-0.073865,-0.281871,-1.015654,-0.123177,0.205077,0.075000,0.095152
86.651917,-1.211775,-0.074714,-0.278594,-1.015654,-0.123177,0.202020,0.075000,0.089926
86.685205,-1.208932,-0.075525,-0.274819,-1.009703,-0.123471,0.204916,0.075000,0.094284
86.718404,-1.207533,-0.075919,-0.272659,-1.009703,-0.123471,0.203464,0.075000,0.090330
86.751630,-1.204617,-0.076732,-0.269107,-1.009703,-0.123471,0.200439,0.075000,0.084192
86.785261,-1.204617,-0.076732,-0.269107,-1.009703,-0.123471,0.200439,0.075000,0.084192
86.818194,-1.200178,-0.077948,-0.263700,-1.003729,-0.123744,0.201716,0.075000,0.085918
86.851931,-1.200178,-0.077948,-0.263700,-1.003729,-0.123744,0.201716,0.075000,0.085918
86.884929,-1.194545,-0.079451,-0.255443,-0.997732,-0.123996,0.201791,0.075000,0.081412
86.918599,-1.193118,-0.079823,-0.253769,-0.997732,-0.123996,0.200317,0.075000,0.078436
86.951956,-1.190157,-0.080589,-0.250562,-0.991710,-0.124226,0.203188,0.075000,0.083932
86.985200,-1.188445,-0.081027,-0.248927,-0.991710,-0.124226,0.201422,0.075000,0.081354
87.018571,-1.185618,-0.081744,-0.246908,-0.985666,-0.124436,0.204459,0.075000,0.089385
87.051935,-1.182635,-0.082494,-0.242638,-0.985666,-0.124436,0.201385,0.075000,0.081513
87.085057,-1.179574,-0.083249,-0.239976,-0.979598,-0.124624,0.204212,0.075000,0.088019
87.118596,-1.177917,-0.083655,-0.237303,-0.979598,-0.124624,0.202507,0.075000,0.082911
87.151542,-1.175223,-0.084304,-0.233909,-0.973507,-0.124792,0.205740,0.075000,0.087045
87.184848,-1.172284,-0.085003,-0.230648,-0.973507,-0.124792,0.202720,0.075000,0.081592
87.218572,-1.170823,-0.085346,-0.228946,-0.973507,-0.124792,0.201221,0.075000,0.078586
87.251942,-1.167804,-0.086047,-0.225454,-0.967393,-0.124939,0.204151,0.075000,0.082707
87.284842,-1.164820,-0.086729,-0.222337,-0.967393,-0.124939,0.201092,0.075000,0.077471
87.318660,-1.162839,-0.087177,-0.220294,-0.961256,-0.125066,0.205113,0.075000,0.084100
87.351953,-1.160415,-0.087719,-0.218016,-0.961256,-0.125066,0.202631,0.075000,0.080542
87.384902,-1.157530,-0.088356,-0.215247,-0.955096,-0.125172,0.205755,0.075000,0.085874
87.418169,-1.155464,-0.088807,-0.213342,-0.955096,-0.125172,0.203641,0.075000,0.082991
87.451886,-1.153351,-0.089264,-0.211862,-0.955096,-0.125172,0.201481,0.075000,0.081103
87.485003,-1.150444,-0.089888,-0.208821,-0.948914,-0.125258,0.204610,0.075000,0.085716
87.518663,-1.148930,-0.090209,-0.206939,-0.948914,-0.125258,0.203063,0.075000,0.082395
87.551953,-1.146002,-0.090821,-0.202567,-0.948914,-0.125258,0.200074,0.075000,0.073928
87.585006,-1.143053,-0.091424,-0.197244,-0.942710,-0.125323,0.203191,0.075000,0.072888
87.618630,-1.141591,-0.091716,-0.195351,-0.942710,-0.125323,0.201701,0.075000,0.069280
87.651940,-1.138491,-0.092328,-0.193144,-0.936484,-0.125369,0.204691,0.075000,0.075758
87.684806,-1.135395,-0.092932,-0.190780,-0.936484,-0.125369,0.201539,0.075000,0.072267
87.718548,-1.133914,-0.093218,-0.189216,-0.936484,-0.125369,0.200031,0.075000,0.069452
87.751621,-1.131057,-0.093763,-0.186081,-0.930235,-0.125394,0.203298,0.075000,0.073415
87.785272,-1.129578,-0.094041,-0.184699,-0.930235,-0.125394,0.201794,0.075000,0.071092
87.818495,-1.128046,-0.094328,-0.183512,-0.930235,-0.125394,0.200235,0.075000,0.069241
87.851883,-1.128046,-0.094328,-0.183512,-0.930235,-0.125394,0.200235,0.075000,0.069241
87.884836,-1.120686,-0.095672,-0.176749,-0.917673,-0.125386,0.205175,0.075000,0.076550
87.918635,-1.119164,-0.095944,-0.175268,-0.917673,-0.125386,0.203631,0.075000,0.074082
87.951861,-1.116231,-0.096461,-0.172159,-0.917673,-0.125386,0.200653,0.075000,0.068524
87.985002,-1.113320,-0.096965,-0.169441,-0.911360,-0.125352,0.203945,0.075000,0.073046
88.018671,-1.111821,-0.097221,-0.168113,-0.911360,-0.125352,0.202425,0.075000,0.070867
88.051941,-1.108905,-0.097715,-0.164957,-0.905026,-0.125299,0.205737,0.075000,0.074056
88.084992,-1.105936,-0.098207,-0.162669,-0.905026,-0.125299,0.202729,0.075000,0.070612
88.118686,-1.104419,-0.098456,-0.161182,-0.905026,-0.125299,0.201192,0.075000,0.068002
88.151922,-1.101611,-0.098911,-0.157175,-0.898670,-0.125226,0.204640,0.075000,0.068952
88.185027,-1.098712,-0.099368,-0.153989,-0.898670,-0.125226,0.201707,0.075000,0.063050
88.218339,-1.097208,-0.099601,-0.153098,-0.898670,-0.125226,0.200185,0.075000,0.061786
88.251927,-1.094159,-0.100070,-0.150240,-0.892294,-0.125135,0.203416,0.075000,0.065638
88.285010,-1.091148,-0.100524,-0.148256,-0.892294,-0.125135,0.200372,0.075000,0.062678
88.318492,-1.089660,-0.100746,-0.147395,-0.885896,-0.125024,0.205205,0.075000,0.070186
88.351892,-1.086753,-0.101176,-0.144786,-0.885896,-0.125024,0.202268,0.075000,0.065772
88.384806,-1.083754,-0.101612,-0.142594,-0.879478,-0.124894,0.205599,0.075000,0.070782
88.418610,-1.082285,-0.101823,-0.141326,-0.879478,-0.124894,0.204115,0.075000,0.068710
88.452038,-1.079440,-0.102226,-0.138300,-0.879478,-0.124894,0.201242,0.075000,0.063147
88.485315,-1.077722,-0.102465,-0.136735,-0.873040,-0.124746,0.205891,0.075000,0.068733
88.518446,-1.075022,-0.102834,-0.133757,-0.873040,-0.124746,0.203167,0.075000,0.063239
88.551943,-1.072086,-0.103228,-0.131274,-0.873040,-0.124746,0.200206,0.075000,0.058902
88.585263,-1.070398,-0.103451,-0.129394,-0.866582,-0.124578,0.204908,0.075000,0.063684
88.618457,-1.067624,-0.103810,-0.127394,-0.866582,-0.124578,0.202112,0.075000,0.060489
88.651842,-1.064645,-0.104190,-0.125447,-0.860103,-0.124393,0.205537,0.075000,0.065660
88.684807,-1.061683,-0.104562,-0.123088,-0.860103,-0.124393,0.202554,0.075000,0.061769
88.718527,-1.060181,-0.104748,-0.121879,-0.860103,-0.124393,0.201040,0.075000,0.059696
88.751542,-1.057301,-0.105098,-0.118475,-0.853605,-0.124189,0.204590,0.075000,0.061152
88.785223,-1.055367,-0.105328,-0.116931,-0.853605,-0.124189,0.202642,0.075000,0.058526
88.818585,-1.054446,-0.105436,-0.116305,-0.853605,-0.124189,0.201715,0.075000,0.057512
88.851830,-1.054446,-0.105436,-0.116305,-0.853605,-0.124189,0.201715,0.075000,0.057512
88.884873,-1.048560,-0.106115,-0.111805,-0.847086,-0.123966,0.202263,0.075000,0.057922
88.918542,-1.045600,-0.106446,-0.109191,-0.840549,-0.123726,0.205778,0.075000,0.061021
88.951959,-1.042630,-0.106770,-0.106752,-0.840549,-0.123726,0.202791,0.075000,0.056801
88.985075,-1.039663,-0.107085,-0.104038,-0.833992,-0.123468,0.206323,0.075000,0.059496
89.018726,-1.038181,-0.107240,-0.102904,-0.833992,-0.123468,0.204833,0.075000,0.057595
89.051686,-1.035134,-0.107554,-0.101099,-0.833992,-0.123468,0.201770,0.075000,0.054871
89.084990,-1.032125,-0.107857,-0.098662,-0.827416,-0.123192,0.205283,0.075000,0.058187
89.118682,-1.030688,-0.107999,-0.097260,-0.827416,-0.123192,0.203840,0.075000,0.055576
89.151904,-1.027768,-0.108283,-0.094660,-0.827416,-0.123192,0.200907,0.075000,0.050726
89.184809,-1.024782,-0.108565,-0.092218,-0.820820,-0.122898,0.204464,0.075000,0.053938
89.218628,-1.023237,-0.108707,-0.091219,-0.820820,-0.122898,0.202914,0.075000,0.052302
89.251969,-1.020225,-0.108981,-0.089110,-0.814207,-0.122587,0.206467,0.075000,0.056093
89.284922,-1.017172,-0.109253,-0.086802,-0.814207,-0.122587,0.203403,0.075000,0.052109
89.318756,-1.015698,-0.109381,-0.085915,-0.814207,-0.122587,0.201924,0.075000,0.050677
89.351994,-1.012835,-0.109626,-0.082787,-0.807574,-0.122258,0.205650,0.075000,0.051834
89.385140,-1.009812,-0.109875,-0.080889,-0.807574,-0.122258,0.202617,0.075000,0.048698
89.418553,-1.008280,-0.109999,-0.079780,-0.807574,-0.122258,0.201080,0.075000,0.046690
89.451924,-1.005382,-0.110230,-0.077006,-0.800923,-0.121913,0.204793,0.075000,0.048651
89.485081,-1.002325,-0.110464,-0.075200,-0.800923,-0.121913,0.201727,0.075000,0.045648
89.518588,-1.000762,-0.110582,-0.074340,-0.800923,-0.121913,0.200160,0.075000,0.044219
89.551948,-0.997664,-0.110812,-0.072791,-0.794254,-0.121550,0.203693,0.075000,0.049215
89.585015,-0.994691,-0.111028,-0.071573,-0.794254,-0.121550,0.200713,0.075000,0.047639
89.618593,-0.993198,-0.111135,-0.070492,-0.787567,-0.121170,0.205876,0.075000,0.052763
89.651709,-0.990187,-0.111346,-0.068714,-0.787567,-0.121170,0.202858,0.075000,0.049953
89.684843,-0.987201,-0.111551,-0.066340,-0.780862,-0.120774,0.206545,0.075000,0.052453
89.718621,-0.985731,-0.111648,-0.065159,-0.780862,-0.120774,0.205072,0.075000,0.050330
89.751989,-0.982536,-0.111856,-0.063574,-0.780862,-0.120774,0.201872,0.075000,0.048004
89.785221,-0.982536,-0.111856,-0.063574,-0.780862,-0.120774,0.201872,0.075000,0.048004
89.818603,-0.979582,-0.112043,-0.061058,-0.774139,-0.120361,0.205612,0.075000,0.050065
89.851988,-0.979582,-0.112043,-0.061058,-0.774139,-0.120361,0.205612,0.075000,0.050065
89.885903,-0.977905,-0.112145,-0.059022,-0.774139,-0.120361,0.203931,0.075000,0.045905
89.918702,-0.970556,-0.112562,-0.054256,-0.767399,-0.119932,0.203291,0.075000,0.044263
89.952037,-0.967571,-0.112723,-0.051777,-0.767399,-0.119932,0.200302,0.075000,0.039391
89.984868,-0.964586,-0.112876,-0.049605,-0.760641,-0.119486,0.204051,0.075000,0.042157
90.018594,-0.963113,-0.112949,-0.048687,-0.760641,-0.119486,0.202578,0.075000,0.040508
90.051956,-0.960136,-0.113093,-0.046681,-0.753867,-0.119025,0.206355,0.075000,0.043442
90.084795,-0.957171,-0.113230,-0.045109,-0.753867,-0.119025,0.203387,0.075000,0.040846
90.118683,-0.955725,-0.113296,-0.045001,-0.753867,-0.119025,0.201940,0.075000,0.041168
90.151768,-0.952857,-0.113425,-0.044920,-0.747075,-0.118547,0.205845,0.075000,0.048657
90.185079,-0.949906,-0.113557,-0.043922,-0.747075,-0.118547,0.202892,0.075000,0.047618
90.218586,-0.948390,-0.113624,-0.042758,-0.747075,-0.118547,0.201375,0.075000,0.045450
90.251924,-0.945342,-0.113752,-0.040086,-0.740267,-0.118054,0.205120,0.075000,0.046588
90.284833,-0.942208,-0.113877,-0.037650,-0.740267,-0.118054,0.201984,0.075000,0.041996
90.318331,-0.940629,-0.113936,-0.036302,-0.740267,-0.118054,0.200404,0.075000,0.039298
90.351901,-0.937526,-0.114048,-0.034774,-0.733442,-0.117545,0.204114,0.075000,0.043206
90.384824,-0.934458,-0.114153,-0.032942,-0.733442,-0.117545,0.201044,0.075000,0.039963
90.418630,-0.932979,-0.114202,-0.032050,-0.726601,-0.117021,0.206397,0.075000,0.044550
90.451915,-0.929967,-0.114298,-0.030563,-0.726601,-0.117021,0.203384,0.075000,0.042212
90.485112,-0.927005,-0.114387,-0.029039,-0.726601,-0.117021,0.200420,0.075000,0.039654
90.518387,-0.925489,-0.114431,-0.028338,-0.719744,-0.116482,0.205755,0.075000,0.044639
90.551950,-0.922363,-0.114519,-0.027313,-0.719744,-0.116482,0.202628,0.075000,0.043494
90.584902,-0.919421,-0.114598,-0.025253,-0.712871,-0.115928,0.206554,0.075000,0.045549
90.618562,-0.917994,-0.114634,-0.023930,-0.712871,-0.115928,0.205126,0.075000,0.042960
90.651940,-0.915016,-0.114704,-0.021528,-0.712871,-0.115928,0.202149,0.075000,0.038277
90.685076,-0.911963,-0.114769,-0.020311,-0.705983,-0.115358,0.205981,0.075000,0.042353
90.718582,-0.910455,-0.114799,-0.019556,-0.705983,-0.115358,0.204473,0.075000,0.041134
90.751498,-0.907487,-0.114856,-0.017810,-0.705983,-0.115358,0.201505,0.075000,0.038009
90.785232,-0.907487,-0.114856,-0.017810,-0.705983,-0.115358,0.201505,0.075000,0.038009
90.818696,-0.904497,-0.114908,-0.016254,-0.699078,-0.114774,0.205419,0.075000,0.041149
90.864533,-0.902726,-0.114937,-0.015660,-0.699078,-0.114774,0.203648,0.075000,0.040409
90.884813,-0.896969,-0.115024,-0.012912,-0.692159,-0.114176,0.204812,0.075000,0.041635
90.918550,-0.895501,-0.115043,-0.011969,-0.692159,-0.114176,0.203344,0.075000,0.039919
90.951926,-0.892641,-0.115076,-0.009745,-0.692159,-0.114176,0.200485,0.075000,0.035505
90.985004,-0.889573,-0.115106,-0.008668,-0.685224,-0.113563,0.204355,0.075000,0.039677
91.018762,-0.888095,-0.115118,-0.007482,-0.685224,-0.113563,0.202877,0.075000,0.037337
91.051654,-0.885071,-0.115141,-0.006395,-0.678274,-0.112936,0.206808,0.075000,0.041235
91.084954,-0.881979,-0.115160,-0.005828,-0.678274,-0.112936,0.203716,0.075000,0.041099
91.118347,-0.880484,-0.115169,-0.004881,-0.678274,-0.112936,0.202222,0.075000,0.039368
91.151902,-0.877500,-0.115182,-0.002979,-0.671310,-0.112295,0.206210,0.075000,0.041173
91.184975,-0.874569,-0.115190,-0.001589,-0.671310,-0.112295,0.203280,0.075000,0.038938
91.218335,-0.873022,-0.115192,-0.001157,-0.671310,-0.112295,0.201733,0.075000,0.038466
91.251823,-0.869972,-0.115195,0.000335,-0.664331,-0.111640,0.205672,0.075000,0.041208
91.285021,-0.867059,-0.115193,0.001984,-0.664331,-0.111640,0.202759,0.075000,0.038323
91.318535,-0.865630,-0.115190,0.002900,-0.664331,-0.111640,0.201331,0.075000,0.036593
91.351553,-0.862641,-0.115181,0.004312,-0.657338,-0.110971,0.205346,0.075000,0.039417
91.384993,-0.859572,-0.115167,0.005422,-0.657338,-0.110971,0.202278,0.075000,0.037869
91.418170,-0.857544,-0.115156,0.006081,-0.657338,-0.110971,0.200250,0.075000,0.036995
91.451525,-0.855127,-0.115141,0.007330,-0.650330,-0.110289,0.204854,0.075000,0.039917
91.484981,-0.852220,-0.115118,0.009718,-0.650330,-0.110289,0.201947,0.075000,0.035139
91.518550,-0.850169,-0.115098,0.010676,-0.643309,-0.109594,0.206934,0.075000,0.038474
91.551900,-0.847756,-0.115072,0.011700,-0.643309,-0.109594,0.204520,0.075000,0.036876
91.585074,-0.844760,-0.115035,0.012878,-0.643309,-0.109594,0.201524,0.075000,0.035046
91.618632,-0.842732,-0.115009,0.013390,-0.636274,-0.108886,0.206548,0.075000,0.039360
91.651911,-0.840229,-0.114975,0.014022,-0.636274,-0.108886,0.204046,0.075000,0.038780
91.685041,-0.837231,-0.114933,0.015379,-0.636274,-0.108886,0.201048,0.075000,0.036559
91.718515,-0.835146,-0.114900,0.016184,-0.629226,-0.108165,0.206031,0.075000,0.040077
91.751698,-0.832733,-0.114860,0.018164,-0.629226,-0.108165,0.203618,0.075000,0.036158
91.785241,-0.831297,-0.114834,0.018977,-0.629226,-0.108165,0.202181,0.075000,0.034663
91.818492,-0.829824,-0.114806,0.019978,-0.629226,-0.108165,0.200708,0.075000,0.032682
91.864685,-0.828343,-0.114777,0.021033,-0.622164,-0.107431,0.206310,0.075000,0.035337
91.884824,-0.822371,-0.114642,0.023867,-0.622164,-0.107431,0.200337,0.075000,0.030293
91.918379,-0.820844,-0.114606,0.024109,-0.615089,-0.106684,0.205907,0.075000,0.034899
91.951810,-0.817860,-0.114533,0.025945,-0.615089,-0.106684,0.202923,0.075000,0.031396
91.984980,-0.814788,-0.114452,0.027372,-0.608001,-0.105926,0.206963,0.075000,0.033427
92.018550,-0.813293,-0.114411,0.028080,-0.608001,-0.105926,0.205468,0.075000,0.032192
92.051949,-0.810310,-0.114326,0.029264,-0.608001,-0.105926,0.202484,0.075000,0.030208
92.084906,-0.807318,-0.114237,0.031079,-0.600900,-0.105155,0.206618,0.075000,0.031198
92.118719,-0.805814,-0.114190,0.031727,-0.600900,-0.105155,0.205113,0.075000,0.030076
92.151781,-0.802943,-0.114098,0.034081,-0.600900,-0.105155,0.202240,0.075000,0.025104
92.185099,-0.799957,-0.113995,0.035042,-0.593787,-0.104372,0.206394,0.075000,0.028108
92.218730,-0.798449,-0.113943,0.035772,-0.593787,-0.104372,0.204885,0.075000,0.026742
92.251672,-0.795510,-0.113836,0.037205,-0.593787,-0.104372,0.201944,0.075000,0.023965
92.285027,-0.792397,-0.113720,0.037697,-0.586662,-0.103577,0.205985,0.075000,0.028072
92.318566,-0.790848,-0.113662,0.038182,-0.586662,-0.103577,0.204435,0.075000,0.027314
92.351821,-0.787901,-0.113548,0.039613,-0.586662,-0.103577,0.201486,0.075000,0.024559
92.384983,-0.785028,-0.113434,0.041362,-0.579525,-0.102771,0.205780,0.075000,0.025459
92.418875,-0.783609,-0.113375,0.042390,-0.579525,-0.102771,0.204360,0.075000,0.023298
92.451924,-0.780612,-0.113247,0.043225,-0.579525,-0.102771,0.201360,0.075000,0.021918
92.485061,-0.777558,-0.113115,0.043911,-0.572376,-0.101953,0.205486,0.075000,0.025391
92.518648,-0.776054,-0.113049,0.044611,-0.572376,-0.101953,0.203980,0.075000,0.024051
92.551861,-0.772924,-0.112909,0.045371,-0.572376,-0.101953,0.200847,0.075000,0.022908
92.585008,-0.769803,-0.112767,0.045906,-0.565215,-0.101124,0.204919,0.075000,0.026690
92.618591,-0.768348,-0.112700,0.046689,-0.565215,-0.101124,0.203463,0.075000,0.025149
92.651938,-0.765341,-0.112559,0.047830,-0.565215,-0.101124,0.200452,0.075000,0.023055
92.685131,-0.763499,-0.112470,0.047955,-0.558042,-0.100284,0.205817,0.075000,0.027419
92.718442,-0.760751,-0.112338,0.049225,-0.558042,-0.100284,0.203067,0.075000,0.025038
92.751740,-0.757898,-0.112196,0.051402,-0.558042,-0.100284,0.200210,0.075000,0.020295
92.785263,-0.757898,-0.112196,0.051402,-0.558042,-0.100284,0.200210,0.075000,0.020295
92.818343,-0.754820,-0.112036,0.052848,-0.550859,-0.099434,0.204351,0.075000,0.021683
92.852088,-0.754820,-0.112036,0.052848,-0.550859,-0.099434,0.204351,0.075000,0.021683
92.885118,-0.748198,-0.111684,0.053963,-0.543664,-0.098573,0.204953,0.075000,0.024521
92.918562,-0.745776,-0.111552,0.054702,-0.543664,-0.098573,0.202528,0.075000,0.023284
92.951634,-0.742920,-0.111396,0.055377,-0.536459,-0.097701,0.206915,0.075000,0.026232
92.985180,-0.740085,-0.111239,0.054733,-0.536459,-0.097701,0.204076,0.075000,0.028551
93.018585,-0.738677,-0.111162,0.054868,-0.536459,-0.097701,0.202665,0.075000,0.028617
93.051762,-0.735489,-0.110985,0.056424,-0.529243,-0.096819,0.206732,0.075000,0.029395
93.085251,-0.733901,-0.110896,0.056640,-0.529243,-0.096819,0.205142,0.075000,0.029326
93.118554,-0.731107,-0.110735,0.058927,-0.529243,-0.096819,0.202343,0.075000,0.024470
93.151945,-0.727940,-0.110547,0.060576,-0.522017,-0.095927,0.206441,0.075000,0.024953
93.184800,-0.724980,-0.110366,0.062787,-0.522017,-0.095927,0.203476,0.075000,0.020234
93.218563,-0.723500,-0.110273,0.063705,-0.522017,-0.095927,0.201993,0.075000,0.018258
93.251948,-0.720495,-0.110081,0.065183,-0.514780,-0.095026,0.206265,0.075000,0.019077
93.285012,-0.717446,-0.109881,0.066242,-0.514780,-0.095026,0.203209,0.075000,0.017039
93.318619,-0.715938,-0.109781,0.066647,-0.514780,-0.095026,0.201698,0.075000,0.016293
93.351937,-0.712891,-0.109577,0.066885,-0.507534,-0.094114,0.205938,0.075000,0.020077
93.385073,-0.709903,-0.109376,0.067762,-0.507534,-0.094114,0.202944,0.075000,0.018507
93.418504,-0.708464,-0.109279,0.068599,-0.507534,-0.094114,0.201501,0.075000,0.016696
93.451919,-0.705533,-0.109077,0.069293,-0.500278,-0.093194,0.205869,0.075000,0.019271
93.484793,-0.702506,-0.108867,0.069726,-0.500278,-0.093194,0.202834,0.075000,0.018786
93.518561,-0.701076,-0.108767,0.070616,-0.500278,-0.093194,0.201401,0.075000,0.016845
93.551932,-0.697994,-0.108549,0.070586,-0.493012,-0.092264,0.205628,0.075000,0.021138
93.584984,-0.695031,-0.108339,0.071127,-0.493012,-0.092264,0.202658,0.075000,0.020423
93.618548,-0.693562,-0.108234,0.071532,-0.493012,-0.092264,0.201185,0.075000,0.019715
93.651930,-0.690515,-0.108016,0.071850,-0.485737,-0.091325,0.205456,0.075000,0.023062
93.685014,-0.687448,-0.107795,0.071929,-0.485737,-0.091325,0.202383,0.075000,0.023572
93.718577,-0.685932,-0.107686,0.072387,-0.485737,-0.091325,0.200862,0.075000,0.022788
93.751672,-0.682930,-0.107468,0.073031,-0.478453,-0.090378,0.205190,0.075000,0.025233
93.784936,-0.680937,-0.107322,0.073798,-0.478453,-0.090378,0.203191,0.075000,0.023845
93.818166,-0.678457,-0.107138,0.074364,-0.478453,-0.090378,0.200705,0.075000,0.023023
93.851857,-0.678457,-0.107138,0.074364,-0.478453,-0.090378,0.200705,0.075000,0.023023
93.902543,-0.676919,-0.107023,0.074472,-0.471160,-0.089421,0.206510,0.075000,0.026312
93.918619,-0.670898,-0.106570,0.076391,-0.471160,-0.089421,0.200472,0.075000,0.023078
93.951709,-0.667913,-0.106341,0.076677,-0.463859,-0.088457,0.204837,0.075000,0.026225
93.985037,-0.665042,-0.106119,0.078428,-0.463859,-0.088457,0.201957,0.075000,0.022627
94.018578,-0.663528,-0.106000,0.078670,-0.463859,-0.088457,0.200438,0.075000,0.022366
94.051507,-0.660588,-0.105768,0.079927,-0.456549,-0.087484,0.204857,0.075000,0.023047
94.084800,-0.657643,-0.105531,0.080579,-0.456549,-0.087484,0.201903,0.075000,0.022103
94.118426,-0.656104,-0.105407,0.080795,-0.456549,-0.087484,0.200359,0.075000,0.021907
94.151939,-0.653069,-0.105161,0.081369,-0.449230,-0.086503,0.204691,0.075000,0.024201
94.184797,-0.650154,-0.104922,0.082782,-0.449230,-0.086503,0.201766,0.075000,0.021395
94.218588,-0.648688,-0.104800,0.083160,-0.449230,-0.086503,0.200295,0.075000,0.020764
94.251504,-0.645707,-0.104551,0.084288,-0.441904,-0.085515,0.204690,0.075000,0.021615
94.284806,-0.642724,-0.104299,0.084580,-0.441904,-0.085515,0.201696,0.075000,0.021533
94.318623,-0.641240,-0.104173,0.084580,-0.441904,-0.085515,0.200207,0.075000,0.021854
94.351953,-0.638222,-0.103917,0.085066,-0.434570,-0.084519,0.204574,0.075000,0.024197
94.384807,-0.635297,-0.103667,0.085723,-0.434570,-0.084519,0.201638,0.075000,0.023275
94.418613,-0.633841,-0.103542,0.086317,-0.434570,-0.084519,0.200177,0.075000,0.022132
94.451996,-0.630962,-0.103293,0.086976,-0.427229,-0.083515,0.204691,0.075000,0.023928
94.484806,-0.627961,-0.103031,0.087297,-0.427229,-0.083515,0.201679,0.075000,0.023852
94.518373,-0.626445,-0.102898,0.087513,-0.427229,-0.083515,0.200158,0.075000,0.023675
94.551886,-0.623455,-0.102636,0.088296,-0.419880,-0.082505,0.204569,0.075000,0.025102
94.585148,-0.620486,-0.102372,0.089641,-0.419880,-0.082505,0.201588,0.075000,0.022506
94.618430,-0.619027,-0.102241,0.090533,-0.419880,-0.082505,0.200123,0.075000,0.020609
94.651555,-0.616025,-0.101968,0.091507,-0.412524,-0.081487,0.204529,0.075000,0.021502
94.685258,-0.614266,-0.101806,0.091818,-0.412524,-0.081487,0.202763,0.075000,0.021111
94.718694,-0.611597,-0.101560,0.093255,-0.412524,-0.081487,0.200083,0.075000,0.018076
94.751560,-0.608597,-0.101279,0.094330,-0.405161,-0.080463,0.204499,0.075000,0.018663
94.785412,-0.607123,-0.101139,0.094574,-0.405161,-0.080463,0.203018,0.075000,0.018337
94.818655,-0.605451,-0.100980,0.095041,-0.405161,-0.080463,0.201339,0.075000,0.017485
94.851658,-0.605451,-0.100980,0.095041,-0.405161,-0.080463,0.201339,0.075000,0.017485
94.884890,-0.605451,-0.100980,0.095041,-0.405161,-0.080463,0.201339,0.075000,0.017485
94.918075,-0.596444,-0.100110,0.098060,-0.390415,-0.078396,0.207171,0.075000,0.016765
94.951965,-0.593586,-0.099829,0.098069,-0.390415,-0.078396,0.204299,0.075000,0.017221
94.984853,-0.590539,-0.099528,0.099042,-0.390415,-0.078396,0.201237,0.075000,0.015316
95.018350,-0.589019,-0.099377,0.099069,-0.383032,-0.077353,0.207161,0.075000,0.017975
95.051904,-0.586169,-0.099093,0.100177,-0.383032,-0.077353,0.204297,0.075000,0.015763
95.084978,-0.583114,-0.098786,0.100310,-0.383032,-0.077353,0.201226,0.075000,0.015914
95.118781,-0.581671,-0.098640,0.101114,-0.375644,-0.076304,0.207234,0.075000,0.016600
95.151823,-0.578687,-0.098337,0.101943,-0.375644,-0.076304,0.204236,0.075000,0.015058
95.184861,-0.575692,-0.098031,0.102496,-0.375644,-0.076304,0.201224,0.075000,0.014135
95.218587,-0.574233,-0.097881,0.103197,-0.368250,-0.075249,0.207223,0.075000,0.015041
95.251973,-0.571259,-0.097571,0.104736,-0.368250,-0.075249,0.204233,0.075000,0.011706
95.285000,-0.568299,-0.097260,0.105276,-0.368250,-0.075249,0.201257,0.075000,0.010708
95.318571,-0.566797,-0.097101,0.105141,-0.360850,-0.074189,0.207218,0.075000,0.013647
95.351571,-0.563726,-0.096777,0.105227,-0.360850,-0.074189,0.204130,0.075000,0.013852
95.385330,-0.562087,-0.096604,0.106098,-0.360850,-0.074189,0.202481,0.075000,0.011928
95.418585,-0.559297,-0.096307,0.106510,-0.353445,-0.073124,0.207154,0.075000,0.013605
95.451462,-0.556302,-0.095986,0.107212,-0.353445,-0.073124,0.204142,0.075000,0.012284
95.485259,-0.554515,-0.095794,0.107461,-0.353445,-0.073124,0.202344,0.075000,0.011888
95.518638,-0.551806,-0.095501,0.108580,-0.346034,-0.072054,0.207104,0.075000,0.011776
95.551930,-0.548780,-0.095171,0.108885,-0.346034,-0.072054,0.204060,0.075000,0.011380
95.585269,-0.546994,-0.094975,0.109197,-0.346034,-0.072054,0.202262,0.075000,0.010811
95.618563,-0.544223,-0.094671,0.109600,-0.338619,-0.070979,0.206965,0.075000,0.012390
95.651918,-0.541335,-0.094353,0.110557,-0.338619,-0.070979,0.204059,0.075000,0.010392
95.685000,-0.539659,-0.094167,0.110837,-0.338619,-0.070979,0.202373,0.075000,0.009874
95.718335,-0.536610,-0.093827,0.111508,-0.331199,-0.069899,0.206800,0.075000,0.010774
95.751863,-0.534778,-0.093622,0.111347,-0.331199,-0.069899,0.204956,0.075000,0.011362
95.785256,-0.532353,-0.093351,0.111844,-0.331199,-0.069899,0.202517,0.075000,0.010411
95.818298,-0.530809,-0.093177,0.111709,-0.331199,-0.069899,0.200963,0.075000,0.010908
95.851449,-0.530809,-0.093177,0.111709,-0.331199,-0.069899,0.200963,0.075000,0.010908
95.884949,-0.523555,-0.092365,0.111277,-0.323775,-0.068815,0.201163,0.075000,0.015059
95.918613,-0.521937,-0.092184,0.111277,-0.316346,-0.067727,0.207041,0.075000,0.017207
95.951863,-0.519213,-0.091879,0.111803,-0.316346,-0.067727,0.204300,0.075000,0.016382
95.984797,-0.516196,-0.091540,0.112862,-0.316346,-0.067727,0.201264,0.075000,0.014243
96.018553,-0.514687,-0.091369,0.113727,-0.308913,-0.066635,0.207255,0.075000,0.014232
96.051853,-0.511507,-0.091005,0.114597,-0.308913,-0.066635,0.204055,0.075000,0.012543
96.085096,-0.508453,-0.090653,0.116467,-0.308913,-0.066635,0.200980,0.075000,0.008262
96.118750,-0.506928,-0.090474,0.116980,-0.301477,-0.065539,0.206959,0.075000,0.009169
96.151913,-0.503925,-0.090121,0.117609,-0.301477,-0.065539,0.203935,0.075000,0.007895
96.184802,-0.500825,-0.089754,0.117773,-0.301477,-0.065539,0.200814,0.075000,0.007731
96.218665,-0.499304,-0.089574,0.118044,-0.294036,-0.064440,0.206800,0.075000,0.009179
96.251949,-0.496390,-0.089229,0.118296,-0.294036,-0.064440,0.203867,0.075000,0.008824
96.284827,-0.493441,-0.088878,0.118984,-0.294036,-0.064440,0.200896,0.075000,0.007369
96.318628,-0.491942,-0.088698,0.119335,-0.286593,-0.063338,0.206909,0.075000,0.008563
96.351977,-0.489010,-0.088347,0.119877,-0.286593,-0.063338,0.203956,0.075000,0.007483
96.384808,-0.486007,-0.087985,0.119730,-0.286593,-0.063338,0.200931,0.075000,0.008077
96.418548,-0.484488,-0.087802,0.119703,-0.279146,-0.062232,0.206928,0.075000,0.010111
96.451770,-0.481499,-0.087442,0.120263,-0.279146,-0.062232,0.203917,0.075000,0.009036
96.484823,-0.478595,-0.087091,0.120604,-0.279146,-0.062232,0.200992,0.075000,0.008447
96.518665,-0.477082,-0.086908,0.120333,-0.271697,-0.061124,0.206997,0.075000,0.011001
96.551763,-0.474235,-0.086563,0.121190,-0.271697,-0.061124,0.204130,0.075000,0.009206
96.584808,-0.471238,-0.086197,0.121587,-0.271697,-0.061124,0.201110,0.075000,0.008491
96.618477,-0.469699,-0.086009,0.121372,-0.264245,-0.060012,0.207093,0.075000,0.010848
96.651884,-0.466747,-0.085649,0.121175,-0.264245,-0.060012,0.204119,0.075000,0.011650
96.684800,-0.463685,-0.085276,0.121230,-0.264245,-0.060012,0.201034,0.075000,0.011870
96.718658,-0.462129,-0.085087,0.121149,-0.256790,-0.058899,0.207002,0.075000,0.013770
96.751648,-0.459209,-0.084731,0.121894,-0.256790,-0.058899,0.204060,0.075000,0.012341
96.785211,-0.459209,-0.084731,0.121894,-0.256790,-0.058899,0.204060,0.075000,0.012341
96.818510,-0.456151,-0.084356,0.122075,-0.256790,-0.058899,0.200980,0.075000,0.012269
96.851819,-0.456151,-0.084356,0.122075,-0.256790,-0.058899,0.200980,0.075000,0.012269
96.884791,-0.448685,-0.083439,0.122684,-0.249333,-0.057783,0.200996,0.075000,0.013198
96.918692,-0.447225,-0.083259,0.123145,-0.241874,-0.056666,0.207066,0.075000,0.013613
96.951891,-0.444173,-0.082880,0.123253,-0.241874,-0.056666,0.203990,0.075000,0.013755
96.985104,-0.442424,-0.082664,0.123471,-0.241874,-0.056666,0.202229,0.075000,0.013458
97.018530,-0.439723,-0.082328,0.123812,-0.234413,-0.055546,0.207049,0.075000,0.014249
97.051813,-0.436722,-0.081954,0.124083,-0.234413,-0.055546,0.204025,0.075000,0.014007
97.084798,-0.433797,-0.081589,0.125016,-0.234413,-0.055546,0.201077,0.075000,0.012095
97.118573,-0.432346,-0.081407,0.125477,-0.226951,-0.054425,0.207159,0.075000,0.012400
97.151652,-0.429162,-0.081005,0.125805,-0.226951,-0.054425,0.203951,0.075000,0.011986
97.185228,-0.427640,-0.080812,0.125941,-0.226951,-0.054425,0.202416,0.075000,0.011833
97.218426,-0.424874,-0.080462,0.126274,-0.219487,-0.053303,0.207175,0.075000,0.012535
97.251930,-0.421937,-0.080088,0.126790,-0.219487,-0.053303,0.204214,0.075000,0.011630
97.285157,-0.420244,-0.079872,0.126822,-0.219487,-0.053303,0.202507,0.075000,0.011751
97.318619,-0.417465,-0.079518,0.127113,-0.212022,-0.052180,0.207254,0.075000,0.012492
97.351720,-0.414207,-0.079101,0.127524,-0.212022,-0.052180,0.203969,0.075000,0.011884
97.385227,-0.412779,-0.078918,0.127713,-0.212022,-0.052180,0.202530,0.075000,0.011585
97.418475,-0.410134,-0.078578,0.128299,-0.204557,-0.051056,0.207411,0.075000,0.011541
97.451832,-0.407109,-0.078188,0.127867,-0.204557,-0.051056,0.204362,0.075000,0.012949
97.484811,-0.404149,-0.077807,0.128507,-0.204557,-0.051056,0.201377,0.075000,0.011743
97.518681,-0.402705,-0.077621,0.128857,-0.197090,-0.049931,0.207471,0.075000,0.012062
97.551962,-0.399654,-0.077225,0.129200,-0.197090,-0.049931,0.204395,0.075000,0.011588
97.585169,-0.397909,-0.076998,0.129417,-0.197090,-0.049931,0.202634,0.075000,0.011253
97.618441,-0.395243,-0.076651,0.130197,-0.189623,-0.048805,0.207497,0.075000,0.010615
97.651859,-0.392231,-0.076256,0.130601,-0.189623,-0.048805,0.204459,0.075000,0.009943
97.684808,-0.389303,-0.075871,0.131432,-0.189623,-0.048805,0.201506,0.075000,0.008171
97.718633,-0.387793,-0.075672,0.131675,-0.189623,-0.048805,0.199982,0.075000,0.007687
97.751732,-0.384767,-0.075271,0.130828,-0.189623,-0.048805,0.196930,0.075000,0.010084
97.785319,-0.382703,-0.075000,0.130901,-0.189623,-0.048805,0.194849,0.075000,0.010113
97.818420,-0.381716,-0.074870,0.130989,-0.189623,-0.048805,0.193852,0.075000,0.009990
97.851955,-0.381716,-0.074870,0.130989,-0.189623,-0.048805,0.193852,0.075000,0.009990
97.885064,-0.374292,-0.073888,0.132045,-0.189623,-0.048805,0.186364,0.075000,0.007918
97.918701,-0.372824,-0.073692,0.132505,-0.189623,-0.048805,0.184883,0.075000,0.006802
97.951942,-0.369920,-0.073305,0.133678,-0.189623,-0.048805,0.181954,0.075000,0.003785
97.985092,-0.366951,-0.072905,0.133532,-0.189623,-0.048805,0.178958,0.075000,0.004322
98.018550,-0.365493,-0.072710,0.133883,-0.189623,-0.048805,0.177486,0.075000,0.003404
98.051761,-0.362528,-0.072310,0.134182,-0.189623,-0.048805,0.174495,0.075000,0.002663
98.085147,-0.359432,-0.071892,0.134129,-0.189623,-0.048805,0.171371,0.075000,0.002913
98.118561,-0.357978,-0.071696,0.134481,-0.189623,-0.048805,0.169903,0.075000,0.001928
98.151506,-0.354947,-0.071286,0.134533,-0.189623,-0.048805,0.166845,0.075000,0.001845
98.185249,-0.351964,-0.070881,0.135059,-0.189623,-0.048805,0.163834,0.075000,0.000301
98.218597,-0.350476,-0.070679,0.135248,-0.189623,-0.048805,0.162333,0.075000,-0.000277
98.251965,-0.347637,-0.070293,0.136080,-0.189623,-0.048805,0.159468,0.075000,-0.002907
98.284821,-0.344792,-0.069902,0.136553,-0.189623,-0.048805,0.156597,0.075000,-0.004537
98.318549,-0.343302,-0.069698,0.136526,-0.189623,-0.048805,0.155093,0.075000,-0.004538
98.351894,-0.340254,-0.069279,0.135596,-0.189623,-0.048805,0.152016,0.075000,-0.001653
98.384799,-0.337171,-0.068859,0.135093,-0.189623,-0.048805,0.148904,0.075000,-0.000028
98.418594,-0.335692,-0.068658,0.135336,-0.189623,-0.048805,0.147412,0.075000,-0.000852
98.451741,-0.332727,-0.068254,0.136262,-0.189623,-0.048805,0.144419,0.075000,-0.004106
98.484984,-0.329711,-0.067840,0.135857,-0.189623,-0.048805,0.141375,0.075000,-0.002845
98.518503,-0.328202,-0.067634,0.135884,-0.189623,-0.048805,0.139852,0.075000,-0.003005
98.551949,-0.325252,-0.067230,0.136774,-0.189623,-0.048805,0.136874,0.075000,-0.006411
98.585138,-0.322238,-0.066815,0.136439,-0.189623,-0.048805,0.133832,0.075000,-0.005447
98.618730,-0.320701,-0.066604,0.136007,-0.189623,-0.048805,0.132281,0.075000,-0.003945
98.651907,-0.317725,-0.066197,0.136007,-0.189623,-0.048805,0.129277,0.075000,-0.004124
98.684806,-0.314674,-0.065780,0.135683,-0.189623,-0.048805,0.126197,0.075000,-0.003043
98.718497,-0.313155,-0.065572,0.135385,-0.189623,-0.048805,0.124665,0.075000,-0.001924
98.751675,-0.310128,-0.065161,0.134656,-0.189623,-0.048805,0.121609,0.075000,0.000994
98.785235,-0.308151,-0.064893,0.134692,-0.189623,-0.048805,0.119614,0.075000,0.000875
98.818566,-0.307200,-0.064764,0.134781,-0.189623,-0.048805,0.118655,0.075000,0.000516
98.858734,-0.305760,-0.064569,0.134969,-0.189623,-0.048805,0.117202,0.075000,-0.000275
98.884993,-0.300045,-0.063798,0.132409,-0.189623,-0.048805,0.111434,0.075000,0.011407
98.918723,-0.298608,-0.063607,0.132463,-0.189623,-0.048805,0.109985,0.075000,0.011463
98.951932,-0.295586,-0.063204,0.132517,-0.189623,-0.048805,0.106936,0.075000,0.011864
98.985136,-0.293807,-0.062967,0.132858,-0.189623,-0.048805,0.105142,0.075000,0.010652
99.018562,-0.290913,-0.062579,0.133689,-0.189623,-0.048805,0.102222,0.075000,0.007176
99.051933,-0.287847,-0.062166,0.135621,-0.189623,-0.048805,0.099129,0.075000,-0.002162
99.085209,-0.284828,-0.061754,0.136391,-0.189623,-0.048805,0.096081,0.075000,-0.006330
99.118562,-0.283285,-0.061542,0.136120,-0.189623,-0.048805,0.094524,0.075000,-0.005109
99.151942,-0.280359,-0.061141,0.136932,-0.189623,-0.048805,0.091570,0.075000,-0.009909
99.185052,-0.277309,-0.060721,0.136560,-0.189623,-0.048805,0.088492,0.075000,-0.008488
99.218559,-0.275809,-0.060515,0.136371,-0.189623,-0.048805,0.086977,0.075000,-0.007699
99.251935,-0.272792,-0.060101,0.135370,-0.189623,-0.048805,0.083932,0.075000,-0.002246
99.285086,-0.269938,-0.059712,0.136233,-0.189623,-0.048805,0.081052,0.075000,-0.007760
99.318339,-0.268503,-0.059516,0.136586,-0.189623,-0.048805,0.079603,0.075000,-0.010260
99.351689,-0.265556,-0.059111,0.136490,-0.189623,-0.048805,0.076628,0.075000,-0.010443
99.384994,-0.262647,-0.058711,0.136589,-0.189623,-0.048805,0.073692,0.075000,-0.011956
99.418365,-0.261125,-0.058502,0.136184,-0.189623,-0.048805,0.072156,0.075000,-0.009663
99.451940,-0.258090,-0.058086,0.135957,-0.189623,-0.048805,0.069093,0.075000,-0.008880
99.484988,-0.255223,-0.057694,0.135711,-0.189623,-0.048805,0.066199,0.075000,-0.007822
99.518549,-0.253762,-0.057494,0.135305,-0.189623,-0.048805,0.064725,0.075000,-0.005046
99.551887,-0.250668,-0.057074,0.133841,-0.189623,-0.048805,0.061602,0.075000,0.006420
99.584987,-0.247653,-0.056668,0.133639,-0.189623,-0.048805,0.058560,0.075000,0.008879
99.618511,-0.246173,-0.056469,0.133342,-0.189623,-0.048805,0.057067,0.075000,0.011952
99.651951,-0.243189,-0.056069,0.133046,-0.189623,-0.048805,0.054056,0.075000,0.016077
99.685331,-0.241501,-0.055843,0.133294,-0.189623,-0.048805,0.052352,0.075000,0.014779
99.718590,-0.238697,-0.055467,0.133644,-0.189623,-0.048805,0.049523,0.075000,0.012882
99.751928,-0.236428,-0.055162,0.133853,-0.189623,-0.048805,0.047234,0.075000,0.011947
99.785360,-0.234063,-0.054843,0.134628,-0.189623,-0.048805,0.044848,0.075000,0.004550
99.818664,-0.234063,-0.054843,0.134628,-0.189623,-0.048805,0.044848,0.075000,0.004550
99.851650,-0.231366,-0.054477,0.135658,-0.189623,-0.048805,0.042126,0.075000,-0.007367
99.885261,-0.226645,-0.053832,0.135816,-0.189623,-0.048805,0.037362,0.075000,-0.011625
99.918552,-0.226645,-0.053832,0.135816,-0.189623,-0.048805,0.037362,0.075000,-0.011625
99.951657,-0.222385,-0.053249,0.136519,-0.189623,-0.048805,0.033062,0.075000,-0.025812
99.985209,-0.218842,-0.052763,0.136080,-0.189623,-0.048805,0.029485,0.075000,-0.024709
100.018515,-0.216409,-0.052430,0.135470,-0.189623,-0.048805,0.027029,0.075000,-0.018056
100.051665,-0.213483,-0.052031,0.135246,-0.189623,-0.048805,0.024077,0.075000,-0.018041
100.085283,-0.211455,-0.051755,0.134193,-0.189623,-0.048805,0.022030,0.075000,0.002359
100.118574,-0.208436,-0.051349,0.132987,-0.189623,-0.048805,0.018984,0.075000,0.036191
100.151933,-0.206008,-0.051024,0.132196,-0.189623,-0.048805,0.016535,0.075000,0.072920
100.185094,-0.202996,-0.050624,0.131976,-0.189623,-0.048805,0.013495,0.075000,0.119081
100.218637,-0.201012,-0.050361,0.132484,-0.189623,-0.048805,0.011494,0.075000,0.142051
100.251676,-0.198545,-0.050032,0.133859,nan,nan,nan,0.000000,0.000000
